line number,source_type,year,customs_region,customs_office,partner,export_import,product,origin,width_in_line,value,value_part_of_bundle,quantity,quantity_unit,value_per_unit,filepath,source,sheet,value_total,value_sub_total_1,value_sub_total_2,value_sub_total_3,data_collector,unverified,remarks,value_minus_unit_val_x_qty,absurd_observation,trade_deficit,trade_surplus,duty_quantity,duty_quantity_unit,duty_by_unit,duty_total,duty_part_of_bundle,duty_remarks
1755,Local,1738,Nantes,,Angleterre,Exports,bazin des indes,,,2310,,60,pieces,"38,5",Nantes -- 1738 --  Exports -- AD44_C706,,1,,,,,,,,0,,,,,,,,,
1756,Local,1738,Nantes,,Angleterre,Exports,caffé des isles,,,9852,,17913,Livre ,"0,55",Nantes -- 1738 --  Exports -- AD44_C706,,1,,,,,,,,"-0,150000000001455",,,,,,,,,
1757,Local,1738,Nantes,,Angleterre,Exports,chataigne,,,"34,8",,58,Boisseaux,"0,6",Nantes -- 1738 --  Exports -- AD44_C706,,1,,,,,,,erreur de calcul sur la valeur notée 63,0,,,,,,,,,
1758,Local,1738,Nantes,,Angleterre,Exports,confitures,,,7,,15,Boisseaux,"0,5",Nantes -- 1738 --  Exports -- AD44_C706,,1,,,,,,,,"-0,5",,,,,,,,,
1759,Local,1738,Nantes,,Angleterre,Exports,chocolas,,,229,,130,livres,"1,75",Nantes -- 1738 --  Exports -- AD44_C706,,1,,,,,,,,"1,5",,,,,,,,,
1760,Local,1738,Nantes,,Angleterre,Exports,chapeaux a negres,,,150,,50,livres,3,Nantes -- 1738 --  Exports -- AD44_C706,,1,,,,,,,,0,,,,,,,,,
1761,Local,1738,Nantes,,Angleterre,Exports,cartes a jouer,,,5,,50,livres,"0,1",Nantes -- 1738 --  Exports -- AD44_C706,,1,,,,,,,,0,,,,,,,,,
1762,Local,1738,Nantes,,Angleterre,Exports,darins,,,1400,,20,piece,70,Nantes -- 1738 --  Exports -- AD44_C706,,1,,,,,,,,0,,,,,,,,,
1763,Local,1738,Nantes,,Angleterre,Exports,eau de vie,,,"214028,75",,"3292,75",bariques,65,Nantes -- 1738 --  Exports -- AD44_C706,,1,,,,,,,erreur sur la valeur notée 213080,0,,,,"3292,75",barique,"3,25",,,
1764,Local,1738,Nantes,,Angleterre,Exports,fayance,,,36,,10,douzaine,"3,75",Nantes -- 1738 --  Exports -- AD44_C706,,1,,,,,,,,"-1,5",,,,,,,,,
1765,Local,1738,Nantes,,Angleterre,Exports,forets,,,1,,2,livres,"0,5",Nantes -- 1738 --  Exports -- AD44_C706,,1,,,,,,,,0,,,,,,,,,
1766,Local,1738,Nantes,,Angleterre,Exports,gourgouran,,,90,,1,piece,90,Nantes -- 1738 --  Exports -- AD44_C706,,1,,,,,,,,0,,,,,,,,,
1767,Local,1738,Nantes,,Angleterre,Exports,huile de morüe,,,20,,108,livres,,Nantes -- 1738 --  Exports -- AD44_C706,,1,,,,,,,le prix est donné à 100 livres le barique ,,,,,,,,,,
1768,Local,1738,Nantes,,Angleterre,Exports,indigo,,,16100,,4600,livres,"3,5",Nantes -- 1738 --  Exports -- AD44_C706,,1,,,,,,,,0,,,,,,,,,
1769,Local,1738,Nantes,,Angleterre,Exports,Merrain ganivelles,,,942,,"14,5",milliers,65,Nantes -- 1738 --  Exports -- AD44_C706,,1,,,,,,,,"-0,5",,,,,,,,,
1770,Local,1738,Nantes,,Angleterre,Exports,pruneaux communs,,,90,,750,livres,"0,12",Nantes -- 1738 --  Exports -- AD44_C706,,1,,,,,,,,0,,,,,,,,,
1771,Local,1738,Nantes,,Angleterre,Exports,Plumes à lit,,,56,,70,livres,"0,8",Nantes -- 1738 --  Exports -- AD44_C706,,1,,,,,,,erreur sur la valeur notée 110,0,,,,,,,,,
1772,Local,1738,Nantes,,Angleterre,Exports,Papiers à écrire,,,4410,,9800,livres,"0,45",Nantes -- 1738 --  Exports -- AD44_C706,,1,,,,,,,,0,,,,,,,,,
1773,Local,1738,Nantes,,Angleterre,Exports,porcelaine,,,950,,190,livres,5,Nantes -- 1738 --  Exports -- AD44_C706,,1,,,,,,,,0,,,,,,,,,
1774,Local,1738,Nantes,,Angleterre,Exports,quincaille,,,50,,25,livres,2,Nantes -- 1738 --  Exports -- AD44_C706,,1,,,,,,,,0,,,,,,,,,
1775,Local,1738,Nantes,,Angleterre,Exports,Sucre en pain,,,953,,1588,livres,"0,6",Nantes -- 1738 --  Exports -- AD44_C706,,1,,,,,,,,"0,200000000000045",,,,,,,,,
1776,Local,1738,Nantes,,Angleterre,Exports,sucre brut,,,8,,50,livres,"0,165",Nantes -- 1738 --  Exports -- AD44_C706,,1,,,,,,,,"-0,25",,,,,,,,,
1777,Local,1738,Nantes,,Angleterre,Exports,Sirop de sucre,,,32,,630,livres,"0,05",Nantes -- 1738 --  Exports -- AD44_C706,,1,,,,,,,,"0,5",,,,,,,,,
1778,Local,1738,Nantes,,Angleterre,Exports,Sel du Croisic,,,3750,,75,muids,50,Nantes -- 1738 --  Exports -- AD44_C706,,1,,,,,,,,0,,,,,,,,,
1778,Local,1738,Nantes,,Angleterre,Exports,Sel du Croisic,,,4410,,98,muids,45,Nantes -- 1738 --  Exports -- AD44_C706,,1,,,,,,,erreur sur la valeur notée 4740,0,,,,,,,,,
1779,Local,1738,Nantes,,Angleterre,Exports,soyerie ,,,40,,1,livre,40,Nantes -- 1738 --  Exports -- AD44_C706,,1,,,,,,,,0,,,,,,,,,
1780,Local,1738,Nantes,,Angleterre,Exports,thé divers,,,5308,,1926,livres,"2,75",Nantes -- 1738 --  Exports -- AD44_C706,,1,,,,,,,,"11,5",,,,,,,,,
1781,Local,1738,Nantes,,Angleterre,Exports,Toile de Bretagne,,,17260,,4315,livres,4,Nantes -- 1738 --  Exports -- AD44_C706,,1,,,,,,,,0,,,,,,,,,
1782,Local,1738,Nantes,,Angleterre,Exports,Vin Nantois,,,1668,,"22,25",tonneaux,75,Nantes -- 1738 --  Exports -- AD44_C706,,1,,,,,,,,"-0,75",,,,"22,5",tonneaux,"2,45",,,
1783,Local,1738,Nantes,,Angleterre,Exports,Vinaigre,,,160,,2,tonneaux,80,Nantes -- 1738 --  Exports -- AD44_C706,,1,,,,,,,,0,,,,2,tonneaux,"2,45",,,
1783,Local,1738,Nantes,,Angleterre,Exports,Vinaigre,,,980,,98,quarts,10,Nantes -- 1738 --  Exports -- AD44_C706,,1,,,,,,,,0,,,,,,,,,
1784,Local,1738,Nantes,,Angleterre,Exports,vin de bordeaux,,,300,,"1,5",tonneaux,200,Nantes -- 1738 --  Exports -- AD44_C706,,1,,,,,,,erreur sur la valeur notée 200,0,,,,,,,,,
1785,Local,1738,Nantes,,Flandre Imperiale,Exports,amandes,,,,,440,livres,"0,3",Nantes -- 1738 --  Exports -- AD44_C706,,1,,,,,,,,,,,,,,,,,
1786,Local,1738,Nantes,,Flandre Imperiale,Exports,anis verts,,,,,490,livres,"0,25",Nantes -- 1738 --  Exports -- AD44_C706,,1,,,,,,,,,,,,,,,,,
1787,Local,1738,Nantes,,Flandre Imperiale,Exports,alibanis,,,,,460,piece,"11,5",Nantes -- 1738 --  Exports -- AD44_C706,,1,,,,,,,,,,,,,,,,,
1788,Local,1738,Nantes,,Flandre Imperiale,Exports,armoisin,,,,,41,piece,"26,5",Nantes -- 1738 --  Exports -- AD44_C706,,1,,,,,,,,,,,,,,,,,
1789,Local,1738,Nantes,,Flandre Imperiale,Exports,bazin des indes,,,,,80,piece,"38,5",Nantes -- 1738 --  Exports -- AD44_C706,,2,,,,,,,,,,,,,,,,,
1790,Local,1738,Nantes,,Flandre Imperiale,Exports,bougie,,,,,25,livres,"1,9",Nantes -- 1738 --  Exports -- AD44_C706,,2,,,,,,,,,,,,,,,,,
1791,Local,1738,Nantes,,Flandre Imperiale,Exports,bois rouge,,,,,20000,livres,"8,125",Nantes -- 1738 --  Exports -- AD44_C706,,2,,,,,,,,,,,,,,,,,
1792,Local,1738,Nantes,,Flandre Imperiale,Exports,confitures,,,,,70,livres,"0,5",Nantes -- 1738 --  Exports -- AD44_C706,,2,,,,,,,,,,,,,,,,,
1793,Local,1738,Nantes,,Flandre Imperiale,Exports,chataignes,,,,,6718,boisseaux,"0,6",Nantes -- 1738 --  Exports -- AD44_C706,,2,,,,,,,,,,,,,,,,,
1794,Local,1738,Nantes,,Flandre Imperiale,Exports,caffe des isles,,,,,43970,livres,"0,5625",Nantes -- 1738 --  Exports -- AD44_C706,,2,,,,,,,,,,,,,,,,,
1795,Local,1738,Nantes,,Flandre Imperiale,Exports,caffe de bourbon,,,,,105179,livres,"0,75",Nantes -- 1738 --  Exports -- AD44_C706,,2,,,,,,,,,,,,,,,,,
1796,Local,1738,Nantes,,Flandre Imperiale,Exports,caffe de moka,,,,,1053,livres,"1,5",Nantes -- 1738 --  Exports -- AD44_C706,,2,,,,,,,,,,,,,,,,,
1797,Local,1738,Nantes,,Flandre Imperiale,Exports,chalbafs,,,,,141,piece,18,Nantes -- 1738 --  Exports -- AD44_C706,,2,,,,,,,,,,,,,,,,,
1798,Local,1738,Nantes,,Flandre Imperiale,Exports,chite,,,,,78,piece,30,Nantes -- 1738 --  Exports -- AD44_C706,,2,,,,,,,,,,,,,,,,,
1799,Local,1738,Nantes,,Flandre Imperiale,Exports,caladaris,,,,,183,piece,25,Nantes -- 1738 --  Exports -- AD44_C706,,2,,,,,,,,,,,,,,,,,
1800,Local,1738,Nantes,,Flandre Imperiale,Exports,chuquelas,,,,,10,piece,30,Nantes -- 1738 --  Exports -- AD44_C706,,2,,,,,,,,,,,,,,,,,
1801,Local,1738,Nantes,,Flandre Imperiale,Exports,Cotonnade,,,,,100,livres,"2,5",Nantes -- 1738 --  Exports -- AD44_C706,,2,,,,,,,,,,,,,,,,,
1802,Local,1738,Nantes,,Flandre Imperiale,Exports,Coton en laine,,,,,88584,livres,"0,9",Nantes -- 1738 --  Exports -- AD44_C706,,2,,,,,,,,,,,,,,,,,
1803,Local,1738,Nantes,,Flandre Imperiale,Exports,Cuirs secs en poil,,,,,1620,en nombre,5,Nantes -- 1738 --  Exports -- AD44_C706,,2,,,,,,,,,,,,,,,,,
1804,Local,1738,Nantes,,Flandre Imperiale,Exports,Chaises de paille,,,,,6,pièces,"1,25",Nantes -- 1738 --  Exports -- AD44_C706,,2,,,,,,,,,,,,,,,,,
1805,Local,1738,Nantes,,Flandre Imperiale,Exports,damas des indes,,,,,104,piece,90,Nantes -- 1738 --  Exports -- AD44_C706,,2,,,,,,,,,,,,,,,,,
1806,Local,1738,Nantes,,Flandre Imperiale,Exports,doreas,,,,,71,piece,56,Nantes -- 1738 --  Exports -- AD44_C706,,2,,,,,,,,,,,,,,,,,
1807,Local,1738,Nantes,,Flandre Imperiale,Exports,eau de vie,,,,,3710,Barique,65,Nantes -- 1738 --  Exports -- AD44_C706,,2,,,,,,,,,,,,3710,barriques,"3,25",,,
1808,Local,1738,Nantes,,Flandre Imperiale,Exports,etamine de laine,,,,,180,aunes,2,Nantes -- 1738 --  Exports -- AD44_C706,,2,,,,,,,,,,,,,,,,,
1809,Local,1738,Nantes,,Flandre Imperiale,Exports,elatchas,,,,,"125,5",piece,27,Nantes -- 1738 --  Exports -- AD44_C706,,2,,,,,,,,,,,,,,,,,
1810,Local,1738,Nantes,,Flandre Imperiale,Exports,fruis cuit,,,,,50,livres,"0,4",Nantes -- 1738 --  Exports -- AD44_C706,,2,,,,,,,,,,,,,,,,,
1811,Local,1738,Nantes,,Flandre Imperiale,Exports,filasse,,,,,50,livres,"0,4",Nantes -- 1738 --  Exports -- AD44_C706,,2,,,,,,,,,,,,,,,,,
1812,Local,1738,Nantes,,Flandre Imperiale,Exports,Figures de platre,,,,,50,en nombre,,Nantes -- 1738 --  Exports -- AD44_C706,,2,,,,,,,valeur unitaire manquante,,,,,,,,,,
1813,Local,1738,Nantes,,Flandre Imperiale,Exports,gourgouran,,,,,48,pièces,90,Nantes -- 1738 --  Exports -- AD44_C706,,2,,,,,,,,,,,,,,,,,
1814,Local,1738,Nantes,,Flandre Imperiale,Exports,guingans,,,,,100,piece,"11,5",Nantes -- 1738 --  Exports -- AD44_C706,,2,,,,,,,,,,,,,,,,,
1815,Local,1738,Nantes,,Flandre Imperiale,Exports,Guinées de Madra,,,,,160,piece,40,Nantes -- 1738 --  Exports -- AD44_C706,,2,,,,,,,,,,,,,,,,,
1816,Local,1738,Nantes,,Flandre Imperiale,Exports,guinée blanche,,,,,30,piece,35,Nantes -- 1738 --  Exports -- AD44_C706,,2,,,,,,,,,,,,,,,,,
1817,Local,1738,Nantes,,Flandre Imperiale,Exports,garas blanc,,,,,280,piece,12,Nantes -- 1738 --  Exports -- AD44_C706,,2,,,,,,,,,,,,,,,,,
1818,Local,1738,Nantes,,Flandre Imperiale,Exports,Gomme Senegal,,,,,1720,livres,"0,35",Nantes -- 1738 --  Exports -- AD44_C706,,2,,,,,,,,,,,,,,,,,
1819,Local,1738,Nantes,,Flandre Imperiale,Exports,Indigo,,,,,8531,livres,"3,5",Nantes -- 1738 --  Exports -- AD44_C706,,2,,,,,,,,,,,,,,,,,
1820,Local,1738,Nantes,,Flandre Imperiale,Exports,miel,,,,,6728,livres,"0,11",Nantes -- 1738 --  Exports -- AD44_C706,,2,,,,,,,,,,,,,,,,,
1821,Local,1738,Nantes,,Flandre Imperiale,Exports,mouchoirs de Ponticheri,,,,,470,piece,18,Nantes -- 1738 --  Exports -- AD44_C706,,2,,,,,,,,,,,,,,,,,
1822,Local,1738,Nantes,,Flandre Imperiale,Exports,Mouchoirs de Bengale,,,,,131,piece,25,Nantes -- 1738 --  Exports -- AD44_C706,,2,,,,,,,,,,,,,,,,,
1823,Local,1738,Nantes,,Flandre Imperiale,Exports,Mouchoirs de Paliacatte,,,,,40,piece,24,Nantes -- 1738 --  Exports -- AD44_C706,,2,,,,,,,,,,,,,,,,,
1824,Local,1738,Nantes,,Flandre Imperiale,Exports,Mouchoirs des Indes,,,,,2,douzaine,25,Nantes -- 1738 --  Exports -- AD44_C706,,2,,,,,,,,,,,,,,,,,
1825,Local,1738,Nantes,,Flandre Imperiale,Exports,Mouchoirs de Rouen,,,,,5,douzaine,9,Nantes -- 1738 --  Exports -- AD44_C706,,2,,,,,,,,,,,,,,,,,
1826,Local,1738,Nantes,,Flandre Imperiale,Exports,Mousseline Brodée,,,,,3,piece,150,Nantes -- 1738 --  Exports -- AD44_C706,,2,,,,,,,,,,,,,,,,,
1827,Local,1738,Nantes,,Flandre Imperiale,Exports,merrain ganivelle ,,,,,6000,douelle,"0,065",Nantes -- 1738 --  Exports -- AD44_C706,,2,,,,,,,,,,,,,,,,,
1828,Local,1738,Nantes,,Flandre Imperiale,Exports,pruneaux de sainte catherine,,,,,1430,livres,"0,15",Nantes -- 1738 --  Exports -- AD44_C706,,2,,,,,,,,,,,,,,,,,
1829,Local,1738,Nantes,,Flandre Imperiale,Exports,pruneaux communs,,,,,480,livres,"0,15",Nantes -- 1738 --  Exports -- AD44_C706,,2,,,,,,,,,,,,,,,,,
1830,Local,1738,Nantes,,Flandre Imperiale,Exports,poivre,,,,,1089,livres,"1,3",Nantes -- 1738 --  Exports -- AD44_C706,,2,,,,,,,,,,,,,,,,,
1831,Local,1738,Nantes,,Flandre Imperiale,Exports,berlin,,,,,54,pièces,52,Nantes -- 1738 --  Exports -- AD44_C706,,2,,,,,,,,,,,,,,,,,
1832,Local,1738,Nantes,,Flandre Imperiale,Exports,pinasse,,,,,200,pièces,18,Nantes -- 1738 --  Exports -- AD44_C706,,2,,,,,,,,,,,,,,,,,
1833,Local,1738,Nantes,,Flandre Imperiale,Exports,porcelaine des indes,,,,,600,livres,5,Nantes -- 1738 --  Exports -- AD44_C706,,2,,,,,,,,,,,,,,,,,
1834,Local,1738,Nantes,,Flandre Imperiale,Exports,saffran,,,,,190,livres,18,Nantes -- 1738 --  Exports -- AD44_C706,,2,,,,,,,,,,,,,,,,,
1835,Local,1738,Nantes,,Flandre Imperiale,Exports,sucre en pain,,,,,19200,livres,"0,6",Nantes -- 1738 --  Exports -- AD44_C706,,2,,,,,,,,,,,,,,,,,
1836,Local,1738,Nantes,,Flandre Imperiale,Exports,sucre terré,,,,,133900,livres,"0,27",Nantes -- 1738 --  Exports -- AD44_C706,,2,,,,,,,,,,,,,,,,,
1837,Local,1738,Nantes,,Flandre Imperiale,Exports,sucre tete de forme,,,,,42700,livres,"0,2",Nantes -- 1738 --  Exports -- AD44_C706,,2,,,,,,,,,,,,,,,,,
1838,Local,1738,Nantes,,Flandre Imperiale,Exports,sucre brut,,,,,474150,livres,"0,1625",Nantes -- 1738 --  Exports -- AD44_C706,,2,,,,,,,,,,,,,,,,,
1839,Local,1738,Nantes,,Flandre Imperiale,Exports,sucre cassonade,,,,,300,livres,"0,33",Nantes -- 1738 --  Exports -- AD44_C706,,2,,,,,,,,,,,,,,,,,
1840,Local,1738,Nantes,,Flandre Imperiale,Exports,sirop de sucre,,,,,1720400,livres,"0,05",Nantes -- 1738 --  Exports -- AD44_C706,,2,,,,,,,,,,,,,,,,,
1841,Local,1738,Nantes,,Flandre Imperiale,Exports,sel,,,,,5,muids,50,Nantes -- 1738 --  Exports -- AD44_C706,,2,,,,,,,,,,,,,,,,,
1842,Local,1738,Nantes,,Flandre Imperiale,Exports,salpetre,,,,,2700,pièces,"0,5",Nantes -- 1738 --  Exports -- AD44_C706,,3,,,,,,,,,,,,,,,,,
1843,Local,1738,Nantes,,Flandre Imperiale,Exports,soyerie ,,,,,"7,75",livres,40,Nantes -- 1738 --  Exports -- AD44_C706,,3,,,,,,,,,,,,,,,,,
1844,Local,1738,Nantes,,Flandre Imperiale,Exports,soucy,,,,,671,piece,30,Nantes -- 1738 --  Exports -- AD44_C706,,3,,,,,,,,,,,,,,,,,
1845,Local,1738,Nantes,,Flandre Imperiale,Exports,salempoury bley,,,,,320,piece,19,Nantes -- 1738 --  Exports -- AD44_C706,,3,,,,,,,,,,,,,,,,,
1846,Local,1738,Nantes,,Flandre Imperiale,Exports,salempoury blanc,,,,,33,piece,17,Nantes -- 1738 --  Exports -- AD44_C706,,3,,,,,,,,,,,,,,,,,
1847,Local,1738,Nantes,,Flandre Imperiale,Exports,thé divers,,,,,118350,livres,"2,75",Nantes -- 1738 --  Exports -- AD44_C706,,3,,,,,,,,,,,,,,,,,
1848,Local,1738,Nantes,,Flandre Imperiale,Exports,terindins,,,,,68,piece,60,Nantes -- 1738 --  Exports -- AD44_C706,,3,,,,,,,,,,,,,,,,,
1849,Local,1738,Nantes,,Flandre Imperiale,Exports,toile peinte,,,,,"153,75",piece,21,Nantes -- 1738 --  Exports -- AD44_C706,,3,,,,,,,,,,,,,,,,,
1850,Local,1738,Nantes,,Flandre Imperiale,Exports,toile de bretagne,,,,,2798,livres,4,Nantes -- 1738 --  Exports -- AD44_C706,,3,,,,,,,,,,,,,,,,,
1851,Local,1738,Nantes,,Flandre Imperiale,Exports,vin d’amons,,,,,"932,75",tonneaux,130,Nantes -- 1738 --  Exports -- AD44_C706,,3,,,,,,,,,,,,"932,75",tonneaux,"2,45",,,
1852,Local,1738,Nantes,,Flandre Imperiale,Exports,vin nantois,,,,,649,tonneaux,75,Nantes -- 1738 --  Exports -- AD44_C706,,3,,,,,,,,,,,,"0,5",tonneau,"2,45",,,
1853,Local,1738,Nantes,,Flandre Imperiale,Exports,vin de bordeaux,,,,,"0,5",tonneau,100,Nantes -- 1738 --  Exports -- AD44_C706,,3,,,,,,,,,,,,"0,5",tonneau,"2,45",,,
1854,Local,1738,Nantes,,Flandre Imperiale,Exports,vin hors,,,,,"0,5",tonneau,100,Nantes -- 1738 --  Exports -- AD44_C706,,3,,,,,,,,,,,,1,tonneau,"2,45",,,
1855,Local,1738,Nantes,,Flandre Imperiale,Exports,vinaigre,,,,,1,tonneaux,85,Nantes -- 1738 --  Exports -- AD44_C706,,3,,,,,,,,,,,,,,,,,
1856,Local,1738,Nantes,,Hollande,Exports,amertis,,,2800,,200,piece,,Nantes -- 1738 --  Exports -- AD44_C706,,3,,,,,,,valeur unitaire manquante,,,,,,,,,,
1857,Local,1738,Nantes,,Hollande,Exports,baffetas blanc,,,24038,,1717,piece,14,Nantes -- 1738 --  Exports -- AD44_C706,,3,,,,,,,,0,,,,,,,,,
1858,Local,1738,Nantes,,Hollande,Exports,baffetas foulas,,,42,,3,piece,14,Nantes -- 1738 --  Exports -- AD44_C706,,3,,,,,,,,0,,,,,,,,,
1859,Local,1738,Nantes,,Hollande,Exports,bazin,,,1617,,42,piece,"38,5",Nantes -- 1738 --  Exports -- AD44_C706,,3,,,,,,,,0,,,,,,,,,
1860,Local,1738,Nantes,,Hollande,Exports,bonnets piqués,,,60,,12,en nombre,5,Nantes -- 1738 --  Exports -- AD44_C706,,3,,,,,,,,0,,,,,,,,,
1861,Local,1738,Nantes,,Hollande,Exports,Bois rouge,,,81516,,339650,livres,"0,24",Nantes -- 1738 --  Exports -- AD44_C706,,3,,,,,,,,0,,,,,,,,,
1862,Local,1738,Nantes,,Hollande,Exports,Bois de Sapan,,,2800,,10000,livres,"0,28",Nantes -- 1738 --  Exports -- AD44_C706,,3,,,,,,,,0,,,,,,,,,
1863,Local,1738,Nantes,,Hollande,Exports,confitures,,,13,,27,livres,"0,5",Nantes -- 1738 --  Exports -- AD44_C706,,3,,,,,,,,"-0,5",,,,,,,,,
1864,Local,1738,Nantes,,Hollande,Exports,Chataignes,,,528,,880,Boisseaux,"0,6",Nantes -- 1738 --  Exports -- AD44_C706,,3,,,,,,,erreur de calcul sur la valeur notée 56,0,,,,,,,,,
1865,Local,1738,Nantes,,Hollande,Exports,caffé des isles,,,181310,,322330,livres,"0,5625",Nantes -- 1738 --  Exports -- AD44_C706,,3,,,,,,,,"-0,625",,,,,,,,,
1866,Local,1738,Nantes,,Hollande,Exports,Caffé de Moka,,,47160,,31440,livres,"1,5",Nantes -- 1738 --  Exports -- AD44_C706,,3,,,,,,,,0,,,,,,,,,
1867,Local,1738,Nantes,,Hollande,Exports,caffé de bourbon,,,122850,,163800,livres,"0,75",Nantes -- 1738 --  Exports -- AD44_C706,,3,,,,,,,,0,,,,,,,,,
1868,Local,1738,Nantes,,Hollande,Exports,camelos,,,744,,6,piece,124,Nantes -- 1738 --  Exports -- AD44_C706,,3,,,,,,,,0,,,,,,,,,
1869,Local,1738,Nantes,,Hollande,Exports,Caladaris,,,9072,,378,piece,24,Nantes -- 1738 --  Exports -- AD44_C706,,3,,,,,,,erreur sur la valeur notée 7072,0,,,,,,,,,
1870,Local,1738,Nantes,,Hollande,Exports,Chittes,,,2250,,75,piece,30,Nantes -- 1738 --  Exports -- AD44_C706,,3,,,,,,,,0,,,,,,,,,
1871,Local,1738,Nantes,,Hollande,Exports,casse,,,25600,,640,piece,40,Nantes -- 1738 --  Exports -- AD44_C706,,3,,,,,,,,0,,,,,,,,,
1872,Local,1738,Nantes,,Hollande,Exports,cauris,,,3040,,2533,livres,"1,2",Nantes -- 1738 --  Exports -- AD44_C706,,3,,,,,,,,"0,400000000000091",,,,,,,,,
1873,Local,1738,Nantes,,Hollande,Exports,cotton en laine,,,40491,,44990,livres,"0,9",Nantes -- 1738 --  Exports -- AD44_C706,,3,,,,,,,,0,,,,,,,,,
1874,Local,1738,Nantes,,Hollande,Exports,Damas des Indes,,,22140,,246,piece,90,Nantes -- 1738 --  Exports -- AD44_C706,,3,,,,,,,,0,,,,,,,,,
1875,Local,1738,Nantes,,Hollande,Exports,doreas,,,112,,2,piece,56,Nantes -- 1738 --  Exports -- AD44_C706,,3,,,,,,,,0,,,,,,,,,
1876,Local,1738,Nantes,,Hollande,Exports,doutis,,,3160,,158,piece,20,Nantes -- 1738 --  Exports -- AD44_C706,,3,,,,,,,,0,,,,,,,,,
1877,Local,1738,Nantes,,Hollande,Exports,Eau de Vie,,,63245,,973,Bariques,65,Nantes -- 1738 --  Exports -- AD44_C706,,3,,,,,,,,0,,,,973,barriques,"3,25",,,
1878,Local,1738,Nantes,,Hollande,Exports,Eau minerale,,,600,,600,livres,1,Nantes -- 1738 --  Exports -- AD44_C706,,3,,,,,,,,0,,,,,,,,,
1879,Local,1738,Nantes,,Hollande,Exports,esquine,,,1500,,1500,livres,1,Nantes -- 1738 --  Exports -- AD44_C706,,3,,,,,,,,0,,,,,,,,,
1880,Local,1738,Nantes,,Hollande,Exports,fruis cuis,,,24,,60,livres,"0,4",Nantes -- 1738 --  Exports -- AD44_C706,,3,,,,,,,,0,,,,,,,,,
1881,Local,1738,Nantes,,Hollande,Exports,gingembre,,,3105,,20700,livres,"0,15",Nantes -- 1738 --  Exports -- AD44_C706,,3,,,,,,,,0,,,,,,,,,
1882,Local,1738,Nantes,,Hollande,Exports,galbanum,,,5059,,2108,livres,"2,4",Nantes -- 1738 --  Exports -- AD44_C706,,3,,,,,,,,"-0,199999999999818",,,,,,,,,
1883,Local,1738,Nantes,,Hollande,Exports,galanga,,,12800,,16000,livres,"0,8",Nantes -- 1738 --  Exports -- AD44_C706,,3,,,,,,,,0,,,,,,,,,
1884,Local,1738,Nantes,,Hollande,Exports,Gomme Senegal,,,"125291,25",,357975,livres,"0,35",Nantes -- 1738 --  Exports -- AD44_C706,,3,,,,,,,erreur sur la valeur notée 19290,0,,,,,,,,,
1885,Local,1738,Nantes,,Hollande,Exports,grisette soye et cotton,,,647874,,195,piece,,Nantes -- 1738 --  Exports -- AD44_C706,,4,,,,,,,valeur unitaire manquante,,,,,,,,,,
1886,Local,1738,Nantes,,Hollande,Exports,gourgouran,,,40860,,454,piece,90,Nantes -- 1738 --  Exports -- AD44_C706,,4,,,,,,,,0,,,,,,,,,
1887,Local,1738,Nantes,,Hollande,Exports,galas blanc,,,42900,,3575,piece,12,Nantes -- 1738 --  Exports -- AD44_C706,,4,,,,,,,,0,,,,,,,,,
1888,Local,1738,Nantes,,Hollande,Exports,guinée blanche,,,458150,,13090,piece,35,Nantes -- 1738 --  Exports -- AD44_C706,,4,,,,,,,,0,,,,,,,,,
1889,Local,1738,Nantes,,Hollande,Exports,huile d’olive,,,340,,567,livres,"0,6",Nantes -- 1738 --  Exports -- AD44_C706,,4,,,,,,,,"-0,199999999999989",,,,,,,,,
1890,Local,1738,Nantes,,Hollande,Exports,hamans,,,3200,,80,piece,40,Nantes -- 1738 --  Exports -- AD44_C706,,4,,,,,,,,0,,,,,,,,,
1891,Local,1738,Nantes,,Hollande,Exports,ipecacuana,,,720,,120,livres,6,Nantes -- 1738 --  Exports -- AD44_C706,,4,,,,,,,,0,,,,,,,,,
1892,Local,1738,Nantes,,Hollande,Exports,indigo,,,247800,,70800,livres,"3,5",Nantes -- 1738 --  Exports -- AD44_C706,,4,,,,,,,,0,,,,,,,,,
1893,Local,1738,Nantes,,Hollande,Exports,jamavar,,,2100,,30,piece,70,Nantes -- 1738 --  Exports -- AD44_C706,,4,,,,,,,,0,,,,,,,,,
1894,Local,1738,Nantes,,Hollande,Exports,lustrine,,,120,,3,piece,,Nantes -- 1738 --  Exports -- AD44_C706,,4,,,,,,,valeur unitaire manquante,,,,,,,,,,
1895,Local,1738,Nantes,,Hollande,Exports,lampas,,,5120,,32,pièces,160,Nantes -- 1738 --  Exports -- AD44_C706,,4,,,,,,,,0,,,,,,,,,
1896,,,Nantes,,Hollande,Exports,laine d´Espagne,,,2250,,1500,livres,"1,5",,,4,,,,,,,,0,,,,,,,,,
1897,Local,1738,Nantes,,Hollande,Exports,Miel,,,12640,,114900,livres,"0,11",Nantes -- 1738 --  Exports -- AD44_C706,,4,,,,,,,,1,,,,,,,,,
1898,Local,1738,Nantes,,Hollande,Exports,mouchoirs mazulipatan,,,2600,,100,piece,26,Nantes -- 1738 --  Exports -- AD44_C706,,4,,,,,,,erreur sur la valeur notée 1600,0,,,,,,,,,
1899,Local,1738,Nantes,,Hollande,Exports,mouchoirs de Pontichery,,,2313,,128,piece,18,Nantes -- 1738 --  Exports -- AD44_C706,,4,,,,,,,,9,,,,,,,,,
1900,Local,1738,Nantes,,Hollande,Exports,malemolle,,,2250,,50,piece,45,Nantes -- 1738 --  Exports -- AD44_C706,,4,,,,,,,,0,,,,,,,,,
1901,Local,1738,Nantes,,Hollande,Exports,Manchettes Brodées,,,72,,6,paire,12,Nantes -- 1738 --  Exports -- AD44_C706,,4,,,,,,,,0,,,,,,,,,
1902,Local,1738,Nantes,,Hollande,Exports,mansonque assara,,,10800,,90,piece,120,Nantes -- 1738 --  Exports -- AD44_C706,,4,,,,,,,,0,,,,,,,,,
1903,Local,1738,Nantes,,Hollande,Exports,ocre,,,300,,50,Barqiue,6,Nantes -- 1738 --  Exports -- AD44_C706,,4,,,,,,,,0,,,,,,,,,
1904,Local,1738,Nantes,,Hollande,Exports,pruneaux de sainte catherine,,,1188,,2970,livres,"0,4",Nantes -- 1738 --  Exports -- AD44_C706,,4,,,,,,,,0,,,,,,,,,
1905,Local,1738,Nantes,,Hollande,Exports,pruneaux d’amons,,,"12940,5",,86270,livres,"0,15",Nantes -- 1738 --  Exports -- AD44_C706,,4,,,,,,,erreur sur la valeur notée 12840,0,,,,,,,,,
1906,Local,1738,Nantes,,Hollande,Exports,pruneaux communs,,,628,,4189,livres,"0,15",Nantes -- 1738 --  Exports -- AD44_C706,,4,,,,,,,,"-0,350000000000023",,,,,,,,,
1907,Local,1738,Nantes,,Hollande,Exports,pinasse,,,396,,"22,5",piece,18,Nantes -- 1738 --  Exports -- AD44_C706,,4,,,,,,,,-9,,,,,,,,,
1908,Local,1738,Nantes,,Hollande,Exports,patissoye,,,20570,,187,piece,110,Nantes -- 1738 --  Exports -- AD44_C706,,4,,,,,,,erreur sur la valeur notée 20070,0,,,,,,,,,
1909,Local,1738,Nantes,,Hollande,Exports,pekin,,,11388,,219,piece,52,Nantes -- 1738 --  Exports -- AD44_C706,,4,,,,,,,,0,,,,,,,,,
1910,Local,1738,Nantes,,Hollande,Exports,papier à ecrire,,,3822,,1700,rames,"2,25",Nantes -- 1738 --  Exports -- AD44_C706,,4,,,,,,,,-3,,,,,,,,,
1911,Local,1738,Nantes,,Hollande,Exports,porcelaine des indes,,,57000,,11400,livres,5,Nantes -- 1738 --  Exports -- AD44_C706,,4,,,,,,,,0,,,,,,,,,
1912,Local,1738,Nantes,,Hollande,Exports,pierres a fusil,,,7,,1912,milliers,"0,0035",Nantes -- 1738 --  Exports -- AD44_C706,,4,,,,,,,,"0,308",,,,,,,,,
1913,Local,1738,Nantes,,Hollande,Exports,sel de Bourgneuf,,,4864,,76,charge,64,Nantes -- 1738 --  Exports -- AD44_C706,,4,,,,,,,,0,,,,,,,,,
1913,Local,1738,Nantes,,Hollande,Exports,sel de Bourgneuf,,,8120,,140,charge,58,Nantes -- 1738 --  Exports -- AD44_C706,,4,,,,,,,,0,,,,,,,,,
1913,Local,1738,Nantes,,Hollande,Exports,sel de Bourgneuf,,,38500,,700,charge,55,Nantes -- 1738 --  Exports -- AD44_C706,,4,,,,,,,,0,,,,,,,,,
1913,Local,1738,Nantes,,Hollande,Exports,sel de Bourgneuf,,,3328,,64,charge,52,Nantes -- 1738 --  Exports -- AD44_C706,,4,,,,,,,,0,,,,,,,,,
1913,Local,1738,Nantes,,Hollande,Exports,sel de Bourgneuf,,,56150,,"1123,5",charge,50,Nantes -- 1738 --  Exports -- AD44_C706,,4,,,,,,,,-25,,,,,,,,,
1913,Local,1738,Nantes,,Hollande,Exports,sel de Bourgneuf,,,5625,,125,charge,45,Nantes -- 1738 --  Exports -- AD44_C706,,4,,,,,,,erreur sur la valeur notée 510,0,,,,,,,,,
1914,Local,1738,Nantes,,Hollande,Exports,sel du croisic,,,32150,,643,muids,50,Nantes -- 1738 --  Exports -- AD44_C706,,4,,,,,,,,0,,,,,,,,,
1914,Local,1738,Nantes,,Hollande,Exports,sel du croisic,,,21300,,534,muids,40,Nantes -- 1738 --  Exports -- AD44_C706,,4,,,,,,,,-60,,,,,,,,,
1914,Local,1738,Nantes,,Hollande,Exports,sel du croisic,,,9200,,230,muids,40,Nantes -- 1738 --  Exports -- AD44_C706,,4,,,,,,,,0,,,,,,,,,
1915,Local,1738,Nantes,,Hollande,Exports,sucre blanc,,,39897,,120900,livres,"0,33",Nantes -- 1738 --  Exports -- AD44_C706,,4,,,,,,,,0,,,,,,,,,
1916,Local,1738,Nantes,,Hollande,Exports,sucre terré,,,581672,,2154350,livres,"0,27",Nantes -- 1738 --  Exports -- AD44_C706,,4,,,,,,,erreur sur la valeur notée 39841,"-2,5",,,,,,,,,
1917,Local,1738,Nantes,,Hollande,Exports,sucre teste,,,36450,,182250,livres,"0,2",Nantes -- 1738 --  Exports -- AD44_C706,,4,,,,,,,,0,,,,,,,,,
1918,Local,1738,Nantes,,Hollande,Exports,sucre brut,,,1058655,,6514800,livres,"0,1625",Nantes -- 1738 --  Exports -- AD44_C706,,4,,,,,,,erreur sur la valeur notée 1058905,0,,,,,,,,,
1919,Local,1738,Nantes,,Hollande,Exports,sirop de sucre,,,2725,,54500,livres,"0,05",Nantes -- 1738 --  Exports -- AD44_C706,,4,,,,,,,,0,,,,,,,,,
1920,Local,1738,Nantes,,Hollande,Exports,salempouris blancs,,,82212,,4836,piece,17,Nantes -- 1738 --  Exports -- AD44_C706,,4,,,,,,,,0,,,,,,,,,
1921,Local,1738,Nantes,,Hollande,Exports,salempouris bleu,,,2400,,120,piece,20,Nantes -- 1738 --  Exports -- AD44_C706,,4,,,,,,,,0,,,,,,,,,
1922,Local,1738,Nantes,,Hollande,Exports,soucy,,,1600,,40,piece,40,Nantes -- 1738 --  Exports -- AD44_C706,,4,,,,,,,,0,,,,,,,,,
1923,Local,1738,Nantes,,Hollande,Exports,Satin,,,5500,,55,pièces,100,Nantes -- 1738 --  Exports -- AD44_C706,,4,,,,,,,,0,,,,,,,,,
1924,Local,1738,Nantes,,Hollande,Exports,stinkerque,,,90,,"8,5",pièces,11,Nantes -- 1738 --  Exports -- AD44_C706,,4,,,,,,,,"-3,5",,,,,,,,,
1925,Local,1738,Nantes,,Hollande,Exports,soye nankin,,,5130,,171,livres,30,Nantes -- 1738 --  Exports -- AD44_C706,,4,,,,,,,"paraît très cher, devrait plutôt être 15 livres la livre ; erreur sur la valeur notée 251 ; doute sur les quantités",0,,,,,,,,,
1926,Local,1738,Nantes,,Hollande,Exports,thé divers,,,429108,,143036,livres,3,Nantes -- 1738 --  Exports -- AD44_C706,,5,,,,,,,,0,,,,,,,,,
1927,Local,1738,Nantes,,Hollande,Exports,thé verd ,,,18980,,3796,livres,5,Nantes -- 1738 --  Exports -- AD44_C706,,5,,,,,,,,0,,,,,,,,,
1928,Local,1738,Nantes,,Hollande,Exports,tabac en poudre,,,24990,,83350,livres,"0,3",Nantes -- 1738 --  Exports -- AD44_C706,,5,,,,,,,,-15,,,,,,,,,
1929,Local,1738,Nantes,,Hollande,Exports,tabac de la havanne,,,16935,,56450,livres,"0,3",Nantes -- 1738 --  Exports -- AD44_C706,,5,,,,,,,,0,,,,,,,,,
1930,Local,1738,Nantes,,Hollande,Exports,toile de bretagne,,,3800,,950,livres,4,Nantes -- 1738 --  Exports -- AD44_C706,,5,,,,,,,,0,,,,,,,,,
1931,Local,1738,Nantes,,Hollande,Exports,toile de cotton des judes,,,21000,,3500,livres,6,Nantes -- 1738 --  Exports -- AD44_C706,,5,,,,,,,,0,,,,,,,,,
1932,Local,1738,Nantes,,Hollande,Exports,toile blanche,,,400,,10,piece,,Nantes -- 1738 --  Exports -- AD44_C706,,5,,,,,,,valeur unitaire manquante,,,,,,,,,,
1933,Local,1738,Nantes,,Hollande,Exports,tanjebs,,,4800,,80,piece,60,Nantes -- 1738 --  Exports -- AD44_C706,,5,,,,,,,erreur sur la valeur notée 2400,0,,,,,,,,,
1934,Local,1738,Nantes,,Hollande,Exports,terrindine,,,4960,,62,piece,80,Nantes -- 1738 --  Exports -- AD44_C706,,5,,,,,,,,0,,,,,,,,,
1935,Local,1738,Nantes,,Hollande,Exports,toutenague,,,2400,,4000,piece,"0,6",Nantes -- 1738 --  Exports -- AD44_C706,,5,,,,,,,,0,,,,,,,,,
1936,Local,1738,Nantes,,Hollande,Exports,vin d’amons,,,155480,,1196,tonneaux,130,Nantes -- 1738 --  Exports -- AD44_C706,,5,,,,,,,,0,,,,1196,tonneaux,"2,45",,,
1937,Local,1738,Nantes,,Hollande,Exports,vin nantois,,,36150,,"482,75",tonneaux,75,Nantes -- 1738 --  Exports -- AD44_C706,,5,,,,,,,,"-56,25",,,,"482,75",tonneaux,"2,45",,,
1938,Local,1738,Nantes,,Hollande,Exports,vin du croisic,,,54,,3,Barique,18,Nantes -- 1738 --  Exports -- AD44_C706,,5,,,,,,,,0,,,,,,,,,
1939,Local,1738,Nantes,,Hollande,Exports,vinaigre,,,340,,4,tonneaux,85,Nantes -- 1738 --  Exports -- AD44_C706,,5,,,,,,,,0,,,,4,tonneaux,"2,45",,,
1939,Local,1738,Nantes,,Hollande,Exports,vinaigre,,,160,,12,quarts,,Nantes -- 1738 --  Exports -- AD44_C706,,5,,,,,,,le prix est donné à 85 livres le tonneau,,,,,,,,,,
1940,Local,1738,Nantes,,Hollande,Exports,vestes peintes,,,30,,1,en nombre,30,Nantes -- 1738 --  Exports -- AD44_C706,,5,,,,,,,,0,,,,,,,,,
1941,Local,1738,Nantes,,Nord,Exports,Amandes,,,,,280,livres,"0,45",Nantes -- 1738 --  Exports -- AD44_C706,,5,,,,,,,,,,,,,,,,,
1942,Local,1738,Nantes,,Nord,Exports,alibanis,,,,,880,piece,15,Nantes -- 1738 --  Exports -- AD44_C706,,5,,,,,,,,,,,,,,,,,
1943,Local,1738,Nantes,,Nord,Exports,armoisin,,,,,23,piece,"26,5",Nantes -- 1738 --  Exports -- AD44_C706,,5,,,,,,,,,,,,,,,,,
1944,Local,1738,Nantes,,Nord,Exports,bazin,,,,,112,piece,"38,5",Nantes -- 1738 --  Exports -- AD44_C706,,5,,,,,,,,,,,,,,,,,
1945,Local,1738,Nantes,,Nord,Exports,baffetas blanc,,,,,114,piece,14,Nantes -- 1738 --  Exports -- AD44_C706,,5,,,,,,,,,,,,,,,,,
1946,Local,1738,Nantes,,Nord,Exports,Bois de Bresil,,,,,1800,livres,"0,081",Nantes -- 1738 --  Exports -- AD44_C706,,5,,,,,,,,,,,,,,,,,
1947,Local,1738,Nantes,,Nord,Exports,bois de Gayac,,,,,5000,livres,"0,025",Nantes -- 1738 --  Exports -- AD44_C706,,5,,,,,,,,,,,,,,,,,
1948,Local,1738,Nantes,,Nord,Exports,Caffe des Isles,,,,,912744,livres,"0,5625",Nantes -- 1738 --  Exports -- AD44_C706,,5,,,,,,,,,,,,,,,,,
1949,Local,1738,Nantes,,Nord,Exports,Caffe de Bourbon,,,,,537559,livres,"0,75",Nantes -- 1738 --  Exports -- AD44_C706,,5,,,,,,,,,,,,,,,,,
1950,Local,1738,Nantes,,Nord,Exports,Caffe de Moka,,,,,44450,livres,"1,5",Nantes -- 1738 --  Exports -- AD44_C706,,5,,,,,,,,,,,,,,,,,
1951,Local,1738,Nantes,,Nord,Exports,Chataignes,,,,,606,Boisseaux,"0,6",Nantes -- 1738 --  Exports -- AD44_C706,,5,,,,,,,,,,,,,,,,,
1952,Local,1738,Nantes,,Nord,Exports,Cacao,,,,,6936,livres,135,Nantes -- 1738 --  Exports -- AD44_C706,,5,,,,,,,,,,,,,,,,,
1953,Local,1738,Nantes,,Nord,Exports,cardamomium,,,,,5814,livres,"2,75",Nantes -- 1738 --  Exports -- AD44_C706,,5,,,,,,,,,,,,,,,,,
1954,Local,1738,Nantes,,Nord,Exports,courtes pointes de toile peintes,,,,,28,en nombre,10,Nantes -- 1738 --  Exports -- AD44_C706,,5,,,,,,,,,,,,,,,,,
1955,Local,1738,Nantes,,Nord,Exports,casses,,,,,650,piece,"0,4",Nantes -- 1738 --  Exports -- AD44_C706,,5,,,,,,,,,,,,,,,,,
1956,Local,1738,Nantes,,Nord,Exports,caladaris,,,,,1287,piece,24,Nantes -- 1738 --  Exports -- AD44_C706,,5,,,,,,,,,,,,,,,,,
1957,Local,1738,Nantes,,Nord,Exports,chite,,,,,156,piece,30,Nantes -- 1738 --  Exports -- AD44_C706,,5,,,,,,,,,,,,,,,,,
1958,Local,1738,Nantes,,Nord,Exports,circaka,,,,,35,piece,56,Nantes -- 1738 --  Exports -- AD44_C706,,5,,,,,,,,,,,,,,,,,
1959,Local,1738,Nantes,,Nord,Exports,chalbaff,,,,,148,piece,18,Nantes -- 1738 --  Exports -- AD44_C706,,5,,,,,,,,,,,,,,,,,
1960,Local,1738,Nantes,,Nord,Exports,choquelas,,,,,"264,5",piece,30,Nantes -- 1738 --  Exports -- AD44_C706,,5,,,,,,,,,,,,,,,,,
1961,Local,1738,Nantes,,Nord,Exports,cotonis,,,,,10,piece,15,Nantes -- 1738 --  Exports -- AD44_C706,,5,,,,,,,,,,,,,,,,,
1962,Local,1738,Nantes,,Nord,Exports,camelot,,,,,2,piece,40,Nantes -- 1738 --  Exports -- AD44_C706,,5,,,,,,,,,,,,,,,,,
1963,Local,1738,Nantes,,Nord,Exports,cotton en laine,,,,,100544,livres,"0,9",Nantes -- 1738 --  Exports -- AD44_C706,,5,,,,,,,,,,,,,,,,,
1964,Local,1738,Nantes,,Nord,Exports,cartes à joüer,,,,,160,livres,"1,4",Nantes -- 1738 --  Exports -- AD44_C706,,5,,,,,,,,,,,,,,,,,
1965,Local,1738,Nantes,,Nord,Exports,Damas des Indes,,,,,"770,5",piece,90,Nantes -- 1738 --  Exports -- AD44_C706,,5,,,,,,,,,,,,,,,,,
1966,Local,1738,Nantes,,Nord,Exports,dissouchaye,,,,,111,piece,27,Nantes -- 1738 --  Exports -- AD44_C706,,5,,,,,,,,,,,,,,,,,
1967,Local,1738,Nantes,,Nord,Exports,darins,,,,,4,piece,30,Nantes -- 1738 --  Exports -- AD44_C706,,5,,,,,,,,,,,,,,,,,
1968,Local,1738,Nantes,,Nord,Exports,Eau de vie,,,,,693,Barique,65,Nantes -- 1738 --  Exports -- AD44_C706,,5,,,,,,,,,,,,693,bariques,"3,25",,,
1969,Local,1738,Nantes,,Nord,Exports,elatchas,,,,,60,piece,27,Nantes -- 1738 --  Exports -- AD44_C706,,6,,,,,,,,,,,,,,,,,
1970,Local,1738,Nantes,,Nord,Exports,ecorce d’arbre,,,,,218,piece,18,Nantes -- 1738 --  Exports -- AD44_C706,,6,,,,,,,,,,,,,,,,,
1971,Local,1738,Nantes,,Nord,Exports,evantails ,,,,,160,en nombre,3,Nantes -- 1738 --  Exports -- AD44_C706,,6,,,,,,,,,,,,,,,,,
1972,Local,1738,Nantes,,Nord,Exports,gingembre,,,,,88875,livres,"0,15",Nantes -- 1738 --  Exports -- AD44_C706,,6,,,,,,,,,,,,,,,,,
1973,Local,1738,Nantes,,Nord,Exports,gomme senegal,,,,,919250,livres,"0,35",Nantes -- 1738 --  Exports -- AD44_C706,,6,,,,,,,,,,,,,,,,,
1974,Local,1738,Nantes,,Nord,Exports,galanga,,,,,1221,livres,"0,8",Nantes -- 1738 --  Exports -- AD44_C706,,6,,,,,,,,,,,,,,,,,
1975,Local,1738,Nantes,,Nord,Exports,guinée blanche,,,,,31162,piece,35,Nantes -- 1738 --  Exports -- AD44_C706,,6,,,,,,,,,,,,,,,,,
1976,Local,1738,Nantes,,Nord,Exports,guinée bleuë,,,,,60,piece,21,Nantes -- 1738 --  Exports -- AD44_C706,,6,,,,,,,,,,,,,,,,,
1977,Local,1738,Nantes,,Nord,Exports,garas blanc,,,,,20480,piece,12,Nantes -- 1738 --  Exports -- AD44_C706,,6,,,,,,,,,,,,,,,,,
1978,Local,1738,Nantes,,Nord,Exports,grisette ,,,,,9,piece,90,Nantes -- 1738 --  Exports -- AD44_C706,,6,,,,,,,,,,,,,,,,,
1979,Local,1738,Nantes,,Nord,Exports,gourgouran,,,,,414,piece,90,Nantes -- 1738 --  Exports -- AD44_C706,,6,,,,,,,,,,,,,,,,,
1980,Local,1738,Nantes,,Nord,Exports,gourgouran gauffré,,,,,25,piece,90,Nantes -- 1738 --  Exports -- AD44_C706,,6,,,,,,,,,,,,,,,,,
1981,Local,1738,Nantes,,Nord,Exports,guimgamp de Pontichery,,,,,985,piece,"11,5",Nantes -- 1738 --  Exports -- AD44_C706,,6,,,,,,,,,,,,,,,,,
1982,Local,1738,Nantes,,Nord,Exports,huile d’olive,,,,,400,livres,"0,6",Nantes -- 1738 --  Exports -- AD44_C706,,6,,,,,,,,,,,,,,,,,
1983,Local,1738,Nantes,,Nord,Exports,hamans,,,,,50,piece,40,Nantes -- 1738 --  Exports -- AD44_C706,,6,,,,,,,,,,,,,,,,,
1984,Local,1738,Nantes,,Nord,Exports,indigo,,,,,147265,livres,"3,5",Nantes -- 1738 --  Exports -- AD44_C706,,6,,,,,,,,,,,,,,,,,
1985,Local,1738,Nantes,,Nord,Exports,jupes  ,,,,,44,en nombre,6,Nantes -- 1738 --  Exports -- AD44_C706,,6,,,,,,,,,,,,,,,,,
1986,Local,1738,Nantes,,Nord,Exports,lampas,,,,,100,piece,160,Nantes -- 1738 --  Exports -- AD44_C706,,6,,,,,,,,,,,,,,,,,
1987,Local,1738,Nantes,,Nord,Exports,miel,,,,,57960,livres,"0,11",Nantes -- 1738 --  Exports -- AD44_C706,,6,,,,,,,,,,,,,,,,,
1988,Local,1738,Nantes,,Nord,Exports,montichoux,,,,,4,piece,25,Nantes -- 1738 --  Exports -- AD44_C706,,6,,,,,,,,,,,,,,,,,
1989,Local,1738,Nantes,,Nord,Exports,mouchoirs de Pontichery,,,,,"2330,5",pièces,25,Nantes -- 1738 --  Exports -- AD44_C706,,6,,,,,,,,,,,,,,,,,
1989,Local,1738,Nantes,,Nord,Exports,mouchoirs de Pontichery,,,,,1266,en nombre,"1,5",Nantes -- 1738 --  Exports -- AD44_C706,,6,,,,,,,,,,,,,,,,,
1990,Local,1738,Nantes,,Nord,Exports,mouchoirs de Bengale,,,,,780,en nombre,25,Nantes -- 1738 --  Exports -- AD44_C706,,6,,,,,,,,,,,,,,,,,
1991,Local,1738,Nantes,,Nord,Exports,mouchoirs peints,,,,,1279,piece,20,Nantes -- 1738 --  Exports -- AD44_C706,,6,,,,,,,,,,,,,,,,,
1992,Local,1738,Nantes,,Nord,Exports,Mouchoirs Brodées,,,,,6,piece,120,Nantes -- 1738 --  Exports -- AD44_C706,,6,,,,,,,,,,,,,,,,,
1993,Local,1738,Nantes,,Nord,Exports,mousseline unie,,,,,100,piece,48,Nantes -- 1738 --  Exports -- AD44_C706,,6,,,,,,,,,,,,,,,,,
1994,Local,1738,Nantes,,Nord,Exports,neuds de canne de soye,,,,,177,en nombre,"0,9",Nantes -- 1738 --  Exports -- AD44_C706,,6,,,,,,,,,,,,,,,,,
1995,Local,1738,Nantes,,Nord,Exports,nelis,,,,,267,piece,20,Nantes -- 1738 --  Exports -- AD44_C706,,6,,,,,,,,,,,,,,,,,
1996,Local,1738,Nantes,,Nord,Exports,nankin,,,,,159,piece,6,Nantes -- 1738 --  Exports -- AD44_C706,,6,,,,,,,,,,,,,,,,,
1997,Local,1738,Nantes,,Nord,Exports,orpin,,,,,330,livres,"0,15",Nantes -- 1738 --  Exports -- AD44_C706,,6,,,,,,,,,,,,,,,,,
1998,Local,1738,Nantes,,Nord,Exports,ocre,,,,,150,bariques,10,Nantes -- 1738 --  Exports -- AD44_C706,,6,,,,,,,,,,,,,,,,,
1999,Local,1738,Nantes,,Nord,Exports,poivre,,,,,1405,livres,"1,3",Nantes -- 1738 --  Exports -- AD44_C706,,6,,,,,,,,,,,,,,,,,
2000,Local,1738,Nantes,,Nord,Exports,pinasse,,,,,394,piece,21,Nantes -- 1738 --  Exports -- AD44_C706,,6,,,,,,,,,,,,,,,,,
2001,Local,1738,Nantes,,Nord,Exports,pekin,,,,,445,pièces,66,Nantes -- 1738 --  Exports -- AD44_C706,,6,,,,,,,,,,,,,,,,,
2001,Local,1738,Nantes,,Nord,Exports,pekin,,,,,2,morceaux,,Nantes -- 1738 --  Exports -- AD44_C706,,6,,,,,,,,,,,,,,,,,
2002,Local,1738,Nantes,,Nord,Exports,pekin rayé,,,,,6,piece,55,Nantes -- 1738 --  Exports -- AD44_C706,,6,,,,,,,,,,,,,,,,,
2003,Local,1738,Nantes,,Nord,Exports,patissoye,,,,,3,piece,110,Nantes -- 1738 --  Exports -- AD44_C706,,6,,,,,,,,,,,,,,,,,
2004,Local,1738,Nantes,,Nord,Exports,peaux de lapin en poil ,,,,,5,milliers,"0,075",Nantes -- 1738 --  Exports -- AD44_C706,,6,,,,,,,,,,,,,,,,,
2005,Local,1738,Nantes,,Nord,Exports,peaux de fouine ,,,,,600,en nombre,7,Nantes -- 1738 --  Exports -- AD44_C706,,6,,,,,,,,,,,,,,,,,
2006,Local,1738,Nantes,,Nord,Exports,peaux de renard,,,,,600,en nombre,4,Nantes -- 1738 --  Exports -- AD44_C706,,6,,,,,,,,,,,,,,,,,
2007,Local,1738,Nantes,,Nord,Exports,peaux de chat putoix,,,,,1,millier,50,Nantes -- 1738 --  Exports -- AD44_C706,,6,,,,,,,,,,,,,,,,,
2008,Local,1738,Nantes,,Nord,Exports,porcelaine des indes,,,,,1400,livres,5,Nantes -- 1738 --  Exports -- AD44_C706,,6,,,,,,,,,,,,,,,,,
2009,Local,1738,Nantes,,Nord,Exports,pierrs a fusils,,,,,3464,milliers,"0,0325",Nantes -- 1738 --  Exports -- AD44_C706,,6,,,,,,,,,,,,,,,,,
2010,Local,1738,Nantes,,Nord,Exports,Rocou,,,,,3350,livres,"0,45",Nantes -- 1738 --  Exports -- AD44_C706,,6,,,,,,,,,,,,,,,,,
2011,Local,1738,Nantes,,Nord,Exports,sel de Bourgneuf,,,,,90,charges,64,Nantes -- 1738 --  Exports -- AD44_C706,,6,,,,,,,,,,,,,,,,,
2011,Local,1738,Nantes,,Nord,Exports,sel de Bourgneuf,,,,,175,charges,63,Nantes -- 1738 --  Exports -- AD44_C706,,6,,,,,,,,,,,,,,,,,
2012,Local,1738,Nantes,,Nord,Exports,sel de croisic,,,,,157,charges,52,Nantes -- 1738 --  Exports -- AD44_C706,,7,,,,,,,,,,,,,,,,,
2013,Local,1738,Nantes,,Nord,Exports,salpetre,,,,,66500,livres,"0,5",Nantes -- 1738 --  Exports -- AD44_C706,,7,,,,,,,,,,,,,,,,,
2014,Local,1738,Nantes,,Nord,Exports,sucre blanc,,,,,126150,livres,"0,33",Nantes -- 1738 --  Exports -- AD44_C706,,7,,,,,,,,,,,,,,,,,
2015,Local,1738,Nantes,,Nord,Exports,sucre terré,,,,,868750,livres,"0,27",Nantes -- 1738 --  Exports -- AD44_C706,,7,,,,,,,,,,,,,,,,,
2016,Local,1738,Nantes,,Nord,Exports,sucre tete,,,,,392400,livres,"0,2",Nantes -- 1738 --  Exports -- AD44_C706,,7,,,,,,,,,,,,,,,,,
2017,Local,1738,Nantes,,Nord,Exports,sucre brut,,,,,3436200,livres,"0,1625",Nantes -- 1738 --  Exports -- AD44_C706,,7,,,,,,,,,,,,,,,,,
2018,Local,1738,Nantes,,Nord,Exports,sirop de sucre,,,,,276950,livres,"0,05",Nantes -- 1738 --  Exports -- AD44_C706,,7,,,,,,,,,,,,,,,,,
2019,Local,1738,Nantes,,Nord,Exports,soye torde,,,,,"16,5",livres,24,Nantes -- 1738 --  Exports -- AD44_C706,,7,,,,,,,,,,,,,,,,,
2020,Local,1738,Nantes,,Nord,Exports,succés,,,,,64,piece,"27,5",Nantes -- 1738 --  Exports -- AD44_C706,,7,,,,,,,,,,,,,,,,,
2021,Local,1738,Nantes,,Nord,Exports,stinkerque rayé,,,,,265,piece,"1,5",Nantes -- 1738 --  Exports -- AD44_C706,,7,,,,,,,,,,,,,,,,,
2022,Local,1738,Nantes,,Nord,Exports,satin,,,,,170,piece,100,Nantes -- 1738 --  Exports -- AD44_C706,,7,,,,,,,,,,,,,,,,,
2023,Local,1738,Nantes,,Nord,Exports,satin brodé,,,,,4,piece,150,Nantes -- 1738 --  Exports -- AD44_C706,,7,,,,,,,,,,,,,,,,,
2024,Local,1738,Nantes,,Nord,Exports,soucis,,,,,1490,piece,30,Nantes -- 1738 --  Exports -- AD44_C706,,7,,,,,,,,,,,,,,,,,
2025,Local,1738,Nantes,,Nord,Exports,salempouris blancs,,,,,510,piece,15,Nantes -- 1738 --  Exports -- AD44_C706,,7,,,,,,,,,,,,,,,,,
2026,Local,1738,Nantes,,Nord,Exports,salempouris bleu,,,,,1520,piece,20,Nantes -- 1738 --  Exports -- AD44_C706,,7,,,,,,,,,,,,,,,,,
2027,Local,1738,Nantes,,Nord,Exports,thé divers,,,,,63870,livres,"2,75",Nantes -- 1738 --  Exports -- AD44_C706,,7,,,,,,,,,,,,,,,,,
2028,Local,1738,Nantes,,Nord,Exports,toutenague,,,,,5176,livres,"0,6",Nantes -- 1738 --  Exports -- AD44_C706,,7,,,,,,,,,,,,,,,,,
2029,Local,1738,Nantes,,Nord,Exports,Toile de Cotton des Indes,,,,,400,livres,6,Nantes -- 1738 --  Exports -- AD44_C706,,7,,,,,,,,,,,,,,,,,
2030,Local,1738,Nantes,,Nord,Exports,Toile de Bretagne,,,,,20,livres,4,Nantes -- 1738 --  Exports -- AD44_C706,,7,,,,,,,,,,,,,,,,,
2031,Local,1738,Nantes,,Nord,Exports,Toile Peinte,,,,,337,piece,21,Nantes -- 1738 --  Exports -- AD44_C706,,7,,,,,,,,,,,,,,,,,
2032,Local,1738,Nantes,,Nord,Exports,terrindine,,,,,10,piece,75,Nantes -- 1738 --  Exports -- AD44_C706,,7,,,,,,,,,,,,,,,,,
2033,Local,1738,Nantes,,Nord,Exports,Thepaye,,,,,26,piece,23,Nantes -- 1738 --  Exports -- AD44_C706,,7,,,,,,,,,,,,,,,,,
2034,Local,1738,Nantes,,Nord,Exports,Tapie,,,,,109,en nombre,20,Nantes -- 1738 --  Exports -- AD44_C706,,7,,,,,,,,,,,,,,,,,
2035,Local,1738,Nantes,,Nord,Exports,Vin Nantois,,,,,"87,5",tonneaux,75,Nantes -- 1738 --  Exports -- AD44_C706,,7,,,,,,,,,,,,"87,5",tonneaux,"2,45",,,
2036,Local,1738,Nantes,,Dannemarck,Exports,Chataignes,,,54,,48,Boisseaux,"0,6",Nantes -- 1738 --  Exports -- AD44_C706,,7,,,,,,,,"25,2",,,,,,,,,
2037,Local,1738,Nantes,,Dannemarck,Exports,Caffe des Isles,,,24162,,2142,livres,"0,5625",Nantes -- 1738 --  Exports -- AD44_C706,,7,,,,,,,lecture,"22957,125",,,,,,,,,
2038,Local,1738,Nantes,,Dannemarck,Exports,Caffe des Moka,,,45,,30,livres,"1,5",Nantes -- 1738 --  Exports -- AD44_C706,,7,,,,,,,,0,,,,,,,,,
2039,Local,1738,Nantes,,Dannemarck,Exports,cottonade,,,100,,40,aunes,"2,5",Nantes -- 1738 --  Exports -- AD44_C706,,7,,,,,,,,0,,,,,,,,,
2040,Local,1738,Nantes,,Dannemarck,Exports,eau de vie,,,53300,,820,Barqiue,65,Nantes -- 1738 --  Exports -- AD44_C706,,7,,,,,,,,0,,,,820,bariques,"3,25",,,
2041,Local,1738,Nantes,,Dannemarck,Exports,indigo,,,885,,253,livres,"3,5",Nantes -- 1738 --  Exports -- AD44_C706,,7,,,,,,,,"-0,5",,,,,,,,,
2042,Local,1738,Nantes,,Dannemarck,Exports,noix,,,45,,10,milliers,"0,305",Nantes -- 1738 --  Exports -- AD44_C706,,7,,,,,,,lecture,"41,95",,,,,,,,,
2043,Local,1738,Nantes,,Dannemarck,Exports,pruneaux,,,10,,85,livres,"0,12",Nantes -- 1738 --  Exports -- AD44_C706,,7,,,,,,,,"-0,199999999999999",,,,,,,,,
2044,Local,1738,Nantes,,Dannemarck,Exports,pommes,,,10,,5,Barique,2,Nantes -- 1738 --  Exports -- AD44_C706,,7,,,,,,,,0,,,,,,,,,
2045,Local,1738,Nantes,,Dannemarck,Exports,porcelaine des indes,,,500,,100,livres,5,Nantes -- 1738 --  Exports -- AD44_C706,,7,,,,,,,,0,,,,,,,,,
2046,Local,1738,Nantes,,Dannemarck,Exports,Sel du Croisic,,,2500,,60,muids,50,Nantes -- 1738 --  Exports -- AD44_C706,,7,,,,,,,,-500,,,,,,,,,
2046,Local,1738,Nantes,,Dannemarck,Exports,Sel du Croisic,,,4725,,105,muids,45,Nantes -- 1738 --  Exports -- AD44_C706,,7,,,,,,,,0,,,,,,,,,
2047,Local,1738,Nantes,,Dannemarck,Exports,Sucre en pain,,,,,850,livres,"0,6",Nantes -- 1738 --  Exports -- AD44_C706,,7,,,,,,,lecture,-510,,,,,,,,,
2048,Local,1738,Nantes,,Dannemarck,Exports,sucre terré,,,189,,700,livres,"0,27",Nantes -- 1738 --  Exports -- AD44_C706,,7,,,,,,,,0,,,,,,,,,
2049,Local,1738,Nantes,,Dannemarck,Exports,Sirop de sucre,,,130,,2600,livres,"0,05",Nantes -- 1738 --  Exports -- AD44_C706,,7,,,,,,,,0,,,,,,,,,
2050,Local,1738,Nantes,,Dannemarck,Exports,soyerie ,,,320,,6,livres,40,Nantes -- 1738 --  Exports -- AD44_C706,,7,,,,,,,,80,,,,,,,,,
2051,Local,1738,Nantes,,Dannemarck,Exports,thé,,,675,,1700,livres,"2,75",Nantes -- 1738 --  Exports -- AD44_C706,,7,,,,,,,lecture,-4000,,,,,,,,,
2052,Local,1738,Nantes,,Dannemarck,Exports,toile batiste,,,80,,10,livres,8,Nantes -- 1738 --  Exports -- AD44_C706,,7,,,,,,,,0,,,,,,,,,
2053,Local,1738,Nantes,,Dannemarck,Exports,toile de bretagne,,,744,,186,pièces,4,Nantes -- 1738 --  Exports -- AD44_C706,,7,,,,,,,,0,,,,,,,,,
2054,Local,1738,Nantes,,Dannemarck,Exports,vin nantois,,,225,,"3,5",tonneaux,75,Nantes -- 1738 --  Exports -- AD44_C706,,8,,,,,,,,"-37,5",,,,"3,5",tonneaux,"2,45",,,
2055,Local,1738,Nantes,,Dannemarck,Exports,vin de Bordeaux,,,500,,"2,5",tonneaux,200,Nantes -- 1738 --  Exports -- AD44_C706,,8,,,,,,,,0,,,,"2,5",tonneaux,"2,45",,,
2056,Local,1738,Nantes,,Dannemarck,Exports,vin du croisic,,,150,,3,bariques,50,Nantes -- 1738 --  Exports -- AD44_C706,,8,,,,,,,,0,,,,,,,,,
2057,Local,1738,Nantes,,Dannemarck,Exports,vinaigre,,,255,,"1,5",tonneaux,85,Nantes -- 1738 --  Exports -- AD44_C706,,8,,,,,,,lecture,"127,5",,,,"1,5",tonneau,"2,45",,,
2057,Local,1738,Nantes,,Dannemarck,Exports,vinaigre,,,,,12,quarts,,Nantes -- 1738 --  Exports -- AD44_C706,,8,,,,,,,valeur unitaire manquante,,,,,,,,,,
2058,Local,1738,Nantes,,Suède,Exports,bazin des indes,,,,,14,piece,"38,5",Nantes -- 1738 --  Exports -- AD44_C706,,8,,,,,,,,,,,,,,,,,
2059,Local,1738,Nantes,,Suède,Exports,confitures,,,,,70,livres,"0,5",Nantes -- 1738 --  Exports -- AD44_C706,,8,,,,,,,,,,,,,,,,,
2060,Local,1738,Nantes,,Suède,Exports,Caffé des Isles,,,,,125507,livres,"0,5625",Nantes -- 1738 --  Exports -- AD44_C706,,8,,,,,,,,,,,,,,,,,
2061,Local,1738,Nantes,,Suède,Exports,camelot,,,,,15,aune,6,Nantes -- 1738 --  Exports -- AD44_C706,,8,,,,,,,,,,,,,,,,,
2062,Local,1738,Nantes,,Suède,Exports,coton en laine,,,,,26800,livres,"0,9",Nantes -- 1738 --  Exports -- AD44_C706,,8,,,,,,,,,,,,,,,,,
2063,Local,1738,Nantes,,Suède,Exports,Dames des Indes,,,,,5,piece,90,Nantes -- 1738 --  Exports -- AD44_C706,,8,,,,,,,,,,,,,,,,,
2064,,,Nantes,,Suède,Exports,Eau de vie,,,,,"445,25",Barique,65,,,8,,,,,,,,,,,,,,,,,
2065,Local,1738,Nantes,,Suède,Exports,Eau de la Reine d'Hongrie,,,,,100,livres,"2,5",Nantes -- 1738 --  Exports -- AD44_C706,,8,,,,,,,,,,,,,,,,,
2066,Local,1738,Nantes,,Suède,Exports,etamine de laine,,,,,30,aune,2,Nantes -- 1738 --  Exports -- AD44_C706,,8,,,,,,,,,,,,,,,,,
2067,Local,1738,Nantes,,Suède,Exports,Gomme Sénégal,,,,,12000,livres,"0,35",Nantes -- 1738 --  Exports -- AD44_C706,,8,,,,,,,,,,,,,,,,,
2068,Local,1738,Nantes,,Suède,Exports,Indigo,,,,,15190,livres,"3,5",Nantes -- 1738 --  Exports -- AD44_C706,,8,,,,,,,,,,,,,,,,,
2069,Local,1738,Nantes,,Suède,Exports,pruneaux,,,,,1100,livres,"0,15",Nantes -- 1738 --  Exports -- AD44_C706,,8,,,,,,,,,,,,,,,,,
2070,Local,1738,Nantes,,Suède,Exports,papier a ecrire,,,,,300,livres,"0,55",Nantes -- 1738 --  Exports -- AD44_C706,,8,,,,,,,,,,,,,,,,,
2071,Local,1738,Nantes,,Suède,Exports,pierre a fusil,,,,,150,milliers,"3,25",Nantes -- 1738 --  Exports -- AD44_C706,,8,,,,,,,,,,,,,,,,,
2072,Local,1738,Nantes,,Suède,Exports,raisin sec,,,,,400,livres,"0,25",Nantes -- 1738 --  Exports -- AD44_C706,,8,,,,,,,,,,,,,,,,,
2073,Local,1738,Nantes,,Suède,Exports,Rocou,,,,,3950,livres,"0,45",Nantes -- 1738 --  Exports -- AD44_C706,,8,,,,,,,,,,,,,,,,,
2074,Local,1738,Nantes,,Suède,Exports,sel,,,,,28,charge,52,Nantes -- 1738 --  Exports -- AD44_C706,,8,,,,,,,,,,,,,,,,,
2074,Local,1738,Nantes,,Suède,Exports,sel,,,,,278,muids,50,Nantes -- 1738 --  Exports -- AD44_C706,,8,,,,,,,,,,,,,,,,,
2074,Local,1738,Nantes,,Suède,Exports,sel,,,,,132,muids,45,Nantes -- 1738 --  Exports -- AD44_C706,,8,,,,,,,,,,,,,,,,,
2075,Local,1738,Nantes,,Suède,Exports,sucre blanc,,,,,500,livres,"0,33",Nantes -- 1738 --  Exports -- AD44_C706,,8,,,,,,,,,,,,,,,,,
2076,Local,1738,Nantes,,Suède,Exports,sucre terré,,,,,220200,livres,"0,27",Nantes -- 1738 --  Exports -- AD44_C706,,8,,,,,,,,,,,,,,,,,
2077,Local,1738,Nantes,,Suède,Exports,sucre tête,,,,,4500,livres,"0,2",Nantes -- 1738 --  Exports -- AD44_C706,,8,,,,,,,,,,,,,,,,,
2078,Local,1738,Nantes,,Suède,Exports,sucre brut,,,,,361000,livres,"0,1625",Nantes -- 1738 --  Exports -- AD44_C706,,8,,,,,,,,,,,,,,,,,
2079,Local,1738,Nantes,,Suède,Exports,sirop de sucre,,,,,18500,livres,"0,05",Nantes -- 1738 --  Exports -- AD44_C706,,8,,,,,,,,,,,,,,,,,
2080,Local,1738,Nantes,,Suède,Exports,savon,,,,,522,livres,"0,32",Nantes -- 1738 --  Exports -- AD44_C706,,8,,,,,,,,,,,,,,,,,
2081,Local,1738,Nantes,,Suède,Exports,thé,,,,,2500,livres,"2,75",Nantes -- 1738 --  Exports -- AD44_C706,,8,,,,,,,,,,,,,,,,,
2082,Local,1738,Nantes,,Suède,Exports,tafetas,,,,,1,livres,40,Nantes -- 1738 --  Exports -- AD44_C706,,8,,,,,,,,,,,,,,,,,
2083,Local,1738,Nantes,,Suède,Exports,vin du croisic,,,,,"3,25",tonneaux,72,Nantes -- 1738 --  Exports -- AD44_C706,,8,,,,,,,,,,,,"3,25",tonneaux,"2,45",,,
2084,Local,1738,Nantes,,Suède,Exports,vin nantois,,,,,"3,75",tonneaux,75,Nantes -- 1738 --  Exports -- AD44_C706,,8,,,,,,,,,,,,"3,75",tonneaux,"2,45",,,
2085,Local,1738,Nantes,,Suède,Exports,vinaigre,,,,,"3,5",tonneaux,85,Nantes -- 1738 --  Exports -- AD44_C706,,8,,,,,,,,,,,,"3,5",tonneaux,"2,45",,,
2085,Local,1738,Nantes,,Suède,Exports,vinaigre,,,,,33,quarts,12,Nantes -- 1738 --  Exports -- AD44_C706,,8,,,,,,,,,,,,,,,,,
2086,Local,1738,Nantes,,Espagne,Exports,armoires de sapin d’acajou,,,,,8,en nombre,60,Nantes -- 1738 --  Exports -- AD44_C706,,8,,,,,,,,,,,,,,,,,
2087,Local,1738,Nantes,,Espagne,Exports,beuf salé,,,,,1200,livres,"0,15",Nantes -- 1738 --  Exports -- AD44_C706,,8,,,,,,,,,,,,,,,,,
2088,Local,1738,Nantes,,Espagne,Exports,beure,,,,,2825,livres,"0,4",Nantes -- 1738 --  Exports -- AD44_C706,,8,,,,,,,,,,,,,,,,,
2089,Local,1738,Nantes,,Espagne,Exports,bray gras,,,,,2,Baril,14,Nantes -- 1738 --  Exports -- AD44_C706,,8,,,,,,,,,,,,,,,,,
2090,Local,1738,Nantes,,Espagne,Exports,bray sec,,,,,3000,livres,"0,07",Nantes -- 1738 --  Exports -- AD44_C706,,9,,,,,,,,,,,,,,,,,
2091,Local,1738,Nantes,,Espagne,Exports,bonnets de laine,,,,,4,douzaine,36,Nantes -- 1738 --  Exports -- AD44_C706,,9,,,,,,,,,,,,,,,,,
2092,Local,1738,Nantes,,Espagne,Exports,bas de laine,,,,,48,paires,30,Nantes -- 1738 --  Exports -- AD44_C706,,9,,,,,,,,,,,,,,,,,
2093,Local,1738,Nantes,,Espagne,Exports,bazin,,,,,21,piece,"38,5",Nantes -- 1738 --  Exports -- AD44_C706,,9,,,,,,,,,,,,,,,,,
2094,Local,1738,Nantes,,Espagne,Exports,Beure de Valognes,,,,,160,piece,8,Nantes -- 1738 --  Exports -- AD44_C706,,9,,,,,,,,,,,,,,,,,
2095,Local,1738,Nantes,,Espagne,Exports,barres de cabestan,,,,,32,en nombre,"0,25",Nantes -- 1738 --  Exports -- AD44_C706,,9,,,,,,,,,,,,,,,,,
2096,Local,1738,Nantes,,Espagne,Exports,barriques en bottes,,,,,26,en nombre,1,Nantes -- 1738 --  Exports -- AD44_C706,,9,,,,,,,,,,,,,,,,,
2097,Local,1738,Nantes,,Espagne,Exports,bois a batir,,,,,200,pieds cubes,"0,2",Nantes -- 1738 --  Exports -- AD44_C706,,9,,,,,,,,,,,,,,,,,
2098,Local,1738,Nantes,,Espagne,Exports,confitures,,,,,30,livres,"0,5",Nantes -- 1738 --  Exports -- AD44_C706,,9,,,,,,,,,,,,,,,,,
2099,Local,1738,Nantes,,Espagne,Exports,caffé des isles,,,,,353,livres,"0,5625",Nantes -- 1738 --  Exports -- AD44_C706,,9,,,,,,,,,,,,,,,,,
2100,Local,1738,Nantes,,Espagne,Exports,caffé de bourbon,,,,,1512,livres,"0,135",Nantes -- 1738 --  Exports -- AD44_C706,,9,,,,,,,,,,,,,,,,,
2101,Local,1738,Nantes,,Espagne,Exports,cire jaune,,,,,3850,livres,24,Nantes -- 1738 --  Exports -- AD44_C706,,9,,,,,,,,,,,,,,,,,
2102,Local,1738,Nantes,,Espagne,Exports,chandelle,,,,,235,livres,"0,175",Nantes -- 1738 --  Exports -- AD44_C706,,9,,,,,,,,,,,,,,,,,
2103,Local,1738,Nantes,,Espagne,Exports,cacao,,,,,23070,livres,"0,135",Nantes -- 1738 --  Exports -- AD44_C706,,9,,,,,,,,,,,,,,,,,
2104,Local,1738,Nantes,,Espagne,Exports,caladaris,,,,,100,piece,24,Nantes -- 1738 --  Exports -- AD44_C706,,9,,,,,,,,,,,,,,,,,
2105,Local,1738,Nantes,,Espagne,Exports,camelot de laine,,,,,416,aune,6,Nantes -- 1738 --  Exports -- AD44_C706,,9,,,,,,,,,,,,,,,,,
2106,Local,1738,Nantes,,Espagne,Exports,chite,,,,,16,piece,30,Nantes -- 1738 --  Exports -- AD44_C706,,9,,,,,,,,,,,,,,,,,
2107,Local,1738,Nantes,,Espagne,Exports,charonies,,,,,100,piece,32,Nantes -- 1738 --  Exports -- AD44_C706,,9,,,,,,,,,,,,,,,,,
2108,Local,1738,Nantes,,Espagne,Exports,cirsaca,,,,,98,piece,56,Nantes -- 1738 --  Exports -- AD44_C706,,9,,,,,,,,,,,,,,,,,
2109,Local,1738,Nantes,,Espagne,Exports,chaquelas,,,,,21,piece,30,Nantes -- 1738 --  Exports -- AD44_C706,,9,,,,,,,,,,,,,,,,,
2110,Local,1738,Nantes,,Espagne,Exports,chapeaux castor,,,,,30,en nombre,16,Nantes -- 1738 --  Exports -- AD44_C706,,9,,,,,,,,,,,,,,,,,
2111,Local,1738,Nantes,,Espagne,Exports,chapeaux communs,,,,,18,en nombre,3,Nantes -- 1738 --  Exports -- AD44_C706,,9,,,,,,,,,,,,,,,,,
2112,Local,1738,Nantes,,Espagne,Exports,cordages,,,,,2650,livres,"0,23",Nantes -- 1738 --  Exports -- AD44_C706,,9,,,,,,,,,,,,,,,,,
2113,Local,1738,Nantes,,Espagne,Exports,cuirs de vache en croute,,,,,7400,livres,"0,6",Nantes -- 1738 --  Exports -- AD44_C706,,9,,,,,,,,,,,,,,,,,
2114,Local,1738,Nantes,,Espagne,Exports,Cuirs de vache tannés,,,,,2380,livres,"0,3",Nantes -- 1738 --  Exports -- AD44_C706,,9,,,,,,,,,,,,,,,,,
2115,Local,1738,Nantes,,Espagne,Exports,cuirs de vache,,,,,998,en nombre,5,Nantes -- 1738 --  Exports -- AD44_C706,,9,,,,,,,,,,,,,,,,,
2116,Local,1738,Nantes,,Espagne,Exports,cartes a jouer,,,,,3,en nombre,5,Nantes -- 1738 --  Exports -- AD44_C706,,9,,,,,,,,,,,,,,,,,
2117,Local,1738,Nantes,,Espagne,Exports,Clouds de fer,,,,,800,livres,"0,22",Nantes -- 1738 --  Exports -- AD44_C706,,9,,,,,,,,,,,,,,,,,
2118,Local,1738,Nantes,,Espagne,Exports,chaises de bois des isles,,,,,2,douzaine,18,Nantes -- 1738 --  Exports -- AD44_C706,,9,,,,,,,,,,,,,,,,,
2119,Local,1738,Nantes,,Espagne,Exports,chaises de paille,,,,,10,douzaine,10,Nantes -- 1738 --  Exports -- AD44_C706,,9,,,,,,,,,,,,,,,,,
2120,Local,1738,Nantes,,Espagne,Exports,cercles de bois,,,,,9,fourniere,10,Nantes -- 1738 --  Exports -- AD44_C706,,9,,,,,,,,,,,,,,,,,
2121,Local,1738,Nantes,,Espagne,Exports,commode,,,,,1,en nombre,100,Nantes -- 1738 --  Exports -- AD44_C706,,9,,,,,,,,,,,,,,,,,
2122,Local,1738,Nantes,,Espagne,Exports,dentelle du puy,,,,,2000,aune,"1,5",Nantes -- 1738 --  Exports -- AD44_C706,,9,,,,,,,,,,,,,,,,,
2123,Local,1738,Nantes,,Espagne,Exports,damas des indes,,,,,59,piece,90,Nantes -- 1738 --  Exports -- AD44_C706,,9,,,,,,,,,,,,,,,,,
2124,Local,1738,Nantes,,Espagne,Exports,dissouchaye,,,,,98,piece,27,Nantes -- 1738 --  Exports -- AD44_C706,,9,,,,,,,,,,,,,,,,,
2125,Local,1738,Nantes,,Espagne,Exports,eau de vie,,,,,122,Barique,65,Nantes -- 1738 --  Exports -- AD44_C706,,9,,,,,,,,,,,,422,bariques,"3,25",,,
2126,Local,1738,Nantes,,Espagne,Exports,elachar,,,,,118,piece,27,Nantes -- 1738 --  Exports -- AD44_C706,,9,,,,,,,,,,,,,,,,,
2127,Local,1738,Nantes,,Espagne,Exports,etamine de laine,,,,,8536,aune,2,Nantes -- 1738 --  Exports -- AD44_C706,,9,,,,,,,,,,,,,,,,,
2128,Local,1738,Nantes,,Espagne,Exports,estampes,,,,,650,livres,,Nantes -- 1738 --  Exports -- AD44_C706,,9,,,,,,,valeur unitaire manquante,,,,,,,,,,
2129,Local,1738,Nantes,,Espagne,Exports,etoupes,,,,,600,livres,"0,08",Nantes -- 1738 --  Exports -- AD44_C706,,9,,,,,,,,,,,,,,,,,
2130,Local,1738,Nantes,,Espagne,Exports,evantails de bamboux,,,,,1382,en nombre,3,Nantes -- 1738 --  Exports -- AD44_C706,,9,,,,,,,,,,,,,,,,,
2131,Local,1738,Nantes,,Espagne,Exports,feves,,,,,41,tonneaux,90,Nantes -- 1738 --  Exports -- AD44_C706,,9,,,,,,,,,,,,,,,,,
2132,Local,1738,Nantes,,Espagne,Exports,fil de rennes,,,,,2040,livres,"1,4",Nantes -- 1738 --  Exports -- AD44_C706,,9,,,,,,,,,,,,,,,,,
2133,Local,1738,Nantes,,Espagne,Exports,Fil en masse,,,,,6926,livres,"1,5",Nantes -- 1738 --  Exports -- AD44_C706,,9,,,,,,,,,,,,,,,,,
2134,Local,1738,Nantes,,Espagne,Exports,fayance,,,,,186,douzaine,"3,75",Nantes -- 1738 --  Exports -- AD44_C706,,9,,,,,,,,,,,,,,,,,
2135,Local,1738,Nantes,,Espagne,Exports,faulx a faucher,,,,,2420,en nombre,"1,5",Nantes -- 1738 --  Exports -- AD44_C706,,9,,,,,,,,,,,,,,,,,
2136,Local,1738,Nantes,,Espagne,Exports,fer ouvré,,,,,350,livres,"0,25",Nantes -- 1738 --  Exports -- AD44_C706,,9,,,,,,,,,,,,,,,,,
2137,Local,1738,Nantes,,Espagne,Exports,guinguamd,,,,,613,piece,"11,5",Nantes -- 1738 --  Exports -- AD44_C706,,9,,,,,,,,,,,,,,,,,
2138,Local,1738,Nantes,,Espagne,Exports,gourgouran,,,,,55,piece,90,Nantes -- 1738 --  Exports -- AD44_C706,,9,,,,,,,,,,,,,,,,,
2139,Local,1738,Nantes,,Espagne,Exports,garan,,,,,2051,piece,12,Nantes -- 1738 --  Exports -- AD44_C706,,9,,,,,,,,,,,,,,,,,
2140,Local,1738,Nantes,,Espagne,Exports,guinée blanche,,,,,3197,piece,35,Nantes -- 1738 --  Exports -- AD44_C706,,10,,,,,,,,,,,,,,,,,
2141,Local,1738,Nantes,,Espagne,Exports,Paires de gans de chamois,,,,,8,douzaines,"7,5",Nantes -- 1738 --  Exports -- AD44_C706,,10,,,,,,,,,,,,,,,,,
2142,Local,1738,Nantes,,Espagne,Exports,gomme senegal,,,,,20000,livres,"0,35",Nantes -- 1738 --  Exports -- AD44_C706,,10,,,,,,,,,,,,,,,,,
2143,,,,,,,,,,,,9,barils,13,,,10,,,,,,,,,,,,,,,,,
2144,Local,1738,Nantes,,Espagne,Exports,Huile d'Olive,,,,,30,livres,"0,6",Nantes -- 1738 --  Exports -- AD44_C706,,10,,,,,,,,,,,,,,,,,
2145,Local,1738,Nantes,,Espagne,Exports,indigo,,,,,366368,livres,"3,5",Nantes -- 1738 --  Exports -- AD44_C706,,10,,,,,,,,,,,,,,,,,
2146,Local,1738,Nantes,,Espagne,Exports,jamavar,,,,,11,piece,55,Nantes -- 1738 --  Exports -- AD44_C706,,10,,,,,,,,,,,,,,,,,
2147,Local,1738,Nantes,,Espagne,Exports,lard,,,,,300,livres,"0,2",Nantes -- 1738 --  Exports -- AD44_C706,,10,,,,,,,,,,,,,,,,,
2148,Local,1738,Nantes,,Espagne,Exports,lamproyes,,,,,414,boetes,5,Nantes -- 1738 --  Exports -- AD44_C706,,10,,,,,,,,,,,,,,,,,
2149,Local,1738,Nantes,,Espagne,Exports,laine,,,,,50,livres,,Nantes -- 1738 --  Exports -- AD44_C706,,10,,,,,,,valeur unitaire manquante,,,,,,,,,,
2150,Local,1738,Nantes,,Espagne,Exports,lampas,,,,,5,piece,160,Nantes -- 1738 --  Exports -- AD44_C706,,10,,,,,,,,,,,,,,,,,
2151,Local,1738,Nantes,,Espagne,Exports,librairie,,,,,900,livres,2,Nantes -- 1738 --  Exports -- AD44_C706,,10,,,,,,,,,,,,,,,,,
2152,Local,1738,Nantes,,Espagne,Exports,mercerie ordinaire,,,,,5885,livres,2,Nantes -- 1738 --  Exports -- AD44_C706,,10,,,,,,,,,,,,,,,,,
2153,Local,1738,Nantes,,Espagne,Exports,marchandises,,,220,,,,,Nantes -- 1738 --  Exports -- AD44_C706,,10,,,,,,,,,,,,,,,,,
2154,Local,1738,Nantes,,Espagne,Exports,mouchoirs,,,,,489,pieces,20,Nantes -- 1738 --  Exports -- AD44_C706,,10,,,,,,,,,,,,,,,,,
2155,Local,1738,Nantes,,Espagne,Exports,mouchoirs mazulipatan,,,,,12,pieces,25,Nantes -- 1738 --  Exports -- AD44_C706,,10,,,,,,,,,,,,,,,,,
2156,Local,1738,Nantes,,Espagne,Exports,mouchoirs du Bengale,,,,,167,pieces,25,Nantes -- 1738 --  Exports -- AD44_C706,,10,,,,,,,,,,,,,,,,,
2157,Local,1738,Nantes,,Espagne,Exports,mallemolle,,,,,30,pièces,45,Nantes -- 1738 --  Exports -- AD44_C706,,10,,,,,,,,,,,,,,,,,
2158,Local,1738,Nantes,,Espagne,Exports,moutons à battre pieux,,,,,4,pièces,18,Nantes -- 1738 --  Exports -- AD44_C706,,10,,,,,,,,,,,,,,,,,
2159,Local,1738,Nantes,,Espagne,Exports,Panneaux,,,,,83,pieces,"0,2",Nantes -- 1738 --  Exports -- AD44_C706,,10,,,,,,,,,,,,,,,,,
2160,Local,1738,Nantes,,Espagne,Exports,pruneaux,,,,,30,livres,"0,2",Nantes -- 1738 --  Exports -- AD44_C706,,10,,,,,,,,,,,,,,,,,
2161,Local,1738,Nantes,,Espagne,Exports,poivre,,,,,13886,livres,"1,3",Nantes -- 1738 --  Exports -- AD44_C706,,10,,,,,,,,,,,,,,,,,
2162,Local,1738,Nantes,,Espagne,Exports,poudre a poudrer,,,,,100,pièces,"0,18",Nantes -- 1738 --  Exports -- AD44_C706,,10,,,,,,,,,,,,,,,,,
2163,Local,1738,Nantes,,Espagne,Exports,pinasse,,,,,108,pieces,18,Nantes -- 1738 --  Exports -- AD44_C706,,10,,,,,,,,,,,,,,,,,
2164,Local,1738,Nantes,,Espagne,Exports,peaux de veau corroyées,,,,,512,douzaine,"22,5",Nantes -- 1738 --  Exports -- AD44_C706,,10,,,,,,,,,,,,,,,,,
2165,Local,1738,Nantes,,Espagne,Exports,peaux de mouton passées,,,,,288,en nombre,15,Nantes -- 1738 --  Exports -- AD44_C706,,10,,,,,,,,,,,,,,,,,
2166,Local,1738,Nantes,,Espagne,Exports,papier à ecrire,,,,,1620,livres,"0,55",Nantes -- 1738 --  Exports -- AD44_C706,,10,,,,,,,,,,,,,,,,,
2167,Local,1738,Nantes,,Espagne,Exports,porcelaine des indes,,,,,3450,livres,5,Nantes -- 1738 --  Exports -- AD44_C706,,10,,,,,,,,,,,,,,,,,
2168,Local,1738,Nantes,,Espagne,Exports,plomb en table,,,,,275,livres,"0,25",Nantes -- 1738 --  Exports -- AD44_C706,,10,,,,,,,,,,,,,,,,,
2169,Local,1738,Nantes,,Espagne,Exports,paravens ,,,,,1,pièce,30,Nantes -- 1738 --  Exports -- AD44_C706,,10,,,,,,,,,,,,,,,,,
2170,Local,1738,Nantes,,Espagne,Exports,planche de sapin,,,,,80,pièces,1,Nantes -- 1738 --  Exports -- AD44_C706,,10,,,,,,,,,,,,,,,,,
2171,Local,1738,Nantes,,Espagne,Exports,quincaille,,,,,91390,livres,"1,25",Nantes -- 1738 --  Exports -- AD44_C706,,10,,,,,,,,,,,,,,,,,
2172,Local,1738,Nantes,,Espagne,Exports,rave de moruë,,,,,20,Barique,80,Nantes -- 1738 --  Exports -- AD44_C706,,10,,,,,,,,,,,,,,,,,
2173,Local,1738,Nantes,,Espagne,Exports,rubarbe,,,,,30,livres,60,Nantes -- 1738 --  Exports -- AD44_C706,,10,,,,,,,,,,,,,,,,,
2174,Local,1738,Nantes,,Espagne,Exports,sucre en pain,,,,,29980,livres,"0,6",Nantes -- 1738 --  Exports -- AD44_C706,,10,,,,,,,,,,,,,,,,,
2175,Local,1738,Nantes,,Espagne,Exports,sucre terré,,,,,1431150,livres,"0,27",Nantes -- 1738 --  Exports -- AD44_C706,,10,,,,,,,,,,,,,,,,,
2176,Local,1738,Nantes,,Espagne,Exports,sucre tête,,,,,773750,livres,"0,2",Nantes -- 1738 --  Exports -- AD44_C706,,10,,,,,,,,,,,,,,,,,
2177,Local,1738,Nantes,,Espagne,Exports,sucre brut,,,,,34150,livres,"0,16",Nantes -- 1738 --  Exports -- AD44_C706,,10,,,,,,,,,,,,,,,,,
2178,Local,1738,Nantes,,Espagne,Exports,satin des indes,,,,,6,pieces,100,Nantes -- 1738 --  Exports -- AD44_C706,,10,,,,,,,,,,,,,,,,,
2179,Local,1738,Nantes,,Espagne,Exports,salempouris,,,,,1120,pieces,17,Nantes -- 1738 --  Exports -- AD44_C706,,10,,,,,,,,,,,,,,,,,
2180,Local,1738,Nantes,,Espagne,Exports,stinkerque raué,,,,,107,pieces,,Nantes -- 1738 --  Exports -- AD44_C706,,10,,,,,,,valeur unitaire manquante,,,,,,,,,,
2181,Local,1738,Nantes,,Espagne,Exports,suif,,,,,830,livres,"0,28",Nantes -- 1738 --  Exports -- AD44_C706,,10,,,,,,,,,,,,,,,,,
2182,Local,1738,Nantes,,Espagne,Exports,soufre,,,,,160,livres,"0,18",Nantes -- 1738 --  Exports -- AD44_C706,,10,,,,,,,,,,,,,,,,,
2183,Local,1738,Nantes,,Espagne,Exports,savon,,,,,480,livres,"0,33",Nantes -- 1738 --  Exports -- AD44_C706,,10,,,,,,,,,,,,,,,,,
2184,Local,1738,Nantes,,Espagne,Exports,souliers de femme,,,,,90,paires,3,Nantes -- 1738 --  Exports -- AD44_C706,,10,,,,,,,,,,,,,,,,,
2185,Local,1738,Nantes,,Espagne,Exports,soufler a forge,,,,,1,pièce,35,Nantes -- 1738 --  Exports -- AD44_C706,,10,,,,,,,,,,,,,,,,,
2186,Local,1738,Nantes,,Espagne,Exports,soliveaux de sapin,,,,,80,pieds cubes,16,Nantes -- 1738 --  Exports -- AD44_C706,,10,,,,,,,,,,,,,,,,,
2187,Local,1738,Nantes,,Espagne,Exports,thé divers,,,,,3928,livres,"2,75",Nantes -- 1738 --  Exports -- AD44_C706,,10,,,,,,,,,,,,,,,,,
2188,Local,1738,Nantes,,Espagne,Exports,toutenague,,,,,8000,livres,"0,6",Nantes -- 1738 --  Exports -- AD44_C706,,10,,,,,,,,,,,,,,,,,
2189,Local,1738,Nantes,,Espagne,Exports,tafetas,,,,,2,pieces,140,Nantes -- 1738 --  Exports -- AD44_C706,,10,,,,,,,,,,,,,,,,,
2190,Local,1738,Nantes,,Espagne,Exports,toile peinte,,,,,69,pieces,21,Nantes -- 1738 --  Exports -- AD44_C706,,11,,,,,,,,,,,,,,,,,
2191,Local,1738,Nantes,,Espagne,Exports,toile de bretagne,,,,,148520,livres,4,Nantes -- 1738 --  Exports -- AD44_C706,,11,,,,,,,,,,,,,,,,,
2191,Local,1738,Nantes,,Espagne,Exports,toile de bretagne,,,,,13500,aunes,"0,65",Nantes -- 1738 --  Exports -- AD44_C706,,11,,,,,,,,,,,,,,,,,
2192,Local,1738,Nantes,,Espagne,Exports,vin nantois,,,,,"108,5",tonneaux,75,Nantes -- 1738 --  Exports -- AD44_C706,,11,,,,,,,,,,,,"108,5",tonneaux,"2,45",,,
2193,Local,1738,Nantes,,Espagne,Exports,vin de bordeaux,,,,,"2,75",tonneaux,200,Nantes -- 1738 --  Exports -- AD44_C706,,11,,,,,,,,,,,,"2,75",tonneaux,"2,45",,,
2194,Local,1738,Nantes,,Espagne,Exports,vin de paÿs,,,,,"1,5",tonneaux,80,Nantes -- 1738 --  Exports -- AD44_C706,,11,,,,,,,,,,,,"1,5",tonneau,"2,45",,,
2195,Local,1738,Nantes,,Espagne,Exports,vinaigre,,,,,9,tonneaux,85,Nantes -- 1738 --  Exports -- AD44_C706,,11,,,,,,,,,,,,9,tonneaux,"2,45",,,
2195,Local,1738,Nantes,,Espagne,Exports,vinaigre,,,,,58,quarts,85,Nantes -- 1738 --  Exports -- AD44_C706,,11,,,,,,,,,,,,,,,,,
2196,Local,1738,Nantes,,Espagne,Exports,vieux oint,,,,,2500,livres,"0,4",Nantes -- 1738 --  Exports -- AD44_C706,,11,,,,,,,,,,,,,,,,,
2197,Local,1738,Nantes,,Portugal,Exports,beure,,,,,50,livres,"0,4",Nantes -- 1738 --  Exports -- AD44_C706,,11,,,,,,,,,,,,,,,,,
2198,Local,1738,Nantes,,Portugal,Exports,bas de laine,,,,,55,livres,3,Nantes -- 1738 --  Exports -- AD44_C706,,11,,,,,,,,,,,,,,,,,
2199,Local,1738,Nantes,,Portugal,Exports,bonnetterie de laine,,,,,2795,livres,3,Nantes -- 1738 --  Exports -- AD44_C706,,11,,,,,,,,,,,,,,,,,
2200,Local,1738,Nantes,,Portugal,Exports,bazin des indes,,,,,30,piece,"38,5",Nantes -- 1738 --  Exports -- AD44_C706,,11,,,,,,,,,,,,,,,,,
2201,Local,1738,Nantes,,Portugal,Exports,bougran,,,,,200,livres,"0,5",Nantes -- 1738 --  Exports -- AD44_C706,,11,,,,,,,,,,,,,,,,,
2202,Local,1738,Nantes,,Portugal,Exports,confitures,,,,,60,livres,"0,5",Nantes -- 1738 --  Exports -- AD44_C706,,11,,,,,,,,,,,,,,,,,
2203,Local,1738,Nantes,,Portugal,Exports,caffé des isles,,,,,9917,livres,"0,55",Nantes -- 1738 --  Exports -- AD44_C706,,11,,,,,,,,,,,,,,,,,
2204,Local,1738,Nantes,,Portugal,Exports,caffé de bourbon,,,,,4373,livres,"0,75",Nantes -- 1738 --  Exports -- AD44_C706,,11,,,,,,,,,,,,,,,,,
2205,Local,1738,Nantes,,Portugal,Exports,cacao,,,,,12430,livres,"0,135",Nantes -- 1738 --  Exports -- AD44_C706,,11,,,,,,,,,,,,,,,,,
2206,Local,1738,Nantes,,Portugal,Exports,camelot de laine,,,,,100,aune,4,Nantes -- 1738 --  Exports -- AD44_C706,,11,,,,,,,,,,,,,,,,,
2207,Local,1738,Nantes,,Portugal,Exports,cuirs de vache en croute,,,,,3640,livres,"0,6",Nantes -- 1738 --  Exports -- AD44_C706,,11,,,,,,,,,,,,,,,,,
2208,Local,1738,Nantes,,Portugal,Exports,eau de vie,,,,,237,bariques,65,Nantes -- 1738 --  Exports -- AD44_C706,,11,,,,,,,,,,,,237,barriques,"3,25",,,
2209,Local,1738,Nantes,,Portugal,Exports,etoffe de soye,,,,,30,livres,40,Nantes -- 1738 --  Exports -- AD44_C706,,11,,,,,,,,,,,,,,,,,
2210,Local,1738,Nantes,,Portugal,Exports,etamine de laine,,,,,3210,aunes,2,Nantes -- 1738 --  Exports -- AD44_C706,,11,,,,,,,,,,,,,,,,,
2211,Local,1738,Nantes,,Portugal,Exports,feves en pox,,,,,39,tonneaux,100,Nantes -- 1738 --  Exports -- AD44_C706,,11,,,,,,,,,,,,,,,,,
2212,Local,1738,Nantes,,Portugal,Exports,fil de rennes,,,,,350,livres,"1,4",Nantes -- 1738 --  Exports -- AD44_C706,,11,,,,,,,,,,,,,,,,,
2213,Local,1738,Nantes,,Portugal,Exports,fayance,,,,,2,douzaine,"3,75",Nantes -- 1738 --  Exports -- AD44_C706,,11,,,,,,,,,,,,,,,,,
2214,Local,1738,Nantes,,Portugal,Exports,guinée bleuë,,,,,200,pieces,21,Nantes -- 1738 --  Exports -- AD44_C706,,11,,,,,,,lecture valeur unitaire,,,,,,,,,,
2215,Local,1738,Nantes,,Portugal,Exports,Indigo,,,,,2025,livres,"3,5",Nantes -- 1738 --  Exports -- AD44_C706,,11,,,,,,,,,,,,,,,,,
2216,Local,1738,Nantes,,Portugal,Exports,Mercerie ordinaire,,,,,3900,livres,2,Nantes -- 1738 --  Exports -- AD44_C706,,11,,,,,,,,,,,,,,,,,
2217,Local,1738,Nantes,,Portugal,Exports,mouchoirs de pontichery,,,,,500,piece,25,Nantes -- 1738 --  Exports -- AD44_C706,,11,,,,,,,,,,,,,,,,,
2218,Local,1738,Nantes,,Portugal,Exports,oignons de jonquilles,,,,,6000,livres,40,Nantes -- 1738 --  Exports -- AD44_C706,,11,,,,,,,lecture « en nombre » ?,,,,,,,,,,
2219,Local,1738,Nantes,,Portugal,Exports,laine,,,,,200,livres,"1,3",Nantes -- 1738 --  Exports -- AD44_C706,,11,,,,,,,,,,,,,,,,,
2220,Local,1738,Nantes,,Portugal,Exports,peaux d’ours,,,,,50,en nombre,8,Nantes -- 1738 --  Exports -- AD44_C706,,11,,,,,,,,,,,,,,,,,
2221,Local,1738,Nantes,,Portugal,Exports,peaux de veau corroyées,,,,,2545,douzaine,"22,5",Nantes -- 1738 --  Exports -- AD44_C706,,11,,,,,,,,,,,,,,,,,
2222,Local,1738,Nantes,,Portugal,Exports,peaux de mouton passées,,,,,13958,en nombre,15,Nantes -- 1738 --  Exports -- AD44_C706,,11,,,,,,,,,,,,,,,,,
2223,Local,1738,Nantes,,Portugal,Exports,quincaille,,,,,60,,"1,25",Nantes -- 1738 --  Exports -- AD44_C706,,11,,,,,,,,,,,,,,,,,
2224,Local,1738,Nantes,,Portugal,Exports,Sucre en pain,,,,,2550,,"0,6",Nantes -- 1738 --  Exports -- AD44_C706,,11,,,,,,,,,,,,,,,,,
2225,Local,1738,Nantes,,Portugal,Exports,sucre terré,,,,,177350,,"0,25",Nantes -- 1738 --  Exports -- AD44_C706,,11,,,,,,,,,,,,,,,,,
2226,Local,1738,Nantes,,Portugal,Exports,Sucre teste,,,,,700,,"0,2",Nantes -- 1738 --  Exports -- AD44_C706,,11,,,,,,,,,,,,,,,,,
2227,Local,1738,Nantes,,Portugal,Exports,Sirop de sucre,,,,,20000,,5,Nantes -- 1738 --  Exports -- AD44_C706,,11,,,,,,,,,,,,,,,,,
2228,Local,1738,Nantes,,Portugal,Exports,sirop de limon,,,,,28580,,1,Nantes -- 1738 --  Exports -- AD44_C706,,11,,,,,,,,,,,,,,,,,
2229,Local,1738,Nantes,,Portugal,Exports,soyerie ,,,,,170,,"0,4",Nantes -- 1738 --  Exports -- AD44_C706,,11,,,,,,,,,,,,,,,,,
2230,Local,1738,Nantes,,Portugal,Exports,Serge,,,,,2146,aune,"1,1",Nantes -- 1738 --  Exports -- AD44_C706,,11,,,,,,,,,,,,,,,,,
2231,Local,1738,Nantes,,Portugal,Exports,salempouris bleu,,,,,240,piece,20,Nantes -- 1738 --  Exports -- AD44_C706,,11,,,,,,,,,,,,,,,,,
2232,Local,1738,Nantes,,Portugal,Exports,squine,,,,,1500,livres,1,Nantes -- 1738 --  Exports -- AD44_C706,,11,,,,,,,,,,,,,,,,,
2233,Local,1738,Nantes,,Portugal,Exports,thé divers,,,,,1544,livres,"2,75",Nantes -- 1738 --  Exports -- AD44_C706,,11,,,,,,,,,,,,,,,,,
2234,Local,1738,Nantes,,Portugal,Exports,toile de bretagne,,,,,39149,livres,4,Nantes -- 1738 --  Exports -- AD44_C706,,11,,,,,,,,,,,,,,,,,
2235,Local,1738,Nantes,,Portugal,Exports,vin de bordeaux ,,,,,2,tonneaux,200,Nantes -- 1738 --  Exports -- AD44_C706,,11,,,,,,,,,,,,2,tonneaux,"2,45",,,
2236,Local,1738,Nantes,,Portugal,Exports,vinaigre,,,,,135,tonneaux,85,Nantes -- 1738 --  Exports -- AD44_C706,,11,,,,,,,,,,,,135,tonneaux,"2,45",,,
2237,Local,1738,Nantes,,Italie,Exports,confiture,,,,,120,livres,"0,5",Nantes -- 1738 --  Exports -- AD44_C706,,12,,,,,,,,,,,,,,,,,
2238,Local,1738,Nantes,,Italie,Exports,cacao,,,,,5012,livres,"0,195",Nantes -- 1738 --  Exports -- AD44_C706,,12,,,,,,,,,,,,,,,,,
2239,Local,1738,Nantes,,Italie,Exports,dissouchaye,,,,,50,piece,27,Nantes -- 1738 --  Exports -- AD44_C706,,12,,,,,,,,,,,,,,,,,
2240,Local,1738,Nantes,,Italie,Exports,eau de vie,,,,,"10,5",bariques,65,Nantes -- 1738 --  Exports -- AD44_C706,,12,,,,,,,,,,,,"10,5",bariques,"3,25",,,
2241,Local,1738,Nantes,,Italie,Exports,etamine de laine,,,,,200,aune,2,Nantes -- 1738 --  Exports -- AD44_C706,,12,,,,,,,,,,,,,,,,,
2242,Local,1738,Nantes,,Italie,Exports,Indigo,,,,,3270,livres,"3,5",,,12,,,,,,,,,,,,,,,,,
2243,Local,1738,Nantes,,Italie,Exports,Sucre en pain,,,,,950,livres,"0,6",Nantes -- 1738 --  Exports -- AD44_C706,,12,,,,,,,,,,,,,,,,,
2244,Local,1738,Nantes,,Italie,Exports,sucre terré,,,,,112060,livres,"0,23",Nantes -- 1738 --  Exports -- AD44_C706,,12,,,,,,,,,,,,,,,,,
2245,Local,1738,Nantes,,Italie,Exports,Toile de Bretagne,,,,,520,livres,4,Nantes -- 1738 --  Exports -- AD44_C706,,12,,,,,,,,,,,,,,,,,
2246,Local,1738,Nantes,,Guinée,Exports,anabas,,,,,10280,piece,23,Nantes -- 1738 --  Exports -- AD44_C706,,12,,,,,,,,,,,,,,,,,
2247,Local,1738,Nantes,,Guinée,Exports,alibanis,,,,,417,piece,12,Nantes -- 1738 --  Exports -- AD44_C706,,12,,,,,,,,,,,,,,,,,
2248,Local,1738,Nantes,,Guinée,Exports,beuf salé,,,,,730,Baril,22,Nantes -- 1738 --  Exports -- AD44_C706,,12,,,,,,,,,,,,,,,,,
2249,Local,1738,Nantes,,Guinée,Exports,beure,,,,,7370,livres,"0,26",Nantes -- 1738 --  Exports -- AD44_C706,,12,,,,,,,,,,,,,,,,,
2250,Local,1738,Nantes,,Guinée,Exports,bougie,,,,,170,livres,"0,26",Nantes -- 1738 --  Exports -- AD44_C706,,12,,,,,,,,,,,,,,,,,
2251,Local,1738,Nantes,,Guinée,Exports,bazin des indes,,,,,28,piece,"38,5",Nantes -- 1738 --  Exports -- AD44_C706,,12,,,,,,,,,,,,,,,,,
2252,Local,1738,Nantes,,Guinée,Exports,branle ,,,,,705,piece,4,Nantes -- 1738 --  Exports -- AD44_C706,,12,,,,,,,,,,,,,,,,,
2253,Local,1738,Nantes,,Guinée,Exports,baffetas bleu,,,,,797,piece,"10,25",Nantes -- 1738 --  Exports -- AD44_C706,,12,,,,,,,,,,,,,,,,,
2254,Local,1738,Nantes,,Guinée,Exports,boulange ,,,,,480,piece,13,Nantes -- 1738 --  Exports -- AD44_C706,,12,,,,,,,,,,,,,,,,,
2255,Local,1738,Nantes,,Guinée,Exports,bajutapaux,,,,,398,piece,14,Nantes -- 1738 --  Exports -- AD44_C706,,12,,,,,,,,,,,,,,,,,
2256,Local,1738,Nantes,,Guinée,Exports,boulais,,,,,100,piece,12,Nantes -- 1738 --  Exports -- AD44_C706,,12,,,,,,,,,,,,,,,,,
2257,Local,1738,Nantes,,Guinée,Exports,bayette,,,,,31,piece,15,Nantes -- 1738 --  Exports -- AD44_C706,,12,,,,,,,,,,,,,,,,,
2258,Local,1738,Nantes,,Guinée,Exports,bonnets de laine,,,,,70,livres,2,Nantes -- 1738 --  Exports -- AD44_C706,,12,,,,,,,,,,,,,,,,,
2259,Local,1738,Nantes,,Guinée,Exports,bassins de cuivre,,,,,24615,livres,"1,3",Nantes -- 1738 --  Exports -- AD44_C706,,12,,,,,,,,,,,,,,,,,
2260,Local,1738,Nantes,,Guinée,Exports,bassins d’étain,,,,,200,en nombre,4,Nantes -- 1738 --  Exports -- AD44_C706,,12,,,,,,,,,,,,,,,,,
2260,Local,1738,Nantes,,Guinée,Exports,bassins d’étain,,,,,2200,livres,"0,85",Nantes -- 1738 --  Exports -- AD44_C706,,12,,,,,,,,,,,,,,,,,
2261,Local,1738,Nantes,,Guinée,Exports,bouchons de liege,,,,,5,milliers,"0,9",Nantes -- 1738 --  Exports -- AD44_C706,,12,,,,,,,,,,,,,,,,,
2262,Local,1738,Nantes,,Guinée,Exports,bariques vuides,,,,,232,en nombre,1,Nantes -- 1738 --  Exports -- AD44_C706,,12,,,,,,,,,,,,,,,,,
2263,Local,1738,Nantes,,Guinée,Exports,Caffe des Isles,,,,,188,livres,"0,5625",Nantes -- 1738 --  Exports -- AD44_C706,,12,,,,,,,,,,,,,,,,,
2264,Local,1738,Nantes,,Guinée,Exports,cauria,,,,,178044,livres,"1,2",Nantes -- 1738 --  Exports -- AD44_C706,,12,,,,,,,,,,,,,,,,,
2265,Local,1738,Nantes,,Guinée,Exports,corail ouvré,,,,,289,livres,"0,75",Nantes -- 1738 --  Exports -- AD44_C706,,12,,,,,,,,,,,,,,,,,
2266,Local,1738,Nantes,,Guinée,Exports,Cire d'Espagne,,,,,30,livres,4,Nantes -- 1738 --  Exports -- AD44_C706,,12,,,,,,,,,,,,,,,,,
2267,Local,1738,Nantes,,Guinée,Exports,chandelle,,,,,1200,livres,"0,375",Nantes -- 1738 --  Exports -- AD44_C706,,12,,,,,,,,,,,,,,,,,
2268,Local,1738,Nantes,,Guinée,Exports,Couty,,,,,1330,livres,4,Nantes -- 1738 --  Exports -- AD44_C706,,12,,,,,,,,,,,,,,,,,
2269,Local,1738,Nantes,,Guinée,Exports,Chitte,,,,,88,piece,30,Nantes -- 1738 --  Exports -- AD44_C706,,12,,,,,,,,,,,,,,,,,
2270,Local,1738,Nantes,,Guinée,Exports,corous,,,,,3734,piece,"4,25",Nantes -- 1738 --  Exports -- AD44_C706,,12,,,,,,,,,,,,,,,,,
2271,Local,1738,Nantes,,Guinée,Exports,chasselas,,,,,182,piece,20,Nantes -- 1738 --  Exports -- AD44_C706,,13,,,,,,,,,,,,,,,,,
2272,Local,1738,Nantes,,Guinée,Exports,cottonade,,,,,170,livres,"2,5",Nantes -- 1738 --  Exports -- AD44_C706,,13,,,,,,,,,,,,,,,,,
2273,Local,1738,Nantes,,Guinée,Exports,coupis,,,,,100,piece,"16,5",Nantes -- 1738 --  Exports -- AD44_C706,,13,,,,,,,,,,,,,,,,,
2274,Local,1738,Nantes,,Guinée,Exports,camelot écarlate,,,,,160,aunes,25,Nantes -- 1738 --  Exports -- AD44_C706,,13,,,,,,,,,,,,,,,,,
2275,Local,1738,Nantes,,Guinée,Exports,camelot de laine,,,,,230,aunes,5,Nantes -- 1738 --  Exports -- AD44_C706,,13,,,,,,,,,,,,,,,,,
2275,Local,1738,Nantes,,Guinée,Exports,camelot de laine,,,,,60,livres,3,Nantes -- 1738 --  Exports -- AD44_C706,,13,,,,,,,,,,,,,,,,,
2276,Local,1738,Nantes,,Guinée,Exports,contrebrodé,,,,,370,livres,"0,8",Nantes -- 1738 --  Exports -- AD44_C706,,13,,,,,,,,,,,,,,,,,
2277,Local,1738,Nantes,,Guinée,Exports,cordages,,,,,136050,livres,"0,23",Nantes -- 1738 --  Exports -- AD44_C706,,13,,,,,,,,,,,,,,,,,
2278,Local,1738,Nantes,,Guinée,Exports,chapeaux castor,,,,,108,en nombre,15,Nantes -- 1738 --  Exports -- AD44_C706,,13,,,,,,,,,,,,,,,,,
2279,Local,1738,Nantes,,Guinée,Exports,chapeaux a negre,,,,,37,douzaine,12,Nantes -- 1738 --  Exports -- AD44_C706,,13,,,,,,,,,,,,,,,,,
2280,Local,1738,Nantes,,Guinée,Exports,couteaux communs,,,,,10043,douzaine,"1,5",Nantes -- 1738 --  Exports -- AD44_C706,,13,,,,,,,,,,,,,,,,,
2280,Local,1738,Nantes,,Guinée,Exports,couteaux communs,,,,,200,douzaine,"0,75",Nantes -- 1738 --  Exports -- AD44_C706,,13,,,,,,,,,,,,,,,,,
2281,Local,1738,Nantes,,Guinée,Exports,cuivre ouvré,,,,,535,livres,"1,5",Nantes -- 1738 --  Exports -- AD44_C706,,13,,,,,,,,,,,,,,,,,
2282,Local,1738,Nantes,,Guinée,Exports,caves garnies de 12 flacons,,,,,10,pièces,12,Nantes -- 1738 --  Exports -- AD44_C706,,13,,,,,,,,,,,,,,,,,
2282,Local,1738,Nantes,,Guinée,Exports,caves garnies de 9 flacons,,,,,730,pièces,8,Nantes -- 1738 --  Exports -- AD44_C706,,13,,,,,,,,,,,,,,,,,
2282,Local,1738,Nantes,,Guinée,Exports,caves garnies de 6 flacons,,,,,1635,pièces,7,Nantes -- 1738 --  Exports -- AD44_C706,,13,,,,,,,,,,,,,,,,,
2283,Local,1738,Nantes,,Guinée,Exports,canettes de terre,,,,,16778,en nombre,"0,2",Nantes -- 1738 --  Exports -- AD44_C706,,13,,,,,,,,,,,,,,,,,
2283,Local,1738,Nantes,,Guinée,Exports,canettes de terre,,,,,500,livres,"0,2",Nantes -- 1738 --  Exports -- AD44_C706,,13,,,,,,,,,,,,,,,,,
2284,Local,1738,Nantes,,Guinée,Exports,cercle de tonneaux,,,,,40,fournitures,10,Nantes -- 1738 --  Exports -- AD44_C706,,13,,,,,,,,,,,,,,,,,
2285,Local,1738,Nantes,,Guinée,Exports,drap de languedoc,,,,,820,aune,8,Nantes -- 1738 --  Exports -- AD44_C706,,13,,,,,,,,,,,,,,,,,
2286,Local,1738,Nantes,,Guinée,Exports,drap de carcassone,,,,,485,aune,8,Nantes -- 1738 --  Exports -- AD44_C706,,13,,,,,,,,,,,,,,,,,
2287,Local,1738,Nantes,,Guinée,Exports,draperie petite,,,,,160,aune,3,Nantes -- 1738 --  Exports -- AD44_C706,,13,,,,,,,,,,,,,,,,,
2288,Local,1738,Nantes,,Guinée,Exports,Demi-guinée bleuë,,,,,200,piece,22,Nantes -- 1738 --  Exports -- AD44_C706,,13,,,,,,,,,,,,,,,,,
2289,Local,1738,Nantes,,Guinée,Exports,eau de vie,,,,,1932,Barique,65,Nantes -- 1738 --  Exports -- AD44_C706,,13,,,,,,,,,,,,,,,,,
2290,Local,1738,Nantes,,Guinée,Exports,etoffe de soye,,,,,120,livres,40,Nantes -- 1738 --  Exports -- AD44_C706,,13,,,,,,,,,,,,,,,,,
2291,Local,1738,Nantes,,Guinée,Exports,etamine de laine,,,,,70,aune,2,Nantes -- 1738 --  Exports -- AD44_C706,,13,,,,,,,,,,,,,,,,,
2292,Local,1738,Nantes,,Guinée,Exports,etain ouvré,,,,,1380,livres,"1,25",Nantes -- 1738 --  Exports -- AD44_C706,,13,,,,,,,,,,,,,,,,,
2293,Local,1738,Nantes,,Guinée,Exports,fruis cui,,,,,1920,livres,"0,4",Nantes -- 1738 --  Exports -- AD44_C706,,13,,,,,,,,,,,,,,,,,
2294,Local,1738,Nantes,,Guinée,Exports,feves,,,,,313,tonneaux,105,Nantes -- 1738 --  Exports -- AD44_C706,,13,,,,,,,,,,,,,,,,,
2295,Local,1738,Nantes,,Guinée,Exports,farine,,,,,397,Baril,21,Nantes -- 1738 --  Exports -- AD44_C706,,13,,,,,,,,,,,,,,,,,
2296,Local,1738,Nantes,,Guinée,Exports,fromage,,,,,120,livres,"0,15",Nantes -- 1738 --  Exports -- AD44_C706,,13,,,,,,,,,,,,,,,,,
2297,Local,1738,Nantes,,Guinée,Exports,fusils boucaniers,,,,,8071,en nombre,7,Nantes -- 1738 --  Exports -- AD44_C706,,13,,,,,,,,,,,,,,,,,
2298,Local,1738,Nantes,,Guinée,Exports,ferremens ,,,,,2400,livres,"0,04",Nantes -- 1738 --  Exports -- AD44_C706,,13,,,,,,,,,,,,,,,,,
2299,Local,1738,Nantes,,Guinée,Exports,fer en barre,,,,,78200,livres,"0,12",Nantes -- 1738 --  Exports -- AD44_C706,,13,,,,,,,,,,,,,,,,,
2300,Local,1738,Nantes,,Guinée,Exports,gruau,,,,,31,bariques,80,Nantes -- 1738 --  Exports -- AD44_C706,,13,,,,,,,,,,,,,,,,,
2300,Local,1738,Nantes,,Guinée,Exports,gruau,,,,,2000,livres,"0,25",Nantes -- 1738 --  Exports -- AD44_C706,,13,,,,,,,,,,,,,,,,,
2301,Local,1738,Nantes,,Guinée,Exports,guinée bleuë,,,,,1998,piece,21,Nantes -- 1738 --  Exports -- AD44_C706,,13,,,,,,,,,,,,,,,,,
2302,Local,1738,Nantes,,Guinée,Exports,guinée blanche,,,,,20,piece,35,Nantes -- 1738 --  Exports -- AD44_C706,,13,,,,,,,,,,,,,,,,,
2303,Local,1738,Nantes,,Guinée,Exports,garas bleue,,,,,1469,piece,,Nantes -- 1738 --  Exports -- AD44_C706,,13,,,,,,,lecture,,,,,,,,,,
2304,Local,1738,Nantes,,Guinée,Exports,guingans de Ponticheri,,,,,1482,piece,"11,5",Nantes -- 1738 --  Exports -- AD44_C706,,13,,,,,,,,,,,,,,,,,
2305,Local,1738,Nantes,,Guinée,Exports,guingans de madras,,,,,848,piece,10,Nantes -- 1738 --  Exports -- AD44_C706,,13,,,,,,,,,,,,,,,,,
2306,Local,1738,Nantes,,Guinée,Exports,gingans,,,,,1523,piece,"11,5",Nantes -- 1738 --  Exports -- AD44_C706,,13,,,,,,,,,,,,,,,,,
2307,Local,1738,Nantes,,Guinée,Exports,huile d’olive,,,,,3090,livres,"0,6",Nantes -- 1738 --  Exports -- AD44_C706,,13,,,,,,,,,,,,,,,,,
2308,Local,1738,Nantes,,Guinée,Exports,indienne,,,,,1281,piece,20,Nantes -- 1738 --  Exports -- AD44_C706,,13,,,,,,,,,,,,,,,,,
2309,Local,1738,Nantes,,Guinée,Exports,lard,,,,,10860,livres,"0,2",Nantes -- 1738 --  Exports -- AD44_C706,,13,,,,,,,,,,,,,,,,,
2310,Local,1738,Nantes,,Guinée,Exports,limeneas,,,,,4732,pièces,"19,25",Nantes -- 1738 --  Exports -- AD44_C706,,13,,,,,,,,,,,,,,,,,
2311,Local,1738,Nantes,,Guinée,Exports,grelots de cuivre,,,,,131,douzaines,"0,6",Nantes -- 1738 --  Exports -- AD44_C706,,13,,,,,,,,,,,,,,,,,
2311,Local,1738,Nantes,,Guinée,Exports,grelots de cuivre,,,,,120,livres,3,Nantes -- 1738 --  Exports -- AD44_C706,,13,,,,,,,,,,,,,,,,,
2312,Local,1738,Nantes,,Guinée,Exports,mercerie,,,,,1075,livres,2,Nantes -- 1738 --  Exports -- AD44_C706,,13,,,,,,,,,,,,,,,,,
2313,Local,1738,Nantes,,Guinée,Exports,meubles,,,3340,,,,,Nantes -- 1738 --  Exports -- AD44_C706,,13,,,,,,,,,,,,,,,,,
2314,Local,1738,Nantes,,Guinée,Exports,mouchoirs de Pontichery,,,,,1097,piece,25,Nantes -- 1738 --  Exports -- AD44_C706,,13,,,,,,,,,,,,,,,,,
2315,Local,1738,Nantes,,Guinée,Exports,mouchoirs peints,,,,,188,piece,20,Nantes -- 1738 --  Exports -- AD44_C706,,13,,,,,,,,,,,,,,,,,
2316,Local,1738,Nantes,,Guinée,Exports,necanias,,,,,1940,piece,9,Nantes -- 1738 --  Exports -- AD44_C706,,14,,,,,,,,,,,,,,,,,
2317,Local,1738,Nantes,,Guinée,Exports,necanias étroite,,,,,100,piece,8,Nantes -- 1738 --  Exports -- AD44_C706,,14,,,,,,,,,,,,,,,,,
2318,Local,1738,Nantes,,Guinée,Exports,neganipaux,,,,,449,piece,14,Nantes -- 1738 --  Exports -- AD44_C706,,14,,,,,,,,,,,,,,,,,
2320,Local,1738,Nantes,,Guinée,Exports,poix,,,,,14,tonneaux,80,Nantes -- 1738 --  Exports -- AD44_C706,,14,,,,,,,,,,,,,,,,,
2321,Local,1738,Nantes,,Guinée,Exports,perpetuanne,,,,,446,pièces,25,Nantes -- 1738 --  Exports -- AD44_C706,,14,,,,,,,,,,,,,,,,,
2322,Local,1738,Nantes,,Guinée,Exports,photes,,,,,200,piece,8,Nantes -- 1738 --  Exports -- AD44_C706,,14,,,,,,,,,,,,,,,,,
2323,Local,1738,Nantes,,Guinée,Exports,plomb en plaque,,,,,600,livres,"0,26",Nantes -- 1738 --  Exports -- AD44_C706,,14,,,,,,,,,,,,,,,,,
2324,Local,1738,Nantes,,Guinée,Exports,pierres a fusils,,,,,"167,5",milliers,"0,00325",Nantes -- 1738 --  Exports -- AD44_C706,,14,,,,,,,,,,,,,,,,,
2325,Local,1738,Nantes,,Guinée,Exports,pipes à fumer,,,,,2883,grosses,2,Nantes -- 1738 --  Exports -- AD44_C706,,14,,,,,,,,,,,,,,,,,
2326,Local,1738,Nantes,,Guinée,Exports,quincaille,,,,,810,livres,"1,25",Nantes -- 1738 --  Exports -- AD44_C706,,14,,,,,,,,,,,,,,,,,
2327,Local,1738,Nantes,,Guinée,Exports,raz de Saint maur,,,,,18,aune,3,Nantes -- 1738 --  Exports -- AD44_C706,,14,,,,,,,,,,,,,,,,,
2328,Local,1738,Nantes,,Guinée,Exports,rassade,,,,,850,livres,"0,8",Nantes -- 1738 --  Exports -- AD44_C706,,14,,,,,,,,,,,,,,,,,
2329,Local,1738,Nantes,,Guinée,Exports,sucre terré,,,,,600,livres,"0,27",Nantes -- 1738 --  Exports -- AD44_C706,,14,,,,,,,,,,,,,,,,,
2330,Local,1738,Nantes,,Guinée,Exports,salempouri bleu,,,,,2272,piece,18,Nantes -- 1738 --  Exports -- AD44_C706,,14,,,,,,,,,,,,,,,,,
2331,Local,1738,Nantes,,Guinée,Exports,salempouri blanc,,,,,1250,piece,"16,75",Nantes -- 1738 --  Exports -- AD44_C706,,14,,,,,,,,,,,,,,,,,
2332,Local,1738,Nantes,,Guinée,Exports,suif,,,,,2130,livres,"0,325",Nantes -- 1738 --  Exports -- AD44_C706,,14,,,,,,,,,,,,,,,,,
2333,Local,1738,Nantes,,Guinée,Exports,tabac en poudre,,,,,577,livres,"0,5",Nantes -- 1738 --  Exports -- AD44_C706,,14,,,,,,,,,,,,,,,,,
2334,Local,1738,Nantes,,Guinée,Exports,tabac filé,,,,,6850,livres,"0,75",Nantes -- 1738 --  Exports -- AD44_C706,,14,,,,,,,,,,,,,,,,,
2335,Local,1738,Nantes,,Guinée,Exports,tapsel ,,,,,1999,piece,14,Nantes -- 1738 --  Exports -- AD44_C706,,14,,,,,,,,,,,,,,,,,
2336,Local,1738,Nantes,,Guinée,Exports,toile de cotton des indes,,,,,50,pièces,6,Nantes -- 1738 --  Exports -- AD44_C706,,14,,,,,,,,,,,,,,,,,
2337,Local,1738,Nantes,,Guinée,Exports,toile peinte,,,,,1392,piece,24,Nantes -- 1738 --  Exports -- AD44_C706,,14,,,,,,,,,,,,,,,,,
2338,Local,1738,Nantes,,Guinée,Exports,toile platille,,,,,31788,piece,4,Nantes -- 1738 --  Exports -- AD44_C706,,14,,,,,,,,,,,,,,,,,
2339,Local,1738,Nantes,,Guinée,Exports,toile de bretagne,,,,,4510,livres,4,Nantes -- 1738 --  Exports -- AD44_C706,,14,,,,,,,,,,,,,,,,,
2340,Local,1738,Nantes,,Guinée,Exports,tire bouch,,,,,6,douzaines,"1,5",Nantes -- 1738 --  Exports -- AD44_C706,,14,,,,,,,,,,,,,,,,,
2341,Local,1738,Nantes,,Guinée,Exports,trompette de fer,,,,,6,douzaines,"0,5",Nantes -- 1738 --  Exports -- AD44_C706,,14,,,,,,,,,,,,,,,,,
2342,Local,1738,Nantes,,Guinée,Exports,terrerie de gray,,,,,2500,livres,"0,1",Nantes -- 1738 --  Exports -- AD44_C706,,14,,,,,,,,,,,,,,,,,
2343,Local,1738,Nantes,,Guinée,Exports,vin de bordeaux,,,,,66,tonneaux,200,Nantes -- 1738 --  Exports -- AD44_C706,,14,,,,,,,,,,,,,,,,,
2344,Local,1738,Nantes,,Guinée,Exports,vin nantois,,,,,130.25,tonneaux,75,Nantes -- 1738 --  Exports -- AD44_C706,,14,,,,,,,,,,,,,,,,,
2345,Local,1738,Nantes,,Guinée,Exports,vinaigre,,,,,"1,75",tonneaux,85,Nantes -- 1738 --  Exports -- AD44_C706,,14,,,,,,,,,,,,,,,,,
2346,Local,1738,Nantes,,Guinée,Exports,verotterie,,,,,885,livres,"0,8",Nantes -- 1738 --  Exports -- AD44_C706,,14,,,,,,,,,,,,,,,,,
2347,Local,1738,Nantes,,Guinée,Exports,verres a boire,,,,,46,douzaine,"1,2",Nantes -- 1738 --  Exports -- AD44_C706,,14,,,,,,,,,,,,,,,,,
2348,Local,1738,Nantes,,Les Isles françoises et Amerique,Exports,amandes en coques,,,,,1200,livres,"0,32",Nantes -- 1738 --  Exports -- AD44_C706,,14,,,,,,,,,,,,,,,,,
2349,Local,1738,Nantes,,Les Isles françoises et Amerique,Exports,ain à pêcher,,,,,25,douzaine,"0,2",Nantes -- 1738 --  Exports -- AD44_C706,,14,,,,,,,,,,,,,,,,,
2350,Local,1738,Nantes,,Les Isles françoises et Amerique,Exports,acier,,,,,200,livres,"0,22",Nantes -- 1738 --  Exports -- AD44_C706,,14,,,,,,,,,,,,,,,,,
2351,Local,1738,Nantes,,Les Isles françoises et Amerique,Exports,ancres de fer,,,,,7700,livres,"0,25",Nantes -- 1738 --  Exports -- AD44_C706,,14,,,,,,,,,,,,,,,,,
2352,Local,1738,Nantes,,Les Isles françoises et Amerique,Exports,alambics d’etain,,,,,1020,livres,"0,95",Nantes -- 1738 --  Exports -- AD44_C706,,14,,,,,,,,,,,,,,,,,
2353,Local,1738,Nantes,,Les Isles françoises et Amerique,Exports,ardoises,,,,,2908300,en nombre,"0,026",Nantes -- 1738 --  Exports -- AD44_C706,,14,,,,,,,,,,,,,,,,,
2354,Local,1738,Nantes,,Les Isles françoises et Amerique,Exports,bœuf salé,,,,,12429,Baril,22,Nantes -- 1738 --  Exports -- AD44_C706,,14,,,,,,,,,,,,,,,,,
2355,Local,1738,Nantes,,Les Isles françoises et Amerique,Exports,beure salé,,,,,199025,livres,"0,23",Nantes -- 1738 --  Exports -- AD44_C706,,14,,,,,,,,,,,,,,,,,
2356,Local,1738,Nantes,,Les Isles françoises et Amerique,Exports,biere,,,,,90,bariques,24,Nantes -- 1738 --  Exports -- AD44_C706,,14,,,,,,,,,,,,,,,,,
2356,Local,1738,Nantes,,Les Isles françoises et Amerique,Exports,biere,,,,,33,quarts,12,Nantes -- 1738 --  Exports -- AD44_C706,,14,,,,,,,,,,,,,,,,,
2357,Local,1738,Nantes,,Les Isles françoises et Amerique,Exports,bray gras,,,,,60,Baril,12,Nantes -- 1738 --  Exports -- AD44_C706,,14,,,,,,,,,,,,,,,,,
2358,Local,1738,Nantes,,Les Isles françoises et Amerique,Exports,bray sec,,,,,4600,livres,12,Nantes -- 1738 --  Exports -- AD44_C706,,14,,,,,,,,,,,,,,,,,
2359,Local,1738,Nantes,,Les Isles françoises et Amerique,Exports,bougie blanche,,,,,4716,livres,"0,007",Nantes -- 1738 --  Exports -- AD44_C706,,14,,,,,,,,,,,,,,,,,
2360,Local,1738,Nantes,,Les Isles françoises et Amerique,Exports,bas de soye,,,,,23,livres,40,Nantes -- 1738 --  Exports -- AD44_C706,,14,,,,,,,,,,,,,,,,,
2361,Local,1738,Nantes,,Les Isles françoises et Amerique,Exports,bas de fil,,,,,1802,livres,5,Nantes -- 1738 --  Exports -- AD44_C706,,14,,,,,,,,,,,,,,,,,
2362,Local,1738,Nantes,,Les Isles françoises et Amerique,Exports,basin des indes,,,,,150,pièces,"38,5",Nantes -- 1738 --  Exports -- AD44_C706,,14,,,,,,,,,,,,,,,,,
2362,Local,1738,Nantes,,Les Isles françoises et Amerique,Exports,basin des indes,,,,,115,livres,,Nantes -- 1738 --  Exports -- AD44_C706,,14,,,,,,,valeur unitaire manquante,,,,,,,,,,
2363,Local,1738,Nantes,,Les Isles françoises et Amerique,Exports,botine,,,,,40,piece,6,Nantes -- 1738 --  Exports -- AD44_C706,,14,,,,,,,,,,,,,,,,,
2364,Local,1738,Nantes,,Les Isles françoises et Amerique,Exports,bouteilles de verres,,,,,350,en nombre,"0,2",Nantes -- 1738 --  Exports -- AD44_C706,,15,,,,,,,,,,,,,,,,,
2365,Local,1738,Nantes,,Les Isles françoises et Amerique,Exports,bouchon de liege,,,,,25,milliers,"0,009",Nantes -- 1738 --  Exports -- AD44_C706,,15,,,,,,,,,,,,,,,,,
2366,Local,1738,Nantes,,Les Isles françoises et Amerique,Exports,bariques en bottes,,,,,434,en nombre,"1,25",Nantes -- 1738 --  Exports -- AD44_C706,,15,,,,,,,,,,,,,,,,,
2367,Local,1738,Nantes,,Les Isles françoises et Amerique,Exports,baris vuides,,,,,67,en nombre,"1,25",Nantes -- 1738 --  Exports -- AD44_C706,,15,,,,,,,,,,,,,,,,,
2368,Local,1738,Nantes,,Les Isles françoises et Amerique,Exports,briques,,,,,66,milliers,"0,013",Nantes -- 1738 --  Exports -- AD44_C706,,15,,,,,,,,,,,,,,,,,
2369,Local,1738,Nantes,,Les Isles françoises et Amerique,Exports,cuisses d’oye,,,,,120,Baril,10,Nantes -- 1738 --  Exports -- AD44_C706,,15,,,,,,,,,,,,,,,,,
2370,Local,1738,Nantes,,Les Isles françoises et Amerique,Exports,caffé de Moka,,,,,1459,livres,"1,5",Nantes -- 1738 --  Exports -- AD44_C706,,15,,,,,,,,,,,,,,,,,
2371,Local,1738,Nantes,,Les Isles françoises et Amerique,Exports,cire en pain,,,,,600,livres,"1,75",Nantes -- 1738 --  Exports -- AD44_C706,,15,,,,,,,,,,,,,,,,,
2372,Local,1738,Nantes,,Les Isles françoises et Amerique,Exports,chandelle,,,,,37325,livres,"0,4",Nantes -- 1738 --  Exports -- AD44_C706,,15,,,,,,,,,,,,,,,,,
2373,Local,1738,Nantes,,Les Isles françoises et Amerique,Exports,Couty,,,,,450,livres,4,Nantes -- 1738 --  Exports -- AD44_C706,,15,,,,,,,,,,,,,,,,,
2374,Local,1738,Nantes,,Les Isles françoises et Amerique,Exports,couverture fil et laine,,,,,150,livres,"0,5",Nantes -- 1738 --  Exports -- AD44_C706,,15,,,,,,,,,,,,,,,,,
2375,Local,1738,Nantes,,Les Isles françoises et Amerique,Exports,cottonade,,,,,200,aune,1,Nantes -- 1738 --  Exports -- AD44_C706,,15,,,,,,,,,,,,,,,,,
2376,Local,1738,Nantes,,Les Isles françoises et Amerique,Exports,camelot de laine,,,,,2840,aune,4,Nantes -- 1738 --  Exports -- AD44_C706,,15,,,,,,,,,,,,,,,,,
2377,Local,1738,Nantes,,Les Isles françoises et Amerique,Exports,chapeaux castor,,,,,2920,en nombre,18,Nantes -- 1738 --  Exports -- AD44_C706,,15,,,,,,,,,,,,,,,,,
2378,Local,1738,Nantes,,Les Isles françoises et Amerique,Exports,chapeaux demi castors,,,,,242,en nombre,13,Nantes -- 1738 --  Exports -- AD44_C706,,15,,,,,,,,,,,,,,,,,
2379,Local,1738,Nantes,,Les Isles françoises et Amerique,Exports,chapeaux vigognes,,,,,126,en nombre,5,Nantes -- 1738 --  Exports -- AD44_C706,,15,,,,,,,,,,,,,,,,,
2380,Local,1738,Nantes,,Les Isles françoises et Amerique,Exports,chapeaux poil et laine,,,,,120,en nombre,3,Nantes -- 1738 --  Exports -- AD44_C706,,15,,,,,,,,,,,,,,,,,
2381,Local,1738,Nantes,,Les Isles françoises et Amerique,Exports,chapeaux communs,,,,,283,en nombre,2,Nantes -- 1738 --  Exports -- AD44_C706,,15,,,,,,,,,,,,,,,,,
2382,Local,1738,Nantes,,Les Isles françoises et Amerique,Exports,chapeaux a negre,,,,,113,douzaine,10,Nantes -- 1738 --  Exports -- AD44_C706,,15,,,,,,,,,,,,,,,,,
2383,Local,1738,Nantes,,Les Isles françoises et Amerique,Exports,cuir doré,,,,,455,livres,"0,6",Nantes -- 1738 --  Exports -- AD44_C706,,15,,,,,,,,,,,,,,,,,
2384,Local,1738,Nantes,,Les Isles françoises et Amerique,Exports,cartes a jouer,,,,,570,livres,"1,25",Nantes -- 1738 --  Exports -- AD44_C706,,15,,,,,,,,,,,,,,,,,
2385,Local,1738,Nantes,,Les Isles françoises et Amerique,Exports,crin de cheval,,,,,1040,livres,"0,6",Nantes -- 1738 --  Exports -- AD44_C706,,15,,,,,,,,,,,,,,,,,
2386,Local,1738,Nantes,,Les Isles françoises et Amerique,Exports,cordages,,,,,496900,livres,"0,23",Nantes -- 1738 --  Exports -- AD44_C706,,15,,,,,,,,,,,,,,,,,
2387,Local,1738,Nantes,,Les Isles françoises et Amerique,Exports,cristaux,,,,,300,livres,,Nantes -- 1738 --  Exports -- AD44_C706,,15,,,,,,,valeur unitaire manquante,,,,,,,,,,
2388,Local,1738,Nantes,,Les Isles françoises et Amerique,Exports,cuivre ouvré,,,,,10175,livres,"1,5",Nantes -- 1738 --  Exports -- AD44_C706,,15,,,,,,,,,,,,,,,,,
2389,Local,1738,Nantes,,Les Isles françoises et Amerique,Exports,clouds dorés,,,,,60,milliers,"7,5",Nantes -- 1738 --  Exports -- AD44_C706,,15,,,,,,,,,,,,,,,,,
2390,Local,1738,Nantes,,Les Isles françoises et Amerique,Exports,clouds de fer,,,,,198900,livres,"0,22",Nantes -- 1738 --  Exports -- AD44_C706,,15,,,,,,,,,,,,,,,,,
2391,Local,1738,Nantes,,Les Isles françoises et Amerique,Exports,couteaux indigo,,,,,608,en nombre,"0,15",Nantes -- 1738 --  Exports -- AD44_C706,,15,,,,,,,,,,,,,,,,,
2392,Local,1738,Nantes,,Les Isles françoises et Amerique,Exports,chaudieres de fer,,,,,1800,livres,"0,1",Nantes -- 1738 --  Exports -- AD44_C706,,15,,,,,,,,,,,,,,,,,
2393,Local,1738,Nantes,,Les Isles françoises et Amerique,Exports,carreaux de terre,,,,,651500,en nombre,"0,013",Nantes -- 1738 --  Exports -- AD44_C706,,15,,,,,,,,,,,,,,,,,
2394,Local,1738,Nantes,,Les Isles françoises et Amerique,Exports,chaises de pailles,,,,,33,douzaine,12,Nantes -- 1738 --  Exports -- AD44_C706,,15,,,,,,,,,,,,,,,,,
2395,Local,1738,Nantes,,Les Isles françoises et Amerique,Exports,cercle à tonneaux,,,,,2400,fournitures,10,Nantes -- 1738 --  Exports -- AD44_C706,,15,,,,,,,,,,,,,,,,,
2396,Local,1738,Nantes,,Les Isles françoises et Amerique,Exports,charbon de terre,,,,,123,Barique,18,Nantes -- 1738 --  Exports -- AD44_C706,,15,,,,,,,,,,,,,,,,,
2397,Local,1738,Nantes,,Les Isles françoises et Amerique,Exports,dentelle dupuy,,,,,490,livres,1,Nantes -- 1738 --  Exports -- AD44_C706,,15,,,,,,,,,,,,,,,,,
2398,Local,1738,Nantes,,Les Isles françoises et Amerique,Exports,draps de lisle,,,,,200,aune,,Nantes -- 1738 --  Exports -- AD44_C706,,15,,,,,,,valeur unitaire manquante,,,,,,,,,,
2399,Local,1738,Nantes,,Les Isles françoises et Amerique,Exports,drap de vire,,,,,114,aune,4,Nantes -- 1738 --  Exports -- AD44_C706,,15,,,,,,,,,,,,,,,,,
2400,Local,1738,Nantes,,Les Isles françoises et Amerique,Exports,drap de languedoc,,,,,460,livres,6,Nantes -- 1738 --  Exports -- AD44_C706,,15,,,,,,,,,,,,,,,,,
2401,Local,1738,Nantes,,Les Isles françoises et Amerique,Exports,drap de carcassone,,,,,270,livres,6,Nantes -- 1738 --  Exports -- AD44_C706,,15,,,,,,,,,,,,,,,,,
2402,Local,1738,Nantes,,Les Isles françoises et Amerique,Exports,drap commun,,,,,2210,aune,"2,5",Nantes -- 1738 --  Exports -- AD44_C706,,15,,,,,,,,,,,,,,,,,
2403,Local,1738,Nantes,,Les Isles françoises et Amerique,Exports,drap à passer sucre,,,,,55,aune,4,Nantes -- 1738 --  Exports -- AD44_C706,,15,,,,,,,,,,,,,,,,,
2403,Local,1738,Nantes,,Les Isles françoises et Amerique,Exports,drap à passer sucre,,,,,328,livres,3,Nantes -- 1738 --  Exports -- AD44_C706,,15,,,,,,,,,,,,,,,,,
2404,Local,1738,Nantes,,Les Isles françoises et Amerique,Exports,douelles vieilles,,,,,1350,en nombre,"0,05",Nantes -- 1738 --  Exports -- AD44_C706,,15,,,,,,,,,,,,,,,,,
2405,Local,1738,Nantes,,Les Isles françoises et Amerique,Exports,epicerie,,,,,610,livres,"1,5",Nantes -- 1738 --  Exports -- AD44_C706,,15,,,,,,,,,,,,,,,,,
2406,Local,1738,Nantes,,Les Isles françoises et Amerique,Exports,eau de vie,,,,,"208,25",Barique,65,Nantes -- 1738 --  Exports -- AD44_C706,,15,,,,,,,,,,,,,,,,,
2407,Local,1738,Nantes,,Les Isles françoises et Amerique,Exports,etoffe de soye,,,,,"1979,5",livres,40,Nantes -- 1738 --  Exports -- AD44_C706,,15,,,,,,,,,,,,,,,,,
2408,Local,1738,Nantes,,Les Isles françoises et Amerique,Exports,etamine de laine,,,,,4090,aunes,2,Nantes -- 1738 --  Exports -- AD44_C706,,15,,,,,,,,,,,,,,,,,
2408,Local,1738,Nantes,,Les Isles françoises et Amerique,Exports,etamine de laine,,,,,11838,livres,3,Nantes -- 1738 --  Exports -- AD44_C706,,15,,,,,,,,,,,,,,,,,
2409,Local,1738,Nantes,,Les Isles françoises et Amerique,Exports,etain ouvré,,,,,700,livres,"1,25",Nantes -- 1738 --  Exports -- AD44_C706,,15,,,,,,,,,,,,,,,,,
2410,Local,1738,Nantes,,Les Isles françoises et Amerique,Exports,essieux de fer,,,,,8700,livres,"0,15",Nantes -- 1738 --  Exports -- AD44_C706,,15,,,,,,,,,,,,,,,,,
2411,Local,1738,Nantes,,Les Isles françoises et Amerique,Exports,fruis cuis,,,,,2350,livres,"0,4",Nantes -- 1738 --  Exports -- AD44_C706,,15,,,,,,,,,,,,,,,,,
2412,Local,1738,Nantes,,Les Isles françoises et Amerique,Exports,fruie cru,,,,,2200,livres,"0,05",Nantes -- 1738 --  Exports -- AD44_C706,,15,,,,,,,,,,,,,,,,,
2413,Local,1738,Nantes,,Les Isles françoises et Amerique,Exports,figues,,,,,500,livres,"0,15",Nantes -- 1738 --  Exports -- AD44_C706,,15,,,,,,,,,,,,,,,,,
2414,Local,1738,Nantes,,Les Isles françoises et Amerique,Exports,feves en pois,,,,,196,Barique,18,Nantes -- 1738 --  Exports -- AD44_C706,,15,,,,,,,,,,,,,,,,,
2415,Local,1738,Nantes,,Les Isles françoises et Amerique,Exports,fromage,,,,,12,quarts,9,Nantes -- 1738 --  Exports -- AD44_C706,,16,,,,,,,,,,,,,,,,,
2416,Local,1738,Nantes,,Les Isles françoises et Amerique,Exports,???,,,,,26700,livres,"0,2",,,16,,,,,,,,,,,,,,,,,
2417,Local,1738,Nantes,,Les Isles françoises et Amerique,Exports,farine,,,,,6251,Baril,21,Nantes -- 1738 --  Exports -- AD44_C706,,16,,,,,,,,,,,,,,,,,
2418,Local,1738,Nantes,,Les Isles françoises et Amerique,Exports,futaine sur fil,,,,,500,livres,,Nantes -- 1738 --  Exports -- AD44_C706,,16,,,,,,,valeur unitaire manquante,,,,,,,,,,
2419,Local,1738,Nantes,,Les Isles françoises et Amerique,Exports,fil de Rennes,,,,,2620,livres,"0,5",Nantes -- 1738 --  Exports -- AD44_C706,,16,,,,,,,,,,,,,,,,,
2420,Local,1738,Nantes,,Les Isles françoises et Amerique,Exports,fil à voile,,,,,900,livres,"0,75",Nantes -- 1738 --  Exports -- AD44_C706,,16,,,,,,,,,,,,,,,,,
2421,Local,1738,Nantes,,Les Isles françoises et Amerique,Exports,fil à seine,,,,,2000,livres,"0,75",Nantes -- 1738 --  Exports -- AD44_C706,,16,,,,,,,,,,,,,,,,,
2422,Local,1738,Nantes,,Les Isles françoises et Amerique,Exports,fil de laton,,,,,1000,livres,"1,5",Nantes -- 1738 --  Exports -- AD44_C706,,16,,,,,,,,,,,,,,,,,
2423,Local,1738,Nantes,,Les Isles françoises et Amerique,Exports,fayance,,,,,938,douzaine,"3,75",Nantes -- 1738 --  Exports -- AD44_C706,,16,,,,,,,,,,,,,,,,,
2424,Local,1738,Nantes,,Les Isles françoises et Amerique,Exports,fusils boucaniers,,,,,411,en nombre,6,Nantes -- 1738 --  Exports -- AD44_C706,,16,,,,,,,,,,,,,,,,,
2425,Local,1738,Nantes,,Les Isles françoises et Amerique,Exports,fleaux de fer,,,,,350,livres,"0,2",Nantes -- 1738 --  Exports -- AD44_C706,,16,,,,,,,,,,,,,,,,,
2426,Local,1738,Nantes,,Les Isles françoises et Amerique,Exports,faucilles,,,,,280,en nombre,"0,75",Nantes -- 1738 --  Exports -- AD44_C706,,16,,,,,,,,,,,,,,,,,
2427,Local,1738,Nantes,,Les Isles françoises et Amerique,Exports,fer ouvré,,,,,3950,livres,"0,25",Nantes -- 1738 --  Exports -- AD44_C706,,16,,,,,,,,,,,,,,,,,
2428,Local,1738,Nantes,,Les Isles françoises et Amerique,Exports,fer et fonte ouvré,,,,,57400,livres,"0,15",Nantes -- 1738 --  Exports -- AD44_C706,,16,,,,,,,,,,,,,,,,,
2429,Local,1738,Nantes,,Les Isles françoises et Amerique,Exports,ferremens à moulin à sucre,,,,,19650,livres,"0,3",Nantes -- 1738 --  Exports -- AD44_C706,,16,,,,,,,,,,,,,,,,,
2430,Local,1738,Nantes,,Les Isles françoises et Amerique,Exports,fer en barres,,,,,12000,livres,"0,12",Nantes -- 1738 --  Exports -- AD44_C706,,16,,,,,,,,,,,,,,,,,
2431,Local,1738,Nantes,,Les Isles françoises et Amerique,Exports,formes de terre à sucre,,,,,13191,en nombre,"0,75",Nantes -- 1738 --  Exports -- AD44_C706,,16,,,,,,,,,,,,,,,,,
2432,Local,1738,Nantes,,Les Isles françoises et Amerique,Exports,galon or et argent,,,,,31,livres,"7,5",Nantes -- 1738 --  Exports -- AD44_C706,,16,,,,,,,,,,,,,,,,,
2433,Local,1738,Nantes,,Les Isles françoises et Amerique,Exports,galon d’argens,,,,,"2,5",livres,104,Nantes -- 1738 --  Exports -- AD44_C706,,16,,,,,,,,,,,,,,,,,
2434,Local,1738,Nantes,,Les Isles françoises et Amerique,Exports,gaz de soye,,,,,22,livres,,Nantes -- 1738 --  Exports -- AD44_C706,,16,,,,,,,valeur unitaire manquante,,,,,,,,,,
2435,Local,1738,Nantes,,Les Isles françoises et Amerique,Exports,gans de peau,,,,,39,douzaine de paires,8,Nantes -- 1738 --  Exports -- AD44_C706,,16,,,,,,,,,,,,,,,,,
2436,Local,1738,Nantes,,Les Isles françoises et Amerique,Exports,gobelets de cristal,,,,,40,douzaine,2,Nantes -- 1738 --  Exports -- AD44_C706,,16,,,,,,,,,,,,,,,,,
2437,Local,1738,Nantes,,Les Isles françoises et Amerique,Exports,grilles de fer,,,,,28000,livres,"0,1",Nantes -- 1738 --  Exports -- AD44_C706,,16,,,,,,,,,,,,,,,,,
2438,Local,1738,Nantes,,Les Isles françoises et Amerique,Exports,graines de jardin,,,,,200,livres,1,Nantes -- 1738 --  Exports -- AD44_C706,,16,,,,,,,,,,,,,,,,,
2439,Local,1738,Nantes,,Les Isles françoises et Amerique,Exports,gaudron,,,,,34,Baril,13,Nantes -- 1738 --  Exports -- AD44_C706,,16,,,,,,,,,,,,,,,,,
2440,Local,1738,Nantes,,Les Isles françoises et Amerique,Exports,harangs blancs,,,,,26,Baril,20,Nantes -- 1738 --  Exports -- AD44_C706,,16,,,,,,,,,,,,,,,,,
2441,Local,1738,Nantes,,Les Isles françoises et Amerique,Exports,huile d’olive,,,,,21080,livres,"0,6",Nantes -- 1738 --  Exports -- AD44_C706,,16,,,,,,,,,,,,,,,,,
2442,Local,1738,Nantes,,Les Isles françoises et Amerique,Exports,huile de graine,,,,,25250,livres,"0,3",Nantes -- 1738 --  Exports -- AD44_C706,,16,,,,,,,,,,,,,,,,,
2443,Local,1738,Nantes,,Les Isles françoises et Amerique,Exports,huile de noix,,,,,2200,livres,"0,3",Nantes -- 1738 --  Exports -- AD44_C706,,16,,,,,,,,,,,,,,,,,
2444,Local,1738,Nantes,,Les Isles françoises et Amerique,Exports,huile de poisson,,,,,2325,livres,"0,25",Nantes -- 1738 --  Exports -- AD44_C706,,16,,,,,,,,,,,,,,,,,
2445,Local,1738,Nantes,,Les Isles françoises et Amerique,Exports,haches de fer,,,,,690,en nombre,1,Nantes -- 1738 --  Exports -- AD44_C706,,16,,,,,,,,,,,,,,,,,
2446,Local,1738,Nantes,,Les Isles françoises et Amerique,Exports,houës de fer,,,,,1200,en nombre,1,Nantes -- 1738 --  Exports -- AD44_C706,,16,,,,,,,,,,,,,,,,,
2447,Local,1738,Nantes,,Les Isles françoises et Amerique,Exports,jambons,,,,,7870,livres,"0,6",Nantes -- 1738 --  Exports -- AD44_C706,,16,,,,,,,,,,,,,,,,,
2448,Local,1738,Nantes,,Les Isles françoises et Amerique,Exports,lard,,,,,38420,livres,"0,2",Nantes -- 1738 --  Exports -- AD44_C706,,16,,,,,,,,,,,,,,,,,
2449,Local,1738,Nantes,,Les Isles françoises et Amerique,Exports,lin peigné,,,,,185,livres,"0,5",Nantes -- 1738 --  Exports -- AD44_C706,,16,,,,,,,,,,,,,,,,,
2450,Local,1738,Nantes,,Les Isles françoises et Amerique,Exports,lignes à pecher,,,,,2000,livres,"0,75",Nantes -- 1738 --  Exports -- AD44_C706,,16,,,,,,,,,,,,,,,,,
2451,Local,1738,Nantes,,Les Isles françoises et Amerique,Exports,lattes,,,,,29,milliers,"0,03",Nantes -- 1738 --  Exports -- AD44_C706,,16,,,,,,,,,,,,,,,,,
2452,Local,1738,Nantes,,Les Isles françoises et Amerique,Exports,moruë seche,,,,,32650,livres,"0,15",Nantes -- 1738 --  Exports -- AD44_C706,,16,,,,,,,,,,,,,,,,,
2453,Local,1738,Nantes,,Les Isles françoises et Amerique,Exports,mouchoirs de Bengale,,,,,32,en nombre,"0,8",Nantes -- 1738 --  Exports -- AD44_C706,,16,,,,,,,,,,,,,,,,,
2454,Local,1738,Nantes,,Les Isles françoises et Amerique,Exports,mouchoirs de cotton des indes,,,,,603,livres,,Nantes -- 1738 --  Exports -- AD44_C706,,16,,,,,,,valeur unitaire manquante,,,,,,,,,,
2455,Local,1738,Nantes,,Les Isles françoises et Amerique,Exports,mercerie ordinaire,,,,,29231,livres,2,Nantes -- 1738 --  Exports -- AD44_C706,,16,,,,,,,,,,,,,,,,,
2456,Local,1738,Nantes,,Les Isles françoises et Amerique,Exports,meubles,,,98765,,,,,Nantes -- 1738 --  Exports -- AD44_C706,,16,,,,,,,,,,,,,,,,,
2457,Local,1738,Nantes,,Les Isles françoises et Amerique,Exports,marmites de fer,,,,,36375,livres,"0,25",Nantes -- 1738 --  Exports -- AD44_C706,,16,,,,,,,,,,,,,,,,,
2458,Local,1738,Nantes,,Les Isles françoises et Amerique,Exports,mortiers de marbre,,,,,1,douzaine,5,Nantes -- 1738 --  Exports -- AD44_C706,,16,,,,,,,,,,,,,,,,,
2459,Local,1738,Nantes,,Les Isles françoises et Amerique,Exports,meules a eguiser,,,,,378,en nombre,"2,5",Nantes -- 1738 --  Exports -- AD44_C706,,16,,,,,,,,,,,,,,,,,
2460,Local,1738,Nantes,,Les Isles françoises et Amerique,Exports,???,,,,,500,livres,"1,5",,,16,,,,,,,,,,,,,,,,,
2461,Local,1738,Nantes,,Les Isles françoises et Amerique,Exports,merrain ganivelle,,,,,2000,douelle,"0,05",Nantes -- 1738 --  Exports -- AD44_C706,,16,,,,,,,,,,,,,,,,,
2462,Local,1738,Nantes,,Les Isles françoises et Amerique,Exports,merrain à pipes,,,,,5000,douelle,"0,25",Nantes -- 1738 --  Exports -- AD44_C706,,16,,,,,,,,,,,,,,,,,
2463,Local,1738,Nantes,,Les Isles françoises et Amerique,Exports,merrain à bariques,,,,,34000,douelle,"0,15",Nantes -- 1738 --  Exports -- AD44_C706,,16,,,,,,,,,,,,,,,,,
2464,Local,1738,Nantes,,Les Isles françoises et Amerique,Exports,ouvrage de soye,,,,,300,livres,40,Nantes -- 1738 --  Exports -- AD44_C706,,16,,,,,,,,,,,,,,,,,
2465,Local,1738,Nantes,,Les Isles françoises et Amerique,Exports,outils de fer pour la pêche,,,,,800,livres,"0,5",Nantes -- 1738 --  Exports -- AD44_C706,,16,,,,,,,,,,,,,,,,,
2466,Local,1738,Nantes,,Les Isles françoises et Amerique,Exports,ozier,,,,,27,bariques,3,Nantes -- 1738 --  Exports -- AD44_C706,,16,,,,,,,,,,,,,,,,,
2466,Local,1738,Nantes,,Les Isles françoises et Amerique,Exports,ozier,,,,,4131,bottes,"0,1",Nantes -- 1738 --  Exports -- AD44_C706,,16,,,,,,,,,,,,,,,,,
2467,Local,1738,Nantes,,Les Isles françoises et Amerique,Exports,poivre,,,,,1100,livres,"1,3",Nantes -- 1738 --  Exports -- AD44_C706,,16,,,,,,,,,,,,,,,,,
2468,Local,1738,Nantes,,Les Isles françoises et Amerique,Exports,poudre à poudrer,,,,,600,livres,"0,25",Nantes -- 1738 --  Exports -- AD44_C706,,16,,,,,,,,,,,,,,,,,
2469,Local,1738,Nantes,,Les Isles françoises et Amerique,Exports,peinture,,,,,200,livres,"0,2",Nantes -- 1738 --  Exports -- AD44_C706,,16,,,,,,,,,,,,,,,,,
2470,Local,1738,Nantes,,Les Isles françoises et Amerique,Exports,papier à écrire,,,,,6050,livres,"0,55",Nantes -- 1738 --  Exports -- AD44_C706,,16,,,,,,,,,,,,,,,,,
2471,Local,1738,Nantes,,Les Isles françoises et Amerique,Exports,peaux de dain passées,,,,,10,douzaine,45,Nantes -- 1738 --  Exports -- AD44_C706,,16,,,,,,,,,,,,,,,,,
2472,Local,1738,Nantes,,Les Isles françoises et Amerique,Exports,peaux de veau corroyés,,,,,707,douzaine,30,Nantes -- 1738 --  Exports -- AD44_C706,,17,,,,,,,,,,,,,,,,,
2473,Local,1738,Nantes,,Les Isles françoises et Amerique,Exports,pistolets,,,,,26,paire,20,Nantes -- 1738 --  Exports -- AD44_C706,,17,,,,,,,,,,,,,,,,,
2474,Local,1738,Nantes,,Les Isles françoises et Amerique,Exports,poiles a frire,,,,,1586,livres,"0,35",Nantes -- 1738 --  Exports -- AD44_C706,,17,,,,,,,,,,,,,,,,,
2475,Local,1738,Nantes,,Les Isles françoises et Amerique,Exports,poids de fer,,,,,8600,livres,"0,05",Nantes -- 1738 --  Exports -- AD44_C706,,17,,,,,,,,,,,,,,,,,
2476,Local,1738,Nantes,,Les Isles françoises et Amerique,Exports,porcelaine des indes,,,,,1930,livres,5,Nantes -- 1738 --  Exports -- AD44_C706,,17,,,,,,,,,,,,,,,,,
2477,Local,1738,Nantes,,Les Isles françoises et Amerique,Exports,pipes à fumer,,,,,1410,grosses,2,Nantes -- 1738 --  Exports -- AD44_C706,,17,,,,,,,,,,,,,,,,,
2478,Local,1738,Nantes,,Les Isles françoises et Amerique,Exports,plomb en grenailles,,,,,2550,livres,"0,25",Nantes -- 1738 --  Exports -- AD44_C706,,17,,,,,,,,,,,,,,,,,
2479,Local,1738,Nantes,,Les Isles françoises et Amerique,Exports,plomb en rouleau,,,,,5400,livres,"0,26",Nantes -- 1738 --  Exports -- AD44_C706,,17,,,,,,,,,,,,,,,,,
2480,Local,1738,Nantes,,Les Isles françoises et Amerique,Exports,pierres de grison,,,,,1100,en nombre,3,Nantes -- 1738 --  Exports -- AD44_C706,,17,,,,,,,,,,,,,,,,,
2481,Local,1738,Nantes,,Les Isles françoises et Amerique,Exports,planches de sapin communes,,,,,14800,en nombre,1,Nantes -- 1738 --  Exports -- AD44_C706,,17,,,,,,,,,,,,,,,,,
2482,Local,1738,Nantes,,Les Isles françoises et Amerique,Exports,Planches de chênes de 8 pieds,,,,,60,pièces,2,Nantes -- 1738 --  Exports -- AD44_C706,,17,,,,,,,,,,,,,,,,,
2483,Local,1738,Nantes,,Les Isles françoises et Amerique,Exports,quicaille,,,,,32075,livres,"1,25",Nantes -- 1738 --  Exports -- AD44_C706,,17,,,,,,,,,,,,,,,,,
2484,Local,1738,Nantes,,Les Isles françoises et Amerique,Exports,raisin sec,,,,,300,livres,"0,15",Nantes -- 1738 --  Exports -- AD44_C706,,17,,,,,,,,,,,,,,,,,
2485,Local,1738,Nantes,,Les Isles françoises et Amerique,Exports,ruban de soye,,,,,17,livres,60,Nantes -- 1738 --  Exports -- AD44_C706,,17,,,,,,,,,,,,,,,,,
2486,Local,1738,Nantes,,Les Isles françoises et Amerique,Exports,retz à pêcher,,,,,140,livres,"0,9",Nantes -- 1738 --  Exports -- AD44_C706,,17,,,,,,,,,,,,,,,,,
2487,Local,1738,Nantes,,Les Isles françoises et Amerique,Exports,rouës de chaise,,,,,14,paire,45,Nantes -- 1738 --  Exports -- AD44_C706,,17,,,,,,,,,,,,,,,,,
2488,Local,1738,Nantes,,Les Isles françoises et Amerique,Exports,rouës à cabrouets,,,,,34,paire,75,Nantes -- 1738 --  Exports -- AD44_C706,,17,,,,,,,,,,,,,,,,,
2489,Local,1738,Nantes,,Les Isles françoises et Amerique,Exports,saumon salé ,,,,,8,barils,12,Nantes -- 1738 --  Exports -- AD44_C706,,17,,,,,,,,,,,,,,,,,
2489,Local,1738,Nantes,,Les Isles françoises et Amerique,Exports,saumon salé ,,,,,21,tierçons,14,Nantes -- 1738 --  Exports -- AD44_C706,,17,,,,,,,,,,,,,,,,,
2490,Local,1738,Nantes,,Les Isles françoises et Amerique,Exports,sardines,,,,,150,Baril,18,Nantes -- 1738 --  Exports -- AD44_C706,,17,,,,,,,,,,,,,,,,,
2491,Local,1738,Nantes,,Les Isles françoises et Amerique,Exports,sel,,,,,42,muids,45,Nantes -- 1738 --  Exports -- AD44_C706,,17,,,,,,,,,,,,,,,,,
2492,Local,1738,Nantes,,Les Isles françoises et Amerique,Exports,suif,,,,,18100,livres,"0,22",Nantes -- 1738 --  Exports -- AD44_C706,,17,,,,,,,,,,,,,,,,,
2493,Local,1738,Nantes,,Les Isles françoises et Amerique,Exports,Savon,,,,,134000,livres,"0,32",Nantes -- 1738 --  Exports -- AD44_C706,,17,,,,,,,,,,,,,,,,,
2494,Local,1738,Nantes,,Les Isles françoises et Amerique,Exports,souffre,,,,,900,livres,"0,14",Nantes -- 1738 --  Exports -- AD44_C706,,17,,,,,,,,,,,,,,,,,
2495,Local,1738,Nantes,,Les Isles françoises et Amerique,Exports,soyerie ,,,,,30,livres,40,Nantes -- 1738 --  Exports -- AD44_C706,,17,,,,,,,,,,,,,,,,,
2496,Local,1738,Nantes,,Les Isles françoises et Amerique,Exports,Soye a Coudre,,,,,10,livres,20,Nantes -- 1738 --  Exports -- AD44_C706,,17,,,,,,,,,,,,,,,,,
2497,Local,1738,Nantes,,Les Isles françoises et Amerique,Exports,Serge de laine,,,,,1610,aune,"1,4",Nantes -- 1738 --  Exports -- AD44_C706,,17,,,,,,,,,,,,,,,,,
2498,Local,1738,Nantes,,Les Isles françoises et Amerique,Exports,serge drapée,,,,,175,livres,3,Nantes -- 1738 --  Exports -- AD44_C706,,17,,,,,,,,,,,,,,,,,
2499,Local,1738,Nantes,,Les Isles françoises et Amerique,Exports,serge a doubles,,,,,660,livres,1,Nantes -- 1738 --  Exports -- AD44_C706,,17,,,,,,,,,,,,,,,,,
2500,Local,1738,Nantes,,Les Isles françoises et Amerique,Exports,seines a pecher,,,,,700,livres,"0,9",Nantes -- 1738 --  Exports -- AD44_C706,,17,,,,,,,,,,,,,,,,,
2501,Local,1738,Nantes,,Les Isles françoises et Amerique,Exports,souliers,,,,,5641,paire,"2,5",Nantes -- 1738 --  Exports -- AD44_C706,,17,,,,,,,,,,,,,,,,,
2502,Local,1738,Nantes,,Les Isles françoises et Amerique,Exports,souliers d’enfan,,,,,508,paire,"1,5",Nantes -- 1738 --  Exports -- AD44_C706,,17,,,,,,,,,,,,,,,,,
2503,Local,1738,Nantes,,Les Isles françoises et Amerique,Exports,socque,,,,,40,paire,8,Nantes -- 1738 --  Exports -- AD44_C706,,17,,,,,,,,,,,,,,,,,
2504,Local,1738,Nantes,,Les Isles françoises et Amerique,Exports,sabres,,,,,3220,en nombre,2,Nantes -- 1738 --  Exports -- AD44_C706,,17,,,,,,,,,,,,,,,,,
2505,Local,1738,Nantes,,Les Isles françoises et Amerique,Exports,Selles de cheval,,,,,354,en nombre,"1,25",Nantes -- 1738 --  Exports -- AD44_C706,,17,,,,,,,,,,,,,,,,,
2506,Local,1738,Nantes,,Les Isles françoises et Amerique,Exports,serpes,,,,,512,en nombre,1,Nantes -- 1738 --  Exports -- AD44_C706,,17,,,,,,,,,,,,,,,,,
2507,Local,1738,Nantes,,Les Isles françoises et Amerique,Exports,thé,,,,,230,livres,"2,75",Nantes -- 1738 --  Exports -- AD44_C706,,17,,,,,,,,,,,,,,,,,
2508,Local,1738,Nantes,,Les Isles françoises et Amerique,Exports,Tabac en poudre,,,,,275,livres,"0,5",Nantes -- 1738 --  Exports -- AD44_C706,,17,,,,,,,,,,,,,,,,,
2509,Local,1738,Nantes,,Les Isles françoises et Amerique,Exports,Toile de Bretagne,,,,,462567,livres,4,Nantes -- 1738 --  Exports -- AD44_C706,,17,,,,,,,,,,,,,,,,,
2510,Local,1738,Nantes,,Les Isles françoises et Amerique,Exports,toile de coton,,,,,15,piece,6,Nantes -- 1738 --  Exports -- AD44_C706,,17,,,,,,,,,,,,,,,,,
2510,Local,1738,Nantes,,Les Isles françoises et Amerique,Exports,toile de coton,,,,,250,livres,6,Nantes -- 1738 --  Exports -- AD44_C706,,17,,,,,,,,,,,,,,,,,
2511,Local,1738,Nantes,,Les Isles françoises et Amerique,Exports,tambours de fer,,,,,5550,livres,"0,15",Nantes -- 1738 --  Exports -- AD44_C706,,17,,,,,,,,,,,,,,,,,
2512,Local,1738,Nantes,,Les Isles françoises et Amerique,Exports,tasseaux,,,,,71680,en nombre,"0,225",Nantes -- 1738 --  Exports -- AD44_C706,,17,,,,,,,,,,,,,,,,,
2513,Local,1738,Nantes,,Les Isles françoises et Amerique,Exports,tuiles,,,,,53580,en nombre,"0,0125",Nantes -- 1738 --  Exports -- AD44_C706,,17,,,,,,,,,,,,,,,,,
2514,Local,1738,Nantes,,Les Isles françoises et Amerique,Exports,terre a sucre,,,,,6,Barique,12,Nantes -- 1738 --  Exports -- AD44_C706,,17,,,,,,,,,,,,,,,,,
2515,Local,1738,Nantes,,Les Isles françoises et Amerique,Exports,vaisselle d’argens,,,,,204,marcs,57,Nantes -- 1738 --  Exports -- AD44_C706,,17,,,,,,,,,,,,,,,,,
2516,Local,1738,Nantes,,Les Isles françoises et Amerique,Exports,verres à boire,,,,,550,livres,"0,9",Nantes -- 1738 --  Exports -- AD44_C706,,17,,,,,,,,,,,,,,,,,
2517,Local,1738,Nantes,,Les Isles françoises et Amerique,Exports,vin natois,,,,,"561,5",tonneaux,80,Nantes -- 1738 --  Exports -- AD44_C706,,17,,,,,,,,,,,,,,,,,
2518,Local,1738,Nantes,,Les Isles françoises et Amerique,Exports,vin de Bordeaux,,,,,235,tonneaux,200,Nantes -- 1738 --  Exports -- AD44_C706,,17,,,,,,,,,,,,,,,,,
2519,Local,1738,Nantes,,Les Isles françoises et Amerique,Exports,vin d’amour,,,,,2,tonneaux,230,Nantes -- 1738 --  Exports -- AD44_C706,,17,,,,,,,,,,,,,,,,,
2520,Local,1738,Nantes,,Les Isles françoises et Amerique,Exports,vin de cahors,,,,,2,tonneaux,200,Nantes -- 1738 --  Exports -- AD44_C706,,17,,,,,,,,,,,,,,,,,
2521,Local,1738,Nantes,,Les Isles françoises et Amerique,Exports,vin maconnois,,,,,6,tonneaux,400,Nantes -- 1738 --  Exports -- AD44_C706,,17,,,,,,,,,,,,,,,,,
2522,Local,1738,Nantes,,Les Isles françoises et Amerique,Exports,vin de bourgogne,,,,,1,tonneaux,800,Nantes -- 1738 --  Exports -- AD44_C706,,17,,,,,,,,,,,,,,,,,
