simplification,nbr_occurences_simpl,obsolete,v_glass_beads,nbr_occurences_v_glass_beads
,883,non,,41540
???,3236,non,out,835983
??? blanc,2,non,out,835983
??? brun,2,non,out,835983
??? d'Anjou et de Touraine,0,non,out,835983
??? d'argent,1,non,out,835983
??? d'une valeur moindre de deux mille francs chacun,413,non,out,835983
??? de boutard,0,non,out,835983
??? de fer,2,non,out,835983
??? de morue,1,non,out,835983
??? de nacre de perle,1,non,out,835983
??? des ci-devant provinces d'Alsace,0,non,out,835983
??? des ci-devant provinces de Bourgogne,1,non,out,835983
??? des ci-devant provinces de Provence,2,non,out,835983
??? des ci-devant provinces du Languedoc,1,non,out,835983
??? diverses,4,non,out,835983
??? fer,1,non,out,835983
??? forts de fer,1,non,out,835983
??? gras,1,non,out,835983
??? particulièrement en chevaux,0,non,out,835983
??? pieds,1,non,out,835983
??? pruneaux,1,non,out,835983
??? raisin sec,1,non,,41540
??? raisin secs,1,oui,out,835983
???sse,1,non,out,835983
?ufs,0,non,out,835983
[non traité],67,oui,,41540
[vide],6248,non,,41540
à l'aventure,46,non,,41540
à son lest,4,oui,,41540
à vide,647,non,,41540
abassis,6,non,out,835983
abats,2,non,out,835983
abattis de morue,1,non,out,835983
abricots,1,non,,41540
abricots confits,1,non,out,835983
absinthe,19,non,out,835983
acacia,5,non,out,835983
acacia germanica,1,non,out,835983
acacia vera,1,non,out,835983
acajou,6,non,out,835983
acétates d'étain,1,non,out,835983
acétates de fer,3,non,out,835983
acétates de plomb,304,non,out,835983
acétates de plomb et autres,7,non,,41540
acétates de plomb sel de Saturne,2,oui,out,835983
acétates de potasse et de soude,2,oui,out,835983
acétates de potasse et de soudes,2,non,,41540
acétates de sel d'étain,1,non,out,835983
achia,7,non,out,835983
acide arsénieux,8,non,out,835983
acide benzoïque,1,non,out,835983
acide benzoïque et phosphorique,2,non,out,835983
acide borique,3,non,out,835983
acide borique et benzoïque,2,non,out,835983
acide citrique,2,non,out,835983
acide citrique et muriatique et phosphorique,2,non,out,835983
acide citrique et oxalique et tartrique,2,non,out,835983
acide de potasse crème de tartre,5,non,out,835983
acide de potasse lie de vin desséché et liquide,4,non,out,835983
acide de potasse lie de vin desséchée,3,non,out,835983
acide de potasse lie de vin liquide,2,non,out,835983
acide de potasse tartre brut impur,2,non,out,835983
acide muriatique,1,non,out,835983
acide muriatique et nitrique et phosphorique,3,non,out,835983
acide muriatique et nitro-muriatique,2,non,out,835983
acide nitrique,4,non,out,835983
acide oxalique,2,non,out,835983
acide phosphorique,2,non,out,835983
acide succinique,1,non,out,835983
acide tartrique,2,non,out,835983
acide vitriolique,4,non,out,835983
acide vitriolique et huile de vitriol,109,non,out,835983
acier,2681,non,out,835983
acier battu forgé ou laminé,1,non,out,835983
acier brun,1,non,out,835983
acier brut,11,non,out,835983
acier commun,1,non,out,835983
acier en barres,9,non,out,835983
acier en bottes,1,non,,41540
acier en bottes pour la Compagnie des Indes,1,non,out,835983
acier et clous,9,non,out,835983
acier et fer,356,non,out,835983
acier fondu en carreaux ou en tôle,5,non,out,835983
acier fondu forgé,1,non,out,835983
acier forgé,7,non,out,835983
acons,1,non,out,835983
acons démontés,21,non,out,835983
acons démontés en gabare,2,non,out,835983
acorus,5,non,out,835983
acuirson,0,non,out,835983
acume de cuivre,1,non,out,835983
adatais,3,non,out,835983
affûts,2,non,out,835983
affûts de bois,1,non,out,835983
affûts de canons,12,non,out,835983
affûts de fer,1,non,out,835983
affûts de fusils,2,non,out,835983
affûts de fûts à canons,1,non,out,835983
affûts et canons,1,non,out,835983
agaric,156,non,out,835983
agaric amadouvier,6,non,out,835983
agaric amadouvier brut,4,non,out,835983
agaric amadouvier brut et préparé,12,non,out,835983
agaric amadouvier préparé,6,non,out,835983
agaric brut et préparé,6,non,out,835983
agaric de mélèze,4,non,out,835983
agaric fin,1,non,out,835983
agaric gros,2,non,out,835983
agate,13,non,out,835983
agate autre que chique et ouvrages,2,non,out,835983
agate brute,4,non,out,835983
agate en pierres,2,non,out,835983
agate fine,1,non,out,835983
agate montée,1,non,out,835983
agneau,118,non,out,835983
agneau commun,7,non,out,835983
agneau en vie,6,non,out,835983
agneau et cabris,122,non,out,835983
agneau mérinos et métis,7,non,out,835983
agneau mouton commun,1,non,,41540
agnelines et crottelins,36,non,out,835983
agobille,4,non,out,835983
agoutals,4,non,out,835983
agoutals de bois,5,non,out,835983
agrément,15,non,out,835983
agrément au quart,3,non,out,835983
agrément d'argent,2,non,out,835983
agrément d'or,1,non,out,835983
agrément d'or et d'argent,5,non,out,835983
agrément de fil,9,non,out,835983
agrément de fil et de soie,3,non,out,835983
agrément de fleur,1,non,out,835983
agrément de soie,58,non,out,835983
agrément de soie et d'argent,1,non,out,835983
agrément de soie or et argent faux,1,non,out,835983
agrément pour robes,1,non,,41540
agréments de soie et milleret,13,non,out,835983
agréments et milleret,38,non,out,835983
agrès,29,non,out,835983
agrès apparaux de navire et embarcations,6,non,out,835983
agrès apparaux et embarcations,2,non,out,835983
agrès de navire et jeux de voile,14,non,out,835983
agrès et apparaux,2,non,out,835983
agrès et apparaux d'or navire,1,non,out,835983
agrès et bâtiments de mer,10,non,out,835983
agrès et embarcations,8,non,out,835983
agrès et voile de navire,1,oui,out,835983
aigles,4,non,out,835983
aigre de cèdre,16,non,out,835983
aigre de cidre,5,non,out,835983
aigre de vitriol,18,non,out,835983
aigrettes,11,non,out,835983
aigrettes de fil d'or et d'argent,1,non,out,835983
aigrettes de soie,1,non,out,835983
aigrettes de soie et argent,1,non,out,835983
aigrettes de verre,1,non,,41540
aigrettes et bavolets,1,non,out,835983
aiguières d'étain,1,non,out,835983
aiguilles,355,non,out,835983
aiguilles à boîtes,1,non,out,835983
aiguilles à coudre,60,non,out,835983
aiguilles à coudre voiles,1,non,out,835983
aiguilles à ralingue,1,non,out,835983
aiguilles à tabac,1,non,out,835983
aiguilles à toile,1,non,out,835983
aiguilles d'emballage,2,non,out,835983
aiguilles de mercerie fine,4,non,out,835983
aiguilles epars de sapin,1,non,out,835983
aiguilles et épingles,1,non,out,835983
aiguilles et épingles de mercerie fine,3,non,out,835983
aiguilles et mercerie fine,2,non,out,835983
aiguilles grosses,1,non,out,835983
aiguilles pour voile,40,non,out,835983
aiguillettes,1,non,out,835983
aiguillettes de cuir,1,non,,41540
aiguillettes de peau,1,non,,41540
ail,2,oui,out,835983
ailes,17,non,out,835983
ailes de fléaux,3,non,out,835983
ailes de moulins,6,non,out,835983
ailor,0,non,out,835983
ails,295,non,out,835983
ails à fauches,1,non,out,835983
ails blancs à casser,1,non,out,835983
aimant,1,non,out,835983
ains à pêcher,47,non,out,835983
ains et lignes à pêcher,2,non,out,835983
airain,7,non,out,835983
airain non ouvré,4,non,out,835983
ajamis,308,non,out,835983
ajustements,37,non,out,835983
ajustements de femme,5,non,out,835983
ajustements de soie,2,non,out,835983
alambics,17,non,out,835983
alambics d'étain,18,non,out,835983
alambics de cuivre,2,non,out,835983
alambics de terre,1,non,out,835983
alana,2,non,out,835983
alazar,2,non,out,835983
albâtre,5,non,out,835983
albâtre brut,3,non,out,835983
albâtre et marbre brut et poli,21,non,out,835983
albâtre moulé poli ou sculpté,6,non,out,835983
alcalis autre que natron et soude,2,oui,out,835983
alcalis autre que natron et soudes,2,non,,41540
alcalis salin,1,non,out,835983
aleine à cordonnier en acier et en fer,1,non,,41540
alènes,5,non,out,835983
alènes à cordonnier en acier et en fer,1,oui,,41540
algue marine,1,non,,41540
ali,0,non,,41540
alibanies,115,non,out,835983
alibanis,14,oui,,41540
alicot,0,non,,41540
alizari,31,non,out,835983
alizari et garance,167,non,out,835983
alizari sèche,7,non,out,835983
alkermés,1,non,out,835983
alkermès en grains,25,non,out,835983
allaya,91,non,out,835983
alleaux,1,non,out,835983
allemande de poil,10,oui,out,835983
allumettes,138,non,out,835983
allumettes à vin,32,non,out,835983
allumettes de coton,1,non,out,835983
allumettes de mêche soufrée,1,non,out,835983
allumettes droguées,3,non,out,835983
allumettes épicée,2,non,out,835983
allumettes opérées et soufrées,1,non,out,835983
allumettes soufrées,13,non,out,835983
almagro ou crayons rouges,2,non,out,835983
almanachs,1,non,out,835983
almanachs brochés,2,non,out,835983
almanachs en blancs,1,non,out,835983
almanachs enjolivés,2,non,out,835983
almanachs reliés,1,non,out,835983
aloès,263,non,out,835983
aloès cabalin,5,non,out,835983
aloès commun,1,non,out,835983
aloès et opium,2,non,out,835983
aloès hépatique,1,non,out,835983
aloès moyen,2,non,out,835983
aloiset,1,non,out,835983
alose,8,non,out,835983
alose fumée,4,non,out,835983
alose salée,5,non,out,835983
aloues,1,non,out,835983
alouettes,5,non,out,835983
alpargate,36,non,out,835983
alphabets,1,non,out,835983
alpiste,22,non,out,835983
alpiste et millet,9,non,out,835983
alquifoux,519,non,out,835983
alquifoux en galène,2,non,out,835983
alquifoux et mine de plomb,36,non,out,835983
alquifoux mine de plomb ou graphite,23,non,out,835983
alquifoux ou mine de plomb,3,non,out,835983
alquifoux sable plombifère,1,non,out,835983
alquitra,3,non,out,835983
alto basses chapeaux chinois clarinettes cors cymbales fifres et flageolets flûtes guitare haut-bois serinettes serpent tambours trompettes et violons basses,2,non,out,835983
alto basses contrebasses guitare lyres violes violons,2,non,out,835983
alto bassons guitare violons,3,non,out,835983
aluchiabanis,3,oui,out,835983
alun,2534,non,out,835983
alun à cordonnier,1,non,out,835983
alun autre que brûlé ou calciné,2,non,out,835983
alun bon,2,non,out,835983
alun brûlé,1,non,out,835983
alun commun,1,non,out,835983
alun de glace,1,non,out,835983
alun de roche,5,non,out,835983
alun de Rome,3,non,out,835983
alun de Rome fin rosé,1,non,out,835983
alun de Rouen,2,non,out,835983
alun de Surde,2,non,out,835983
alun du Levant,1,non,out,835983
alun en dracy,1,non,out,835983
alun en rame,1,non,out,835983
alun gâté,1,non,out,835983
alun ordinaire,1,non,out,835983
alvés,0,non,out,835983
amadou,344,non,out,835983
amadou et agaric amadouvier,7,non,out,835983
amandes,2281,non,out,835983
amandes à la praline,4,non,out,835983
amandes amères,2,non,out,835983
amandes arachis noisettes noix noyaux,2,non,out,835983
amandes cassée,7,oui,out,835983
amandes cassées,456,non,out,835983
amandes cassées ou en coque,3,oui,out,835983
amandes cassées ou en coques,3,non,,41540
amandes courtes,102,non,out,835983
amandes douces,5,non,out,835983
amandes en coque,438,oui,out,835983
amandes en coques,460,non,,41540
amandes et figue et raisin,33,non,out,835983
amandes et noisettes et raisins secs,2,non,,41540
amandes et noix et noisettes,100,non,,41540
amandes et pelures et prunes et raisin,0,non,out,835983
amandes et pruneaux,82,non,out,835983
amandes et raisin sec,17,non,out,835983
amandes et raisin sec et savon,1,non,out,835983
amandes et savon,13,non,out,835983
amandes et sucre,25,non,out,835983
amandes et verdet,33,non,out,835983
amandes fraîches,1,non,out,835983
amandes longues,65,non,out,835983
amandes mondées,2,non,out,835983
amandes sèches,64,non,out,835983
amandes sèches et figue sèche et ???,0,non,out,835983
amandes sèches et figue sèche et raisin sec,135,non,out,835983
amarinage,10,non,,41540
amarine,1,non,out,835983
ambrain à grande barrique,1,non,out,835983
ambre,43,non,out,835983
ambre blanc,1,non,out,835983
ambre brut,19,non,out,835983
ambre carabé,22,non,out,835983
ambre carabé jaune,2,non,out,835983
ambre en grains,1,non,out,835983
ambre et corail,1,non,out,835983
ambre gris,40,non,out,835983
ambre jaune,90,non,out,835983
ambre moulu,3,non,out,835983
ameny,,oui,out,835983
amer,5,non,out,835983
amer de laine,1,non,out,835983
amertis,5,non,out,835983
ameublement,3,non,out,835983
ameublement de chitte,1,non,out,835983
ami de toilé,1,non,out,835983
amidon,1347,non,out,835983
amidon alun,1,non,out,835983
amidon en grains,1,non,out,835983
amidon en poudre,3,non,out,835983
amidon et poudre à poudrer,132,non,out,835983
ammoniac,7,non,out,835983
ammoniac et sel,26,non,out,835983
ammonium,1,non,out,835983
amomum,16,non,out,835983
amomum et fèves de tonka et noix de ravensara,2,non,out,835983
amomum verum,2,non,out,835983
amurca,4,non,out,835983
anabasse,129,non,out,835983
anabasse bajutapau,3,non,,41540
anabasse corat nicaneas platille,2,non,,41540
anacardes,2,non,out,835983
anacoste,3,non,out,835983
ananas,12,non,out,835983
ananas confit,2,non,out,835983
ananas et pommes de grenade,8,non,out,835983
ananas planté,1,non,out,835983
anatomie,1,non,out,835983
anatose,3,non,out,835983
anches de tonneaux,2,non,out,835983
anchois,1185,non,out,835983
anchois câpres et olives,10,non,out,835983
anchois câpres etc.,1,non,out,835983
anchois câpres olives,1,non,out,835983
anchois et boutargue,13,non,out,835983
anchois et câpres,5,non,out,835983
anchois et câpres et olives,1,non,,41540
anchois et sardes,1,non,out,835983
anchois et sardines,5,non,out,835983
anchois mariné,10,non,out,835983
anchois mariné et salé,39,non,out,835983
anchois salé,2,non,,41540
anchois salé et mariné,2,non,out,835983
anchois salés,4,non,out,835983
anchois salés et marinés,9,non,out,835983
ancres,56,non,out,835983
ancres de chaudon,1,non,out,835983
ancres de fer,608,non,out,835983
ancres de fer à chaudrons,1,non,out,835983
ancres de fer au-dessus de 250 kilogrammes,1,non,out,835983
ancres de fer de 250 kilogrammes et au-dessous,1,non,out,835983
ancres de fer et embarcations,2,non,out,835983
ancres et embarcations,5,non,out,835983
ancres et grappins de fer,1,non,out,835983
ancres et ouvrages de fer,2,non,,41540
ancres gravelées,1,non,out,835983
ancres neuves,3,non,out,835983
ancres vides,5,non,out,835983
ancres vieilles,1,non,out,835983
ancres vieilles vides,1,non,out,835983
andolium,5,non,out,835983
andouilles,45,non,out,835983
andouillette,1,non,out,835983
ânes,183,non,out,835983
ânes et ânesses,97,non,out,835983
ânes et mulets,11,non,out,835983
ânesses,1,non,out,835983
angélique,29,non,out,835983
angélique du Rozème,1,non,out,835983
anguilles,26,non,out,835983
anguilles et truites,118,non,out,835983
anguilles fraîches,1,non,out,835983
anguilles marinées,1,non,out,835983
anguilles salées,26,non,out,835983
anille,1,non,out,835983
animaux,5,non,out,835983
anis,598,non,out,835983
anis et rac et rhum etc.,101,non,out,835983
anis et sucre,1,non,out,835983
anis vert,99,non,out,835983
anis vert à distiller,2,non,out,835983
anisette,115,non,out,835983
anisette au fiasque,6,non,out,835983
anisette de Bordeaux,2,non,out,835983
anneau de cuivre,1,non,out,835983
anneau de fer,2,non,out,835983
anneaux de cuivre,1,non,out,835983
anneaux de fer,1,non,out,835983
ânon,2,non,out,835983
anspects,125,non,out,835983
anspects de 3 à 4 pieds,1,non,out,835983
anspects de bois,21,non,out,835983
anspects de sapin,1,non,out,835983
antale,3,non,out,835983
antale et cauris,1,non,out,835983
antchibanis,9,oui,out,835983
antenelle,1,non,out,835983
antennes,2,non,out,835983
antennes et mâts de bateaux,1,non,out,835983
antimoine,294,non,out,835983
antimoine cru,28,non,out,835983
antimoine métallique et sulfuré,2,non,out,835983
antimoine préparé,2,non,out,835983
antimoine vert,1,non,out,835983
antofle,1,non,out,835983
antofle de girofle,11,non,out,835983
apasier,1,non,out,835983
apier,3,non,out,835983
apios,7,non,out,835983
apparaux,1,non,,41540
apparaux et bâtiments de mer,38,non,out,835983
apprêtée à toiler les livres,2,non,out,835983
apprêtée pour parchemins,2,non,out,835983
apprêts,0,non,,41540
arachis olives fraîches,1,non,out,835983
arains,6,non,out,835983
arak,17,non,out,835983
arbalètes,7,non,out,835983
arbalètrie et cartes marines,1,non,,41540
arbalètrrie et cartes marines,,oui,out,835983
arbres,51,non,out,835983
arbres à fruits,2,non,out,835983
arbres à planter,144,non,out,835983
arbres à planter pommiers,1,non,,41540
arbres châtaignier,4,non,out,835983
arbres d' ???,1,non,out,835983
arbres d'auban,1,non,out,835983
arbres de sapin,1,non,out,835983
arbres et arbrisseaux,25,non,out,835983
arbres et arbrisseaux à fruits,134,non,out,835983
arbres et arbrisseaux sauvages,138,non,out,835983
arbres et arbustes,6,non,out,835983
arbres et plants,1,non,out,835983
arbres fruitiers,97,non,out,835983
arbres marronniers à planter,1,non,out,835983
arbres nains,1,non,out,835983
arbres tilleul,4,non,out,835983
arbrisseaux,10,non,out,835983
arbustes,4,non,out,835983
arcanette,1,non,out,835983
arcanie,2,non,out,835983
arcanson,4,non,out,835983
arcanum duplicatum,2,non,out,835983
archets de violons,19,non,out,835983
archets et violon,1,non,out,835983
archiabanis,2,oui,out,835983
arçons de bas de bois,1,non,out,835983
arçons de bois,1,non,out,835983
arçons de selles,24,non,out,835983
arçons démontés,1,non,out,835983
ardoise,390,non,out,835983
ardoise à écrire,1,non,,41540
ardoise à piler,1,non,out,835983
ardoise commune,215,non,out,835983
ardoise dite chérubin et à mortier,63,non,out,835983
ardoise dite grande voisine,2,non,out,835983
ardoise dite moyenne voisine,3,non,out,835983
ardoise dite petite voisine,2,non,out,835983
ardoise dite voisine grande moyenne et petite,7,non,out,835983
ardoise en carreaux,2,non,out,835983
ardoise en carreaux et d'1 pied carré,1,non,out,835983
ardoise en carreaux ou en table,7,non,out,835983
ardoise en livret,7,non,out,835983
ardoise encadrée,2,non,out,835983
ardoise encadrée et en livret,71,non,out,835983
ardoise non travaillée,8,non,out,835983
ardoise pour fenêtre,6,non,out,835983
ardoise pour toiture,8,non,out,835983
ardoise pour toiture au kilogramme,1,non,out,835983
ardoise pour toiture au nombre,2,non,out,835983
ardoise verte,1,non,out,835983
ardoises,3,non,,41540
ardoises et ciment et chaux et pierres et plâtre et pouzzolane et sable et terre,9,non,out,835983
arelles de baleine,1,non,out,835983
argent,12,non,out,835983
argent battu,1,non,out,835983
argent battu et en feuille,2,non,out,835983
argent battu filé laminé et tiré,3,non,out,835983
argent brisé et en lingots et en masses,1,non,out,835983
argent brûlé,9,non,out,835983
argent brut,1,non,out,835983
argent brut en lingot et en masse ouvrages détruits,2,non,out,835983
argent carragoux,2,non,out,835983
argent en barils,2,non,out,835983
argent en barres,17,non,out,835983
argent en lingots,27,non,out,835983
argent en lingots par Calais,1,non,out,835983
argent et or,237,non,out,835983
argent et or billon,8,non,out,835983
argent et or et bijouterie,1,non,,41540
argent faux,9,non,out,835983
argent faux en fil cantilles etc.,3,non,out,835983
argent faux et or faux,54,non,out,835983
argent faux et or faux traits,5,non,out,835983
argent fin,1,non,out,835983
argent monnayé et nogat d'or,4,non,out,835983
argent vif,3,non,out,835983
argenterie,737,non,out,835983
argenterie épée,7,non,out,835983
argenterie et bijouterie,21,non,out,835983
argenterie et bijouterie et orfèvrerie,1,non,out,835983
argenterie et orfèvrerie,122,non,out,835983
argenterie et orfèvrerie vermeil,37,non,out,835983
argenterie neuve,4,non,out,835983
argenterie vieille,11,non,out,835983
argenterie vieille en couverts,1,non,,41540
argenterie vieille et bijouterie d'argent,2,non,,41540
argile et terre pour engrais,15,non,out,835983
arins,1,non,out,835983
aristoloche,78,non,out,835983
armement de tables,3,non,out,835983
armes,349,non,out,835983
armes à feu,358,non,out,835983
armes à feu de guerre,2,non,out,835983
armes à feu de guerre et de traite,1,non,out,835983
armes à feu de guerre portatives,2,non,out,835983
armes à feu de luxe,4,non,out,835983
armes à feu de luxe ou de traite,3,non,out,835983
armes à feu de munitions,2,non,out,835983
armes à feu de munitions fines,4,non,out,835983
armes à feu de traite,1,non,out,835983
armes à feu et artillerie,1,non,out,835983
armes à feu et de traite,1,non,out,835983
armes à feu et fusils,1,non,out,835983
armes armureries,1,non,out,835983
armes autres que de guerre à feu,1,non,out,835983
armes autres que de guerre blanches,1,non,out,835983
armes blanches,192,non,out,835983
armes blanches à feu et artillerie,5,oui,,41540
armes blanches de guerre,1,non,out,835983
armes blanches de guerre et de traite,1,non,out,835983
armes blanches de luxe,2,non,out,835983
armes blanches de luxe ou de traite,3,non,out,835983
armes blanches de traite,1,non,out,835983
armes de chasse ou de luxe à feu,2,non,out,835983
armes de chasse ou de luxe blanches,2,non,out,835983
armes de guerre,2,non,out,835983
armes différentes,1,non,out,835983
armes et artillerie artillerie en canons pierriers espingoles et mortiers,3,non,out,835983
armes et munitions,9,non,out,835983
armes lames,1,non,out,835983
armes remontrances,3,non,out,835983
armoires,58,non,out,835983
armoires ayant servi,1,non,out,835983
armoires d'acajou,12,non,out,835983
armoires de bois,2,non,out,835983
armoires de bois de noyer,1,non,out,835983
armoires de bois de sapin peintes,0,non,out,835983
armoires de bois des Indes,1,non,out,835983
armoires de chêne,10,non,out,835983
armoires de chêne ornée,1,non,out,835983
armoires de noyer,12,non,out,835983
armoires de sapin,4,non,out,835983
armoires et commodes,1,non,out,835983
armoires vieilles,2,non,out,835983
armoisin,51,non,out,835983
armure de fer,1,non,out,835983
armure vieille,1,non,out,835983
arnas,1,non,out,835983
arpois,1,oui,out,835983
arquebuse,1,non,out,835983
arrangas,1,non,out,835983
arrosoirs,7,non,out,835983
arrosoirs de bois,3,non,out,835983
arrosoirs de cuivre,1,non,out,835983
arrosoirs de fer,1,non,out,835983
arrosoirs de fer-blanc,6,non,out,835983
arrosoirs de sapin,1,non,out,835983
arrosoirs de terre,1,non,out,835983
arrowroot,1,non,out,835983
arséniate de potasse,2,non,out,835983
arsenic,496,non,out,835983
arsenic métallique,6,non,out,835983
artichauts,85,non,out,835983
artichauts champignons et truffes,2,non,out,835983
artichauts confits,70,non,out,835983
artichauts frais,21,non,out,835983
artichauts marinés,2,non,out,835983
artichauts secs,7,non,out,835983
artifice,5,non,out,835983
artifice fusées etc.,44,non,out,835983
artillerie,6,non,out,835983
asa fœtida,129,non,out,835983
ascrile,1,non,,41540
asperges,9,non,out,835983
asperges confites,1,non,out,835983
asperges et scorsonères,69,non,out,835983
asphaltum,19,non,out,835983
aspic en grabeau,1,non,,41540
assiette,2,non,out,835983
assiette de Biarritz,1,non,out,835983
assiette de bois,1,non,out,835983
assiette de faïence,13,non,out,835983
assiette de porcelaine,4,non,out,835983
assiette de porcelaine des Indes,1,non,out,835983
assiette de terre,8,non,out,835983
assiette et plats de terre,1,non,out,835983
asustum,1,non,out,835983
atastes,1,non,out,835983
atchiabanis,14,oui,,41540
atlas,4,non,out,835983
atlas à la feuille d'or,1,non,out,835983
atlas et instruments de marine,2,non,out,835983
atlas jaspé,1,non,out,835983
attaches de cuivre,1,non,out,835983
attelles de colliers,14,non,out,835983
aube,1,non,out,835983
auchinoise,2,non,out,835983
auclimes,3,non,out,835983
auf,121,non,out,835983
augemy,2,non,out,835983
auges,3,non,out,835983
auges de carreaux,2,non,out,835983
augustins,2,non,out,835983
aurcsats,1,non,out,835983
aurcsats étoile,1,non,out,835983
aussière,0,non,out,835983
autel de marbre,2,non,out,835983
aux travaux du Roi,6,non,,41540
avelanède,62,non,,41540
avelanèdes,59,oui,out,835983
avelines,12,non,out,835983
avelines et noisettes sèches,22,non,out,835983
avelines faînes noisettes noix,1,non,out,835983
avelines noisettes noix,5,non,out,835983
avirons,696,non,out,835983
avirons bruts,17,non,out,835983
avirons de 12 pieds,1,non,out,835983
avirons de 18 pieds,1,non,out,835983
avirons de 30 pieds,1,non,out,835983
avirons de 5 pieds,1,non,out,835983
avirons de 8 à 12 pieds,1,non,out,835983
avirons de bois,60,non,out,835983
avirons de bois façonné,1,non,out,835983
avirons de chêne,1,non,out,835983
avirons de sapin,2,non,out,835983
avirons en bois de construction,2,non,,41540
avirons et perches de bois,0,non,out,835983
avirons et rames bruts,2,non,out,835983
avirons et rames de bois,1,non,out,835983
avirons et rames de bois façonné,2,non,out,835983
avirons et rames façonnés,5,non,out,835983
avirons polis,1,non,out,835983
avoine,1045,non,out,835983
avoine en gerbes,22,non,out,835983
avoine et haricots,1,non,out,835983
avoine et orge etc.,1,non,out,835983
avoine mondée,1,non,out,835983
avoine moulée,1,non,out,835983
azur,776,non,out,835983
azur commun,341,non,out,835983
azur et bleu de Prusse,10,non,out,835983
azur et cobalt,20,non,out,835983
azur fin,14,non,out,835983
azur gros,24,non,out,835983
babassis,1,non,out,835983
babouches,97,non,out,835983
babouches de maroquin,2,non,out,835983
bacs d'1 aime,1,non,out,835983
bacs de pierre,4,non,out,835983
bacs de pierre bleue,2,non,out,835983
bacs de pierre d'1 aime,13,non,out,835983
bacs de pierre de 4 aimes,2,non,out,835983
bacs de pierre de demi d'aime,66,non,out,835983
bacs de pierre de moindre classe,85,non,out,835983
bacs de pierre de trois-quart d'aime,2,non,out,835983
bacs de pierre en dessous d'1 aime,14,non,out,835983
bacs de pierre en dessus d'1 aime,54,non,out,835983
badiane,62,non,out,835983
baffetas,10,non,out,835983
baffetas blanc,21,non,out,835983
baffetas bleu,30,non,out,835983
baffetas des Indes,4,non,out,835983
bafs ?,0,non,,41540
bagages,5,non,,41540
bagarot,1,non,out,835983
bagues,5,non,out,835983
bagues à pierres fausses,1,non,out,835983
bagues d'argent,2,non,out,835983
bagues d'or,1,non,out,835983
bagues de cuivre,2,non,out,835983
bagues de laiton,1,non,out,835983
bagues de verre,3,non,out,835983
baguettes,7,non,out,835983
baguettes à chandelle,1,non,out,835983
baguettes à étoffe,2,non,out,835983
baguettes d'étain,2,non,out,835983
baguettes de bois,1,non,out,835983
baguettes de bois doré,1,non,out,835983
baguettes de cuivre,3,non,out,835983
baguettes de fer à fusil,53,non,out,835983
baguettes de fusil,48,non,out,835983
bahuts,24,non,out,835983
baie de laurier,28,non,out,835983
baies de buis,1,non,out,835983
baies de genévrier à distiller,2,non,out,835983
baies de genièvre,9,non,out,835983
baignes,3,non,out,835983
baignoires,2,non,out,835983
baignoires d'acajou,1,non,out,835983
baignoires de cuivre,4,non,out,835983
baignoires de sapin,1,non,out,835983
baignoires de tôle,2,non,out,835983
baigots,1,non,out,835983
baillarge,9,non,out,835983
bailles,1,non,out,835983
baïonnettes,80,non,out,835983
bais de bois de chêne,2,non,out,835983
bajutapau,259,non,out,835983
bajutapau commun,1,non,out,835983
bajutapau des Indes,3,oui,out,835983
"bajutapau, canelis, etc.",3,non,out,835983
balais,155,non,out,835983
balais communs,5,non,out,835983
balais coupés,3,non,out,835983
balais de bois,39,non,out,835983
balais de brandes,1,non,out,835983
balais de bruyère,12,non,out,835983
balais de chanvre,1,non,out,835983
balais de crin,12,non,out,835983
balais de foyer,1,non,out,835983
balais de jonc,55,non,out,835983
balais de jonc petits,1,non,out,835983
balais de laine à laver les planchers,1,non,out,835983
balais de Livourne,18,non,,41540
balais de millet,2,non,out,835983
balais de paille,2,non,out,835983
balais de paille de riz,6,non,out,835983
balais de palme,319,non,out,835983
balais de palme petits,2,non,out,835983
balais de plumes,3,non,out,835983
balais de poil,2,non,out,835983
balais de riz,6,non,out,835983
balais de soie,7,non,out,835983
balais de soie de porcs,18,non,out,835983
balais de toile,1,non,out,835983
balais du roi,1,non,out,835983
balais fins,1,non,out,835983
balais grands de palme,3,non,out,835983
balais ou ramons,101,non,out,835983
balais petits,6,non,out,835983
balance,12,non,out,835983
balance à la romaine,1,non,out,835983
balance complète,1,non,out,835983
balance de bois,1,non,out,835983
balance de cuivre,8,non,out,835983
balance de cuivre jaune,1,non,out,835983
balance de fer,4,non,out,835983
balance et poids de cuivre,1,non,out,835983
balance et romaine,2,non,out,835983
balance et ses poids,1,non,out,835983
balance ou fléaux en fer,3,non,out,835983
balance petite,1,non,out,835983
balance romaine,3,non,out,835983
balcon de fer,1,non,out,835983
baleine,130,non,out,835983
baleine apprêtée,1,non,out,835983
baleine coupée,806,non,out,835983
baleine coupée en fanon,12,non,out,835983
baleine coupée et en fanon,12,non,out,835983
baleine de sarde,18,non,out,835983
baleine en fanon,293,non,out,835983
baleine en fanon apprêté,4,oui,,41540
baleine en fanon brut,4,oui,,41540
baleine en fanon brut de pêche étrangère,2,oui,,41540
baleine en fanon brut de pêche française,2,oui,,41540
baleine en fanon de sarde,19,oui,,41540
baleine en fanon et de sarde,1,non,out,835983
baleine non sciée,75,non,out,835983
baleine taillée,2,non,out,835983
balles,9,non,out,835983
balles à jouer,105,non,out,835983
balles d'osier,3,non,out,835983
balles de fer et canons de fer,51,non,out,835983
balles de fer uni,1,non,out,835983
balles de jonc,1,non,out,835983
balles de laine,1,non,,41540
balles de palme,1,non,out,835983
balles de plomb,9,non,out,835983
balles de plumes,1,non,,41540
balles et dragées de plomb,121,non,out,835983
balles vides,1,non,out,835983
ballons de sapin,1,oui,,41540
ballons en sapin,1,non,,41540
ballots,69,non,,41540
ballots d'étoffe,1,non,,41540
ballots de joncs,1,non,,41540
ballots de toile,1,non,,41540
balustres,13,non,out,835983
bamboches,1,non,out,835983
bambous,3,non,out,835983
bambous et joncs,2,non,,41540
bambous et joncs forts,5,non,,41540
banastron,1,non,out,835983
banc à couper la paille,1,non,out,835983
banc de sapin,1,non,out,835983
bandages,4,non,out,835983
bandages de peaux,5,non,out,835983
bandages pour soldats,1,non,out,835983
bandanas des Indes,1,non,out,835983
bandeaux,4,non,out,835983
banderoles,2,non,out,835983
banderoles de cuir,2,non,out,835983
bandes de cabrouets de fer,3,non,out,835983
bandes de charrettes,1,non,out,835983
bandes de fer,4,non,out,835983
bandes de fer à tombereaux,1,non,out,835983
bandes de roues de fer,1,non,out,835983
bandes de tulle brodées,1,non,,41540
bandes de tulles brodées,1,oui,out,835983
bandoulières garnies d'argent,1,non,out,835983
bannes et bannettes d'osier,1,non,out,835983
bannettes d'osier,1,non,out,835983
bannettes de cuir,1,non,out,835983
bannière de Damas,1,non,out,835983
banquette,4,non,out,835983
baquelets,0,non,out,835983
baquets,2,non,out,835983
baquets à jeter l'eau,1,non,out,835983
baquets de cuivre,5,non,out,835983
baquets de fer,1,non,out,835983
baquets de rechange,1,non,out,835983
baquets de sapin,2,non,out,835983
baracan,218,non,out,835983
baracan aune,1,oui,out,835983
baracan d'Abbeville,1,non,out,835983
baracan de laine,15,non,out,835983
baracan de laine et de poil,2,non,out,835983
baracan de Lille,1,non,out,835983
baracan de poil,64,non,out,835983
baracan de renvoi,1,non,,41540
baras,1,non,out,835983
barat de laine,1,non,out,835983
baratte,1,non,out,835983
barbaçons de grès,1,oui,,41540
barbançons,6,non,out,835983
barbançons de grès,48,non,out,835983
barbançons de terre,21,non,out,835983
barbançons de terre de grès,1,oui,out,835983
barbançons de verre,1,non,out,835983
barbe de baleine,13,non,out,835983
barbotine,43,non,out,835983
barbues,1,non,out,835983
barbues couvertes d'étamine,1,non,out,835983
barbues de grès,14,non,out,835983
barbues de terre,1,non,out,835983
barbues ouvrées et cannettes ouvrées et jarres de terre ouvrées,1,non,out,835983
bardes,5,non,out,835983
barille,1,non,,41540
barille de retour,1,non,,41540
barilleau,8,non,out,835983
barilleau de laine,3,non,out,835983
barils,81,non,out,835983
barils à poudre,5,non,out,835983
barils ancres,1,non,out,835983
barils de chêne,1,non,out,835983
barils de fer-blanc,1,non,out,835983
barils de fer-blanc simples,1,non,out,835983
barils de retour,1,non,,41540
barils de sapin,1,non,out,835983
barils de tonnelier,3,non,out,835983
barils de vin de ???,4,non,out,835983
barils doubles de fer-blanc,1,non,out,835983
barils en bottes,1,non,,41540
barils neufs,3,non,out,835983
barils petits,2,non,out,835983
barils pour saler sardines,1,non,out,835983
barils vides,123,non,out,835983
barils vides pour sardines,3,non,out,835983
barils vieux,1,non,out,835983
barois,8,non,out,835983
baromètre,6,non,out,835983
barques,2,non,out,835983
barques démontées,1,non,out,835983
barques en bottes,1,non,out,835983
barquettes,210,non,out,835983
barquettes et nacelles,5,non,out,835983
barquettes vieilles,5,non,out,835983
barreau de laine,2,non,out,835983
barreaux,3,non,out,835983
barreaux de bois,8,non,out,835983
barreaux de bois et planches de bois,6,non,out,835983
barreaux de sapin,2,non,out,835983
barreaux de sapin de 10 pieds,1,non,out,835983
barreaux neufs,2,non,out,835983
barres,115,non,out,835983
barres à nègre,1,non,out,835983
barres carrées de fer étiré,6,non,out,835983
barres carrées de fer étiré de 15 inclusivement à 22 millimètres exclusivement,1,non,out,835983
barres carrées de fer étiré de 15 inclusivement à 22 millimètres exclusivement sur chaque face,1,non,out,835983
barres carrées de fer étiré de 22 millimètres et plus sur chaque face,2,non,out,835983
barres carrées de fer étiré de moins de 15 millimètres,1,non,out,835983
barres carrées de fer étiré de moins de 15 millimètres sur chaque face,1,non,out,835983
barres d'anspects,112,non,out,835983
barres d'anspects en bois,6,non,out,835983
barres d'anspects et barres de cabestan,134,non,out,835983
barres d'étain,3,non,out,835983
barres d'étain ou blocs d'étain,2,non,out,835983
barres de barrique,1,non,out,835983
barres de bois,41,non,out,835983
barres de cabestan,73,non,out,835983
barres de cabestan en bois,2,non,out,835983
barres de chêne,1,non,out,835983
barres de chêne petites,1,non,out,835983
barres de cuivre,2,non,out,835983
barres de cuivre petites,1,non,,41540
barres de futel,1,non,out,835983
barres de guindeau,48,non,out,835983
barres de sapin,2,non,out,835983
barres de sapin de 3 à 4 pieds,1,non,out,835983
barres de sapin pour fonçaille,1,non,out,835983
barres et cercles de fer,1,non,,41540
barres et clous de fer,1,non,,41540
barres et tôle de fer,2,non,,41540
barres et verges de fer,14,non,out,835983
barres fines de fer,2,non,out,835983
barres maître-fond,5,non,out,835983
barres ouvrées de fer,1,non,,41540
barres plates de fer étiré,6,non,out,835983
barres plates de fer étiré de 113 à 366 millimètres ou 42 à 72 lignes inclusivement,1,non,out,835983
barres plates de fer étiré de 213 à 366 millimètres de largueur multipliée par l'épaisseur,1,non,out,835983
barres plates de fer étiré de moins de 113 millimètres ou 42 lignes,1,non,out,835983
barres plates de fer étiré de moins de 213 millimètres de largueur multipliée par l'épaisseur,1,non,out,835983
barres plates de fer étiré de plus de 366 millimètres de largeur multipliée par l'épaisseur,1,non,out,835983
barres plates de fer étiré de plus de 366 millimètres ou 72 lignes,1,non,out,835983
barres pour édifices,1,non,out,835983
barres pour édifiées,1,non,out,835983
barres rondes de fer étiré,6,non,out,835983
barres rondes de fer étiré de 15 millimètres et plus de diamètres,1,non,out,835983
barres rondes de fer étiré de 15 millimètres ou 7 lignes et plus de diamètres,1,non,out,835983
barres rondes de fer étiré de moins de 15 millimètres de diamètres,1,non,out,835983
barres rondes de fer étiré de moins de 15 millimètres ou 7 lignes diamètres,1,non,out,835983
barretons d'or,1,non,,41540
barrettes,1,non,out,835983
barrettes de cuivre,3,non,out,835983
barrettes de fer,1,non,out,835983
barriques,67,non,out,835983
barriques à eau,4,non,out,835983
barriques cerclées de fer,1,non,out,835983
barriques cerclées de fer et vides,1,non,out,835983
barriques d'eau,1,oui,,41540
barriques d'eau en lest,1,non,,41540
barriques en bœuf,1,non,out,835983
barriques neuves,5,non,out,835983
barriques vides,204,non,out,835983
barriques vides vieilles,48,non,out,835983
barriques vieilles,21,non,out,835983
barriques vieilles ???,4,non,,41540
bas,84,non,out,835983
bas à crin d'or et de soie,1,non,out,835983
bas communs,2,non,out,835983
bas d'estam,1,oui,out,835983
bas d'estame,75,non,out,835983
bas d'estame fins,2,non,out,835983
bas d'estame grossiers,2,non,,41540
bas d'étoffe,1,non,out,835983
bas de bourre de soie,7,non,out,835983
bas de Carcassone,1,non,out,835983
bas de castor,26,non,out,835983
bas de chamois,19,non,out,835983
bas de coton,724,non,out,835983
bas de coton 1300 lignes,1,non,out,835983
bas de coton de femme,1,non,out,835983
bas de coton en paires,0,non,out,835983
bas de coton et bas de fil,368,non,out,835983
bas de coton et bas de fil et bas de soie,1,non,out,835983
bas de coton et bas de fil par paires,0,oui,out,835983
bas de coton et bas de soie,1,non,out,835983
bas de coton et bonnets de coton,35,non,out,835983
bas de coton et laine,1,non,out,835983
bas de coton pour enfant,1,non,out,835983
bas de coton pour femme,1,non,out,835983
bas de coton pour homme,1,non,out,835983
bas de coutil,1,non,,41540
bas de fil,867,non,out,835983
bas de fil commun,21,non,out,835983
bas de fil d'or,2,non,out,835983
bas de fil divers,1,non,out,835983
bas de fil en paire,1,oui,,41540
bas de fil en paires,0,non,,41540
bas de fil et bas de laine,2,non,out,835983
bas de fil et bonnets,2,non,out,835983
bas de fil et pour femme,2,non,out,835983
bas de fil et pour homme,1,non,out,835983
bas de fil étrillés,9,non,,41540
bas de fil étrillés communs,1,non,,41540
bas de fil par paires,1,oui,out,835983
bas de filoselle,389,non,out,835983
bas de Flandre d'homme,1,non,out,835983
bas de Flandre de femme,1,non,out,835983
bas de flans,1,non,,41540
bas de fleuret,87,non,out,835983
bas de laine,1003,non,out,835983
bas de laine 40 lignes,1,non,out,835983
bas de laine communs,10,non,out,835983
bas de laine d'homme,1,non,out,835983
bas de laine de Ségovie,3,non,out,835983
bas de laine écarlate,2,non,out,835983
bas de laine en paires,0,non,,41540
bas de laine et bas de soie,1,non,out,835983
bas de laine et bonnets de laine,2,non,out,835983
bas de laine et gants de laine et bonnets de laine,2,non,out,835983
bas de laine fin,18,non,out,835983
bas de laine grossière,28,non,out,835983
bas de laine grossière pour enfant,2,non,,41540
bas de laine grossière pour homme,1,non,,41540
bas de laine par paires,0,oui,out,835983
bas de laine pour femme,2,non,,41540
bas de laine pour homme,1,non,,41540
bas de mulet,1,non,out,835983
bas de peau,23,non,out,835983
bas de poil,9,non,out,835983
bas de poil et bas de soie,3,non,out,835983
bas de Saint-Mexant,7,non,out,835983
bas de Ségovie,2,non,out,835983
bas de soie,1675,non,out,835983
bas de soie à coins d'argent,1,non,out,835983
bas de soie à coins d'or,2,non,out,835983
bas de soie à coins d'or et bas de soie à coins d'argent,2,non,out,835983
bas de soie brodés,1,non,out,835983
bas de soie brodés d'or,1,non,out,835983
bas de soie brodés d'or et bas de soie brodés d'argent,1,non,out,835983
bas de soie de Chine,2,non,out,835983
bas de soie de Chine pour femme,2,non,out,835983
bas de soie de Chine pour homme,2,non,out,835983
bas de soie en paire,1,oui,,41540
bas de soie et gants de soie,1,non,out,835983
bas de soie pour femme,32,non,out,835983
bas de soie pour homme,33,non,out,835983
bas de soie pour teindre,1,non,out,835983
bas de soie vieux,3,non,out,835983
bas de toile,1,non,out,835983
bas des Îles et des Indes,1,non,out,835983
bas des Indes de poil,1,non,out,835983
bas drapés,1,non,out,835983
bas écriers,1,non,out,835983
bas et bonnets de castor,1,non,out,835983
bas et bonnets de coton,2,non,,41540
bas et bonnets de fil,4,non,out,835983
bas et gants de poil,1,non,out,835983
bas étrillés,1,non,out,835983
bas gants et bonnets de laine fil et coton,16,non,out,835983
bas grossiers,4,non,out,835983
bas pour femme,2,non,out,835983
bas pour homme,2,non,out,835983
bas-relief de marbre,1,non,out,835983
basanes,47,non,out,835983
basanes apprêtées,1,non,out,835983
basanes blanc,1,non,,41540
basanes chamoisées,1,non,,41540
basanes de maroquin,1,non,,41540
basanes de mouton,9,non,out,835983
basanes de mouton tannées,2,non,out,835983
basanes de veau,4,non,out,835983
basanes tannées,317,non,out,835983
basanes tannées de veau,8,non,out,835983
basin,922,non,out,835983
basin argent et or,1,non,out,835983
basin blanc,10,non,out,835983
basin blanc de 10 aunes,1,non,out,835983
basin blanc de 11 aunes,1,non,out,835983
basin blanc de fil,1,non,out,835983
basin brodé,7,non,out,835983
basin brodé de soie,1,non,out,835983
basin brodé de soie et d'or,1,non,out,835983
basin brodé en soie,1,oui,,41540
basin brodé et de coton et de fil,1,oui,,41540
basin clair et uni,1,oui,,41540
basin clair mêlé de coton,1,non,out,835983
basin commun,16,non,out,835983
basin commune,6,oui,,41540
basin coton,1,non,out,835983
basin coton et fil,2,oui,,41540
basin coutil croisée et autre de chanvre et de lin,2,oui,,41540
basin coutil croisée et autres,2,oui,,41540
basin coutil croisée et autres de chanvre et de lin,3,oui,,41540
basin de 11 aunes,1,non,,41540
basin de 15 aunes,1,non,,41540
basin de 40 aunes,1,non,,41540
basin de Bruges écru,1,oui,,41540
basin de Bruges écru de 115 aunes,1,non,,41540
"basin de Bruges écru en pièce de 11,5 aunes",1,oui,out,835983
basin de chanvre,1,non,,41540
basin de coton et basin de fil,2,non,out,835983
basin de coton et de fil,3,oui,,41540
basin de coton et de fil et teinte,1,oui,,41540
basin de fil,4,non,out,835983
basin de fil et de coton,2,non,out,835983
basin de Godelour,0,non,out,835983
basin de lin,2,non,out,835983
basin de lin peint,1,non,out,835983
basin de Rouen,1,non,out,835983
basin de soie,1,non,out,835983
basin de Troyes,11,non,out,835983
basin des Indes,59,non,out,835983
basin en aunes,1,non,out,835983
basin et de coutil,5,oui,,41540
basin et Nankin,99,non,out,835983
basin étranger,4,oui,,41540
basin fin,2,oui,,41540
basin gros,3,oui,,41540
basin national,5,oui,,41540
basin peint,7,non,out,835983
basin pièces,3,oui,,41540
basin pièces de 11 aunes,1,oui,out,835983
basin pièces de 15 aunes,1,oui,out,835983
basin pièces de 40 aunes,1,oui,out,835983
basin rayé,2,non,out,835983
basin sec fil,1,non,out,835983
basin tout coton,1,non,out,835983
basin uni et Nankin uni,38,non,out,835983
baspormettes,1,non,out,835983
basse,10,non,out,835983
basse de viole,14,non,out,835983
basse et bassons,48,non,out,835983
basse et chapeaux chinois,2,non,out,835983
bassin à barbe,1,non,out,835983
bassin à barbe de cuivre,1,non,out,835983
bassin à cassave,1,non,out,835983
bassin d'étain,30,non,out,835983
bassin de barbe,1,non,out,835983
bassin de bois,1,non,out,835983
bassin de cuivre,129,non,out,835983
bassin de cuivre grand,1,non,out,835983
bassin de cuivre jaune,13,non,out,835983
bassin de cuivre jaune et chaudron de cuivre jaune,1,non,out,835983
bassin de cuivre jaune pour l'entrepôt à la destination de la Compagnie des Indes,1,non,out,835983
bassin de cuivre petit,1,non,out,835983
bassin de cuivre pour l'entrepôt pour Guinée,1,non,out,835983
bassin de fer,8,non,out,835983
bassin de marbre,1,non,out,835983
bassines de cuivre,5,non,out,835983
bassons,7,non,out,835983
bassons clarinettes,2,non,out,835983
bast et écorce d'arbre et foularde,232,non,out,835983
batanomes,163,non,out,835983
batanony,4,non,out,835983
bâtardes,1,non,out,835983
batavia,8,non,out,835983
bateaux,204,non,out,835983
bateaux à pêcher,6,non,out,835983
bateaux à pêcher petits,1,non,,41540
bateaux neufs,40,non,out,835983
bateaux petits,3,non,,41540
bateaux petits démontés,3,non,,41540
bâtiments de mer,22,non,out,835983
bâtiments de mer vieux,1,non,out,835983
bâtiments naufragés,1,non,out,835983
batiste,582,non,out,835983
batiste blanche,4,non,out,835983
batiste brochée,1,non,out,835983
batiste de 12 aunes,1,non,out,835983
batiste de fil,12,non,out,835983
batiste de lin,15,non,out,835983
batiste de lin et linon de lin,14,non,out,835983
batiste de Lorient,1,non,,41540
batiste écrue,2,non,out,835983
batiste en carreaux,1,non,,41540
batiste et linon,144,non,out,835983
batiste et linon de chanvre,2,non,out,835983
batiste et linon de chanvre et de lin,7,non,out,835983
batiste fine,8,non,out,835983
batiste grise,4,non,out,835983
batiste Lorient,1,oui,out,835983
batonge de bois,1,oui,out,835983
bâtons,5,non,out,835983
bâtons à chandelle,2,non,out,835983
bâtons à étendre le linge,1,non,out,835983
bâtons à faire cercles,12,non,out,835983
bâtons à frottoir,2,non,out,835983
bâtons à gaffes,6,non,out,835983
bâtons à lave-place,21,non,out,835983
bâtons à œillets,1,non,out,835983
bâtons à pinceaux,1,non,out,835983
bâtons d'éventails d'ivoire,1,non,out,835983
bâtons de bois,4,non,out,835983
bâtons de bois peints,1,non,out,835983
bâtons de bois vernis,1,non,out,835983
bâtons de brosses à goudronner,1,non,out,835983
bâtons de cap,1,non,out,835983
bâtons de colliers,3,non,out,835983
bâtons de fer,1,non,out,835983
bâtons de gabares,1,non,out,835983
bâtons de gabares de 14 à 16 pieds,1,non,out,835983
bâtons de gaffe,1,non,out,835983
bâtons de pompes,1,non,out,835983
bâtons de saloups,1,non,out,835983
bâtons de sapin,40,non,out,835983
bâtons de sapin de 30 pieds,1,non,,41540
bâtons de sapin de 4 pieds de long,2,non,out,835983
bâtons de sapin peint,1,non,out,835983
bâtons peints,2,non,out,835983
bâtons vernis,22,non,out,835983
bâts,4,non,out,835983
bâts à matelas,1,non,out,835983
bâts d'ânes,3,non,out,835983
bâts de bois,1,non,out,835983
bâts de chevaux,5,non,out,835983
bâts de mulets,8,non,out,835983
batterie d'airain,5,non,out,835983
batterie de cuisine,5,non,out,835983
batterie de cuisine en cuivre,5,non,out,835983
batterie de cuivre,4,non,out,835983
batterie de fer,17,non,out,835983
batterie de fer à cuisine,2,non,out,835983
batterie de fer coulé,2,non,out,835983
batterie de fer-blanc,1,non,out,835983
batterie en plaque,1,non,out,835983
battes à fer,1,non,out,835983
battes de jeu de paume,1,non,,41540
battoirs,1,non,out,835983
battoirs à lessive,1,non,out,835983
baudriers,30,non,out,835983
baudriers de cuir,3,non,out,835983
baule,1,non,out,835983
baumanes,1,non,out,835983
baume,151,non,out,835983
baume de benjoin,44,non,out,835983
baume de Copahu,129,non,out,835983
baume de Copahu et du Pérou,3,non,out,835983
baume de gaïac,1,non,out,835983
baume de l'Amérique,1,non,out,835983
baume de la Mecque,15,non,out,835983
baume de storax liquide et en pain,2,non,out,835983
baume de storax naturel,3,non,out,835983
baume de storax préparé,2,non,out,835983
baume de storax préparé en grains,1,non,out,835983
baume de storax préparé liquide,29,non,out,835983
baume de Sucre,2,non,out,835983
baume de Tolu,2,non,out,835983
baume de vie,14,non,out,835983
baume du Canada,1,non,out,835983
baume du Levant,2,non,out,835983
baume du Pérou,90,non,out,835983
baume et élixir,98,non,out,835983
baume et sucs d'espèces particulières,2,non,out,835983
baume laque,1,non,out,835983
baume noir,1,non,out,835983
baume rouge,1,non,out,835983
baume tranquille,1,non,out,835983
bavette,1,non,out,835983
bavoirs,1,non,out,835983
bayette,146,non,out,835983
bayette blanche,141,non,out,835983
bayette blanche aune,1,oui,out,835983
bayette bleue,7,non,out,835983
bayette bleue et rouge,1,non,out,835983
bayette de Beauvais,1,non,out,835983
bayette de prise,6,non,out,835983
bayette des Indes,1,non,out,835983
bayette grosse,1,non,out,835983
bayette teinte,117,non,out,835983
bayette teinte aune,1,oui,out,835983
bayoulen,2,non,out,835983
bazzitte,1,non,out,835983
bdellium,23,non,out,835983
beau vert broyé,2,non,out,835983
beaudeaux,1,non,out,835983
beaupré,134,non,out,835983
bécasses,12,non,out,835983
bécassines,2,non,out,835983
becfigues marinés,1,non,out,835983
bêches,2,non,out,835983
bêches de fer,1,non,out,835983
beige,1,non,out,835983
béliers brebis et mouton communs,7,non,out,835983
béliers mérinos,2,non,out,835983
béliers mérinos et métis,7,non,out,835983
belinge,1,non,out,835983
bem ???,1,oui,out,835983
bem de Vimoutiers,1,oui,out,835983
bem pour voile,3,oui,out,835983
benblanc,1,non,out,835983
benfletins,1,non,out,835983
Bengale,1,non,out,835983
bénitier de marbre,3,non,out,835983
bénitier de marbre ouvré,2,non,out,835983
bénitier de marbre pesant 250 livres,1,non,out,835983
benjoin,165,non,out,835983
benjoin du Levant,1,non,out,835983
bennes,3,non,out,835983
bennes vides,2,non,out,835983
berce de fer et lit de fer,1,non,out,835983
berceau d'enfant,2,non,out,835983
berceau d'osier,1,non,out,835983
bergamote,2,non,out,835983
bergamote sèche,1,non,,41540
bergamotes,111,non,out,835983
bergamotes fraîches,1,non,out,835983
Bergopzoom,52,non,out,835983
Bergopzoom aune,1,oui,out,835983
berline,6,non,out,835983
berline et harnais,3,non,out,835983
berline garnie de velours,1,non,out,835983
berline garnie de velours et crêpine d'or et harnais riche,1,non,out,835983
berline vieille,1,non,out,835983
bernes,12,non,out,835983
bernes de laine,4,non,out,835983
bernes ou tapsel,1,non,out,835983
bernic,1,non,out,835983
bestiaux,274,non,out,835983
bestiaux et bêtes de somme,2,non,out,835983
bêtes de somme,165,non,out,835983
bêtes de somme et bœuf,1,non,out,835983
bêtes de somme et poulains,1,non,out,835983
bêtes principalement en mules et mulets,11,non,out,835983
bétilles,32,non,out,835983
bétilles des Indes,2,non,out,835983
betteraves,2,non,out,835983
beunne,0,non,out,835983
beurre,2738,non,out,835983
beurre commun,22,non,out,835983
beurre d'Angleterre,2,non,out,835983
beurre d'Irlande,21,non,out,835983
beurre d'Irlande non comestible,51,non,out,835983
beurre d'Irlande salé,12,non,out,835983
beurre de Bretagne,21,non,out,835983
beurre de cacao,5,non,out,835983
beurre de Dixmude,1,non,out,835983
beurre de Hollande,1,non,,41540
beurre du pays,10,non,out,835983
beurre du pays salé,8,non,out,835983
beurre en frequins,1,non,,41540
beurre et fromage,6,non,out,835983
beurre fondu,3,non,out,835983
beurre frais,19,non,out,835983
beurre frais ou fondu,7,non,out,835983
beurre frais ou fondu ou salé,2,non,out,835983
beurre pour Genève par transit,1,non,out,835983
beurre pour l'entrepôt des Îles,5,non,out,835983
beurre salé,331,non,out,835983
beurre salé de Hollande,1,non,,41540
beurreterie en bar de fil blanc,1,non,out,835983
beurrière,64,non,out,835983
bezoar,7,non,out,835983
bezoar du Ponant,1,non,out,835983
bibelots et mercerie,10,non,out,835983
bibliothèque,3,non,out,835983
bidets,2,non,out,835983
bidets de faïence,1,non,out,835983
bidets de faïence avec leurs pieds de bois,1,non,out,835983
bidets de faïence et leurs pièces,1,non,out,835983
bidons,1,non,out,835983
bière,1669,non,out,835983
bière aigre,1,non,out,835983
bière blanche,1,non,out,835983
bière cidre et vinaigre,1,non,out,835983
bière commune du pays,87,non,out,835983
bière d'Angleterre,7,non,out,835983
bière d'Hoegaarden,78,non,out,835983
bière de Hollande,10,non,out,835983
bière de Hollande et d'Angleterre,9,non,out,835983
bière de Liège,3,non,out,835983
bière de Lübeck,3,non,out,835983
bière de Lübeck pour médecine,1,non,out,835983
bière dite juypenbier,2,non,out,835983
bière dite lumay,5,non,out,835983
bière en barrique,1,non,out,835983
bière en bouteille,4,non,out,835983
bière en muid,5,non,out,835983
bière et cidre,102,non,out,835983
bière et cidre et vinaigre,15,non,out,835983
bière forte,1,non,out,835983
bière médicinale de Lübeck,1,non,out,835983
bière vétérinaire,1,non,out,835983
bigane,1,non,,41540
bigarade,1,non,out,835983
bigarade fraîche,0,non,out,835983
bignes,3,non,out,835983
bignon frais,1,non,,41540
bigons,15,non,out,835983
bigornes,1,non,,41540
bigous,0,non,out,835983
bigues,6,non,out,835983
bijouterie,890,non,out,835983
bijouterie d'argent,7,non,out,835983
bijouterie d'argent autre qu'ornée en perles fines ou pierres,2,non,out,835983
bijouterie d'argent et d'or,1,non,,41540
bijouterie d'argent ornée en perles fines ou pierres,2,non,out,835983
bijouterie d'or,8,non,out,835983
bijouterie d'or autre qu'ornée en perles fines ou pierres,2,non,out,835983
bijouterie d'or ornée en perles fines ou pierres,2,non,out,835983
bijouterie en argent,1,oui,out,835983
bijouterie et mercerie,1,non,out,835983
bijouterie et perles fines,17,non,out,835983
bijouterie fine,4,non,out,835983
bijouterie fine fausse en pierres faite métal,2,non,out,835983
bijouterie pour montres d'argent,1,non,out,835983
bijoux,1,non,out,835983
bijoux d'or,1,non,out,835983
bijoux en croix,1,non,,41540
bijoux en épingles,1,non,,41540
bilardeaux,14,non,out,835983
billard,17,non,out,835983
billard gaongs,1,non,,41540
billard vieux,1,non,out,835983
billes d'ivoire,8,non,out,835983
billes de billard,1,non,out,835983
billes de bois,4,non,out,835983
billes de bois de Cayenne,0,non,,41540
billes de bois de Cayenne de 9 pieds,1,non,,41540
billes de bois de gaïac,1,non,out,835983
billes de bois et de marbre,1,non,out,835983
billes de bois marbré,5,non,out,835983
billes de bois pour meuble,1,oui,out,835983
billes de bois pour meubles,3,non,,41540
billets,0,non,,41540
billets de parchemin,7,non,out,835983
billons,15,non,out,835983
billons de bois,6,non,out,835983
billons de bois blanc,3,non,out,835983
billons de bois petits,1,non,out,835983
billons de pin,1,non,out,835983
billons de sapin,4,non,out,835983
billons et bois blanc,1,non,out,835983
billots,1,non,out,835983
billots de chêne pour merrain,1,non,out,835983
billots de pin,1,non,out,835983
billots de sapin,13,non,out,835983
billots de sapin de 20 pieds,1,non,out,835983
billots de sapin de 30 à 35 pieds,1,non,out,835983
billots pour merrain,1,non,out,835983
bimauds,1,non,,41540
bimbeloterie,91,non,out,835983
bin,0,non,,41540
binages à pousser,9,non,out,835983
birampots,4,non,out,835983
birampots bleu,1,non,out,835983
birampots des Indes,1,non,out,835983
biscottes,1,non,,41540
biscuit,283,non,out,835983
biscuit amer,2,non,out,835983
biscuit anisé,1,non,out,835983
biscuit de mer,183,non,out,835983
biscuit de mer et pain,7,non,out,835983
biscuit de mer et pâte d'Italie,1,non,out,835983
biscuit de munition,45,non,out,835983
biscuit en pain,1,non,out,835983
biscuit et farine et gruau et pâte,14,non,out,835983
biscuit sucré,7,non,out,835983
biseaux,1,non,out,835983
bismuth,5,non,out,835983
bitume,2,non,out,835983
bitume de Judée,7,non,out,835983
bitume et ambre jaune,2,non,out,835983
bitume et bitume de Judée,2,non,out,835983
bitume et houille brute,2,non,out,835983
bitume et houille coak,1,non,out,835983
blagues,3,non,out,835983
blagues à tabac,1,non,out,835983
blagues de cuir,1,non,out,835983
blallst,1,non,out,835983
blanc,3,non,out,835983
blanc d'écaille,6,non,out,835983
blanc d'Espagne,78,non,out,835983
blanc d'Espagne craie blanche et moulue,3,non,out,835983
blanc d'oriol,1,non,,41540
blanc de ???,0,non,out,835983
blanc de baleine,145,non,out,835983
blanc de céruse,40,non,out,835983
blanc de céruse pour l'entrepôt de la Compagnie des Indes,1,non,out,835983
blanc de ferax,9,non,out,835983
blanc de ferux,0,oui,out,835983
blanc de Herps,3,non,out,835983
blanc de Hollande,1,non,out,835983
blanc de Marne,1,oui,out,835983
blanc de marne,1,non,,41540
blanc de Naples,1,non,out,835983
blanc de plomb,53,non,out,835983
blanc de plomb et térébenthine,1,non,out,835983
blanc de Troyes,23,non,out,835983
blanc de Troyes et craie,2,non,out,835983
blanc en chevron,1,non,out,835983
blanc en pierres,1,non,,41540
blanc simple,2,non,out,835983
blanchette,1,non,out,835983
blanchissoire,2,non,out,835983
blanquette,3,non,out,835983
blé,18,non,out,835983
blé avarié,3,non,out,835983
blé de Hongrie,2,non,,41540
blé de retour,5,non,,41540
blé en gerbe,4,non,out,835983
blé en grabeau,1,non,,41540
blé et autres grains,17,non,out,835983
blé et orge,1,non,,41540
blé étranger,2,non,,41540
blé roux,1,non,,41540
bleu,19,non,out,835983
bleu à l'eau,1,non,,41540
bleu azure,1,oui,out,835983
bleu calaminé,1,non,out,835983
bleu commun,7,non,out,835983
bleu d'Allemagne,1,non,out,835983
bleu d'azur,2,non,out,835983
bleu de Berlin,95,non,out,835983
bleu de Berlin ou de Prusse,1,non,out,835983
bleu de paille,57,non,out,835983
bleu de Pierre,1,non,out,835983
bleu de Prusse,175,non,out,835983
bleu de Prusse boules et indique,2,non,out,835983
bleu de Prusse et graine jaune,2,non,out,835983
bleu de Prusse et lazulite,15,non,out,835983
bleu de Saxe,1,non,out,835983
bleu de smalt,9,non,out,835983
bleu en encre,1,non,out,835983
bleu en pierres,4,non,out,835983
bleu et vert minéral ou de montagne,1,non,out,835983
bleu fin,2,non,out,835983
bleu foncé,1,non,out,835983
bleu ordinaire,1,non,out,835983
bleu ou tournesol,1,non,out,835983
Blicourt écarlate,1,non,out,835983
bloc de 30 pieds,1,non,out,835983
bloc de bois de l'Amérique,1,non,out,835983
blocs,4,non,out,835983
blocs de cuivre jaune,2,non,out,835983
blonde,4,non,out,835983
blonde d'argent,2,non,out,835983
blonde d'or,1,non,out,835983
blonde de fil,1,non,out,835983
blonde de soie,130,non,out,835983
blonde or et argent,1,non,out,835983
blonde visage,2,non,out,835983
blondine,1,non,out,835983
blues d'étain,1,oui,out,835983
bluteau de laine,7,non,out,835983
bluteaux,3,non,out,835983
bobine de cuir,1,non,out,835983
bocages en fer,3,non,out,835983
bocages en fonte,1,non,,41540
bocard de verre,1,non,out,835983
bocau soie,1,non,out,835983
bodans,0,non,out,835983
boëland,19,non,out,835983
bœuf,596,non,out,835983
bœuf à l'écarlate,11,non,out,835983
bœuf à la mode,7,non,out,835983
bœuf d'Irlande,1,non,out,835983
bœuf du pays,3,non,out,835983
bœuf en daube,60,non,out,835983
bœuf et génisses et taureaux et vaches,2,non,,41540
bœuf et génisses et vache,1,non,out,835983
bœuf et langue salée,6,non,out,835983
bœuf et lard,2,non,,41540
bœuf et mouton et porcs et vache,141,non,out,835983
bœuf et mouton et porcs et vache et veaux,55,non,out,835983
bœuf et mouton et porcs et vache etc.,7,non,out,835983
bœuf et mouton et vache et veaux,6,oui,out,835983
bœuf et mouton et vache etc.,1,non,out,835983
bœuf et taureaux,105,non,out,835983
bœuf et vache,9,non,out,835983
bœuf froment,1,non,out,835983
bœuf fumé,159,non,out,835983
bœuf fumé et salé,3,non,out,835983
bœuf gras,2,non,out,835983
bœuf gras et en chair,2,non,out,835983
bœuf illinois,1,non,out,835983
bœuf jeune,1,non,out,835983
bœuf maigre,2,non,out,835983
bœuf préparé,1,non,out,835983
bœuf salé,1841,non,out,835983
bœuf salé d'Irlande,38,non,out,835983
bœuf salé d'olivier,1,non,,41540
bœuf salé de Bretagne,2,non,out,835983
bœuf salé de Hollande,1,non,out,835983
bœuf salé du pays,25,non,out,835983
bœuf salé pour l'entrepôt des Îles,3,non,out,835983
bœuf taureau,5,non,out,835983
bœuftins et génisses,120,non,out,835983
bois,6492,non,out,835983
bois à bâtir,7,oui,,41540
bois à brûler,9,oui,out,835983
bois à cannes,1,oui,,41540
bois à fusil,2,oui,out,835983
bois à merrains,0,oui,,41540
bois à quart,1,oui,out,835983
bois à teindre moulu,17,oui,out,835983
bois à tourner,1,oui,out,835983
bois à travailler,1,oui,out,835983
bois à visser,1,oui,,41540
bois amer,2,non,out,835983
bois au daumes,3,non,out,835983
bois barres de guindeau,1,non,out,835983
bois billots,1,non,out,835983
bois blanc,4,non,out,835983
bois bordage,53,non,out,835983
bois bourdilles,21,non,out,835983
bois bourdillons,17,non,out,835983
bois boway de chêne,1,non,out,835983
bois boway de sapin,1,non,out,835983
bois brai,1,non,out,835983
bois brandilles,1,non,out,835983
bois brun,2,non,out,835983
bois commun,1,non,out,835983
bois commun de chêne et sans désignation d'espèce et scié,1,non,out,835983
bois commun de pin et sapin brut ou équarri à la hache,1,non,out,835983
bois commun de pin et sapin de cham et scié,1,non,out,835983
bois commun de pin et sapin scié de 34 mm d'épaisseur,1,non,out,835983
bois commun de pin et sapin scié de plus de 80 mm d'épaisseur,3,non,out,835983
bois corbin,1,non,out,835983
bois cordayer,2,non,out,835983
bois courbé,1,non,out,835983
bois d'acajou,164,non,out,835983
bois d'acajou brut,6,non,out,835983
bois d'acajou des entrepôts,0,non,out,835983
bois d'acajou divers,2,non,out,835983
bois d'acajou en bloc,1,non,out,835983
bois d'acajou en morceaux,1,non,,41540
bois d'acajou pour madrier,1,non,out,835983
bois d'acajou pour planche,1,non,out,835983
bois d'acajou scié,4,non,out,835983
bois d'acajou scié de 2 à 3 décimètres,1,non,out,835983
bois d'aloès,13,non,out,835983
bois d'amarante,3,non,out,835983
bois d'Angeot,3,non,out,835983
bois d'Angola,2,non,out,835983
bois d'ansprete,2,non,out,835983
bois d'arc,5,non,out,835983
bois d'arc et d'arbalètes,6,non,out,835983
bois d'arc et de flèches,3,non,out,835983
bois d'arc et de fusils,59,non,out,835983
bois d'arc et de selles,9,non,out,835983
bois d'aspatton,1,non,out,835983
bois d'ébène,232,non,out,835983
bois d'ébène en bûches,1,non,,41540
bois d'ébénisterie,12,non,out,835983
bois d'ébénisterie des entrepôts,0,non,out,835983
bois d'ébénisterie et des Indes,32,non,out,835983
bois d'ébénisterie scié,2,non,out,835983
bois d'écarage,1,non,out,835983
bois d'érable,1,non,out,835983
bois d'espars,6,non,out,835983
bois d'espars de 30 à 40 pieds,1,non,,41540
bois d'espars de 40 pieds,1,non,,41540
bois d'espars de 45 pieds,1,non,,41540
bois d'esquine,4,non,out,835983
bois d'Inde,1,non,out,835983
bois d'olivier,28,non,out,835983
bois d'olivier à brûler,1,non,out,835983
bois d'olivier pelé,15,non,out,835983
bois d'olivier pelé préceintes,1,non,out,835983
bois d'orignal,2,non,out,835983
bois d'orme,9,non,out,835983
bois d'ormeau,2,non,out,835983
bois d'osier,33,non,out,835983
bois de ???,2,non,out,835983
bois de 5 pieds,0,non,out,835983
bois de bordage,5,non,out,835983
bois de bordage de chêne,1,non,out,835983
bois de bordage de sapin,1,non,out,835983
bois de Brésil,650,non,out,835983
bois de Brésil en bûche,8,non,out,835983
bois de Brésil menu,1,non,out,835983
bois de Brésil moulu,1,non,out,835983
bois de Brésil râpé,5,non,out,835983
bois de Brésil Sainte-Marthe,2,non,out,835983
bois de brésillet,8,non,out,835983
bois de brochialle,1,non,out,835983
bois de bruyère,1,non,out,835983
bois de buis,236,non,out,835983
bois de buis boule,1,non,out,835983
bois de buis en bûches,1,non,,41540
bois de cabestan,2,non,out,835983
bois de cail-cédra,3,non,out,835983
bois de Caliatour,92,non,out,835983
bois de Caliatour en bûche,3,non,out,835983
bois de Caliatour moulu,30,non,out,835983
bois de Caliatour râpé,4,non,out,835983
bois de Campêche,1203,non,out,835983
bois de Campêche en bûches,28,non,out,835983
bois de Campêche en bûches pour teinture,1,non,out,835983
bois de Campêche moulu,50,non,out,835983
bois de Campêche pour teinture,3,non,out,835983
bois de Campêche râpé,26,oui,out,835983
bois de camphre,1,non,out,835983
bois de canet,1,non,out,835983
bois de cannelle,1,non,out,835983
bois de cannelle en morceaux,1,non,,41540
bois de Cayenne,7,non,out,835983
bois de cèdre,23,non,out,835983
bois de cerf,2,non,out,835983
bois de cerisier,3,non,out,835983
bois de chacie de noyer,1,non,out,835983
bois de chaises,3,non,out,835983
bois de charbonnage,1,non,out,835983
bois de charouage,1,non,out,835983
bois de charpente,52,non,out,835983
bois de charpente couvertures de maisons,1,non,out,835983
bois de charpente de sapin,2,non,out,835983
bois de charron,35,non,,41540
bois de charronnage,27,oui,out,835983
bois de châtaignier,3,non,out,835983
bois de châtaignier en planches,1,oui,out,835983
bois de chêne,125,non,out,835983
bois de chêne 30 pieds,1,non,out,835983
bois de chêne à poutres,1,non,out,835983
bois de chêne à sommiers,2,non,out,835983
bois de chêne bourdilles,1,non,out,835983
bois de chêne bouts de 6 pieds,1,non,out,835983
bois de chêne carré,8,non,out,835983
bois de chêne chevrons,1,oui,out,835983
bois de chêne courbé pour construction navale,59,non,out,835983
bois de chêne d'équarrissage,1,non,out,835983
bois de chêne de 30 à 40 pieds,1,non,out,835983
bois de chêne de 30 pieds,1,non,out,835983
bois de chêne de 40 pieds,1,non,out,835983
bois de chêne de charpente,1,non,out,835983
bois de chêne de construction,4,oui,out,835983
bois de chêne en bouts,2,non,,41540
bois de chêne en bûches,5,non,,41540
bois de chêne en lattes,3,non,out,835983
bois de chêne en morceaux,2,non,out,835983
bois de chêne en morceaux de 5 pieds,1,non,out,835983
bois de chêne en pièces,1,non,,41540
bois de chêne et sapin pour construction,0,non,out,835983
bois de chêne pour bordage,2,non,out,835983
bois de chêne pour construction,11,non,out,835983
bois de chêne pour construction courbe,1,non,out,835983
bois de chêne pour construction navale,3,non,,41540
bois de chêne rond,8,non,out,835983
bois de chêne scié,2,non,out,835983
bois de chevrons,2,non,out,835983
bois de Chine,1,non,out,835983
bois de Chypre,0,non,out,835983
bois de citrin et de quassie et de Rhodes et de santal blanc,2,non,out,835983
bois de clafou,1,non,out,835983
bois de cleippe,1,non,out,835983
bois de coco,2,non,out,835983
bois de Constantine,0,non,out,835983
bois de construction,6,non,,41540
bois de constuction,6,oui,,41540
bois de cordes,0,non,,41540
bois de coulette de hêtre,1,non,out,835983
bois de couleur,35,non,out,835983
bois de courbant,1,non,out,835983
bois de courbaril,5,non,out,835983
bois de coutelier,2,non,out,835983
bois de crabe,4,non,out,835983
bois de crible,1,non,out,835983
bois de faïence,0,non,out,835983
bois de fauteuils,5,non,out,835983
bois de fauteuils et canapé,1,non,out,835983
bois de faux,1,non,out,835983
bois de fayard,11,oui,out,835983
bois de fer,3,non,out,835983
bois de férole,1,non,out,835983
bois de figuier,1,non,out,835983
bois de flèches,3,non,out,835983
bois de Fondal,2,non,out,835983
bois de frêne,2,non,out,835983
bois de fustel,117,non,out,835983
bois de fustel haché,2,non,out,835983
bois de fustel pour teinture,2,non,out,835983
bois de fustet,63,non,out,835983
bois de fustet moulu,1,non,out,835983
bois de fustet pour teinture,1,non,out,835983
bois de gaïac,386,non,out,835983
bois de gaïac des entrepôts,0,non,out,835983
bois de gaïac en bûches,5,non,out,835983
bois de gaïac râpé,2,non,out,835983
bois de gaillard,1,non,,41540
bois de gays,1,non,out,835983
bois de genièvre,1,non,out,835983
bois de girofle,46,non,out,835983
bois de gitte,1,non,out,835983
bois de grenadier,5,non,out,835983
bois de grenadille,2,non,out,835983
bois de grenadille en bûches,1,non,,41540
bois de grignon,9,non,,41540
bois de Hambourg,0,non,out,835983
bois de Hambours en bâton,1,non,,41540
bois de hêtre,12,non,,41540
bois de Honduras,1,non,out,835983
bois de Honduras en bûches,1,non,out,835983
bois de houx,0,non,out,835983
bois de houx bûches,1,oui,out,835983
bois de houx en bûches,2,non,,41540
bois de jacaranda,20,non,out,835983
bois de lettre,6,non,out,835983
bois de lin,3,non,out,835983
bois de lit,26,non,out,835983
bois de lit d'acajou,1,non,out,835983
bois de machandises marbré,5,non,out,835983
bois de machemillier,6,non,out,835983
bois de Magny,1,non,out,835983
bois de majambou,1,non,,41540
bois de marbre,2,non,out,835983
bois de marguerite,1,non,out,835983
bois de marine,1,non,out,835983
bois de mariombre,1,non,,41540
bois de marqueterie,86,non,out,835983
bois de mazembie,1,non,,41540
bois de melle,1,non,out,835983
bois de menuiserie,19,non,out,835983
bois de Nantes,0,non,out,835983
bois de navire,0,non,,41540
bois de Nicaragua,0,non,out,835983
bois de noyer,80,non,out,835983
bois de palissandre,46,non,out,835983
bois de Pernambouc,248,non,out,835983
bois de Pernambouc à teindre,2,non,out,835983
bois de Pernambouc arbustes,2,non,out,835983
bois de Pernambouc en bûche,7,non,out,835983
bois de Pernambouc moulu,7,non,out,835983
bois de Pernambouc râpé,2,non,out,835983
bois de pin,917,non,out,835983
bois de pin de construction,21,non,,41540
bois de pourpre,1,non,out,835983
bois de Provence,1,non,out,835983
bois de Provence Pernambouc et Campêche,3,non,out,835983
bois de quassie,1,non,out,835983
bois de raquette,1,non,out,835983
bois de réglisse,72,non,out,835983
bois de réglisse et jus de réglisse,127,non,out,835983
bois de Rhodes,7,non,out,835983
bois de Rhodes et sental-citrin etc.,2,non,out,835983
bois de romarin,2,non,out,835983
bois de rose,76,non,out,835983
bois de roseaux,10,non,out,835983
bois de rouage,12,non,out,835983
bois de rouage et ouvrages de charronnerie,7,non,out,835983
bois de roulage,2,non,,41540
bois de Sainte-Lucie,2,non,out,835983
bois de Sainte-Marthe,272,non,out,835983
bois de Sainte-Marthe en bûches,4,non,out,835983
bois de Sainte-Marthe moulu,2,non,out,835983
bois de Sainte-Marthe pour teinture,2,non,out,835983
bois de santal,248,non,out,835983
bois de santal ???,1,non,out,835983
bois de santal blanc,4,non,out,835983
bois de santal cetrin,1,non,out,835983
bois de santal citrin,6,non,out,835983
bois de santal en bûches,12,non,out,835983
bois de santal moulu,142,non,out,835983
bois de santal mouton,1,non,out,835983
bois de santal pour teinture,1,non,out,835983
bois de santal rouge,4,non,out,835983
bois de sap,0,non,out,835983
bois de sapin,113,non,out,835983
bois de sapin de 18 pieds,1,non,out,835983
bois de sapin de 2 à 3 pieds,1,non,out,835983
bois de sapin de 20 à 30 pieds,1,non,out,835983
bois de sapin de 20 pieds,1,non,out,835983
bois de sapin de 22 pieds et 12 pouces,1,non,out,835983
bois de sapin de 27 pieds,1,non,out,835983
bois de sapin de 4 pieds,1,non,,41540
bois de sapin de 40 pieds,2,non,out,835983
bois de sapin de 6 pieds,1,non,out,835983
bois de sapin en bûches,1,non,,41540
bois de sapin peint,2,non,out,835983
bois de sappan,50,non,out,835983
bois de sappan moulu pour teindre,1,non,out,835983
bois de sappan pour teindre,1,non,out,835983
bois de sassafras,27,non,out,835983
bois de sassafras moulu,1,non,out,835983
bois de saule,1,non,out,835983
bois de saune,1,non,out,835983
bois de Sayan,1,non,out,835983
bois de sciage,1,non,,41540
bois de selles,3,non,out,835983
bois de senteur,1,non,out,835983
bois de serrure,1,non,out,835983
bois de simarouba,39,non,out,835983
bois de sommiers,2,non,out,835983
bois de tables doré,1,non,out,835983
bois de tamis,1,non,out,835983
bois de teinture,132,non,out,835983
bois de teinture autres que Pernambouc et moulu,2,non,out,835983
bois de teinture des entrepôts,0,non,out,835983
bois de teinture en bûches,4,non,out,835983
bois de teinture en bûches ou morceaux et autres bois exotiques,3,non,out,835983
bois de teinture en bûches ou morceaux et Pernambouc,3,non,out,835983
bois de teinture et marqueterie,5,non,out,835983
bois de teinture moulu,18,non,out,835983
bois de teinture moulu Pernambouc,6,non,out,835983
bois de teinture Nicaragua,1,non,out,835983
bois de teinture Pernambouc,2,oui,out,835983
bois de teure,0,non,out,835983
bois de tilleul,1,non,out,835983
bois de toctacanot,1,non,out,835983
bois de violette,26,non,out,835983
bois demi ouvré,1,non,,41540
bois des Îles en bûches,2,oui,,41540
bois des Îles et des Indes,16,non,out,835983
bois des Îles et des Indes moulu,3,non,out,835983
bois des Îles et des Indes pour teinture et marqueterie,3,non,out,835983
bois des Îles et des Judée et du Brésil,3,non,,41540
bois des Indes,519,non,out,835983
bois des Indes de teinture,17,non,out,835983
bois des Indes de teinture moulu,1,non,out,835983
bois des Indes de violette,1,non,out,835983
bois des Indes en bûches,21,non,out,835983
bois des Indes et d'ébénisterie et de marqueterie,10,non,out,835983
bois des Indes jaune,13,non,out,835983
bois des Indes moulu,10,non,out,835983
bois des Indes moulu en bûches,1,non,out,835983
bois des Indes pour marqueterie,4,non,out,835983
bois des Indes pour teinture,1,non,out,835983
bois des Indes pour teinture et marqueterie,18,non,out,835983
bois des Indes râpé,22,non,out,835983
bois des Indes rose,1,non,out,835983
bois des Indes rouge,5,non,out,835983
bois des Sainte-Marthe,1,non,,41540
bois dit à fond,1,oui,out,835983
bois dit ricter,5,non,out,835983
bois dit schaelen ou rebuts de bois,6,non,out,835983
bois dit weres,112,non,out,835983
bois doré,12,non,out,835983
bois du Honduras de teinture,1,non,out,835983
bois du Japon,22,non,out,835983
bois du Japon jaune,1,non,out,835983
bois du Levant,1,non,out,835983
bois du Surinam,1,non,out,835983
bois durci,1,non,out,835983
bois en ??? à houblon,1,non,out,835983
bois en battreaux,1,oui,out,835983
bois en billes pour meuble,2,oui,out,835983
bois en bûches,2,non,out,835983
bois en bûches pour brûler,10,non,out,835983
bois en cordes,5,non,,41540
bois en epriers,1,non,out,835983
bois en lest,1,non,,41540
bois en morceaux,3,non,,41540
bois en tranches,18,non,out,835983
bois équarri,1,non,out,835983
bois et écorces de chêne et de frêne,1,non,out,835983
bois et merrains,59,non,out,835983
bois et ouvrages de charronerie,61,non,out,835983
bois et paniers de coudre,54,non,out,835983
bois et papier d'éventail,1,non,out,835983
bois et pierre,0,non,,41540
bois exotique d'ébénisterie,1,non,out,835983
bois exotique de teinture,1,non,out,835983
bois exotique de teinture en morceaux et Pernambouc,1,non,out,835983
bois feuillaird en feuilles,1,non,,41540
bois feuillards à barriques,5,non,,41540
bois feuillards à petits barils,1,non,,41540
bois feuillards à quarteaux,2,non,,41540
bois feuillards et osiers,6,non,,41540
bois feuillards pipage,6,non,,41540
bois flotté en étançon rond,1,non,out,835983
bois fonçaille,1,non,out,835983
bois fond à castor,1,oui,out,835983
bois fonds à castor,1,non,,41540
bois fustet,116,non,out,835983
bois gaïac,4,non,out,835983
bois gros,3,non,out,835983
bois jaune,275,non,out,835983
bois jaune à teindre,1,non,out,835983
bois jaune en bûches,1,non,out,835983
bois jaune moulu,2,non,out,835983
bois jaune pour teinture,2,non,,41540
bois jaune râpé,3,non,out,835983
bois joli,1,non,out,835983
bois jonquette,1,non,out,835983
bois long,1,non,out,835983
bois lourd,359,non,out,835983
bois marbré,28,non,out,835983
bois marbré de 6 pieds,0,non,out,835983
bois marbré en bûches,2,non,,41540
bois marbré en bûches de 6 pieds,1,non,,41540
bois mérain,4,oui,,41540
bois merrains à cardines,1,oui,out,835983
bois merrains pour cardines,1,non,,41540
bois moulu,7,non,out,835983
bois néphrétique,7,non,out,835983
bois odorants,4,non,out,835983
bois osier,35,non,out,835983
bois palissandre,1,non,out,835983
bois perible,2,non,out,835983
bois Pernambouc à teindre,1,oui,,41540
bois Pernambouc à teinture,3,non,,41540
bois petit de rouage,2,non,out,835983
bois portatif dit neyster,5,non,out,835983
bois pour arbalètes,5,non,out,835983
bois pour avirons,1,non,,41540
bois pour banquière,2,non,out,835983
bois pour barils,17,non,out,835983
bois pour barils long,1,non,out,835983
bois pour barils non scié,2,non,out,835983
bois pour barils ordinaire,1,non,out,835983
bois pour barils pour fond,1,oui,out,835983
bois pour barils pour fonds,1,non,,41540
bois pour barrique,4,non,out,835983
bois pour basse,1,non,out,835983
bois pour bâtir,106,non,out,835983
bois pour bâtir de 14 pieds de long,1,non,out,835983
bois pour bâts,8,non,out,835983
bois pour battes de chêne,1,non,out,835983
bois pour boîtes,3,non,out,835983
bois pour bordage,1,non,out,835983
bois pour boucles,1,non,out,835983
bois pour brûler,2278,non,out,835983
bois pour brûler d'orme,1,non,out,835983
bois pour brûler de chêne,1,non,out,835983
bois pour brûler de gite,1,non,out,835983
bois pour brûler en ???,2,non,out,835983
bois pour brûler et autres,2,non,out,835983
bois pour brûler et fagots,1,non,out,835983
bois pour cabanière,1,non,out,835983
bois pour cannes,1,non,,41540
bois pour cercle,2,non,out,835983
bois pour chaise,81,non,out,835983
bois pour charpente,2,non,out,835983
bois pour charron,1,non,,41540
bois pour charrons,1,oui,,41540
bois pour chocolat,1,non,out,835983
bois pour comble,1,non,out,835983
bois pour construction,847,non,out,835983
bois pour construction de 22 pieds,1,non,out,835983
bois pour construction de 40 pieds,1,non,out,835983
bois pour construction de sapin,2,non,out,835983
bois pour construction et planches de bois,1,non,out,835983
bois pour construire ayant d'épaisseur 34 à 80 mm,2,non,out,835983
bois pour construire ayant d'épaisseur 8 centimètres au moins,4,non,out,835983
bois pour construire ayant d'épaisseur 8 centimètres ou moins,2,non,out,835983
bois pour construire ayant reçu une première main-d'œuvre impropre à la construction navale,1,non,out,835983
bois pour construire brut ou équarri à la hache,8,non,out,835983
bois pour construire manche de fouines et pinceaux à goudron,3,non,out,835983
bois pour construire scié ayant d'épaisseur moins de 34 et autres,1,non,out,835983
bois pour construire scié ayant d'épaisseur moins de 34 mm et planches dites schom,1,non,out,835983
bois pour construire scié ayant d'épaisseur plus de 8 centimètres,5,non,out,835983
bois pour construire scié ayant d'épaisseur plus de 80 mm,2,non,out,835983
bois pour corbeilles,4,non,out,835983
bois pour corbin,27,non,out,835983
bois pour crible,60,non,out,835983
bois pour cribles,2,non,out,835983
bois pour étuis,1,non,out,835983
bois pour éventail,2,non,out,835983
bois pour éventail de nacre de perle,1,non,out,835983
bois pour faire sabot,3,non,out,835983
bois pour faux,1,non,out,835983
bois pour fond,7,oui,out,835983
bois pour fonds,8,non,,41540
bois pour fourreau,2,non,out,835983
bois pour fourreau d'épée,8,non,out,835983
bois pour fusil,18,non,out,835983
bois pour futaille,2,non,out,835983
bois pour gabares,4,non,out,835983
bois pour gaine,3,non,out,835983
bois pour instruments,2,non,,41540
bois pour instruments de musique,4,non,out,835983
bois pour lattes,4,non,out,835983
bois pour lit,1,non,out,835983
bois pour mâts,2,non,out,835983
bois pour mâture,5,non,,41540
bois pour mâtures,7,non,out,835983
bois pour merrains,0,non,,41540
bois pour meuble,12,oui,out,835983
bois pour meubles,23,non,out,835983
bois pour palissade,5,non,out,835983
bois pour palissade et terrasse,4,non,out,835983
bois pour paniers,4,non,out,835983
bois pour parquet,1,non,out,835983
bois pour peintures et teinture,3,oui,out,835983
bois pour pipe,7,oui,out,835983
bois pour plafond,2,non,out,835983
bois pour poinçon,1,non,out,835983
bois pour pompe,1,non,out,835983
bois pour quarts,1,oui,,41540
bois pour quilles de navire,1,non,out,835983
bois pour sommier,5,non,out,835983
bois pour talons,1,non,,41540
bois pour tamis,27,non,out,835983
bois pour tanin,1,non,out,835983
bois pour tapis,1,non,out,835983
bois pour teindre,492,non,out,835983
bois pour teindre en bûches,16,non,out,835983
bois pour teindre moulu,21,non,,41540
bois pour teindre râpé,1,non,out,835983
bois pour teinture,2,non,out,835983
bois pour tierçon,1,oui,out,835983
bois pour tonneaux,18,non,out,835983
bois pour tourner,1,non,,41540
bois pour travailler,2,non,,41540
bois pour violon,1,non,out,835983
bois pour visser,1,non,,41540
bois préparé pour charpente et autres ouvrages,16,non,out,835983
bois préparé pour ouvrages,7,non,out,835983
bois râpé,2,non,out,835983
bois rosal,1,non,out,835983
bois rouge,163,non,out,835983
bois rouge des Indes,7,non,out,835983
bois rouge en madriers,1,non,,41540
bois rouge en merrains,0,non,,41540
bois rouge en poutres,1,non,,41540
bois rouge pour teinture,2,non,out,835983
bois rouge râpé,2,non,out,835983
bois royal,1,non,out,835983
bois royet,1,non,out,835983
bois rozat,3,non,out,835983
bois scié,53,non,out,835983
bois soutreaux,0,non,out,835983
bois sustek,9,non,out,835983
bois tes peintes,2,non,out,835983
bois tors,10,non,out,835983
bois travaillé,13,non,out,835983
bois travaillé pour construire une barrique,1,non,out,835983
bois tropique,5,non,out,835983
bois verni,7,non,out,835983
bois vert,2,non,out,835983
bois violet,24,non,out,835983
bois violet en madriers,1,non,,41540
boisellerie,7,non,out,835983
boiseries,4,non,out,835983
boisselerie et futailles,12,non,out,835983
boissellerie,63,non,out,835983
boissons,1,non,out,835983
boissons de grains distillées,1,non,out,835983
boissons gazeuses à la salsepareille,3,non,out,835983
boîtes,12,non,out,835983
boites à ??? de bois,1,non,out,835983
boîtes assorties,1,non,out,835983
boîtes blanches,3,non,out,835983
boîtes d'argent,1,non,out,835983
boîtes d'étain,1,non,out,835983
boîtes d'olivier,1,non,out,835983
boîtes de bergamotes,59,non,out,835983
boîtes de bergamotes vernies,1,non,out,835983
boîtes de bois,58,non,out,835983
boites de bois blanc,2,non,out,835983
boîtes de bois blanc,5,non,out,835983
boîtes de bois d'olivier,1,non,out,835983
boîtes de bois musqué,2,non,out,835983
boîtes de bois vernies,1,non,out,835983
boîtes de bois violet,1,non,out,835983
boîtes de carton,3,non,out,835983
boîtes de coupure,1,non,out,835983
boîtes de fer,1,non,out,835983
boîtes de fer-blanc,9,non,out,835983
boîtes de fontes,0,non,out,835983
boîtes de montre d'argent,1,non,,41540
boîtes de montre d'or,1,non,,41540
boîtes de Nuremberg,4,non,out,835983
boîtes de papier,1,non,,41540
boîtes de pendules,3,non,,41540
boîtes de plomb,1,non,out,835983
boîtes de quadrilles,5,non,out,835983
boites de sapin,1,non,out,835983
boîtes de sapin,23,non,out,835983
boîtes de sapin blanc,1,non,out,835983
boîtes de sapin peintes,13,non,out,835983
boîtes et plateaux,1,non,out,835983
boîtes peintes,4,non,out,835983
boîtes vernies,1,non,out,835983
boitiers,1,non,out,835983
bol,20,non,out,835983
bol blanc,7,non,out,835983
bol commun,4,non,out,835983
bol d'Arménie,21,non,out,835983
bol d'Arménie et terre de Lemnos,2,non,out,835983
bol d'arsenic,1,non,out,835983
bol de terre anglais,1,non,,41540
bol drogue,1,non,,41540
bol et planches,4,non,out,835983
bol fin,1,non,out,835983
bolbet de coton,1,non,out,835983
boldavid,14,non,out,835983
boldes d'Espagne,1,non,out,835983
bolsas,2,non,out,835983
bombardes,1,non,out,835983
bombardes de cuivre,1,non,out,835983
bombardes de fer,1,non,out,835983
bombasin,22,non,out,835983
bombasin de Troyes,1,non,out,835983
Bombay,3,non,out,835983
bombe,1,oui,,41540
bombes,6,non,out,835983
bombes de cuivre,3,non,out,835983
bombes de cuivre à thé,1,non,out,835983
bombes de fer,1,non,out,835983
bombes et boulets,2,non,out,835983
bombes et canons,3,non,out,835983
bombes et grenade,2,non,out,835983
bombets,1,non,out,835983
bombets de demitte,2,non,out,835983
bombets de demitte et corsets de demitte,1,non,out,835983
bonbons,5,non,out,835983
bonbons et sorbets,2,non,out,835983
bondes de bois,1,non,out,835983
bongras ammoniac,1,non,out,835983
bongras animal,0,non,out,835983
bonneterie,468,non,out,835983
bonneterie ???,3,non,out,835983
bonneterie commune de coton et bonneterie commune de laine,5,non,out,835983
bonneterie d'estam,1,oui,out,835983
bonneterie d'estame,1,non,,41540
bonneterie d'Inde de poil,1,non,out,835983
bonneterie de bourre de fil,1,non,out,835983
bonneterie de bourre de soie,5,non,out,835983
bonneterie de chanvre et de lin,5,non,out,835983
bonneterie de chanvre et lin,2,non,out,835983
bonneterie de coton,180,non,out,835983
bonneterie de coton et bonneterie de fil,68,non,out,835983
bonneterie de coton et bonneterie de fil et bonneterie de laine,15,non,out,835983
bonneterie de coton et bonneterie de laine,1,non,out,835983
bonneterie de coton et bonneterie de soie,1,non,out,835983
bonneterie de coton et soie,1,non,,41540
bonneterie de fil,101,non,out,835983
bonneterie de fil de coton,1,non,out,835983
bonneterie de fil et bonneterie de coton,22,oui,out,835983
bonneterie de fil et coton en laine,1,non,out,835983
bonneterie de filin d'or,3,non,out,835983
bonneterie de filoselle,23,non,out,835983
bonneterie de fleuret,11,non,out,835983
bonneterie de laine,352,non,out,835983
bonneterie de laine ???,1,non,out,835983
bonneterie de laine et bonneterie de coton,1,non,out,835983
bonneterie de laine et bonneterie poil,12,non,out,835983
bonneterie de laine et soie,2,non,out,835983
bonneterie de laine fine,1,non,out,835983
bonneterie de laine grossière,1,non,,41540
bonneterie de laine tricots,1,oui,out,835983
bonneterie de lapin de poil,1,non,out,835983
bonneterie de poil autre que castor,2,non,out,835983
bonneterie de soie,575,non,out,835983
bonneterie de soie au sixième,3,non,out,835983
bonneterie de soie et dorure,3,non,out,835983
bonneterie écarlate,1,non,out,835983
bonneterie en bouets,1,non,,41540
bonneterie en fil,1,non,,41540
bonneterie étoffe et tapis de poil,3,oui,out,835983
bonneterie fil et bonneterie de coton,1,oui,out,835983
bonnets,17,non,out,835983
bonnets à cheveux,1,non,out,835983
bonnets à dentelle,2,non,out,835983
bonnets à nègre,1,non,out,835983
bonnets brodés d'argent,0,non,out,835983
bonnets brodés d'or,2,non,out,835983
bonnets brodés de fil,2,non,out,835983
bonnets brodés de laine,1,non,out,835983
bonnets d'enfant,13,non,out,835983
bonnets d'enfant de velours et bonnets à la postillonne,3,non,out,835983
bonnets d'étoffe,2,non,out,835983
bonnets d'homme,1,non,out,835983
bonnets de basin,2,non,out,835983
bonnets de blonde,2,non,out,835983
bonnets de bois,1,non,out,835983
bonnets de castor,11,non,out,835983
bonnets de castor brodés,1,non,out,835983
bonnets de coton,495,non,out,835983
bonnets de coton et bonnets de fil,6,non,out,835983
bonnets de coton et fil et laine,1,non,out,835983
bonnets de dentelle,1,non,out,835983
bonnets de femme,1,non,out,835983
bonnets de fer-blanc à la turc,1,non,out,835983
bonnets de fil,72,non,out,835983
bonnets de fil et bas,1,non,out,835983
bonnets de fil et bonnets de coton,9,non,out,835983
bonnets de filosel,3,non,out,835983
bonnets de gaze,1,non,out,835983
bonnets de grenadine,1,non,out,835983
bonnets de laine,776,non,out,835983
bonnets de laine ???,1,non,out,835983
bonnets de laine commune,2,non,out,835983
bonnets de laine communs,1,non,out,835983
bonnets de laine de Ségovie,3,non,out,835983
bonnets de laine et bonnets de fil et bonnets de coton,1,non,out,835983
bonnets de laine fin,2,non,out,835983
bonnets de laine grasse,2,non,out,835983
bonnets de laine grosse,1,non,out,835983
bonnets de paille,2,non,out,835983
bonnets de peau,5,non,out,835983
bonnets de postillons,23,non,out,835983
bonnets de prêtre,2,non,out,835983
bonnets de soie,26,non,out,835983
bonnets de taffetas,3,non,out,835983
bonnets de taffetas bordés d'argent,1,non,out,835983
bonnets de toile,9,non,out,835983
bonnets de toile cirée,3,non,out,835983
bonnets de velours,11,non,out,835983
bonnets de velours brodés,1,non,out,835983
bonnets des prises,1,non,out,835983
bonnets écarlates,2,non,out,835983
bonnets et chaussettes de coton,1,non,out,835983
bonnets et soutane,1,non,out,835983
bonnets grossiers de laine,4,non,out,835983
bonnets montés,1,non,out,835983
bonnets piqués,16,non,out,835983
bonnets piqués et carcasse et fer à coiffures,12,non,out,835983
borax,379,non,out,835983
borax brut,10,non,out,835983
borax gras,9,non,out,835983
borax raffiné,26,non,out,835983
bordage,14,non,out,835983
bordage de chêne,120,non,out,835983
bordage de chêne de 15 pieds,1,non,out,835983
bordage de chêne de 24 pieds,1,non,out,835983
bordage de chêne de 27 pieds,1,non,out,835983
bordage de chêne de 30 à 40 pieds,1,non,out,835983
bordage de chêne de 30 à 40 pieds à 3 et 4 pouces d'épaisseur,1,non,out,835983
bordage de cyprès,1,non,out,835983
bordage de pin,1,non,out,835983
bordage de sapin,22,non,out,835983
bordage de sapin de 20 pieds,1,non,out,835983
bordage et planches,1,oui,,41540
bordage pour navire,1,non,out,835983
bordages et planches,1,non,,41540
bordures d'or et de soie,1,non,out,835983
bordures de bois doré,2,non,out,835983
bordures de tapisseries,2,non,out,835983
bordures dorées,3,non,out,835983
bottes,37,non,out,835983
bottes à matelot,1,non,out,835983
bottes à pêcher,1,non,,41540
bottes de bergamote,3,non,out,835983
bottes de cavalier,1,non,out,835983
bottes de cuir,36,non,out,835983
bottes de cuir à matelot,1,non,out,835983
bottes de cuir fortes,1,non,out,835983
bottes de sapin,2,non,out,835983
bottes et bottines,118,non,out,835983
bottes et souliers,7,non,out,835983
bottes fortes,74,non,out,835983
bottes fourrées,1,non,out,835983
bottes molles,9,non,out,835983
bottes neuves,5,non,out,835983
bottines,68,non,out,835983
bottines de cuir,4,non,out,835983
bottines de peau,1,non,out,835983
boucaniers,11,non,out,835983
boucans en bottes,1,oui,out,835983
boucassin,67,non,out,835983
boucassin rouge,2,non,out,835983
boucaud en bottes,2,non,out,835983
boucaud vide,3,non,out,835983
bouchie,1,non,out,835983
bouchons,102,non,out,835983
boucles,8,non,out,835983
boucles d'acier,1,non,out,835983
boucles d'argent,11,non,out,835983
boucles d'oreilles,4,non,out,835983
boucles de cuivre,3,non,out,835983
boucles de fer,3,non,out,835983
boucles de pinsbeck,5,non,out,835983
boucles de sapin,2,non,out,835983
boucles de souliers à pierres fausses,1,non,out,835983
boucles de tombac,1,non,out,835983
boucs,22,non,out,835983
boucs en vie,1,non,out,835983
boucs et chèvre,127,non,out,835983
boudins de poisson,5,non,out,835983
boudrilles,1,non,out,835983
boudrillons,2,non,out,835983
bouette de sapin,1,non,out,835983
bouge,1,non,out,835983
bougie,808,non,out,835983
bougie blanche,38,non,out,835983
bougie de blanc de baleine,2,non,out,835983
bougie de cire,151,non,out,835983
bougie de cire blanche,225,non,out,835983
bougie de cire blanche et cierges de cire blanche,4,non,out,835983
bougie de cire blanche et jaune,3,non,,41540
bougie de cire blanche et jaune et cire blanche et jaune fondue,7,non,out,835983
bougie de cire jaune,3,non,out,835983
bougie de cire verte,1,non,out,835983
bougie de suif,0,non,out,835983
bougie de tables,38,non,out,835983
bougie de tables et cierges,1,non,out,835983
bougie en suif et suif,3,non,out,835983
bougie et cierges,103,non,out,835983
bougie jaune,9,non,out,835983
bougie verte,1,non,out,835983
bougies de table,6,non,,41540
bougran,98,oui,out,835983
bouguette,112,non,out,835983
bouilloires de cuivre,2,non,out,835983
bouillotte de cuivre,1,non,out,835983
boulange,60,non,out,835983
boulans,1,non,out,835983
boular,1,non,,41540
boules,4,non,out,835983
boules d'acier,11,non,out,835983
boules de bois,11,non,out,835983
boules de buis,13,non,out,835983
boules de canons,2,non,out,835983
boules de fer,1,non,out,835983
boules de mail,10,non,out,835983
boules de mais,1,non,out,835983
boules de marbre,8,non,out,835983
boules de marbre pour jouets d'enfant,2,non,out,835983
boules de métal blanc,1,non,out,835983
boules de sapin,1,non,out,835983
boules de terres,1,non,out,835983
boules de verre,3,non,out,835983
boules pour jouer,4,non,out,835983
boules vulnéraires,10,non,out,835983
boulets,10,non,out,835983
boulets à têtes et queue,1,non,out,835983
boulets de canon de fer,4,non,out,835983
boulets de canons,203,non,out,835983
boulets de canons de 4 livre,2,non,out,835983
boulets de canons de fer,6,non,out,835983
boulets de canons et mitraille,1,non,out,835983
boulets de fer,8,non,out,835983
boulets de fer et canons de fer,8,non,out,835983
boulets de marbre,2,non,out,835983
boulets de terre,2,non,out,835983
boulets et canons,6,non,out,835983
boulets et canons de fer de fonte,3,non,out,835983
boulettes de marbre,8,non,out,835983
bouquets de fleurs artificielles,4,non,out,835983
bouquets de papier,1,non,out,835983
bouquins à pipes,2,non,out,835983
bouracan,1,non,out,835983
bouraline,0,non,out,835983
bouralisse,11,non,out,835983
bouras,34,non,out,835983
bouras allaya,1,non,,41540
bouras de coton,1,non,out,835983
bouras de soie,1,non,out,835983
bouras du Levant,8,non,out,835983
bourdes en poussière,1,oui,out,835983
bourdilles,119,non,out,835983
bourdilles à barriques,3,oui,out,835983
bourdilles pour barriques,3,non,,41540
bourdillons,184,non,out,835983
bourdillons à barils,3,non,out,835983
bourdillons à barriques,3,oui,out,835983
bourdillons à quart,2,oui,out,835983
bourdillons à quarts,2,non,,41540
bourdillons à tierçons,3,non,out,835983
bourdillons de bois,2,non,out,835983
bourdillons pour barriques,3,non,,41540
bourlets,1,non,out,835983
bourlets de velours,1,non,out,835983
bourre,47,non,out,835983
bourre à bâtier,180,non,out,835983
bourre à bourrer,1,non,out,835983
bourre à brûler,1,non,out,835983
bourre à cheveux,3,non,out,835983
bourre chiquette,2,non,out,835983
bourre d'Alep,1,non,out,835983
bourre d'étoupes,2,non,out,835983
bourre de bœuf,190,non,out,835983
bourre de bœuf et bourre de vache,1,non,out,835983
bourre de cerf,2,non,out,835983
bourre de chèvre,2,non,out,835983
bourre de coton,23,non,out,835983
bourre de coton et fil,42,non,out,835983
bourre de coton et soie,5,non,out,835983
bourre de Damas,7,non,out,835983
bourre de drap,1,non,out,835983
bourre de fil,29,non,out,835983
bourre de filoselle,1,non,out,835983
bourre de laine,61,non,out,835983
bourre de laine entière lanice et tontice,1,non,out,835983
bourre de Marseille,3,non,out,835983
bourre de Nîmes,6,non,out,835983
bourre de soie,236,non,out,835983
bourre de soie et filoselle et soie,15,non,out,835983
bourre de vache,76,non,out,835983
bourre du Levant,84,non,out,835983
bourre rouge,1,non,out,835983
bourre satiné,2,non,out,835983
bourriques,5,non,out,835983
bours de poil,11,non,out,835983
bours de soie,16,non,out,835983
bours du Levant de soie,0,non,out,835983
bourse de molleton,5,non,out,835983
bourses,2,non,out,835983
bourses à cheveux,119,non,out,835983
bourses à cheveux de soie,2,non,out,835983
bourses à cheveux de taffetas,1,non,out,835983
bourses à perruques,3,non,out,835983
bourses à ressorts,1,non,out,835983
bourses à tabac,4,non,out,835983
bourses d'or et bourses d'argent,2,non,out,835983
bourses de bœuf,3,non,out,835983
bourses de coton,1,non,out,835983
bourses de coton et fil,3,non,out,835983
bourses de cuir à ressorts,1,non,out,835983
bourses de fil,1,non,out,835983
bourses de filoselle,1,non,out,835983
bourses de laine,2,non,out,835983
bourses de perruques,1,non,out,835983
bourses de soie,27,non,out,835983
bourses de soie et bourses d'or et bourses d'argent,2,non,out,835983
bourses de taffetas,2,non,out,835983
bourses du Levant,2,non,out,835983
bourys ?,1,non,,41540
boussoles,5,non,out,835983
boutanne,14,non,out,835983
boutanne de toile,3,non,out,835983
boutargue,1,non,out,835983
bouteilles,97,non,out,835983
bouteilles clissées,12,non,out,835983
bouteilles d'étain à virole,1,non,out,835983
bouteilles d'osier,1,non,out,835983
bouteilles de bois,11,non,out,835983
bouteilles de composition,1,non,out,835983
bouteilles de cristal,4,non,out,835983
bouteilles de cristal et carafes,1,non,out,835983
bouteilles de grès,16,non,out,835983
bouteilles de gros verre vide,1,non,,41540
bouteilles de marbre,1,non,out,835983
bouteilles de pierre et pots de pierre,3,non,out,835983
bouteilles de terre,9,non,out,835983
bouteilles de verre,1354,non,out,835983
bouteilles de verre à virole,1,non,out,835983
bouteilles de verre à virole d'étain,3,non,out,835983
bouteilles de verre avec roseaux,4,non,out,835983
bouteilles de verre clissée de quatre pots chacune,1,non,,41540
bouteilles de verre clissées,13,non,out,835983
bouteilles de verre garnies de joncs,1,non,out,835983
bouteilles de verre gros,13,non,out,835983
bouteilles de verre vides,5,non,out,835983
bouteilles de verres,118,oui,out,835983
bouteilles et verres de faïence,2,non,,41540
bouteilles lissées de retour,1,non,out,835983
bouteilles noires,2,non,,41540
bouteilles peintes,1,non,out,835983
bouteilles petites à virole d'étain,2,non,out,835983
bouteilles pleines,7,non,out,835983
bouteilles pleines de verres et vides et dame-jeannes de verre,41,non,out,835983
bouteilles vides,29,non,out,835983
boutidas,1,non,,41540
bouton de cuivre sur bois et de coco et de corne et d'os,7,non,out,835983
boutonnières d'or,3,non,out,835983
boutonnières de fil,1,non,out,835983
boutons,59,non,out,835983
boutons à fusil,2,non,out,835983
boutons à pierres fausses,5,non,out,835983
boutons à pierres fausses par douzaines,1,non,out,835983
boutons anglais,1,non,out,835983
boutons avec dorure et nacre,1,non,out,835983
boutons blanc étamés,1,non,out,835983
boutons blanchis,1,non,out,835983
boutons bloc,1,non,out,835983
boutons brodés d'or et d'argent,2,non,out,835983
boutons brodés de nacre de perles et d'acier,1,non,out,835983
boutons communs,1,non,out,835983
boutons d'acier,54,non,out,835983
boutons d'acier argenté,2,non,out,835983
boutons d'argent,29,non,out,835983
boutons d'argent et boutons d'or,56,non,out,835983
boutons d'argent faux,2,non,out,835983
boutons d'argent sur bois,20,non,out,835983
boutons d'argent trait,1,non,out,835983
boutons d'étain,46,non,out,835983
boutons d'or,62,non,out,835983
boutons d'or en traits,1,non,out,835983
boutons d'or et boutons d'argent,32,non,out,835983
boutons d'or et boutons d'argent faux,1,non,out,835983
boutons d'or et d'argent sur bois,1,non,out,835983
boutons d'or faux,4,non,out,835983
boutons d'or filé,3,non,out,835983
boutons d'or trait,2,oui,,41540
boutons d'or vrai,4,non,out,835983
boutons d'os,14,non,out,835983
boutons d'os et de corne,64,non,out,835983
boutons d'uniforme,1,non,out,835983
boutons de bois,3,non,out,835983
boutons de coco,63,non,out,835983
boutons de composition,3,non,out,835983
boutons de corail,2,non,,41540
boutons de corne,5,non,out,835983
boutons de coton,1,non,out,835983
boutons de crin,213,non,out,835983
boutons de crin 20 lignes,1,non,out,835983
boutons de crin et boutons de poil,1,non,out,835983
boutons de crin et boutons de poil et boutons de soie,2,non,out,835983
boutons de cristal,1,non,out,835983
boutons de cuivre,39,non,out,835983
boutons de cuivre argenté et doré,67,non,out,835983
boutons de cuivre d'or,1,non,out,835983
boutons de cuivre doré,15,non,out,835983
boutons de cuivre et boutons d'étain,25,non,out,835983
boutons de cuivre et boutons d'étain argenté,57,non,out,835983
boutons de cuivre et étain,1,non,out,835983
boutons de cuivre fin,2,non,out,835983
boutons de cuivre petits,1,non,,41540
boutons de cuivre sur bois,10,non,out,835983
boutons de dorure d'argent,18,non,out,835983
boutons de dorure d'or,59,non,out,835983
boutons de dorure d'or et d'argent,68,non,out,835983
boutons de dorure d'or faux,4,non,out,835983
boutons de dorure d'or fin,13,non,out,835983
boutons de fil,127,non,out,835983
boutons de fil blanc,17,non,out,835983
boutons de fil d'argent,21,non,out,835983
boutons de fil d'or,69,non,out,835983
boutons de fil d'or et boutons de fil d'argent,78,non,out,835983
boutons de fil d'or trait,2,non,out,835983
boutons de fil de poil de chèvre,91,non,out,835983
boutons de fil et d'argent,1,non,out,835983
"boutons de fil, boutons de soie et boutons d'or",1,non,out,835983
boutons de forget,1,non,out,835983
boutons de gay,2,non,out,835983
boutons de jais,28,non,out,835983
boutons de jais et collier de jais et dentelle de jais,2,non,out,835983
boutons de laiton,4,non,out,835983
boutons de livrée,1,non,out,835983
boutons de manches,5,non,out,835983
boutons de métal,7,non,out,835983
boutons de métal doré,21,non,out,835983
boutons de nacre,5,non,out,835983
boutons de nacre de perle et boutons de jais,3,non,out,835983
boutons de nacre de perles,7,non,out,835983
boutons de pinsbeck,135,non,out,835983
boutons de poil,36,non,out,835983
boutons de poil de chèvre,10,non,out,835983
boutons de poil de soie,5,non,out,835983
boutons de soie,21,non,out,835983
boutons de soie en once,1,non,out,835983
boutons de tombac,1,non,out,835983
boutons de tombac doré,3,non,out,835983
boutons de trait d'argent et d'or fin,128,non,out,835983
boutons de verre,4,non,out,835983
boutons de verre émaillés,1,non,out,835983
boutons en médailles,1,non,out,835983
boutons et galon d'or,2,non,out,835983
boutons et galon d'or et d'argent,1,non,out,835983
boutons et galons d'argent et d'or,1,non,out,835983
boutons masquinés,3,non,out,835983
boutons or trait,3,non,out,835983
bouts de chêne,1,non,out,835983
bouts de corne,81,non,out,835983
bouts de fer blanc petits,1,non,,41540
bouts de planche,1,non,out,835983
bouts de planches et planches de sapin,1,non,out,835983
bouts de sapin,1,non,,41540
boutty,1,non,out,835983
bouvillons,3,non,out,835983
bouvillons et génisses,4,non,out,835983
bouvillons et génisses et taurillons,2,non,out,835983
boyaux,5,non,out,835983
boyaux de bœuf,1,non,out,835983
boyaux de bœuf salés,2,non,out,835983
boyaux de mouton,3,non,out,835983
boyaux de mouton salés,4,non,out,835983
boyaux de porc salés,1,non,,41540
boyaux et nerfs,2,non,out,835983
boyaux préparés et secs,2,non,out,835983
boyaux salés,85,non,out,835983
bozemin,1,non,out,835983
bracelets,2,non,out,835983
bracelets de crin,2,non,out,835983
bracelles,5,non,out,835983
brai,573,non,out,835983
brai ???,1,non,out,835983
brai ??? brai,1,non,out,835983
brai ??? goudron,2,non,out,835983
brai ??? goudron résines,1,non,out,835983
brai ??? pox noire,1,non,out,835983
brai à brasser,110,non,out,835983
brai arcanson,1,non,out,835983
brai colophane et sec et résines d'huile,2,non,out,835983
brai de goudron,10,non,out,835983
brai de poix,3,non,out,835983
brai de poix blanche et noire,2,non,out,835983
brai de poix noire,1,non,out,835983
brai de poix résines,3,non,out,835983
brai eau de raze,5,oui,out,835983
brai et eau de rose,1,non,out,835983
brai et goudron,541,non,out,835983
brai et goudron et eau de raze,1,oui,out,835983
brai et goudron et galipot et résines,23,non,out,835983
brai et goudron et poix,1,non,out,835983
brai et goudron et poix et résines,99,non,out,835983
brai et goudron et résines,549,non,out,835983
brai et goudron et térébenthine,8,non,out,835983
brai et groudron,1,non,,41540
brai et poix,1,non,out,835983
brai et poix blanche,5,non,out,835983
brai et poix blanche et poix noire,1,non,out,835983
brai et poix noire,1,non,out,835983
brai et poix résines,1,non,out,835983
brai et résines,26,non,out,835983
brai et térébenthine,2,non,out,835983
brai galipot,1,non,out,835983
brai goudron ???,3,non,out,835983
brai goudron et suif,1,non,,41540
brai gras,710,non,out,835983
brai gras et goudron,29,non,out,835983
brai gras et goudron et résine,5,non,,41540
brai gras et sec,1,non,out,835983
brai gras goudron,5,oui,out,835983
brai gras goudron et résine,5,oui,,41540
brai gras ou goudron,3,non,out,835983
brai gros,12,non,out,835983
brai gros et goudron,2,non,out,835983
brai poix de Bourgogne,1,non,out,835983
brai poix noire,4,non,out,835983
brai raffiné,2,non,out,835983
brai raze,2,non,out,835983
brai sec,680,non,out,835983
brai sec colophane résines d'huile,5,non,out,835983
brai sec en galipot,3,non,out,835983
brai sec et résines,10,non,out,835983
brai sec résines d'huile,2,non,out,835983
brai térébenthine,5,non,,41540
"brai, goudron et résine",0,non,,41540
brancards,3,non,out,835983
brancards de balance de fer,1,non,out,835983
brancards de chaises,1,non,out,835983
brancards de fer,7,non,out,835983
brancards et leurs escales,2,non,out,835983
branches de buis,1,non,out,835983
brandade,1,non,out,835983
brandans,10,non,out,835983
brandebourg,1,non,out,835983
brandebourg d'or,2,non,out,835983
brandebourg de fil,1,non,out,835983
brandebourg de soie,1,non,out,835983
brandiers,1,non,out,835983
brandins,4,non,out,835983
branle,95,oui,out,835983
branle ???,1,non,,41540
branle ordinaire,1,non,,41540
bras de bois à chandelle,1,oui,out,835983
bras de bois pour chandelle,1,non,,41540
bras de cheminée,4,non,out,835983
bras de soie,1,non,out,835983
braserie,1,non,out,835983
brasserie,0,non,out,835983
braule,93,oui,out,835983
braux,1,non,out,835983
brebis,29,non,out,835983
brebis en vie,1,non,out,835983
brebis et mouton,14,non,out,835983
brebis et mouton mérinos et métis,7,non,out,835983
breloques et chaînes d'or,1,non,,41540
Brésil,1,non,out,835983
bresillet,1,non,out,835983
brian,1,non,out,835983
brides,4,non,out,835983
brides argentées,1,non,out,835983
bridons,1,non,out,835983
bridons de cuir,1,non,out,835983
brigadis,2,non,out,835983
Brignoles,104,non,out,835983
brins à tours,1,non,out,835983
brins d'osier,1,non,out,835983
brion,1,non,,41540
brionne,1,non,out,835983
brique,537,non,out,835983
brique cuites,1,non,out,835983
brique de pétrole,1,non,,41540
brique de terre,2,non,out,835983
brique en carreaux de terre,1,non,out,835983
brique en carreaux de terre et tuiles,2,non,out,835983
brique en lest,2,non,,41540
brique en tuiles plates,8,non,out,835983
brique et briquettes,135,non,out,835983
brique et carreaux,6,non,,41540
brique et carreaux et tuiles,7,non,out,835983
brique et chaux et ciment et pierres et plâtre et pouzzolane et sable et terre et tuiles,10,non,out,835983
brique et pipe et poterie,1,non,,41540
brique et tuile et carreau de terre,21,non,out,835983
brique et tuile et carreau et pipe,27,non,out,835983
brique pleine,1,non,out,835983
brique vernissée,1,non,,41540
briques,2,oui,,41540
briquet,52,non,out,835983
briquet d'acier,2,non,out,835983
briquettes,3,non,out,835983
bris d'espars,4,non,out,835983
brises,1,non,out,835983
brocante,1,non,out,835983
brocart de soie,1,non,out,835983
brocatelle,1,non,out,835983
brocatelle de Venise,1,non,out,835983
brochets,20,non,out,835983
brodamabe,1,non,,41540
broderie,59,non,out,835983
bronze,27,non,out,835983
bronze airain,2,non,out,835983
bronze et cuivre et laiton,34,non,out,835983
bronze moulu et métal,2,non,out,835983
bronze vieux,1,non,,41540
broole,3,non,out,835983
brosses,282,non,out,835983
brosses à cirer,1,non,out,835983
brosses à goudron,15,non,out,835983
brosses à peindre,1,non,out,835983
brosses à sucre,1,non,out,835983
brosses communes,1,non,out,835983
brosses et pinceaux,112,non,out,835983
brosses et vergettes,1,non,out,835983
brosses ou poutries,1,non,out,835983
brossière,1,non,out,835983
brou de noix,2,non,out,835983
brouettes,21,non,out,835983
brouettes et leurs roues,1,non,out,835983
brouettes garnies de damas,1,non,out,835983
brouettes outillées,1,non,out,835983
broulas,1,non,out,835983
broule,0,non,out,835983
brousse fraîche,5,non,out,835983
brousse salée,2,non,out,835983
broutes chaderdoral,1,non,out,835983
brugnoles,3,non,out,835983
bruimes d'espars,2,non,out,835983
brûle-café de fer,1,non,out,835983
brulis,1,non,out,835983
brun,2,non,out,835983
brun rouge,499,non,out,835983
brustes à tisserand,19,non,out,835983
brustes ou bruyère,1,non,out,835983
brut,1,non,out,835983
bruyère,6,non,out,835983
bruyère à vergettes,1,non,out,835983
bruyère et racines à vergettes,6,non,out,835983
bruyère étrangère non montée,1,non,out,835983
bûches,212,non,,41540
bûches de bois rouge de 8 pieds,1,non,out,835983
buege de fer,1,non,out,835983
bufferie,1,non,out,835983
buffets,3,non,out,835983
buffets d'acajou,4,non,out,835983
buffets de bois,1,non,,41540
buffles,10,non,out,835983
buffles de chamois,5,non,out,835983
buffletin,1,non,out,835983
bugnette,1,non,out,835983
buis,1,non,,41540
bulbes et oignons,7,non,out,835983
buldan,2,non,out,835983
burail,17,non,out,835983
burail de laine,3,non,out,835983
burail de laine et étamine de laine,8,non,out,835983
burat,59,non,out,835983
burat d'Auvergne,3,non,out,835983
burat de laine,1,non,out,835983
burat de laine et de soie,1,non,out,835983
bure,9,non,out,835983
bure étoffe,1,non,out,835983
bureau,41,non,out,835983
bureau d'acajou,6,non,out,835983
bureau de bois des Indes,1,non,out,835983
bureau de chêne,1,non,out,835983
bureau de marqueterie,1,non,out,835983
bureau de noyer,4,non,out,835983
bureau de sapin,10,non,out,835983
bureau doré,1,non,,41540
bureau garni de cuivre doré,1,non,out,835983
bureau verni,5,non,out,835983
bures de sanglier,11,non,out,835983
burette,2,non,,41540
burmards et leurs poids,1,non,out,835983
buses pour raffiner le sucre,1,non,out,835983
busquière d'argent,1,non,out,835983
busquière d'or et busquière d'argent,1,non,out,835983
bustes de marbre,3,non,out,835983
buvie,1,non,out,835983
buzes,1,non,out,835983
cabans de laine,1,non,,41540
cabans de palme,6,oui,out,835983
cabans ou capotes,6,non,out,835983
cabans pour café,1,non,out,835983
cabarets,20,non,out,835983
cabarets de bois vernis,3,non,out,835983
cabarets de sapin,3,non,out,835983
cabarets de sapin et de chêne,2,non,out,835983
cabarets de sapin peints,1,non,out,835983
cabarets des Indes,2,non,out,835983
cabarets des Indes vernis,3,non,out,835983
cabarets façon de la Chine,2,non,out,835983
cabarets garnis,1,non,out,835983
cabarets peints,4,non,out,835983
cabarets pour café,10,non,out,835983
cabarets pour thé,1,non,out,835983
cabarets vernis,81,non,out,835983
cabas,15,non,out,835983
cabas d'auf,2,non,out,835983
cabas d'espars,1,non,out,835983
cabas de jonc,35,non,out,835983
cabas de laine,1,non,out,835983
cabas de mesure,3,non,,41540
cabas de palme,37,non,out,835983
cabas de palme mesure,1,non,,41540
cabas de palme petits,3,non,out,835983
cabas de serge,1,non,,41540
cabas vieux,1,non,,41540
cabestan,3,non,out,835983
cabillaud,372,non,out,835983
cabine de noyer,2,non,out,835983
cabine de sapin,3,non,out,835983
cabine peinte,3,non,out,835983
cabinet,5,non,out,835983
cabinet de bois de Faial,1,non,out,835983
cabinet de bois de noyer,1,non,,41540
cabinet de bois peint,2,non,out,835983
cabinet de bois vernis,1,non,out,835983
cabinet de noyer,1,non,out,835983
cabinet de sapin,3,non,out,835983
cabinet de sapin peint,3,non,,41540
cabinet du Japon,1,non,out,835983
cabinet peint,7,non,out,835983
cabinet verni,3,non,out,835983
cabinet vieux,1,non,,41540
câble,32,non,out,835983
câble assorti,1,non,out,835983
câble de 12 pouces de grosseur,2,non,out,835983
câble de chanvre,1,non,out,835983
câble de navire,4,non,out,835983
câble de navire moyen,1,non,out,835983
câble neuf,4,non,out,835983
câble vieux,2,non,out,835983
câbleaux,1,non,out,835983
caboches,53,non,out,835983
caboches de fer,3,non,out,835983
caboches de fer et clous,17,non,out,835983
caboches de marbre,1,non,out,835983
cabochon,1,non,out,835983
cabosse,4,non,out,835983
cabotage,21,non,,41540
cabriolets,50,non,out,835983
cabriolets de velours de Prusse,1,non,out,835983
cabrions,1,non,out,835983
cabrouets,6,non,out,835983
cabrouets complets,1,non,out,835983
cacao,2682,non,out,835983
cacao avarié,2,non,out,835983
cacao broyé,25,non,out,835983
cacao brut,10,non,out,835983
cacao brut des entrepôts,0,non,out,835983
cacao café sucre,1,non,,41540
cacao de Caracas,68,non,out,835983
cacao de Guyaquil,3,non,out,835983
cacao des Îles,28,non,out,835983
cacao du Maranhão,17,non,out,835983
cacao en grabeau,1,non,,41540
cacao en graine,16,non,out,835983
cacao en pâte,1,oui,out,835983
cacao et café et sucre,12,non,out,835983
cacao et chocolat,8,non,out,835983
cacao étranger,4,non,out,835983
cache,1,non,out,835983
cachemire de poil,1,non,,41540
cachets d'argent,1,non,out,835983
cachets de cuivre,1,non,out,835983
cachets dorés,2,non,out,835983
cachou,43,non,out,835983
cachou brut,5,non,out,835983
cachou marron,1,non,out,835983
cadeau,1,non,out,835983
cadeligue de laine,1,non,out,835983
cadenas,69,non,out,835983
cadenas de fer,9,non,out,835983
cadenas petits,2,non,out,835983
cadis,107,non,out,835983
cadis de coton ratiné,1,non,out,835983
cadis de Givaudan,1,non,out,835983
cadis de Montauban,1,non,out,835983
cadis rouge,1,non,out,835983
cadisson,1,non,out,835983
cadot,2,non,out,835983
cadrans d'horloge,3,non,out,835983
cadrans de montres,2,non,out,835983
cadres,1,non,out,835983
cadres de bois,7,non,out,835983
cadres de bois doré,2,non,out,835983
cadres de bois pleint,1,non,,41540
cadres de miroirs,1,non,out,835983
cadres dorés,9,non,out,835983
cadres dorés et tableaux,1,non,out,835983
cadres neufs,1,non,out,835983
cadres petits avec leurs verres,1,non,out,835983
cadres pour carder,1,non,out,835983
cadres pour tableaux,1,non,out,835983
cafas,1,non,out,835983
café,5913,non,out,835983
café avarié,5,non,out,835983
café commun,14,non,out,835983
café commun du Levant,2,non,out,835983
café d'Amérique,61,non,out,835983
café de Bourbon,269,non,out,835983
café de Bourbon et bois d'ébène,43,non,,41540
café de la Dominique,1,non,out,835983
café de la Martinique,20,non,out,835983
café de Moka,258,non,out,835983
café de Moka avarié,2,non,out,835983
café de Moka et marchandises des Indes,41,non,,41540
café de retour,2,non,,41540
café des entrepôts,0,non,out,835983
café des Îles de retour,1,non,,41540
café des Indes,1539,non,out,835983
café du Levant,121,non,out,835983
café en parchemin,20,non,out,835983
café entré par Bordeaux et Le Havre,1,non,out,835983
café et cacao,43,non,out,835983
café et épicerie,1,non,,41540
café et provisions,15,non,out,835983
café et sucre et thé,10,non,out,835983
café ordinaire,1,non,out,835983
café pour Genève,1,non,out,835983
café pur,2,non,out,835983
café trié,2,non,out,835983
cafetières,52,non,out,835983
cafetières d'étain,1,non,out,835983
cafetières de cuivre,29,non,out,835983
cafetières de cuivre rouge,1,non,out,835983
cafetières de fer-blanc,3,non,out,835983
cafetières de métal,11,non,out,835983
cafetières du Levant,1,non,out,835983
cafetières en or,1,non,out,835983
cafetou de fer,1,non,out,835983
caffart,8,non,out,835983
caffart blanc,3,non,out,835983
caffart carpette et ligatures,21,non,out,835983
caffart de damas,6,non,out,835983
caffart de laine,3,non,out,835983
caffatines,1,non,out,835983
cages,3,non,out,835983
cages pour oiseaux,90,non,out,835983
cages pour perroquets,2,non,out,835983
cages pour poules,1,non,out,835983
cahiers de papier fin,1,non,,41540
cahouannes,10,non,out,835983
cailles,6,non,out,835983
cailloux,1,non,out,835983
cailloux à faïence ou porcelaine,2,non,out,835983
cailloux et sable à faïence ou porcelaine,2,non,out,835983
caisse,5,non,,41540
caisse à carafons,1,non,out,835983
caisse à finance,2,non,out,835983
caisse de berline et train,1,non,out,835983
caisse de carrosses,3,non,out,835983
caisse de liège,2,non,out,835983
caisse de liège à carafons,11,non,,41540
caisse de sapin,9,non,out,835983
caisse du reve de lagne,1,non,,41540
caisse et têtes de carton,2,non,out,835983
caisse vide,13,non,out,835983
caissettes pour balz,1,non,out,835983
cal d'artichaut,1,non,out,835983
caladaris,107,non,out,835983
caladaris des Indes,3,oui,out,835983
calames,1,non,out,835983
calamine,30,non,out,835983
calamine grillée,1,non,out,835983
calamine grillée pulvérisée ou non et zinc,4,non,out,835983
calamine pierres calaminaires et zinc,2,non,out,835983
calamus,9,non,out,835983
calamus aromaticus,5,non,out,835983
calandrine,1,non,out,835983
calaurure,0,non,out,835983
calbas,4,non,out,835983
calebasses vides,1,non,out,835983
calèches,2,non,out,835983
caleçons,2,non,out,835983
calenderis,1,non,out,835983
calice d'argent,1,non,out,835983
calicot,11,non,out,835983
calicot de laine,1,non,,41540
calicot et toile de coton blancs et écrus,1,non,out,835983
calicot et toile de coton imprimés et teints,1,non,out,835983
calicots et percale de coton blanc,1,non,out,835983
calmande,659,non,out,835983
calmande aune,1,oui,out,835983
calmande d'Amiens,4,non,out,835983
calmande de 30 aunes,1,non,,41540
calmande de laine,48,oui,out,835983
calmande de laine noire,1,oui,out,835983
calmande de Lille,2,non,out,835983
calmande de poil,140,non,out,835983
calmande des prises,3,non,out,835983
calmande étroite,1,oui,,41540
calmande étroite de laine,3,non,out,835983
calmande fine,1,non,,41540
calmande noire,2,non,out,835983
calmande ordinaire,1,non,out,835983
calmande pièces de 30 aunes,1,oui,out,835983
calmotte,1,non,out,835983
calotte,1,non,out,835983
calotte de papier,1,non,out,835983
calotte de peau divine,1,oui,out,835983
calotte de peaux divine,1,non,,41540
calotte de prêtre,3,non,out,835983
calotte et sacs de papier,2,non,out,835983
calotte hollandaise,1,non,out,835983
calpo baljainum,1,non,out,835983
cam... ??,1,non,,41540
cambaye,3,non,out,835983
cambaye à grands carreaux,1,non,out,835983
cambouis,1,non,out,835983
camelles,2,oui,,41540
camelot,426,non,out,835983
camelot à mi soie,6,non,,41540
camelot à mi-soie,6,oui,out,835983
camelot à peu de soie,15,non,out,835983
camelot au quart,3,non,out,835983
camelot au sixième de soie,3,non,out,835983
camelot au-dessous du sixième de soie,1,non,out,835983
camelot aune,1,oui,out,835983
camelot avec soie,4,non,out,835983
camelot burail,6,non,out,835983
camelot d'Amiens,24,non,out,835983
camelot d'Angleterre,1,non,out,835983
camelot d'Angleterre et de Hollande,12,non,out,835983
camelot d'angora,1,non,out,835983
camelot d'Auvergne,12,non,out,835983
camelot de Bruxelles,5,non,out,835983
camelot de burail,1,non,out,835983
camelot de Chine,2,non,out,835983
camelot de coton,1,non,out,835983
camelot de Douai,4,non,out,835983
camelot de France,5,non,out,835983
camelot de Hollande,5,non,out,835983
camelot de laine,255,non,out,835983
camelot de laine écru,1,non,out,835983
camelot de laine et de poil,2,non,out,835983
camelot de laine et de soie,28,non,out,835983
camelot de laine et soie,2,non,out,835983
camelot de laine étroit,7,non,out,835983
camelot de laine faille,4,non,out,835983
camelot de laine large,8,non,out,835983
camelot de laine petit dit de Berlin,16,non,out,835983
camelot de Lille,14,non,out,835983
camelot de Lille de soie,1,non,out,835983
camelot de Lille et autres,8,non,out,835983
camelot de poil,185,non,out,835983
camelot de poil de chèvre,2,non,out,835983
camelot de poil de laine,13,non,out,835983
camelot de poil et de soie,11,non,out,835983
camelot de poil fin,2,non,out,835983
camelot de Smyrne,4,non,out,835983
camelot de soie,44,non,out,835983
camelot de terrine,0,non,out,835983
camelot des Indes,4,non,out,835983
camelot écarlate,11,non,out,835983
camelot et burail de laine,2,non,out,835983
camelot et étamine,1,non,out,835983
camelot et panne de laine,1,non,out,835983
camelot fil et soie,1,non,out,835983
camelot fin,2,non,out,835983
camelot gaufré,1,non,out,835983
camelot jaspé,1,non,out,835983
camelot petit dit Berlin,10,non,out,835983
camelot rayé,0,non,out,835983
cameramain,0,non,out,835983
camion à garnir voiture,1,non,out,835983
camisoles,13,non,out,835983
camisoles de laine,3,non,out,835983
camisoles de toile,1,non,out,835983
camisoles et capuches,1,non,,41540
camisoles et casaques,2,non,out,835983
camisoles et redingotes,7,non,out,835983
camisoles pour nègre,1,non,out,835983
camisolettes,1,non,,41540
camomille,1,non,out,835983
Campêche,2,non,out,835983
camphre,326,non,out,835983
camphre brut,21,non,out,835983
camphre brut et raffiné,2,non,out,835983
camphre raffiné,44,non,out,835983
canades,1,non,out,835983
canapé,10,non,out,835983
canapé de canne,1,non,out,835983
canapé de cuir de Russie,1,non,out,835983
canapé de laine,1,non,,41540
canapé de maroquin et tables à jouer,1,non,out,835983
canapé de taffetas,1,non,out,835983
canardières,1,non,out,835983
canards,18,non,out,835983
canards en vie,1,non,out,835983
canaris,1,non,out,835983
canaris ou serins,195,non,out,835983
canaux,1,non,out,835983
candetas,0,non,out,835983
cane,1,non,out,835983
cane garnie,2,non,out,835983
caneffas,1,non,out,835983
canefice,664,non,out,835983
canefice des prises,1,non,out,835983
canefice en café,1,non,out,835983
canefice en grabeau,12,non,,41540
canefice raffiné,1,non,out,835983
caneficier,1,non,out,835983
canelle (étoffe),1,non,out,835983
canena,1,non,out,835983
canepre,0,non,out,835983
canerelles,1,non,out,835983
canettes des Indes,1,non,out,835983
canevas,74,oui,out,835983
canevas à 15 sols l'aune,1,oui,out,835983
canevas de fil,2,oui,out,835983
canevas gommée,3,oui,out,835983
canevas tracé,7,oui,out,835983
canevettes,43,non,out,835983
canevettes à flacons,1,non,out,835983
canevettes de grès,14,non,out,835983
canevettes de grès de 6 flacons,1,non,out,835983
canevettes ou caisse de 6 flacons pour la traite,2,non,out,835983
canevettes vides,2,non,out,835983
canifs,3,non,out,835983
caniques,1,non,out,835983
cann ??,1,non,,41540
canne ou roseaux en fanon,1,non,,41540
cannelle,1541,non,out,835983
cannelle à tonneaux,1,non,,41540
cannelle commune,18,non,out,835983
cannelle commune des entrepôts,0,non,out,835983
cannelle commune et cassia,1,non,out,835983
cannelle commune hors d'Europe,0,non,out,835983
cannelle de bois,4,non,out,835983
cannelle de bois pour tamis,1,non,out,835983
cannelle de Chine,1,non,out,835983
cannelle de fleurs,1,non,out,835983
cannelle de grès,1,non,out,835983
cannelle des Indes,2,non,out,835983
cannelle et girofle et poivre,1,non,out,835983
cannelle et girofle et poivre etc,1,non,out,835983
cannelle et poivre,1,non,out,835983
cannelle fine,9,non,out,835983
cannelle fine des entrepôts,0,non,out,835983
cannelle giroflée,12,non,out,835983
cannelle malte,4,non,out,835983
cannelle ocyrez,0,non,out,835983
cannelle ordinaire,3,non,out,835983
cannelle sauvage,6,non,out,835983
cannelles de cuivre pour tonneaux,1,non,out,835983
cannes,34,non,out,835983
cannes à faire chaise,1,non,out,835983
cannes à main,105,non,out,835983
cannes à pêcher,1,non,out,835983
cannes à pommes d'argent,1,non,out,835983
cannes à pommes d'or,13,non,out,835983
cannes à pommes d'or ayant servi,1,non,out,835983
cannes d'Indes,1,non,,41540
cannes de bambous,4,non,out,835983
cannes de bois,4,non,out,835983
cannes de bois montées et non montées,79,non,out,835983
cannes de bois vernis,1,non,out,835983
cannes de jonc,104,non,out,835983
cannes de jonc ou roseaux,5,non,out,835983
cannes de roseaux,9,non,out,835983
cannes de terre,2,non,out,835983
cannes de terre vernies,1,non,,41540
cannes dites genettes,4,non,out,835983
cannes en brochettes,1,non,out,835983
cannes en canon,1,non,out,835983
cannes et bâtons vernis,80,non,out,835983
cannes garnies,1,oui,out,835983
cannes vernies,2,non,out,835983
cannetilles,3,non,out,835983
cannetilles d'argent et d'or,1,non,out,835983
cannetilles d'or faux,1,non,out,835983
cannette de grès et de terre,1,non,out,835983
cannette de terre,1,non,,41540
cannettes,14,non,out,835983
cannettes à faïence,1,non,out,835983
cannettes d'étain,18,non,out,835983
cannettes de ???,1,non,out,835983
cannettes de faïence,3,non,out,835983
cannettes de grès,189,non,out,835983
cannettes de grès couvertes d'étain,2,non,out,835983
cannettes de marbre,1,non,out,835983
cannettes de sapin,1,non,out,835983
cannettes de terre,40,non,out,835983
cannettes et leurs flacons,1,non,out,835983
cannettes ocyrez,0,non,out,835983
cannettes ou marbre,1,non,out,835983
cannettes ou marbre pour la Compagnie des Indes,1,non,out,835983
canonnières de cantil,2,non,out,835983
canons,85,non,out,835983
canons de 12 livres,3,non,out,835983
canons de 18 livres,1,non,out,835983
canons de 2 livres,1,non,out,835983
canons de 3 livres,2,non,out,835983
canons de 4 livres,6,non,out,835983
canons de 6 livres,2,non,,41540
canons de 6 pieds,1,oui,out,835983
canons de bronze,2,non,out,835983
canons de bronze d'une demi livre,1,non,out,835983
canons de différents calibres,1,non,out,835983
canons de fer,325,non,out,835983
canons de fer avec leurs affûts,2,non,out,835983
canons de fer brisés et rompus,1,non,out,835983
canons de fer de 12 livres,3,non,out,835983
canons de fer de 18 à 24 livres,4,non,out,835983
canons de fer de 18 et 30 livres,1,non,out,835983
canons de fer de 18 livres,1,non,out,835983
canons de fer de 2 livres,5,non,out,835983
canons de fer de 3 à 4 livres,1,non,out,835983
canons de fer de 3 livres,4,non,out,835983
canons de fer de 3 livres avec leurs affuts,1,non,,41540
canons de fer de 4 livres,16,non,out,835983
canons de fer de 6 livres,6,non,out,835983
canons de fer de 8 livres,2,non,out,835983
canons de fer de 9 livres,1,non,out,835983
canons de fer et balles de fer,1,non,out,835983
canons de fer petits,2,non,out,835983
canons de fer vieux,3,non,out,835983
canons de feu de 4 livres,1,non,out,835983
canons de filoselle,2,non,out,835983
canons de fonte,20,non,out,835983
canons de fonte petit,1,non,out,835983
canons de fusils,38,non,out,835983
canons de fusils vieux,2,non,out,835983
canons de métal,3,non,out,835983
canons de vieux mousquets,1,non,out,835983
canons et affûts,1,non,out,835983
canons vieux,3,non,,41540
canot neuf,2,non,out,835983
cantharides,363,non,out,835983
cantharides et cloportes,2,non,out,835983
cantharides ou mouches d'Espagne,28,non,out,835983
cantines,3,non,out,835983
cantines de cuir,1,non,out,835983
canules,1,non,out,835983
canyolore,3,non,out,835983
caoutchouc,30,non,out,835983
capalme,1,non,out,835983
caparaçons,6,non,out,835983
caparaçons de peau,3,non,out,835983
capeabas,1,non,out,835983
caperies,1,non,out,835983
capes,10,non,out,835983
capes cabas,1,non,out,835983
capes de camelot,3,non,out,835983
capes du Béarn,1,non,out,835983
capies,3,non,out,835983
capillaire,30,non,out,835983
capillaire du Canada,1,non,out,835983
capillaire en herbes,142,non,out,835983
capillaire verte,1,non,out,835983
capiton,10,non,out,835983
capiton de soie,1,non,out,835983
capons,2,non,out,835983
capot,3,non,out,835983
capot et casaques,2,non,out,835983
capotes,14,non,out,835983
capotes de drap,1,non,out,835983
capotes de drap gros,1,non,out,835983
capotes de marrègue,1,non,out,835983
capotes et chemises casaques,1,non,out,835983
capots,152,non,out,835983
capots (drap),1,oui,out,835983
capots (draps),1,non,,41540
capots à nègre,1,non,out,835983
capots de laine,2,non,out,835983
câpres,1011,non,out,835983
câpres au vinaigre,4,non,out,835983
câpres communes,3,non,out,835983
câpres communes confits,1,non,out,835983
câpres confits,3,non,out,835983
câpres confits au vinaigre,3,non,out,835983
câpres cornichons et olives,10,non,out,835983
câpres d'Espagne,84,non,out,835983
câpres et cornichons au vinaigre,5,non,out,835983
câpres et olive,4,non,out,835983
câpres et olives,1,non,out,835983
câpres et olives confits,2,non,,41540
câpres fines,4,non,out,835983
câpres gousses,1,non,out,835983
câpres grosses,1,non,out,835983
câpres marinées,5,non,out,835983
câpres non marinées,4,non,out,835983
câpres salées et au vinaigre,0,non,out,835983
capris,4,non,out,835983
capsliattes,4,non,out,835983
caput mortum,2,non,out,835983
carabé,37,non,out,835983
carabé jaune,1,non,out,835983
carabine à air comprimé,3,non,out,835983
caractères à imprimerie,222,non,out,835983
caractères à imprimerie de plomb,4,non,out,835983
caractères à imprimerie en langue allemande,2,non,out,835983
caractères à imprimerie en langue française,2,non,out,835983
caractères à imprimerie hors d'usage,5,non,out,835983
caractères à imprimerie neufs,4,non,out,835983
carafes de verre,1,non,out,835983
carafes de verre blanc,1,non,out,835983
carafons,1,non,,41540
caramel,1,non,out,835983
carants et lanjents,1,non,out,835983
caraterie,1,non,out,835983
carbonate d'ammoniaque,4,non,out,835983
carbonate de magnésie,7,non,out,835983
carbonate de plomb mélangé ou pur,5,non,out,835983
carbonate de plomb très pur,3,non,out,835983
carcajou,1,non,out,835983
carcasse,107,non,out,835983
carcasse à peu de soie,2,non,out,835983
cardage,2,non,out,835983
cardamome,67,non,out,835983
cardes,9,non,out,835983
cardes à carder,354,non,out,835983
cardes à carder le coton en fer,3,non,,41540
cardes à carder neuves,2,non,out,835983
cardes à carder vieilles,1,non,out,835983
cardes à drapier,1,non,out,835983
cardes de bois et de fil de fer,117,non,out,835983
cardes de chanvre,1,non,out,835983
cardes de fil à étirer,1,non,,41540
cardes et cardons champêtres,97,non,out,835983
cardes neuves,7,non,out,835983
cardes vieilles,18,non,out,835983
cardilletrie,3,non,out,835983
cardines,10,non,out,835983
cardines de bois,5,non,out,835983
cardines de sapin,1,non,out,835983
cardon,7,non,out,835983
caret,50,non,out,835983
cargaison,2,oui,out,835983
caril,2,non,out,835983
carillon de fer,4,non,out,835983
carisé,1,non,out,835983
carisé blanc,2,oui,out,835983
carisé des prises,1,non,out,835983
carisé teint,2,oui,out,835983
carisel,28,non,out,835983
carisel blanc,143,non,,41540
carisel ou creseau,1,oui,out,835983
carisel teint,130,non,,41540
carives vieilles,2,non,out,835983
carlé,2,non,out,835983
carmin,11,non,out,835983
carmin commun,3,non,out,835983
carmin fin,2,non,out,835983
carnasse,18,non,out,835983
carnifié,1,non,out,835983
carny,2,non,out,835983
carols,1,non,out,835983
caroots,2,non,out,835983
carosses et harnais,1,non,,41540
carotte,13,non,out,835983
carotte d'enfant,1,non,out,835983
carottes,4,oui,out,835983
carou,1,non,out,835983
caroube,146,non,out,835983
carpe,8,non,,41540
carpe et tanche,1,non,out,835983
carpeaux alevins,5,non,out,835983
carpes,28,non,out,835983
carpes de stockfish,1,non,out,835983
carpes et brochets,115,non,out,835983
carpette,4,non,out,835983
carrabe,2,non,out,835983
carré,62,non,out,835983
carré de fer plat,12,non,out,835983
carreaux,11,non,out,835983
carreaux ???,1,non,out,835983
carreaux à dentelle,4,non,out,835983
carreaux à paver,20,non,out,835983
carreaux à paver de pierre,7,non,out,835983
carreaux à paver de terre,133,non,out,835983
carreaux à vitres,1,non,out,835983
carreaux bleus,2,non,out,835983
carreaux bleus à paver,1,non,,41540
carreaux brique et tuiles,2,non,out,835983
carreaux d'ardoise,6,non,out,835983
carreaux d'Île de France,1,non,out,835983
carreaux de Bidache,16,non,out,835983
carreaux de Bidache de pierre,9,non,out,835983
carreaux de brique,53,non,out,835983
carreaux de dentelle,1,non,out,835983
carreaux de faïence,94,non,out,835983
carreaux de genièvre,1,non,out,835983
carreaux de marbre,205,non,out,835983
carreaux de marbre à paver,72,non,out,835983
carreaux de marbre bâtard,4,non,out,835983
carreaux de marbre gros,1,non,out,835983
carreaux de marbre ouvrés,4,non,out,835983
carreaux de marbre pour le Roi,1,non,out,835983
carreaux de moulage,1,non,out,835983
carreaux de pierre,51,non,out,835983
carreaux de pierre de Bidache,1,non,out,835983
carreaux de pierre de terre,1,non,out,835983
carreaux de pierre noire,1,non,out,835983
carreaux de pierres bâtir,1,non,,41540
carreaux de sera,2,non,out,835983
carreaux de Suède,1,non,out,835983
carreaux de terre,349,oui,out,835983
carreaux de terre cuite,376,non,out,835983
carreaux de terre d'or pied demi en carré,1,non,out,835983
carreaux de terre et tuiles bombées,8,non,out,835983
carreaux de terre grands,1,non,out,835983
carreaux de verre,16,non,out,835983
carreaux de verre à vitre,40,non,out,835983
carreaux démoulés,1,non,out,835983
carreaux des prises,1,non,out,835983
carreaux en nombre,1,oui,out,835983
carreaux et ouvrages de terre cuite,0,non,,41540
carreaux façon de marbre,1,non,,41540
carreaux marbre chaux pierres à bâtir,6,non,,41540
carreaux meulage de Brie,1,non,out,835983
carreaux meulage de France,2,non,out,835983
carreaux moulage,4,non,out,835983
carreaux moulage de Brie,7,non,out,835983
carreaux moulage de France,8,non,out,835983
carreaux noirs,3,non,out,835983
carreaux rouges,10,non,out,835983
carrelet,1,non,out,835983
carres,3,non,out,835983
carriole d'enfant,1,non,out,835983
carrole et crouge,1,non,out,835983
carrosse et chaises roulantes,2,non,,41540
carrosses,202,non,out,835983
carrosses et chaises et phaéton,1,non,,41540
carrosses et harnais,1,non,out,835983
carrosses grands montés sur leur train et harnais riche,1,non,out,835983
carrosses neufs,15,non,out,835983
carrosses usés,1,non,out,835983
carrosses vieux,21,non,out,835983
carrue,1,non,out,835983
cartager,1,non,out,835983
cartame,1,non,out,835983
cartes,8,non,out,835983
cartes à chaperonier,1,non,out,835983
cartes à jouer,847,non,out,835983
cartes à jouer grosse,1,non,,41540
cartes de géographie sur toile,1,non,out,835983
cartes de la Martinique,1,non,out,835983
cartes des côtes d'Angleterre,1,non,out,835983
cartes géographiques,102,non,out,835983
cartes géographiques de la Chine,1,non,out,835983
cartes géométriques,1,non,out,835983
cartes marines,42,non,out,835983
cartes marines de pêches,1,non,out,835983
carthame,7,non,out,835983
cartignette,1,non,out,835983
carton,247,non,out,835983
carton à drapier,1,non,out,835983
carton assemblé et coupé,2,non,out,835983
carton en feuilles et lustré à presser le drap,2,non,out,835983
carton gracé,1,non,,41540
carton gris,1,non,,41540
carton lustré à presser le drap,2,non,out,835983
carton moulé,6,non,out,835983
carton peint,1,non,out,835983
cartouches,1,non,out,835983
caruane,1,non,out,835983
carubis,70,non,out,835983
carvi,1,non,out,835983
carzé,0,non,out,835983
casaques,16,non,out,835983
casaques à nègre,14,non,out,835983
casaques de froc,1,non,out,835983
casaques de laine,1,non,out,835983
casaques de peau,3,non,out,835983
casaques du cuir,1,non,out,835983
casaques pour matelot,1,non,out,835983
casaquin,3,non,out,835983
cascarilles,43,non,out,835983
casely,1,non,,41540
casimir,8,non,out,835983
casimir de laine,11,non,out,835983
casimir de laine et mérinos,1,non,out,835983
casimir et mérinos fin de laine,23,non,out,835983
casimir fin de laine,10,non,out,835983
casimirs et mérinos de laine,1,non,out,835983
casques,5,non,out,835983
casques à nègre,1,non,out,835983
casques et cuirasses,2,non,out,835983
cassave,4,non,out,835983
casse,110,non,out,835983
casse de fer,3,non,out,835983
casse de laiton,1,non,out,835983
casse des entrepôts,0,non,out,835983
casse en baton,2,oui,out,835983
casse en bâton,3,non,,41540
casse étoffe,4,non,out,835983
casse garnie,1,non,out,835983
cassedis,1,non,out,835983
casseroles de fer,1,non,out,835983
cassi matia,1,non,out,835983
cassia fistula,3,non,out,835983
cassia lignea,163,non,out,835983
cassia sèche,1,non,out,835983
cassin bazas,1,non,out,835983
cassis,4,non,out,835983
cassoles,2,non,out,835983
cassonade,212,non,out,835983
cassonade des Îles,14,non,out,835983
cassonade et sucre,7,non,,41540
cassonade et sucre brut,2,non,,41540
cassube,2,non,out,835983
castalogne,19,non,out,835983
castine et spath,2,non,out,835983
castor,50,non,out,835983
castor blanc,1,non,out,835983
castor bordé d'argent et d'or,1,non,out,835983
castor gras,25,non,out,835983
castor sec,27,non,out,835983
castoreum,30,non,out,835983
castoreum du ???,1,non,out,835983
castus doux,1,non,out,835983
catadarits,0,non,out,835983
Catalogne de laine,1,non,out,835983
Catalogne de poil,2,non,out,835983
catéchismes,1,non,out,835983
catequin,2,non,out,835983
catlas,2,non,out,835983
caubrune,1,non,out,835983
cauride,0,non,out,835983
caurie,1,non,out,835983
caurier,1,non,out,835983
cauris,340,non,out,835983
cauris de retour,1,non,out,835983
cauris des Indes,1,non,out,835983
cauris en sac,1,non,,41540
cauris pour la traite,1,non,out,835983
cauris salés et verts,1,non,out,835983
cauris vernis,1,non,out,835983
causels de bar,10,non,out,835983
causels de bois,2,non,out,835983
causse de cordes,1,non,out,835983
cautardes,1,non,out,835983
cavelle,13,non,out,835983
cavelle de bois,2,non,out,835983
cavelle pour tonneaux,1,non,out,835983
caves,14,non,out,835983
caves à main,1,non,out,835983
caves à tabac,2,non,out,835983
caves de ??? flacons,1,non,out,835983
caves de 10 flacons,1,non,out,835983
caves de 12 flacons,42,non,out,835983
caves de 15 flacons,8,non,out,835983
caves de 21 flacons,1,non,out,835983
caves de 29 flacons,1,non,out,835983
caves de 6 flacons,117,non,out,835983
caves de 6 flacons pour eau-de-vie,1,non,out,835983
caves de 7 flacons,1,non,out,835983
caves de 8 flacons,2,non,out,835983
caves de 9 flacons,70,non,out,835983
caves de flacons,13,non,out,835983
caves de l'Amérique,1,non,,41540
caves et canevettes avec leurs flacons,1,non,,41540
caves et canevettes de 6 flacons,3,non,out,835983
caves files,1,non,out,835983
caves garnies,136,non,out,835983
caves garnies de 12 flacons,2,non,,41540
caves garnies de flacons,5,non,out,835983
caves garnies de flacons de cristal,1,non,out,835983
caves garnies de leurs flacons,4,non,out,835983
caves non garnies de flacons,1,non,out,835983
caves ou flacons,1,non,out,835983
cavettes de bois,3,non,out,835983
cavettes de grès,4,non,out,835983
cavial,4,non,out,835983
caviers de terre,0,non,out,835983
cavizé,0,non,out,835983
cayette,1,non,out,835983
cazé,0,non,out,835983
cazin bazar,1,non,out,835983
ceaustatille étoffe,1,non,out,835983
cédrat,108,non,out,835983
cédrat frais,0,non,out,835983
cédrat zestes confits,26,non,out,835983
cèdre,7,non,out,835983
ceintures,12,non,out,835983
ceintures brodées,1,non,out,835983
ceintures brodées de soie,1,non,out,835983
ceintures d'argent et d'or,1,non,out,835983
ceintures d'argent fin,1,non,out,835983
ceintures d'épée,1,non,out,835983
ceintures de coton,7,non,out,835983
ceintures de cuir,1,non,out,835983
ceintures de laine,37,non,out,835983
ceintures de laine et de fil,1,non,out,835983
ceintures de maroquin,1,non,,41540
ceintures de robe de chambre,4,non,out,835983
ceintures de soie,21,non,out,835983
ceintures marines,1,non,out,835983
ceintures pour matelot,1,non,out,835983
ceintures pour prêtre,9,non,out,835983
ceinturons,27,non,out,835983
ceinturons brodés,1,non,out,835983
ceinturons brodés d'argent,2,non,out,835983
ceinturons brodés d'or,1,non,out,835983
ceinturons de buffle,3,non,out,835983
ceinturons de chamois,1,non,out,835983
ceinturons de coton,1,non,out,835983
ceinturons de cuir,3,non,out,835983
ceinturons de laine,1,non,out,835983
ceinturons de peau,1,non,out,835983
ceinturons de soie,8,non,out,835983
ceinturons et bandoulières,65,non,out,835983
ceinturons et bandoulières et gibernes,19,non,out,835983
ceinturons et gibernes,1,non,,41540
ceinturons piqués,1,non,out,835983
ceinturons pour épée,1,non,out,835983
ceinturons unis,3,non,out,835983
céleris,35,non,out,835983
cendaline,3,non,out,835983
cendre,441,non,out,835983
cendre ???,2,non,out,835983
cendre à engraisser,16,non,out,835983
cendre à fumer,5,non,out,835983
cendre à fumer terre,29,non,out,835983
cendre à houille,1,non,out,835983
cendre à orfèvre,24,non,out,835983
cendre à savon,1,non,out,835983
cendre barille,3,non,out,835983
cendre barille de soudes,4,non,,41540
cendre blanche,1,non,out,835983
cendre bleue,77,non,out,835983
cendre bleue et verte,5,non,out,835983
cendre bourde,332,non,out,835983
cendre bourre de soudes,4,non,,41540
cendre broyée à l'huile,1,non,out,835983
cendre calcinée,2,non,out,835983
cendre cassant,8,non,out,835983
cendre casseaux,31,non,out,835983
cendre commune,271,non,out,835983
cendre d'Angleterre,6,non,out,835983
cendre d'Égypte,1,non,out,835983
cendre d'os,1,non,out,835983
cendre de barille,20,non,out,835983
cendre de barille en pierre,2,non,out,835983
cendre de barille et fonde,1,non,out,835983
cendre de bois,436,non,out,835983
cendre de bois commune,127,non,out,835983
cendre de bois vive,3,non,out,835983
cendre de chaux,82,non,out,835983
cendre de courbe,3,oui,out,835983
cendre de cuivre,1,non,out,835983
cendre de Damas,1,non,out,835983
cendre de fonde,6,non,out,835983
cendre de frène,14,non,out,835983
cendre de goëmon,2,non,,41540
cendre de goëmon ou soudes,1,non,,41540
cendre de grignon,4,non,out,835983
cendre de griguonia,3,non,out,835983
cendre de houille,125,non,out,835983
cendre de lessive,51,non,out,835983
cendre de Lyon,1,non,out,835983
cendre de Malte,3,non,out,835983
cendre de mer,18,non,out,835983
cendre de monnaie,1,non,out,835983
cendre de narc,1,non,,41540
cendre de natron,1,non,out,835983
cendre de paille et de tourbe,1,non,out,835983
cendre de plomb,45,non,out,835983
cendre de Sicile,27,non,out,835983
cendre de tabac,2,non,out,835983
cendre de tourbe,116,non,out,835983
cendre de varech,27,non,out,835983
cendre de varet,6,non,out,835983
cendre de verre,5,non,out,835983
cendre de vitarch,1,non,out,835983
cendre des rois,1,non,out,835983
cendre du Levant,9,non,out,835983
cendre en lest,1,non,,41540
cendre lessivée,2,non,out,835983
cendre mature à saveur de soude,1,non,,41540
cendre menuisée,1,non,out,835983
cendre poland,1,non,out,835983
cendre poreuse,5,non,out,835983
cendre pour manufactures,42,non,out,835983
cendre pour nettoyer les pots,1,non,out,835983
cendre pour verrerie,2,non,out,835983
cendre salicor,1,non,out,835983
cendre saline,4,non,out,835983
cendre soudes,5,non,,41540
cendre soudes d'Égypte ou Natrum,0,non,out,835983
cendre verte,9,non,out,835983
cendres bourde,1,oui,,41540
cendres de nark,1,oui,,41540
cendres de varech,4,oui,,41540
censes de bâtiments,2,non,out,835983
centre de goëmon,1,oui,,41540
cercles,133,non,out,835983
cercles à barils,48,oui,out,835983
cercles à barriques,12,oui,out,835983
cercles à bobillons,3,oui,out,835983
cercles à bottes,2,oui,out,835983
cercles à paniers,2,oui,out,835983
cercles à pipes,13,oui,out,835983
cercles à quart,1,oui,out,835983
cercles à quarts,1,oui,,41540
cercles à relier,4,oui,out,835983
cercles à tamis,54,oui,out,835983
cercles à tamis dits standrepen,0,oui,out,835983
cercles à tonneaux,277,oui,out,835983
cercles à tonneaux en roues,2,oui,,41540
cercles communs,17,non,out,835983
cercles d'osier,85,non,out,835983
cercles de 10 à 12 pieds,41,non,out,835983
cercles de 12 à 16 pieds,58,non,out,835983
cercles de 7 à 11 pieds,17,non,out,835983
cercles de 8 à 10 pieds,48,non,out,835983
cercles de 9 à 12 pieds,31,non,out,835983
cercles de bois,885,non,out,835983
cercles de bois à quarts,1,oui,out,835983
cercles de bois à tonneaux,20,oui,out,835983
cercles de bois et feuillards de bois,40,non,out,835983
cercles de bois et osier,1,non,out,835983
cercles de bois pour barils,2,non,out,835983
cercles de bois pour barriques,3,non,out,835983
cercles de bois pour bobillons,1,non,out,835983
cercles de bois pour la mire,0,non,out,835983
cercles de bois pour pipes,2,non,out,835983
cercles de bois pour quarts,1,non,,41540
cercles de bois pour tamis,2,non,out,835983
cercles de bois pour tanier,3,non,out,835983
cercles de bois pour tonneaux,22,non,,41540
cercles de cuivre de poil,1,non,out,835983
cercles de demitte,1,non,out,835983
cercles de douves,1,non,,41540
cercles de faux,1,non,out,835983
cercles de fer,463,non,out,835983
cercles de fer et feuillardes de fer,3,non,out,835983
cercles de fers,3,non,out,835983
cercles de feuillards,2,non,out,835983
cercles de jonc,7,non,out,835983
cercles de retour,1,non,,41540
cercles et feuillards,1,non,out,835983
cercles ou feuillards de fer,10,non,,41540
cercles pour barils,48,non,,41540
cercles pour barriques,13,non,,41540
cercles pour barriques de bois,1,non,out,835983
cercles pour bobillons,3,non,,41540
cercles pour bottes,2,non,,41540
cercles pour paniers,2,non,,41540
cercles pour pipes,13,non,,41540
cercles pour quarts,1,non,,41540
cercles pour relier,4,non,,41540
cercles pour tamis,59,non,,41540
cercles pour tamis dits standrepen,86,non,,41540
cercles pour tonneaux,395,non,,41540
cercles pour tonneaux en roues,2,non,,41540
cercocole,1,non,out,835983
céréales,1,non,,41540
cerf-volant,1,non,out,835983
cerises,32,non,out,835983
cerneaux,1,non,out,835983
céruse,944,non,out,835983
céruse et blanc de plomb,130,non,out,835983
cervelas,99,non,out,835983
cervelas salées et cuisses d'oie salées et langues salèes,4,non,out,835983
cévadille,11,non,out,835983
cha ??,1,non,,41540
chades,1,non,out,835983
chafarcani,5,non,,41540
chafarcany,4,oui,out,835983
chagrin,4,non,out,835983
chagrin de soie,6,non,out,835983
chaînes de fer,41,non,out,835983
chaînes de laiton,1,non,out,835983
chaînes de montres,4,non,out,835983
chaînes de montres serties d'or,1,non,out,835983
chair,7,non,out,835983
chair ???,1,non,out,835983
chair cuite,1,non,out,835983
chair de bœuf,5,non,out,835983
chair de boucherie,6,non,out,835983
chair de gibier et de volailles,8,non,out,835983
chair de morue,1,non,out,835983
chair de porcs,7,non,out,835983
chair de volaille et chair de gibier,28,non,out,835983
chair et lard enfumé et salé,146,non,out,835983
chair et lard frais,133,non,out,835983
chair et poisson,1,non,out,835983
chair fraîche,4,non,out,835983
chair fraîche et salée,15,non,out,835983
chair fumée,33,non,out,835983
chair salée,955,non,out,835983
chair salée de bœuf,4,non,,41540
chair salée de jambon de porcs,1,non,out,835983
chair salée de porcs,25,non,out,835983
chair salée et chair fraîche,208,non,out,835983
chair salée ou lard,1,non,out,835983
chaise garnie de cannes,2,non,out,835983
chaise garnie de maroquin,2,non,out,835983
chaises,20,non,out,835983
chaises à deux roues,17,non,out,835983
chaises à porteur,5,non,out,835983
chaises à rouler les enfants,2,non,out,835983
chaises communes,2,non,out,835983
chaises d'enfant,1,non,out,835983
chaises de bois,16,non,out,835983
chaises de bois de sapin,1,non,out,835983
chaises de canne,52,non,out,835983
chaises de commodité,188,non,out,835983
chaises de commodité et leurs pots,6,non,out,835983
chaises de commodité et leurs pots de faïence,1,non,out,835983
chaises de fer,7,non,out,835983
chaises de fer harnais,1,non,out,835983
chaises de jonc,42,non,out,835983
chaises de laine,1,non,,41540
chaises de maroquin,6,non,out,835983
chaises de noyer,3,non,out,835983
chaises de paille,488,non,out,835983
chaises de paille et canapé,1,non,out,835983
chaises de paille et fauteuils de paille,7,non,out,835983
chaises de poste,22,non,out,835983
chaises de poste et fauteuils de poste,2,non,out,835983
chaises de poste et harnais,1,non,out,835983
chaises de rotin,16,non,out,835983
chaises de rotin et fauteuils,1,non,out,835983
chaises de tapisserie,1,non,out,835983
chaises et cabriolets,118,non,out,835983
chaises et fauteuils,21,non,out,835983
chaises et fauteuils de bois,7,non,out,835983
chaises et fauteuils de canne,6,non,out,835983
chaises et fauteuils de commodité,1,non,out,835983
chaises et fauteuils de jonc,3,non,out,835983
chaises garnies,5,non,out,835983
chaises paillées,1,non,out,835983
chaises pliantes,1,non,out,835983
chaises pliantes de cuir de Russie,1,non,out,835983
chaises pour enfant,1,non,out,835983
chaises roulantes,20,non,out,835983
chaises roulantes avec harnais,1,non,out,835983
chaises roulantes avec leur train,1,non,out,835983
chaises roulantes vieilles,1,non,out,835983
chalbafs,13,non,out,835983
châles brochés et façonnés de laine,2,non,out,835983
châles couvertures et tapis de fleuret,1,non,out,835983
châles de cachemire de poil,1,non,out,835983
châles de laine,43,non,out,835983
châles de laine brochés et façonnés,1,non,out,835983
châles de laine et de poil,46,non,out,835983
châles de percale de coton imprimée,2,non,out,835983
châles des Indes,0,non,out,835983
châles et mouchoirs,15,non,out,835983
châles et mouchoirs de coton,81,non,out,835983
châles et mouchoirs de laine,48,non,out,835983
châles et mouchoirs de soie,156,non,out,835983
châles et mouchoirs de soie façonnée pure et unie,2,oui,out,835983
chalons,25,non,out,835983
chalons blancs,6,non,out,835983
chalons blancs soufrés,4,non,out,835983
chalons peints,8,non,out,835983
chalotte,1,non,,41540
chaloupe,2,non,out,835983
chaloupe démontée,3,non,out,835983
chambranle de cheminé en marbre,1,non,,41540
chambre d'enfant,1,non,out,835983
chamois,1,non,out,835983
chamois passé en jaune,6,non,out,835983
chamoisure,1,non,out,835983
champ fleurs,1,non,out,835983
champheuv,1,non,out,835983
champignons,101,non,out,835983
champignons confits,4,non,out,835983
champignons et morilles,2,non,out,835983
champignons et morilles et truffes,1,non,,41540
champignons et truffes,1,non,out,835983
champignons marinés,1,non,out,835983
champignons secs,28,non,out,835983
chandal,1,non,out,835983
chandeliers d'église en or,1,non,out,835983
chandeliers de bois,1,non,out,835983
chandeliers de bois de Nuremberg,1,non,out,835983
chandeliers de cuivre,14,non,out,835983
chandeliers de cuivre argentés,2,non,out,835983
chandeliers de fer,1,non,out,835983
chandeliers de laiton,3,non,out,835983
chandelle,1812,non,out,835983
chandelle à porteur,1,non,out,835983
chandelle de bois,1,non,out,835983
chandelle de canne,4,non,out,835983
chandelle de chanvre et suif,7,non,out,835983
chandelle de commodité,3,non,out,835983
chandelle de jonc,1,non,out,835983
chandelle de paille,9,non,out,835983
chandelle de résines,1,non,out,835983
chandelle de rotin,1,non,out,835983
chandelle de sperme de baleine,1,non,out,835983
chandelle de suif,386,non,out,835983
chandelle de suif et suif,11,non,out,835983
chandelle de suif et suif fondu,1,non,out,835983
chandelle et suif,3,non,,41540
chandelle moitié cire,1,non,out,835983
chandelle moulée,2,non,out,835983
chandelle roulante,1,non,out,835983
changeant,6,non,out,835983
chanoni,1,non,out,835983
chantournés de lit en satin,2,non,,41540
chantournés de lit en satin brodé,2,non,,41540
chanvre,4722,non,out,835983
chanvre apprêté,13,non,out,835983
chanvre battu,56,non,out,835983
chanvre brut,55,non,out,835983
chanvre chiné,1,non,,41540
chanvre commun,3,non,out,835983
chanvre cru,1062,non,out,835983
chanvre de masse,9,non,out,835983
chanvre de retour,2,non,,41540
chanvre deuxième qualité,1,non,out,835983
chanvre dit chenevolle,1,non,out,835983
chanvre divers,45,non,out,835983
chanvre écru,16,non,out,835983
chanvre en liens,4,oui,out,835983
chanvre en masses,45,non,out,835983
chanvre en ramade,1,non,out,835983
chanvre en rames,154,non,out,835983
chanvre en rames (c'est à dire du Nord),1,non,out,835983
chanvre en tiges brutes choisie sèches ou vertes,2,non,out,835983
chanvre en tiges brutes sèches roules ou vertes,3,non,out,835983
chanvre et lin,10,non,out,835983
chanvre fin,1,non,out,835983
chanvre frisé,1,non,out,835983
chanvre peigné,673,non,out,835983
chanvre piqué,2,non,,41540
chanvre pour filer,2,non,out,835983
chanvre première qualité,4,non,out,835983
chanvre préparé,3,non,out,835983
chanvre saisir,1,non,out,835983
chanvre taillé et étoupes,3,non,out,835983
chanvre tillé,1,non,out,835983
chanvre tillé et étoupes,7,non,out,835983
chanvre treillé,1,non,,41540
chanvre vieux,1,non,,41540
chanvreau,1,non,,41540
chanvrier de cuivre,1,non,out,835983
chapeaux,756,non,out,835983
chapeaux ? castor,6,non,out,835983
chapeaux à border,1,non,out,835983
chapeaux a migette,1,non,,41540
chapeaux à nègre,241,non,out,835983
chapeaux à page,2,non,out,835983
chapeaux anglais,2,non,out,835983
chapeaux bâtards,10,non,out,835983
chapeaux blancs,1,non,out,835983
chapeaux bordés,54,non,out,835983
chapeaux bordés argent et or de poil,1,non,out,835983
chapeaux bordés avec éléments,1,non,out,835983
chapeaux bordés d'argent,0,non,out,835983
chapeaux bordés d'argent de castor,1,non,out,835983
chapeaux bordés d'argent et d'or,4,non,out,835983
chapeaux bordés d'argent et d'or de castor,10,non,out,835983
chapeaux bordés d'or,8,non,out,835983
chapeaux bordés d'or de castor,10,non,out,835983
chapeaux bordés d'or de demi-castor,1,non,out,835983
chapeaux bordés d'or et d'argent faux communs,1,non,out,835983
chapeaux bordés d'or faux,3,non,out,835983
chapeaux bordés d'or faux de laine,2,non,out,835983
chapeaux bordés de castor,11,non,out,835983
chapeaux bordés de point d'Espagne,1,non,out,835983
chapeaux bordés en faux de laine,1,non,out,835983
chapeaux brodés,12,non,out,835983
chapeaux brodés d'argent,2,non,out,835983
chapeaux brodés d'argent de castor,4,non,out,835983
chapeaux brodés d'argent et d'or,1,non,out,835983
chapeaux brodés d'or,6,non,out,835983
chapeaux chinois et grosse caisse,1,non,out,835983
chapeaux cirés,1,non,out,835983
chapeaux communs,310,non,out,835983
chapeaux communs de laine,1,non,,41540
chapeaux communs de laine ou de poil,6,non,out,835983
chapeaux communs de paille,197,non,out,835983
chapeaux d'écorce,4,non,out,835983
chapeaux d'écorce d'arbre,5,non,out,835983
chapeaux d'écorce de bois et de paille,151,non,out,835983
chapeaux d'écorce de tilleul,1,non,out,835983
chapeaux d'écorce et de paille,21,non,out,835983
chapeaux d'écorce fins,1,non,out,835983
chapeaux d'enfant,1,non,out,835983
chapeaux d'enfant garnis de taffetas,1,non,,41540
chapeaux d'osier,1,non,out,835983
chapeaux d'ourson,1,non,out,835983
chapeaux dauphins,4,non,out,835983
chapeaux de bois,11,non,out,835983
chapeaux de bois et de paille,2,non,,41540
chapeaux de castor,655,non,out,835983
chapeaux de castor brodés,2,non,out,835983
chapeaux de castor de feutre fin ou de laine,1,non,,41540
chapeaux de castor de mi-castor et de soie,1,non,,41540
chapeaux de castor et de poil,2,non,out,835983
chapeaux de castor fins,1,non,out,835983
chapeaux de castor fins et mi castor et de soie,2,non,,41540
chapeaux de castor noir,2,non,out,835983
chapeaux de castor unis,11,non,out,835983
chapeaux de castor vernis,4,non,out,835983
chapeaux de coton,18,non,out,835983
chapeaux de coupeau,2,non,out,835983
chapeaux de crin,1,non,out,835983
chapeaux de cuir,7,non,out,835983
chapeaux de demi-castor,604,non,out,835983
chapeaux de demi-vigogne,59,non,out,835983
chapeaux de femme,3,non,out,835983
chapeaux de feutre,46,non,out,835983
chapeaux de feutre communs,3,non,out,835983
chapeaux de feutre unis,1,non,out,835983
chapeaux de laine,421,non,out,835983
chapeaux de laine à nègre,10,non,out,835983
chapeaux de laine communs,15,non,out,835983
chapeaux de laine des prises,4,non,out,835983
chapeaux de laine et de poil,824,non,out,835983
chapeaux de laine unis,1,non,out,835983
chapeaux de loutre,5,non,out,835983
chapeaux de mi castor,3,non,out,835983
chapeaux de paille,365,non,out,835983
chapeaux de paille communs,3,non,out,835983
chapeaux de paille de riz,2,non,out,835983
chapeaux de paille dits garde-soleils,45,non,out,835983
chapeaux de paille et sparterie,31,non,out,835983
chapeaux de poil,66,non,out,835983
chapeaux de poil de laine,3,non,out,835983
chapeaux de poil estain,1,oui,out,835983
chapeaux de poil et de laine,36,non,out,835983
chapeaux de satin,2,non,out,835983
chapeaux de soie,10,non,out,835983
chapeaux de taffetas,1,non,out,835983
chapeaux de velours,2,non,out,835983
chapeaux de vigogne,106,non,out,835983
chapeaux demi,1,non,out,835983
chapeaux des prises,3,non,out,835983
chapeaux en poil et laine,1,non,out,835983
chapeaux fins,11,non,out,835983
chapeaux fins de castor de laine ou de soie,2,non,out,835983
chapeaux fins de laine de castor ou de soie,3,non,out,835983
chapeaux fins de laine et de poil,2,non,out,835983
chapeaux fins de paille,3,non,out,835983
chapeaux fins de soie,2,non,out,835983
chapeaux fins des prises,1,non,out,835983
chapeaux garnis,2,non,out,835983
chapeaux gris,1,non,out,835983
chapeaux grossiers,9,non,out,835983
chapeaux grossiers d'écorce,1,non,out,835983
chapeaux grossiers d'écorce de paille et de sparte,10,non,out,835983
chapeaux grossiers d'écorce de sparte,1,non,out,835983
chapeaux grossiers de paille,3,non,out,835983
chapeaux grossiers ou fins d'écorce de paille et de sparte,1,non,out,835983
chapeaux Maine,2,non,out,835983
chapeaux neufs,4,non,out,835983
chapeaux non brodés de castor,2,non,out,835983
chapeaux ordinaires,3,non,out,835983
chapeaux perle,1,non,out,835983
chapeaux perse,4,non,out,835983
chapeaux poil eclayre,1,non,,41540
chapeaux poil laine,2,non,out,835983
chapeaux pour nègre,7,non,out,835983
chapeaux sortis,1,non,out,835983
chapeaux unis,2,non,out,835983
chapeaux unis et demi forme,2,non,out,835983
chapeaux vieux,46,non,out,835983
chapelets,36,non,out,835983
chapelets communs,1,non,out,835983
chapelets de bois,25,non,out,835983
chapelets de coco,7,non,out,835983
chapelets de Jérusalem,1,non,out,835983
chapelets de verre,5,non,out,835983
chapelière de castor,2,non,out,835983
chapellerie,6,oui,,41540
chapellerie commune de laine,1,oui,out,835983
chapellerie commune de laine ou de poil,1,oui,out,835983
chapellerie de castor,1,oui,out,835983
chapellerie de castor de feutre fin ou de laine,1,oui,out,835983
chapellerie de toutes sortes,6,oui,,41540
chapes de fer,1,non,out,835983
chaplas,2,non,out,835983
chapons,11,non,out,835983
chapons gras,4,non,out,835983
chaquelas,8,non,out,835983
charbon,404,non,out,835983
charbon d'Angleterre de terre,4,non,out,835983
charbon de bois,620,non,out,835983
charbon de bois et chènevotte,1,non,out,835983
charbon de bois et de terre,163,non,out,835983
charbon de bois ou de chènevotte,2,non,out,835983
charbon de bois ou de chènevotte en hectolitres,2,non,out,835983
charbon de bois ou de chènevotte en kilogrammes,2,non,out,835983
charbon de boulanger,1,non,out,835983
charbon de boulanger et braisette,10,non,out,835983
charbon de forge,1,non,,41540
charbon de pierre,62,non,out,835983
charbon de pin,10,non,out,835983
charbon de terre,1806,non,,41540
charbon de terre cargo,2,non,,41540
charbon de terre en lest,1,non,,41540
charbon de terre grenier,2,non,,41540
charbon de terre pour cuire chaux,14,non,out,835983
charbon houille,229,non,out,835983
charcanas,1,non,out,835983
chardons,13,non,out,835983
chardons à drapier,133,non,out,835983
chardons cardère,18,non,out,835983
chardons cardiers,12,non,out,835983
charfarcani,3,non,out,835983
chargé,32,non,,41540
charge en fer-blanc,1,non,out,835983
charié,1,non,,41540
chariots,14,non,out,835983
chariots à feu,1,non,out,835983
chariots neufs,1,non,out,835983
chariots tombereaux et voitures à échelles,3,non,out,835983
charlotonne,2,non,out,835983
charnière de marbre,1,non,out,835983
charonies,2,non,out,835983
charonin,1,non,out,835983
charpente,3,non,,41540
charpente démontée,1,non,out,835983
charpie,2,non,out,835983
charpie et drilles en feuille,2,non,out,835983
charrée,6,non,out,835983
charrettes,11,non,out,835983
charrettes neuves,1,non,out,835983
charrettes vieilles,1,non,out,835983
charrues,21,non,out,835983
charrues de fer,1,non,out,835983
chaselas des Indes,3,oui,out,835983
chasse-mouches,1,non,out,835983
châssis de bois,1,non,out,835983
chasuble,9,non,out,835983
châtaignes,1016,non,out,835983
châtaignes biscuites,11,non,out,835983
châtaignes blanches,16,non,out,835983
châtaignes confites,1,non,out,835983
châtaignes et marrons,108,non,out,835983
châtaignes et marrons et noix,8,non,out,835983
châtaignes et marrons frais,11,non,out,835983
châtaignes et noix,2,non,out,835983
châtaignes fraîches,28,non,out,835983
châtaignes fraîches et marrons frais,18,non,out,835983
châtaignes sèche,18,non,out,835983
châtaignes sèches,43,non,out,835983
châtaigniers,1,non,out,835983
chateis,1,non,out,835983
chatons,1,non,out,835983
chau ???,1,non,out,835983
chaud,1,non,out,835983
chaud de cuivre,1,non,out,835983
chaudière,2,non,,41540
chaudière à brai,1,non,out,835983
chaudière à distiller,2,non,out,835983
chaudière à guildives,3,non,out,835983
chaudière à nègre,1,non,out,835983
chaudière à sucre,6,non,out,835983
chaudière de cuivre,70,non,out,835983
chaudière de cuivre à sucre,1,non,out,835983
chaudière de cuivre et sa serpentine,1,non,out,835983
chaudière de cuivre et ustensiles,1,non,out,835983
chaudière de cuivre grande,2,non,out,835983
chaudière de cuivre jaune,1,non,out,835983
chaudière de cuivre rouge et foudre de cuivre rouge,2,non,out,835983
chaudière de fer,149,non,out,835983
chaudière de fer et marmites de fer,1,non,out,835983
chaudière de fonte,31,non,out,835983
chaudière de fonte et marmites de fonte,5,non,,41540
chaudière de marmites de potin,2,non,out,835983
chaudière de patine,1,non,out,835983
chaudière de potier,1,non,out,835983
chaudière de potin,4,non,out,835983
chaudière et marmites de ???,4,non,,41540
chaudière et marmites et étuve de fonte,5,non,out,835983
chaudières de fonte,21,oui,out,835983
chaudières de fonte et marmites de fonte,5,oui,out,835983
chaudières et marmites de ???,4,oui,out,835983
chaudron,3,non,out,835983
chaudron d'airain,2,non,out,835983
chaudron de cuivre,179,non,out,835983
chaudron de cuivre et bassin de cuivre,1,non,out,835983
chaudron de cuivre et neptune de cuivre,1,non,out,835983
chaudron de cuivre jaune,4,non,out,835983
chaudron de cuivre pour l'entrepôt de la Compagnie de Guinée,1,non,out,835983
chaudron de cuivre rouge,3,non,out,835983
chaudron de fer,3,non,out,835983
chaudron de potin,1,non,out,835983
chauffe-pieds,36,non,out,835983
chauffe-pieds garnis,1,non,out,835983
chaufferettes,2,non,out,835983
chaufferettes de bois,1,non,out,835983
chauffeur,2,non,,41540
chausse-pieds,35,non,out,835983
chausse-pieds avec leurs terrasses,1,non,out,835983
chausseterie,1,non,out,835983
chaussetterie de laine,1,non,out,835983
chaussettes,15,non,out,835983
chaussettes de coton,2,non,out,835983
chaussettes de fil,120,non,out,835983
chaussettes de fil par paire,0,non,,41540
chaussettes de fil par paires,0,oui,out,835983
chaussettes de toile,3,non,out,835983
chaussons de carisee et drap à laver maison,3,non,out,835983
chaussons de fil,2,non,out,835983
chaussons de laine,3,non,out,835983
chaussons de laine de Ségovie,1,non,out,835983
chaussures pour tisserand,1,non,out,835983
chaux,693,non,out,835983
chaux à bâtir,4,non,out,835983
chaux calcinée ou cuite,2,non,out,835983
chaux en pierre ou éteinte,1,non,out,835983
chaux et cendre,1,non,out,835983
chaux et cendre de chaux mêlées,4,non,out,835983
chaux et pierres et plâtre,14,oui,out,835983
chaux et plâtre et ciment,48,non,out,835983
chaux éteinte,15,non,out,835983
chaux fondue,4,non,out,835983
chaux vive,17,non,out,835983
chavonis,3,non,out,835983
chelöes,2,non,out,835983
cheminée de marbre,5,non,out,835983
cheminée de pierre de lierre,1,non,out,835983
cheminée en fonte,1,non,,41540
cheminée statues etc.,2,non,out,835983
chemise à étoupes,1,non,,41540
chemise de toile,2,oui,,41540
chemises,214,non,out,835983
chemises à fumer,1,non,out,835983
chemises à nègre,83,non,out,835983
chemises assorties,2,non,out,835983
chemises blanches ouvrées,1,non,out,835983
chemises bleues,2,non,out,835983
chemises bretonnes,72,non,out,835983
chemises bretonnes garnies,1,non,out,835983
chemises bretonnes unies,1,non,out,835983
chemises brodées,3,non,out,835983
chemises communes,73,non,out,835983
chemises communes non garnies,1,non,out,835983
chemises communes unies,1,non,out,835983
chemises d'homme,2,non,out,835983
chemises de batiste,1,non,out,835983
chemises de Bretagne,4,non,out,835983
chemises de chanvre de Riello,1,non,out,835983
chemises de coton,2,non,out,835983
chemises de fil de coton,1,non,out,835983
chemises de grosse toile à nègre,3,non,out,835983
chemises de guingans,20,oui,out,835983
chemises de Laval,3,non,out,835983
chemises de lin,18,non,out,835983
chemises de lin garnies,4,non,out,835983
chemises de lin garnies de batiste,1,non,out,835983
chemises de lin garnies unies,3,non,out,835983
chemises de nègre,1,non,out,835983
chemises de siamoise,1,non,out,835983
chemises de soldat,1,non,out,835983
chemises de toile,8,non,out,835983
chemises de toile bleue,1,non,out,835983
chemises de toile bretonne,4,non,out,835983
chemises de toile communes,2,non,out,835983
chemises de toile de Bretagne,11,non,out,835983
chemises de toile de Bretagne diverses,1,non,out,835983
chemises de toile de Bretagne garnies,2,non,out,835983
chemises de toile de Bretagne rayée,1,non,out,835983
chemises de toile de coton,4,non,out,835983
chemises de toile de Laval,2,non,out,835983
chemises de toile de Laval garnies,1,non,out,835983
chemises de toile de lin,17,non,out,835983
chemises de toile de lin garnies,6,non,out,835983
chemises de toile de Morlaix,1,non,out,835983
chemises de toile de Saint-Jean,1,non,out,835983
chemises de toile garnies,1,non,out,835983
chemises de toile guingans,20,non,,41540
chemises de toile rayée,2,non,out,835983
chemises fines,37,non,out,835983
chemises garnies,245,non,out,835983
chemises garnies de Batiste,2,non,out,835983
chemises garnies de mousseline,4,non,out,835983
chemises garnies de paille,1,non,out,835983
chemises garnies et fines,3,non,out,835983
chemises garnies pour femme,1,non,out,835983
chemises garnies pour homme,1,non,out,835983
chemises grosses,1,non,out,835983
chemises grosses de toile à nègre,3,non,out,835983
chemises moins communes,2,non,out,835983
chemises neutres,1,non,out,835983
chemises neuves,8,non,out,835983
chemises non garnies,4,non,out,835983
chemises ordinaires,1,non,out,835983
chemises ouvrées,1,non,,41540
chemises pour homme,2,non,out,835983
chemises pour homme communes,1,non,out,835983
chemises pour soldat,1,non,out,835983
chemises royales,1,non,out,835983
chemises unies,94,non,out,835983
chemises vieilles,9,non,out,835983
chemisettes,2,non,out,835983
chemisier,1,non,out,835983
chemisons garnis,1,non,out,835983
chêne en blocs,1,non,out,835983
chenets de fer,1,non,,41540
chenille,1,non,out,835983
chenille au quart,1,non,out,835983
chenille de bois,5,non,out,835983
chenille de chêne,3,non,out,835983
chenille de flavret,1,non,out,835983
chenille de soie,18,non,out,835983
cheval de bois,1,non,out,835983
chévaque,0,non,out,835983
chevaux,700,non,out,835983
chevaux à bas prix,20,non,out,835983
chevaux à haut prix,11,non,out,835983
chevaux à moyen prix,7,non,out,835983
chevaux anglais,1,non,out,835983
chevaux arabes,1,non,out,835983
chevaux d'Espagne,1,non,out,835983
chevaux d'un an,1,non,out,835983
chevaux de Barbarie,1,non,out,835983
chevaux de bois,5,non,out,835983
chevaux de labour,101,non,out,835983
chevaux de labour et mules et mulets,4,non,out,835983
chevaux de remontage,1,non,,41540
chevaux de selle,3,non,out,835983
chevaux de service,2,non,,41540
chevaux de trois ans,1,non,out,835983
chevaux et ânes,4,non,out,835983
chevaux et mulets,2,non,out,835983
chevaux et poulains,1,non,out,835983
chevaux hongres,10,non,out,835983
chevaux petits,1,non,out,835983
chevaux poulains de lait,1,non,out,835983
chevaux pour enfant,1,non,out,835983
chevaux pour le haras,1,non,out,835983
chevaux vieux,2,non,out,835983
cheveux,347,non,out,835983
cheveux à perruques,106,non,out,835983
cheveux apprêtés,1,non,out,835983
cheveux communs,39,non,out,835983
cheville,103,non,out,835983
cheville de bois,12,non,out,835983
cheville de chêne,2,non,out,835983
cheville de fer,3,non,out,835983
chevilles et masses de fer,2,non,out,835983
chevillières,1,non,out,835983
chevillières à tresser,1,non,out,835983
chevillières de fil,2,non,out,835983
chèvre,184,non,out,835983
chevreaux,12,non,out,835983
chevreaux à moyen prix,1,non,out,835983
chevreuil,3,non,out,835983
chevreuil en chamois et peaux de cerf,1,non,out,835983
chevrons,81,non,out,835983
chevrons d'acajou,10,non,out,835983
chevrons de 10 pieds,1,non,out,835983
chevrons de 12 pieds,1,non,out,835983
chevrons de 16 pieds,1,non,out,835983
chevrons de 18 pieds,3,non,out,835983
chevrons de 25 pieds,1,non,out,835983
chevrons de 26 pieds,1,non,out,835983
chevrons de 45 à 50 pieds,1,non,out,835983
chevrons de 5 pieds en acajou,1,non,out,835983
chevrons de 6 pieds en acajou,1,non,out,835983
chevrons de 8 pieds,1,non,out,835983
chevrons de 8 pieds en acajou,1,non,out,835983
chevrons de 9 pieds,1,non,,41540
chevrons de bois,11,non,out,835983
chevrons de bois d'acajou de 8 pieds,1,non,,41540
chevrons de bois de noyer de 12 pieds de long,1,non,out,835983
chevrons de cèdre,1,non,out,835983
chevrons de chêne,12,non,out,835983
chevrons de chêne de 10 pieds,1,non,out,835983
chevrons de chêne de 11 pieds,1,non,out,835983
chevrons de chêne de 12 à 18 pieds,1,non,out,835983
chevrons de chêne de 12 pieds,1,non,out,835983
chevrons de chêne de 15 pieds,1,non,out,835983
chevrons de chêne de 16 pieds,2,non,out,835983
chevrons de chêne de 18 pieds,4,non,out,835983
chevrons de chêne de 22 pieds,1,non,out,835983
chevrons de chêne de 5 à 6 pieds,1,non,out,835983
chevrons de chêne de 6 pieds,1,non,out,835983
chevrons de chêne de 7 pieds,1,non,out,835983
chevrons de chêne de 8 pieds,1,non,out,835983
chevrons de chêne de 9 pieds,1,non,out,835983
chevrons de merisier,1,non,out,835983
chevrons de noyer,1,non,,41540
chevrons de pin,1,non,out,835983
chevrons de planches,1,non,out,835983
chevrons de sapin,91,non,out,835983
chevrons de sapin 12 pieds,1,non,out,835983
chevrons de sapin 24 pieds,1,non,out,835983
chevrons de sapin de 10 pieds,2,non,out,835983
chevrons de sapin de 12 pieds,3,non,out,835983
chevrons de sapin de 14 à 15 pieds,1,non,out,835983
chevrons de sapin de 14 pieds,2,non,out,835983
chevrons de sapin de 15 à 20 pieds,1,non,out,835983
chevrons de sapin de 15 pieds,4,non,out,835983
chevrons de sapin de 16 pieds,4,non,out,835983
chevrons de sapin de 18 pieds,3,non,out,835983
chevrons de sapin de 20 pieds,3,non,out,835983
chevrons de sapin de 22 pieds,2,non,out,835983
chevrons de sapin de 24 pieds,5,non,out,835983
chevrons de sapin de 25 pieds,1,non,out,835983
chevrons de sapin de 26 pieds,1,non,out,835983
chevrons de sapin de 28 pieds,1,non,out,835983
chevrons de sapin de 29 pieds,1,non,out,835983
chevrons de sapin de 3 à 4 pieds,1,non,out,835983
chevrons de sapin de 30 pieds,1,non,out,835983
chevrons de sapin de 36 pieds,3,non,out,835983
chevrons de sapin de 40 pieds,2,non,out,835983
chevrons de sapin de 6 à 7 pieds,1,non,out,835983
chevrons de sapin de 6 à 9 pieds,1,non,,41540
chevrons de sapin de 7 à 8 pieds,1,non,out,835983
chevrons de sapin de 7 pieds,1,non,out,835983
chevrons de sapin de 8 pieds,2,non,out,835983
chevrons de sapin de 9 à 10 pieds,1,non,out,835983
chevrons de sapin de 9 pieds,1,non,out,835983
chialar,1,non,out,835983
chiapatonax,1,non,,41540
chicorée moulue,48,non,out,835983
chicorée sèche ou torréfiée,2,non,out,835983
chicotin,9,non,out,835983
chiendent,1,non,out,835983
chiens,44,non,out,835983
chiens courants de chasse,120,non,out,835983
chiens de chasse,6,non,out,835983
chiffons,17,non,out,835983
chiffons vieux,1,non,out,835983
chillas,50,non,out,835983
chillas palma,1,non,out,835983
chima calin,1,non,out,835983
chine,2,non,out,835983
chinois,3,non,out,835983
chiques,4,non,out,835983
chiques de pierre,7,non,out,835983
chiquette des prises,1,non,out,835983
chirederis,1,non,out,835983
chise de fourneaux,19,non,out,835983
chitte,79,non,out,835983
chitte anglaise,1,non,out,835983
chitte d'Amedabad,1,non,out,835983
chitte étoffe,2,non,out,835983
chitte Keabadis,2,non,out,835983
chitte patenas,1,non,out,835983
chitte rouge,1,non,out,835983
chivelles,1,non,out,835983
chocolat,1234,non,out,835983
chocolat en pâte,1,non,out,835983
chocolat et cacao broyé,4,non,out,835983
chocolat et sorbet,1,non,out,835983
choix de bœuf salé,2,non,out,835983
cholas,1,non,out,835983
chomettes de terre,1,non,out,835983
chouclas des Indes,2,non,out,835983
chourales,1,non,out,835983
choux,24,non,out,835983
choux à planter,28,non,out,835983
choux cabus,1,non,out,835983
choux confits,4,non,out,835983
choux marinés,2,non,out,835983
choux salés,10,non,out,835983
choux-fleurs,16,non,out,835983
choux-fleurs et cabus et artichauts,120,non,out,835983
christ d'ivoire,3,non,out,835983
christ d'ivoire monté sur velours,1,non,out,835983
chromate de plomb,4,non,out,835983
chromate de potasse,1,non,out,835983
chuclas,1,non,,41540
chuquelas,44,non,out,835983
cidre,520,non,out,835983
cidre jaune,1,non,out,835983
cidre poiré et verjus,4,non,out,835983
ciels de lit en satin,2,non,,41540
ciels de lit en satin brodé,2,non,,41540
cierges,8,non,out,835983
cierges de cire blanche,10,non,out,835983
cierges de cire et bougie de cire,16,non,out,835983
cierges de fer,2,non,out,835983
cierges et bougie,14,oui,out,835983
cierges et flambeau,1,non,out,835983
cigares,1,non,out,835983
cigares par autorisation,1,non,out,835983
cigognes à mulet,1,non,,41540
cikous,1,non,out,835983
cime,1,non,out,835983
ciment,31,non,out,835983
ciment et chaux et pierres et plâtre,8,non,out,835983
ciment ou tiras,79,non,out,835983
cinabre,222,non,out,835983
cinabre broyé,27,non,out,835983
cinabre de pierres,6,non,out,835983
cinabre en roche,1,non,out,835983
cinabre et vermillon,61,non,out,835983
cinabre fin,1,non,out,835983
cinabre naturel,2,non,out,835983
ciradille,0,non,out,835983
cirage pour chaussures,1,non,out,835983
circks,0,non,out,835983
cire,612,non,out,835983
cire ???,1,non,,41540
cire à cacheter,113,non,out,835983
cire alizari,0,non,,41540
cire blanche,627,non,out,835983
cire blanche de bougie,1,non,out,835983
cire blanche et jaune,504,non,out,835983
cire blanche et jaune non ouvrée,23,non,out,835983
cire blanche non ouvrée,1,non,out,835983
cire brune,1,non,out,835983
cire brune non clarifiée,1,non,out,835983
cire brune non clarifiée du Sénégal,1,non,out,835983
cire brute,1,non,out,835983
cire brute blanche,6,non,out,835983
cire brute brune ou jaune,2,non,out,835983
cire brute jaune,21,non,out,835983
cire brute jaune des entrepôts,0,non,out,835983
cire d'Espagne,89,non,out,835983
cire d'Espagne à cacheter,111,non,out,835983
cire de bougie,4,non,out,835983
cire de bougie jaune,1,non,out,835983
cire diverse,13,non,out,835983
cire en branche,2,non,out,835983
cire en grabeau,118,non,,41540
cire en pain,7,non,out,835983
cire et chandelle de cire,2,non,out,835983
cire grasse,1,non,out,835983
cire jaune,1493,non,out,835983
cire jaune du levant,1,non,out,835983
cire jaune en bougie et chandelle,2,non,out,835983
cire jaune en cierges et flambeaux,77,non,out,835983
cire jaune en pain,131,non,out,835983
cire moitié cire et moitié suif,1,non,out,835983
cire verte,12,non,out,835983
cire vierge,6,non,out,835983
cirsaca,77,non,out,835983
cirsaca soie en coton,2,non,,41540
cirsaka,0,oui,out,835983
cirsaka de coton et de soie,2,oui,out,835983
ciseaux,25,non,out,835983
ciseaux à élaguer,2,non,out,835983
ciseaux de sculpteur,1,non,,41540
citrate de chaux,1,non,out,835983
citron,3,non,out,835983
citron aigre,14,non,out,835983
citron avarié,2,non,out,835983
citron confit,129,non,out,835983
citron en saumure,1,non,,41540
citron et limon,1055,non,out,835983
citron et orange,368,non,out,835983
citron et orange frais,210,non,out,835983
citron étranger,2,non,out,835983
citron frais,67,non,out,835983
citron frais et orange fraîche et amandes sèches et figue sèches et raisin sec,29,non,out,835983
citron orange et leurs variétés,7,non,out,835983
citron salé,1,non,,41540
citron vert,21,oui,out,835983
citronniers,2,non,out,835983
citrouilles,1,non,out,835983
civadille,102,non,out,835983
civette,6,non,out,835983
clafou,73,non,out,835983
clafou de bois,1,non,out,835983
clafou de bois ou merrains de bois,1,non,out,835983
clafou en blocs,7,non,out,835983
clairons,3,non,out,835983
clairons etc.,1,non,out,835983
clappes ou douves à barils,164,non,out,835983
clappes ou douves à barils de sapin,2,non,out,835983
clarges des prises,1,non,out,835983
clarifiant,1,non,out,835983
clarinette haut-bois,3,non,out,835983
clavecin,106,non,out,835983
clavecin vieux,1,non,out,835983
clavecins épinettes orgues,3,non,out,835983
clayes à parquer,1,non,out,835983
clefs à vin,1,non,out,835983
clefs de fer,2,non,out,835983
clefs de montre,1,non,,41540
clinquant d'or faux,1,non,out,835983
clinquant en papier,1,non,out,835983
cloches,18,non,out,835983
cloches de bronze,1,non,out,835983
cloches de cuivre,1,non,out,835983
cloches de fer,1,non,out,835983
cloches de fonte,70,non,out,835983
cloches de fonte vieilles,1,non,out,835983
cloches de grès,1,non,,41540
cloches de métal,184,non,out,835983
cloches de plomb et de zinc,12,non,out,835983
cloches de verre,7,non,out,835983
cloches vieilles,1,non,out,835983
clochettes,12,non,out,835983
clochettes de cuivre,6,non,out,835983
clochettes de fonte,5,non,out,835983
cloportes,2,non,out,835983
clous,242,non,out,835983
clous à têtes de cuivre doré petits,1,non,out,835983
clous de caboche,4,non,out,835983
clous de cuivre,15,non,out,835983
clous de cuivre doré,9,non,out,835983
clous de cuivre jaune,11,non,out,835983
clous de fer,1843,non,out,835983
clous de fer à barriques,1,oui,out,835983
clous de fer à charrettes,1,non,out,835983
clous de fer gonds,1,non,out,835983
clous de fer neufs,1,non,out,835983
clous de fer ordinaires,1,non,out,835983
clous de fer pour barriques,1,non,,41540
clous de fer vieux,2,non,out,835983
clous de girofle,122,non,out,835983
clous de girofle et griffes,3,non,out,835983
clous de girofle fleurs,5,non,out,835983
clous de girofle fleurs des entrepôts,0,non,out,835983
clous de laiton,10,non,out,835983
clous dorés,50,non,out,835983
clous en fer,6,non,,41540
clous et acier,4,non,out,835983
clous vieux,3,non,out,835983
cloutaille,1,non,out,835983
cloutiers,8,non,out,835983
coak,1,non,out,835983
coas de soie,1,non,out,835983
coati,1,non,out,835983
cobalt grillé,4,non,out,835983
cobalt métal,3,non,out,835983
cobalt métal et minerai,2,non,out,835983
cobalt minerai,1,non,out,835983
cobalt minéral,1,non,out,835983
cocalum,2,non,out,835983
cocax,2,non,out,835983
cochelis,19,oui,out,835983
cochenille,1255,non,out,835983
cochenille Campêchane,1,oui,out,835983
cochenille Campêche,2,non,out,835983
cochenille de retour,1,non,,41540
cochenille en grabeau,102,non,,41540
cochenille et indigo,1,non,out,835983
cochenille fil verte,1,non,out,835983
cochenille fine,23,non,out,835983
cochenille mestèque,75,non,out,835983
cochenille mustack,2,non,out,835983
cochenille sylvestre,52,non,out,835983
cochon,20,non,out,835983
cochon de lait,1,non,out,835983
cochon en vie,1,non,,41540
cochon petit,2,non,out,835983
cochon salé et petit salé,10,non,out,835983
cochons de lait,1,non,,41540
coclearia,13,non,out,835983
coco,87,non,out,835983
coco caroube,2,non,,41540
coco caroubes frais,2,oui,out,835983
coco des Indes,2,non,out,835983
coco du Levant,3,non,out,835983
coco petit,1,non,out,835983
coco plate,1,non,out,835983
coco vert,3,non,out,835983
cocons,6,non,out,835983
cocons de soie,144,non,out,835983
cocons de vers à soie,3,non,out,835983
coctif,1,non,out,835983
cocullus,3,non,out,835983
coddes blancs,5,non,out,835983
coëtif,12,non,out,835983
cœurs de bœuf,3,non,out,835983
coffres,11,non,out,835983
coffres à étuve,2,non,out,835983
coffres à garniture de peau,10,non,out,835983
coffres à matelots,1,non,,41540
coffres à perruque,1,non,out,835983
coffres à thé,1,non,out,835983
coffres à vin,1,non,out,835983
coffres de bois,25,non,out,835983
coffres de chimie,1,non,out,835983
coffres de chirurgie,122,non,out,835983
coffres de commodité,5,non,out,835983
coffres de fer,29,non,out,835983
coffres de fer de 300 livres,1,non,,41540
coffres de fer et berses,10,non,out,835983
coffres de fonte,1,non,out,835983
coffres de gaz,1,non,out,835983
coffres de noyer,1,non,out,835983
coffres de sapin,4,non,out,835983
coffres de sapin peints,1,non,,41540
coffres peints,3,non,out,835983
coffres vides,1,non,out,835983
coffres vieux,1,non,out,835983
coffres-forts,23,non,out,835983
coffres-forts de fer,15,non,out,835983
coffret à coudre,1,non,,41540
cognac,7,non,out,835983
cognées de bois,1,non,out,835983
coiffes,2,non,out,835983
coiffes à perruque,2,non,out,835983
coiffes blondes,6,non,out,835983
coiffes blondes et de gaze,1,non,out,835983
coiffes blondes et palatine,1,non,out,835983
coiffes brodées,1,non,out,835983
coiffes de chapeaux,85,non,out,835983
coiffes de dentelle,5,non,out,835983
coiffes de dentelle de soie,1,non,out,835983
coiffes de gaze,11,non,out,835983
coiffes de Marly,1,non,out,835983
coiffes de tambou,1,non,out,835983
coiffes et palatines,2,non,out,835983
coiffes pour chapeaux et coiffes de perruques,3,non,out,835983
coiffes pour femme,2,non,out,835983
coiffures,1,oui,out,835983
coiffures à dentelles,4,oui,out,835983
coing fruit,1,non,out,835983
coïtif,1,non,out,835983
çoka,1,oui,out,835983
col à femme,1,non,out,835983
colins,1,non,out,835983
colis,1,non,out,835983
colle,232,non,out,835983
colle à papetier,13,non,out,835983
colle à papier,4,non,out,835983
colle à poisson,1,non,out,835983
colle claire,2,non,out,835983
colle commune,195,non,out,835983
colle de Flandre,38,non,out,835983
colle de papetier,1,non,out,835983
colle de peau d'âne,1,oui,out,835983
colle de peaux d'âne,1,non,,41540
colle de poisson,629,non,out,835983
colle de poisson forte,1,non,,41540
colle faible,1,non,out,835983
colle forte,702,non,out,835983
colle forte de Flandre,1,non,out,835983
colle forte de poisson,3,non,out,835983
colle poisson,1,non,out,835983
collets toile de lin,1,non,out,835983
colliers d'ambre,1,non,out,835983
colliers de chevaux,8,non,out,835983
colliers de corail,1,non,out,835983
colliers de femme,3,non,out,835983
colliers de grenat,7,non,out,835983
colliers de grenat faux,1,non,maybe venetian glass beads,734
colliers de jais,3,non,out,835983
colliers de nacre de perles,1,non,out,835983
colliers de perles,2,non,out,835983
colliers de perles fausses,19,non,maybe venetian glass beads,734
colliers de verre,3,non,maybe venetian glass beads,734
colling de laine,1,non,,41540
colombine,285,non,out,835983
colonne,2,non,out,835983
colonne de bois de faïence,1,non,,41540
colonne de bois violet,1,non,,41540
colonne de noyer,1,non,out,835983
colophane ou Spingler,3,non,out,835983
coloquinte,172,non,out,835983
colorant et verdet,4,non,out,835983
cols,1,non,out,835983
colza navettes et autres,1,non,out,835983
combustible,1,non,out,835983
comestibles,84,non,out,835983
comestibles saindoux,3,non,out,835983
commode,53,non,out,835983
commode avec dessus de marbre,9,non,out,835983
commode d'acajou,4,non,out,835983
commode de bois,5,non,out,835983
commode de bois violet,1,non,out,835983
commode de marqueterie,1,non,out,835983
commode de noyer,8,non,out,835983
commode de sapin,11,non,out,835983
commode de sapin peinte,1,non,out,835983
commode de sapin vernie,0,non,out,835983
commode ornée,1,non,out,835983
commodes de bois,1,non,out,835983
commodes de sapin vernies,1,non,,41540
communes,0,non,out,835983
compas,3,non,out,835983
compas de cuivre,3,non,out,835983
compas de fer,2,non,out,835983
compas de mer,5,non,out,835983
compas de route,4,non,out,835983
compas et cartes de nouveautés,1,non,out,835983
compas et horloge de sable,1,non,out,835983
comperose,1,non,out,835983
composition de chimie,1,non,out,835983
composition de verre,4,non,out,835983
compotiers de porcelaine,1,non,out,835983
compotiers de terre,1,non,out,835983
concombre et cornichons,3,non,out,835983
concombre et cornichons en adobe,3,non,out,835983
conducteur,1,non,out,835983
confection,12,non,out,835983
confection d'alkermès,3,non,out,835983
confection d'hyacinthe,17,non,out,835983
confits en confitures,4,non,,41540
confiture et fruits à l'eau-de-vie,100,oui,,41540
confitures,2402,non,out,835983
confitures à l'eau-de-vie,5,non,out,835983
confitures de cerise,1,non,out,835983
confitures de Chine,1,non,out,835983
confitures de France,1,non,out,835983
confitures de l'étranger,0,non,out,835983
confitures de miel,1,non,out,835983
confitures et fruit confit au sucre,16,oui,out,835983
confitures et fruits à l'eau-de-vie,100,non,,41540
confitures et fruits confits au sucre,33,non,out,835983
confitures et succade,245,non,out,835983
confitures et sucre,1,non,out,835983
confitures fines,4,non,out,835983
confitures fluides et sèches,1,non,out,835983
confitures fromage moutarde etc.,1,non,out,835983
confitures liquides,11,non,out,835983
confitures sèches,21,non,out,835983
congres,52,non,out,835983
congres secs,1,non,,41540
connaissement,1,non,out,835983
conserve d'alkermès,1,non,out,835983
conserve de rose,8,non,out,835983
conserves de fleurs d'oranger,1,non,out,835983
contantine,1,non,,41540
conterie,107,non,maybe venetian glass beads,734
contra yerba,32,non,out,835983
contrebordé,19,non,out,835983
contrebrodé,6,non,out,835983
contrefoyer de fer,3,non,out,835983
conty,2,oui,out,835983
copale,3,non,out,835983
copeaux,2,non,,41540
copeaux pour fourreaux d'épée,1,non,out,835983
coqs,4,non,out,835983
coqs d'Inde,10,non,out,835983
coqs du Levant,3,non,out,835983
coque,2,non,out,835983
coque de coco,5,non,out,835983
coque de mouche à miel,1,non,out,835983
coque du Levant,122,non,out,835983
coquenard de cuivre,1,non,out,835983
coquillage,77,non,out,835983
coquillage de mer,3,non,out,835983
coquillages homards moules,3,non,out,835983
coquillages pleins et homards à la valeur,1,non,out,835983
coquillages pleins et homards au kilogramme,1,non,out,835983
coquilles de mer,130,non,out,835983
coquilles de nacre,32,non,out,835983
coquilles de Saint-Jacques,1,non,out,835983
corail,208,non,out,835983
corail blanc,10,non,out,835983
corail blanc et rouge ouvré,2,non,,41540
corail brun,4,non,out,835983
corail brut,218,non,out,835983
corail brut et non monté et taillé,22,non,out,835983
corail brut et taillé,23,non,out,835983
corail de demitte,1,oui,out,835983
corail de jardin,56,non,out,835983
corail de retour,1,non,,41540
corail de terraille,1,oui,out,835983
corail en filières,3,non,out,835983
corail en grabeau,34,non,,41540
corail et non monté et taillé,8,oui,out,835983
corail faux,13,non,out,835983
corail fin,5,non,out,835983
corail gros,32,non,out,835983
corail non monté taillé,9,non,out,835983
corail ouvré,1,non,out,835983
corail râpé,1,non,out,835983
corail rouge,3,non,out,835983
corail rouge ouvré,2,oui,out,835983
corail taillé,2,non,out,835983
corail terraille,24,non,out,835983
coraline,3,non,out,835983
corbeilles,9,non,out,835983
corbeilles d'auf,1,non,out,835983
corbeilles d'osier,122,non,out,835983
corbeilles d'osier petites,1,non,out,835983
corbeilles garnies,1,non,out,835983
corbetons,0,non,,41540
corbetons de 6 pieds,1,non,,41540
corbillons,1,non,,41540
cordage,948,non,out,835983
cordage ???,3,non,out,835983
cordage à boyaux,1,non,out,835983
cordage blanc,4,non,out,835983
cordage d'auf,43,non,out,835983
cordage d'autre végétaux,6,non,out,835983
cordage d'autre végétaux jonc sparte et tilleul,1,non,out,835983
cordage d'emballage,6,non,out,835983
cordage d'espars,248,non,out,835983
cordage de câbles neufs,1,non,out,835983
cordage de caret,1,non,out,835983
cordage de chanvre,792,non,out,835983
cordage de chanvre neuf,4,non,out,835983
cordage de chanvre vieux,6,non,out,835983
cordage de filin,2,non,out,835983
cordage de jonc,15,non,out,835983
cordage de satangres,1,non,out,835983
cordage de thil,2,non,out,835983
cordage de tilleul,11,non,out,835983
cordage de vieux,1,non,out,835983
cordage dit filin,1,non,out,835983
cordage en morceaux,1,non,out,835983
cordage et cordes,0,non,out,835983
cordage et ficelle,35,non,out,835983
cordage faible,1,non,,41540
cordage filets neuf,1,non,out,835983
cordage filets neuf ou en état de servir,4,non,out,835983
cordage goudronné,13,non,out,835983
cordage gros,1,non,out,835983
cordage herbes,1,non,out,835983
cordage menu,1,non,out,835983
cordage neuf,8,non,out,835983
cordage noir,4,non,out,835983
cordage pourri,2,non,out,835983
cordage refait,2,non,out,835983
cordage vieux,50,non,out,835983
cordat de laine,1,oui,,41540
cordeillat,244,non,out,835983
cordeillat d'Oléron,2,non,out,835983
cordeillat de Colmar,18,non,out,835983
cordeillat de laine,5,oui,out,835983
cordeillat de Piémont,1,non,out,835983
cordeillat de Provence,2,non,out,835983
cordelats,1,oui,out,835983
cordellerie,3,oui,out,835983
cordes,4,oui,out,835983
cordes à arçons,9,non,out,835983
cordes d'auf,16,non,out,835983
cordes d'emballage,11,non,out,835983
cordes d'espars,5,non,out,835983
cordes d'espars petites,1,non,,41540
cordes d'or,1,non,out,835983
cordes de bois à brûler,0,oui,out,835983
cordes de bois pour brûler,0,non,,41540
cordes de boyau et pour violons,0,non,out,835983
cordes de boyaux,252,non,out,835983
cordes de chanvre,31,non,out,835983
cordes de fil de fer,1,non,out,835983
cordes de jonc,6,non,out,835983
cordes de luth,1,non,,41540
cordes de roseaux,1,non,out,835983
cordes de thil,2,non,out,835983
cordes de tilleul,1,non,out,835983
cordes du Levant,1,non,out,835983
cordes et câble et ficelles,140,non,out,835983
cordes et écorce de tilleul,94,non,out,835983
cordes et ficelles,12,oui,out,835983
cordes ficelle,1,oui,out,835983
cordes neuves,1,non,out,835983
cordes pour carder,7,non,out,835983
cordes pour carder le coton,1,non,out,835983
cordes pour corder,1,non,out,835983
cordes pour fouets,2,non,out,835983
cordes pour guitare,5,non,out,835983
cordes pour instruments,10,non,out,835983
cordes pour violons,175,non,out,835983
cordes pour violons ???,0,non,out,835983
cordes vieilles,5,non,out,835983
cordial,1,non,out,835983
cordillaterie,43,oui,out,835983
cordonnerie de cuir,34,non,out,835983
cordonnerie et sellerie de cuir,200,non,out,835983
cordonnet,4,non,out,835983
cordonnet de fil,3,non,out,835983
cordonnet de poil,2,non,out,835983
cordonnet de poil de chèvre,3,non,out,835983
cordonnet de soie,1,non,out,835983
cordonnet pour cannes,1,non,out,835983
cordons,9,non,out,835983
cordons d'argent,3,non,out,835983
cordons d'argent et d'or,3,non,out,835983
cordons d'or,8,non,out,835983
cordons d'or et d'argent,1,non,out,835983
cordons d'or et de soie,1,non,out,835983
cordons de fil,7,non,out,835983
cordons de fil de lin,1,non,out,835983
cordons de filoselle,3,non,out,835983
cordons de fleuret,7,non,out,835983
cordons de laine,2,non,out,835983
cordons de montre de soie,1,non,out,835983
cordons de montres,2,non,out,835983
cordons de montres avec or,1,non,out,835983
cordons de soie,36,non,out,835983
cordons de soie à canne,2,non,out,835983
cordons de soie d'argent,1,non,out,835983
cordons de soie d'argent et d'or et de soie,3,non,out,835983
cordons dorure d'argent,2,non,out,835983
cordons dorure d'argent et d'or,2,non,out,835983
cordons dorure d'or,3,non,out,835983
cordons pour chapeaux,1,non,out,835983
cordouans,123,non,out,835983
cordouans en basane,5,non,out,835983
cordouans en lest,1,non,,41540
coriandre,147,non,out,835983
coriandre et noix,5,non,out,835983
coriandre et riz,5,non,out,835983
corinthes,110,non,out,835983
cornalines,7,non,out,835983
cornalines fines,1,non,out,835983
cornalines montées en or,2,non,out,835983
cornalines pour la Compagnie des Indes,1,non,out,835983
corne fine,1,non,out,835983
cornes,100,non,out,835983
cornes à faire peigner,1,non,out,835983
cornes à lanternes,304,non,out,835983
cornes à peignes,1,non,out,835983
cornes brutes,4,non,out,835983
cornes de béliers,1,non,out,835983
cornes de bétail,15,non,out,835983
cornes de bétail brutes,5,non,out,835983
cornes de bétail brutes clapons ou râpées,3,non,out,835983
cornes de bétail en feuillets,5,non,out,835983
cornes de bétail préparées,4,non,out,835983
cornes de bœuf,178,non,out,835983
cornes de bœuf et de vache,17,non,out,835983
cornes de bœuf et de vache crues,103,non,out,835983
cornes de bouc et de chèvre,3,non,out,835983
cornes de boucs,1,non,out,835983
cornes de cerf,262,non,out,835983
cornes de cerf dupié,1,non,out,835983
cornes de cerf en morceaux,12,non,out,835983
cornes de cerf et de snack,23,non,out,835983
cornes de cerf et de snack en morceaux,10,non,out,835983
cornes de fer,1,non,out,835983
cornes de lanternes,6,non,out,835983
cornes de licorne,1,non,out,835983
cornes de mouton,489,non,out,835983
cornes de plate,1,non,out,835983
cornes de rhinocéros,1,non,out,835983
cornes de vache,6,non,out,835983
cornes de verre,3,non,out,835983
cornes plates,35,non,out,835983
cornes plates ou en feuilles,1,non,out,835983
cornes pour manches de couteaux,1,non,out,835983
cornes rondes,2,non,out,835983
cornet de soie,1,non,out,835983
cornichons,63,non,out,835983
cornichons confits,1,non,out,835983
cornichons confits au vinaigre,1,non,out,835983
coroas,1,non,out,835983
corodarix,1,non,out,835983
corode,2,non,out,835983
corps d'arbre,13,non,out,835983
corps d'arbre bruts,55,non,out,835983
corps d'arbre de 20 à 30 pieds,121,non,out,835983
corps d'arbre de 30 à 40 pieds,82,non,out,835983
corps d'arbre de 40 à 50 pieds,10,non,out,835983
corps d'arbre de 50 à 60 pieds,4,non,out,835983
corps d'arbre en dessous de 20 pieds,81,non,out,835983
corps d'arbre réduits en pieds de gittes,96,non,out,835983
corps d'enfant,1,non,,41540
corps de femme,1,non,out,835983
corps de fille,1,non,out,835983
corps de jupes,9,non,out,835983
corps piqué,1,non,out,835983
corps piqué de jupes,1,non,out,835983
cors de chasse,4,non,out,835983
cors de chasse et trompettes,37,non,out,835983
cors serinettes serpent trompettes,3,non,out,835983
cors serinettes trombones trompettes,2,non,out,835983
corsane,2,non,out,835983
corsets,1,non,out,835983
corsets baleinés,3,non,out,835983
corsets brodés en soie,1,non,out,835983
corsets de demitte,9,non,out,835983
corsets de toile,2,non,out,835983
cortillaterie,4,non,out,835983
corty,1,non,out,835983
corvos,0,non,out,835983
cosmétiques divers pâtes poudres et savons parfumés etc.,2,non,out,835983
costus,9,non,out,835983
costus doux,5,non,out,835983
costus verus,1,non,out,835983
coteaux flamands,1,non,out,835983
cotenis,1,non,out,835983
côtes de baleine,5,non,out,835983
côtes de tabac,8,non,,41540
cotillon de toile piquée,1,non,out,835983
coton,2804,non,out,835983
coton ???,1,non,out,835983
coton à broder,2,non,out,835983
coton autres de Méditerranée,0,non,out,835983
coton autres de Turquie,1,non,out,835983
coton autres longue soie,1,non,out,835983
coton bleu,1,non,out,835983
coton brut et fil de coton,45,non,out,835983
coton brut et fil de coton des Îles,1,non,out,835983
coton brut et fil de coton étranger,2,non,out,835983
coton cardé,16,non,out,835983
coton courte soie,13,non,out,835983
coton courte soie des entrepôts,0,non,out,835983
coton d'espars,1,non,,41540
coton de laine,41,non,out,835983
coton de Malte,1,non,out,835983
coton de retour,1,non,,41540
coton de Senirre,1,non,out,835983
coton de Smyrne,1,non,out,835983
coton des colonies françaises,1,non,out,835983
coton des Îles et des Indes,4,non,out,835983
coton des Indes,14,non,out,835983
coton du Brésil,1,non,,41540
coton du Levant,65,non,,41540
coton en balles et toile,7,non,out,835983
coton en feuilles cardées et gommées ouates,2,non,out,835983
coton en fil,1,non,out,835983
coton en laine,1541,oui,out,835983
coton en laine de retour,1,oui,out,835983
coton en laine des Indes,1,oui,out,835983
coton en laine du Brésil,1,oui,out,835983
coton en laine du Levant,48,oui,out,835983
coton en ouate,5,non,out,835983
coton en rames,18,non,out,835983
coton en rames et fil de coton,26,non,out,835983
coton imprimé,1,non,out,835983
coton longue soie,12,non,out,835983
coton longue soie des entrepôts,0,non,out,835983
coton par Dunkerque,1,non,out,835983
coton rouge,2,non,out,835983
coton sitz et mousseline,1,non,out,835983
coton sitz et mousseline en balles,1,non,out,835983
coton soufré,80,non,out,835983
coton teint,11,non,out,835983
cotonelle de coton,2,non,out,835983
cotonille,34,non,out,835983
cotonille bleue,1,non,out,835983
cotonis,7,non,out,835983
cotonis rayé,1,non,out,835983
cotonnades,138,non,out,835983
cotonnades à peu de soie,1,non,out,835983
cotonnades bleues,1,non,out,835983
cotonnades châles,11,non,out,835983
cotonné de coton,84,non,out,835983
cotonnée,162,non,out,835983
cotonnette,12,non,out,835983
cotonnine,53,non,out,835983
cotonnine anglaise,1,non,out,835983
cotonnine bleue,1,non,out,835983
cotons autres courte soie,1,non,out,835983
cotte,1,non,out,835983
cou salé,2,non,out,835983
couchette,1,non,out,835983
couchette garnie,1,non,out,835983
coudre bleue,1,non,out,835983
coüetis,4,non,out,835983
couettes,1,non,out,835983
couffins,15,non,out,835983
couffins à boulanger,76,non,out,835983
couffins d'auf,8,non,out,835983
couffins d'auf petits,1,non,out,835983
couffins d'espars,40,non,out,835983
couffins d'osier,2,non,out,835983
couffins de jonc,2,non,out,835983
couffins de palme,61,non,out,835983
couffins de palme petits,1,non,out,835983
couffins petits,2,non,out,835983
coulements de terre,3,non,out,835983
coules de fer,2,non,out,835983
couleurs,94,non,out,835983
couleurs à peindre,3,non,out,835983
couleurs autrement préparées,2,non,out,835983
couleurs composées,5,non,out,835983
couleurs et huile,1,non,out,835983
couleurs et teinture fabriquées,19,non,out,835983
couleurs et teinture préparées,78,non,out,835983
couleurs préparées,2,oui,out,835983
couleurs préparées à l'huile,2,non,out,835983
couleurs rouges,1,non,out,835983
couleurs vertes,1,non,out,835983
coupe noire,1,non,out,835983
couperon,5,oui,out,835983
couperon verte,1,oui,out,835983
couperose,1221,non,out,835983
couperose blanche,49,non,out,835983
couperose bleue,2,non,out,835983
couperose et vermillon,6,non,out,835983
couperose verte,282,non,out,835983
coupes,2,non,out,835983
coupes de bois,1,non,out,835983
coupes de cuivre,4,non,out,835983
coupes de fer-blanc,1,non,out,835983
coupier,1,non,out,835983
coupis,139,non,out,835983
coupis des Indes,1,non,out,835983
couplets de cuivre,1,non,out,835983
coupon de toile,1,non,out,835983
coups,1,non,out,835983
courbes,7,non,out,835983
courbes de bois,1,non,out,835983
courbes de chêne,1,non,out,835983
courbes de chêne de 9 pieds,1,non,,41540
courbes de chêne pour bâtir,0,non,out,835983
courbes de fer,1,non,out,835983
courbes de mauvais bois,1,non,out,835983
courbes de sapin de 4 à 5 pieds,1,non,out,835983
courgousson,4,non,out,835983
courroies,9,non,out,835983
courroies de bœuf jeux,1,oui,out,835983
courroies de fusils,12,non,out,835983
courroies pour bœuf,5,non,out,835983
courtepointe,205,non,out,835983
courtepointe d'indienne,1,non,out,835983
courtepointe de coton,1,non,out,835983
courtepointe de coton d'Angleterre,1,non,out,835983
courtepointe de toile,1,non,out,835983
courtepointe de toile peinte,2,non,out,835983
courtepointe jupes et vestes de toile peinte,2,non,out,835983
coussin,1,non,out,835983
coussin à faire dentelle,3,non,out,835983
coussin d'espars,8,non,out,835983
coussin de palme,3,non,out,835983
coussin de serge,1,non,out,835983
cousus,1,non,out,835983
couteaux,408,non,out,835983
couteaux à couper paille et pour tanneurs,12,non,out,835983
couteaux à deux manches,1,non,out,835983
couteaux à gaine,18,non,out,835983
couteaux à hacher la paille,1,non,out,835983
couteaux à indigo,15,non,out,835983
couteaux à manches de bois,2,non,out,835983
couteaux à manches de faïence,1,non,out,835983
couteaux à manches de forme,1,non,out,835983
couteaux à manches de gaïac,3,non,out,835983
couteaux à manches de porcelaine,1,non,out,835983
couteaux à manches longs,1,non,out,835983
couteaux à nègre,15,non,out,835983
couteaux à tanneurs,1,non,out,835983
couteaux à virole d'argent,2,non,out,835983
couteaux avec leurs gaines,1,non,out,835983
couteaux communs,264,non,out,835983
couteaux de Caen,1,non,,41540
couteaux de chasse,10,non,out,835983
couteaux de chasse et épée et sabres,105,non,out,835983
couteaux de chasse et sabres,1,non,,41540
couteaux de Flandre,1,non,out,835983
couteaux de gaïac,2,non,out,835983
couteaux de gazat,1,oui,out,835983
couteaux de guerre,1,non,out,835983
couteaux de tables,16,non,out,835983
couteaux de tables avec leurs étuis,1,non,,41540
couteaux de tables communs,1,oui,out,835983
couteaux de traite,1,non,out,835983
couteaux en gaine,1,non,out,835983
couteaux fins,1,non,out,835983
couteaux flamands,142,non,out,835983
couteaux flamands pour l'entrepôt à la destination de Guinée,1,non,out,835983
couteaux garnis en argent,6,non,out,835983
coutelas,15,non,out,835983
coutellerie,89,non,out,835983
coutellerie commune,11,non,out,835983
coutellerie de bois,12,non,out,835983
coutellerie de traite,2,non,out,835983
coutil,806,non,out,835983
coutil 2479 lignes,1,non,out,835983
coutil à lit,10,non,out,835983
coutil à meubles,1,non,out,835983
coutil chiné,1,non,out,835983
coutil de fil,1,non,out,835983
coutil de Hollande,3,non,out,835983
coutil en coupon,1,non,,41540
coutil en pièces de 10 aunes,1,non,,41540
couvercles de fer,6,non,out,835983
couvercles de fer de marmites,1,non,out,835983
couvertes d'étoupes,133,non,out,835983
couvertes d'étoupes de laine,3,non,out,835983
couvertes de laine,169,non,out,835983
couvertes de lisières,9,non,out,835983
couvertes de loques,3,non,out,835983
couvertes pour mulets,1,non,out,835983
couverts de vermeille,1,non,,41540
couverture de Lille,2,non,,41540
couvertures,102,non,out,835983
couvertures à nègre,40,non,out,835983
couvertures blanches peignées,1,non,out,835983
couvertures chinée de laine,1,oui,,41540
couvertures communes,1,non,out,835983
couvertures communes de laine,2,non,out,835983
couvertures d'Elbeuf,1,non,out,835983
couvertures d'étoupes,17,non,out,835983
couvertures d'indienne,18,non,out,835983
couvertures de,0,non,,41540
couvertures de B ???,1,non,out,835983
couvertures de Bazal,1,non,out,835983
couvertures de bourre,3,non,out,835983
couvertures de bourre de soie,4,non,out,835983
couvertures de capiton,8,non,out,835983
couvertures de castalogne,1,non,out,835983
couvertures de coton,246,non,out,835983
couvertures de coton de lit,1,non,out,835983
couvertures de coton et de fil,70,non,out,835983
couvertures de coton et de soie,2,non,out,835983
couvertures de coton fines,1,non,,41540
couvertures de crin,0,non,out,835983
couvertures de fil,3,non,out,835983
couvertures de filoselle,12,non,out,835983
couvertures de fleur,2,non,out,835983
couvertures de fleuret,2,non,out,835983
couvertures de gros basin,1,non,out,835983
couvertures de laine,1060,non,out,835983
couvertures de laine à nègre,1,non,out,835983
couvertures de laine commune,2,non,out,835983
couvertures de laine de bourre,1,non,out,835983
couvertures de laine de Montpellier,1,non,out,835983
couvertures de laine et de coton,19,non,out,835983
couvertures de laine fine,1,non,out,835983
couvertures de laine ordinaire,1,non,out,835983
couvertures de Languedoc,2,non,out,835983
couvertures de lit,1,non,out,835983
couvertures de lit de fil et coton,1,non,out,835983
couvertures de lit en satin,2,non,,41540
couvertures de lit en satin brodé,2,non,,41540
couvertures de loquette,1,non,out,835983
couvertures de Montpellier,3,non,out,835983
couvertures de mulets,4,non,out,835983
couvertures de placy,6,non,out,835983
couvertures de plocq,72,non,out,835983
couvertures de Rouen,4,non,out,835983
couvertures de satin,2,non,out,835983
couvertures de soie,5,non,out,835983
couvertures de toile peinte,2,non,out,835983
couvertures de ville,1,non,out,835983
couvertures dites pagnes,1,non,out,835983
couvertures diverses,5,oui,,41540
couvertures drap et étoffe de laine,3,oui,out,835983
couvertures du Béarn,4,non,out,835983
couvertures du Levant,1,non,out,835983
couvertures et tapis de coton,2,non,out,835983
couvertures et tapis de fleuret,1,non,out,835983
couvertures et tapis de poil,2,non,out,835983
couvertures et tapis et tapisserie de laine,27,non,out,835983
couvertures et tapisseries de laine,27,non,out,835983
couvertures fil et coton,1,non,,41540
couvertures filets et coton,1,oui,out,835983
couvertures grandes,3,non,out,835983
couvertures grandes de laine,3,non,out,835983
couvertures grosses de laine,3,non,out,835983
couvertures grossières,1,non,out,835983
couvertures ordinaires,1,non,out,835983
couvertures peintes,1,non,out,835983
couvertures petites,2,non,out,835983
couvertures petites de laine,2,non,out,835983
couvertures pour chevaux,5,non,out,835983
couvertures pour nuque,1,non,out,835983
couvertures rayées,1,non,,41540
couvertures vieilles,2,non,,41540
crabes et crevettes,11,non,,41540
crabes et geernaerts,1,oui,out,835983
crabes et limaçons,56,non,out,835983
craie,191,non,out,835983
craie blanche,164,non,out,835983
craie de Besançon,3,non,out,835983
craie et blanc d'Espagne et ocre jaune et rouge,34,non,out,835983
craie et ocre et brun et rouge,31,non,out,835983
craie noire,5,non,out,835983
craie rouge,7,non,out,835983
crane de cire,1,oui,out,835983
crane de graine,1,oui,out,835983
crapaudines,2,non,out,835983
crapaudines de cuivre,1,non,out,835983
crapaudines de fer,1,non,out,835983
crapaudines de fonte,9,non,out,835983
crapaudines de fonte de fer,4,non,out,835983
crapaudines de potin,1,non,out,835983
crasse,1,non,out,835983
crasse d'alquifoux,1,non,out,835983
crasse d'amidon,1,non,out,835983
crasse d'huile,71,non,out,835983
crasse d'huile d'olive,1,non,out,835983
crasse de beurre,1,non,out,835983
crasse de cire,66,non,out,835983
crasse de fer,2,non,out,835983
crasse de graisse,2,non,out,835983
crasse de plomb,1,non,out,835983
crasse de soufre,2,non,out,835983
crasse de suif,3,non,out,835983
crasse de tan,1,non,out,835983
crasse de toile,1,non,out,835983
cravates,6,non,out,835983
cravates de coton et mouchoirs de coton,11,non,out,835983
cravates de soie noire,5,non,out,835983
cravates de taffetas noir,2,non,out,835983
cravates noires,4,non,out,835983
crayons,96,non,out,835983
crayons composés et communs,4,non,out,835983
crayons composés et communs pour métiers,1,non,out,835983
crayons composés et fins,4,non,out,835983
crayons composés et fins pour les arts,1,non,out,835983
crayons d'Allemagne,9,non,out,835983
crayons de bois,2,non,out,835983
crayons de pastel,21,non,out,835983
crayons et craie,16,non,out,835983
crayons fins de pastel,0,non,out,835983
crayons fins de pastel et laque et lack-lack des Indes,21,non,out,835983
crayons noirs,10,non,out,835983
crayons rouges,93,non,out,835983
crayons simples de pierre,5,non,out,835983
crème,2,non,out,835983
crème de tartre,610,non,out,835983
crêpe,10,non,out,835983
crêpe d'Alençon,1,non,,41540
crêpe de laine,87,non,out,835983
crêpe de laine aune,1,oui,out,835983
crêpe de laine de Reims,11,non,,41540
crêpe de Reims,3,non,out,835983
crêpe de soie,24,non,out,835983
crêpe et crépon,3,non,out,835983
crêpe et étoffe et gaze et passementerie et ruban de soie,23,non,out,835983
crêpe et étoffe et passementerie et ruban de soie,11,non,out,835983
crêpe et gaze et mouchoirs,6,non,out,835983
crêpe et gaze et tulle,29,non,out,835983
crêpe et gaze et tulle de soie,146,non,out,835983
crêpe gaze et tulle de soie,2,oui,,41540
crêpe noir,1,non,out,835983
crêpe pour chapeaux,38,non,out,835983
crépine de soie,1,non,out,835983
crépon,10,non,out,835983
crépon de laine,6,non,out,835983
crêpure de filoselle,1,non,out,835983
creusets,173,non,out,835983
creusets d'Allemagne,1,non,out,835983
creusets d'orfèvre,4,non,out,835983
creusets de grès,1,non,out,835983
creusets de mine de plomb,1,non,out,835983
creusets de terre,18,non,out,835983
creusets de terre cuite,8,non,out,835983
creusets et figures de pierre,11,non,out,835983
crevette,42,non,,41540
cribles,57,non,out,835983
cribles à blé,1,non,out,835983
cribles de bois,2,non,out,835983
cribles de fil de laiton,1,non,out,835983
cribles de laiton à café,1,non,out,835983
cribles et bluteaux de moulins,5,non,out,835983
cribles petits,1,non,out,835983
criblon,1,non,,41540
crics,60,non,out,835983
crics de fer,35,non,out,835983
crics de fer de navire,1,non,,41540
crin,900,non,out,835983
crin à cordonnier,1,non,out,835983
crin à pêcher,1,non,out,835983
crin apprêté,5,non,out,835983
crin apprêté et frisé,5,non,out,835983
crin brut,18,non,out,835983
crin brut de cheval,1,non,out,835983
crin de cheval,220,non,out,835983
crin de cheval griporé,1,non,out,835983
crin de chèvre,1,non,out,835983
crin frisé,86,non,out,835983
crin plan,1,non,out,835983
crin plat,18,non,out,835983
crin pour habit d'homme,1,non,out,835983
crin pour la Compagnie des Indes,1,non,out,835983
crin tanné,2,non,out,835983
crin vieux,1,non,out,835983
crinières,2,non,out,835983
crise,1,non,out,835983
cristal,252,non,out,835983
cristal brut,17,non,out,835983
cristal cru,27,non,out,835983
cristal d'office,14,non,out,835983
cristal de roche,4,non,out,835983
cristal de roche brut,1,non,out,835983
cristal de Rouen,2,non,out,835983
cristal de tartot,1,non,out,835983
cristal de tartre,22,non,out,835983
cristal et verres à boire à vitre,2,non,out,835983
cristal fondu,1,non,out,835983
cristal minéral,4,non,out,835983
cristal taillé,65,non,out,835983
cristallin,3,non,out,835983
cristaux,4,non,out,835983
croc,1,non,out,835983
croc de fer à morue,1,non,out,835983
crochets de bois,2,non,out,835983
crochets de fer,2,non,out,835983
crocus,2,non,out,835983
croisé de coton,1,non,out,835983
croisé noir,1,non,out,835983
croisière de douane,1,oui,,41540
croisière de la Ferme générale,5,non,,41540
croix à pierres fausses,2,non,out,835983
croix d'argent,4,non,out,835983
croix d'argent neuve,1,non,out,835983
croix d'argent pour église,1,non,out,835983
croix d'ivoire,2,non,out,835983
croix d'or,1,non,out,835983
croix de cuivre,2,non,out,835983
croix de cuivre argenté,1,non,out,835983
croix de grenat,1,non,out,835983
croix de gresse,1,non,out,835983
crons et débris de maison,82,non,out,835983
cruche de terre,1,non,,41540
cruches,3,non,out,835983
cruches de Cologne,1,non,out,835983
cruches de fer,2,non,out,835983
cruches de grès,32,non,out,835983
cruches de terre,13,non,out,835983
crucifix,1,non,out,835983
crucifix de bronze,1,non,out,835983
crucifix de marbre,1,non,out,835983
crustas,1,non,out,835983
cubeber,15,non,out,835983
cuillères à canons,1,non,out,835983
cuillères à sucre,5,non,out,835983
cuillères de bois,31,non,out,835983
cuillères de bois pour pots,2,non,out,835983
cuillères de buis,5,non,out,835983
cuillères de fer,29,non,out,835983
cuillères de laiton,3,non,out,835983
cuillères et fourches d'argent,1,non,out,835983
cuillères et fourchettes de cuivre argenté,3,non,out,835983
cuirasses,2,non,out,835983
cuireaux de mouton à faire colle,2,non,out,835983
cuirs,192,non,out,835983
cuirs ??? en poil,1,non,out,835983
cuirs à pompe,5,non,out,835983
cuirs à semelle,1,non,out,835983
cuirs à soutirer le vin,1,non,out,835983
cuirs apprêtés,310,non,out,835983
cuirs apprêtés de bœuf en poil,2,non,out,835983
cuirs apprêtés de vache,8,non,out,835983
cuirs avariés tannés,1,non,out,835983
cuirs bannettes secs en poil,1,non,out,835983
cuirs blancs,1,non,out,835983
cuirs bruts,1,non,out,835983
cuirs bruts tannés,1,non,out,835983
cuirs cannelés,4,non,out,835983
cuirs cordés,1,non,,41540
cuirs corroyés,14,non,out,835983
cuirs corroyés de vache,129,non,out,835983
cuirs corroyés et tannés,1,non,out,835983
cuirs crus et à poil,118,non,out,835983
cuirs d'Amérique d'Afrique et de Barbarie en poil,1,non,out,835983
cuirs d'Andrinople,2,non,out,835983
cuirs d'âne,14,non,out,835983
cuirs d'âne en poil,15,non,out,835983
cuirs d'âne tannés,2,non,out,835983
cuirs d'empeignes,1,non,out,835983
cuirs d'Espagne,2,non,out,835983
cuirs d'Espagne dit maroquin,104,non,,41540
cuirs d'Espagne dit maroquins,104,oui,out,835983
cuirs d'Inde,2,non,out,835983
cuirs d'Irlande,2,non,out,835983
cuirs de ??? de poil,1,non,out,835983
cuirs de bœuf,33,non,out,835983
cuirs de bœuf ???,1,non,,41540
cuirs de bœuf apprêtés,35,non,out,835983
cuirs de bœuf apprêtés demi pièce,1,non,out,835983
cuirs de bœuf apprêtés et tannés,1,non,out,835983
cuirs de bœuf au poil,2,non,out,835983
cuirs de bœuf avariés tannés,1,non,,41540
cuirs de bœuf corroyés,11,non,out,835983
cuirs de bœuf d'Illinois,1,non,out,835983
cuirs de bœuf de Russie,1,non,out,835983
cuirs de bœuf en poil,1299,non,out,835983
cuirs de bœuf en poil et cuirs de vache en poil,11,non,out,835983
cuirs de bœuf en poil et secs,6,non,out,835983
cuirs de bœuf en poil et verts,2,non,out,835983
cuirs de bœuf en poil tannés,1,non,out,835983
cuirs de bœuf en poil têtes,10,non,out,835983
cuirs de bœuf en poils,1,non,,41540
cuirs de bœuf et vache apprêtés,1,non,out,835983
cuirs de bœuf et vache tannés,6,non,,41540
cuirs de bœuf ou vache,8,non,out,835983
cuirs de bœuf passés en Hongrie,3,non,out,835983
cuirs de bœuf salé,3,non,out,835983
cuirs de bœuf secs,8,non,out,835983
cuirs de bœuf tannés,928,non,out,835983
cuirs de bœuf tannés entiers,3,non,,41540
cuirs de bœuf tannés et cuir de vache tannés,2,oui,out,835983
cuirs de bœuf verts,5,non,out,835983
cuirs de buffle,2,non,out,835983
cuirs de buffle en lest,1,non,,41540
cuirs de buffle en poil,9,non,out,835983
cuirs de buffletin,1,non,out,835983
cuirs de cerf en poil,1,non,out,835983
cuirs de cheval,9,non,out,835983
cuirs de cheval en poil,46,non,out,835983
cuirs de cheval tanné,1,non,out,835983
cuirs de cheval tannés,97,non,out,835983
cuirs de chèvre en poil,1,non,out,835983
cuirs de chevreau,1,non,out,835983
cuirs de fer et en poil,1,non,out,835983
cuirs de génisse,31,non,out,835983
cuirs de génisse corroyés,123,non,out,835983
cuirs de génisse en poil,9,non,out,835983
cuirs de génisse tannés,9,non,out,835983
cuirs de Hollande,1,non,,41540
cuirs de Hongrie,38,non,out,835983
cuirs de jument tannés,1,non,out,835983
cuirs de loup,1,non,out,835983
cuirs de moscovie,4,non,out,835983
cuirs de mule en poil,1,non,out,835983
cuirs de poil,3,non,out,835983
cuirs de poil en peaux,1,non,,41540
cuirs de poil et salés,2,non,out,835983
cuirs de Prusse,4,non,out,835983
cuirs de Russie,628,non,out,835983
cuirs de Russie de vache,41,non,out,835983
cuirs de Russie en peaux,1,non,,41540
cuirs de Sardaigne de vache,1,non,out,835983
cuirs de secs en poil,1,non,out,835983
cuirs de Turquie,2,non,out,835983
cuirs de vache,40,non,out,835983
cuirs de vache ??,1,non,,41540
cuirs de vache accoutrées,1,non,out,835983
cuirs de vache apprêtés,7,non,out,835983
cuirs de vache en longe,1,non,,41540
cuirs de vache en poil,6,non,out,835983
cuirs de vache lissés,16,non,out,835983
cuirs de vache passés,1,non,out,835983
cuirs de vache petits,1,non,out,835983
cuirs de vache tannés,3,non,out,835983
cuirs divers,4,oui,,41540
cuirs dorés,138,non,out,835983
cuirs dorés vieux,2,non,out,835983
cuirs du Portugal,1,non,,41540
cuirs en basanes,2,non,out,835983
cuirs en bassin,1,non,out,835983
cuirs en blanc,2,non,out,835983
cuirs en bœuf verts,1,non,out,835983
cuirs en croûte,2,non,out,835983
cuirs en croûte de vache,25,non,out,835983
cuirs en échantillons,1,non,out,835983
cuirs en grains,2,non,out,835983
cuirs en grains de vache,16,non,out,835983
cuirs en lest,41,non,,41540
cuirs en poil,487,non,out,835983
cuirs en poil de vache,300,non,out,835983
cuirs en poil salés verts,1,non,out,835983
cuirs en poil tannés,5,non,out,835983
cuirs en poil teints fallon,1,non,out,835983
cuirs en poil verts,56,non,out,835983
cuirs en retail,2,non,out,835983
cuirs en rognures,2,non,out,835983
cuirs en rosette,1,non,out,835983
cuirs en têtes,1,non,out,835983
cuirs et peaux de bœuf et de vache apprêté,54,non,out,835983
cuirs et peaux non apprêtés,18,non,out,835983
cuirs fins en poil,1,non,out,835983
cuirs forts,6,non,out,835983
cuirs forts tannés,23,non,out,835983
cuirs forts tannés entiers,1,non,,41540
cuirs génisse corroyés,1,non,out,835983
cuirs gras,1,non,out,835983
cuirs jaunes,9,non,out,835983
cuirs neufs,1,non,,41540
cuirs non apprêtés,134,non,out,835983
cuirs passés en blanc,1,non,out,835983
cuirs petits des Indes en poil,1,non,out,835983
cuirs petits en poil,2,non,out,835983
cuirs porcs,1,non,out,835983
cuirs pour bottes,1,non,out,835983
cuirs pour semelles,10,non,out,835983
cuirs pour soufflets,20,non,out,835983
cuirs pour souliers,1,non,out,835983
cuirs restants,1,non,out,835983
cuirs rouges,2,non,out,835983
cuirs salés,24,non,out,835983
cuirs salés en poil,56,non,out,835983
cuirs salés verts,7,non,out,835983
cuirs secs,11,non,out,835983
cuirs secs en poil,242,non,out,835983
cuirs secs en poil de vache,1,non,out,835983
cuirs secs en poil des Îles,1,non,out,835983
cuirs secs et salés,4,non,out,835983
cuirs secs et tannés,1,non,out,835983
cuirs tannées forts,0,non,out,835983
cuirs tannés,374,non,out,835983
cuirs tannés de vache,475,non,out,835983
cuirs tannés de veau,6,non,,41540
cuirs tannés en peaux,1,non,,41540
cuirs tannés et en poil de vache,2,non,,41540
cuirs tannés pour empeignes,239,non,out,835983
cuirs tannés pour semelles,158,non,out,835983
cuirs testaux,5,non,out,835983
cuirs tissés de vache,4,non,out,835983
cuirs verts,10,non,out,835983
cuirs vieux,6,non,out,835983
cuisses,4,non,out,835983
cuisses d'oie,229,non,out,835983
cuisses d'oie à la daube,1,non,out,835983
cuisses d'oie en adobe,10,non,out,835983
cuisses d'oie salées,19,non,out,835983
cuivre,1193,non,out,835983
cuivre à lessive,1,non,out,835983
cuivre à mitraille,1,non,out,835983
cuivre à monnayer rouge,2,non,out,835983
cuivre allié argenté battu laminé ou tiré,4,non,out,835983
cuivre allié argenté filé sur fil,2,non,out,835983
cuivre allié battu doré laminé et tiré,2,non,out,835983
cuivre allié battu doré laminé ou tiré,2,non,out,835983
cuivre allié bronze en masse,2,non,out,835983
cuivre allié d'étain,3,non,out,835983
cuivre allié d'étain brut,1,non,out,835983
cuivre allié doré filé sur fil,4,non,out,835983
cuivre allié doré filé sur soie,1,non,out,835983
cuivre allié et ouvré dont estagnons contenant des liquides,2,non,out,835983
cuivre allié ouvré,1,non,out,835983
cuivre allié ouvré autrement que battu filé laminé ou tiré,2,non,out,835983
cuivre argenté,10,non,out,835983
cuivre argenté battu laminé ou tiré,3,non,out,835983
cuivre argenté et doré,3,oui,out,835983
cuivre argenté et doré et plaqué,37,oui,out,835983
cuivre argenté flambeaux,1,non,out,835983
cuivre argenté ouvré simple,1,non,,41540
cuivre battu,158,non,out,835983
cuivre battu brut,2,non,,41540
cuivre battu laminé,1,non,out,835983
cuivre battu ou laminé à toutes destinations,1,non,out,835983
cuivre blanc,1,non,,41540
cuivre bronzé,1,non,out,835983
cuivre brun,19,non,out,835983
cuivre brun et cuivre rouge,8,non,out,835983
cuivre brut,468,non,out,835983
cuivre brut en pain,1,non,out,835983
cuivre brut et rouge,12,non,out,835983
cuivre brut vieux,7,non,,41540
cuivre clous,1,non,out,835983
cuivre commun,1,non,out,835983
cuivre coulé en barres ou plaques régulières,1,non,out,835983
cuivre cru,3,non,out,835983
cuivre cru en blocs,68,non,out,835983
cuivre cru en masses,4,non,out,835983
cuivre cru ou en plates,4,non,out,835983
cuivre d'argent et doré,1,oui,out,835983
cuivre de fer,2,non,out,835983
cuivre de fer en poids,0,non,out,835983
cuivre de fourrure,2,non,out,835983
cuivre de Namur,2,non,out,835983
cuivre de pompe,1,non,out,835983
cuivre de retour,1,non,,41540
cuivre de Russie,1,non,out,835983
cuivre doré,79,non,out,835983
cuivre doré battu filé laminé ou tiré,2,non,out,835983
cuivre doré battu laminé ou tiré,1,non,out,835983
cuivre en bassin estagons neptune,2,non,,41540
cuivre en fond et rouge,1,non,out,835983
cuivre en fonte,1,non,out,835983
cuivre en masse brut mitraille et vieux,1,non,out,835983
cuivre en masse brut ou rouge,1,non,out,835983
cuivre en mitraille et vieux,10,non,out,835983
cuivre en pain,34,non,out,835983
cuivre en planches feuilles ouvré,5,non,,41540
cuivre en plane,1,non,out,835983
cuivre en plats,1,non,out,835983
cuivre en potasse,1,non,out,835983
cuivre en rouleau,2,non,out,835983
cuivre en saumon,1,non,,41540
cuivre en saumons,1,oui,out,835983
cuivre en toupe,1,non,out,835983
cuivre en verdet,1,non,out,835983
cuivre et airain ouvré,1,non,out,835983
cuivre et bronze et laiton,160,non,out,835983
cuivre et pièces de cuivre,1,non,out,835983
cuivre et potin gris,6,non,out,835983
cuivre fer plomb,1,non,out,835983
cuivre forgé,2,non,out,835983
cuivre jaune,104,non,out,835983
cuivre jaune avec calamine,3,non,out,835983
cuivre jaune brun,1,non,out,835983
cuivre jaune brut,10,non,out,835983
cuivre jaune en fourrure,1,non,out,835983
cuivre jaune et rouge,9,non,out,835983
cuivre jaune fondu,7,non,out,835983
cuivre jaune non ouvré,2,non,out,835983
cuivre laiton,1,non,out,835983
cuivre laminé,1,non,out,835983
cuivre neuf,41,non,out,835983
cuivre non ouvré,1,non,out,835983
cuivre non ouvré rouge,2,non,out,835983
cuivre peigné,1,non,,41540
cuivre potier,1,non,out,835983
cuivre pur battu ou laminé,7,non,out,835983
cuivre pur coulé en barres et plaques,2,non,out,835983
cuivre pur coulé en barres et plaques régulières,1,non,out,835983
cuivre pur coulé en masses brutes,5,non,out,835983
cuivre pur en barres et plaques régulières,1,non,out,835983
cuivre pur en masses brutes,2,non,out,835983
cuivre rompu,10,non,out,835983
cuivre rosette,3,non,out,835983
cuivre rouge,127,non,out,835983
cuivre rouge brut,1,non,out,835983
cuivre rouge cru ou en bloc pour Namur,2,non,out,835983
cuivre rouge en chaudière,4,non,out,835983
cuivre rouge neuf,4,non,out,835983
cuivre satin,1,non,out,835983
cuivre sur poil,1,non,out,835983
cuivre tangoul,418,non,out,835983
cuivre vieux,529,non,out,835983
cuivrerie,37,non,out,835983
culotte en chemise de toile à nègre,1,oui,,41540
culotte en chemises de toile à nègre,1,non,,41540
culottes,69,non,out,835983
culottes à nègre,1,non,out,835983
culottes d'étamine,1,non,out,835983
culottes de bouras,2,non,out,835983
culottes de chamois,8,non,out,835983
culottes de chamois garnies de boutons d'argent,1,non,out,835983
culottes de cotonnades,2,non,out,835983
culottes de coutil,2,non,out,835983
culottes de daim,5,non,out,835983
culottes de drap,1,non,out,835983
culottes de fil,1,non,out,835983
culottes de laine,1,non,out,835983
culottes de laine tricotées,2,non,out,835983
culottes de mouton,2,non,out,835983
culottes de panne,2,non,out,835983
culottes de panne ciselée,1,non,out,835983
culottes de peau,122,oui,out,835983
culottes de peau d'élan,1,oui,out,835983
culottes de peau de daim,4,oui,out,835983
culottes de peau de mouton,4,oui,out,835983
culottes de peaux,126,non,out,835983
culottes de peaux d'élan,1,non,,41540
culottes de peaux de daim,4,non,,41540
culottes de peaux de mouton,4,non,,41540
culottes de siamoise,1,non,out,835983
culottes de soie,1,non,out,835983
culottes de toile,19,non,out,835983
culottes de velours,1,non,out,835983
culottes de velours de gueux,1,non,out,835983
culottes piquées,1,non,,41540
culs d'artichaut,12,non,out,835983
cumin,376,non,out,835983
cunier,1,non,out,835983
cuny,0,non,out,835983
curcuma,202,non,out,835983
curcuma en poudre,7,non,out,835983
curcuma en racine,7,non,out,835983
curcuma en racine des entrepôts,0,oui,out,835983
curcuma en racines des entrepôts,0,non,,41540
curcuma moulu,82,non,out,835983
curiosité coquillage,2,non,out,835983
curiosité naturelle,2,non,out,835983
curlas,2,non,out,835983
curous,0,non,out,835983
curtas,5,non,out,835983
cuscutes luzerne,3,non,out,835983
custar,4,non,out,835983
custas,16,non,out,835983
custres,1,non,out,835983
cuve,7,non,out,835983
cuve à vin,1,non,out,835983
cuveaux,2,non,out,835983
cuvette de faïence,1,non,out,835983
cuvette de fer-blanc,1,non,out,835983
cuvette de grès,1,non,out,835983
cuvettes de marbre ouvré,2,non,out,835983
cuviers,5,non,out,835983
cuviers de terre,14,non,out,835983
cygnes,7,non,out,835983
cygnes en vie,1,non,out,835983
cylindre,5,non,out,835983
cylindre de fer,3,non,out,835983
cymbales,4,non,out,835983
dais,2,non,out,835983
dais ou faux,1,non,out,835983
dais pour église,1,non,out,835983
dalles,5,non,out,835983
damas,95,non,out,835983
damas à carreaux mandarine,2,non,out,835983
damas à frange d'argent,2,non,out,835983
damas broché et rayé,2,non,out,835983
damas brodé,1,non,out,835983
damas commun,1,non,out,835983
damas cramoisi,3,non,out,835983
damas cramoisi de Gênes,1,non,out,835983
damas de 20 aunes,1,non,out,835983
damas de coton et fil,2,non,out,835983
damas de deux couleurs,3,non,out,835983
damas de fil,1,non,out,835983
damas de la Chine,6,non,out,835983
damas de lin,2,non,out,835983
damas de Lucques,1,non,out,835983
damas de Lyon,3,non,out,835983
damas de Pékin,2,non,out,835983
damas de retour,1,non,,41540
damas de retour faute de vente,1,oui,out,835983
Damas de soie,9,oui,out,835983
damas de soie,15,non,out,835983
damas de Tours,2,non,out,835983
damas des Indes,26,non,out,835983
damas faux,1,non,out,835983
damas jaune,2,oui,out,835983
damas noir,1,non,out,835983
damas pour meubles,2,non,out,835983
damas rayé,3,non,out,835983
damas uni,3,non,out,835983
damas vert,2,non,out,835983
damas violet,1,non,out,835983
damasquette,4,non,out,835983
damasquin,1,non,out,835983
damassin,2,non,out,835983
dame-jeannes,352,non,out,835983
dame-jeannes clissées,16,non,out,835983
dame-jeannes clissées et de verres,8,non,out,835983
dame-jeannes cuivré et de verres,1,non,out,835983
dame-jeannes de grès,4,non,out,835983
dame-jeannes de verre,120,non,out,835983
dame-jeannes de verre de 10 pintes,1,non,,41540
dame-jeannes de verre de 4 pots,1,non,out,835983
dame-jeannes garnies d'osier,1,non,out,835983
dame-jeannes non clissées,1,non,out,835983
dame-jeannes vides,16,non,out,835983
damoiselle de bois,1,non,out,835983
darcas,1,non,,41540
dareau de laine,1,non,out,835983
dariabadis,6,non,out,835983
darins,26,non,out,835983
dattes,342,non,out,835983
dattes et pistaches,31,non,out,835983
dattes sèches,12,non,out,835983
dattes secs et prunes sèches,11,non,out,835983
daubes,1,non,out,835983
dauphine,62,non,out,835983
de haut,2,oui,out,835983
de peu de valeur,2,non,out,835983
de tafia,2,non,out,835983
de ville,2,oui,out,835983
débris de pain de graine grasse,1,non,,41540
débris de vaisseaux et vieux ouvrages de charpente,8,non,out,835983
déchets d'animaux et sang de bétail,2,non,out,835983
déchets de laine,8,non,out,835983
déchets de laine bourre lanice tontisse,5,oui,out,835983
déchets de laine entière,1,non,out,835983
déchets de laine lanice,1,non,out,835983
déchets de laine tontisse,1,non,out,835983
déchets de laine tontisse et peine,1,non,,41540
déchets de pierre,4,non,out,835983
déchets de poil (rognures et broissiers),1,non,,41540
déchets et débris tourteaux de graine oléagineuse,1,oui,,41540
décorations pour carrosses,3,non,out,835983
dégras,23,non,out,835983
dégras d'huile,3,non,out,835983
dégras de peau,56,non,out,835983
déjeuner de vermeil,1,non,out,835983
delimineas,1,non,out,835983
demi drap de Glaster,2,non,,41540
demi guinée bleue,1,non,,41540
demi-ancres vides,1,non,,41540
demi-barriques cerclées de fer,1,non,out,835983
demi-camelot,1,non,,41540
demi-cuirs de bœuf tannés,16,non,out,835983
demi-cuirs forts tannés,1,non,,41540
demi-cuirs tannés,7,non,,41540
demi-cuirs tannés de vache,0,non,out,835983
demi-drap de Glaster,2,non,,41540
demi-drap de laine,1,non,,41540
demi-écarlatine,2,non,,41540
demi-guinée,2,non,out,835983
demi-guinée bleue,3,non,out,835983
demi-indienne,1,non,,41540
demi-meules de moulin,1,non,,41540
demi-peaux de chevreuil,1,non,out,835983
demi-perpétuane,1,non,,41540
demi-picotte,1,non,,41540
demi-planches,5,non,out,835983
demi-planches de Prusse,6,non,,41540
demi-planches de sapin,26,non,,41540
demi-planches de sapin de 3 à 4 pieds de long et de 1 pouce d'épaisseur,2,non,,41540
"demi-planches de sapin de 3 à 5 pieds de long et de 1,25 pouce d'épaisseur",2,non,,41540
"demi-planches de sapin de 3 à 5,5 pieds de long et de 1,5 à 1,35 pouce d'épaisseur",3,non,out,835983
demi-poutres,6,non,out,835983
demi-scarlatine,1,non,,41540
demi-serge d'Aumale,1,non,,41540
demi-siamoise,1,non,,41540
demi-soucis,1,non,out,835983
demi-taffetas,1,non,,41540
demitte,201,non,out,835983
demitte et futaine,153,non,,41540
demoiselle,12,non,out,835983
demoiselle de 25 pieds,1,non,,41540
demoiselle de bois,1,non,,41540
demoiselle de sapin,2,non,out,835983
denrées coloniales,17,non,out,835983
denrées coloniales et épicerie,22,non,out,835983
dentelle,331,non,out,835983
dentelle à peu de soie,3,non,out,835983
dentelle blanche,2,non,out,835983
dentelle blonde de soie,1,non,out,835983
dentelle commune,63,non,out,835983
dentelle d'Alençon,1,non,out,835983
dentelle d'Andelys,1,non,out,835983
dentelle d'argent,22,non,out,835983
dentelle d'argent et d'or,62,non,out,835983
dentelle d'argent et d'or faux,2,non,out,835983
dentelle d'argent faux,5,non,out,835983
dentelle d'argent fin,6,non,out,835983
dentelle d'or,8,non,out,835983
dentelle d'or et d'argent,12,non,out,835983
dentelle d'or et d'argent faux,3,non,out,835983
dentelle d'or et d'argent fin,5,non,out,835983
dentelle d'or faux,4,non,out,835983
dentelle d'or fin,8,non,out,835983
dentelle de Bretagne,2,non,out,835983
dentelle de Caen,24,non,out,835983
dentelle de chanvre et de lin,8,non,out,835983
dentelle de coton et blonde de coton,18,non,out,835983
dentelle de Dieppe,1,non,out,835983
dentelle de fer,1,non,out,835983
dentelle de fil,462,non,out,835983
dentelle de fil 2 lignes,1,non,out,835983
dentelle de fil blanc,333,non,out,835983
dentelle de fil blanc commune,1,non,out,835983
dentelle de fil blanc de Lille,1,non,out,835983
dentelle de fil commune,71,non,out,835983
dentelle de fil d'Alençon,1,non,out,835983
dentelle de fil d'or faux,1,non,out,835983
dentelle de fil d'or fin,2,non,out,835983
dentelle de fil de ??? et Reims,2,non,out,835983
dentelle de fil de Bergame,1,non,out,835983
dentelle de fil de Caen,9,non,out,835983
dentelle de fil de crin,2,non,out,835983
dentelle de fil de Flandre,10,non,out,835983
dentelle de fil de laine,1,non,out,835983
dentelle de fil de lin,1,non,out,835983
dentelle de fil de Normandie,4,non,out,835983
dentelle de fil de soie,5,non,out,835983
dentelle de fil de Valenciennes,3,non,,41540
dentelle de fil dorure d'argent,2,non,out,835983
dentelle de fil du Puy,70,non,out,835983
dentelle de fil du Puy et ???,2,non,out,835983
dentelle de fil et de soie,10,oui,out,835983
dentelle de fil et soie,61,non,out,835983
dentelle de fil et tulle,31,non,out,835983
dentelle de fil et Valenciennes,3,oui,out,835983
dentelle de fil fine,24,non,out,835983
dentelle de fil grossière,37,non,,41540
dentelle de Flandre,10,non,out,835983
dentelle de France,2,non,out,835983
dentelle de gaze,1,non,out,835983
dentelle de Gisors,2,non,out,835983
dentelle de Lille,2,non,out,835983
dentelle de Malines,3,non,out,835983
dentelle de Normandie,2,non,out,835983
dentelle de pays,2,non,out,835983
dentelle de Rouen,1,non,out,835983
dentelle de soie,529,non,out,835983
dentelle de soie au quart,1,non,out,835983
dentelle de soie blanche,3,non,out,835983
dentelle de soie blonde,190,non,out,835983
dentelle de soie de Rouen,3,non,out,835983
dentelle de soie et de fil,1,oui,out,835983
dentelle de soie noire,1,non,out,835983
dentelle de toute autre sorte que soie,1,non,out,835983
dentelle de toutes sortes,3,oui,,41540
dentelle dorure,5,oui,,41540
dentelle dorure d'argent,12,non,out,835983
dentelle dorure d'argent et d'or,18,non,out,835983
dentelle dorure d'or,7,non,out,835983
dentelle dorure d'or faux,4,non,out,835983
dentelle du Havre,22,non,out,835983
dentelle du pays,2,non,out,835983
dentelle du Puy,204,non,out,835983
dentelle du Puy en soie,1,non,out,835983
dentelle en coiffures et manchettes,1,non,out,835983
dentelle en dorure,5,oui,out,835983
dentelle et blonde,19,non,out,835983
dentelle et galon et passementerie,54,non,out,835983
dentelle et galon et passementerie et ruban,28,non,out,835983
dentelle fine,32,non,out,835983
dentelle grossière,22,non,out,835983
dentelle mi soie,3,non,out,835983
dentelle moyenne,1,non,out,835983
dents d'éléphant,499,non,out,835983
dents d'éléphant d'hippopotame et autres,2,oui,out,835983
dents d'éléphant entières,4,non,out,835983
dents d'éléphant entières des entrepôts,0,non,out,835983
dents d'éléphant sciées,4,non,out,835983
dents d'éléphants d'hippopotame et autres,2,non,,41540
dents d'ivoire,1,non,,41540
dents de cheval marin,4,non,out,835983
dents de chien marin,2,non,out,835983
dents de morphil,103,oui,out,835983
dents de vache marine,16,non,out,835983
dépêche,1,non,,41540
der demi-plat,1,non,out,835983
derle,82,non,out,835983
dés,1,non,out,835983
dés à coudre,42,non,out,835983
dés à coudre de cuivre,6,non,out,835983
dés à coudre de cuivre et fer,1,non,out,835983
dés à coudre de fer,4,non,out,835983
dés à jouer,13,non,out,835983
dés d'acier,6,non,out,835983
dés de cuivre,35,non,out,835983
dés de fer,28,non,out,835983
dés de laiton,10,non,out,835983
déserteur,1,non,,41540
déshabillé,1,non,out,835983
despeigne,1,non,out,835983
dessins de papier,2,non,out,835983
dessus de souliers brodés,2,non,out,835983
dessus de table de marbre,1,non,out,835983
devant d'autel,1,non,out,835983
devant de vestes,48,non,out,835983
devant de vestes de basin,1,non,out,835983
dévidoir,2,non,out,835983
diables de mer,8,non,out,835983
diactamy en fleurs,1,non,out,835983
diagedum,1,non,out,835983
diagrede,1,non,out,835983
dialbequier,1,non,out,835983
diamants,1,non,out,835983
diamants brutes,1,non,out,835983
diamants bruts,3,non,out,835983
diamants fins,2,non,out,835983
diamants perles et pierres fines,50,non,out,835983
diamants perles et pierres fines non montés,13,non,out,835983
diamants taillés,6,non,out,835983
dictame,11,non,out,835983
dictionnaire,1,non,,41540
dictionnaire du commerce,1,non,out,835983
dictionnaire hollandais,1,non,out,835983
digilence comlète,1,oui,,41540
diligence complète,1,non,,41540
dimelle,1,non,out,835983
dimitte et futaine,2,oui,out,835983
dindes,9,non,out,835983
dindonneaux,10,non,out,835983
dindons,42,non,out,835983
dissouchaye,44,non,out,835983
distillats,2,non,out,835983
ditors,2,non,out,835983
divers,9700,non,out,835983
dividivi,1,non,out,835983
doloirs,1,non,out,835983
domino,2,non,out,835983
dominoterie,136,non,out,835983
dominoterie en images,10,non,out,835983
dominoterie et cartes géographiques,2,non,out,835983
doraze,4,non,out,835983
doréas,13,non,out,835983
doréas brodées en couleur,0,non,out,835983
doréas de Zurich,2,non,out,835983
doréas mega,1,non,,41540
dorpins en pierre,0,non,out,835983
dorure,13,non,out,835983
dorure de Zurich,1,non,out,835983
dorure en galon fine,4,non,out,835983
dorure et soie,1,non,out,835983
dorure fausse,79,non,out,835983
dorure fausse en or et argent,5,non,out,835983
dorure fausse en or et argent battu tiré et laminé,8,non,out,835983
dorure fausse en paillettes,1,non,,41540
dorure fausse et fine,1,non,out,835983
dorure fine,799,non,out,835983
dorure fine en galon,2,non,,41540
dorure fine en galon d'or,1,oui,out,835983
dorure fine fil d'or passementerie,1,non,,41540
dorure fine sur soie,1,oui,out,835983
dos gorges et ventres de fouines martes et renard,2,non,out,835983
dos gorges et ventres de petit gris,2,non,out,835983
dospin en pierre,2,non,out,835983
dossiers de chaises,12,non,out,835983
dossiers de lit en satin,2,non,,41540
dossiers de lit en satin brodé,2,non,,41540
doublage de bois de pin,1,non,out,835983
doublures de martre pour habits,3,non,out,835983
doublures de petis gris,1,non,out,835983
douelle de chêne,1,non,,41540
douelles,205,non,out,835983
douelles à barils,17,oui,out,835983
douelles à barricages,2,oui,out,835983
douelles à barriques,83,oui,out,835983
douelles à barriques 3m 1/8,1,oui,out,835983
douelles à barriques neuves,1,oui,out,835983
douelles à barriques vieilles,3,oui,out,835983
douelles à bottes,1,oui,out,835983
douelles à bure,1,oui,,41540
douelles à buses,2,oui,out,835983
douelles à cave,1,oui,out,835983
douelles à cuve,1,oui,out,835983
douelles à fond,12,oui,out,835983
douelles à fonds,9,oui,,41540
douelles à pièce,1,oui,out,835983
douelles à pipes,70,oui,out,835983
douelles à poinçons,1,oui,out,835983
douelles à quart,7,oui,out,835983
douelles à tierçons,3,oui,out,835983
douelles à tonneau,167,oui,out,835983
douelles à tonneau vieilles,1,oui,out,835983
douelles de 4 pieds,1,non,,41540
douelles de 5 pieds,1,non,,41540
douelles de chêne,3,non,out,835983
douelles de chêne de 3 pieds,1,non,,41540
douelles de chêne de 4 pieds,1,non,,41540
douelles de chêne de 5 pieds,1,non,,41540
douelles de sapin,17,non,out,835983
douelles de sapin de 3 pieds,1,non,,41540
douelles en barriques,1,oui,out,835983
douelles fonçaille,2,non,out,835983
douelles fonçaille 2m 1/2,1,oui,out,835983
douelles ganivelles,6,oui,out,835983
douelles merrains à quart,1,oui,,41540
douelles merrains pour quarts,1,oui,,41540
douelles pour barils,53,non,,41540
douelles pour barricages,1,non,,41540
douelles pour barrique,2,non,out,835983
douelles pour barriques,349,non,,41540
douelles pour barriques 3m 1/8,1,non,,41540
douelles pour barriques neuves,1,non,,41540
douelles pour barriques vieilles,3,non,,41540
douelles pour bœuf,2,non,,41540
douelles pour bordage,1,non,,41540
douelles pour bottes,2,non,,41540
douelles pour bure,1,non,,41540
douelles pour buses,3,non,,41540
douelles pour cave,1,non,,41540
douelles pour cuve,1,non,,41540
douelles pour fonds,20,non,out,835983
douelles pour pièce,1,non,,41540
douelles pour pipes,293,non,,41540
douelles pour poinçons,1,non,,41540
douelles pour quarts,51,non,,41540
douelles pour tierçons,16,non,,41540
douelles pour tonneau,11,non,,41540
douelles pour tonneaux,179,non,,41540
douelles pour tonneaux vieilles,1,non,,41540
douelles vieilles,4,non,out,835983
douelles vieilles à barriques,3,oui,out,835983
douelles vieilles pour barriques,3,non,,41540
dousoutis,1,non,,41540
doutis,9,non,out,835983
doutis blancs,2,non,out,835983
doutis bleus,1,non,out,835983
douvain,1,non,out,835983
douvelles,1,non,out,835983
douvelles de sapin,1,non,out,835983
douves,3,non,out,835983
douves à tonneaux,4303,non,out,835983
douves de deux pouces,2,non,out,835983
douves de la foire de Beaucaire,1,non,,41540
douves vielles,1,non,,41540
dracodium,1,non,out,835983
dragées,141,non,out,835983
dragées de Keyser,3,non,out,835983
dragonnes,3,non,out,835983
dragonnes d'épée,1,non,out,835983
drague de bière,2,non,out,835983
drague de soie,1,non,out,835983
drap,1432,non,out,835983
drap ???,1,non,,41540
drap 20 lignes,1,oui,out,835983
drap à doubler,4,non,out,835983
drap à la valeur,1,oui,out,835983
drap à matelot,1,non,out,835983
drap à nègre,2,non,out,835983
drap à sucre,8,non,out,835983
drap anglais,1,non,out,835983
drap au ??? de soie,0,non,,41540
drap au quart de soie,3,non,,41540
drap au sixième de soie,7,non,out,835983
drap avarié,7,non,out,835983
drap blanc,126,non,out,835983
drap blanc d'Espagne,3,non,out,835983
drap blanc de Bremer,4,non,out,835983
drap blanc de douzaine,26,non,out,835983
drap blanc de douzaine aune,1,oui,out,835983
drap blanc de Hollande,1,non,out,835983
drap blanc de laine,1,oui,out,835983
drap blanc du Nord,3,non,out,835983
drap blanc et écarlate,1,non,out,835983
drap blanc fin,2,non,out,835983
drap blanc par aune,2,oui,out,835983
drap bleu,4,non,out,835983
drap bleu gros,1,non,out,835983
drap bouthouchou,1,non,,41540
drap brodé au ciseau en soie,1,non,out,835983
drap brodé de soie,20,non,out,835983
drap brodé en or et argent,5,non,out,835983
drap brodé en soie,3,oui,out,835983
drap buras,1,non,out,835983
drap bure,1,non,out,835983
drap cad ???,1,non,out,835983
drap cammise,2,non,out,835983
drap commun,344,non,out,835983
drap commun d'Angleterre,1,non,out,835983
drap cordeillat,41,oui,out,835983
drap cordeillat de Colmar,2,oui,out,835983
drap cosinis,1,non,out,835983
drap crêpe,2,non,out,835983
drap crêpe de Reims,4,non,out,835983
drap d',3,non,out,835983
drap d'Abbeville,116,non,out,835983
drap d'Abbeville Valenciennes,1,non,out,835983
drap d'Amboise,1,non,out,835983
drap d'Amiens,38,non,out,835983
drap d'Andelys,28,non,out,835983
drap d'Angleterre,36,non,out,835983
drap d'Angleterre aune,1,oui,out,835983
drap d'Angleterre des prises,3,non,out,835983
drap d'Angleterre et drap d'Espagne et drap de Hollande,11,non,out,835983
drap d'Angleterre noir,1,non,out,835983
drap d'argent et d'or et de soie,1,non,out,835983
drap d'Arnetal,12,non,out,835983
drap d'aucrin,1,non,out,835983
drap d'Aumale,2,non,out,835983
drap d'Auvergne,1,non,,41540
drap d'Elbeuf,614,non,out,835983
drap d'Elbeuf de retour,2,non,out,835983
drap d'Elbeuf de velours,1,non,out,835983
drap d'Espagne,18,non,out,835983
drap d'Espagne aune,1,oui,out,835983
drap d'Espagne teint,3,non,out,835983
drap d'estames,1,non,out,835983
drap d'étoupes,1,oui,,41540
drap d'or et d'argent fin,2,non,out,835983
drap Damas,1,non,out,835983
drap dauphine,113,non,out,835983
drap de ?,0,non,out,835983
drap de 20 lignes,1,non,,41540
drap de Beauvais,12,non,out,835983
drap de Bergopzoom,1,non,out,835983
drap de billard,2,non,out,835983
drap de Bolbec,1,non,out,835983
drap de Bourbon,1,non,out,835983
drap de bourbon peint,1,non,out,835983
drap de Carcassonne,224,non,out,835983
drap de Carcassonne de 20 aunes,1,non,,41540
drap de Carcassonne et écarlate,1,non,out,835983
drap de Carcassonne fin,1,non,out,835983
drap de castor,83,non,out,835983
drap de castor par aune,2,oui,out,835983
drap de cave à l'homme,1,non,,41540
drap de cérémonie,2,non,out,835983
drap de Champagne,1,non,out,835983
drap de Cherbourg,1,non,out,835983
drap de Cobras gros,1,non,out,835983
drap de Colmar,7,non,out,835983
drap de cordeillat,3,oui,out,835983
drap de coton,21,non,out,835983
drap de coton de Rouen,1,non,out,835983
drap de coton et de fil,2,non,out,835983
drap de coton et étoffe de coton,25,non,out,835983
drap de coton et teint,1,non,out,835983
drap de coton et velours,1,non,out,835983
drap de coton et velours de coton,5,non,out,835983
drap de coton imprimé,4,non,out,835983
drap de Cours,1,non,,41540
drap de Darnétal,54,non,out,835983
drap de dauphine,1,non,out,835983
drap de dorure et soie,1,non,out,835983
drap de douzaine,15,non,out,835983
drap de douzaine et teint,1,oui,out,835983
drap de douzaine teint,13,non,,41540
drap de douzaine teint aune,1,oui,out,835983
drap de droguet,18,oui,out,835983
drap de Falaise,3,non,out,835983
drap de fil rouge,1,non,out,835983
drap de fil vieux,1,non,out,835983
drap de France,92,non,out,835983
drap de Glasier,1,oui,out,835983
drap de Glaster,4,non,out,835983
drap de glaster,0,oui,out,835983
drap de glastes,2,oui,out,835983
drap de Glates,1,oui,out,835983
drap de Glouster,0,oui,out,835983
drap de Hollande,12,non,out,835983
drap de Hollande teint,11,non,out,835983
drap de julienne,21,non,out,835983
drap de Korook,1,non,out,835983
drap de la Bouille,2,non,out,835983
drap de laie,3,oui,,41540
drap de laine,11,non,out,835983
drap de laine ???,1,oui,,41540
drap de laine au ??? de soie,0,oui,out,835983
drap de laine au quart de soie,3,oui,out,835983
drap de laine avarié,1,oui,out,835983
drap de laine brodé de soie,1,oui,out,835983
drap de laine capots capots,1,oui,,41540
drap de laine commun,273,oui,out,835983
drap de laine cordeillat,25,oui,out,835983
drap de laine d'Amiens,10,oui,out,835983
drap de laine d'Andelys,9,oui,out,835983
drap de laine d'Angleterre,2,oui,,41540
drap de laine d'Auvergne,1,oui,,41540
drap de laine d'Elbeuf,212,oui,out,835983
drap de laine de 20 lignes,1,oui,,41540
drap de laine de Beauvais,5,oui,out,835983
drap de laine de Carcassonne,1,oui,,41540
drap de laine de cordeillat,5,oui,out,835983
drap de laine de Cours,1,oui,out,835983
drap de laine de dorure et soie,1,oui,,41540
drap de laine de Lille,15,oui,out,835983
drap de laine de Louviers,123,oui,out,835983
drap de laine de Lyon,2,oui,,41540
drap de laine de Montauban,21,oui,,41540
drap de laine de Nanrabais,4,oui,out,835983
drap de laine de Poitou,1,oui,,41540
drap de laine de Reims,1,oui,,41540
drap de laine de Saint-Maixant,1,non,,41540
drap de laine de Saint-Robert,12,oui,out,835983
drap de laine de Sedan,0,oui,out,835983
drap de laine de Van Robais,51,oui,out,835983
drap de laine de Vir,1,oui,out,835983
drap de laine des prises,1,oui,,41540
drap de laine diverse,0,oui,out,835983
drap de laine draperie diverse,0,oui,out,835983
drap de laine du Languedoc,2,oui,,41540
drap de laine écarlate,7,oui,,41540
drap de laine élastique,1,non,,41540
drap de laine en échantillon et lisères,1,oui,,41540
drap de laine et de soie,1,non,out,835983
drap de laine et petits et étoffe,66,oui,out,835983
drap de laine fin,108,oui,out,835983
drap de laine fin et drap de laine,1,oui,,41540
drap de laine fin ordinaire et petit,1,oui,,41540
drap de laine frac,2,oui,,41540
drap de laine gros,2,oui,out,835983
drap de laine grossier,4,oui,,41540
drap de laine iada,1,oui,,41540
drap de laine layette,5,oui,,41540
drap de laine londrin,79,oui,out,835983
drap de laine molleton,47,oui,,41540
drap de laine motton,8,oui,,41540
drap de laine moutade,1,oui,,41540
drap de laine ordinaire,387,oui,,41540
drap de laine peint,2,oui,,41540
drap de laine petit,704,oui,,41540
drap de laine pour billau,1,oui,,41540
drap de laine pour doublures,3,oui,,41540
drap de laine pour les troupes,4,oui,out,835983
drap de laire grossier,2,oui,,41540
drap de Languedoc,159,non,out,835983
drap de Languedoc de velours,1,non,,41540
drap de Languedoc ordinaire,1,non,out,835983
drap de Languenan,1,non,out,835983
drap de Latte,1,non,out,835983
drap de Lille,34,non,out,835983
drap de Limbourg,16,non,out,835983
drap de Limoux,3,non,out,835983
drap de lin,13,non,out,835983
drap de lin ayant servi,2,non,out,835983
drap de lin vieux,9,non,out,835983
drap de linge commun,1,non,out,835983
drap de lit,71,non,out,835983
drap de lit ayant servi,2,non,out,835983
drap de lit commun,1,non,out,835983
drap de lit de lin,1,non,out,835983
drap de lit neuf,1,non,out,835983
drap de lit ou linceuls,2,non,out,835983
drap de lit toile de lin,1,non,out,835983
drap de lit vieux,37,non,out,835983
drap de Lodève,24,non,out,835983
drap de Londrin,3,oui,out,835983
drap de londrin,82,oui,,41540
drap de Louviers,394,non,out,835983
drap de Louviers au sixième de soie,1,non,out,835983
drap de Lyon,4,non,out,835983
drap de Maroc,1,non,,41540
drap de montagne,7,oui,out,835983
drap de Montauban,36,non,out,835983
drap de Montauban petite,1,oui,out,835983
drap de Moucu,3,non,out,835983
drap de Nanrabais,4,non,,41540
drap de Nîmes,1,non,out,835983
drap de Nison,1,non,out,835983
drap de Normandie,2,non,out,835983
drap de pagnon,1,non,out,835983
drap de Panguede,4,non,out,835983
drap de Picardie,71,non,out,835983
drap de Pie,1,oui,out,835983
drap de Pie aune,1,oui,out,835983
drap de Poitou,2,non,out,835983
drap de Reims,1,non,out,835983
drap de Reims fil ???,1,non,out,835983
drap de Rome,1,non,out,835983
drap de Romorantin,1,non,,41540
drap de Romorntin,1,oui,out,835983
drap de Rouen,28,non,out,835983
drap de Saint-Lô,1,non,out,835983
drap de Saint-Robert,12,non,,41540
drap de Sedan,313,non,out,835983
drap de Sedan 220 lignes,1,non,out,835983
drap de Sedan 25 lignes,1,non,out,835983
drap de Sedan 78 lignes,1,non,out,835983
drap de Sedan de retour,1,non,out,835983
drap de Sedan de velours,1,non,out,835983
drap de Ségovie,1,non,out,835983
drap de Silésie,204,non,out,835983
drap de Sir,2,non,out,835983
drap de soie,13,non,out,835983
drap de Soudrain,6,non,out,835983
drap de Souvier,1,non,out,835983
drap de toile de lin,1,non,out,835983
drap de Tours,1,non,out,835983
drap de Van Robais,72,non,out,835983
drap de vere,2,non,out,835983
drap de vigogne,1,non,out,835983
drap de Vir,19,non,out,835983
drap demi fin de laine,1,non,out,835983
drap des prise,11,oui,out,835983
drap des prises,17,non,out,835983
drap divers ???,8,non,out,835983
drap divers de laine,11,oui,,41540
drap drache,9,non,out,835983
drap drapée,4,non,out,835983
drap draperie ???,1,oui,out,835983
drap du Berry,4,non,out,835983
drap du Dauphiné,1,non,out,835983
drap du Languedoc,2,non,out,835983
drap du Languedoc de velours,1,oui,out,835983
drap du Languedoc ordinaire,1,oui,,41540
drap du Nord,12,non,out,835983
drap du Nord teint,6,non,out,835983
drap du pays,1,non,out,835983
drap du Poitou,1,oui,out,835983
drap du sceau,1,non,out,835983
drap écarlate,182,non,out,835983
drap écarlate de France,2,non,out,835983
drap écarlate des prises,1,non,out,835983
drap écarlate et du Languedoc,1,non,out,835983
drap en échantillon et lisères,1,non,out,835983
drap et drap de laine et tricots,2,oui,,41540
drap et draperie,6,oui,out,835983
drap et draperie casinier,2,non,out,835983
drap et draperie de laine,12,non,out,835983
drap et étoffe,3,oui,out,835983
drap et étoffe de laine,9,non,out,835983
drap et mouchoir de soie,1,non,out,835983
drap et petits et étoffe de laine,66,non,,41540
drap et tricots,2,non,out,835983
drap et velours de coton,1,non,out,835983
drap étranger,3,non,out,835983
drap fin,151,non,out,835983
drap fin blanc,1,non,out,835983
drap fin de la manufacture de France,4,non,out,835983
drap fin divers dit londrin du Languedoc de Carcassonne et Lodève,1,oui,out,835983
drap fin du Languedoc,23,non,out,835983
drap fin du Languedoc londrin de Carcassonne et Lodève,1,oui,,41540
drap fin et drap,1,non,,41540
drap fin et draperie,1,oui,out,835983
drap fin ordinaire et petit,1,non,,41540
drap fin ordinaire et petite,1,oui,out,835983
drap fins de laine,62,non,out,835983
drap frac,2,non,out,835983
drap gaufré,2,non,out,835983
drap gros,4,non,out,835983
drap gros de laine,5,non,out,835983
drap grossier,7,non,out,835983
drap iada,1,non,out,835983
drap imprimé,6,non,out,835983
drap layette,5,non,out,835983
drap londrin,333,non,out,835983
drap londrin ?,1,oui,,41540
drap londrin petit,1,oui,out,835983
drap londrin second,1,non,,41540
drap moine,1,non,,41540
drap molleton,47,oui,out,835983
drap motton,8,non,out,835983
drap moutade,1,non,out,835983
drap native divers,3,non,out,835983
drap naturel commun,3,non,out,835983
drap naturel de Sedan,1,non,out,835983
drap naturel diverses,2,non,out,835983
drap naturel Sirre,2,non,out,835983
drap noir,5,non,out,835983
drap noir de Sedan,1,non,out,835983
drap noir grossier,1,non,,41540
drap ordinaire,395,non,out,835983
drap ordinaires de laine,70,oui,out,835983
drap palencourt,1,non,out,835983
drap peint,2,non,out,835983
drap petit,754,non,out,835983
drap petit de Languedoc,1,non,out,835983
drap petit de mains,1,non,out,835983
drap petit de Montauban,1,non,,41540
drap petit de Sedan,1,non,out,835983
drap petit de Silésie,33,non,out,835983
drap petit londrin,1,non,,41540
drap petit raze de Maroc,12,non,,41540
drap platine,2,non,out,835983
drap pour billau,1,non,out,835983
drap pour doublures,3,non,out,835983
drap pour les troupes,4,non,,41540
drap rouge,1,non,out,835983
drap rouge bariolé,1,non,out,835983
drap teint,323,non,out,835983
drap teint d'Espagne et de Hollande,28,non,out,835983
drap teint d'Espagne et de Hollande aune,1,oui,out,835983
drap teint et mêlé de douzaine,1,oui,out,835983
drap terlaine,1,non,out,835983
drap uni,1,non,out,835983
drap vert,2,non,out,835983
drap vieux,3,non,out,835983
drap vieux pour l'entrepôt pour la Guinée,1,non,out,835983
drape petite,2,non,out,835983
drapeaux,10,non,out,835983
drapeaux vieux,119,non,out,835983
drapeaux vieux pour papeterie,1,non,out,835983
draperie et futaine,8,oui,out,835983
draps d'étoupes,1,non,,41540
draps de laine de Reims,1,non,,41540
drêche,3,non,out,835983
drêche de bière,28,non,out,835983
drilles,3,non,out,835983
drogue médicinale,32,oui,out,835983
drogues,2954,non,out,835983
drogues ???,2,non,out,835983
drogues à peindre,1,non,out,835983
drogues à teindre,20,non,out,835983
drogues chimiques,16,non,out,835983
drogues chimiques et métalliques,22,non,out,835983
drogues chimiques et métalliques diverses,1,non,out,835983
drogues chimiques et métalliques sublimé,0,non,out,835983
drogues colorantes,2,non,out,835983
drogues communes,17,non,out,835983
drogues composées,3,non,out,835983
drogues composées pour médecine ???,2,non,out,835983
drogues composées pour médecine précipité,2,oui,out,835983
drogues d'apothicaire,69,non,out,835983
drogues d'apothicaire communes,2,non,out,835983
drogues de misme,1,non,out,835983
drogues des Indes,4,non,out,835983
drogues diverses,15,non,,41540
drogues diverses citronal,1,non,,41540
drogues diverses composées,2,non,out,835983
drogues diverses médicinales,5,oui,out,835983
drogues diverses pour peintures et teinture,2,oui,out,835983
drogues diverses réunies,635,non,out,835983
drogues du Languedoc,1,non,out,835983
drogues en plantes,6,non,out,835983
drogues et épicerie,12,non,out,835983
drogues et épiceries diverses pour peintures et teinture,2,oui,out,835983
drogues et graine diverses,5,non,,41540
drogues et graines diverses,5,oui,out,835983
drogues et jus et sirop de cerise et de grenade,1,non,out,835983
drogues et soie et laine,1,non,out,835983
drogues fines,14,non,out,835983
drogues galle,1,non,out,835983
drogues gomme médicinales diverses,1,non,out,835983
drogues gomme métalliques diverses,1,non,out,835983
drogues médicales naturelles,15,non,out,835983
drogues médicinales,300,non,out,835983
drogues médicinales ???,1,non,out,835983
drogues médicinales bol,1,non,,41540
drogues médicinales casse en ???,0,non,out,835983
drogues médicinales en plantes diverses,11,non,out,835983
drogues médicinales en rhubarbe composée,3,non,out,835983
drogues métalliques,8,non,out,835983
drogues métalliques ???,8,non,out,835983
drogues métalliques et chimiques,3,non,out,835983
drogues odorantes,2,non,out,835983
drogues pour la Compagnie des Indes,1,non,out,835983
drogues pour la médecine,1,oui,out,835983
drogues pour la teinture,11,non,out,835983
drogues pour les peintures et la teinture fnée platte,3,non,out,835983
drogues pour les peintures et teinture gande,2,oui,out,835983
drogues pour peintures,26,non,out,835983
drogues pour peintures et coiffures,5,non,out,835983
drogues pour peintures et la teinture,6,oui,out,835983
drogues pour peintures et teinture,231,non,out,835983
drogues pour peintures et teinture ???,3,non,out,835983
drogues pour peintures et teinture composite,1,oui,out,835983
drogues pour peintures et teinture diverses,12,oui,out,835983
drogues pour peintures et teinture pae ???,1,non,out,835983
drogues pour peintures et teinture semence,2,non,out,835983
drogues pour teinture,1,non,out,835983
droguet,6,non,out,835983
droguet d'Angleterre,2,non,out,835983
droguet de castor,2,non,out,835983
droguet de coton et de soie,1,non,out,835983
droguet de fil de laine,3,non,out,835983
droguet de fil et de laine,21,non,out,835983
droguet de fil et laine,2,oui,out,835983
droguet de Hollande,8,non,out,835983
droguet de laine,136,non,out,835983
droguet de laine des prises,1,non,out,835983
droguet de laine et fil,2,oui,out,835983
droguet de milan,1,non,out,835983
droguet de soie,24,non,out,835983
droguet des prises,1,non,out,835983
droguet en fil,1,non,out,835983
droguet en laine,1,non,out,835983
droguet et Maroc,2,oui,out,835983
droguet et raze de Maroc,36,non,,41540
droit sur vin de Blaye,1,non,out,835983
droit sur vinaigre,2,non,out,835983
drol et drouel,67,non,out,835983
duc-d'Albe,7,non,out,835983
duc-d'Albe de grés,1,non,out,835983
duc-d'Albe de terre,1,non,out,835983
ducatons,1,non,,41540
duffel,10,non,out,835983
duffel teint,68,non,out,835983
durance grosse étoffe de laine,1,non,,41540
duves,1,non,out,835983
duvet,25,non,out,835983
duvet de plumes,2,non,,41540
duvet de plumes de canard cygne et oie,5,non,out,835983
duvet fin,1,non,,41540
duyvelsteen,1,non,out,835983
duyvelsterck,20,non,out,835983
e ???,2,non,out,835983
eau,21,non,out,835983
eau ???,1,non,,41540
eau à noirir tabac,7,non,out,835983
eau citronnelle,2,non,out,835983
eau coclearia,1,non,out,835983
eau cordiale,8,non,out,835983
eau d'anis,9,non,out,835983
eau d'arc,1,non,out,835983
eau d'arquebusade,35,non,out,835983
eau d'aspic,1,non,out,835983
eau d'Esquebat,2,non,out,835983
eau d'odeur,2,non,out,835983
eau d'orange,1,non,out,835983
eau de ???,1,non,,41540
eau de balaruc,88,non,out,835983
eau de Barbade,15,non,out,835983
eau de bergamote,3,non,out,835983
eau de Bristol,6,non,out,835983
eau de Bristol des prises,1,non,out,835983
eau de bronze,1,non,out,835983
eau de Bussang,1,non,out,835983
eau de Bussingue,8,non,out,835983
eau de cannelle,4,non,out,835983
eau de Cap Breton,1,non,,41540
eau de Carmes,3,non,out,835983
eau de cédrat,1,non,out,835983
eau de cèdre,7,non,out,835983
eau de cerise,28,non,out,835983
eau de Charente,2,non,out,835983
eau de citron,46,non,out,835983
eau de citron distillée,1,non,out,835983
eau de citronnelle,32,non,out,835983
eau de coclearia,8,non,out,835983
eau de Cologne,25,non,out,835983
eau de composition,1,non,out,835983
eau de Cordoue,4,non,out,835983
eau de feuilles d'orange,5,non,out,835983
eau de fleurs,1,non,out,835983
eau de fleurs d'oranger,545,non,out,835983
eau de fleurs de myrte,2,non,out,835983
eau de fleurs de senteur,1,non,out,835983
eau de fleurs fortes,1,non,out,835983
eau de garance,2,non,out,835983
eau de genièvre,11,non,out,835983
eau de grains,1,non,out,835983
eau de Hongrie,7,non,out,835983
eau de hongrie,2,non,out,835983
eau de jasmin,1,non,out,835983
eau de la Côte,1,non,out,835983
eau de la reine de Hongrie,28,oui,out,835983
eau de lavande,171,non,out,835983
eau de limon,1,non,out,835983
eau de liqueur,1,non,out,835983
eau de Marquette,2,non,out,835983
eau de mélisse,172,non,out,835983
eau de mer,1,non,out,835983
eau de miel,1,non,out,835983
eau de myrrhe,2,non,out,835983
eau de naffle,1,oui,out,835983
eau de naphe,2,non,,41540
eau de Naples,1,oui,out,835983
eau de nard,2,non,out,835983
eau de nard et de naphe,1,non,,41540
eau de Philippine,1,non,out,835983
eau de pin,26,non,out,835983
eau de Plombières,2,non,out,835983
eau de poix,6,non,out,835983
eau de poix raze,1,non,out,835983
eau de raisin,72,non,out,835983
eau de raison,1,non,out,835983
eau de rave,2,oui,out,835983
eau de raze,4,oui,out,835983
eau de résine,8,non,out,835983
eau de Rochefort,1,non,out,835983
eau de romarin,4,non,out,835983
eau de rose,155,non,out,835983
eau de rose essence de térébenthine,2,non,out,835983
eau de Seltzer,7,non,out,835983
eau de senlaw,11,non,out,835983
eau de senteur,469,non,out,835983
eau de senteur alcoolique,3,non,out,835983
eau de senteur alcoolique autre que Cologne et lavande,2,non,out,835983
eau de senteur de bergamote,1,non,out,835983
eau de senteur de citron,1,non,out,835983
eau de senteur de la reine de Hongrie,583,non,out,835983
eau de senteur de lavande,7,non,out,835983
eau de senteur de nard,1,oui,out,835983
eau de senteur en flacons,1,non,out,835983
eau de senteur et essence,2,non,,41540
eau de senteur et quintessence,123,non,out,835983
eau de senteur rose,2,non,out,835983
eau de senteur sans alcool,3,non,out,835983
eau de senteur sans alcool autre que fleurs d'oranger,2,non,out,835983
eau de senteur sans pareille,2,non,out,835983
eau de Spa,28,non,out,835983
eau de tartre,8,non,out,835983
eau de térébenthine,1,non,out,835983
eau de toilette,11,non,out,835983
eau de val,1,non,,41540
eau de vertu,1,non,out,835983
eau des Carmes,36,non,out,835983
eau des cavernes,5,non,out,835983
eau des cavernes en fiole,0,non,,41540
eau des farmes,3,non,out,835983
eau distillée,12,non,out,835983
eau distillée alcoolique,2,non,out,835983
eau distillée sans alcool,10,non,out,835983
eau distillée sans alcool autres que fleurs d'oranger,2,non,out,835983
eau diverse,7,non,out,835983
eau divine,6,non,out,835983
eau du Rhône,1,non,out,835983
eau et essence,7,non,out,835983
eau et essence et huile spiritueuse,2,non,,41540
eau et essence spiritueuse,1,non,out,835983
eau et huile spiritueuse,62,non,out,835983
eau ferrée,2,non,out,835983
eau gazeuse,1,non,out,835983
eau magistrale,1,non,,41540
eau médicinale,94,non,out,835983
eau médicinale cordiale,1,non,out,835983
eau médicinale d'arquebusan,2,oui,out,835983
eau médicinale de cannelle,1,non,out,835983
eau médicinale de Chypre,1,non,out,835983
eau médicinale de coclearia,1,non,out,835983
eau médicinale de genièvre,1,non,out,835983
eau médicinale de marquette,1,non,out,835983
eau médicinale de mélisse,10,non,out,835983
eau médicinale de pin,1,non,out,835983
eau médicinale de raisin,2,non,out,835983
eau médicinale de Seltzer,1,non,out,835983
eau médicinale et minérale,24,non,out,835983
eau mélisse,3,non,out,835983
eau minérale,210,non,out,835983
eau minérale de Bristol,1,non,out,835983
eau ocgeniente,1,non,out,835983
eau octaze,3,non,out,835983
eau Plombières,1,oui,out,835983
eau pour la goutte,1,non,out,835983
eau pour remède,1,non,out,835983
eau royale,1,non,out,835983
eau sans pareille,7,non,out,835983
eau sederale,1,non,out,835983
eau spiritueuse,14,non,out,835983
eau spiritueuse et essence,9,non,out,835983
eau vulnéraire,20,non,out,835983
eau-de-vie,11204,non,out,835983
eau-de-vie anisette,1,non,out,835983
eau-de-vie antiscorbutique,1,non,out,835983
eau-de-vie commune,18,non,out,835983
eau-de-vie composée,1,non,out,835983
eau-de-vie d'Espagne,3,non,out,835983
eau-de-vie d'Hendaye,61,non,out,835983
eau-de-vie d'Hendaye et simple,2,non,out,835983
eau-de-vie d'Oléron,3,non,out,835983
"eau-de-vie de ""?"" en pots",3,non,,41540
eau-de-vie de Charente,89,non,out,835983
eau-de-vie de cidre,6,non,out,835983
eau-de-vie de Cognac,13,non,out,835983
eau-de-vie de Dantzig,5,non,out,835983
eau-de-vie de genièvre,62,non,out,835983
eau-de-vie de genièvre et de grains,5,non,out,835983
eau-de-vie de genièvre relifiée,1,non,,41540
eau-de-vie de genièvre simple,5,non,out,835983
eau-de-vie de grains,5,non,out,835983
eau-de-vie de grains autre que genièvre,1,non,out,835983
eau-de-vie de grains et simple,1,non,out,835983
eau-de-vie de lavande et simple,1,non,out,835983
eau-de-vie de Marennes,3,non,out,835983
eau-de-vie de mélasse rhum et tafia,3,non,out,835983
eau-de-vie de Ré,79,non,out,835983
eau-de-vie de Rochefort,20,non,out,835983
eau-de-vie de vin,42,non,out,835983
eau-de-vie de vin au-dessus de 32 degrés,3,non,out,835983
eau-de-vie de vin de 22 degrés à 32,3,non,out,835983
eau-de-vie de vin de 22 degrés ou moins,3,non,out,835983
eau-de-vie de vin par Marseille,1,non,out,835983
eau-de-vie des prises,1,non,out,835983
eau-de-vie diverse,3,non,out,835983
eau-de-vie double,70,non,out,835983
eau-de-vie en bouteille simple,1,non,out,835983
eau-de-vie et liqueurs,41,non,out,835983
eau-de-vie et rhum,6,non,out,835983
eau-de-vie et rhum et tafia,13,non,out,835983
eau-de-vie par Marseille,1,non,out,835983
eau-de-vie raffinée,10,non,out,835983
eau-de-vie rectifiée,5,non,out,835983
eau-de-vie royale,4,non,out,835983
eau-de-vie scorbutique,1,non,out,835983
eau-de-vie simple,338,non,out,835983
eau-de-vie simple de vin,1,non,out,835983
eau-de-vie spiritueuse,1,non,out,835983
eau-de-vie triple,2,non,out,835983
eau-forte,529,non,out,835983
eau-forte huile de vitriol le dania,1,non,out,835983
ébénisterie,1,non,out,835983
écaille,117,non,out,835983
écaille ???,4,non,out,835983
écaille au caret,1,oui,out,835983
écaille cahouanne,1,non,out,835983
écaille d'ablette,1,non,out,835983
écaille de ???,1,non,out,835983
écaille de cahouanne,44,non,out,835983
écaille de caret,16,non,out,835983
écaille de poisson,6,non,out,835983
écaille de tortue,442,non,out,835983
écaille de tortue caret,1,non,out,835983
écaille de tortue en carapace,7,non,out,835983
écaille de tortue en carapace de l'étranger,1,non,out,835983
écaille de tortue et nacre de perle,12,non,out,835983
écaille de tortue onglons,3,non,out,835983
écaille de tortue onglons et rognures,2,non,out,835983
écaille de tortue rognures,3,non,out,835983
écaille octomie,4,non,out,835983
écaille ou caret,4,non,out,835983
écarlate,2,non,out,835983
écarlatine,17,non,out,835983
écarlatine de Beauvais,1,non,out,835983
écarlatine du Languedoc,2,non,out,835983
écarts de bœuf,2,non,out,835983
échalas,38,non,out,835983
échalas de bois,1,non,,41540
échalote,43,non,out,835983
échantillons et morceaux de soie,76,non,out,835983
écharpe de soie,2,non,out,835983
écharpe de taffetas,1,non,out,835983
écharpe et gaze,1,non,out,835983
écharpe pour femme,1,non,out,835983
échaussillons,1,non,out,835983
échelles,5,non,out,835983
échelles anglaises,1,non,out,835983
échelles de 8 pieds,0,non,out,835983
échelles de bois,2,non,out,835983
échelles de bois de 10 pieds,0,non,out,835983
échelles de route,1,non,out,835983
échouements et prises,2,oui,out,835983
éclisses de bois,6,non,out,835983
écluses de fer,1,non,out,835983
écope,0,non,out,835983
écopes,50,non,out,835983
écopes de sapin,2,non,out,835983
écorce,65,non,out,835983
écorce à tan moulue,4,non,out,835983
écorce à tan non moulue,7,non,out,835983
écorce à tanner,62,non,out,835983
écorce autre que citron orange et leurs variété et quinquina,2,non,out,835983
écorce d'arbre,45,non,out,835983
écorce d'arbre de gaïac,1,non,out,835983
écorce d'arbre étoffe,4,non,out,835983
écorce d'arbre rayée,2,non,out,835983
écorce d'orange,108,non,out,835983
écorce d'orange et de citron,3,non,out,835983
écorce d'orange séchée,121,non,out,835983
écorce d'orange sergal,3,non,out,835983
écorce de bergamote,9,non,out,835983
écorce de bois,15,non,out,835983
écorce de bois de fer,3,non,out,835983
écorce de boutard,1,non,out,835983
écorce de cacao,145,non,out,835983
écorce de câpres,1,non,out,835983
écorce de cédrat,6,non,out,835983
écorce de cèdre,3,non,out,835983
écorce de chanvre,4,non,out,835983
écorce de chêne,221,non,out,835983
écorce de chêne moulue,98,non,out,835983
écorce de chêne pilée,1,non,,41540
écorce de citron,100,non,out,835983
écorce de citron confite,13,non,out,835983
écorce de citron et d'orange,16,non,out,835983
écorce de citron et d'orange et de leurs variétés,44,non,out,835983
écorce de citron non épluché,1,non,out,835983
écorce de citron sèche,2,non,out,835983
écorce de gaïac,23,non,out,835983
écorce de grande d'aulne et de bourdaine,5,non,out,835983
écorce de grenade,13,non,out,835983
écorce de limon,3,non,out,835983
écorce de limon sec,1,oui,out,835983
écorce de Magellan,2,non,out,835983
écorce de mandragore,1,non,out,835983
écorce de mélisse,1,non,out,835983
écorce de pin,10,non,out,835983
écorce de pin en poussière,0,oui,out,835983
écorce de pin moulue,8,non,out,835983
écorce de quinquina,58,non,out,835983
écorce de simarouba,1,non,out,835983
écorce de soie,2,non,out,835983
écorce de tilleul,52,non,out,835983
écorce de tilleul pour cordage,2,non,,41540
écorce de tilleul pour cordages,2,oui,out,835983
écorce ou tau en poussière de pin,4,non,,41540
écorce pour tanner,19,non,out,835983
écorce rayée,1,non,out,835983
écorce unie,1,non,out,835983
ecouette,1,non,out,835983
ecouette de nattes,2,non,out,835983
écouvillons,1,non,out,835983
écrans,3,non,out,835983
écrelet,1,non,out,835983
écrevisses,2,non,out,835983
écrevisses de mer,98,non,out,835983
écrevisses de rivière,133,non,out,835983
écritoire,7,non,out,835983
écritoire de bois peint,1,non,,41540
écritoire de chagrin,1,non,out,835983
écritoire de corne,1,non,out,835983
écritoire de maroquin,1,non,out,835983
écritoire garni d'or,2,non,out,835983
écru de cerise,1,non,out,835983
écuelles de terre,1,non,out,835983
écuelles de vermillon,3,non,out,835983
écume de verre,1,non,out,835983
écumoires à sucre,2,non,out,835983
écus à palme,6,non,out,835983
édredon,1,non,out,835983
édredon de plume,8,non,out,835983
édredon et plumes,2,non,,41540
effets,1,oui,,41540
effets de troupes,1,non,out,835983
effilé de fil,14,non,out,835983
effilé de soie,5,non,out,835983
effilé or fil,1,non,out,835983
efforces à tondre,99,non,out,835983
églefins,82,non,out,835983
églefins salés,51,non,out,835983
egoutals,1,non,out,835983
egoutals de bois,1,non,out,835983
égouttoirs,53,non,out,835983
égouttoirs à fondre,1,non,out,835983
égouttoirs de bois,2,non,out,835983
egrat,1,non,out,835983
egueluy,1,non,,41540
elatches,22,non,out,835983
elbots,83,non,out,835983
elbots salés,53,non,out,835983
elegias,2,non,out,835983
élixir,63,non,out,835983
élixir de garus,4,non,out,835983
élixir purgatif,2,non,out,835983
ellébore,7,non,out,835983
ellébore blanc,1,non,out,835983
élocs de fer,2,non,out,835983
émai en grabeaul,1,oui,,41540
émail,67,non,out,835983
émail brut,3,non,out,835983
émail en grabeau,1,non,,41540
émail en pain,1,non,,41540
emballage,2,non,out,835983
embarcations à dépecer,5,non,out,835983
embarcations avec agrès,20,non,out,835983
embarcations en état de servir,2,non,out,835983
embarcations et autres objets de marine,44,non,out,835983
embarcations et voiles de navire,3,non,out,835983
émeraudes brutes,1,non,out,835983
émeraudes et opales taillées,1,non,out,835983
émeraudes taillés,2,non,out,835983
émeri,163,non,out,835983
émeri en pierre,3,non,out,835983
émeri en pierres,11,non,out,835983
émeri en poudre,14,non,out,835983
empeignes,5,non,out,835983
empeignes brodées,1,non,out,835983
empeignes brodées pour souliers,8,non,out,835983
empeignes coupées pour empeignes,3,non,out,835983
empeignes de souliers,11,non,out,835983
empeignes de souliers brodés,1,non,out,835983
empeignes de souliers imprimées,5,non,out,835983
empeignes de toile,12,non,out,835983
empeignes et talons de cuir coupés,2,non,out,835983
empeignes peintes pour souliers,67,non,out,835983
en bâtiments de mer,1,non,out,835983
en pain,1,non,out,835983
enamitte,1,non,out,835983
encens,673,non,out,835983
encens commun,4,non,out,835983
encens des Indes,1,non,out,835983
encens en encens,1,oui,,41540
encens en grabeau,133,non,out,835983
encens en poudre,1,non,out,835983
encens en poussière,4,non,out,835983
enclumes,5,non,out,835983
enclumes de fer,123,non,out,835983
enclumes de fer et étaux de fer,1,non,out,835983
encoignement,1,non,out,835983
encoignures,5,non,out,835983
encoignures de bois vernissé,1,non,out,835983
encre,38,non,out,835983
encre à dessiner en tablettes,3,non,out,835983
encre à écrire,53,non,out,835983
encre à écrire et à imprimer,13,non,out,835983
encre à imprimer,3,non,out,835983
encre commune,22,non,out,835983
encre d'imprimerie,90,non,out,835983
encre de la Chine,60,non,out,835983
encre de la petite vertu,1,non,out,835983
encre de Nankin,2,non,,41540
encre de nankin,2,oui,out,835983
encre glassine,1,non,out,835983
encre liquide à écrire ou à imprimer,4,non,out,835983
encre odorante,1,non,out,835983
encre rouge,4,non,out,835983
encrin,0,non,out,835983
endives,2,non,out,835983
engins,16,non,,41540
engrais,49,non,out,835983
engrais colombine,17,non,out,835983
engrais divers,1,non,out,835983
engrais en court fumier,1,non,out,835983
engrais en fournelle,1,non,out,835983
engrais en fumier de rue,1,non,out,835983
engrais en pourette,1,non,out,835983
engrais gru,1,non,out,835983
entenolles,1,non,out,835983
épagnolette simple,0,non,out,835983
épaulettes,1,non,out,835983
épaulettes d'argent,1,non,out,835983
épaulettes d'or,1,non,,41540
épeautre,118,non,out,835983
épeautre en gerbes,23,non,out,835983
épée,32,non,out,835983
épée à garde d'argent,4,non,out,835983
épée à garde de cuivre doré,1,non,out,835983
épée argentée,1,non,out,835983
épée d'acier,2,non,out,835983
épée d'argent,35,non,out,835983
épée d'argent doré,1,non,out,835983
épée d'argent et de cuivre,2,non,out,835983
épée d'argent et de cuivre doré,1,non,out,835983
épée de cuivre,5,non,out,835983
épée de cuivre doré,6,non,out,835983
épée masquinée,14,non,out,835983
épée montée en acier,98,non,out,835983
épée montée en argent,48,non,out,835983
éperons,6,non,out,835983
éperons et étriers,84,non,out,835983
éperviers,1,non,out,835983
épice,1,non,out,835983
épice de Curons,3,non,out,835983
épicerie,1167,non,out,835983
épicerie commune,13,non,out,835983
épicerie douce,9,non,out,835983
épicerie fine,66,non,out,835983
épices,1,non,out,835983
épices préparées,2,non,out,835983
épices préparées autres que moutarde et poudre de kari,1,non,out,835983
épices préparées autres que moutarde et sauces épicées,2,non,out,835983
epinelle,1,non,out,835983
épines à planter,1,non,out,835983
épinettes,9,non,out,835983
épingles,427,non,out,835983
épingles communes,3,non,out,835983
épingles de laiton,4,non,out,835983
épingles de mercerie fine,17,non,out,835983
épingles en cuivre,2,non,out,835983
épingoles,3,non,out,835983
epiterie,7,non,out,835983
éponges,727,non,out,835983
éponges brutes,1,non,,41540
éponges communes,66,non,out,835983
éponges communes et fines,6,non,out,835983
éponges et tournesol,1,non,out,835983
éponges fines,68,non,out,835983
éponges grosses,1,non,out,835983
épousterie,45,non,out,835983
éprouvette de cuivre,1,non,out,835983
epuigtion,1,non,,41540
équerre,2,non,out,835983
equeurs,0,non,out,835983
équille,2,non,out,835983
équille pour voile pour la Compagnie de Guinée,2,non,out,835983
equine,2,non,out,835983
ergots de bœuf,14,non,out,835983
ergots de caret,1,non,out,835983
érnail,1,non,out,835983
escabelles,2,non,out,835983
escamitte,106,non,out,835983
escamotte,4,non,out,835983
escaralles,1,non,out,835983
escarasse,33,non,out,835983
escarbille,9,non,out,835983
escargots,3,non,out,835983
escargots et crekels,13,non,out,835983
escarpins,1,non,out,835983
escarpins de chambre,1,non,out,835983
escayolles,380,non,out,835983
esclapes,1,non,out,835983
esclapes de bois,2,non,out,835983
esclapes de pin,1,non,,41540
esco,1,oui,out,835983
escope,24,non,out,835983
escope cerise,1,non,,41540
escortines,5,non,out,835983
escortines à huile,1,non,out,835983
escortines d'espars,5,non,out,835983
escortines de jonc,1,non,out,835983
escosses,1,non,out,835983
escot,7,non,out,835983
escot de bois,1,non,out,835983
escot de fer,6,non,out,835983
escot de laine,3,non,out,835983
escotins de bois,1,non,out,835983
escoubes,1,non,,41540
espadrilles,9,non,out,835983
espagnolette,264,non,out,835983
espagnolette à fleurs,1,non,out,835983
espagnolette croisée,119,non,out,835983
espagnolette croisée et simple,3,non,out,835983
espagnolette de laine,18,non,out,835983
espagnolette de laine croisée,4,non,out,835983
espagnolette de laine lisse,2,non,out,835983
espagnolette de laine simple,1,non,out,835983
espagnolette des prises,2,non,out,835983
espagnolette simple,83,non,out,835983
espars,743,non,out,835983
espars de 10 à 15 pieds,2,non,out,835983
espars de 10 pieds,1,non,out,835983
espars de 11 à 20 pieds,2,non,out,835983
espars de 12 à 15 pieds,1,non,out,835983
espars de 14 à 16 pieds,1,non,out,835983
espars de 14 pieds,1,non,out,835983
espars de 15 à 16 pieds,1,non,,41540
espars de 15 à 20 pieds,3,non,out,835983
espars de 15 à 25 centimètres,3,non,out,835983
espars de 15 centimètres inclusivement à 25 exclusivement,5,non,out,835983
espars de 16 à 36 pieds,1,non,out,835983
espars de 17 pieds,1,non,,41540
espars de 18 à 20 pieds,4,non,out,835983
espars de 18 à 36 pieds,1,non,out,835983
espars de 18 pieds,7,non,out,835983
espars de 20 à 22 pieds,2,non,out,835983
espars de 20 à 25 pieds,4,non,out,835983
espars de 20 à 25 pieds de long,3,non,out,835983
espars de 20 à 26 pieds,1,non,out,835983
espars de 20 à 30 pieds,1,non,out,835983
espars de 20 pieds,3,non,out,835983
espars de 24 à 36 pieds,1,non,out,835983
espars de 24 pieds,2,non,,41540
espars de 25 à 26 pieds,1,non,out,835983
espars de 25 à 30 pieds,5,non,out,835983
espars de 26 à 28 pieds,1,non,out,835983
espars de 26 pieds,2,non,out,835983
espars de 27 pieds,1,non,out,835983
espars de 28 à 30 pieds,1,non,out,835983
espars de 28 à 36 pieds,1,non,out,835983
espars de 28 pieds,1,non,out,835983
espars de 3 à 4 pieds,1,non,,41540
espars de 30 à 35 pieds,1,non,,41540
espars de 30 à 40 pieds,2,non,out,835983
espars de 30 pieds,9,non,out,835983
espars de 35 à 46,1,non,out,835983
espars de 35 pieds,2,non,out,835983
espars de 36 à 40 pieds,1,non,out,835983
espars de 4 à 5 pieds,1,non,out,835983
espars de 40 à 45 pieds,1,non,out,835983
espars de 40 à 50 pieds,3,non,out,835983
espars de 40 pieds,1,non,out,835983
espars de 45 pieds,2,non,out,835983
espars de 5 à 6 pieds,1,non,out,835983
espars de 55 pieds,1,non,out,835983
espars de 56 à 61 pieds,1,non,out,835983
espars de 8 à 9 pieds,1,non,out,835983
espars de différente longueur,5,non,out,835983
espars de nitriol,1,oui,out,835983
espars de sapin,33,non,out,835983
espars de sapin de 15 pieds,1,non,out,835983
espars de sapin de 18 pieds,1,non,out,835983
espars de sapin de 20 pieds,1,non,out,835983
espars de sapin de 24 pieds,1,non,out,835983
espars de sapin de 25 pieds,1,non,out,835983
espars de sapin de 30 pieds,1,non,out,835983
espars de sapin de 37 pieds,0,non,,41540
espars de sapin de 45 pieds,1,non,out,835983
espars divers,1,non,out,835983
espars doubles,12,non,out,835983
espars marmoyées en argent,1,non,out,835983
espars petit,2,non,out,835983
espars petits,1,non,out,835983
espars pour construction,2,non,out,835983
espars simple,4,non,out,835983
espars simples,4,non,out,835983
espèce monnayée ???,1,non,out,835983
espèces,63,non,out,835983
espèces d'argent,4,non,out,835983
espingole,2,non,out,835983
espions à sardines,6,non,,41540
esponton,6,non,out,835983
esprit,0,non,out,835983
esprit d'absinthe,1,non,out,835983
esprit de bergamote,152,non,out,835983
esprit de cédrat,2,non,out,835983
esprit de citron,129,non,out,835983
esprit de coclearia,9,non,out,835983
esprit de corne de cerf,3,non,out,835983
esprit de coton,1,non,out,835983
esprit de feuilles d'orange,1,non,out,835983
esprit de fil,1,non,out,835983
esprit de fleurs d'oranger,9,non,out,835983
esprit de lavande,3,non,out,835983
esprit de limon,4,non,out,835983
esprit de miroly,1,non,out,835983
esprit de myrrhe,1,non,out,835983
esprit de myrthe,1,non,out,835983
esprit de nitre,12,non,out,835983
esprit de romarin,4,non,out,835983
esprit de sel,13,non,out,835983
esprit de sel ammoniac,2,non,out,835983
esprit de sel marin,1,non,out,835983
esprit de soufre,11,non,out,835983
esprit de taffia,2,oui,out,835983
esprit de tafia,3,non,,41540
esprit de tamarin,1,non,out,835983
esprit de vitriol,57,non,out,835983
esprit-de-vin,157,non,out,835983
esprots,4,non,out,835983
esprots fumés,7,non,out,835983
esprots pressés,1,non,,41540
espuirie,0,non,out,835983
esquilles,1,non,,41540
esquine,31,non,out,835983
essandoles,1,non,out,835983
essence,336,non,out,835983
essence aromatique,6,non,out,835983
essence au bruit aromatique,1,non,out,835983
essence d'anis,1,non,out,835983
essence de bergamote,6,non,out,835983
essence de cannelle,6,non,out,835983
essence de cendre de bois,38,non,out,835983
essence de citron,47,non,out,835983
essence de fleurs d'orange,1,non,out,835983
essence de girofle,6,non,out,835983
essence de jasmin,11,non,out,835983
essence de lavande,2,non,out,835983
essence de limon,5,non,out,835983
essence de muscade,1,non,out,835983
essence de paruce,1,non,out,835983
essence de pommade,1,non,out,835983
essence de romarin,1,non,out,835983
essence de rose,8,non,out,835983
essence de soie,1,non,out,835983
essence de térébenthine,36,non,out,835983
essence de térébenthine et huile de térébenthine,85,non,out,835983
essence de thym,1,non,out,835983
essence de vitriol,15,non,out,835983
essence et huile de térébenthine,184,non,out,835983
essence et pommade,3,non,out,835983
essence odorante,2,non,,41540
essence odoriférante,1,non,out,835983
essence ou esprit de citron,1,non,out,835983
essence vitriolique et vitriol huile,9,non,out,835983
essieux,93,non,out,835983
essieux à cabrouets,2,non,out,835983
essieux de fer,73,non,out,835983
estagnons,4,non,out,835983
estagnons de cuivre allié,1,non,out,835983
estampes,344,non,out,835983
estampes en feuilles,1,non,out,835983
estampes encadrées,2,non,out,835983
estampes et cartes géographiques,14,non,out,835983
estampes et gravures,44,non,out,835983
estampes et images,1,non,out,835983
estampes et librairie,13,non,out,835983
estampes et tableaux,336,non,out,835983
estampes sur papier,1,non,out,835983
estampes sur toile,1,non,out,835983
estères,2,non,out,835983
estères de jonc,4,non,out,835983
estette à faire gombessis,1,non,,41540
estrasse de cocons,1,non,out,835983
estrasse de Savoie,1,non,out,835983
estrasse de soie,66,oui,out,835983
esturgeon,115,non,out,835983
esturgeon en adaube,3,non,out,835983
esturgeon mariné,4,non,out,835983
esturgeon salé,43,non,out,835983
étain,507,non,out,835983
étain battu,16,non,out,835983
étain battu ou limé,4,non,out,835983
étain brut,48,non,out,835983
étain brut d'Inde,1,non,out,835983
étain brut d'Inde des entrepôts,0,non,out,835983
étain brut en masses ouvrages brisés et saumons,1,non,out,835983
étain creux,1,non,out,835983
étain d'Angleterre,2,non,out,835983
étain de glaces,36,oui,out,835983
étain de j ???,1,non,out,835983
étain de malgue,1,non,out,835983
étain de Melac,11,non,out,835983
étain de retour,1,non,,41540
étain de retour faute de vente,1,oui,out,835983
étain des Indes,36,non,out,835983
étain du Pérou,2,non,out,835983
étain en bloc,586,non,out,835983
étain en bloc des Indes,1,non,,41540
étain en enclumes de fer,1,non,out,835983
étain en faux,3,non,out,835983
étain en feuilles,12,non,out,835983
étain en lingots,2,non,out,835983
étain en plats,1,oui,out,835983
étain en plomb,1,non,out,835983
étain en saumon,30,non,out,835983
étain et plomb,18,non,out,835983
étain fin,1,non,out,835983
étain fin en bloc,1,non,out,835983
étain neuf,7,non,out,835983
étain non ouvré,16,non,out,835983
étain ouvré fin,2,non,,41540
étain pour glaces,38,non,out,835983
étain pour soudure,2,non,out,835983
étain rouge,1,non,out,835983
étain seringues,2,non,out,835983
étain verni,1,non,out,835983
étain vieux,102,non,out,835983
étais en bois,2,non,out,835983
etalchasse,2,non,out,835983
étamette,29,non,out,835983
étamette dauphine casinettes,8,non,out,835983
étamine,322,non,out,835983
étamine à bluteau,4,non,out,835983
étamine à passer fromage,9,non,out,835983
étamine à pavillon,13,non,out,835983
étamine à peu de soie,4,non,out,835983
étamine au quart de soie,2,non,out,835983
étamine au sixième de soie,1,non,out,835983
étamine aune,1,oui,out,835983
étamine avec soie,2,non,out,835983
étamine avec vingt brins de soie,1,non,out,835983
étamine blanche,1,non,out,835983
étamine burail,85,non,out,835983
étamine buratée de laine,1,non,out,835983
étamine burette,2,non,out,835983
étamine commune,2,non,out,835983
étamine d'Agen,3,non,out,835983
étamine d'Allemagne,6,non,out,835983
étamine d'Amiens,14,non,out,835983
étamine d'argent,2,non,out,835983
étamine d'Auvergne,17,non,out,835983
étamine de Acims,0,non,out,835983
étamine de belzamine,4,non,out,835983
étamine de laine,674,non,out,835983
étamine de laine d'Angleterre,2,non,out,835983
étamine de laine et de soie,6,non,out,835983
étamine de laine fine,1,non,out,835983
étamine de Laval,3,non,out,835983
étamine de Nogent,6,non,out,835983
étamine de Noyau,2,non,out,835983
étamine de Reims,229,non,out,835983
étamine de renvoi,1,non,,41540
étamine de Rouen,1,non,out,835983
étamine de Sainte,1,non,out,835983
étamine de soie,7,non,out,835983
étamine des prises,3,non,out,835983
étamine du Mans,93,non,out,835983
étamine du pays,1,non,out,835983
étamine et serge,6,non,,41540
étamine fine,4,non,,41540
étamine Maine,1,non,out,835983
étamine mi soie,2,non,out,835983
étamine noire,2,non,out,835983
étamine oneraile,1,non,out,835983
étamine ouvrée,1,non,out,835983
étamine piquée de soie,1,non,out,835983
étamine rayée,4,non,out,835983
étamine virée,1,non,out,835983
étampes,0,non,out,835983
étampes de chanvre,1,non,out,835983
etatchasse,8,non,out,835983
étaux,2,non,out,835983
étaux de fer,31,non,out,835983
étaux en bâtit pour serruriers,1,non,out,835983
étaux ouvragés,1,non,out,835983
etaya,1,non,out,835983
étendards,2,non,out,835983
étendards de soie,1,non,,41540
etendelle,3,non,out,835983
éternelle de coton,1,non,out,835983
etocs,4,non,out,835983
etocs de fer,13,non,out,835983
étocs de fer,12,non,out,835983
étoffe,389,non,out,835983
étoffe à carreaux,1,non,out,835983
étoffe à carreaux et de toile de coutil,1,non,out,835983
étoffe à galon d'or,1,non,out,835983
étoffe à la valeur,2,non,out,835983
étoffe à peu,20,oui,out,835983
étoffe à peu de soie,346,non,out,835983
étoffe au ??? de soie,3,non,out,835983
étoffe au 4/5e de soie,4,non,out,835983
étoffe au filoselle,2,non,out,835983
étoffe au peu de soie,4,non,,41540
étoffe au poil sorge de Rome,1,non,out,835983
étoffe au quart,20,oui,out,835983
étoffe au quart de soie,364,non,out,835983
étoffe au sixième,1,non,out,835983
étoffe au sixième de soie,22,non,out,835983
étoffe au sixième de soie en siamoise,2,non,out,835983
étoffe au sixième de soie siamoise,1,non,out,835983
étoffe au tiers de soie,1,non,out,835983
étoffe au-dessus du sixième de soie,2,non,out,835983
étoffe avec argent et or,2,non,out,835983
étoffe avec un brin de soie,3,non,out,835983
étoffe avec vin brin de soie,1,oui,out,835983
étoffe brochée d'argent et d'or faux de soie,1,non,,41540
étoffe brochée d'argent et d'or faux de soie pure,2,oui,out,835983
étoffe brochée d'argent et d'or fin de soie,2,non,,41540
étoffe brochée d'argent et d'or fin de soie pure,2,oui,out,835983
étoffe brochée d'or ou d'argent faux de soie pure,2,non,,41540
étoffe brochée d'or ou d'argent fin de soie pure,2,non,,41540
étoffe brochée de coton et de fil siamois,1,non,out,835983
étoffe brochée de pure soie et unies,39,non,,41540
étoffe brochée de soie,2,non,,41540
étoffe brochée de soie de soie pure,2,oui,out,835983
étoffe brochée de soie et unies,70,non,,41540
étoffe brochée de soie pure,2,non,,41540
étoffe brochée et brodée,2,non,out,835983
étoffe brochées d'argent et d'or faux de soie,1,oui,out,835983
étoffe brochées d'argent et d'or fin de soie,2,oui,out,835983
étoffe brochées de pure soie et unies,39,oui,out,835983
étoffe brochées de soie de soie,2,oui,out,835983
étoffe brochées de soie et unies,70,oui,out,835983
étoffe cotonne,1,non,out,835983
étoffe crêpe,1,non,out,835983
étoffe croisée,1,non,out,835983
étoffe d'Amiens façonnée,1,non,out,835983
étoffe d'argent,10,oui,out,835983
étoffe d'argent d'or et de soie,58,oui,out,835983
étoffe d'argent et d'or,192,oui,out,835983
étoffe d'argent et d'or faux,3,oui,out,835983
étoffe d'argent et d'or fin,4,oui,out,835983
étoffe d'argent et de soie,9,oui,out,835983
étoffe d'argent et soie,1,oui,out,835983
étoffe d'argent fil et soie,1,oui,out,835983
étoffe d'écorce,2,non,out,835983
étoffe d'herbes,5,non,out,835983
étoffe d'or,28,oui,out,835983
étoffe d'or et de soie,9,oui,out,835983
étoffe d'or faux et de soie,1,oui,out,835983
étoffe de bourre de soie,7,non,out,835983
étoffe de bourre de soie façon cachemire,1,non,out,835983
étoffe de cachemire de poil,1,oui,out,835983
étoffe de capiton,4,non,out,835983
étoffe de chanvre,4,non,out,835983
étoffe de chanvre et de fil de lin en toile,12,non,out,835983
étoffe de chanvre et de lin en toile diverse,26,non,out,835983
étoffe de chanvre ou de lin,2,non,out,835983
étoffe de chanvre ou de lin mêlés,1,non,out,835983
étoffe de coton,411,non,out,835983
étoffe de coton ???,2,non,out,835983
étoffe de coton au quart de soie,3,non,out,835983
étoffe de coton au sixième de soie,1,non,,41540
étoffe de coton avec un brin de soie,1,non,,41540
étoffe de coton basin piqués mousselinettes,2,non,out,835983
étoffe de coton brillant blanc,1,non,out,835983
étoffe de coton brochée et brodée et imprimée,2,non,,41540
étoffe de coton brochées et brodées et imprimées,2,oui,out,835983
étoffe de coton brodé,1,non,out,835983
étoffe de coton de fil,6,non,out,835983
étoffe de coton de fil et de laine,20,non,out,835983
étoffe de coton de fil et de soie,9,non,out,835983
étoffe de coton de fleuret et de soie,1,non,out,835983
étoffe de coton de laine,3,non,out,835983
étoffe de coton de laine et de soie,3,non,out,835983
étoffe de coton de quart de soie,1,non,out,835983
étoffe de coton de velours,7,non,out,835983
étoffe de coton des Indes,1,non,out,835983
étoffe de coton en drap,14,non,out,835983
étoffe de coton en soie,8,non,out,835983
étoffe de coton et bonneterie,1,non,out,835983
étoffe de coton et chapeaux,1,non,out,835983
étoffe de coton et de fil,232,non,out,835983
étoffe de coton et de fil de soie,2,non,out,835983
étoffe de coton et de fil et de laine et de poil chameau,15,non,out,835983
étoffe de coton et de fil et de laine et de poil de chèvre,16,non,out,835983
étoffe de coton et de fil mélangés,10,non,out,835983
étoffe de coton et de fleuret,3,non,out,835983
étoffe de coton et de laine,23,non,out,835983
étoffe de coton et de laine diverse,1,non,out,835983
étoffe de coton et de laine et de filoselle,7,non,out,835983
étoffe de coton et de laine et de soie mélangés,26,non,out,835983
étoffe de coton et de laine retour,1,non,out,835983
étoffe de coton et de soie,318,non,out,835983
étoffe de coton et de soie des Indes,1,non,out,835983
étoffe de coton et de soie éternelle,1,non,out,835983
étoffe de coton et de toile,1,non,out,835983
étoffe de coton et drap de coton et velours de coton,15,non,out,835983
étoffe de coton et drap de coton et velours de coton et couvertures de coton,13,non,out,835983
étoffe de coton et mercerie,1,non,out,835983
étoffe de coton et pellerie,1,non,out,835983
étoffe de coton et soie,2,non,,41540
étoffe de coton et velours commun,1,non,out,835983
étoffe de coton imprimé,2,non,out,835983
étoffe de coton mélangée,1,oui,out,835983
étoffe de coton mêlée,1,non,,41540
étoffe de coton mêlée de soie,1,non,out,835983
étoffe de coton mi soie,2,non,out,835983
étoffe de coton peint,1,non,out,835983
étoffe de coton piqué,1,non,out,835983
étoffe de coton simple,2,non,,41540
étoffe de coton simples,2,oui,out,835983
étoffe de crin,33,non,out,835983
étoffe de crin et de poils,2,non,out,835983
étoffe de d'argent et d'or et de soie,23,oui,out,835983
étoffe de dorure de laine et de soie,2,non,out,835983
étoffe de fil,8,non,out,835983
étoffe de fil au quart de soie,1,non,out,835983
étoffe de fil de laine,6,non,out,835983
étoffe de fil et bourre de chèvre,1,non,out,835983
étoffe de fil et de laine,184,non,out,835983
étoffe de fil et de laine de retour,1,non,,41540
étoffe de fil et de poil,1,non,out,835983
étoffe de fil et de poil de chèvre,6,non,out,835983
étoffe de fil et de soie,239,non,out,835983
étoffe de fil et moquette,1,non,out,835983
étoffe de fil et poil de chèvre,43,non,out,835983
étoffe de fil et poil de chèvre aune,1,oui,out,835983
étoffe de fil et soie,1,non,,41540
étoffe de filoselle,48,non,out,835983
étoffe de filoselle et de laine,3,non,out,835983
étoffe de filoselle et de soie,37,non,out,835983
étoffe de filoselle et laine,1,oui,,41540
étoffe de Flandre et de poil,2,non,out,835983
étoffe de fleuret,73,non,out,835983
étoffe de fleuret au brin de soie,1,non,out,835983
étoffe de fleuret et de laine,5,non,out,835983
étoffe de fleuret et de soie,10,non,out,835983
étoffe de fleuret et laine,3,non,out,835983
étoffe de fleuret pure,2,non,out,835983
étoffe de galette et de soie,2,non,out,835983
étoffe de laine,583,non,out,835983
étoffe de laine ???,5,non,out,835983
étoffe de laine à faire moufles,9,non,out,835983
étoffe de laine à fil,1,non,out,835983
étoffe de laine à la valeur,1,non,out,835983
étoffe de laine angora,1,non,out,835983
étoffe de laine au quart de soie,1,non,out,835983
étoffe de laine avec dorure,1,non,out,835983
étoffe de laine avec soie,1,non,out,835983
étoffe de laine bêche,1,non,out,835983
étoffe de laine beige,1,non,,41540
étoffe de laine beige 309 lignes,1,non,out,835983
étoffe de laine blanche,3,non,out,835983
étoffe de laine brodée de dorure et de soie,1,non,out,835983
étoffe de laine cannelée,1,non,out,835983
étoffe de laine chaleur,1,non,out,835983
étoffe de laine couterie,1,non,out,835983
étoffe de laine crêpe,2,non,out,835983
étoffe de laine de Rome,1,non,out,835983
étoffe de laine en cachemire,2,non,out,835983
étoffe de laine en croisé,1,non,out,835983
étoffe de laine en quart de soie,1,non,out,835983
étoffe de laine en raz de castor,5,oui,out,835983
étoffe de laine en raze de castor,5,non,,41540
étoffe de laine en sarain,1,non,out,835983
étoffe de laine et de fil,1,non,out,835983
étoffe de laine et de poil,33,non,out,835983
étoffe de laine et de soie,171,non,out,835983
étoffe de laine et de soie aune,1,oui,out,835983
étoffe de laine et de soie brodée,1,non,out,835983
étoffe de laine et de soie diverse,1,non,out,835983
étoffe de laine et de velours d'Utrecht,1,non,out,835983
étoffe de laine et poil,11,non,out,835983
étoffe de laine fabrique de Tournai,3,non,out,835983
étoffe de laine fabriquée à Arras,1,non,out,835983
étoffe de laine fleuret au quart,1,non,out,835983
étoffe de laine fleuret et de soie,2,non,out,835983
étoffe de laine florentine,3,non,out,835983
étoffe de laine grains d'orge,1,non,out,835983
étoffe de laine grosse,1,non,out,835983
étoffe de laine imprimée,4,non,out,835983
étoffe de laine large et serge,2,non,out,835983
étoffe de laine mélangée,1,oui,out,835983
étoffe de laine mêlée,1,non,,41540
étoffe de laine mêlée de soie,3,non,out,835983
étoffe de laine mêlée ou pure,151,non,out,835983
étoffe de laine Minorque,3,non,out,835983
étoffe de laine orientale,1,non,,41540
étoffe de laine piquée,1,non,,41540
étoffe de laine poil et laine,4,non,out,835983
étoffe de laine poil et laine velours,1,non,out,835983
étoffe de laine poil poil et laine,1,non,out,835983
étoffe de laine pour nègre,1,non,out,835983
étoffe de laine pure,143,non,out,835983
étoffe de laine pure aune,1,oui,out,835983
étoffe de laine reste,1,non,out,835983
étoffe de laine retour,1,non,out,835983
étoffe de laine riche,1,non,out,835983
étoffe de laine royale,1,non,out,835983
étoffe de laine satinée,1,non,out,835983
étoffe de laine sayali,1,non,,41540
étoffe de laine serge à doublure,2,non,out,835983
étoffe de laine teinte,9,non,out,835983
étoffe de laine turque,2,non,out,835983
étoffe de laine velverde,1,non,out,835983
étoffe de laine verlastine,1,non,out,835983
étoffe de laine voile noir,1,non,out,835983
étoffe de lin et de chanvre mêlés,1,non,out,835983
étoffe de peluches pour nègre,1,non,out,835983
étoffe de plocq,2,non,out,835983
étoffe de poil,39,non,out,835983
étoffe de poil de chameau,14,non,out,835983
étoffe de poil de laine et de velours d'Utrecht,4,non,out,835983
étoffe de poil et de velour d'Utrecht,1,non,out,835983
étoffe de poil et de velours,2,non,out,835983
étoffe de poil et fil,1,non,out,835983
étoffe de poil et laine velours,2,non,out,835983
étoffe de poil et laine velours d'Utrecht,1,non,out,835983
étoffe de pure soie,2,non,,41540
étoffe de pure soie et unie,3,non,,41540
étoffe de pure soie façonnée,2,non,,41540
étoffe de Reims,1,non,out,835983
étoffe de retour,1,non,,41540
étoffe de riche,1,non,out,835983
étoffe de Rouen,1,non,out,835983
étoffe de soie,3078,non,out,835983
étoffe de soie à fil,1,non,out,835983
étoffe de soie au peu,4,oui,out,835983
étoffe de soie au quart,168,non,out,835983
étoffe de soie aune,1,oui,out,835983
étoffe de soie avec argent et or,1,non,out,835983
étoffe de soie blonde,5,non,out,835983
étoffe de soie brochée,1,non,,41540
étoffe de soie brochée d'argent et d'or faux,1,non,out,835983
étoffe de soie brochée d'argent et d'or fin,1,non,out,835983
étoffe de soie brochée de soie,2,non,out,835983
étoffe de soie brodée,5,non,out,835983
étoffe de soie brodée d'or,2,non,out,835983
étoffe de soie brodée en dorure,1,non,out,835983
étoffe de soie brodée en soie retour,1,non,out,835983
étoffe de soie crêpe,10,non,out,835983
étoffe de soie croisée,1,non,out,835983
étoffe de soie crue,1,non,out,835983
étoffe de soie d'armoisin,1,non,out,835983
étoffe de soie d'or et d'argent faux,3,oui,out,835983
étoffe de soie d'Utrecht,1,non,out,835983
étoffe de soie de crêpe,2,non,out,835983
étoffe de soie de fleuret et soie,4,non,out,835983
étoffe de soie de laine,1,non,out,835983
étoffe de soie de lin,1,oui,out,835983
étoffe de soie de Lyon,2,non,,41540
étoffe de soie de renvoi,2,non,out,835983
étoffe de soie de Saint Bours,1,non,out,835983
étoffe de soie de velours,4,non,out,835983
étoffe de soie des Indes,45,non,out,835983
étoffe de soie dite Florence,1,non,out,835983
étoffe de soie dite milleret,1,non,out,835983
étoffe de soie diverse,2,oui,,41540
étoffe de soie dorure,1,oui,,41540
étoffe de soie dorure d'argent,15,non,,41540
étoffe de soie dorure d'argent d'or,9,oui,,41540
étoffe de soie dorure d'argent et d'or,233,non,,41540
étoffe de soie dorure d'argent et d'or faux,10,non,,41540
étoffe de soie dorure d'argent et d'or fin,2,non,,41540
étoffe de soie dorure d'or,43,non,,41540
étoffe de soie dorure d'or et d'argent faux,3,oui,,41540
étoffe de soie dorure d'or faux,1,non,,41540
étoffe de soie du Levant,12,non,out,835983
étoffe de soie durure d'argent d'or,9,oui,,41540
étoffe de soie en coton,1,non,out,835983
étoffe de soie en dorure,4,oui,out,835983
étoffe de soie en dorure aune,1,oui,out,835983
étoffe de soie en drap,1,non,out,835983
étoffe de soie en fleurs,1,non,out,835983
étoffe de soie en laine,1,non,out,835983
étoffe de soie en or et argent,1,non,out,835983
étoffe de soie en velours,3,non,out,835983
étoffe de soie et ???,2,non,out,835983
étoffe de soie et d'argent,1,non,out,835983
étoffe de soie et de fil dorure d'argent,1,non,,41540
étoffe de soie et de poil,1,non,out,835983
étoffe de soie et de velours d'Utrecht,22,non,out,835983
étoffe de soie et de velours de Gênes,4,non,out,835983
étoffe de soie et galets,1,non,out,835983
étoffe de soie et prunelle de laine,1,non,out,835983
étoffe de soie et ruban,1,non,out,835983
étoffe de soie et soierie,6,non,out,835983
étoffe de soie fabriquée,1,non,out,835983
étoffe de soie façonnée,4,non,out,835983
étoffe de soie fleuret et soie,1,non,out,835983
étoffe de soie gros de Tours,1,non,,41540
étoffe de soie herbage,1,non,out,835983
étoffe de soie mêlée,2,non,out,835983
étoffe de soie mêlée d'argent et d'or faux,1,oui,out,835983
étoffe de soie mêlée d'argent et d'or fin,1,oui,out,835983
étoffe de soie mêlée de fil,3,non,out,835983
étoffe de soie mêlée de laine ou de coton,1,non,out,835983
étoffe de soie mi soie,191,non,out,835983
étoffe de soie pays étrangers,6,non,out,835983
étoffe de soie pièce,12,non,out,835983
étoffe de soie pou de soie,1,non,out,835983
étoffe de soie pure,52,non,out,835983
étoffe de soie pure unie,3,oui,out,835983
étoffe de soie raz ??? cir,1,oui,out,835983
étoffe de soie raz ??? fin,2,oui,out,835983
étoffe de soie raz de Sicile,1,non,,41540
étoffe de soie raze ??? cir,1,non,,41540
étoffe de soie raze ??? fin,2,non,,41540
étoffe de soie riche,4,non,out,835983
étoffe de soie unie,4,non,out,835983
étoffe de taffetas,1,non,out,835983
étoffe de velours,18,non,out,835983
étoffe de velours d'Utrecht,6,non,out,835983
étoffe de velours de coton,13,non,out,835983
étoffe de velours de soie,157,non,out,835983
étoffe de voile,2,non,out,835983
étoffe des Iles,4,non,out,835983
étoffe des Indes,27,non,out,835983
étoffe des Indes et soierie,4,non,,41540
étoffe des Indes vestes brodées,1,non,out,835983
étoffe des prises,2,non,out,835983
étoffe dite calutras de coton et de soie,1,non,out,835983
étoffe dite pauvre madame,18,non,out,835983
étoffe diverse couvertures et draperie pour le gouvernement,5,non,out,835983
étoffe dorure,24,non,out,835983
étoffe dorure d'argent,28,non,out,835983
étoffe dorure d'argent et d'or,347,non,out,835983
étoffe dorure d'argent et d'or faux,13,non,out,835983
étoffe dorure d'argent et d'or fin,45,non,,41540
étoffe dorure d'argent fin et d'or,41,oui,out,835983
étoffe dorure d'or,78,non,out,835983
étoffe dorure d'or et de soie,5,oui,,41540
étoffe dorure d'or faux,1,non,out,835983
étoffe dorure de soie,1,oui,out,835983
étoffe dorure et de soie,5,non,out,835983
étoffe dorure fausse,1,oui,out,835983
étoffe dorure fine et de soie,1,oui,out,835983
étoffe droguet,22,non,out,835983
étoffe en bours du Levant,1,non,out,835983
étoffe en dorure et galon et passementerie,24,non,out,835983
étoffe en feuilles,8,non,out,835983
étoffe en or mêlée de soie,27,non,out,835983
étoffe et fer en barres,1,non,out,835983
étoffe et galon d'argent et d'or,1,non,out,835983
étoffe et gaze et crêpe et tulle,10,non,out,835983
étoffe et gaze et toile des Indes,1,non,out,835983
étoffe et lainages,1,non,out,835983
étoffe et ouvrages de soie,1,non,out,835983
étoffe et ruban de fleuret,10,non,out,835983
étoffe et ruban de soie,4,non,out,835983
Étoffe étamine fine,4,oui,out,835983
étoffe éternelle,1,non,out,835983
étoffe éternelle au ? de soie,1,non,,41540
étoffe éternelle de laine,2,non,out,835983
étoffe éternelle mélangée de soie,1,oui,out,835983
étoffe éternelle mêlée de soie,1,non,,41540
étoffe étrangère,5,non,out,835983
étoffe étrangère de jude,1,non,out,835983
étoffe façonnée,100,non,out,835983
étoffe façonnée de soie pure,2,oui,out,835983
étoffe façonnés de soie,2,oui,out,835983
étoffe filoselle,4,non,out,835983
étoffe filoselle de soie,1,non,out,835983
étoffe filoselle et laine,3,non,out,835983
étoffe finette,2,non,out,835983
étoffe flamande de mauvaise qualité,1,non,out,835983
étoffe fleuret,6,non,out,835983
étoffe fleuret et de soie,3,non,out,835983
étoffe fleuret et soie,8,non,out,835983
étoffe flotte,2,non,out,835983
étoffe flotte des Indes,1,non,out,835983
étoffe grosse de laine,2,non,out,835983
étoffe herbage,85,non,out,835983
étoffe herbes,1,non,out,835983
étoffe impériale,2,non,out,835983
étoffe laine de soie,1,non,out,835983
étoffe manchettes,1,non,out,835983
étoffe mélangée au ??? soie,5,oui,out,835983
étoffe mélangée de bourre en molleton,1,oui,out,835983
étoffe mélangée de coton et de soie,12,oui,out,835983
étoffe mélangée de fil et de soie,1,oui,out,835983
étoffe mélangée de fleuret et de soie,1,oui,out,835983
étoffe mélangée de trois matières,3,non,,41540
Étoffe mêlée,15,oui,,41540
étoffe mêlée,26,non,,41540
étoffe mêlée au ??? soie,5,non,,41540
étoffe mêlée de bourre en molleton,1,non,,41540
étoffe mêlée de coton et de soie,1,oui,out,835983
étoffe mêlée de fil de soie,8,non,out,835983
étoffe mêlée de fil et de soie,1,oui,out,835983
étoffe mêlée de soie,1,non,,41540
étoffe mêlée de soie ?,1,oui,out,835983
étoffe mêlée de soie ???,2,non,out,835983
étoffe mêlée de soie à peu,63,oui,out,835983
étoffe mêlée de soie à peu de soie,111,oui,out,835983
étoffe mêlée de soie peluches,133,non,out,835983
étoffe mêlée de soie peu,13,oui,out,835983
étoffe mêlée diverse,5,oui,,41540
étoffe mêlée éternelle au ? de soie,1,oui,out,835983
étoffe mi soie,146,non,out,835983
étoffe mi-soie,1,oui,,41540
étoffe noire,1,non,out,835983
étoffe peinte,1,non,out,835983
étoffe peluches communes,1,non,out,835983
étoffe peluches de laine,25,non,out,835983
étoffe peluches de laines,18,oui,out,835983
étoffe peluches de prise,1,non,,41540
étoffe peluches de soie,7,non,,41540
étoffe peluches de soies,6,oui,out,835983
étoffe peluchesde laines,18,oui,,41540
étoffe peu de soie,1,oui,out,835983
étoffe poil en panne à long poil,1,non,out,835983
étoffe pour talits,1,non,out,835983
étoffe pure brochée d'or fin,1,non,out,835983
étoffe pure brochée de soie,1,oui,out,835983
étoffe pure façonnée,1,non,out,835983
étoffe pure unie,1,non,out,835983
étoffe pures de fleuret et mouchoirs,1,non,,41540
étoffe pures et mouchoirs de fleuret,1,oui,out,835983
étoffe refoulée,1,non,out,835983
étoffe riche,116,non,out,835983
étoffe riche en or,1,non,out,835983
étoffe riche en or et argent,24,non,out,835983
étoffe riche or et argent,1,non,out,835983
étoffe riche ou or et argent,1,non,out,835983
étoffe royale,1,non,out,835983
étoffe soie au quart,2,oui,out,835983
étoffe soie crêpe,2,non,out,835983
étoffe soie des Indes,1,non,out,835983
étoffe soierie,1,non,out,835983
étoffe taffetas,5,non,out,835983
étoffes dorures et effets de mode,78,non,,41540
étoupes,230,non,out,835983
étoupes à calfater,9,non,out,835983
étoupes blanches,3,non,out,835983
étoupes de chanvre,213,non,out,835983
étoupes de coton,1,non,out,835983
étoupes de filoselle,1,non,out,835983
étoupes de laine,3,non,out,835983
étoupes de lin,17,non,out,835983
étoupes de soie,90,non,out,835983
étoupes de vieux cordage,1,non,,41540
étoupes de vieux cordages,1,oui,out,835983
étoupes et cordes de lin,106,non,out,835983
étoupes noires,10,non,out,835983
étriers,8,non,out,835983
étrille de fer,16,non,out,835983
étrilles,1,non,out,835983
étuis,13,non,out,835983
étuis à cachets,1,non,out,835983
étuis à cure-dents,2,non,out,835983
étuis à lunettes,1,non,out,835983
étuis d'or,2,non,out,835983
étuis d'or en burgos,1,non,out,835983
étuis de bergamote,2,non,out,835983
étuis de bois et étuis de paille et boîtes de papier,2,non,out,835983
étuis de carton,1,non,out,835983
étuis de chapeaux,2,non,out,835983
étuis de chirurgie,1,non,out,835983
étuis de ciseaux garnis d'argent,1,non,out,835983
étuis de mathématique,1,non,out,835983
étuis et tabatières et autres bijouteries garnies d'argent et d'or,11,non,out,835983
étuis et tabatières garnis d'argent,5,non,out,835983
étuis et tabatières garnis d'argent et d'or,3,non,out,835983
étuis et tabatières garnis d'or,11,non,out,835983
étuis garnis,2,non,out,835983
étuis pour plumes à écrire,2,non,out,835983
étuve,3,non,out,835983
étuve commune,1,non,out,835983
étuve de cuivre,2,non,out,835983
étuve de fer,131,non,out,835983
étuve de fer à sucre,2,non,out,835983
euphorbe,42,non,out,835983
éventails,246,non,out,835983
éventails à brin d'ivoire et écaille,1,non,out,835983
éventails à brin d'os et écaille,1,non,out,835983
éventails à feuille de soie,1,non,out,835983
éventails à feuilles communes,2,non,out,835983
éventails communs,123,non,out,835983
éventails d'écaille et d'ivoire et de nacre,15,non,out,835983
éventails d'ivoire,23,non,out,835983
éventails d'ivoire fin,1,non,out,835983
éventails d'or,1,non,out,835983
éventails d'os,3,non,out,835983
éventails de la Chine,2,non,out,835983
éventails de nacre,1,non,out,835983
éventails de paille,3,non,out,835983
éventails de palme,16,non,out,835983
éventails de papier,5,non,out,835983
éventails de plume,3,non,out,835983
éventails de porcelaine,2,non,out,835983
éventails de taffetas,116,non,out,835983
éventails des Indes,2,non,out,835983
éventails et papier dito,114,non,out,835983
éventails fins,157,non,out,835983
éventails fins et d'ivoire,1,non,out,835983
éventails incrustés d'or et de nacre de perles,1,non,out,835983
éventails par douzaines,1,non,out,835983
éventails sur écaille,1,non,out,835983
éviers,1,non,out,835983
export,0,non,,41540
extrait ???,0,non,out,835983
extrait d'absinthe,2,non,,41540
extrait d'aspic,1,non,out,835983
extrait d'odeur,6,non,out,835983
extrait de citron,7,non,out,835983
extrait de genièvre,19,non,out,835983
extrait de lavande,14,non,out,835983
facheaux de bois à brûler,1,oui,out,835983
facheaux de bois pour brûler,1,non,,41540
fagots,189,non,out,835983
fagots de bois,21,non,out,835983
fagots de bois à brûler,16,oui,out,835983
fagots de bois pour brûler,16,non,,41540
faïence,2248,non,out,835983
faïence à miette,1,non,out,835983
faïence anglaise,4,non,,41540
faïence commune,5,non,out,835983
faïence d'Oneille,1,non,out,835983
faïence de Delft,3,non,out,835983
faïence de Rouen,3,non,out,835983
faïence de Versailles,2,non,out,835983
faïence diverse,7,non,out,835983
faïence du Faubourg Saint-Antoine,3,non,out,835983
faïence en ???,1,non,out,835983
faïence et porcelaine et poterie,12,non,out,835983
faïence et poterie,31,non,out,835983
faïence et poterie de grès et de terre,68,non,out,835983
faïence et poterie et verrerie,15,non,out,835983
faïence noire,2,non,,41540
faïence pour cheminée,1,non,out,835983
faïence pour jardin,1,non,out,835983
failles de laine,7,non,out,835983
faire la course aux fraudeurs,1,non,,41540
faire la pêche au poisson frais,0,oui,,41540
fais vieux,1,non,out,835983
faisans,10,non,out,835983
faisceaux,1,non,,41540
faîteaux,2,non,out,835983
faitiers,1,non,out,835983
falquieres de mulet,4,non,out,835983
faltranck suisse,2,non,out,835983
fanailes,0,non,out,835983
fanal de navire,2,non,out,835983
fanal de vaisseaux,1,non,out,835983
fanal de verre,1,non,out,835983
faneaux de fer-blanc,1,non,out,835983
fanon,2,non,out,835983
fanon de baleine,16,non,out,835983
fanon de baleine apprêté,4,non,out,835983
fanon de baleine brut,4,non,out,835983
fanon de baleine brut de pêche étrangère,0,non,out,835983
fanon de baleine brut de pêche française,1,non,out,835983
farces à drapier,0,oui,out,835983
fard rouge,1,non,out,835983
farine,2520,non,out,835983
farine d'avoine,3,non,out,835983
farine d'orge,1,non,out,835983
farine d'orge et gruau,2,non,out,835983
farine de bouquette,4,non,out,835983
farine de fleurs,1,non,out,835983
farine de froment,65,non,out,835983
farine de froment fleur,1,non,out,835983
farine de grains blé,6,non,out,835983
farine de grains blé d'Inde,2,non,out,835983
farine de grains blé et froment,12,non,out,835983
farine de grains blé froment et méteil,1,non,out,835983
farine de maïs menus grains et seigle,1,non,out,835983
farine de manioc,6,non,out,835983
farine de millet,1,non,,41540
farine de pois,1,non,,41540
farine de pois sec et fève,1,non,out,835983
farine de sarrasin,6,non,out,835983
farine de seigle,8,non,out,835983
farine de terre à sucre ?,1,non,,41540
farine en déchet,1,non,out,835983
farine en douelles,1,non,,41540
farine en fleurs,4,non,out,835983
farine en gruau,47,non,out,835983
farine et biscuit,12,non,out,835983
farine et biscuit de mer,206,non,out,835983
farine et biscuit de mer et pâte,10,non,out,835983
farine et biscuit de mer et pâte d'Italie,16,non,out,835983
farine et biscuit et gruau,5,non,out,835983
farine et biscuit et pâte,73,non,out,835983
farine et gruau,8,non,,41540
farine et gruau et pâte,23,non,out,835983
farine et pâte d'Italie,52,non,out,835983
farine et pâte d'Italie et vermicelle,13,non,out,835983
farine et pâte et vermicelle,42,non,out,835983
farine fleurs de froment,1,non,out,835983
farine gruau,13,oui,out,835983
farine ordinaire,37,non,out,835983
farme ???,0,non,out,835983
fascines d'orme,1,non,out,835983
fascines de bois,2,non,out,835983
fasoche,0,non,out,835983
faucilles,49,non,out,835983
faucilles autres instruments aratoires,5,non,out,835983
faucilles autres instruments aratoires que faux,2,non,out,835983
faucilles d'acier,2,non,out,835983
faucilles en fer,1,non,,41540
faucilles et autres instruments aratoires,1,non,out,835983
faucilles et faux,6,non,out,835983
faucilles et faux d'acier et de fer,1,non,,41540
faucilles et faux et fil de laiton et limes,143,non,out,835983
faude de cuir,1,non,out,835983
fauquets,2,non,out,835983
fauquières,1,non,out,835983
fautas,2,non,out,835983
faute,1,non,out,835983
fauteuils de bois,1,non,out,835983
fauteuils de canne,6,non,out,835983
fauteuils de cuir de Russie,1,non,out,835983
fauteuils de jonc,2,non,out,835983
fauteuils de laine,1,non,,41540
fauteuils de paille,15,non,out,835983
fauteuils de passerame avec leurs harnais,1,non,out,835983
fauteuils de rotin,1,non,out,835983
fauteuils de tapisserie,2,non,out,835983
fauteuils de tapisserie petit point,1,non,out,835983
fauteuils et chaises de canne,1,non,out,835983
fauteuils et chaises de poste,1,non,out,835983
fauteuils et chaises de rotin,2,non,out,835983
faux,66,non,out,835983
faux à faucher,325,non,out,835983
faux à revers,1,non,,41540
faux d'acier et de fer,5,non,out,835983
faux de fer,2,non,out,835983
faux et fannelles de fer et d'acier,2,non,,41540
faux et faucilles,245,non,out,835983
faux et ferailles,13,non,out,835983
favelottes,112,non,out,835983
favelottes en gerbe,13,non,out,835983
fayoles,13,oui,out,835983
fayots,2,oui,out,835983
fébrifuge,1,non,out,835983
fen en bandes et en barres,4,non,out,835983
fenêtre de noyer,1,non,out,835983
fenouil,38,non,out,835983
fenouil de Florence,2,non,out,835983
fenugrec,6,non,out,835983
fer,3381,non,out,835983
fer à carder,1,non,,41540
fer à cardes,1,non,out,835983
fer à cheval,5,non,out,835983
fer à coiffer,5,non,out,835983
fer à faire feu,1,non,out,835983
fer à friser,1,non,out,835983
fer à la valeur,17,non,out,835983
fer à lames,1,non,out,835983
fer à moulins,1,non,out,835983
fer à mulets,1,non,out,835983
fer à nègre,24,non,out,835983
fer à repasser,15,non,out,835983
fer battu,77,non,out,835983
fer battu et fondu,1,non,out,835983
fer battu et ouvrages de fer,145,non,out,835983
fer blanc en feuille ouvrée,1,oui,,41540
fer blanc en feuilles ouvré,7,non,,41540
fer bleu,1,non,out,835983
fer brut,4,non,out,835983
fer brut de fonte,5,non,out,835983
fer carré,16,non,out,835983
fer caverges,4,non,out,835983
fer coudé,2,non,out,835983
fer coulé,330,non,out,835983
fer coulé en fonte,1,non,out,835983
fer coulé en gueuse,11,non,out,835983
fer coulé et battu,1,non,,41540
fer coulé et de fonte,6,non,out,835983
fer coulé figuré,1,non,out,835983
fer coulé ou de fonte,15,non,out,835983
fer courbe,1,non,out,835983
fer d'Espagne,4,non,out,835983
fer de calibre de 24 livres,1,non,,41540
fer de canne,1,non,,41540
fer de captifs,1,non,out,835983
fer de charrues,2,non,out,835983
fer de fonte,72,non,out,835983
fer de fonte brut ouvré,11,non,,41540
fer de fonte en gueuse,5,non,out,835983
fer de fonte ouvert,2,non,out,835983
fer de lin cierge,1,non,out,835983
fer de mulets,2,non,out,835983
fer de Sibérie,1,non,out,835983
fer de tôle,1,non,out,835983
fer de toutes sortes,13,non,out,835983
fer de traite,1,non,out,835983
fer de voyage,1,non,out,835983
fer dhipsium,1,non,out,835983
fer divers en barres feuillards,11,non,,41540
fer en ?,9,non,out,835983
fer en balle,2,non,out,835983
fer en ballon,5,non,out,835983
fer en bandes,37,non,out,835983
fer en barils,2,non,out,835983
fer en barre et fer ouvré,4,non,,41540
fer en barres,3092,non,out,835983
fer en barres à frire,1,non,out,835983
fer en barres blanc,3,non,out,835983
fer en barres d'Espagne,5,non,out,835983
fer en barres de Suède,4,non,out,835983
fer en barres et en verges,1,non,,41540
fer en barres et feuillards,3,non,,41540
fer en barres et feuilles,1,non,,41540
fer en barres étiré,2,non,out,835983
fer en batterie,92,non,out,835983
fer en bottes,29,non,out,835983
fer en boue,1,non,out,835983
fer en casse,18,non,out,835983
fer en caverge,1,non,out,835983
fer en chaudronnerie,7,non,out,835983
fer en choux,6,non,out,835983
fer en clous,6,oui,,41540
fer en crapaudines,5,non,out,835983
fer en culture,1,non,out,835983
fer en écopes,9,non,out,835983
fer en fafion,1,non,out,835983
fer en feuilles doubles,2,non,out,835983
fer en fichu,1,non,out,835983
fer en fonte,10,non,out,835983
fer en fourrure,1,non,out,835983
fer en grappes,1,non,out,835983
fer en grenades,2,non,out,835983
fer en grenaille,19,non,out,835983
fer en grilles,1,non,,41540
fer en grillons,3,non,out,835983
fer en grosses,1,non,out,835983
fer en guéné,1,non,out,835983
fer en gueuse,131,non,out,835983
fer en haches,1,non,out,835983
fer en laine,1,non,out,835983
fer en laiton,3,non,out,835983
fer en lamelles,1,non,out,835983
fer en lest,1,non,,41540
fer en liens,1,non,out,835983
fer en limaille,1,non,out,835983
fer en metumes,1,non,out,835983
fer en mine,0,non,out,835983
fer en mitraille,5,non,out,835983
fer en palme,1,non,out,835983
fer en paquet,8,non,out,835983
fer en paquets,6,oui,,41540
fer en planches,1,non,out,835983
fer en plançons,1,non,out,835983
fer en plane,0,non,out,835983
fer en plaques,305,non,out,835983
fer en platines,198,non,out,835983
fer en platures,1,non,out,835983
fer en plomb,1,non,out,835983
fer en pocle,1,non,out,835983
fer en potin,1,non,out,835983
fer en quincaille,3,non,out,835983
fer en sablerie,1,non,out,835983
fer en sol,2,non,out,835983
fer en suc,1,non,out,835983
fer en taillanderie,23,non,out,835983
fer en tôle et en feuilles,0,non,out,835983
fer en tôle feuilles doubles,1,non,,41540
fer en tôle feuilles simples,1,non,,41540
fer en truffe,10,non,out,835983
fer en verges et lattes,123,non,out,835983
fer en vrilles,1,non,out,835983
fer et canons de fer,1,non,out,835983
fer et étain,1,non,out,835983
fer et ferrements à nègre,3,non,out,835983
fer et ferrure,1,non,out,835983
fer figuré,4,non,out,835983
fer floud,1,non,out,835983
fer fondu,4,non,out,835983
fer fondu en grillons,1,non,out,835983
"fer fondu en Hambourg et planques, poêles et chaudière",1,non,,41540
"fer fondu en Hambourg et planques, poêles et chaudières",1,oui,out,835983
fer fondu et coulé,135,non,out,835983
fer forgé en massiaux ou prismes,3,non,out,835983
fer laminé,1,non,out,835983
fer maqua,6,non,out,835983
fer marchand,1900,non,out,835983
fer marth,1,non,out,835983
fer moulé autre que pour projectiles de guerre,2,non,out,835983
fer neuf,1,non,out,835983
fer noir,275,non,out,835983
fer noir de 450 feuilles,3,non,out,835983
fer noir de feuilles,24,non,out,835983
fer noir double,3,non,out,835983
fer noir en feuilles doubles,6,non,out,835983
fer noir en feuilles simples,7,non,out,835983
fer noir et en tôle,5,non,out,835983
fer noir et simple de 450 feuilles,2,non,out,835983
fer noir simple,23,non,out,835983
fer noirci,1,non,out,835983
fer ou fer fondu,3,non,out,835983
fer plat,56,non,out,835983
fer plat en barres,1,non,,41540
fer pour foyer,2,non,out,835983
fer pour liquarer et en verge,3,non,out,835983
fer pour moulins à sucre,2,non,out,835983
fer préparé pour canons de fusils et pistolets,1,non,out,835983
fer préparé pour forces à tondre le drap,1,non,out,835983
fer rond,54,non,out,835983
fer roue,1,non,out,835983
fer roulé,1,non,,41540
fer spaté,14,non,out,835983
fer tôle,2,non,out,835983
fer vieux,488,non,out,835983
fer vieux ouvré,1,non,out,835983
fer-blanc,1557,non,out,835983
fer-blanc brut,2,non,out,835983
fer-blanc de 450 feuilles,4,non,out,835983
Fer-blanc de 600 feuilles,1,non,out,835983
fer-blanc double,23,non,out,835983
fer-blanc double de 450 feuilles,1,non,out,835983
fer-blanc en bottes,1,non,out,835983
fer-blanc en feuilles,276,non,out,835983
fer-blanc en quart,1,oui,out,835983
fer-blanc en tôle,6,non,out,835983
fer-blanc et de 600 feuilles,2,non,out,835983
fer-blanc étamé laminé ou platiné,6,non,out,835983
fer-blanc laminé ou platiné,2,non,out,835983
fer-blanc par barils de 450 feuilles,1,non,out,835983
fer-blanc par barils de 600 feuilles,1,non,out,835983
fer-blanc simple,95,non,out,835983
fer-blanc simple de 450 feuilles,3,non,out,835983
fer-blanc simple pour la Compagnie des Indes,2,non,out,835983
fer-blanc vieux,2,non,out,835983
ferblanterie,12,non,out,835983
ferrachon,7,non,out,835983
ferraille,23,non,out,835983
ferraille et mitraille,2,non,out,835983
ferraille limaille mitraille et paille de fer,2,non,out,835983
ferraille vieille,126,non,out,835983
ferrandine,5,non,out,835983
ferrements,161,non,out,835983
ferrements à chirurgie,1,non,out,835983
ferrements à menuisier,1,non,out,835983
ferrements à nègre,18,non,out,835983
ferrements à sucre,6,non,out,835983
ferrés,1,non,out,835983
ferrières,1,non,out,835983
ferronnerie,1,non,out,835983
ferrure,9,non,out,835983
feu,2,non,out,835983
feu argenté,2,non,out,835983
feuillards,240,non,out,835983
feuillards d'acier et de fer,1,non,,41540
feuillards d'acier et de fer blanc,1,non,,41540
feuillards de 2 à 4 mètres exclusivement,2,non,out,835983
feuillards de 2 de longueur et au-dessous,1,non,out,835983
feuillards de 4 mètres et au-dessus,1,non,out,835983
feuillards de bois,187,non,out,835983
feuillards de bois à barriques,4,oui,out,835983
feuillards de bois à boucaud,4,oui,out,835983
feuillards de bois de 2 à 4 mètres,2,non,out,835983
feuillards de bois de 2 à 4 mètres exclusivement,6,non,out,835983
feuillards de bois de 2 mètres et au-dessous,8,non,out,835983
feuillards de bois de 2 mètres et au-dessus,1,non,out,835983
feuillards de bois de 4 mètres,2,non,out,835983
feuillards de bois de 4 mètres et au-dessus,4,non,out,835983
feuillards de bois en cordes,1,non,out,835983
feuillards de bois et osier,3,non,,41540
feuillards de bois merrains,10,non,out,835983
feuillards de bois pipage,5,oui,out,835983
feuillards de bois pour barriques,4,oui,,41540
feuillards de bois pour boucaud,4,non,,41540
feuillards de fer,131,non,out,835983
feuillards de fer et cercles de fer,0,non,out,835983
feuillards de fer et tôle de fer,5,non,out,835983
feuillards de fer ou ???,0,non,out,835983
feuillards ou cercles,1,non,out,835983
feuillards pour barriques,2,non,out,835983
feuillards reste de,1,non,,41540
feuilles,67,non,out,835983
feuilles à poing,1,non,out,835983
feuilles autres que médicinales,2,non,out,835983
feuilles d'argent,2,non,out,835983
feuilles d'argent battu et d'or,2,non,out,835983
feuilles d'argent et d'or,1,non,out,835983
feuilles d'or,5,non,out,835983
feuilles d'or battu,10,non,out,835983
feuilles d'oranger,32,non,out,835983
feuilles d'oranger et fleurs d'oranger,11,non,out,835983
feuilles de bois,1,non,out,835983
feuilles de cartes à chaperonnier,1,non,out,835983
feuilles de carton,4,non,out,835983
feuilles de carton et autres,1,non,out,835983
feuilles de carton et ouvrages de carton,31,non,out,835983
feuilles de cire blanche,122,non,out,835983
feuilles de coralier,1,non,out,835983
feuilles de cornes,7,non,out,835983
feuilles de cuivre,219,non,out,835983
feuilles de cuivre et planches de cuivre,18,non,out,835983
feuilles de cuivre et planches de cuivre et ???,5,non,out,835983
feuilles de cuivre planches de cuivre et ouvrages de cuivre,2,non,out,835983
feuilles de cuivre rouge,17,non,out,835983
feuilles de fer,98,non,out,835983
feuilles de fer feuillards de fer et tôle de fer,6,non,,41540
feuilles de fer pour cercles,2,non,out,835983
feuilles de fer simples et doubles,1,non,out,835983
feuilles de fer-blanc,1,non,out,835983
feuilles de laiton,1,non,out,835983
feuilles de laurier,4,non,out,835983
feuilles de séné,27,non,out,835983
feuilles de séné entières ou en grabeau,25,non,out,835983
feuilles de séné et séné,84,non,out,835983
feuilles de tabac,889,non,out,835983
feuilles des prises de tabac,1,non,out,835983
feuilles et herbes à teindre,19,non,out,835983
feuillure,1,oui,,41540
feutres pour doublage,1,non,out,835983
feutres pour filtrer semelles et autres ouvrages,2,non,out,835983
feuves,1,non,out,835983
fèverolles,11,oui,out,835983
fèves,1559,non,out,835983
fèves ??,1,non,,41540
fèves blanches,2,non,out,835983
fèves de cacao,1,non,,41540
fèves de marais,17,non,out,835983
fèves de Rome,1,non,out,835983
fèves de Saint-Ignace,1,non,out,835983
fèves en barils,1,non,out,835983
fèves en gerbes,33,non,out,835983
fèves et coques de cacao brut,1,non,out,835983
fèves et grenaille,1,non,,41540
fèves et haricots et pois,2,non,,41540
fèves et pois,19,non,out,835983
fèves noires et haricots,1,non,,41540
fèves odorantes de Tonka,2,non,out,835983
fèves petites,2,non,,41540
fèves plates,2,non,out,835983
fèves pour mulets,5,non,,41540
fèves sèches,1,non,out,835983
fiasques,1,non,out,835983
fiasques de carton,1,non,out,835983
ficelle,333,non,out,835983
ficelle en botte,1,non,,41540
fiches,1,non,out,835983
fichus,5,non,out,835983
fichus brodés de soie en couleur,1,non,out,835983
fichus de gaze,2,non,,41540
fichus de gaze de soie,6,non,out,835983
fichus de mousseline,1,non,out,835983
fichus de mousseline brodée de couleur,1,non,,41540
fichus de mousseline brodés de couleur,1,oui,out,835983
fichus de soie,8,non,out,835983
fichus de soie des Indes,1,non,out,835983
fichus divers,1,non,out,835983
fichus rayés,4,non,out,835983
fideau,428,non,out,835983
fideau de retour,1,non,,41540
fiente de pigeon,2,non,,41540
fifres et flageolets,2,non,out,835983
fifres flageolets et flûtes,2,non,out,835983
figue,1149,non,out,835983
figue et raisin,1,non,out,835983
figue et raisin sec pruneaux et poires tapées,2,oui,,41540
figue et raisin secs pruneaux et poires tapées,2,oui,out,835983
figue et sumac,2,non,out,835983
figue fraîche et fruits verts,7,non,out,835983
figue prune et raisin,2,non,out,835983
figue sèche,82,non,out,835983
figues,1,non,,41540
figuier,1,non,out,835983
figures,6,non,out,835983
figures d'albâtre,2,non,out,835983
figures d'albâtre petites,1,non,,41540
figures d'ivoire,1,non,out,835983
figures d'une vierge en bois,1,non,out,835983
figures de bronze,3,non,out,835983
figures de cire,74,non,out,835983
figures de cire habillées,5,non,out,835983
figures de cuivre,1,non,out,835983
figures de fer,1,non,out,835983
figures de marbre,2,non,out,835983
figures de pierres,1,non,,41540
figures de pierres brutes,1,non,,41540
figures de plâtre,10,non,out,835983
figures de terre,2,non,out,835983
figures en plâtre,1,non,out,835983
figures sur bois,3,non,out,835983
fil,858,non,out,835983
fil à brin marin,1,non,out,835983
fil à brocher,1,non,out,835983
fil à broder,10,non,out,835983
fil à câble,3,non,out,835983
fil à carder,16,non,out,835983
fil à corder,1,oui,out,835983
fil à cordonnier,15,non,out,835983
fil à coudre,466,non,out,835983
fil à coudre bis,1,non,out,835983
fil à coudre blanc en écheveaux,1,non,,41540
fil à coudre bleu,5,non,,41540
fil à coudre commun,15,non,out,835983
fil à coudre d'Épinal,34,non,out,835983
fil à coudre d'épreuve,1,non,out,835983
fil à coudre de Bretagne,8,non,out,835983
fil à coudre de chanvre,18,non,out,835983
fil à coudre de coton,1,non,out,835983
fil à coudre de couleur,96,non,out,835983
fil à coudre de couteau,1,non,out,835983
fil à coudre de ménage,1,non,out,835983
fil à coudre de Rennes,32,oui,out,835983
fil à coudre de ritte,1,non,out,835983
fil à coudre divers,70,non,out,835983
fil à coudre du fin,11,non,out,835983
fil à coudre du Piémont,1,non,out,835983
fil à coudre en masses,1,non,out,835983
fil à coudre en poignées,1,non,out,835983
fil à coudre gris,1,non,out,835983
fil à coudre moyen,1,non,out,835983
fil à coudre pour voile,10,non,out,835983
fil à dentelle,75,non,out,835983
fil à dentelle blanc,8,non,out,835983
fil à dentelle commun,8,non,out,835983
fil à dentelle cru,1,non,out,835983
fil à dentelle fin,6,non,out,835983
fil à dentelle mi fin,5,non,out,835983
fil à dentelle moyen,1,non,out,835983
fil à dentelle sain,1,non,out,835983
fil a doyne,1,non,,41540
fil à esturgeon,2,non,out,835983
fil à femme,3,non,out,835983
fil à fille,1,non,out,835983
fil à flotte,1,non,out,835983
fil à folle,11,non,out,835983
fil à fondre,1,non,out,835983
fil à forme,2,non,out,835983
fil à gants,2,non,out,835983
fil à gargousses,3,non,out,835983
fil à laine,4,non,out,835983
fil à lignes,2,non,out,835983
fil à loup marin,1,non,out,835983
fil à marquer,9,non,out,835983
fil à mèche,1,non,out,835983
fil à papillon,22,non,out,835983
fil à pêche,3,non,out,835983
fil à ralingue,4,non,out,835983
fil à reine,1,non,out,835983
fil à rets,38,non,out,835983
fil à rouet,1,non,out,835983
fil à sapillon,1,non,out,835983
fil à sardineaux,2,non,out,835983
fil à selle,1,non,out,835983
fil à sennes,48,non,out,835983
fil à sol,5,non,out,835983
fil à table,1,non,out,835983
fil à tisserand,7,non,out,835983
fil à tisserand de chenette,1,non,out,835983
fil à tisserand divers,2,non,out,835983
fil à toile,8,non,out,835983
fil à tricoter,147,non,out,835983
fil à voile,423,non,,41540
fil auville,1,non,out,835983
fil blanc,273,non,out,835983
fil blanc à corder,1,oui,out,835983
fil blanc à coudre,314,non,out,835983
fil blanc bas prix,17,non,out,835983
fil blanc commun,1,non,out,835983
fil blanc d'Épinal,9,non,out,835983
fil blanc de chanvre,7,non,out,835983
fil blanc de lin,2,non,out,835983
fil blanc de lin d'Épinal,1,non,out,835983
fil blanc de Rennes,3,non,out,835983
fil blanc et couleur,1,non,out,835983
fil blanc fin,5,non,out,835983
fil blanc haut prix,18,non,out,835983
fil blanc retors,9,non,out,835983
fil cardé,5,non,out,835983
fil chèvre,1,non,out,835983
fil commun,6,non,out,835983
fil corailleur,2,non,out,835983
fil crin,3,non,out,835983
fil cru,152,non,out,835983
fil cru à toile,5,non,out,835983
fil cru en masse,1,non,,41540
fil cru simple,1,non,out,835983
fil d'acier,10,non,out,835983
fil d'arbalètes,1,non,out,835983
fil d'archal,4,non,out,835983
fil d'argent,15,non,out,835983
fil d'argent et d'or,26,non,out,835983
fil d'argent et d'or faux,2,non,out,835983
fil d'argent et d'or fin,4,non,out,835983
fil d'argent faux,1,non,out,835983
fil d'argent fin,1,non,out,835983
fil d'Auvergne,1,non,out,835983
fil d'emballage,1,non,out,835983
fil d'Épinal,2,non,out,835983
fil d'Épinal de Silésie,96,non,out,835983
fil d'Épinal gris,3,non,out,835983
fil d'Épinal simple,1,non,out,835983
fil d'Epinay,1,non,out,835983
fil d'épreuve,10,non,out,835983
fil d'Espagne,1,non,out,835983
fil d'espars,2,non,out,835983
fil d'Espinay,6,non,out,835983
fil d'estame,5,non,out,835983
fil d'étoupes,130,non,out,835983
fil d'étoupes de chanvre,1,non,out,835983
fil d'étoupes de lin,1,non,out,835983
fil d'or,44,non,out,835983
fil d'or faux,5,non,out,835983
fil d'or fin,9,non,out,835983
fil d'or sur soie,3,non,out,835983
fil d'or surdoré,1,non,out,835983
fil d'or vrai,2,non,out,835983
fil de Bergagne,1,non,out,835983
fil de Bieustons,2,non,out,835983
fil de Bourgogne,31,non,out,835983
fil de Bretagne,29,non,out,835983
fil de canette,1,non,out,835983
fil de caret,38,non,out,835983
fil de caret ou de voile,1,non,out,835983
fil de chanvre,137,non,out,835983
fil de chanvre cru,4,non,out,835983
fil de chanvre d'étoupes,1,non,,41540
fil de chanvre écru,5,non,out,835983
fil de chanvre ou de lin,261,non,out,835983
fil de chanvre ou de lin à coudre retors et teint,28,non,out,835983
fil de chanvre ou de lin bis ou herbé écru d'étoupes simple,2,non,out,835983
fil de chanvre ou de lin bis ou herbé écru de mulquinerie simple,1,non,out,835983
fil de chanvre ou de lin bis ou herbé écru simple autre que pour voile,2,non,out,835983
fil de chanvre ou de lin bis ou herbé écru simple pour voile,2,non,out,835983
fil de chanvre ou de lin blanchi à dentelle ou bis herbé retors,2,non,out,835983
fil de chanvre ou de lin blanchi à dentelle retors,2,non,out,835983
fil de chanvre ou de lin blanchi autre qu'à dentelle ou bis herbé retors,2,non,out,835983
fil de chanvre ou de lin blanchi retors,5,non,out,835983
fil de chanvre ou de lin blanchi simple,9,non,out,835983
fil de chanvre ou de lin écru d'étoupes simple,6,non,out,835983
fil de chanvre ou de lin écru de mulquinerie simple,3,non,out,835983
fil de chanvre ou de lin écru pour voile,2,non,out,835983
fil de chanvre ou de lin écru retors,9,non,out,835983
fil de chanvre ou de lin écru retors autre que pour voile,2,non,out,835983
fil de chanvre ou de lin écru retors pour voile,4,non,out,835983
fil de chanvre ou de lin écru simple,5,non,out,835983
fil de chanvre ou de lin écru simple pour voile,6,non,out,835983
fil de chanvre ou de lin pour dentelle écru retors,2,non,out,835983
fil de chanvre ou de lin retors teint,8,non,out,835983
fil de chanvre ou de lin simple teint,4,non,out,835983
fil de chanvre pour voile,1,non,out,835983
fil de chanvre retors,1,non,,41540
fil de chanvre riz,1,non,out,835983
fil de charrettes,14,non,out,835983
fil de chèvre,479,non,out,835983
fil de chevrette,2,non,out,835983
fil de corailleur,45,non,out,835983
fil de cordonnier,2,non,out,835983
fil de coton,1510,non,out,835983
fil de coton blanc,8,non,out,835983
fil de coton bleu,1,non,out,835983
fil de coton commun,32,non,out,835983
fil de coton de Boza,1,non,out,835983
fil de coton de retour,1,non,out,835983
fil de coton des Îles et des Îndes,1,non,,41540
fil de coton des Indes,33,non,out,835983
fil de coton du Levant,64,non,out,835983
fil de coton étranger,1,non,out,835983
fil de coton fin,6,non,out,835983
fil de coton fin d'once,17,non,out,835983
fil de coton pur ou mélangé,1,non,out,835983
fil de coton rouge,7,non,out,835983
fil de coton teint,4,non,out,835983
fil de couleur,30,non,out,835983
fil de couleur à coudre,2,non,out,835983
fil de couleur de Rennes,4,oui,out,835983
fil de couleurs,3,non,out,835983
fil de couture,1,non,out,835983
fil de crin,3,non,out,835983
fil de cuivre,2,non,out,835983
fil de cuivre argenté,2,non,out,835983
fil de cuivre doré,1,non,out,835983
fil de cuivre en barreaux ronds,1,non,out,835983
fil de cuivre pour fabrication d'épingles,1,non,out,835983
fil de cuivre pur,2,non,out,835983
fil de cuivre pur non-teint,4,non,out,835983
fil de cuivre pur teint,1,non,out,835983
fil de de soie,2,oui,out,835983
fil de dorure,2,non,out,835983
fil de fer,1052,non,out,835983
fil de fer à carder,49,non,out,835983
fil de fer de Couty,1,non,out,835983
fil de fer et de laiton,1,non,,41540
fil de fer gros,41,non,out,835983
fil de fer même étamé,7,non,out,835983
fil de fer ordinaire,8,non,out,835983
fil de fer passe perles,41,non,out,835983
fil de fer passepoil,1,non,out,835983
fil de fer pour la Compagnie des Indes,4,non,out,835983
fil de filoselle,8,non,out,835983
fil de Flandre,2,non,out,835983
fil de Flandre fin,1,non,out,835983
fil de fleuret,2,non,out,835983
fil de forêt,2,non,out,835983
fil de France,1,non,out,835983
fil de Hollande,2,non,out,835983
fil de laine,30,non,out,835983
fil de laine à broder,1,non,out,835983
fil de laine à coudre,1,non,out,835983
fil de laine blanc,101,non,out,835983
fil de laine commune,343,non,out,835983
fil de laine en masse,1,non,,41540
fil de laine fine,18,non,out,835983
fil de laine fine et teinte,13,non,out,835983
fil de laine grasse,2,oui,out,835983
fil de laine lavé,1,non,,41540
fil de laine ou sayette blanche,33,non,out,835983
fil de laine ou sayette teinte,2,non,out,835983
fil de laine pour tenture,3,non,out,835983
fil de laine teint,130,non,out,835983
fil de laine teinte,5,non,out,835983
fil de laine teinte pour broder,1,non,out,835983
fil de laiton,781,non,out,835983
fil de laiton argenté,3,non,out,835983
fil de laiton et laiton,23,non,out,835983
fil de laiton fourrure rosette et monnaie,2,non,,41540
fil de laiton jaune,111,non,out,835983
fil de laiton jaune et noir,12,non,out,835983
fil de laiton jaune et noir pour épingle,20,non,out,835983
fil de laiton non poli,1,non,out,835983
fil de laiton poli,5,non,out,835983
fil de laiton poli pour cordes d'instrument,1,non,out,835983
fil de laiton poli pour instrument,1,non,out,835983
fil de laiton pour cordes d'instrument,3,non,out,835983
fil de latez,1,non,out,835983
fil de layette,1,non,out,835983
fil de lignes,1,non,,41540
fil de lin,95,non,out,835983
fil de lin à coudre,6,non,out,835983
fil de lin bis,15,non,out,835983
fil de lin bis blanc,10,non,out,835983
fil de lin bis retors,1,non,out,835983
fil de lin bis simple,1,non,out,835983
fil de lin blanc,213,non,out,835983
fil de lin blanc de 10 à 12 florins la livre,3,non,out,835983
fil de lin blanc de 5 à 8 florins la livre,2,non,out,835983
fil de lin blanc et cru pour dentelle,3,non,out,835983
fil de lin blanc non tordu,2,non,out,835983
fil de lin blanc pour dentelle,6,non,out,835983
fil de lin blanc retors,8,non,out,835983
fil de lin blanc simple,4,non,out,835983
fil de lin cru,131,non,out,835983
fil de lin cru à toile,2,non,out,835983
fil de lin cru de 10 à 12 florins la livre,2,non,out,835983
fil de lin cru de bas prix,6,non,out,835983
fil de lin cru haut prix,3,non,out,835983
fil de lin cru pour dentelle,5,non,out,835983
fil de lin cru simple,2,non,out,835983
fil de lin d'Épinal,2,non,out,835983
fil de lin de couleur,1,non,out,835983
fil de lin divers,6,non,out,835983
fil de lin écru,16,non,out,835983
fil de lin écru audelis,1,non,out,835983
fil de lin fin,3,non,out,835983
fil de lin fin retors,1,non,out,835983
fil de lin gris,2,non,out,835983
fil de lin gris retors,1,non,out,835983
fil de lin gris simple,3,non,out,835983
fil de lin non retors,1,non,out,835983
fil de lin retors,40,non,out,835983
fil de lin simple,6,non,out,835983
fil de lin simple commun,1,non,out,835983
fil de lin teint,139,non,out,835983
fil de lin teint à coudre,1,non,out,835983
fil de lin teint retors,1,non,out,835983
fil de lin tors cru et simple cru,5,non,out,835983
fil de literie,1,non,out,835983
fil de loupe,1,non,out,835983
fil de ménage,8,non,out,835983
fil de Morlaix,1,non,out,835983
fil de mulquinerie,3,non,out,835983
fil de Niort,27,non,out,835983
fil de palamard,10,non,out,835983
fil de palangre,4,non,out,835983
fil de palme,1,non,out,835983
fil de passe-perle,1,non,,41540
fil de plocq,7,non,out,835983
fil de poil de bœuf,1,non,out,835983
fil de poil de cheval,2,non,out,835983
fil de poil de chèvre,216,non,out,835983
fil de poils autres que chèvre laine et plocq,1,non,out,835983
fil de poils divers,1,non,out,835983
fil de remsal,1,non,out,835983
fil de Rennes,214,non,out,835983
fil de ritte,9,non,out,835983
fil de Rouen,3,non,out,835983
fil de sayette,9,non,out,835983
fil de sennes,45,oui,out,835983
fil de Silésie,9,non,out,835983
fil de soie,5,non,out,835983
fil de téton,5,non,out,835983
fil de tisserand,30,non,out,835983
fil de toile,1,non,out,835983
fil de Turquie blanc,3,non,out,835983
fil de Turquie cru,2,non,out,835983
fil de Turquie teint,2,non,out,835983
fil de verre,1,non,out,835983
fil de ville,1,non,out,835983
fil de voile,6,non,out,835983
fil divers,24,non,out,835983
fil dorure ??? fin,3,non,out,835983
fil dorure d'argent,21,non,out,835983
fil dorure d'argent et d'or,20,non,out,835983
fil dorure d'argent et d'or faux,16,non,out,835983
fil dorure d'argent et d'or fin,17,non,out,835983
fil dorure d'or,49,non,out,835983
fil du Piémont,39,non,out,835983
fil écru,7,non,out,835983
fil en gueule,1,non,out,835983
fil en laiton,2,oui,out,835983
fil en lin,2,non,out,835983
fil en masse,75,non,out,835983
fil en peignée,1,non,out,835983
fil en pelotte,1,non,,41540
fil en poignée,10,non,out,835983
fil et laiton,1,oui,out,835983
fil et planches de laiton,13,non,out,835983
fil et soie,1,non,out,835983
fil et toile,1,non,out,835983
fil everda,1,non,out,835983
fil fin,1,non,out,835983
fil gris,7,non,out,835983
fil gris simple,4,non,out,835983
fil gros,6,non,out,835983
fil gros à cordonnier,1,non,,41540
fil grossier,1,non,out,835983
fil lessivé,1,non,out,835983
fil neuf,1,non,out,835983
fil noir,1,non,out,835983
fil non retors,1,non,out,835983
fil or et rang fin,5,non,out,835983
fil ordinaire,2,non,out,835983
fil ouvré,1,non,out,835983
fil passe perle,2,non,out,835983
fil plat,5,non,out,835983
fil pour voile,2,non,out,835983
fil pour voile pour la Compagnie des Indes,1,non,out,835983
fil retors,20,non,out,835983
fil retors à coudre,6,non,out,835983
fil roux,1,non,out,835983
fil simple,7,non,out,835983
fil superfin,2,non,out,835983
fil teint,14,non,out,835983
fil teuil,1,non,out,835983
fil tors,8,non,out,835983
filasse,15,non,out,835983
filasse apprêtée,1,non,out,835983
filasse d'aloès,1,non,out,835983
filets,165,non,out,835983
filets à pêcher,300,non,out,835983
filets à pêcher éperviers,1,non,out,835983
filets à pêcher le poisson frai,1,non,,41540
filets à pêcher par Marseille,1,non,out,835983
filets à pêcher petit poisson,2,non,out,835983
filets à pêcher sardineaux,1,oui,out,835983
filets à pêcher vieux,2,non,out,835983
filets à petit poisson,1,non,out,835983
filets à sardineaux,36,non,out,835983
filets à sardines,8,non,out,835983
filets à sennes,3,non,out,835983
filets d'auf,5,non,out,835983
filets d'espars,268,non,out,835983
filets d'espars à pêcher,1,non,out,835983
filets de chanvre,1,non,out,835983
filets de chasse,1,non,,41540
filets de palme,6,non,out,835983
filets de patines,1,non,out,835983
filets de sardineaux,1,oui,out,835983
filets et lignes à pêcher,17,non,,41540
filets et ustensiles de pêche,13,non,out,835983
filets pour la chasse et la pêche,77,non,out,835983
filets vieux,5,non,out,835983
filières,3,non,out,835983
filières d'agate,3,non,out,835983
filières de corail,1,non,out,835983
filin,104,non,out,835983
filin à cordage,3,non,out,835983
filoers ou safran sauvage,37,non,out,835983
filoselle,174,non,out,835983
filoselle et bourre de soie,11,non,out,835983
filoselle et fleuret,1,non,out,835983
filoselle et fleuret et bourre de soie,31,non,out,835983
filoselle et gilets de coton,1,non,out,835983
filoselle et soie,170,non,out,835983
fils à coudre et autre,5,oui,,41540
fine,1,non,out,835983
fine fleur de farine,1,non,,41540
finette,5,non,out,835983
finette de laine,2,non,out,835983
finette des prises,3,non,out,835983
finette étoffe,1,non,out,835983
fioles,2,non,out,835983
fioles de verre,3,non,out,835983
fioles de verre blanc,1,non,out,835983
fioles pour apothicaire,94,non,out,835983
fioles vides,1,non,out,835983
flacons,10,non,out,835983
flacons à virole d'étain,1,non,out,835983
flacons canettes,1,non,out,835983
flacons d'osier,1,non,out,835983
flacons de crème,1,non,out,835983
flacons de cristal,1,non,out,835983
flacons de rechange,5,non,out,835983
flacons de terre,2,non,out,835983
flacons de verre,54,non,out,835983
flacons de verre à virole,1,non,out,835983
flacons de verre sans virole,1,non,out,835983
flacons de verres,4,non,out,835983
flacons florentins,1,non,out,835983
flacons peints,1,non,out,835983
flacons pour caves garnies,1,non,out,835983
flacons vides,2,non,out,835983
flambeaux,29,non,out,835983
flambeaux argentés,1,non,out,835983
flambeaux argentés de cuivre,1,non,out,835983
flambeaux d'harpoise,8,non,out,835983
flambeaux de cire,6,non,out,835983
flambeaux de cire blanche,3,non,out,835983
flambeaux de cire rouge,2,non,out,835983
flambeaux de mer,4,non,out,835983
flanelle,290,non,out,835983
flanelle à fleurs,43,non,out,835983
flanelle aune,1,oui,out,835983
flanelle blanche,14,non,out,835983
flanelle commune,1,non,,41540
flanelle coton à fleurs,3,non,out,835983
flanelle de coton,1,non,out,835983
flanelle de laine,95,non,out,835983
flanelle de laine 900 lignes,1,non,out,835983
flanelle de laine de saisie,1,non,,41540
flanelle de laine grosse,1,non,,41540
flanelle de laine imprimée,2,non,out,835983
flanelle de santé autorisation spéciales,1,non,out,835983
flanelle des prises,2,non,out,835983
flanelle du Béarn,2,non,out,835983
flanelle et Bergopzoom,72,non,out,835983
flanelle fil et laine,1,non,out,835983
flanelle fine,4,non,out,835983
flanelle imprimée,41,non,out,835983
flanelle peinte,10,non,out,835983
flanelle rayée,3,non,out,835983
flanelle simple,1,non,out,835983
flasques à repasser,1,non,out,835983
fléaux à poids de fer,1,non,out,835983
fléaux de balance,2,non,out,835983
fléaux de balance de fer,91,non,out,835983
fléaux de fer,114,non,out,835983
fléaux de fer avec garniture,1,non,,41540
fléaux de fer et leur bassin,1,non,out,835983
fléaux de fer et poids,2,non,out,835983
fléaux de soufre,1,non,out,835983
fléaux et balance,1,non,out,835983
fléaux et leur garniture,1,non,out,835983
fléaux et poids de fer,1,non,out,835983
fléaux pour faucher,1,non,out,835983
flèches,11,non,out,835983
flèches à prendre des huîtres,1,non,out,835983
flèches de marine,1,non,out,835983
flèches de métal,1,non,out,835983
flèches en quart de nonante,2,non,out,835983
flèches et compas,1,non,out,835983
flèches marines,24,non,out,835983
fleuret,77,non,out,835983
fleuret à coudre,1,non,out,835983
fleuret à faire des armes,2,non,out,835983
fleuret et filoselle,1,non,out,835983
fleuret et lames de fleuret,72,non,out,835983
fleuret et soie,7,non,out,835983
fleurs,40,non,out,835983
fleurs à cailler le lait,4,non,,41540
fleurs aromatiques,18,non,out,835983
fleurs artificielles,746,non,out,835983
fleurs artificielles avec argent,1,non,,41540
fleurs artificielles de jasmin,1,non,out,835983
fleurs artificielles des Indes,1,non,out,835983
fleurs artificielles et aigrettes,118,non,out,835983
fleurs artificielles et ouvrages de modes,32,non,out,835983
fleurs autres que de lavande et d'oranger,27,non,out,835983
fleurs autres que médicinales,2,non,out,835983
fleurs cannelle,1,non,out,835983
fleurs d'aspic,86,non,out,835983
fleurs d'avoine,1,non,out,835983
fleurs d'esquinante,3,non,out,835983
fleurs d'estima,1,non,out,835983
fleurs d'iris,1,non,out,835983
fleurs d'oranger,49,non,out,835983
fleurs d'oranger et de lavande,6,non,out,835983
fleurs d'oranger et de rose,2,non,out,835983
fleurs de ???,1,non,out,835983
fleurs de balauste,3,non,out,835983
fleurs de benjoin,9,non,out,835983
fleurs de bœuf,1,non,,41540
fleurs de bouquets,1,non,out,835983
fleurs de busam,1,non,out,835983
fleurs de cannelle,35,non,out,835983
fleurs de chardon,1,non,out,835983
fleurs de Chine,2,non,out,835983
fleurs de dictame,12,non,out,835983
fleurs de fer,2,non,out,835983
fleurs de froment,1,non,,41540
fleurs de grenade,1,non,out,835983
fleurs de houblon,1,non,out,835983
fleurs de jardin,2,non,out,835983
fleurs de jasmin,2,non,out,835983
fleurs de laurier,1,non,out,835983
fleurs de lavande,12,non,out,835983
fleurs de lavande et d'oranger,49,non,out,835983
fleurs de moutarde,3,non,out,835983
fleurs de mouton,5,non,out,835983
fleurs de muscade,25,non,out,835983
fleurs de pin,4,non,out,835983
fleurs de poix,1,non,out,835983
fleurs de romarin,9,non,out,835983
fleurs de rose,5,non,out,835983
fleurs de siascade,1,non,out,835983
fleurs de souffle,1,oui,out,835983
fleurs de soufre,193,non,out,835983
fleurs de soufre et soufre,2,non,,41540
fleurs de verre,2,non,out,835983
fleurs de violette,102,non,out,835983
fleurs sèches,4,non,out,835983
fleurs violettes,1,non,out,835983
florentine,1,non,out,835983
flûtes,10,non,out,835983
flûtes de bois de buis,1,non,out,835983
flûtes douces,3,non,out,835983
flûtes douces et hautbois et traversières,49,non,out,835983
flûtes hautbois et traversières,5,non,out,835983
flûtes traversières,2,non,out,835983
foie,1,non,out,835983
foin,329,non,out,835983
foin et paille,1,non,out,835983
foin paille et herbes de pâturage,3,non,out,835983
foin paille herbes et pâturage,1,non,out,835983
folas,3,non,out,835983
folicule,2,oui,,41540
folium,3,non,out,835983
folium geriofilalum,2,non,out,835983
folium indi,1,non,out,835983
folium indicum,1,non,out,835983
folle,1,non,out,835983
follicule,5,oui,out,835983
follicule de séné,179,non,out,835983
follicule de séné et séné,18,non,out,835983
fonçaille,98,non,,41540
fonçaille à barriques,4,oui,,41540
fonçaille à pipes,4,oui,,41540
fonçaille de 2.5m,1,non,,41540
fonçaille pour barriques,7,non,,41540
fonçailles pour pipes,5,non,,41540
fondette de corail,20,non,out,835983
fonds ?,453,non,out,835983
fonds à meule blancs,1,non,out,835983
fonds de bassin,1,non,out,835983
fonds de bassines,1,non,out,835983
fonds de bateau ?,1,non,out,835983
fonds de cuivre,19,non,out,835983
fonds de cuivre vieux,1,non,,41540
fonds de cuve,1,non,out,835983
fonds et fourrure de cuivre,3,non,out,835983
fontaine de cuivre,1,non,out,835983
fontaine de faïence,2,non,out,835983
fontaine de faïence et sa cuvette,1,non,out,835983
fontaine de fer-blanc,17,non,out,835983
fontaine de fer-blanc de peint,1,non,out,835983
fontaine de fer-blanc et sa cuvette,1,non,out,835983
fontaine de fer-blanc peinte et son bassin,1,non,out,835983
fontaine de marbre,1,non,out,835983
fontaine de verres,1,non,out,835983
fonte,4,non,out,835983
fonte brute,4,non,out,835983
fonte brute en blocailles,1,non,out,835983
fonte brute en gueuses,1,non,out,835983
fonte brute en gueuses de 400 kilogrammes au moins,3,non,out,835983
fonte de cloche,1,non,out,835983
fonte de cuir pour pistolets,1,non,out,835983
fonte de cuivre,1,non,out,835983
fonte de métal,2,non,out,835983
fonte de pistolet,20,non,out,835983
fonte de pistolets de cuir de Russie,1,non,out,835983
fonte en gueuses,1,non,out,835983
fonte en gueuses et blocaille,2,non,out,835983
fonte épurée,1,non,out,835983
fonte moulée,7,non,out,835983
fonte moulée à la vapeur et estagnons,1,non,out,835983
fonte moulée pour modèles,2,non,out,835983
fonte moulée pour projectiles de guerre,1,non,out,835983
fonte pour cloches,1,non,out,835983
fonte vieille,3,non,out,835983
forces à drapier,47,non,out,835983
forces à drapiers,1,oui,out,835983
forces à tondre,3,non,out,835983
forme,2,non,out,835983
forme à cendre,1,non,out,835983
forme à chapeaux,3,non,out,835983
forme à cordonnier,4,non,out,835983
forme à pot à fleur,1,non,out,835983
forme à soulier,13,non,out,835983
forme à sucre,28,non,out,835983
forme à sucre de terre,65,non,out,835983
forme à sucre et pots,12,non,out,835983
forme à sucre et pots de terre,7,non,out,835983
forme de bois,1,non,out,835983
forme de cuivre,1,non,out,835983
forme de terre,3,non,out,835983
forme de terre à faire,1,non,,41540
forme de terre à sucre,3,oui,out,835983
forme de terre et fabrique de fer,3,non,out,835983
forme et pots à fèves,1,non,out,835983
forme ou pot de terre pour sucre,2,non,out,835983
formes et pots,2,non,,41540
fort en diable,8,non,out,835983
forte-piano,7,non,out,835983
forte-piano à la valeur,2,non,out,835983
forte-piano à queue,1,non,out,835983
forte-piano au nombre,4,non,out,835983
forte-piano carré,1,non,out,835983
fotail,1,non,out,835983
fotalis,3,non,out,835983
fotamora,2,non,out,835983
fotas,1,non,out,835983
fottes,98,non,out,835983
foudarg,1,non,out,835983
foudre à vin,1,non,out,835983
fouets,6,non,out,835983
fouets et guêtres,1,non,out,835983
fouets et manches de fouets,76,non,out,835983
fougères,2,non,out,835983
fougons,6,non,out,835983
foulard,7,non,out,835983
foulard des prises,1,non,out,835983
foulas,5,non,out,835983
fouleries,4,non,out,835983
four,1,non,out,835983
fourches de fer,1,non,out,835983
fourchettes d'acier,1,non,out,835983
fourchettes d'étain,1,non,,41540
fourneaux,2,non,out,835983
fourneaux de brique,20,non,out,835983
fourneaux de fer,13,non,out,835983
fourneaux de fer de 60 livres,1,non,out,835983
fourneaux de fonte de fer,1,non,out,835983
fourneaux de mane,1,non,out,835983
fourneaux de pierre,5,non,out,835983
fourneaux de plâtre,8,non,out,835983
fourneaux de terre,9,non,out,835983
fourneaux de tuffau,1,non,out,835983
fourneaux en fonte,1,non,,41540
fourniments,1,non,out,835983
fourrages,189,non,out,835983
fourrages d'horlogerie,1,non,out,835983
fourrages de son,17,non,out,835983
fourrages en fagots,1,non,,41540
fourrages en mervello,2,non,,41540
fourrages et pâturage,0,non,out,835983
fourré,26,non,out,835983
fourreaux d'épée,55,non,out,835983
fourreaux d'épée et de sabre,3,non,out,835983
fourreaux de baïonnette,4,non,out,835983
fourreaux de baïonnette de cuir,2,non,out,835983
fourreaux de pistolets,3,non,out,835983
fourreaux depissetés faux,1,non,out,835983
fourrure,182,non,out,835983
fourrure de cuivre,52,non,out,835983
fourrure de cuivre et mozette de cuivre,15,non,out,835983
fourrure de martre,2,non,out,835983
fourrure de panthère,1,non,out,835983
fourrure de peaux de mouton,1,non,,41540
fourrure de petit gris,7,non,out,835983
fourrure de soie,114,non,out,835983
fourrure dos gorge nappe queue ventre,2,non,out,835983
fourrure peaux entières,2,non,out,835983
fraises à l'eau-de-vie,5,non,out,835983
fraises de Chypre,1,non,out,835983
fraisset de vermillon,18,non,out,835983
frange d'argent,2,non,out,835983
frange d'argent faux,1,non,out,835983
frange d'argent fin,1,non,out,835983
frange d'or,3,non,out,835983
frange d'or et d'argent,8,non,out,835983
frange d'or et d'argent faux,4,non,out,835983
frange d'or faux,5,non,out,835983
frange d'or vieille,1,non,out,835983
frange de fil pour vestes par garniture,1,non,out,835983
frange de raiseau d'argent et d'or,1,non,out,835983
frange de soie,19,non,out,835983
freisseit de vermillon,1,non,out,835983
frequins,3,non,out,835983
fressel de vermichel,1,non,out,835983
fretilles,1,non,out,835983
freze,1,non,out,835983
frions,3,non,out,835983
friperie,41,non,out,835983
friperie vieille,1,non,out,835983
fris,1,non,out,835983
frisade,36,non,out,835983
frisade aune,1,oui,out,835983
frisade blanche,31,non,out,835983
frisade blanche aune,1,oui,out,835983
frisade de laine,1,non,out,835983
frisade et Bergopzoom,34,non,out,835983
frisade teinte,27,non,out,835983
frisade teinte aune,1,oui,out,835983
frise,8,non,out,835983
frise à la gode,8,non,out,835983
frise des prises,1,non,out,835983
frise sèche,1,non,out,835983
frises de laine,1,non,out,835983
frisette de laine,1,non,out,835983
frisons d'Angleterre,6,non,out,835983
frisons de laine,2,non,out,835983
froc,1,non,out,835983
froc de Bolbec,2,non,out,835983
froc de laine,3,non,out,835983
froc de Lisieux,1,non,out,835983
fromage,2849,non,out,835983
fromage à moitié avarié,1,non,out,835983
fromage au quart avarié,1,non,out,835983
fromage commun,559,non,out,835983
fromage cru,6,non,out,835983
fromage d'Angleterre,75,non,out,835983
fromage d'Auvergne,49,non,out,835983
fromage d'herbes,1,non,out,835983
fromage d'Irlande,3,non,out,835983
fromage de Brie,27,non,out,835983
fromage de Chassenay,1,non,out,835983
fromage de Chester,14,non,out,835983
fromage de chèvre,15,non,out,835983
fromage de Comté,25,non,out,835983
fromage de Gruyère,314,non,out,835983
fromage de Hollande,293,non,out,835983
fromage de Hollande et doux,131,non,out,835983
fromage de lait doux,17,non,out,835983
fromage de Livarot,1,non,out,835983
fromage de Majorque,1,non,out,835983
fromage de Maroilles,37,non,out,835983
fromage de Milan,1,non,out,835983
fromage de Normandie,9,non,out,835983
fromage de Parme,62,non,out,835983
fromage de parmesan,32,non,out,835983
fromage de Roquefort,55,non,out,835983
fromage de Sardaigne,17,non,out,835983
fromage de Sassenage,4,non,out,835983
fromage de Suisse,8,non,out,835983
fromage du pays,6,non,out,835983
fromage en boite,1,non,out,835983
fromage en jambon,1,non,out,835983
fromage en pièces de 50 livres,0,non,,41540
fromage et sulfure,1,non,out,835983
fromage étranger,1,non,,41540
fromage fin,1,non,out,835983
fromage Hollande,1,non,out,835983
fromage moutarde etc.,1,non,out,835983
fromage national,1,non,,41540
fromage pour l'entrepôt de la Compagnie des Indes,1,non,out,835983
froment,40,non,,41540
frottoir,1,non,out,835983
fruits,915,non,out,835983
fruits ?,1,non,out,835983
fruits à dénommer,2,non,out,835983
fruits à distiller,1,non,out,835983
fruits à l'eau-de-vie,2,non,out,835983
fruits apprêtés,1,non,out,835983
fruits au vinaigre,22,non,out,835983
fruits au vinaigre et cornichons,16,non,out,835983
fruits casse sans apprêts,39,non,out,835983
fruits confits,19,non,out,835983
fruits confits à l'eau-de-vie,454,non,out,835983
fruits confits à l'eau-de-vie et au sucre,14,non,out,835983
fruits confits au sucre,44,non,out,835983
fruits confits divers,33,non,out,835983
fruits confits en confitures des Îles,1,non,out,835983
fruits confits en vinaigre,38,non,out,835983
fruits confits fins,1,non,out,835983
fruits crus secs et à l'eau-de-vie,5,non,out,835983
fruits cuits,100,non,out,835983
fruits cuits secs,3,non,out,835983
fruits de Corinthe,1,non,out,835983
fruits de table confits,7,non,out,835983
fruits de table conflits à l'eau-de-vie,2,non,out,835983
fruits de table exotiques frais,2,non,out,835983
fruits de table frais autres que citron orange et leurs variétés,2,non,out,835983
fruits de table frais indigènes,2,non,out,835983
fruits de table secs et tapés,5,non,out,835983
fruits de table secs et tapés autres que pistache,2,non,out,835983
fruits des Îles et des Indes,3,non,out,835983
fruits divers et graine,1,non,,41540
fruits divers et graines,1,oui,out,835983
fruits en confitures,7,oui,out,835983
fruits et légumes confits au vinaigre,33,non,out,835983
fruits et légumes confits et marinés,67,non,out,835983
fruits frais,1176,non,out,835983
fruits frais de table,3,non,out,835983
fruits frais en barils,0,oui,out,835983
fruits frais vendangés,1,non,out,835983
fruits médicinaux,2,non,out,835983
fruits médicinaux et herbes médicinaux et plantes médicinaux et racines médicinaux,52,non,out,835983
fruits mirobolant confit,4,oui,out,835983
fruits moulus divers,7,non,out,835983
fruits myrobolan confit,4,non,,41540
fruits oléagineux,4,non,out,835983
fruits prunes et pruneaux,1,non,out,835983
fruits rudes,11,non,out,835983
fruits salés,2,non,out,835983
fruits salés marinés,1,non,out,835983
fruits secs,1257,non,out,835983
fruits secs confits,1,non,out,835983
fruits secs et à l'eau-de-vie,4,non,out,835983
fruits secs et à l'eau-de-vie amandes cassées et en corps et prunes ???,5,non,out,835983
fruits secs et confits,9,non,out,835983
fruits tamarin confit dans le sucre,26,non,out,835983
fruits verts,50,non,out,835983
fruits verts en crus et châtaignes,3,non,out,835983
fruittes,1,non,out,835983
fumier,92,non,out,835983
fumier commun,112,non,out,835983
fumier de pigeon et autres,104,non,out,835983
fumier de pigeons,6,non,out,835983
funin,4,non,out,835983
funin ou fouets,0,non,out,835983
furets,6,non,out,835983
furgons,1,non,out,835983
fuseaux,32,non,out,835983
fusée à bombes,1,non,out,835983
fusée volante,1,non,,41540
fusée volantes ?,0,non,out,835983
fusils,308,non,out,835983
fusils à deux coups,3,non,out,835983
fusils à double canons,1,non,out,835983
fusils communs,1,non,out,835983
fusils damasquinés,2,non,out,835983
fusils de boucaniers,77,non,out,835983
fusils de boucaniers fins,1,non,out,835983
fusils de chasse,31,non,out,835983
fusils de chasse à deux coups,3,non,out,835983
fusils de forêt,1,non,,41540
fusils de maître,12,non,out,835983
fusils de munitions,1,non,out,835983
fusils de traite,95,non,out,835983
fusils démontés,116,non,out,835983
fusils et carabines,133,non,out,835983
fusils et leurs baïonnettes,1,non,out,835983
fusils et pistolets,1,non,out,835983
fusils neufs,4,non,out,835983
fusils ordinaires,3,non,out,835983
fusils pour l'entrepôt pour la Guinée,1,non,out,835983
fusils vieux,3,non,out,835983
fustages,1,non,out,835983
fustet,1,non,out,835983
futaillerie,40,non,out,835983
futaillerie de bois,1,non,out,835983
futaillerie de Saint-Claude,24,non,out,835983
futaillerie des Flandres,7,non,out,835983
futaillerie grossière,5,non,out,835983
futaillerie Saint-Claude,1,non,out,835983
futailles,432,non,out,835983
futailles ???,1,non,out,835983
futailles à l'eau,1,non,out,835983
futailles cerclées de bois montées vides,5,non,out,835983
futailles cerclées de fer,3,non,out,835983
futailles cerclées de fer montées vides,4,non,out,835983
futailles de bois,2,non,out,835983
futailles de bois cerclées de fer montées vides,1,non,out,835983
futailles de bois cerclées montées vides,1,non,out,835983
futailles de bois démontées vides,2,non,out,835983
futailles de bois montées vides,2,non,out,835983
futailles de tonnelier,1,oui,out,835983
futailles démontées vides,5,non,out,835983
futailles diverses,1,non,out,835983
futailles en barriques vieilles ???,4,oui,out,835983
futailles en bottes,1,non,,41540
futailles en petits barils,1,non,out,835983
futailles et beurre,0,non,,41540
futailles petites,1,non,out,835983
futailles vides,313,non,out,835983
futailles vides de tonnelier,2,non,out,835983
futailles vides en lest,1,non,,41540
futailles vides ou autres ustensiles de pêche,5,non,,41540
futailles vieilles,21,non,out,835983
futaine,71,non,out,835983
futaine blanche,16,non,out,835983
futaine de 20 aunes,1,non,out,835983
futaine de coton,7,non,out,835983
futaine de laine,5,non,out,835983
futaine de Tournai,2,non,out,835983
futaine de toutes sortes,11,non,out,835983
futaine et velours,1,non,out,835983
futaine peinte,6,non,out,835983
fûts,131,non,,41540
fûts à sas,4,non,out,835983
fûts de Grenois,1,non,out,835983
fûts de Nantes,1,non,,41540
fûts et merrains,1,non,,41540
futte,1,non,out,835983
g ???,1,non,out,835983
gablanan,1,non,out,835983
gaffes,0,non,out,835983
gaffes de 11 à 20 pieds,1,non,,41540
gaffes de sapin,1,non,out,835983
gaïac,13,non,out,835983
gaine,1,non,out,835983
gaine à couteaux,4,non,out,835983
gaine bleue,1,non,out,835983
gaine de chaudière,1,non,,41540
gaine de couteau,10,non,out,835983
gaine de couteau de papier,1,non,out,835983
gaine de limon,1,oui,out,835983
gaine jaune,1,non,out,835983
gaints de chamois en paires,0,non,,41540
galanga,74,non,out,835983
galanga des Indes,1,non,out,835983
galanterie,7,non,out,835983
galbanum,72,non,out,835983
galbes,1,non,out,835983
galets,11,non,out,835983
galette de genièvre,1,non,out,835983
galette de porcelaine,1,non,out,835983
galette et gaufrettes,3,non,out,835983
galette rouge,1,non,out,835983
galins,1,non,out,835983
galipot,49,non,out,835983
galipot en grabeau,1,non,,41540
galipot ou poix,4,non,out,835983
galle,868,non,out,835983
galle alepine,1,non,out,835983
galle d'Alep,38,non,out,835983
galle d'Italie,1,non,,41540
galle du Levant,52,non,out,835983
galle en sorte,2,non,out,835983
galle entière légère pulvérisée,1,non,out,835983
galle légère,41,non,out,835983
galle romaine,4,non,out,835983
gallule,1,non,,41540
gallus,1,non,,41540
galoches,15,non,out,835983
galon,8,non,out,835983
galon à peu de soie,3,non,out,835983
galon au quart de soie,3,non,out,835983
galon brûlé,22,non,out,835983
galon d'argent,98,non,out,835983
galon d'argent brûlé,1,non,,41540
galon d'argent et d'or,133,non,out,835983
galon d'argent et d'or faux,22,non,out,835983
galon d'argent et d'or fin,25,non,out,835983
galon d'argent et or,1,non,out,835983
galon d'argent et or vieux,1,non,out,835983
galon d'argent faux,3,non,out,835983
galon d'argent fin,5,non,out,835983
galon d'argent vieux,1,non,out,835983
galon d'or,136,non,out,835983
galon d'or en bord,2,non,out,835983
galon d'or et d'argent,3,non,out,835983
galon d'or et d'argent faux,111,non,out,835983
galon d'or et d'argent fin,129,non,out,835983
galon d'or faux,45,non,out,835983
galon d'or fin,40,non,out,835983
galon de fil,55,non,out,835983
galon de fil d'or,1,non,out,835983
galon de fil et de soie,5,non,out,835983
galon de fil noir,1,non,,41540
galon de filoselle,25,non,out,835983
galon de fleuret,37,non,out,835983
galon de laine,23,non,out,835983
galon de livrée,13,non,out,835983
galon de livrée de soie,1,non,out,835983
galon de livrée du roi,1,non,out,835983
galon de peau,3,non,out,835983
galon de sistème,1,non,out,835983
galon de soie,52,non,out,835983
galon de soie et fil,1,oui,out,835983
galon de soie et or,1,non,out,835983
galon de Tours,1,non,out,835983
galon divers,10,non,out,835983
galon dorure d'argent,55,non,out,835983
galon dorure d'argent et d'or,62,non,out,835983
galon dorure d'argent et d'or faux,17,non,out,835983
galon dorure d'argent et d'or fin,17,non,out,835983
galon dorure d'or,82,non,out,835983
galon dorure d'or faux,11,non,out,835983
galon dorure d'or fin,18,non,out,835983
galon dorure de fil,1,non,out,835983
galon dorure fausse,7,oui,out,835983
galon en ruban de fil,1,non,out,835983
galon en ruban de laine,1,non,out,835983
galon et fil d'or,1,non,out,835983
galon et fleuret et frange,1,non,out,835983
galon et point d'Espagne d'argent et d'or,1,non,out,835983
galon fin,2,non,out,835983
galon pilé,3,non,out,835983
galon soie et fil,2,oui,out,835983
galon vieux,1,non,out,835983
galop,0,non,out,835983
galots de cuivre,1,non,out,835983
galou pilé,1,non,out,835983
galyson,1,non,,41540
gamelles à jeter l'eau,1,non,out,835983
gamelles de bois,5,non,out,835983
gan ??? commune,0,non,out,835983
ganaga,1,non,,41540
ganepot,1,non,out,835983
ganivelles,29,non,,41540
ganses,1,non,out,835983
ganses d'or,3,non,out,835983
ganses de fleuret,11,non,out,835983
ganses de laine,3,non,out,835983
gants,38,non,out,835983
gants à large ruban,8,non,out,835983
gants à petit ruban,5,non,out,835983
gants blancs,1,non,out,835983
gants bordés de soie,5,non,,41540
gants bordés de soie par paires,5,oui,out,835983
gants brodés de soie,2,non,out,835983
gants brodés de soie et or,1,non,out,835983
gants chamois,2,non,out,835983
gants communs,469,non,out,835983
gants communs de peau,1,non,out,835983
gants communs en paires,0,non,,41540
gants communs par paires,0,oui,out,835983
gants d'argent,1,non,out,835983
gants d'étame,1,non,out,835983
gants de bonneterie,3,non,out,835983
gants de castor,26,non,out,835983
gants de chamois,81,non,out,835983
gants de chamois par paire,0,oui,out,835983
gants de chanvre,3,non,out,835983
gants de coton,114,non,out,835983
gants de cuir,4,non,out,835983
gants de daim,1,non,out,835983
gants de femme,3,non,out,835983
gants de fer,1,non,out,835983
gants de fil,108,non,out,835983
gants de fil en paires,0,non,,41540
gants de fil et coton,28,non,out,835983
gants de fil et de soie,2,non,out,835983
gants de fil fins,8,non,out,835983
gants de fil par paires,0,oui,out,835983
gants de filoselle,6,non,out,835983
gants de fleuret,8,non,out,835983
gants de frangipane,5,non,out,835983
gants de garnis de soie,5,non,out,835983
gants de Grenoble,64,non,out,835983
gants de Grenoble de peau,1,oui,out,835983
gants de laine,181,non,out,835983
gants de peau,556,non,out,835983
gants de peau communs,143,non,,41540
gants de peau de cabri,2,oui,out,835983
gants de peau de cabris,2,non,,41540
gants de peau de daim,2,non,out,835983
gants de peau de Grenoble,1,non,,41540
gants de peau divers,4,oui,,41540
gants de peau et autre,16,oui,out,835983
gants de peau fins,7,non,out,835983
gants de peau garnis de soie,2,non,out,835983
gants de peau lisérés de soie,1,oui,out,835983
gants de peau pour femme,11,non,out,835983
gants de peau pour homme,1,non,out,835983
gants de peaux,2,non,out,835983
gants de poil,1,non,out,835983
gants de poil de lapin,2,non,out,835983
gants de renard,1,non,out,835983
gants de Rome,3,non,out,835983
gants de senteur,6,non,out,835983
gants de soie,114,non,out,835983
gants de soie et mêlées de soie,2,non,,41540
gants de veau,0,non,out,835983
gants de velours,3,non,out,835983
gants dits moufles,17,non,out,835983
gants divers,22,non,out,835983
gants en soie,1,non,out,835983
gants et mitaines bordés de soie par paires,0,oui,out,835983
gants et mitaines brodés de soie,2,non,,41540
gants et mitaines de filoselle,70,non,out,835983
gants et mitaines de soie,133,non,out,835983
gants et mitaines garnis de soie par paires,0,oui,out,835983
gants et ouvrages de peau,2,non,,41540
gants et pantoufles de coton,5,non,out,835983
gants et pantoufles de laine,5,non,out,835983
gants garni de ruban,3,non,out,835983
gants garnis de soie,6,non,out,835983
gants garnis de soie et or,1,non,out,835983
gants glacés,1,non,out,835983
gants liserés,20,non,out,835983
gants liserés de soie,50,non,out,835983
gants parfumés,1,non,out,835983
gants pour homme,2,non,out,835983
ganuers,1,non,,41540
ganvette à faire des ancres,1,non,out,835983
garage,0,non,out,835983
garance,1205,non,out,835983
garance billons,36,non,out,835983
garance blanche,1,non,out,835983
garance commune,54,non,out,835983
garance diverse,18,non,out,835983
garance en grappe,2,non,out,835983
garance en herbes,2,non,,41540
garance fine,1,non,out,835983
garance grappe,29,non,out,835983
garance moulue,2,non,out,835983
garance moulue et en paille,2,non,out,835983
garance moulue ou en paille,5,non,out,835983
garance non préparée,2,non,out,835983
garance non robée,51,non,out,835983
garance préparée,116,non,out,835983
garance racines vertes,3,non,out,835983
garance robée,1,non,out,835983
garancine,6,non,out,835983
garans fort,1,non,out,835983
garas,84,non,out,835983
garas blanc,38,non,out,835983
garas bleu,30,non,out,835983
garde d'épée de cuivre doré,1,non,out,835983
garde-feu,3,non,out,835983
garde-feu de fer,2,non,out,835983
garde-meuble,2,non,out,835983
garde-robe,8,non,out,835983
garde-robe de noyer,1,non,out,835983
gardes d'épée,4,non,out,835983
gardes d'épée argentée,1,non,out,835983
gardes d'épée communes,14,non,out,835983
gardes d'épée d'argent,19,non,out,835983
gardes d'épée d'argent dorée,1,non,out,835983
gardes d'épée de cuivre et de fer,7,non,out,835983
gardes d'épée en acier,71,non,out,835983
gardes d'épée et tabatières d'argent,1,non,out,835983
garenne,2,non,out,835983
gargousses,1,non,out,835983
garnas,1,non,out,835983
garniture,2,non,out,835983
garniture de blonde,1,non,out,835983
garniture de bride,1,non,out,835983
garniture de cabrouets,1,non,out,835983
garniture de carrosses,1,non,out,835983
garniture de commode,4,non,out,835983
garniture de dentelle,1,non,out,835983
garniture de fauteuil,1,non,out,835983
garniture de fusils,8,non,out,835983
garniture de fusils et platines de fusils,91,non,out,835983
garniture de gaze,2,non,out,835983
garniture de gaze noire,1,non,out,835983
garniture de lin,1,non,out,835983
garniture de lit,3,non,out,835983
garniture de lit ayant servi,1,non,out,835983
garniture de lit de soie des Indes,1,non,out,835983
garniture de lit vieille,1,non,out,835983
garniture de pierres fines,1,non,out,835983
garniture de ragoût,2,non,out,835983
garniture de robes,1,non,out,835983
garniture de robes de femme,1,non,out,835983
garniture de toilettes,2,non,out,835983
garniture des fusils,2,non,out,835983
garniture des pistolets et platines des pistolets,3,non,out,835983
garniture en velours de deux fauteuils,1,non,,41540
garniture Îles,1,non,out,835983
garnitures de selles,1,non,out,835983
garonne,2,non,out,835983
garos,1,non,out,835983
garou et quercitron,3,non,out,835983
garras,5,non,out,835983
garras bleu,1,non,out,835983
garres,5,non,out,835983
garres de terre,2,non,out,835983
gâteaux de fleurs d'oranger,2,non,out,835983
gâteaux de miel,3,non,out,835983
gatte noire,1,non,out,835983
gaude,34,non,out,835983
gaude de sapin,1,non,out,835983
gaude et pastel,5,non,out,835983
gaude herbes,1,oui,out,835983
gaude pastel et sarette,2,non,out,835983
gaude pour teinture,6,non,out,835983
gaufres,2,non,out,835983
gaufriers,10,non,out,835983
gaules,34,non,out,835983
gaules de 30 pieds,1,non,out,835983
gaules de 36 pieds,0,non,out,835983
gaules de bois,5,non,out,835983
gaules de pêche,1,non,out,835983
gaules de sapin,39,non,out,835983
gaules moyennes de sapin,1,non,out,835983
gaules petites,0,non,out,835983
gaules petites de sapin,1,non,out,835983
gaules pour mâts à bateaux,2,non,out,835983
gayet,1,non,out,835983
gayet brut,3,non,out,835983
gaze,68,non,out,835983
gaze à fleurs,1,non,out,835983
gaze à peu de soie,28,non,out,835983
gaze au bas de soie,1,non,out,835983
gaze au quart,22,oui,out,835983
gaze au quart de soie,37,non,out,835983
gaze au sixième de soie,13,non,out,835983
gaze blanche,1,non,out,835983
gaze crêpe et mouchoirs de soie,142,non,out,835983
gaze crêpe et ruban de soie,57,non,out,835983
gaze crêpe et tulle de soie,12,non,out,835983
gaze crêpe mouchoirs et ruban de soie,7,non,out,835983
gaze crêpse et tulles de soie,2,oui,,41540
gaze d'argent,5,non,out,835983
gaze d'argent et d'or faux,2,non,out,835983
gaze d'argent et d'or fin,1,non,out,835983
gaze d'argent et de soie,1,non,out,835983
gaze d'argent faux,3,non,out,835983
gaze d'argent faux et de soie,1,non,out,835983
gaze d'argent fin or fin et soie,1,non,out,835983
gaze d'argent or et soie,1,non,out,835983
gaze d'or et d'argent faux et de soie,0,non,out,835983
gaze d'or et de soie,3,non,,41540
gaze d'or faux,1,non,out,835983
gaze d'or fin et de soie,1,non,out,835983
gaze de coton,10,non,out,835983
gaze de coton et crêpe de coton et tulle de coton,16,non,out,835983
gaze de coton et fil,2,non,out,835983
gaze de coton et tulle de coton,3,non,out,835983
gaze de fil,116,non,out,835983
gaze de fil brodée,1,non,,41540
gaze de fil et coton,12,non,out,835983
gaze de fil et de soie,94,non,out,835983
gaze de fil sur soie,4,oui,out,835983
gaze de fleuret,1,non,out,835983
gaze de soie,623,non,out,835983
gaze de soie brodée,4,non,out,835983
gaze de soie de renvoi,2,non,out,835983
gaze de soie et crêpe de soie et mouchoirs de soie,58,non,out,835983
gaze de soie et dorure,1,non,out,835983
gaze de soie et fil,85,oui,out,835983
gaze de soie plâtrée,4,non,out,835983
gaze de soie pure,3,non,out,835983
gaze de toute autre sorte que soie pure,2,non,out,835983
gaze dorure de soie,2,oui,out,835983
gaze dorure et soie,1,oui,out,835983
gaze en crêpe,10,non,out,835983
gaze en crêpe de soie,5,non,out,835983
gaze et linon,4,non,,41540
gaze et Marly,25,non,out,835983
gaze et Marly de fil,53,non,out,835983
gaze et Marly de soie,49,non,out,835983
gaze et Marly de soie mêlée de fil d'or faux,5,non,out,835983
gaze et mouchoir de soie,7,non,out,835983
gaze et mouchoirs et ruban de soie,40,non,out,835983
gaze et tulle de coton,2,non,out,835983
gaze fond argent,1,non,out,835983
gaze gaufrée,1,non,,41540
gaze mélangée de soie,1,oui,out,835983
gaze mêlée de soie,1,non,,41540
gaze mi soie,23,non,out,835983
gaze or et argent,11,non,out,835983
gaze paille,1,non,out,835983
gaze peinte,4,non,out,835983
gaze pour mouchoirs,2,non,out,835983
gaze tricots de Berling et tulle de coton,1,non,out,835983
geernaerts,1,oui,out,835983
gélatine,114,non,out,835983
gelée de ???,1,non,out,835983
gélinottes,2,non,out,835983
gemmes,1,non,out,835983
gemmes autres que diamants opales et rubis,2,non,out,835983
gemmes brutes,3,non,out,835983
gemmes taillées,4,non,out,835983
gemmes taillées autres que diamants émeraudes et rubis,2,non,out,835983
genaux de chêne,1,non,out,835983
gencive,0,non,out,835983
gene fin,1,non,out,835983
genêpes,1,non,,41540
genestrole,6,non,out,835983
genêts,2,non,out,835983
genêts pour salade,3,non,out,835983
genettes,3,non,out,835983
genièvre,2404,non,out,835983
genièvre de Cologne,2,non,out,835983
genièvre en coquelerrie,1,non,out,835983
genin,1,non,out,835983
genina,3,non,out,835983
génisses,64,non,out,835983
génisses et taureaux et vache,31,non,out,835983
génisses et vache,5,non,out,835983
gentes,2,non,out,835983
gentes de bois,2,non,out,835983
gentes de fer,1,non,out,835983
gentes de terre,1,non,out,835983
gentes pour roues,1,non,out,835983
gentiane,16,non,out,835983
gerbes de lin,10,non,out,835983
gerles de chêne,2,non,out,835983
gerles de terre,55,non,out,835983
geziga,1,non,,41540
gibecières,3,non,out,835983
gibecières par douzaines,1,non,out,835983
gibernes,1,non,,41540
gibernes avec les baudriers,1,non,out,835983
gibernes et ceinturons,3,non,out,835983
gibernes et havresacs,41,non,out,835983
gibier,278,non,out,835983
gibier divers,5,non,out,835983
gibier et volailles,37,non,out,835983
giboyer,1,non,,41540
gilets,15,non,out,835983
gilets à nègre,4,non,out,835983
gilets de coton,1,non,out,835983
gilets de coton en filoselle,1,non,out,835983
gilets de coton et de fil,2,non,out,835983
gilets de coton et filoselle,1,non,out,835983
gilets de demitte,2,non,out,835983
gilets de laine,15,non,out,835983
gilets de molleton,3,non,out,835983
gilets de soie,5,non,out,835983
gilets de soie en dorure,1,non,out,835983
gilets de soie et coton,1,non,out,835983
gilets de toile,3,non,out,835983
gimblette,2,non,out,835983
gingan nationale,5,oui,out,835983
gingembre,1060,non,out,835983
gingembre confit,14,non,out,835983
gingembre cru,1,non,out,835983
gingembre et piment et poivre,13,non,out,835983
gingembre sec,40,non,out,835983
ginseng,40,non,out,835983
ginza,2,non,out,835983
girandoles,2,non,out,835983
girandoles de cuir,1,non,out,835983
girandoles de verre,1,non,out,835983
girofle,1029,non,out,835983
girofle confite,2,non,out,835983
girofle et muscade,14,non,out,835983
girofle griffes et pédicules,2,non,out,835983
girouettes,1,non,out,835983
gites de 4 pouces carrés,123,non,out,835983
gites de 4 pouces sur 14 pieds de longueur,2,non,out,835983
gites de 4 pouces sur 33 pieds de longueur,2,non,out,835983
gites de 4 pouces sur 7 pieds de longueur,2,non,out,835983
gites de 5 à 7 pouces sur 56 pieds de longueur,2,non,out,835983
gites de bois,1,non,out,835983
gites de sapin,2,non,out,835983
gites ou côtes de sommier,6,non,out,835983
gites ou côtes de sommier de 1 pouce,2,non,out,835983
gites ou côtes de sommier de 2 pouces,2,non,out,835983
glacé,33,non,out,835983
glaces,147,non,out,835983
glaces ???,1,non,out,835983
glaces au tain,2,non,out,835983
glaces avec cadres dorés,5,non,out,835983
glaces d'1 aune et en dessus,1,non,out,835983
glaces d'en dessous 1 aune,1,non,out,835983
glaces d'en dessous de 1/4 aune ou petits miroirs,3,non,out,835983
glaces de ??? cru ???,2,non,out,835983
glaces de ??? d'œuf ???,1,non,out,835983
glaces de 1 1/2 aunes de hauteur,3,non,out,835983
glaces de 1 1/4 aunes de hauteur,3,non,out,835983
glaces de 1 1/8 aunes de hauteur,2,non,out,835983
glaces de 1 aune de hauteur,3,non,out,835983
glaces de 1/2 aune de hauteur,2,non,out,835983
glaces de 1/4 aune de hauteur,2,non,out,835983
glaces de 2 1/2 aunes de hauteur,2,non,out,835983
glaces de 3/4 aune de hauteur,3,non,out,835983
glaces de 3/8 aune de hauteur,2,non,out,835983
glaces de 5/8 aune de hauteur,2,non,out,835983
glaces de 7/8 aune de hauteur,2,non,out,835983
glaces de carrosses,2,non,out,835983
glaces de la manufacture de Paris,2,non,out,835983
glaces de miroirs,169,non,out,835983
glaces de miroirs d'1 aune et en dessus,6,non,out,835983
glaces de miroirs de 13 pouces,1,non,out,835983
glaces de miroirs de 3 pieds,1,non,out,835983
glaces de miroirs grandes,1,non,out,835983
glaces en dessous d'1 aune,9,non,out,835983
glaces en dessus d'1 aune,4,non,out,835983
glaces en valeur,10,non,out,835983
glaces encadrées,7,non,out,835983
glaces et meubles,281,non,out,835983
glaces et miroirs,324,non,out,835983
glaces faux teint,1,non,out,835983
glaces nues,7,non,out,835983
glaces petites et miroirs,13,non,out,835983
glaces petits miroirs,1,non,out,835983
glaces pour carrosses,33,non,out,835983
glaces pour estampes,2,non,out,835983
glaces pour miroirs,109,non,out,835983
glands,3,non,out,835983
glands d'or,1,non,out,835983
glands de chêne,28,non,out,835983
glu,73,non,out,835983
gobelets,8,non,out,835983
gobelets à boire,1,non,out,835983
gobelets à boire de verres,1,non,out,835983
gobelets à boire en verre,1,non,,41540
gobelets de bière,1,non,out,835983
gobelets de cristal,43,non,out,835983
gobelets de cristal de Rouen,2,non,out,835983
gobelets de cuivre,1,non,out,835983
gobelets de faïence,1,oui,out,835983
gobelets de grès,1,non,out,835983
gobelets de hêtre,1,non,,41540
gobelets de porcelaine,1,non,out,835983
gobelets de terre,3,non,out,835983
gobelets de verre,56,non,out,835983
gobelets de verre communs,4,non,,41540
gobelets en verre de cristal,1,non,out,835983
gobelets et lampes de verre,6,non,out,835983
gobelets et verres,21,non,out,835983
gobelets et verres à boire,1,non,out,835983
gobelets et verres de cristal,3,non,out,835983
gobelets peints,1,non,out,835983
goëmon et sable,6,non,,41540
gogorans,89,oui,out,835983
gomme,716,non,out,835983
gomme à ???,1,non,out,835983
gomme adragant,361,non,out,835983
gomme amandes,1,non,out,835983
gomme ammoniac,114,non,out,835983
gomme animée,7,non,out,835983
gomme animée ou courbaril,1,non,out,835983
gomme arabique,661,non,out,835983
gomme arabique par Marseille,1,non,out,835983
gomme atimaix,1,non,out,835983
gomme blanche,1,non,,41540
gomme brique,2,non,out,835983
gomme carans,2,non,out,835983
gomme chimique,7,non,out,835983
gomme clinique,1,non,out,835983
gomme commune,107,non,out,835983
gomme conviola,2,non,out,835983
gomme copale,223,non,out,835983
gomme couperose,1,non,out,835983
gomme d'acacia,11,non,out,835983
gomme d'acacia acajou adragante et arabique,1,non,out,835983
gomme d'acajou,4,non,out,835983
gomme d'adragant,1,non,out,835983
gomme d'amandier,62,non,out,835983
gomme d'ambrette,2,non,out,835983
gomme d'Amérique,1,non,out,835983
gomme d'ammoniac,1,non,out,835983
gomme d'élémi,2,oui,out,835983
gomme de Barbarie,88,non,out,835983
gomme de caragne,1,non,out,835983
gomme de cèdre,29,non,out,835983
gomme de Cenzier,1,non,out,835983
gomme de cerisier,1,non,out,835983
gomme de cochenille,1,non,out,835983
gomme de Copahu,1,non,out,835983
gomme de dragon,1,non,out,835983
gomme de gaïac,69,non,out,835983
gomme de galbanum,2,non,out,835983
gomme de geda,5,non,out,835983
gomme de giette,1,non,out,835983
gomme de gutte,1,non,out,835983
gomme de palme,1,non,out,835983
gomme de palmier,1,non,out,835983
gomme de pays,6,non,out,835983
gomme de sandarac,6,oui,out,835983
gomme de seraza,2,non,out,835983
gomme de toute espèce,113,non,out,835983
gomme demi,1,non,out,835983
gomme des Indes,2,non,out,835983
gomme dite laque,13,non,out,835983
gomme du Levant,1,non,out,835983
gomme du Levant thurique,1,non,out,835983
gomme du pays,6,non,out,835983
gomme du Sénégal,328,non,out,835983
gomme ederée,11,non,out,835983
gomme élastique,11,non,out,835983
gomme élémi,104,non,out,835983
gomme elemy,1,non,out,835983
gomme émeri,2,non,out,835983
gomme en feuilles,2,non,out,835983
gomme en grabeau,20,non,out,835983
gomme en pâte,2,non,out,835983
gomme esquinante,1,non,out,835983
gomme et or,32,non,,41540
gomme euphorbe,3,non,out,835983
gomme exotique,8,non,out,835983
gomme galanga,1,non,out,835983
gomme galle,5,non,out,835983
gomme gedda,13,non,out,835983
gomme gutte,143,non,out,835983
gomme herbes grandes,1,non,out,835983
gomme keraque,1,non,out,835983
gomme laque,320,non,out,835983
gomme laque en bois,1,non,out,835983
gomme laque en feuilles,3,non,out,835983
gomme laque plate,1,non,out,835983
gomme myrrhe,2,non,out,835983
gomme odorie,1,non,out,835983
gomme opoponax,4,non,out,835983
gomme pour peintures et teinture,1,non,out,835983
gomme pure d'amandier et de cerisier,2,non,out,835983
gomme pure exotique,4,non,out,835983
gomme pure exotique des entrepôts,0,non,out,835983
gomme quile,1,non,out,835983
gomme racines d'alizari,1,non,out,835983
gomme rouge,7,non,out,835983
gomme sagapenum,5,non,out,835983
gomme sandaraque,155,non,out,835983
gomme séraphine,9,non,out,835983
gomme séraphique,8,non,out,835983
gomme sercacole,1,non,,41540
gomme tacamaca,8,non,out,835983
gomme tandarac,2,non,out,835983
gomme thurique,157,non,out,835983
gomme topal,1,non,out,835983
gomme verdet,1,non,out,835983
gondole de faïence,1,non,out,835983
gonds,1,non,out,835983
goudron,2613,non,out,835983
goudron de Suède,0,non,out,835983
goudron en gomme,2,non,,41540
goudron et poix,561,non,out,835983
goudron et poix et résines,6,non,out,835983
goules,0,non,out,835983
goupil,1,non,out,835983
gourde,1,non,out,835983
gourgouran,101,non,,41540
gournable,22,non,out,835983
gournable de chêne,5,non,out,835983
gournable de sapin,1,non,out,835983
gournables de bois,1,non,out,835983
gousses,3,non,out,835983
gousses ???,1,non,out,835983
gousses arabiques,21,non,out,835983
gousses de sandaraque,1,non,out,835983
gousses du Sénégal,2,non,out,835983
gousses gatte,1,non,out,835983
gousses lagne,2,non,out,835983
gouttières ou goulots,3,non,out,835983
gouvernail vieux,3,non,out,835983
grabeau d'aspic,1,oui,out,835983
grabeau d'émail,1,oui,out,835983
grabeau d'encens,115,oui,out,835983
grabeau d'indigo,99,oui,out,835983
grabeau d'ivoire,2,oui,out,835983
grabeau de canefice,12,oui,out,835983
grabeau de cire,105,oui,out,835983
grabeau de cochenille,97,oui,out,835983
grabeau de corail,30,oui,out,835983
grabeau de galipot,1,oui,out,835983
grabeau de gomme,18,oui,out,835983
grabeau de jalap,1,oui,out,835983
grabeau de mine,1,oui,out,835983
grabeau de mioche,1,oui,out,835983
grabeau de myrthe,4,oui,out,835983
grabeau de quinquina,3,oui,out,835983
grabeau de rhubarbe,1,oui,out,835983
grabeau de sel ammoniac,7,oui,out,835983
grabeau de séné,135,oui,out,835983
grabeau de storax,1,oui,out,835983
grabeau de tartre,26,oui,out,835983
grabeau de vermillon,1,oui,out,835983
grabeau encens,1,oui,out,835983
grabeau manelle,1,oui,out,835983
grai gras,1,oui,out,835983
graine,128,non,out,835983
graine ???,2,non,out,835983
graine à chapelets,25,non,out,835983
graine à chapelets pour l'entrepôt pour Guinée,2,non,out,835983
graine à chapelier,1,non,out,835983
graine à chapelles,2,non,out,835983
graine à couteaux,1,non,out,835983
graine alpiste,2,non,out,835983
graine arabique,1,non,out,835983
graine blanche,2,non,out,835983
graine commune,1,non,out,835983
graine d'abrus,1,non,out,835983
graine d'absinthe,1,non,out,835983
graine d'acacia,1,non,out,835983
graine d'alipiste,1,non,out,835983
graine d'alizari,6,non,out,835983
graine d'alpiste,24,non,out,835983
graine d'ambrette,29,non,out,835983
graine d'ameas,1,non,out,835983
graine d'amome,3,non,out,835983
graine d'angélique,2,non,out,835983
graine d'anis,69,non,out,835983
graine d'anis carvi coriandre etc.,119,non,out,835983
graine d'anis vert,3,non,out,835983
graine d'artichaut,1,non,out,835983
graine d'asperges,2,non,out,835983
graine d'aspic,47,non,out,835983
graine d'aspic et de lavande,3,non,,41540
graine d'Avignon,175,non,out,835983
graine d'écarlate,2,non,out,835983
graine d'encens,1,non,out,835983
graine d'eparette,1,non,out,835983
graine d'épicerie,1,non,out,835983
graine d'escayolle,1,non,out,835983
graine d'esparceil,9,non,out,835983
graine d'étain,1,non,out,835983
graine d'Inde,1,non,out,835983
graine d'indigo,7,non,out,835983
graine d'ivoire,2,non,out,835983
graine d'oignon,33,non,out,835983
graine d'oiseau,9,non,out,835983
graine d'oliette,18,non,out,835983
graine d'oliette et de fenugrec,38,non,out,835983
graine de,1,non,out,835983
graine de beau,1,non,out,835983
graine de becs,1,non,out,835983
graine de bois,1,non,out,835983
graine de bois d'Inde,9,non,out,835983
graine de bois de hêtre,6,non,out,835983
graine de bois des Indes,10,non,out,835983
graine de bois du Brésil,1,non,out,835983
graine de bouquette,2,non,out,835983
graine de brim,1,non,out,835983
graine de brion,1,non,out,835983
graine de brocoli,1,non,out,835983
graine de buisson,27,non,out,835983
graine de caillou,1,non,out,835983
graine de campêche,4,non,out,835983
graine de canarico,2,non,out,835983
graine de canaris,159,non,out,835983
graine de cardamome,4,non,out,835983
graine de carotte,1,non,out,835983
graine de carrombe,1,non,out,835983
graine de cassave,1,non,out,835983
graine de chanvre,372,non,out,835983
graine de chanvre colza navette et oliette,1,non,out,835983
graine de chanvre et de trèfle,1,non,out,835983
graine de chapelets,28,non,out,835983
graine de chenery,1,non,,41540
graine de choux,107,non,out,835983
graine de choux-fleurs,12,non,out,835983
graine de citron,1,non,out,835983
graine de clave,1,non,out,835983
graine de cochenille,13,non,out,835983
graine de cocon,1,non,out,835983
graine de colza,20,non,out,835983
graine de colza et ?,102,non,out,835983
graine de coriandre,2,non,out,835983
graine de coton,15,non,out,835983
graine de coton et de garance,2,non,out,835983
graine de cumin,56,non,out,835983
graine de diverse,4,non,out,835983
graine de fenouil,41,non,out,835983
graine de fenugrec,9,non,out,835983
graine de foin,50,non,out,835983
graine de foin de luzerne et de trèfle,2,non,out,835983
graine de forestale,2,non,out,835983
graine de France,9,non,out,835983
graine de genièvre,350,non,out,835983
graine de genièvre graine comestible,1,non,out,835983
graine de grenier,3,non,out,835983
graine de houblon,1,non,out,835983
graine de houx,1,non,out,835983
graine de jardin,1239,non,out,835983
graine de jardin et de fleurs,4,non,out,835983
graine de kin,1,non,out,835983
graine de l ???,2,non,,41540
graine de laitue,7,non,out,835983
graine de lapin,1,non,out,835983
graine de laurier,4,non,out,835983
graine de laurier dite bekelaers,45,non,out,835983
graine de léen,6,non,out,835983
graine de légumes,2,non,out,835983
graine de lin,802,non,out,835983
graine de lin à battre huile,117,non,out,835983
graine de lin et à semer,116,non,out,835983
graine de lin et grasse,18,non,out,835983
graine de lin vieille,2,non,out,835983
graine de longue,13,non,out,835983
graine de lupin,4,non,out,835983
graine de lupin et légumes secs,2,non,,41540
graine de luzerne,112,non,out,835983
graine de luzerne et de trèfle,131,non,out,835983
graine de melon,4,non,out,835983
graine de moutarde,407,non,out,835983
graine de mûriers,1,non,out,835983
graine de musc,2,non,out,835983
graine de muscade,1,non,out,835983
graine de navette,168,non,out,835983
graine de pain,1,non,out,835983
graine de Palma Christi,1,oui,out,835983
graine de paradis,10,non,out,835983
graine de pécan,1,non,out,835983
graine de perles,4,non,out,835983
graine de perroquet,14,non,out,835983
graine de Perse,1,non,out,835983
graine de pigeon,1,non,out,835983
graine de pirrette,1,oui,out,835983
graine de pivoine,1,non,out,835983
graine de prairie,35,non,out,835983
graine de prairie et de trèfle et luzerne,22,non,out,835983
graine de pré,4,non,out,835983
graine de pyrèthre,1,non,,41540
graine de rabette,8,non,out,835983
graine de ricin,1,non,,41540
graine de rosette,1,non,out,835983
graine de safranum,1,non,out,835983
graine de sagou,1,non,out,835983
graine de sainfoin,48,non,out,835983
graine de Saint-Domingue,1,non,out,835983
graine de sapin,41,non,out,835983
graine de sapotille,1,non,out,835983
graine de scammonée,1,non,out,835983
graine de semaille,1,non,out,835983
graine de silvestre,2,non,out,835983
graine de soude,2,oui,out,835983
graine de soudes,2,non,,41540
graine de tasse,1,non,out,835983
graine de trèfle,467,non,out,835983
graine de trèfle et de luzerne,1,non,out,835983
graine de tremaine,10,non,out,835983
graine de trioter,1,non,out,835983
graine de truelle,1,non,out,835983
graine de truffe,6,non,out,835983
graine de vermillon,4,non,out,835983
graine de vermillon ou d'eolatte,1,non,out,835983
graine de vers à soie,37,non,out,835983
graine de vesse,4,non,out,835983
graine de zedoria,1,non,out,835983
graine des Canaries,33,oui,out,835983
graine des Îles,2,non,out,835983
graine des Indes,1,non,out,835983
graine diverse,434,non,out,835983
graine diverse et de jardin,25,non,out,835983
graine douce,2,non,out,835983
graine du jardin,2,non,out,835983
graine du soucrillon,1,non,out,835983
graine écarlate,7,non,out,835983
graine et graine de lin,10,non,out,835983
graine et semence froide,6,non,out,835983
graine fenouil,2,non,out,835983
graine fermentale,1,non,out,835983
graine forestale,2,non,out,835983
graine forestale et de pastel et de garance,2,non,out,835983
graine grainette,2,non,out,835983
graine grasse,73,non,out,835983
graine huile d'olive,1,non,out,835983
graine jaune,239,non,out,835983
graine jaune d'Avignon,68,non,out,835983
graine jaune d'Avignon ou nerprun,19,non,out,835983
graine jaune de laitue,1,non,out,835983
graine jaune dit wauwe,82,non,out,835983
graine jaune longue,1,non,out,835983
graine longue,76,non,out,835983
graine menue,1,non,out,835983
graine metillon,1,non,out,835983
graine potagère,1,non,,41540
graine pour teinture,21,non,out,835983
graine rouge,5,non,out,835983
graine triole,1,non,out,835983
graine truffe,1,non,out,835983
graine vermillon,1,non,out,835983
graine verte,2,non,out,835983
graine vieille de lin,2,non,out,835983
graines de lupin et légumes secs,2,oui,out,835983
grainette,4,non,out,835983
grainette d'Avignon,2,non,out,835983
grainette jaune,2,non,out,835983
grains,8,non,out,835983
grains à chapelets,3,non,out,835983
grains ails,3,non,out,835983
grains autre que céréales,2,non,out,835983
grains avoine,85,non,out,835983
grains avoine et froment,1,non,out,835983
grains baillarge,2,non,out,835983
grains blé,3340,non,out,835983
grains blé de Turquie,3,non,out,835983
grains blé et autre grains,141,non,out,835983
grains blé et autres,56,non,out,835983
grains blé et froment,14,non,out,835983
grains blé et riz,9,non,out,835983
grains blé mercit,1,non,out,835983
grains blé mescli,1,non,out,835983
grains blé orge,1,non,,41540
grains blé seigle,1,non,,41540
grains comestibles,1,non,,41540
grains cuscute,2,non,out,835983
grains d'Avignon,1,non,out,835983
grains d'Espagne,35,non,out,835983
grains d'Inde,134,non,out,835983
grains de cire,23,non,out,835983
grains de cire blanche,4,non,out,835983
grains de coton,1,non,out,835983
grains de la Corse,1,non,out,835983
grains de lin,5,non,out,835983
grains de millet gros,1,oui,out,835983
grains de plomb,20,oui,out,835983
grains de prune,2,non,out,835983
grains de Riga,2,non,out,835983
grains de séné,1,non,out,835983
grains de trèfle,1,non,out,835983
grains de verre,29,non,maybe venetian glass beads,734
grains de verre à chapelet,1,non,maybe venetian glass beads,734
grains divers,461,non,out,835983
grains dur à tailler,2,non,out,835983
grains en advestures de toute espèce,102,non,out,835983
grains épeautre,3,non,out,835983
grains et farine de maïs,1,non,,41540
grains farine fromage etc.,1,non,out,835983
grains froment,3723,non,out,835983
grains froment de la Corse,1,non,out,835983
grains froment en gerbe,18,non,out,835983
grains froment et méteil,1,non,out,835983
grains froment par Bayonne et Marseille,1,non,out,835983
grains froment par Marseille,3,non,out,835983
grains froment seigle,1,non,out,835983
grains grenaille,2,non,out,835983
grains maïs,128,non,out,835983
grains maïs par Marseille,1,non,out,835983
grains maïs seigle,2,non,out,835983
grains menu,1,non,out,835983
grains méteil,52,non,out,835983
grains métillon,116,non,out,835983
grains métillon en gerbe,9,non,out,835983
grains millet,441,non,out,835983
grains millet gros,3,oui,out,835983
grains millet ordinaire,1,non,out,835983
grains mondé et perlé,8,non,out,835983
grains orge,109,non,out,835983
grains orge en gerbe,2,oui,out,835983
grains orge et soucrion,131,oui,out,835983
grains orge et soucrion en gerbe,17,oui,out,835983
grains orge germé,2,non,out,835983
grains orge paillarge,1,oui,out,835983
grains orge par Marseille,1,non,out,835983
grains orge perlé et mondé,149,oui,out,835983
grains petits,1,non,out,835983
grains riz,251,non,out,835983
grains sarrasin,70,non,out,835983
grains seigle,2213,non,out,835983
grains seigle avarié,1,non,out,835983
grains seigle en gerbe,1,non,out,835983
grains seigle en gerbes,21,non,out,835983
grains seigle et blé,1,non,out,835983
grains seigle par Marseille,1,non,out,835983
grains soucrillon,7,non,out,835983
graisse,357,non,out,835983
graisse à chapeler,1,non,out,835983
graisse blanche,2,non,out,835983
graisse d'autruche,1,non,out,835983
graisse d'oint,1,non,out,835983
graisse d'ours,2,non,out,835983
graisse de baleine,2,non,out,835983
graisse de bœuf,4,non,,41540
graisse de boucherie,52,non,out,835983
graisse de cacao,1,non,out,835983
graisse de chanvre,3,non,out,835983
graisse de cheval d'ours et de pied de bœuf,3,non,out,835983
graisse de cire,1,non,out,835983
graisse de cochon,7,non,out,835983
graisse de gras de peau,6,non,out,835983
graisse de jardin,1,non,out,835983
graisse de mouton,6,non,out,835983
graisse de pied de bœuf,1,non,out,835983
graisse de poisson,12,non,out,835983
graisse de poisson de pêche étrangère,0,non,out,835983
graisse de poisson de pêche française,1,non,out,835983
graisse de poisson des pays hors d'Europe,0,non,out,835983
graisse de porcs,116,non,out,835983
graisse de tasson et autres,10,non,out,835983
graisse de toutes sortes sauf graisse de bœuf d'ours de gras de peau et suif brut,2,non,out,835983
graisse de toutes sortes sauf graisse de cheval d'ours de gras de peau et suif brut,1,non,out,835983
graisse de toutes sortes sauf gras de peau et suif brut,2,non,out,835983
graisse douce,3,non,out,835983
graisse douce de cochon,1,non,out,835983
graisse et chair salée de porcs,1,non,out,835983
graisse et suif,1,non,out,835983
graisse fine,2,non,out,835983
graisse fondue,1,non,out,835983
graisse salée,1,non,out,835983
grande voile de vaisseaux,2,non,out,835983
grandes pentes de lit en satin,2,non,,41540
grandes pentes de lit en satin brodé,2,non,,41540
granille de cochenille,47,non,out,835983
granit,1,non,out,835983
grannette de coton,1,non,out,835983
graphite,7,non,out,835983
grappins,6,non,out,835983
grappins de fer,57,non,out,835983
grappins de fer pour chaloupe,1,non,,41540
gras,0,non,,41540
gras de tours,1,non,out,835983
gras rouge,1,non,out,835983
gras-double,8,non,out,835983
grattes,1,non,out,835983
grattes en fer,2,non,out,835983
grattoirs,3,non,out,835983
grattoirs de fer,1,non,out,835983
gravelée,170,non,out,835983
gravelée potasse et védasse,139,non,out,835983
gravelle,17,non,out,835983
gravures,2,non,out,835983
gravures encadrées,1,non,out,835983
gravures et lithographies,2,non,out,835983
gravures noires ou coloriées,6,non,out,835983
gravures peintures et sculptures,54,non,out,835983
gréements,3,non,,41540
gréements de navires,1,non,,41540
gréements vieux,1,non,,41540
grèles,1,non,out,835983
grèles à café,1,non,out,835983
grelin,6,non,out,835983
grelots,57,non,out,835983
grelots de cuivre,65,non,out,835983
grelots de laiton,1,non,out,835983
grelots et sonnettes,1,non,out,835983
grenade,38,non,out,835983
grenade à feu,1,non,out,835983
grenade de coton,1,non,out,835983
grenade de fer,14,non,out,835983
grenade de Florence,1,non,out,835983
grenade étoffe,2,non,out,835983
grenade fruit,7,non,out,835983
grenade pour la Compagnie des Indes,1,non,out,835983
grenades de fonte,0,non,out,835983
grenades fraîches,1,non,,41540
grenadier et laurier et jasmin etc,93,non,out,835983
grenaille,7,non,out,835983
grenaille d'acier et de fer,2,non,out,835983
grenaille de C ?,1,non,,41540
grenaille de cochenille,3,oui,out,835983
grenat,15,non,out,835983
grenat et rubis,1,non,out,835983
grenat faux,4,non,out,835983
grenat faux et autres pierres fausses non montées,3,non,out,835983
grenat fin,3,non,out,835983
grenat fin monté,4,non,out,835983
grenat fin non monté,3,non,out,835983
grès,30,non,out,835983
grès à laver,4,non,out,835983
grès en pavé,12,non,out,835983
grès rouge,1,non,out,835983
grignon,5,oui,,41540
grignons,5,oui,out,835983
grillages,1,non,out,835983
grillages de fer,2,non,out,835983
grillages en fer,1,non,out,835983
grilles,1,non,out,835983
grilles de fer,59,non,out,835983
grilles de fer à moulins à sucre,1,non,out,835983
grilles de fer de fonte,4,non,out,835983
grilles de fer pour moulins à sucre,1,non,out,835983
grilles et platines de fer,1,non,,41540
grilles et tambours de fer,1,non,out,835983
grillons,1,non,out,835983
grillons de fonte,1,non,out,835983
grinza,0,non,out,835983
gris,3,non,out,835983
grisette,62,non,out,835983
grisette de Flandre,1,non,out,835983
grisette de laine,2,non,out,835983
grisette de soie,10,non,out,835983
grison,2,non,out,835983
grison et tuffeau,1,non,,41540
grison pour sucrerie,2,non,,41540
grives,6,non,out,835983
groisil,1,non,out,835983
groisil de verre,66,non,out,835983
groison,2,non,out,835983
gros de Naples,1,non,out,835983
gros de Tours,5,non,out,835983
gros rouge,6,non,out,835983
gros tors,2,non,out,835983
groseille,2,non,out,835983
grosgrain,1,non,out,835983
grosil,24,non,out,835983
grosse de soie,1,non,out,835983
gruau,312,non,out,835983
gruau d'avoine,3,non,out,835983
gruau de grains comestible,7,non,out,835983
gruau de grains sarrasin,3,non,out,835983
gruau de millet,3,non,out,835983
gruau et fécule,6,non,out,835983
gruyère,3,non,out,835983
guajocum utilisé pour traiter la syphilis,7,non,out,835983
guéridon,6,non,out,835983
guéridon de sapin,2,non,out,835983
guéridon et tables,1,non,out,835983
guéridon peint,2,non,out,835983
guêtres,18,non,out,835983
guêtres de basanes,1,non,,41540
guêtres de coton,1,non,out,835983
guêtres de cuir,3,non,out,835983
guêtres de toile,7,non,out,835983
gueuse de fer,1,non,out,835983
guftas,1,non,out,835983
guidive des prises,1,non,out,835983
guignolet en ratafia,4,non,out,835983
guignolet en ratafia de cerise,3,non,out,835983
guildive,17,non,out,835983
guin ???,1,non,out,835983
guina,1,non,out,835983
guincastafs,2,non,out,835983
guindeaux,2,non,out,835983
guinée,192,non,out,835983
guinée blanche,113,non,out,835983
guinée blanche des Indes,3,non,out,835983
guinée blanche et bleue,1,non,out,835983
guinée blanche et bleue des Indes,3,non,out,835983
guinée blanche ordinaire,2,non,out,835983
guinée bleue,223,non,out,835983
guinée bleue de coton,1,non,out,835983
guinée bleue des Indes,0,non,out,835983
guinée bleue imitant celle des Indes,1,non,out,835983
guinée de coton,2,oui,out,835983
guinée des Indes,1,non,out,835983
guinée imitant celle des Indes,2,non,out,835983
guinée masulipatan,1,non,out,835983
guinée Sénégal,1,non,out,835983
guinée tachée,1,non,out,835983
guingans,10,oui,out,835983
guingans blanc,1,oui,out,835983
guingans bleu,1,oui,out,835983
guingans de Bengale,2,oui,out,835983
guingans de coton,1,oui,out,835983
guingans de fil,8,oui,out,835983
guingans de Grenade,2,oui,out,835983
guingans de lin,13,oui,out,835983
guingans de Madras,23,oui,out,835983
guingans de Masulipatan,1,oui,out,835983
guingans de Pondichéry,26,oui,out,835983
guingans de Pondichéry et de Madras,1,oui,out,835983
guingans de Rouen,3,oui,out,835983
guingans des Indes,1,oui,out,835983
guingans des prises,1,oui,out,835983
guingans du Bengale,8,oui,out,835983
guingans en Madras,1,oui,out,835983
guingans peint,2,oui,out,835983
guingans pièces,1,oui,out,835983
guinimos,1,non,out,835983
guipon,6,non,out,835983
guisine,1,non,out,835983
guitare,12,non,out,835983
guitare de fer,3,non,out,835983
gullots,1,non,out,835983
habassis,5,non,out,835983
habillement de drap noir,1,non,out,835983
habillés,1,non,out,835983
habits,562,non,out,835983
habits à nègre,1,non,out,835983
habits brodés d'argent et d'or,1,non,out,835983
habits brodés d'or,15,non,out,835983
habits brodés de soie,6,non,out,835983
habits complets,3,non,out,835983
habits complets et neufs,2,non,out,835983
habits d'argent et d'or,1,non,out,835983
habits d'étamine,1,non,out,835983
habits d'or,3,non,out,835983
habits d'un commissaire ordonateur,1,non,,41540
habits de camelot,1,non,out,835983
habits de camelot complet,1,non,out,835983
habits de cour,1,non,out,835983
habits de drap,12,non,out,835983
habits de drap d'Elbeuf,1,non,out,835983
habits de drap galonné,1,non,out,835983
habits de drap galonnés d'argent et d'or,1,non,out,835983
habits de drap neuf,1,non,out,835983
habits de drap uni,2,non,out,835983
habits de droguet,1,non,out,835983
habits de droguet de soie,1,non,out,835983
habits de gogorans,2,oui,out,835983
habits de gourgourans,2,non,,41540
habits de la 11e 1/2 brigade d'infanterie,1,non,,41540
habits de laine,1,non,out,835983
habits de laine pour nègre,1,non,out,835983
habits de livrée,1,non,out,835983
habits de livrée et ornements d'église,2,non,out,835983
habits de nègre,1,non,out,835983
habits de nègre en étoffe,1,non,out,835983
habits de négresse,1,non,out,835983
habits de peau,4,non,out,835983
habits de peau à pêcher,1,non,,41540
habits de peau complets,1,non,out,835983
habits de peau de mouton,1,non,,41540
habits de peaux de mouton,1,oui,out,835983
habits de Pékin brodés,1,non,out,835983
habits de pelleterie,1,non,out,835983
habits de pinchina,1,non,out,835983
habits de retour,1,non,,41540
habits de satin brodé,1,non,out,835983
habits de soie,38,non,out,835983
habits de soldat,2,non,out,835983
habits de toile,1,non,out,835983
habits de toile de chanvre,1,non,out,835983
habits de troupes,2,non,out,835983
habits de velours,1,non,out,835983
habits divers,93,non,out,835983
habits du régiment de l'Île de France,1,non,,41540
habits enrichis,1,non,out,835983
habits et lingerie,581,non,out,835983
habits et lingerie et effets militaires,38,non,out,835983
habits et matériel de ménage,1,non,,41540
habits et meubles,3,non,out,835983
habits et ornements d'Eglise,1,non,out,835983
habits et taffetas,1,non,out,835983
habits et vestes brodés,1,non,out,835983
habits et vestes vieux,1,non,out,835983
habits militaires,4,non,,41540
habits neufs,3,non,out,835983
habits pour femme,5,non,out,835983
habits pour homme,6,non,out,835983
habits pour homme avec argent et or,2,non,out,835983
habits pour homme brodés d'or,1,non,out,835983
habits pour homme complets,1,non,out,835983
habits pour homme de drap,1,non,,41540
habits pour homme et pour femme,1,non,out,835983
habits pour nègre,3,non,out,835983
habits provenant d'un naufrage,3,non,,41540
habits riches,1,non,out,835983
habits supportés,4,non,out,835983
habits supportés à la valeur,1,non,out,835983
habits supportés au kilogramme,2,non,out,835983
habits uniformes,1,non,out,835983
habits unis,1,non,out,835983
habits vieux,6,non,out,835983
haches,59,non,out,835983
haches d'arme,1,oui,,41540
haches d'armes,2,non,out,835983
haches de fer,26,non,out,835983
haches de fer et d'acier,5,non,out,835983
haches de fer et houes de fer et serpes de fer,3,non,out,835983
haches et houe et serpes,1,non,out,835983
haches et houes,4,non,out,835983
haches et houes de fer,1,non,out,835983
haches et houes et serpes,78,non,out,835983
haches et serpes,2,non,out,835983
haches paille,1,non,out,835983
haillons de laine,2,non,out,835983
hallebardes,8,non,out,835983
haltsays,1,non,out,835983
hamacs,176,non,out,835983
hamacs de coton,8,non,out,835983
hamacs de retour,0,non,,41540
hamacs de retour faute de vente,0,oui,out,835983
hameçons,55,non,out,835983
hameçons cassés,1,non,out,835983
hameçons petits,1,non,,41540
hamiracontans,1,non,,41540
hampes de plumes,1,non,out,835983
harancades,41,non,out,835983
haras,1,non,out,835983
hardes,104,non,out,835983
hardes à usage,8,non,out,835983
hardes capillaire,1,non,out,835983
hardes de gens de mer,8,non,,41540
hardes diverses,6,oui,,41540
hardes et habits,4,non,out,835983
hardes neuves,17,non,out,835983
hardes perelle,1,non,out,835983
hardes pour nègre,2,non,out,835983
hardes vieilles,43,non,out,835983
hareng de Nantes,1,oui,,41540
harengs,160,non,out,835983
harengs blancs,695,non,out,835983
harengs blancs demi-feuillettes,2,non,out,835983
harengs blancs feuillettes,2,non,out,835983
harengs blancs marinés et salés,16,non,out,835983
harengs blancs salés,0,non,out,835983
harengs blancs salés et marinés,1,oui,out,835983
harengs bleus,1,non,out,835983
harengs cades,2,non,out,835983
harengs de la Baltique petits,1,non,out,835983
harengs de la pêche nationale,28,non,out,835983
harengs de Nantes,0,non,,41540
harengs et maquereaux salés,4,non,out,835983
harengs et saumons salés,1,non,out,835983
harengs frais,20,non,out,835983
harengs frais et merlan frais,1,non,out,835983
harengs fumés,84,non,out,835983
harengs marinés et salés,3,non,out,835983
harengs marinés et salés et saurs,8,non,out,835983
harengs pecs,3,non,out,835983
harengs salés,161,non,out,835983
harengs salés et sardines salées,4,non,out,835983
harengs salés et sardines salées et saumon salé,6,non,out,835983
harengs salés et saurs,3,non,,41540
harengs saurs,562,non,out,835983
harengs secs,11,non,out,835983
haricots,259,non,out,835983
haricots blancs,1,non,,41540
haricots confits,2,non,out,835983
haricots en fèves,1,non,out,835983
haricots en fil,1,non,out,835983
haricots et lentilles et pois secs,3,non,out,835983
haricots marinés,1,non,out,835983
harmonica et orgues portatives,2,non,out,835983
harnais,84,non,out,835983
harnais de carrosses,1,non,out,835983
harnais de chaise,23,non,out,835983
harnais de chevaux,21,non,out,835983
harnais de chevaux de cuir,8,non,out,835983
harnais de cuir,2,non,out,835983
harnais de cuir et cellerie,4,oui,,41540
harnais de cuir et sellerie,4,non,,41540
harnais de sellier,2,non,out,835983
harnais et chaises roulantes,1,non,out,835983
harnais et housses de chevaux,1,non,out,835983
harnais et housses de mulet,1,non,out,835983
harnais et phaéton,1,non,out,835983
harnais et selles,11,non,out,835983
harnais pour chaise de cuir,1,non,out,835983
harpe,1,non,,41540
harpes,11,non,out,835983
harpes et guitare,51,non,out,835983
harpes et guitare et psalterions,3,non,out,835983
harpes et orgues d'église,2,non,out,835983
harpins,1,non,out,835983
harpons de scies,1,non,out,835983
hartreuse,1,non,out,835983
hautbois,3,non,out,835983
hebichets de fil de fer,1,non,out,835983
helateas,2,non,out,835983
hellébore,1,oui,out,835983
hemitacortum,2,non,out,835983
herbages,82,oui,out,835983
herbes,61,non,out,835983
herbes à charpentier,5,non,out,835983
herbes à col,1,non,out,835983
herbes à teindre,122,non,out,835983
herbes à teindre ou terre jaune,2,non,out,835983
herbes aromatiques,2,non,out,835983
herbes d'absinthe,2,non,out,835983
herbes d'acacia,1,non,out,835983
herbes d'acacia à teindre,1,non,out,835983
herbes d'orseille,113,non,out,835983
herbes d'oseille,26,non,out,835983
herbes de sarriette,1,non,out,835983
herbes de violette,1,non,out,835983
herbes émollientes,1,non,out,835983
herbes et plantes et racines,6,non,out,835983
herbes et racines,1,non,out,835983
herbes et trèfle,12,non,out,835983
herbes fleurs,1,oui,,41540
herbes gaude,76,non,out,835983
herbes mauves,1,non,out,835983
herbes médicinales,18,non,out,835983
herbes médicinales et plantes médicinales,58,non,out,835983
herbes médicinales et plantes médicinales et racines médicinales,35,non,out,835983
herbes pérelle,123,non,out,835983
herbes plantes racines fleurs etc.,14,non,out,835983
herbes qacrette,3,non,out,835983
herbes vaudes,28,non,out,835983
herbes véroniques,1,non,out,835983
herbes vulnéraires,25,non,out,835983
hermine,37,non,out,835983
herminettes,2,non,out,835983
hermodatte,57,non,out,835983
herse,1,non,out,835983
hesses et hirondelles,1,non,out,835983
hêtre en blocs,1,non,out,835983
hipocide,4,non,out,835983
hipouditte,1,non,out,835983
histoire naturelle,18,non,out,835983
histoire naturelle coquillages,1,non,out,835983
homme d'équipage,7,non,,41540
homme d'équipage hollandais,2,non,,41540
homme d'équipage prisonnier suédois,1,non,,41540
Hondschoote blanche,3,non,out,835983
Hondschoote peinte,5,non,out,835983
hôpitaux,2,non,out,835983
hôpitaux à café,1,non,out,835983
hôpitaux de cuivre,68,non,out,835983
horloge,53,non,out,835983
horloge à réveils,1,non,out,835983
horloge commune,5,non,out,835983
horloge d'église,3,non,out,835983
horloge de bois,94,non,out,835983
horloge de fer,13,non,out,835983
horloge de mer,1,non,out,835983
horloge de sable,30,non,out,835983
horloge de tables,4,non,out,835983
horloge neuve,1,non,out,835983
horlogerie,821,non,out,835983
horlogerie boîtes d'argent,6,non,out,835983
horlogerie boîtes d'or,4,non,out,835983
horlogerie boîtes de montre d'argent,1,oui,out,835983
horlogerie boîtes de montre d'or,1,oui,out,835983
horlogerie boîtes de pendule,3,oui,out,835983
horlogerie cadrans,1,non,out,835983
horlogerie cadrans d'émail,1,non,out,835983
horlogerie carillon,1,non,out,835983
horlogerie carillon au-dessous d'une hectogramme,1,non,out,835983
horlogerie chaînes d'argent,1,non,out,835983
horlogerie chaînes d'or,3,non,out,835983
horlogerie chaînes de cuivre,1,non,out,835983
horlogerie clefs de montre,1,oui,out,835983
horlogerie d'or,2,non,out,835983
horlogerie et carillon,4,non,out,835983
horlogerie fournitures,6,non,out,835983
horlogerie horloge de fer,12,oui,out,835983
horlogerie monom à montre,1,oui,out,835983
horlogerie monom à pendule,2,oui,out,835983
horlogerie montres d'argent,12,oui,out,835983
horlogerie montres d'or,14,oui,out,835983
horlogerie montres de cuivre,3,oui,out,835983
horlogerie montres de métal,1,oui,out,835983
horlogerie montres maillées,1,oui,out,835983
horlogerie mouvements de montre,7,oui,out,835983
horlogerie mouvements de pendule,5,oui,out,835983
horlogerie outils d'horloge,2,oui,out,835983
horlogerie pendule,36,oui,out,835983
horlogerie pendule de cuivre,2,oui,out,835983
horlogerie pendule et réveils,259,oui,out,835983
horlogerie ressorts de montre,2,oui,out,835983
horlogerie ressorts de pendule,3,oui,out,835983
horlogerie réveils,2,oui,out,835983
horlogerie timbres,1,non,out,835983
hôtes,1,non,out,835983
hôtes d'osier,4,non,out,835983
houblon,444,non,out,835983
houes,12,non,out,835983
houes de fer,18,non,out,835983
houes et serpes,22,non,out,835983
houes haches et serpes,4,non,out,835983
houille,4,non,out,835983
houille frontières,2,non,out,835983
houille par Ardennes et Meuse,2,non,out,835983
houille par mer,3,non,out,835983
houille par mer à Baisieux,2,non,out,835983
houille par terre,1,non,out,835983
houille par terre Ardennes et autre,2,non,out,835983
houppe de cygne,5,non,out,835983
housses,8,non,out,835983
housses de chevaux,26,non,out,835983
housses de chevaux enrichie,1,non,out,835983
housses de chevaux et faux,1,non,out,835983
housses de chevaux et faux et fourreaux garnis de soie,1,non,out,835983
housses de chevaux garnies d'argent et d'or,1,non,out,835983
housses de drap,11,non,out,835983
housses de drap et de velours,2,non,out,835983
housses de lit,2,non,out,835983
housses de selles,1,non,out,835983
housses de velours,1,non,out,835983
housses et faux fourreaux,3,non,out,835983
housses et faux fourreaux garnis d'argent,1,non,out,835983
housses et selles de chevaux,1,non,out,835983
housses galonnées,2,non,out,835983
housses galonnées d'or,4,non,out,835983
housses galonnées d'or et d'argent,1,non,out,835983
housses garnies d'or,2,non,out,835983
hubalingue,1,non,out,835983
hubellimeus,1,non,out,835983
huide de codde,1,non,out,835983
huile,4787,non,out,835983
huile à ???,1,non,out,835983
huile à brûler,58,non,out,835983
huile à brûler de graine,1,non,out,835983
huile à brûler et de poisson,12,non,out,835983
huile ambrée,1,non,out,835983
huile antique et huile volatile ambrée,1,non,out,835983
huile blanche,1,non,out,835983
huile carabée,1,non,out,835983
huile chimique,1,non,out,835983
huile citron orange et leurs variétés,2,non,out,835983
huile commune,4,non,out,835983
huile commune d'olive,1,non,out,835983
huile concrète de cacao et de laurier,2,non,out,835983
huile d'absinthe,2,non,out,835983
huile d'Aix,2,non,out,835983
huile d'amande,4,oui,,41540
huile d'amandes,81,non,out,835983
huile d'amandes douces,20,non,out,835983
huile d'ambre,12,non,out,835983
huile d'anis,56,non,out,835983
huile d'anis carvi et fenouil,1,non,out,835983
huile d'anis et fenouil,2,non,out,835983
huile d'aspic,59,non,out,835983
huile d'ébène,1,non,,41540
huile d'élite dite keurolie,10,non,out,835983
huile d'enc,2,non,out,835983
huile d'étain,1,non,out,835983
huile d'œillette,31,oui,out,835983
huile d'œillette de noix de pavots,18,non,,41540
huile d'œillette ou de pavot,13,non,,41540
huile d'olive,3658,non,out,835983
huile d'olive à manger,17,non,out,835983
huile d'olive blanche de Gênes,0,non,out,835983
huile d'olive comestible,7,non,out,835983
huile d'olive commune,18,non,out,835983
huile d'olive Corse pour la France,1,non,out,835983
huile d'olive de fèce ou fie d'huile,2,non,out,835983
huile d'olive et autres pour fabrique,21,non,out,835983
huile d'olive fine,144,non,out,835983
huile d'olive importée en grande partie à Marseille,1,non,out,835983
huile d'olive pour fabrique,249,non,out,835983
huile d'olive pour fabrique de la Corse,1,non,out,835983
huile d'ours,1,non,out,835983
huile de baleine,116,non,out,835983
huile de baleine et de morue,16,non,,41540
huile de baleine et spirituelle,1,non,out,835983
huile de baume,1,non,out,835983
huile de benedie,2,non,out,835983
huile de benjoin,1,non,out,835983
huile de blanc de baleine,5,oui,,41540
huile de brique,1,non,out,835983
huile de cacao,2,non,out,835983
huile de cacao et palme,1,non,out,835983
huile de cachalot,1,non,,41540
huile de cade,5,non,out,835983
huile de cahouanne,3,non,out,835983
huile de cannelle,17,non,out,835983
huile de cannelle macis muscade de Rhodes et rose,2,non,out,835983
huile de carabe,8,non,out,835983
huile de carde,3,non,out,835983
huile de casse cède cédrin genièvre,2,non,out,835983
huile de castor,1,non,out,835983
huile de chanvre,12,non,out,835983
huile de chien de mer,2,non,out,835983
huile de chimie,1,non,out,835983
huile de chimie ?,1,non,out,835983
huile de citron bergamote et orange,1,non,out,835983
huile de coco,1,non,out,835983
huile de colza,0,non,,41540
huile de copahu,59,non,out,835983
huile de cordes,1,non,out,835983
huile de corne de cerf,1,non,out,835983
huile de crabette,1,non,out,835983
huile de crème,1,non,out,835983
huile de cumin,1,non,out,835983
huile de dégras,0,non,out,835983
huile de faine et de noix,9,non,out,835983
huile de farde,1,non,out,835983
huile de farine,1,non,,41540
huile de Flandre,1,non,out,835983
huile de flanelle,1,non,out,835983
huile de Florence,1,non,out,835983
huile de gaïac,1,non,out,835983
huile de Garonne,1,non,out,835983
huile de genièvre,18,non,out,835983
huile de girofle,49,non,out,835983
huile de girofle à huile aromatique,1,non,,41540
huile de girofle et sassafras,1,non,out,835983
huile de girofle et spirituelle,1,non,out,835983
huile de graine,639,non,out,835983
huile de graine autres que de lin d'oeillettes ou de pavots,2,non,,41540
huile de graine d'anis,1,non,out,835983
huile de graine d'oeillettes ou de pavots,2,non,,41540
huile de graine d'olive,1,non,out,835983
huile de graine de cannelle,1,non,out,835983
huile de graine de colza lin navette etc. et de noix,2,non,out,835983
huile de graine de girofle,1,non,out,835983
huile de graine de lin,5,non,out,835983
huile de graine de macis,1,non,out,835983
huile de graine de moutarde,1,non,out,835983
huile de graine de navette,1,non,out,835983
huile de graine de navette et de chanvre,0,non,out,835983
huile de graine de poisson,1,non,out,835983
huile de graine de Rhodes,1,non,out,835983
huile de graine de térébenthine,1,non,out,835983
huile de graine et de lin,6,non,out,835983
huile de graine et de noix,38,non,out,835983
huile de graine grasse,3,oui,out,835983
huile de graine oléagineuse,5,non,,41540
huile de grains,11,non,out,835983
huile de grains à peinures,1,non,out,835983
huile de graisse,2,non,out,835983
huile de graisse de poisson,1,non,out,835983
huile de gras,1,non,out,835983
huile de gras et de traens pour tanneurs,8,non,out,835983
huile de gras pour tanneurs,7,non,out,835983
huile de Haarlem,23,non,out,835983
huile de hareng,1,non,out,835983
huile de jasmin,19,non,out,835983
huile de jasmin et autres fleurs,3,non,out,835983
huile de jayet,1,non,out,835983
huile de laine,1,non,out,835983
huile de laurier,106,non,out,835983
huile de lavande,7,non,out,835983
huile de lin,950,non,out,835983
huile de lin et de rabette,3,non,,41540
huile de lin et spirituelle,6,non,out,835983
huile de lin pour l'entrepôt pour la Compagnie des Indes,1,non,out,835983
huile de loifon,0,non,out,835983
huile de loup marin,7,non,out,835983
huile de maïs,1,non,out,835983
huile de Majorque,1,non,out,835983
huile de marjolaine et sauge,1,non,out,835983
huile de menthe,1,non,out,835983
huile de morne,2,non,out,835983
huile de morue,104,non,out,835983
huile de morue de France,1,oui,,41540
huile de morue étrangère,1,non,,41540
huile de morue française,1,non,,41540
huile de muscade,27,non,out,835983
huile de navette,189,non,out,835983
huile de noisettes,2,non,out,835983
huile de noix,270,non,out,835983
huile de Palma Christi,9,oui,out,835983
huile de palme,41,non,out,835983
huile de palmier,1,non,out,835983
huile de parfum,4,non,out,835983
huile de peintures,1,non,out,835983
huile de pierre,4,non,out,835983
huile de pignon de palme,2,non,,41540
huile de pignon et ricin,2,non,out,835983
huile de pin,1,non,out,835983
huile de plantes,1,non,out,835983
huile de poissen,2,oui,,41540
huile de poisson,2060,non,out,835983
huile de poisson de France,5,non,,41540
huile de poisson des Indes,1,non,out,835983
huile de poisson et de lin,1,non,out,835983
huile de poisson et poix,1,non,out,835983
huile de poisson étranger,3,non,,41540
huile de poix,9,non,out,835983
huile de rabette,111,non,out,835983
huile de rave,2,non,out,835983
huile de Rhodes,14,non,out,835983
huile de rhue,1,non,out,835983
huile de ricin,13,non,,41540
huile de romarin,4,non,out,835983
huile de rose,4,non,out,835983
huile de salmus,1,non,out,835983
huile de sardines,2,non,,41540
huile de sassafras,2,non,out,835983
huile de saturne,1,non,out,835983
huile de scorpion,6,non,out,835983
huile de sein,1,non,out,835983
huile de semence,137,non,out,835983
huile de senteur,102,non,out,835983
huile de soldat,3,non,out,835983
huile de soufre,2,non,out,835983
huile de spermaceti,6,non,out,835983
huile de storax,8,non,out,835983
huile de tamarin,2,non,out,835983
huile de tartre,2,non,out,835983
huile de térébenthine,362,non,out,835983
huile de verre,2,non,out,835983
huile de vialle,2,non,out,835983
huile de vitriol,409,non,out,835983
huile de vitriol et vitriol,24,non,out,835983
huile dellevette,2,non,out,835983
huile diverse,41,non,out,835983
huile diverse à la valeur,1,non,out,835983
huile du Pérou,4,non,out,835983
huile du Sénégal,1,non,,41540
huile en bouteille,1,non,,41540
huile en crasse,4,non,out,835983
huile en crasse ou degnes ???,0,non,out,835983
huile en crasse ou degras et ???,2,non,,41540
huile en degens,1,non,,41540
huile en dignar,1,non,out,835983
huile en zégnar,1,non,,41540
huile essencée,1,non,out,835983
huile essentielle ou volatile de citron girofle menthe rose etc.,2,non,out,835983
huile et essence de térébenthine,24,non,out,835983
huile et provisions,5,non,out,835983
huile et rabete,1,non,out,835983
huile et sirop,12,non,out,835983
huile fine,3,non,out,835983
huile grap indigo,1,non,out,835983
huile grasse d'amandes,4,oui,out,835983
huile grasse d'olive comestible,4,oui,out,835983
huile grasse d'olive pour fabrique,4,oui,out,835983
huile grasse de faine et noix,4,oui,out,835983
huile grasse de graines autres que lin œillette et pavot,2,oui,out,835983
huile grasse de graines d'œillette ou pavot,2,oui,out,835983
huile grasse de graines de lin,2,oui,out,835983
huile grasse de graines grasses,2,oui,out,835983
huile grasse de palme,2,oui,out,835983
huile grasse de palme et pignon,2,oui,out,835983
huile grasse de ricin,4,oui,out,835983
huile marc d'olive ou amurca,1,non,out,835983
huile médicinale,14,non,out,835983
huile pétrole,19,non,out,835983
huile pour étranger de poisson,1,oui,out,835983
huile pour France de poisson,3,oui,out,835983
huile pour lampe,1,non,out,835983
huile rabette,1,non,out,835983
huile spirituelle d'olive,8,non,out,835983
huile spirituelle de poisson,1,non,out,835983
huile stale,1,non,out,835983
huile succin,3,non,out,835983
huile superfine,1,non,out,835983
huile térébenthine,12,oui,out,835983
huile vierge,1,non,out,835983
huile vitriol,3,non,out,835983
huile volatile,2,non,out,835983
huile volatile d'anis fenouil marjolaine romarin et sauge,2,non,out,835983
huile volatile de cade cèdre ou oxycèdre et gaïac,2,non,out,835983
huile volatile de cannelle girofle macis muscade et sassafras,2,non,out,835983
huile volatile de citron orange et leurs variétés,2,non,out,835983
huile volatile de genièvre,1,non,out,835983
huile volatile de jasmin et autres fleurs d'odeur fugace,2,non,out,835983
huile volatile de lavande,2,non,out,835983
huile volatile de rose et de Rhodes,2,non,out,835983
huitres,98,oui,,41540
huîtres,389,non,out,835983
huîtres à la daube,74,non,out,835983
huîtres à la daube ou marinée,1,non,out,835983
huîtres à mariner,1,non,out,835983
huîtres en écaille,20,non,out,835983
huîtres en pierres,2,non,out,835983
huîtres fraîches,15,non,out,835983
huîtres fraîches et salées,18,non,out,835983
huîtres marines,1,non,out,835983
humains,24,non,out,835983
humains de Guinée,18,non,,41540
humains de Sénégal,27,non,,41540
hydromel,123,non,out,835983
hypochetia,1,non,out,835983
hypocristis,1,non,out,835983
igname,5,non,out,835983
images,17,non,out,835983
images à cadres dorés,1,non,out,835983
images de cire,1,non,out,835983
images de corne,1,non,out,835983
images de livres,1,non,,41540
images de papier,38,non,out,835983
images de papier et estampes et cartes géographiques,220,non,out,835983
images de parchemin,73,non,out,835983
images de parchemin de corne,2,non,out,835983
images de vélin,6,non,out,835983
images des Indes,1,non,out,835983
images et cartes géographiques,2,non,out,835983
images peintes,2,non,out,835983
images sur papier,1,non,out,835983
impériale,9,non,out,835983
impériale de laine,1,non,out,835983
inde,6,non,out,835983
inde de Java,10,non,out,835983
inde fine,28,non,out,835983
inde florée,1,non,out,835983
inde flottante,15,non,out,835983
inde Java,3,oui,out,835983
inde plate,120,non,out,835983
indienne,886,non,out,835983
indienne ???,1,non,out,835983
indienne commune,6,non,out,835983
indienne de coton,21,non,out,835983
indienne de coton et de fil,1,non,out,835983
indienne de coton et siamoise de coton et toile de coton imprimée et toile de coton peinte et toile de coton teinte,25,non,out,835983
indienne de coton et siamoise de coton et toile de coton peinte,16,non,out,835983
indienne de coton et toile de coton peinte,65,non,out,835983
indienne de coton peinte,2,non,out,835983
indienne de différentes qualités,1,non,out,835983
indienne de France,6,non,out,835983
indienne de Suisse,1,non,,41540
indienne des Indes,4,non,out,835983
indienne des Indes et toile peinte,5,non,out,835983
indienne en coupon,1,non,,41540
indienne et sitz,143,non,out,835983
indienne et toile perse,1,non,out,835983
indienne étrangère,5,non,out,835983
indienne étrangère et toile peinte,3,non,out,835983
indienne française,1,non,out,835983
indienne nationale et toile peinte,5,non,out,835983
indienne peinte,30,non,out,835983
indigo,6632,non,out,835983
indigo commun,2,non,out,835983
indigo de Guatemala,6,non,,41540
indigo de retour,3,non,out,835983
indigo des Îles françaises,1,non,out,835983
indigo des Indes,1,non,out,835983
indigo en gr ???,1,non,out,835983
indigo en grabeau,111,non,,41540
indigo et sucre,1,non,out,835983
indigo floré,13,non,out,835983
indigo guatimalo,8,non,out,835983
indigo inde-plate boules de bleu,1,non,out,835983
indigo par Bordeaux Nantes Le Havre et Dunkerque,1,non,out,835983
injubes,3,non,out,835983
insectes,4,non,out,835983
instruments,110,non,out,835983
instruments d'artillerie,1,non,,41540
instruments d'arts libéraux,7,non,out,835983
instruments d'astronomie,5,non,out,835983
instruments d'optique lunettier,1,non,,41540
instruments d'optiques,13,non,out,835983
instruments d'optiques et ouvrages ditto,34,non,out,835983
instruments d'orfèvrerie,1,non,out,835983
instruments de b??? mêlés,1,non,out,835983
instruments de chimie,3,non,out,835983
instruments de chirurgie,48,non,out,835983
instruments de jardinage,1,non,out,835983
instruments de marine,18,non,out,835983
instruments de mathématique,85,non,out,835983
instruments de mathématique et de musique,9,non,out,835983
instruments de mathématique et instruments de chirurgie,49,non,out,835983
instruments de mécanique,3,non,out,835983
instruments de mer,2,oui,out,835983
instruments de mesure,1,non,,41540
instruments de musique,505,non,out,835983
instruments de musique ???,1,non,out,835983
instruments de musique et autres,11,non,out,835983
instruments de navigation,3,non,out,835983
instruments de physique,24,non,out,835983
instruments de pilotage,4,non,out,835983
instruments épinettes,1,non,out,835983
instruments machine et mécanique,3,non,out,835983
instruments machine et mécanique propres aux arts et aux sciences,11,non,out,835983
instruments pour hôpitaux militaires,1,non,,41540
instruments pour la pêche,10,non,out,835983
instruments pour les arts et les sciences,181,non,out,835983
instruments propres aux arts libéraux,10,non,out,835983
instruments propres aux science,2,non,out,835983
ipécacuanha,314,non,out,835983
iranis,1,non,out,835983
iris,186,non,out,835983
iris de citron,1,non,out,835983
iris de Florence,60,non,out,835983
irtaine,1,oui,out,835983
isaris d'auf,1,non,out,835983
isatis,5,non,out,835983
issarions de palme,4,non,out,835983
istarions d'espars,1,non,out,835983
ita à planter,1,non,out,835983
Itaine de laine,1,non,out,835983
ivies,1,non,out,835983
ivoire,87,non,out,835983
ivoire brûlé,2,non,out,835983
ivoire brut,81,non,out,835983
ivoire de Dieppe,1,non,out,835983
ivoire en grabeau,2,non,,41540
ivoire en morceaux,2,non,out,835983
ivoire et or,10,non,,41540
ivoire noir,1,non,out,835983
ivoire ou morphil,1,oui,out,835983
jaillet,2,non,out,835983
jais,148,non,out,835983
jais brut,1,non,out,835983
jais de chêne,1,non,out,835983
jais ou ouvrages de jais,1,non,out,835983
jalap,492,non,out,835983
jalap en grabeau,1,non,,41540
jamard,2,non,out,835983
jamavar,23,non,out,835983
jambon,1429,non,out,835983
jambon de Bayonne,11,non,out,835983
jambon de Mayence,6,non,out,835983
jambon du pays,1,non,out,835983
jambon et lard,1,non,out,835983
jambon et lard salé,1,non,out,835983
jambon et saucissons,1,non,out,835983
jambon fumé,28,non,out,835983
jambon lard et saucissons,1,non,out,835983
jambon non fumé,2,non,out,835983
jambon pour l'entrepôt de la Compagnie,1,non,out,835983
jambon salé,100,non,out,835983
jambons,8,oui,out,835983
jantes,100,non,out,835983
jantes et rais,5,non,out,835983
japonis,1,non,,41540
jardinage divers,1,non,out,835983
jardinage jasmin,2,non,out,835983
jarres,241,non,out,835983
jarres de grès,1,non,,41540
jarres de terre,27,non,out,835983
jarres de terre à vin,1,non,,41540
jarres et dame-jeannes,61,non,,41540
jarres vides,1,non,out,835983
jarretières,3,non,out,835983
jarretières d'argent,4,non,out,835983
jarretières d'argent et d'or,1,non,out,835983
jarretières d'argent et d'or et de soie,1,non,out,835983
jarretières de fil,3,non,out,835983
jarretières de filoselle,2,non,out,835983
jarretières de fleuret,12,non,out,835983
jarretières de laine,11,non,out,835983
jarretières de soie,23,non,out,835983
jarretières et ruban de laine,1,non,out,835983
jarretières et tresse de laine,1,non,out,835983
jas,1,non,out,835983
jaspe,3,non,out,835983
jatape,1,non,out,835983
jattes de bois,3,non,out,835983
jaune commun,64,non,out,835983
jaune de Cassel,1,non,out,835983
jaune de chrome,2,non,out,835983
jaune de Naples,87,non,out,835983
jaune doré,7,non,out,835983
jaune gros,1,non,out,835983
jaune paille,2,non,out,835983
jaune royal,2,non,out,835983
jeanette de laine,1,non,,41540
jeanne,1,non,out,835983
jeanne gros,1,non,out,835983
jet de bière,10,non,out,835983
jet et lie de bière,136,non,out,835983
jetons d'argent,1,non,out,835983
jetons de cuivre,2,non,out,835983
jets de canettes,2,non,out,835983
jets de canettes de grès,3,non,,41540
jets de cannes,3,non,out,835983
jets de cannes à poignée d'ambre,1,non,out,835983
jets de creusets,2,non,,41540
jets de grès,2,non,out,835983
jets de terre,1,non,out,835983
jets de voile,43,oui,out,835983
jeux d'échecs,1,non,out,835983
jeux d'écrevisse,1,non,out,835983
jeux d'orgues,1,non,out,835983
jeux de camagnolle,2,non,out,835983
jeux de moulins,19,non,out,835983
jeux de moulins à sucre,10,non,out,835983
jeux de quadrilles,1,non,,41540
jeux de voile,107,non,out,835983
jeux de voile en toile de Bretagne,1,non,,41540
joaillerie,1,non,out,835983
jolités de cristal garnis de cuivre,2,non,out,835983
jolités en pinsbeck,3,non,out,835983
jolités mêlées,135,non,out,835983
joncs,79,non,out,835983
joncs à faire des cannes,4,non,out,835983
joncs à joncher les volailles,3,non,out,835983
joncs communs,4,non,out,835983
joncs de cannes,1,non,out,835983
joncs des Indes,1,non,out,835983
joncs des marais,3,non,,41540
joncs en blocs,1,non,out,835983
joncs en herbes,1,non,out,835983
joncs entés,17,non,out,835983
joncs et roseaux,32,non,out,835983
joncs et roseaux des jardins,2,non,out,835983
joncs et roseaux des marais d'Europe Presle et Sparte brut,2,non,out,835983
joncs et roseaux exotiques bambous et joncs forts à cannes,2,non,out,835983
joncs et roseaux exotiques rotins de petit calibre,3,non,out,835983
joncs odorants,2,non,out,835983
joncs ou auf,3,non,out,835983
joncs pour cannes,1,non,out,835983
joncs pour cannes et bambou et rotin,19,non,out,835983
joncs pour cannes et bambou et ruban,8,non,out,835983
joncs pour chaises,4,non,out,835983
joncs pour couvrir,87,non,out,835983
joncs pour couvrir bottes,2,non,out,835983
joncs pour couvrir toits,85,non,out,835983
joncs pour faire ???,2,non,out,835983
joncs pour faire chaises,51,non,out,835983
joncs pour faire des vertugadins,3,non,out,835983
joncs pour faire les chaises des Indes,1,non,out,835983
joncs pour faire voile,1,non,out,835983
joncs pour joncher les volailles,1,non,out,835983
joncs pour joncher voiles,2,non,out,835983
joncs pour voile,25,non,out,835983
joncs rotin,3,non,out,835983
joncs Sparte brut et autres communs,1,non,out,835983
joncs travaillés et paille travaillée,92,non,out,835983
joncs vernis,1,non,out,835983
jonquilles,1,non,,41540
jonquine,16,non,out,835983
Joséphine de laine et de soie,1,non,out,835983
jouets,6,non,out,835983
jouets d'enfance,1,non,out,835983
jouets d'enfant,12,non,out,835983
jougs de bœuf,5,non,out,835983
joujoux d'enfants,9,non,out,835983
jouncs ou auf,1,non,,41540
juifs qui payent le droit corporel à la sortie,64,non,out,835983
jujubes,101,non,out,835983
julaux,1,non,out,835983
julienne,2,oui,out,835983
juments,41,non,out,835983
juments de somme,3,non,out,835983
juments et poulains,8,non,out,835983
juments ou mulets,1,non,out,835983
jupes,9,non,out,835983
jupes d'indiennes,1,non,,41540
jupes de basin brodée en soie,1,non,out,835983
jupes de calmande,1,non,out,835983
jupes de cirsaca,1,non,,41540
jupes de coton,2,non,out,835983
jupes de laine et de soie,1,non,out,835983
jupes de molleton,2,non,out,835983
jupes de satin brodée,1,non,out,835983
jupes de toile peinte,5,non,out,835983
jupes et tabliers de toile peinte,1,non,out,835983
jupes peintes,1,non,out,835983
jupes piquées,5,non,out,835983
jupons,24,non,out,835983
jupons brodés,2,non,out,835983
jupons d'étoffe et soie brodés,1,non,,41540
jupons de basin brodés,1,non,out,835983
jupons de Pékin brodé en soie or et argent,1,non,out,835983
jupons de satin,2,non,out,835983
jupons de taffetas,3,non,out,835983
jupons de toile,1,non,out,835983
jupons de toile peinte,2,non,out,835983
jupons peints,1,non,out,835983
jupons piqués,5,non,out,835983
jus,2,non,out,835983
jus d'orange,2,non,out,835983
jus de cerise,1,non,out,835983
jus de citrate calcaire,1,non,out,835983
jus de citron,415,non,out,835983
jus de citron et de limon,10,non,out,835983
jus de citron et de limonade,2,non,out,835983
jus de Florence,1,non,out,835983
jus de griotte,1,non,out,835983
jus de limon,36,non,out,835983
jus de réglisse,865,non,out,835983
jus et sirop de cerise et de grenade,7,non,out,835983
jus et sirop de cerise et de grenade avec nourritures,69,non,out,835983
jussienne,2,non,,41540
kalmouk,10,non,out,835983
kalmouk de mauvaise qualité,1,non,,41540
kalmouk de Sedan 20 lignes,1,non,out,835983
kalmouk de Sedan 350 lignes,1,non,out,835983
kichorchais,8,non,out,835983
kicoutis,2,non,out,835983
killis,1,oui,out,835983
kirschwasser,6,non,out,835983
korola des Indes,2,non,out,835983
l? de fer,1,non,,41540
labdanum,3,non,out,835983
lac commun,57,non,out,835983
lacets,6,non,out,835983
lacets d'argent et de soie,1,non,out,835983
lacets de fil,30,non,out,835983
lacets de filoselle,14,non,out,835983
lacets de filoselle et de soie,1,non,out,835983
lacets de fleuret,19,non,out,835983
lacets de laine,2,non,out,835983
lacets de peau,3,non,out,835983
lacets de soie,21,non,out,835983
lackière,1,non,out,835983
lacoris,1,non,out,835983
ladanum,1,non,out,835983
lagias,12,non,out,835983
laimes,1,non,out,835983
laimois,1,non,out,835983
lain,1,non,out,835983
lainage couvertures,53,oui,out,835983
laine,1113,non,out,835983
laine à broder,19,non,out,835983
laine à laver,1,non,out,835983
laine à lisières,2,non,out,835983
laine à matelas,3,non,out,835983
laine à tapis fine,1,non,out,835983
laine à tapisserie,111,non,out,835983
laine à tricoter,1,non,out,835983
laine apprêtée pour perruques,10,non,out,835983
laine bâtarde,5,non,out,835983
laine blanche,4,non,out,835983
laine blanche et fine et filée et teinte,13,non,out,835983
laine blanche non filée,1,non,out,835983
laine bourre et déchets de laine,2,non,out,835983
laine brute,522,non,out,835983
laine brute fine,6,non,out,835983
laine brute surfine,5,non,out,835983
laine cardée,4,non,out,835983
laine chevron,8,oui,out,835983
laine commune,128,non,out,835983
laine commune brute,6,non,out,835983
laine commune d'Espagne,2,non,out,835983
laine commune épurée,1,non,out,835983
laine commune et lavée et en suint,8,non,out,835983
laine commune lavée à chaud,4,non,out,835983
laine commune lavée à froid,6,non,out,835983
laine commune sans distinction,1,non,out,835983
laine crottelins,1,non,out,835983
laine crue,2,non,out,835983
laine d'agnelin,111,non,out,835983
laine d'agnelin en suint,2,non,out,835983
laine d'Allemagne,103,non,out,835983
laine d'alpaca,2,non,out,835983
laine d'Angleterre,2,non,out,835983
laine d'Ardenny,2,non,out,835983
laine d'Arles,1,non,out,835983
laine d'Arménie,1,non,out,835983
laine d'Autriche,32,non,out,835983
laine d'Écosse,2,non,out,835983
laine d'écrue,5,non,out,835983
laine d'Espagne,667,non,out,835983
laine d'Espagne fine,2,non,out,835983
laine d'Espagne fine par Rouen et Marseille,1,non,out,835983
laine d'Espagne grossière,1,non,out,835983
laine d'Espagne lavée,1,non,out,835983
laine d'Espagne non filée,2,non,out,835983
laine d'Estrémadure lavée,2,non,out,835983
laine d'Italie,17,non,out,835983
laine de ???,1,non,out,835983
laine de Barbarie,11,non,out,835983
laine de Bayonne,1,non,out,835983
laine de Bologne,3,non,out,835983
laine de Brême,2,non,out,835983
laine de Carmenie,40,non,out,835983
laine de chamois,1,non,out,835983
laine de chèvre,404,non,out,835983
laine de chèvre et poil de chameau,43,non,,41540
laine de chèvre et poil de chameau et vigogne,24,non,,41540
laine de chèvre et poil de lapin,5,non,,41540
laine de chèvre non filée,1,non,,41540
laine de chevron,363,oui,out,835983
laine de chevrons et poil de chameau,43,oui,out,835983
laine de chevrons et poil de chameau et vigogne,24,oui,out,835983
laine de chevrons et poil de lapin,5,oui,out,835983
laine de chevrons non filée,1,oui,out,835983
laine de Constantinople,2,non,out,835983
laine de farumie,2,non,out,835983
laine de fer,1,non,out,835983
laine de fil,1,non,out,835983
laine de France,1,non,out,835983
laine de Hollande,7,non,out,835983
laine de Moscou,1,non,out,835983
laine de pelade,1,non,out,835983
laine de Perse,10,non,out,835983
laine de Pologne,34,non,out,835983
laine de Pologne et autre laine étrangère,7,non,out,835983
laine de Poméranie,2,non,out,835983
laine de Prusse,2,non,out,835983
laine de Smyrne,1,non,out,835983
laine de Suède,1,non,out,835983
laine de surge,2,oui,out,835983
laine de tan,1,non,out,835983
laine de vigogne,147,non,out,835983
laine demi fine,1,non,,41540
laine demi lavée,14,non,out,835983
laine du Béarn,19,non,out,835983
laine du Brabant,1,non,out,835983
laine du Danemark,11,non,out,835983
laine du Levant,20,non,out,835983
laine du Nord,22,non,out,835983
laine du pays,8,non,out,835983
laine du Portugal,42,non,out,835983
laine écrue,5,non,out,835983
laine écrue lavée,1,non,out,835983
laine en ???,2,non,out,835983
laine en boules,2,non,,41540
laine en côtes,6,non,out,835983
laine en crin,2,non,out,835983
laine en flotte,1,non,out,835983
laine en lain,2,non,out,835983
laine en masses,4,non,out,835983
laine en pelote,1,non,,41540
laine en poil de chameau,8,non,out,835983
laine en rames,38,non,out,835983
laine en Renne,1,non,out,835983
laine en ronces,1,non,,41540
laine en suint,104,non,out,835983
laine en toison,38,non,out,835983
laine épurée surfine,1,non,out,835983
laine et filoselle,1,non,out,835983
laine fine,38,non,out,835983
laine fine de Rome,1,non,out,835983
laine fine en rames,3,non,out,835983
laine fine en suint,1,non,out,835983
laine fine épurée,1,non,out,835983
laine fine et de chèvre,9,non,,41540
laine fine et de chevron,9,oui,out,835983
laine fine lavée,1,non,out,835983
laine fine lavée à chaud,4,non,out,835983
laine fine lavée à froid,6,non,out,835983
laine fine mérinos en suint,10,non,out,835983
laine fine mérinos lavée,14,non,out,835983
laine grasse,516,non,out,835983
laine grasse de Barbarie,2,non,out,835983
laine grasse et fil de laine,2,non,,41540
laine grasse ou en suin,4,oui,out,835983
laine gromures,1,non,out,835983
laine grosse,35,non,out,835983
laine l'ance,1,non,out,835983
laine lavée,764,non,out,835983
laine lavée à chaud surfine,4,non,out,835983
laine lavée à froid surfine,4,non,out,835983
laine lavée et grasse,1,non,,41540
laine lavée mérinos et métis,1,non,out,835983
laine lavée pelade,1,non,out,835983
laine lavée surge,1,oui,out,835983
laine mêlée,1,non,out,835983
laine menue,3,non,out,835983
laine mérinos en suint,6,non,out,835983
laine mérinos et lavée et en suint,28,non,out,835983
laine mérinos lavée,23,non,out,835983
laine noire,3,non,,41540
laine non filée,56,non,out,835983
laine non filée lavée,5,non,out,835983
laine non peignée,49,non,out,835983
laine ordinaire,69,non,out,835983
laine ordinaire en masse,30,non,out,835983
laine panorme,1,non,out,835983
laine par Abbeville,1,non,out,835983
laine par Cherbourg et Granville et Morlaix,1,non,out,835983
laine par Marseille,1,non,out,835983
laine peignée,290,non,out,835983
laine peignée et filée,1,non,out,835983
laine pelade,134,non,out,835983
laine pelade et grasse,1,non,,41540
laine pelade et serge,1,oui,out,835983
laine pelleterie,1,non,out,835983
laine peluches ???,2,oui,out,835983
laine petite,1,non,out,835983
laine place,2,non,out,835983
laine pour chapeliers,11,non,out,835983
laine pour navire de Hollande avec certificats de consul,1,non,out,835983
laine pour tapisserie,2,non,out,835983
laine rousse,3,non,out,835983
laine seconde,1,non,,41540
laine suin,2,non,out,835983
laine tannée,2,non,out,835983
laine teinte,18,non,out,835983
laine toison,3,non,out,835983
laine tressée,1,non,out,835983
laine vivante,1,non,out,835983
lainerie,1,non,out,835983
lait battu,11,non,out,835983
lait de Virginie,1,non,out,835983
lait doux,20,non,out,835983
laiton,261,non,out,835983
laiton battu,1,non,,41540
laiton battu ou coulé ou laminé,2,non,out,835983
laiton battu ou laminé,5,non,out,835983
laiton braisé,5,non,out,835983
laiton brun,3,non,out,835983
laiton brut,4,non,out,835983
laiton coulé en barres ou plaques,1,non,out,835983
laiton coulé en barres ou plaques régulières,1,non,out,835983
laiton coulé en masses brutes,3,non,out,835983
laiton cuivré,2,non,out,835983
laiton en barres ou plaques régulières,2,non,out,835983
laiton en feuilles,67,non,out,835983
laiton en masses brutes,3,non,out,835983
laiton en planches pour les fabrique,1,non,out,835983
laiton en rouleau,1,non,out,835983
laiton et cuivre,6,non,out,835983
laiton gratté,69,non,out,835983
laiton gravé,2,non,out,835983
laiton gravé ou gratté,2,non,out,835983
laiton neuf,3,non,out,835983
laiton noir,1,non,out,835983
laiton non gratté,1,non,out,835983
laiton vieux,19,non,out,835983
lakmoes,130,non,out,835983
lakuires,0,non,out,835983
lama,1,non,out,835983
lambris,1,non,out,835983
lames,1,non,out,835983
lames d'acier,6,non,out,835983
lames d'argent,2,non,out,835983
lames d'épée,75,non,out,835983
lames d'épée et de fleuret,4,non,out,835983
lames d'épée et de sabres,102,non,out,835983
lames d'or,1,non,out,835983
lames d'or par Marseille,1,non,out,835983
lames de couteaux,1,non,out,835983
lames de couteaux de chasse,2,non,out,835983
lames de coutelas,2,non,out,835983
lames de cuivre,2,non,out,835983
lames de fer,1,non,out,835983
lames de fleuret,7,non,out,835983
lames de rasoirs,1,non,out,835983
lames de sabre,28,non,out,835983
lames de sabres,4,non,out,835983
lames en fer,46,non,out,835983
lampareille de laine,3,non,out,835983
lampareille de Lille,2,non,out,835983
lampareille de poil,88,non,out,835983
lampareille et polimi,13,non,out,835983
lampas,0,non,out,835983
lampas de soie,1,non,out,835983
lampas pièces larges,3,non,out,835983
lampes,61,non,out,835983
lampes à air en cuivre de la manufacture royale à Versoix,1,non,,41540
lampes à la quinpot,1,non,out,835983
lampes d'argent,2,non,out,835983
lampes de cristal,1,non,out,835983
lampes de cuivre,3,non,out,835983
lampes de fer,10,non,out,835983
lampes de fer-blanc,4,non,out,835983
lampes de laiton,1,non,out,835983
lampes de terre,1,non,out,835983
lampes de verre,2,non,out,835983
lampes de verres,1,non,out,835983
lampes économiques,1,non,out,835983
lampions de fer,1,non,out,835983
lamproies,74,non,out,835983
lances,865,non,out,835983
lances et beauprés,1,non,out,835983
lances et mâts,2,non,out,835983
lancets à arroser voile,1,non,out,835983
lanchez,1,non,out,835983
langues,29,non,out,835983
langues de bœuf,89,non,out,835983
langues de bœuf en saumure,1,non,out,835983
langues de bœuf et langues de vache,101,non,out,835983
langues de bœuf fourrées,14,non,out,835983
langues de bœuf salées,30,non,out,835983
langues de cabillaud,5,non,out,835983
langues de cochon,2,non,out,835983
langues de morue,55,non,out,835983
langues de mouton,12,non,out,835983
langues de porcs,2,non,out,835983
langues de porcs saléses,5,non,out,835983
langues et noix de morue,5,oui,out,835983
langues et noves,1,oui,out,835983
langues et noves de morue,13,non,out,835983
langues et têtes de morue,1,non,,41540
langues et yeux de cerf,1,non,out,835983
langues fumées,71,non,out,835983
langues salées,229,non,out,835983
lanières de cuirs de bœuf,1,non,,41540
lanillas,25,non,out,835983
lanillas de laine,1,non,out,835983
lanillas de poil,20,non,out,835983
lanis à cacheter,0,non,out,835983
lanternes,129,non,out,835983
lanternes d'escalier,1,non,out,835983
lanternes de corne,1,non,out,835983
lanternes de cristal,2,non,out,835983
lanternes de fer-blanc,2,non,out,835983
lanternes de verre,8,non,out,835983
lanternes de verre décoré,1,non,out,835983
lanternes magiques,1,non,out,835983
lapereaux,1,non,out,835983
lapines,1,non,out,835983
lapins,21,non,out,835983
lapis,2,non,out,835983
lapis lazuli,6,non,out,835983
laque,13,non,out,835983
laque de Florence,58,non,out,835983
laque de Venise,13,non,out,835983
laque en bois,5,non,out,835983
laque en feuilles,4,non,out,835983
laque en graine,2,non,,41540
laque en graines,2,oui,out,835983
laque en poudre,1,non,out,835983
laque fausse,1,non,out,835983
laque fine,1,non,out,835983
laque naturelle,7,non,out,835983
laque pale,1,non,out,835983
laque plane,3,non,out,835983
laque plate,164,non,out,835983
laque préparée,5,non,out,835983
laque ronde,7,non,out,835983
laque rouge,2,non,out,835983
laque sans bois,4,non,out,835983
lard,1154,non,out,835983
lard à larder,2,non,out,835983
lard du pays,1,non,out,835983
lard et petit salé,1,non,,41540
lard et porcs salés,2,non,out,835983
lard fumé,3,non,out,835983
lard grillé,1,non,out,835983
lard pour l'entrepôt,1,non,out,835983
lard salé,198,non,out,835983
lardoires de fer,1,non,out,835983
lattes,175,non,out,835983
lattes à ardoise,2,non,out,835983
lattes de bois,4,non,out,835983
lattes de bois pour couvrir,1,non,out,835983
lattes de chêne,1,non,out,835983
lattes de hêtre,6,non,out,835983
lattes de hêtre façonnées,3,non,out,835983
lattes de hêtre non sciées,5,non,out,835983
lattes de sapin,8,non,out,835983
lattes dites du nord,6,non,out,835983
lattes dites Solververen,60,non,out,835983
lattes doubles,2,non,out,835983
lattes et perches,1,non,out,835983
lattes pour couvreurs de paille et plâtreurs,66,non,out,835983
lattes pour couvreurs de tuile,84,non,out,835983
lattes pour cuve,1,non,out,835983
lattes pour cuve de brassage,1,non,out,835983
lattes sciées,100,non,out,835983
lattes sciées en planches,6,non,out,835983
laudanum,2,non,out,835983
laurier,6,non,out,835983
lauroi de fléaux de fer,1,non,out,835983
lauze,7,non,out,835983
lavande,1,non,out,835983
lavande et hysope,2,non,out,835983
lave-place,12,non,out,835983
lèchefrite,3,non,out,835983
lèchefrite de fer,4,non,out,835983
lecrenan,9,oui,,41540
lecrenan de 50 aunes,2,oui,,41540
legatine sur coton,1,non,out,835983
legatine sur laine,1,non,out,835983
légumes,2500,non,out,835983
légumes confits et secs,2,non,out,835983
légumes en adobe,108,non,out,835983
légumes marinés,1,non,out,835983
légumes pois,33,non,out,835983
légumes salés ou confits,7,non,out,835983
légumes secs,59,non,out,835983
légumes secs et racine d'igname,2,oui,out,835983
légumes secs et racines d'igname,2,non,,41540
légumes verts,7,non,out,835983
légumes verts et secs,25,non,out,835983
lelarge,0,non,out,835983
lemeneas,1,oui,out,835983
lentilles,173,non,out,835983
leole,1,non,out,835983
lerfage de laine,1,non,out,835983
lessive grasse,3,non,out,835983
lest,9925,non,out,835983
lest de cuir,8,oui,,41540
lest en fer,0,oui,,41540
lest pour la pêche à la morue,0,non,,41540
lest pour la pêche aux moule,3,oui,,41540
lest pour la pêche aux moules,3,non,,41540
lettres de changes imprimées,1,non,out,835983
letz en planches,1,oui,out,835983
leviers,3,non,out,835983
leviers ferrés,2,non,out,835983
levraut,1,non,,41540
levure de bière,6,non,out,835983
Li ???,1,non,,41540
liagne,1,non,out,835983
liatte,12,non,,41540
liatte départ,1,non,,41540
libans,3,non,out,835983
libar,1,non,,41540
librairie,2185,non,out,835983
librairie brochée,13,non,out,835983
librairie commune,2,non,out,835983
librairie en blanc,3,non,out,835983
librairie en brochures,0,non,out,835983
librairie reliée,13,non,out,835983
lic,1,non,out,835983
licanias,3,non,out,835983
lichens,2,non,out,835983
lichens autres que pour la teinture,3,non,out,835983
lichens médicinaux,42,non,out,835983
lichens tinctoriaux,6,non,out,835983
licols,3,non,out,835983
licols de cuirs,1,non,out,835983
licols en sangles,1,non,out,835983
licols et sangles,2,non,out,835983
licopodes,1,non,,41540
lie d'huile,3,non,out,835983
lie de bière,2,non,out,835983
lie de vin,124,non,out,835983
lie de vin désséchée,1,non,,41540
liège,915,non,out,835983
liège commun,1,non,out,835983
liège d'Espagne et du Portugal,30,non,out,835983
liège en bois,94,non,out,835983
liège en bouchons,1352,non,out,835983
liège en bouchons et en planches,18,non,out,835983
liège en catalant,1,non,out,835983
liège en feuilles,27,non,out,835983
liège en manches,10,non,out,835983
liège en planches,341,non,out,835983
liège en table,1,non,,41540
liège et provisions,17,non,out,835983
liège fin,6,non,out,835983
liège grossier,1,non,out,835983
liens de chanvre,5,non,out,835983
liens de fer,2,non,out,835983
liens de fil,32,non,out,835983
liens et fil,1,non,out,835983
lier,1,non,,41540
liettus,1,non,out,835983
lièvres,11,non,out,835983
ligature,33,non,out,835983
ligature de fil et soie,4,non,out,835983
ligature de poil,0,non,out,835983
ligature de soie,2,non,out,835983
ligature ou droguet de fil et laine,3,non,out,835983
lignes,6,non,out,835983
lignes à pêcher,127,non,out,835983
lignes à pêcher pour l'entrepôt,1,non,out,835983
lignes d'acier,1,non,out,835983
lignes d'Allemagne,1,non,out,835983
lignum,1,non,out,835983
lillas,11,non,out,835983
limaces et sangsues et vipères,2,non,out,835983
limaille,4,non,out,835983
limaille d'argent,2,non,out,835983
limaille de cuivre,9,non,out,835983
limaille de cuivre et vieux cuivre brisé,1,non,out,835983
limaille de fer,2,non,out,835983
limaille de laiton,2,non,out,835983
limaille et paille de fer,1,non,out,835983
limaille mâche-fer et paille,2,non,out,835983
limancais,15,non,out,835983
limburis,1,non,,41540
limea,3,non,out,835983
limeneas,313,non,out,835983
limeneas bleues,1,non,out,835983
limeneas des Indes,2,non,out,835983
limeneas larges,1,non,out,835983
limes,244,non,out,835983
limes d'acier,97,non,out,835983
limes d'acier et de fer,2,non,out,835983
limes d'acier et fer,4,non,,41540
limes d'Autriche,1,non,out,835983
limes de fer,82,non,out,835983
limes de fer pour l'entrepôt de la Compagnie des Indes,1,non,out,835983
limes en feuilles,1,non,out,835983
limes et râpes à polir dites fines,1,non,out,835983
limes et râpes communes,6,non,out,835983
limes et râpes empaillées,1,non,out,835983
limes et râpes fines,7,non,out,835983
limes grosses,1,non,out,835983
limes petites,1,non,out,835983
limon,68,non,,41540
limon frais,7,non,out,835983
limon ou citron,5,oui,out,835983
limon salé,47,non,,41540
limon salés,47,oui,out,835983
lin,1495,non,out,835983
lin ???,2,non,out,835983
lin à filer,1,non,out,835983
lin apprêté,17,non,out,835983
lin brut,1,non,out,835983
lin commun,9,non,out,835983
lin cru,638,non,out,835983
lin de Hollande,1,non,out,835983
lin divers,16,non,out,835983
lin du Béarn,5,non,out,835983
lin écru,17,non,out,835983
lin en bottes,4,non,out,835983
lin en car,1,non,out,835983
lin en grosse pliure,1,non,out,835983
lin en pierre,14,non,out,835983
lin en tiges roulées sèches et vertes,3,non,out,835983
lin et pierres,1,non,out,835983
lin et son étoupes,1,non,out,835983
lin non apprêté,4,non,out,835983
lin non battu et vert,56,non,out,835983
lin peigné,645,non,out,835983
lin peigné commun,1,non,,41540
lin peigné en laine,1,non,out,835983
lin préparé,2,non,out,835983
lin prêt à filer,2,non,out,835983
lin sans paille et en potasse,1,non,out,835983
lin sec non roui,23,non,out,835983
lin taillé et étoupes,10,non,out,835983
lin vert roui et non roui,71,non,out,835983
lina,1,non,out,835983
linceuls,5,non,out,835983
linceuls vieux,4,non,out,835983
linge,26,non,out,835983
linge ???,1,non,out,835983
linge à pansements,1,non,out,835983
linge à pansements vieux,5,non,out,835983
linge à papier vieux,3,non,out,835983
linge à serviettes,1,non,out,835983
linge à tapisserie,1,non,out,835983
linge commun à visage d'homme,1,non,out,835983
linge damassé,2,non,out,835983
linge damassé ouvragé et uni,2,non,out,835983
linge de chanvre et de lin damassé en pièce et de table,1,non,out,835983
linge de chanvre et de lin damassé en pièce et de table admis au droit de 5 p. c/o de la valeur par autorisation,1,non,out,835983
linge de chanvre et de lin ouvragé en pièce et de table,2,non,out,835983
linge de lin,1,non,out,835983
linge de lin fin,1,non,out,835983
linge de table,516,non,out,835983
linge de table à nappes,5,non,out,835983
linge de table à serviettes,14,non,out,835983
linge de table canapés,4,non,out,835983
linge de table chemises,1,non,out,835983
linge de table commun,2,non,out,835983
linge de table damassé,6,non,out,835983
linge de table de chanvre et de lin en pièces,2,non,out,835983
linge de table de lin,10,non,out,835983
linge de table de toile,12,non,out,835983
linge de table et serviettes,1,oui,out,835983
linge de table fin,1,non,out,835983
linge de table nappes ouvrées,1,oui,out,835983
linge de table neuf,1,non,out,835983
linge de table ordinaire,1,non,out,835983
linge de table ouvré,25,non,out,835983
linge de table ouvré nappes,1,oui,out,835983
linge de table serviettes ??? nappes,1,non,out,835983
linge de table vieux,1,non,out,835983
linge de toile de lin,2,non,out,835983
linge grossier,1,non,,41540
linge lessivé,2,non,,41540
linge neuf,2,non,out,835983
linge ouvré de souillé,1,non,out,835983
linge ouvré serviettes,1,oui,out,835983
linge pour papier vieux,2,non,out,835983
linge supporté,5,non,out,835983
linge travaillé,135,non,out,835983
linge uni,2,non,out,835983
linge vieux,137,non,out,835983
linge vieux pour entrepôt,1,non,out,835983
lingerie,178,non,out,835983
lingerie commune,2,non,out,835983
lingerie de chanvre,1,non,out,835983
lingerie de coton,0,non,out,835983
lingerie de lin,26,non,out,835983
lingerie de lin et de toile guingans,1,oui,out,835983
lingerie de lit et de tables,4,non,out,835983
lingerie de tables,2,non,out,835983
lingerie de toile d'étoupes,1,non,out,835983
lingerie de toile de lin,10,non,out,835983
lingerie de toile de lin guingans,1,non,,41540
lingerie de toutes sortes,6,oui,,41540
lingerie des Indes,1,non,out,835983
lingerie en chanvre,1,non,out,835983
lingerie ouvrée,2,non,out,835983
lingerie pour nègre,1,non,out,835983
lingerie vieille,3,non,out,835983
lingettes,5,non,out,835983
lingots d'or,7,non,out,835983
lingots d'or du Brésil reçus par l'envoi d'Angleterre,1,non,out,835983
lingots d'or venant de Francfort par Strasbourg,1,non,out,835983
lingots de cuivre,1,non,out,835983
lingots de cuivre et planches de cuivre,2,non,out,835983
lingots et monnaies d'argent,2,non,,41540
lingots et monnaies d'or,2,non,,41540
lingots et monnaies étrangères,150,non,out,835983
lingots et monnaies étrangères d'argent et d'or,17,non,out,835983
lingots ou monnaies étrangères d'argent et d'or,14,oui,out,835983
linnieuse,6,non,out,835983
linnieuse de poil,2,non,out,835983
linon,3,oui,out,835983
linon de lin,8,oui,out,835983
lions de faïence,1,non,out,835983
liqueurs,2059,non,out,835983
liqueurs à boire,316,non,out,835983
liqueurs au fiasque,5,non,out,835983
liqueurs communes,42,non,out,835983
liqueurs d'Autriche,1,non,out,835983
liqueurs de bière,1,non,out,835983
liqueurs de côte-rôtie,1,non,out,835983
liqueurs de Dantzig,1,non,out,835983
liqueurs de graine,1,non,,41540
liqueurs de légumes,1,non,out,835983
liqueurs de Malaga,1,non,out,835983
liqueurs de Marseille,8,non,out,835983
liqueurs de sirop,2,non,out,835983
liqueurs de sirop fin,7,non,,41540
liqueurs de ville,29,non,out,835983
liqueurs distillées,117,non,out,835983
liqueurs diverses,153,non,out,835983
liqueurs en jus de citron,5,non,out,835983
liqueurs en maroquin,1,non,out,835983
liqueurs en sirop,1,non,out,835983
liqueurs en sirop fin,3,non,out,835983
liqueurs et rhum,10,non,out,835983
liqueurs et sirop,182,non,out,835983
liqueurs et sirop fin,37,non,out,835983
liqueurs et sirops,5,oui,,41540
liqueurs fines,5,non,out,835983
liqueurs médicinales,1,non,out,835983
liqueurs rhum,3,non,out,835983
liqueurs sirop,3,non,out,835983
liqueurs sirop fin,19,non,out,835983
liqueurs sirops ou vin étranger,91,non,,41540
lisières,1,non,out,835983
lisières de drap,35,non,out,835983
lisières de velours,4,non,out,835983
lisières et rognures de drap,71,non,out,835983
lisses,1,non,out,835983
lissoirs de verre,1,non,out,835983
listeaux,1,non,out,835983
listeaux de sapin,1,non,out,835983
listonnerie,5,non,out,835983
lit anglais,1,non,,41540
lit d'indienne,3,non,out,835983
lit de bourre,4,non,out,835983
lit de bourre de chèvre,1,non,out,835983
lit de camp,1,non,out,835983
lit de camp de fer,1,non,out,835983
lit de campagne,1,non,out,835983
lit de fer,2,non,out,835983
lit de fil,1,non,out,835983
lit de plume,48,non,out,835983
lit de repos,1,non,out,835983
lit de repos de laine,1,non,,41540
lit de sangle,1,non,out,835983
lit de satin,0,non,out,835983
lit de satin brodé,4,non,out,835983
lit de satin brodé chantournés,2,oui,out,835983
lit de satin brodé ciels,2,oui,out,835983
lit de satin brodé couvertures,2,oui,out,835983
lit de satin brodé dossiers,2,oui,out,835983
lit de satin brodé grandes pentes,2,oui,out,835983
lit de satin brodé petites,2,oui,out,835983
lit de satin brodé rideaux,2,oui,out,835983
lit de satin brodé tabourets,2,oui,out,835983
lit de satin brodé toilettes,2,oui,out,835983
lit de satin brodé...,1,oui,out,835983
lit de serge garnie,1,non,out,835983
lit de siamoise,1,non,out,835983
lit en 16 pièces,1,non,out,835983
literie,2,non,out,835983
litharge,626,non,out,835983
litharge d'argent et d'or,3,non,out,835983
litharge d'or,32,non,out,835983
litharge dur,1,non,out,835983
litharge jaune ou rouge,3,non,out,835983
litharge pour l'entrepôt,1,non,out,835983
lithium,1,non,out,835983
litières,18,non,out,835983
litières de drap,1,non,out,835983
litrage,1,non,out,835983
livres,78,non,out,835983
livres anglais,1,non,out,835983
livres d'imprimerie,1,non,out,835983
livres de commerce,2,non,out,835983
livres de musique,1,non,out,835983
livres de piété,1,non,out,835983
livres en blanc,43,non,out,835983
livres en blanc et de comptes,1,non,out,835983
livres en feuilles,8,non,out,835983
livres en langue française,5,non,out,835983
livres en langue française et autres ouvrages publiés à l'étranger,1,non,out,835983
livres en langue française imprimés en France,1,non,out,835983
livres en langue française mémoires scientifiques,1,non,out,835983
livres en langue française publiés à l'étranger,1,non,out,835983
livres en langue française réimprimés sur édition françaises,1,non,out,835983
livres en langues étrangères et mortes,1,non,out,835983
livres en langues française et étrangères,2,non,out,835983
livres en langues mortes ou étrangères,6,non,out,835983
livres espagnols,2,non,out,835983
livres estampes et papier,89,non,,41540
livres et registres,1,non,out,835983
livres hébreux,1,non,out,835983
livres imprimés,6,non,out,835983
livres imprimés en France,2,non,out,835983
livres journal en papier blanc,2,non,out,835983
livres non reliés,148,non,out,835983
livres reliés,144,non,out,835983
lizal toile,1,non,out,835983
locrenan,10,non,,41540
locrenan de 50 aunes,2,non,,41540
locronan,14,non,out,835983
locronan pièce de 50 aunes,2,oui,out,835983
lohoria,2,non,out,835983
longs vieux,1,non,out,835983
loques,129,non,out,835983
loriaque,1,non,out,835983
loup marin,1,non,out,835983
loupine,1,non,out,835983
loupins,4,non,out,835983
louveas,2,non,out,835983
lozes,10,non,out,835983
luge,3,non,out,835983
luge en planches,1,non,out,835983
lumières,1,non,out,835983
lunettes,58,non,out,835983
lunettes à charnière d'argent,1,non,out,835983
lunettes d'approche,10,non,out,835983
lunettes d'écaille,2,non,out,835983
lunettes de corne,1,non,out,835983
lunettes de verre,1,non,out,835983
lunettes et microscope,2,non,out,835983
lunettes garnies de corne,1,non,out,835983
luspeck,1,non,out,835983
lustres,182,non,out,835983
lustres d'argent et d'or,1,non,out,835983
lustres de bois doré,1,non,out,835983
lustres de cristal,2,non,out,835983
lustres de cristal et verre,17,non,out,835983
lustres de Venise,71,non,out,835983
lustres vieux,1,non,out,835983
lustrine,16,non,out,835983
luth,5,non,out,835983
luzes,1,non,out,835983
lycopodes,1,non,out,835983
macaron,1,non,out,835983
macaroni,1,non,out,835983
macarons,5,non,out,835983
mâche,1,oui,out,835983
mâchefer,5,non,out,835983
mâches,2,non,,41540
maches de fer,2,non,out,835983
machicot,9,non,out,835983
machine à éteindre le feu,1,non,out,835983
machine à feu,1,non,out,835983
machine à feu pour mine,1,non,out,835983
machine militaire,1,non,out,835983
machine pour fabriquer le tabac,1,non,out,835983
machines et mécaniques,7,non,out,835983
machines pour couper le tabac,1,non,out,835983
macis,92,non,out,835983
macis des entrepôts,0,non,out,835983
Madères,2,non,out,835983
Madras,3,non,out,835983
Madras mouchoirs,1,non,out,835983
madriers,4,non,out,835983
madriers d'acajou,119,non,out,835983
madriers d'acajou de 10 à 11 pieds,2,non,out,835983
madriers d'acajou de 10 pieds,4,non,out,835983
madriers d'acajou de 11 pieds,4,non,,41540
madriers d'acajou de 12 pieds,3,non,out,835983
madriers d'acajou de 17 pieds,1,non,,41540
madriers d'acajou de 5 pieds,1,non,,41540
madriers d'acajou de 6 à 8 pieds,1,non,out,835983
madriers d'acajou de 6 pieds,3,non,,41540
madriers d'acajou de 7 à 6 pieds,1,non,out,835983
madriers d'acajou de 7 à 8 pieds,1,non,out,835983
madriers d'acajou de 7 pieds,3,non,,41540
madriers d'acajou de 8 à 10 pieds,1,non,out,835983
madriers d'acajou de 8 à 9 pieds,2,non,,41540
madriers d'acajou de 8 pieds,3,non,out,835983
madriers d'acajou de 9 à 10 pieds,1,non,,41540
madriers d'acajou de 9 à 19 pieds,1,oui,,41540
madriers d'acajou de 9 à 8 pieds,1,non,out,835983
madriers d'acajou de 9 pieds,4,non,out,835983
madriers de acajou,15,oui,out,835983
madriers de acajou de 10 à 11 pieds,1,oui,out,835983
madriers de acajou de 10 pieds,1,oui,out,835983
madriers de acajou de 11 pieds,1,oui,out,835983
madriers de acajou de 12 pieds,1,oui,out,835983
madriers de acajou de 5 pieds,1,oui,out,835983
madriers de acajou de 6 pieds,1,oui,out,835983
madriers de acajou de 9 pieds,1,oui,out,835983
madriers de bois,2,non,out,835983
madriers de bois à meuble,2,oui,,41540
madriers de bois d'acajou de 9 à 19 pieds,1,non,,41540
madriers de bois de cayenne,1,non,out,835983
madriers de bois de cèdre,1,non,,41540
madriers de bois de chêne,4,non,,41540
madriers de bois de Chypre,1,non,,41540
madriers de bois de couleur,1,non,out,835983
madriers de bois de férole,1,non,,41540
madriers de bois de tilleul,1,non,,41540
madriers de bois pour meuble,2,oui,,41540
madriers de bois pour meubles,2,non,,41540
madriers de chêne,5,non,out,835983
madriers de chêne de 12 pieds,2,non,out,835983
madriers de chêne de 15 pieds,1,non,out,835983
madriers de chêne de 22 pieds,1,non,out,835983
madriers de chêne de 24 pieds,1,non,out,835983
madriers de chêne de 8 pieds,2,non,out,835983
madriers de gaïac de 9 pieds,1,non,out,835983
madriers de marbre,1,non,out,835983
madriers de merisier,3,non,out,835983
madriers de noyer,10,non,out,835983
madriers de noyer de 10 pieds,1,non,out,835983
madriers de noyer de 12 pieds de long et de 4 pouces d'épaisseur,1,non,,41540
madriers de noyer de 15 pieds,1,non,out,835983
madriers de Prusse,1,non,out,835983
madriers de sapin,4,non,out,835983
madriers en planche ou poutrelles,1,non,,41540
maêts de misaine,0,oui,,41540
mages de fer,1,non,out,835983
magnésie,2,non,out,835983
magnol,1,non,out,835983
magots,1,non,out,835983
mahaleb,1,non,out,835983
maiclais,0,non,out,835983
mailles de paille,2,non,,41540
maillicot,11,non,out,835983
maines,1,non,out,835983
maines avec leurs fers,1,non,out,835983
maïs et seigle de Corse grains,1,non,out,835983
maïs et seigle farine,5,non,out,835983
maïs et seigle grains,5,non,out,835983
maïs gros,2,non,,41540
malbroug,5,non,out,835983
malemole,10,non,out,835983
malemole de 12 aunes,1,non,out,835983
malemole dome,1,non,out,835983
malles,16,non,out,835983
malles ???,1,non,out,835983
malles d'étoffe d'or,1,oui,out,835983
malles d'étoffe or,1,non,,41540
malles de cuir,3,non,out,835983
malles de poste,1,non,,41540
malles et valises et coffres,38,non,out,835983
malles travaillées,9,non,out,835983
malles vides,1,non,out,835983
mallettes travaillées,1,non,out,835983
mallons,1,non,out,835983
mallons ???,1,non,out,835983
mallons de brique,1,non,out,835983
malreaux,3,non,out,835983
malt,3,non,out,835983
mambres de chêne de 10 pieds,1,non,out,835983
mamoudis,1,non,out,835983
mana,0,non,out,835983
manades,1,non,out,835983
manche de gaffe de 11 centimètre inclusivement à 15 exclusivement,2,non,out,835983
manche de gaffe de 6 à 11 centimètres,2,non,out,835983
manche de gaffe de 6 centimètres inclusivement à 11 exclusivement,2,non,out,835983
manches à balais,11,non,out,835983
manches à lave-place,10,non,out,835983
manches brodées,3,non,out,835983
manches d'alènes,1,non,out,835983
manches de bois blanc,1,non,out,835983
manches de bois de gaffes,11,non,out,835983
manches de bois pour brosse,1,non,out,835983
manches de brosses,1,non,out,835983
manches de café,2,non,out,835983
manches de couteau,1,non,out,835983
manches de couteau de bois,1,non,out,835983
manches de fouets,1,non,out,835983
manches de gaffes,100,non,out,835983
manches de gaffes de 11 à 15 centimètres,1,non,out,835983
manches de gaffes de 12 pieds,1,non,out,835983
manches de gaffes de 14 à 16 pieds,1,non,out,835983
manches de gaffes de 18 pieds,1,non,out,835983
manches de gaffes et livardes,1,non,out,835983
manches de mail,26,non,out,835983
manches de pelles,2,non,,41540
manches de pinceau,1,non,out,835983
manches de sapin,1,non,out,835983
manches pour fourches et pour balais,2,non,out,835983
manches pour pioches,5,non,out,835983
manchettes,9,non,out,835983
manchettes brodée,158,non,out,835983
manchettes d'acier,1,non,out,835983
manchettes d'or,1,non,out,835983
manchettes de batiste,1,non,out,835983
manchettes de coton,2,non,out,835983
manchettes de dentelle,23,non,out,835983
manchettes de mousseline,3,non,out,835983
manchettes de mousseline brodée,1,non,out,835983
manchettes et mouchoirs brodés,14,non,out,835983
manchettes et mouchoirs de mousseline,6,non,out,835983
manchons,69,non,out,835983
manchons communs,86,non,out,835983
manchons de chèvre angora,1,non,,41540
manchons de grèbe,1,non,,41540
manchons de laine,3,non,out,835983
manchons de loup et d'ours,3,non,,41540
manchons de martre,29,non,out,835983
manchons de peau de grèbe,1,oui,out,835983
manchons de peau de loup et d'ours,3,oui,out,835983
manchons de plume,29,non,out,835983
manchons de prix,1,non,out,835983
manchons de renard,3,non,out,835983
manchons de tigre,4,non,out,835983
manchons de velours,1,non,out,835983
manchons et platines,1,non,out,835983
manchons façon de martre,1,non,out,835983
manchons fins,1,non,out,835983
manchons pour femme,1,non,out,835983
mandarine,12,non,out,835983
mandes et berces d'osier,98,non,out,835983
mandragore,1,non,out,835983
manelle en grabeau,1,non,,41540
maneque,1,non,out,835983
manganèse,42,non,out,835983
mangarbine,2,non,out,835983
manicot,4,non,out,835983
maniguette,89,non,out,835983
manille,4,non,out,835983
manilles en bracelets de cuivre,1,non,,41540
manivelles,1,non,out,835983
manivelles de fer,1,non,out,835983
manne,1026,non,out,835983
manne d'osier,1,non,out,835983
manne de Calabre,103,non,out,835983
manne fine,1,non,out,835983
manne vide,1,non,out,835983
mannequins,2,non,out,835983
manœuvre en grelin,1,non,out,835983
manoudis,1,non,out,835983
manouf,1,non,out,835983
mansonque brodé,1,non,out,835983
manteaux,11,non,out,835983
manteaux à nègre,2,non,out,835983
manteaux courts,1,non,out,835983
manteaux d'écarlate,2,non,out,835983
manteaux d'écarlate brodés d'or et d'argent,0,non,out,835983
manteaux de drap,1,non,out,835983
manteaux galonnés,3,non,out,835983
manteaux unis,1,non,,41540
manteaux vieux,2,non,out,835983
mantelets,10,non,out,835983
mantelets courts,4,non,out,835983
mantelets de drap écarlate,1,non,out,835983
mantelets de soie,3,non,out,835983
mantelets écarlates,1,non,,41540
mantelets pour femme,1,non,out,835983
mantes,1,non,out,835983
mantilles d'écarlate brodées d'or,1,non,out,835983
maquereaux,65,non,out,835983
maquereaux frais,2,non,out,835983
maquereaux salés,52,non,out,835983
maquereaux salés ou marinés,1,non,out,835983
maquet,84,non,out,835983
marbre,250,non,out,835983
marbre à broyer,1,non,out,835983
marbre à jouer,74,non,out,835983
marbre à marbrer couleurs,1,non,out,835983
marbre bâtard,0,non,out,835983
marbre bille,2,non,out,835983
marbre blanc,3,non,out,835983
marbre brun,12,non,out,835983
marbre brut,256,non,out,835983
marbre brut en morceaux,1,non,out,835983
marbre brut en pierres,47,non,out,835983
marbre brut équarri en marbre statuaire ébauché,7,non,out,835983
marbre brut et ouvré,1,non,out,835983
marbre chique,2,non,out,835983
marbre de Calabre,1,non,out,835983
marbre en blocs,112,non,out,835983
marbre en carreaux,3,non,out,835983
marbre en pièces,1,non,out,835983
marbre en pierre,25,non,out,835983
marbre en sable,1,non,out,835983
marbre et mortiers,3,non,out,835983
marbre mortiers,4,non,out,835983
marbre moulé poli ou sculpté,7,non,out,835983
marbre noir travaillé,3,non,out,835983
marbre relevé,1,non,,41540
marbre rond,1,non,out,835983
marbre rouge et gris,5,non,out,835983
marbre scié sans autre main-d'œuvre ayant d'épaisseur 10 centimètres et plus,1,non,out,835983
marbre scié sans autre main-d'œuvre ayant d'épaisseur 16 centimètres et plus,2,non,out,835983
marbre scié sans autre main-d'œuvre ayant d'épaisseur moins de 10 centimètres,1,non,out,835983
marbre scié sans autre main-d'œuvre ayant d'épaisseur moins de 16 centimètres,3,non,out,835983
marbre travaillé,221,non,out,835983
marc d'olive,275,non,out,835983
marc de brede,1,non,,41540
marc de raisin,9,non,out,835983
marcassin,2,non,out,835983
marcassite,4,non,out,835983
marchandises,9196,non,out,835983
marchandises (sauf blé et grains),2,non,,41540
marchandises à l'estimation,1000,non,out,835983
marchandises anglaises,2,non,,41540
marchandises blanches,29,non,out,835983
marchandises blanches ???,2,non,out,835983
marchandises blanches de la Compagnie des Indes,4,non,out,835983
marchandises coloniales,1,non,,41540
marchandises coloniales pour ré-exportation,1,non,,41540
marchandises de Chine,37,non,,41540
marchandises de détail,1,non,out,835983
marchandises de Flandre,2,non,out,835983
marchandises de foire,2,non,,41540
marchandises de fonte,1,non,,41540
marchandises de l'Inde,1,non,out,835983
marchandises de la compagnie des Indes,1,non,out,835983
marchandises de la Côte,2,non,out,835983
marchandises de la foire de Beaucaire,85,non,,41540
marchandises de la foire de retour,2,non,,41540
marchandises de la vente,1,non,,41540
marchandises de Marseille,1,non,,41540
marchandises de modes,150,non,out,835983
marchandises de Montauban,27,non,out,835983
marchandises de Paris,1,non,out,835983
marchandises de retour,7,non,out,835983
marchandises des Îles,309,non,,41540
marchandises des Indes,10,non,out,835983
marchandises des Indes en petits articles,1,non,out,835983
marchandises des prises,2,non,out,835983
marchandises dont le plus fort article n'excède pas 10000 livres,15,non,out,835983
marchandises en articles de moindre importance,21,non,out,835983
marchandises exportées par les port et pays du royaume traités comme étrangers,8,non,out,835983
marchandises hors espèces,45,non,out,835983
marchandises mêlées des prises anglaises,1,non,out,835983
marchandises non classifiées,0,non,out,835983
marchandises permises,51,non,,41540
marchandises pour Cherbourg,1,non,,41540
marchandises pour la traite,5,non,,41540
marchandises prises à Cette,1,non,,41540
marchandises prohibées,24,non,out,835983
marchandises provenant d'un naufrage,3,non,,41540
marchandises sèches,29,non,out,835983
marchandises sèches comme toiles chapeaux bas souliers,2,non,,41540
marchandises sèches et mercerie,16,non,,41540
marchandises sèches mercerie et quincaillerie,1,non,,41540
marchandises susceptibles,1,non,,41540
marchandises venant de l'étranger pour être réexportées aux colonies françaises principalement en armes fer en barres toile Guinée viande salée etc.,10,non,out,835983
marche de fer blanche,1,oui,out,835983
marche de fer-blanc,1,non,,41540
marche de pierre de grison,1,non,out,835983
marcottes d'œillets,1,non,out,835983
maréchauderie,4,non,out,835983
marée,1,non,out,835983
marée fraiche,6,non,out,835983
marègue,46,non,out,835983
marègue couteaux,1,non,,41540
mares,2,non,out,835983
mares divers,5,non,out,835983
marete,1,non,out,835983
mareule,2,non,out,835983
marine,1,non,out,835983
marine d'alizari,1,non,out,835983
marinouttes,2,non,out,835983
marjolaine,2,non,out,835983
marle,82,non,out,835983
Marly,3,non,out,835983
Marly broché,2,non,out,835983
Marly de fil,3,non,out,835983
Marly de soie,2,non,out,835983
Marly plâtrée,1,non,out,835983
marmelade,6,non,out,835983
marmites,170,non,out,835983
marmites de composition,1,non,out,835983
marmites de cuivre,6,non,out,835983
marmites de fer,148,non,out,835983
marmites de fer coulé,2,non,out,835983
marmites de fer de fonte,7,non,out,835983
marmites de fer grandes,1,non,out,835983
marmites de fer moyennes,1,non,out,835983
marmites de fer petites,1,non,out,835983
marmites de feu,1,non,out,835983
marmites de fonte,4,non,out,835983
marmites de fonte vieille,1,non,,41540
marmites de potier,1,non,out,835983
marmites en fer,283,non,out,835983
marmondis,1,non,,41540
marne,19,non,out,835983
Maroc,54,oui,out,835983
Maroc aune,1,oui,out,835983
Maroc de laine,2,oui,out,835983
Maroc raz de marron,1,oui,out,835983
Maroc teint de douzaine,2,oui,out,835983
maronic,1,non,out,835983
maroquin,19,non,,41540
maroquin et peaux tannés,67,non,,41540
maroquin et peaux tannés mortiers de marbre,1,non,,41540
maroquins,19,oui,out,835983
marques,1,non,,41540
marquise,1,non,out,835983
marraye,2,non,out,835983
marregues,22,non,out,835983
marrons,144,non,out,835983
marrons crus,1,non,out,835983
marrons secs,3,non,out,835983
marseille,0,non,out,835983
marsouin,2,non,out,835983
marteaux,3,non,out,835983
marteaux d'ouvriers,1,non,,41540
marteaux de forge,3,non,out,835983
martinet de fer,3,non,out,835983
martinets à tonnelier,1,non,out,835983
martre,0,non,out,835983
marue,2,non,out,835983
masques,117,non,out,835983
masques communs,3,non,out,835983
masques de cire,1,non,out,835983
masques de Venise,24,non,out,835983
masques fins,5,non,out,835983
massepain,3,non,out,835983
masses,2,non,out,835983
masses de bois,1,non,out,835983
masses de coton,27,non,out,835983
masses de cuivre,13,non,out,835983
masses de cuivre rouge pour être raffiné,3,non,out,835983
masses de fer,11,non,out,835983
masses de lin,145,non,out,835983
masses de mail,3,non,out,835983
massicot,47,non,out,835983
massicot citron,1,non,out,835983
massicot fond d'or,1,non,out,835983
massicot jonquille,1,non,out,835983
massie,1,oui,out,835983
massis,2,oui,out,835983
massy,1,oui,out,835983
mastaquy,1,non,out,835983
mastic,136,non,out,835983
mastic en larmes,10,non,out,835983
mastie,1,non,out,835983
mastrre,1,non,out,835983
masulipatan,5,non,out,835983
mateaux,1,non,out,835983
matelas,131,non,out,835983
matelas de coton,1,non,out,835983
matelas de crin,3,non,out,835983
matelas de crin et de noppes,1,non,out,835983
matelas de laine,129,non,out,835983
matelas de lit,1,non,out,835983
matelas de toile de coton et de fil,1,non,out,835983
matelas vieux,1,non,out,835983
matelot,3,non,,41540
matelot ligurien,1,non,,41540
matelots,1,oui,,41540
mâtereaux,177,non,out,835983
mâtereaux à barques,1,non,out,835983
mâtereaux communs,1,non,,41540
mâtereaux communs de 30 pieds,1,non,out,835983
mâtereaux d'acajou de 7 à 8 pieds,1,non,out,835983
mâtereaux de 11 à 13 palmes,1,non,out,835983
mâtereaux de 12 palmes,1,non,out,835983
mâtereaux de 12 pieds,1,non,out,835983
mâtereaux de 14 palmes,1,non,out,835983
mâtereaux de 14 pieds,1,non,out,835983
mâtereaux de 15 à 20 pieds,1,non,out,835983
mâtereaux de 16 à 18 pieds,1,non,out,835983
mâtereaux de 16 pieds,1,non,out,835983
mâtereaux de 18 à 19 pieds,1,non,out,835983
mâtereaux de 18 pieds,2,non,,41540
mâtereaux de 19 pieds,1,non,out,835983
mâtereaux de 20 à 22 pieds,1,non,out,835983
mâtereaux de 20 à 24 pieds,1,non,out,835983
mâtereaux de 20 pieds,2,non,out,835983
mâtereaux de 22 à 26 pieds,1,non,out,835983
mâtereaux de 22 pieds,3,non,out,835983
mâtereaux de 24,1,non,out,835983
mâtereaux de 24 pieds,2,non,,41540
mâtereaux de 24 pieds 6 pouces,1,non,out,835983
mâtereaux de 25 à 28 pieds,1,non,out,835983
mâtereaux de 25 à 30 pieds,10,non,out,835983
mâtereaux de 25 à 40 centimètres,1,non,out,835983
mâtereaux de 25 centimètres à 40,2,non,out,835983
mâtereaux de 25 centimètres inclusivement à 40 exclusivement,5,non,out,835983
mâtereaux de 25 pieds,6,non,out,835983
mâtereaux de 26 à 28 pieds,1,non,out,835983
mâtereaux de 26 à 30 pieds,1,non,out,835983
mâtereaux de 26 à 36 pieds,1,non,,41540
mâtereaux de 26 pieds,3,non,,41540
mâtereaux de 27 pieds,1,non,out,835983
mâtereaux de 28 à 30 pieds,4,non,out,835983
mâtereaux de 28 pieds,2,non,out,835983
mâtereaux de 30 à 32 pieds,2,non,out,835983
mâtereaux de 30 à 34 pieds,1,non,out,835983
mâtereaux de 30 à 35 pieds,1,non,out,835983
mâtereaux de 30 à 36 pieds,3,non,out,835983
mâtereaux de 30 à 40 pieds,2,non,out,835983
mâtereaux de 30 à 50 pieds,1,non,,41540
mâtereaux de 30 ou 40 pieds,1,non,,41540
mâtereaux de 30 pieds,14,non,out,835983
mâtereaux de 32 à 33 pieds,1,non,out,835983
mâtereaux de 32 à 34 pieds,1,non,out,835983
mâtereaux de 32 à 36 pieds,1,non,,41540
mâtereaux de 32 pieds,4,non,out,835983
mâtereaux de 33 pieds,2,non,out,835983
mâtereaux de 34 à 36 pieds,1,non,out,835983
mâtereaux de 34 pieds,4,non,out,835983
mâtereaux de 35 à 37 pieds,1,non,out,835983
mâtereaux de 35 à 40 pieds,1,non,out,835983
mâtereaux de 35 à 45 pieds,1,non,out,835983
mâtereaux de 35 pieds,10,non,out,835983
mâtereaux de 36 à 37 pieds,1,non,,41540
mâtereaux de 36 à 38 pieds,2,non,out,835983
mâtereaux de 36 à 45 pieds,1,non,out,835983
mâtereaux de 36 pieds,8,non,out,835983
mâtereaux de 36 pieds 9 pouces,1,non,out,835983
mâtereaux de 37 à 38 pieds,1,non,out,835983
mâtereaux de 38 à 40 pieds,1,non,,41540
mâtereaux de 38 pieds,5,non,out,835983
mâtereaux de 40 à 44 pieds,1,non,out,835983
mâtereaux de 40 à 45 pieds,2,non,out,835983
mâtereaux de 40 à 50 pieds,4,non,,41540
mâtereaux de 40 à 60 pieds,1,non,,41540
mâtereaux de 40 ou 45 pieds,1,non,,41540
mâtereaux de 40 pieds,12,non,out,835983
mâtereaux de 42 à 47 pieds,1,non,out,835983
mâtereaux de 42 pieds,2,non,,41540
mâtereaux de 43 pieds,1,non,,41540
mâtereaux de 44 pieds,3,non,,41540
mâtereaux de 45 à 50 pieds,4,non,out,835983
mâtereaux de 45 ou 50 pieds,1,non,,41540
mâtereaux de 45 pieds,7,non,out,835983
mâtereaux de 46 à 60 pieds,1,non,out,835983
mâtereaux de 46 pieds,1,non,,41540
mâtereaux de 47 à 48 pieds,1,non,out,835983
mâtereaux de 47 à 49 pieds,1,non,out,835983
mâtereaux de 48 à 50 pieds,1,non,out,835983
mâtereaux de 48 pieds,3,non,out,835983
mâtereaux de 50 à 55 pieds,2,non,out,835983
mâtereaux de 50 pieds,3,non,,41540
mâtereaux de 54 à 60 pieds,1,non,out,835983
mâtereaux de 54 pieds,3,non,,41540
mâtereaux de 55 pieds,3,non,,41540
mâtereaux de 6 à 7 pieds,1,non,out,835983
mâtereaux de 60 pieds,4,non,out,835983
mâtereaux de 62 pieds,1,non,,41540
mâtereaux de 7 à 11 palmes,1,non,out,835983
mâtereaux de 7 à 13 palmes,1,non,out,835983
mâtereaux de 7 à 9 palmes,1,non,out,835983
mâtereaux de 80 pieds,1,non,,41540
mâtereaux de 9 à 12 palmes,1,non,out,835983
mâtereaux de bois,3,non,out,835983
mâtereaux de chaloupe,1,non,out,835983
mâtereaux de différente longueur,2,non,out,835983
mâtereaux de sapin,6,non,out,835983
mâtereaux de sapin de 14 à 15 pieds,1,non,,41540
mâtereaux de sapin de 20 pieds,1,non,out,835983
mâtereaux de sapin de 25 à 28 pieds,1,non,,41540
mâtereaux de sapin de 25 à 40 pieds,1,non,,41540
mâtereaux de sapin de 25 pieds,1,non,out,835983
mâtereaux de sapin de 28 pieds,1,non,out,835983
mâtereaux de sapin de 30 à 40 pieds,1,non,,41540
mâtereaux de sapin de 30 pieds,2,non,out,835983
mâtereaux de sapin de 44 pieds,1,non,,41540
mâtereaux de sapin de 47 à 50 pieds,1,non,,41540
mâtereaux et mâts,1,non,out,835983
mâtereaux petits,3,non,out,835983
matériaux,3,non,out,835983
matériaux de bois,9,non,out,835983
matériaux de construction,101,non,out,835983
matériaux de sapin,2,non,out,835983
matériaux moellons sable etc.,3,non,out,835983
matériaux pour la rade,168,non,,41540
matériaux pour la rade du roi,5,non,,41540
matériaux pour le havre,3,non,,41540
matériel de ménage,4,oui,,41540
matières de verre composées,1,non,out,835983
matières grasses pour la fabrication du sel d'ammoniac,1,non,,41540
matières minérales,2,non,out,835983
matières premières,105,non,out,835983
matis,1,non,out,835983
matocaux,1,non,out,835983
mats,1,oui,,41540
mâts,1499,non,out,835983
mâts à bateau,2,non,out,835983
mâts à chaloupe,14,non,out,835983
mâts à chaloupe de 15 à 25 pieds,1,non,,41540
mâts assortis,17,non,out,835983
mâts au-dessous de 6 paumes,1,non,out,835983
mâts bouts de 3 à 4 pieds,1,non,out,835983
mâts communs,6,non,out,835983
mâts communs de 50 pieds,1,non,out,835983
mâts de 12 à 13 palmes,1,non,out,835983
mâts de 13 à 20 palmes,1,non,out,835983
mâts de 13 à 25 palmes,1,non,out,835983
mâts de 14 palmes,1,non,out,835983
mâts de 16 à 18 pieds,1,non,out,835983
mâts de 18 pieds,1,non,out,835983
mâts de 20 à 25 palmes,1,non,out,835983
mâts de 20 à 30 pieds,1,non,out,835983
mâts de 20 pieds,1,non,out,835983
mâts de 24 a 30,1,non,out,835983
mâts de 24 pieds,1,non,out,835983
mâts de 25 palmes,1,non,out,835983
mâts de 25 pieds,1,non,,41540
mâts de 28 à 32 pieds,1,non,out,835983
mâts de 30 à 36 pieds,1,non,,41540
mâts de 30 à 40 pieds,1,non,out,835983
mâts de 30 pieds,7,non,out,835983
mâts de 31 à 36 pieds,1,non,out,835983
mâts de 32 pieds,1,non,,41540
mâts de 33 à 43 pieds,1,non,out,835983
mâts de 35 à 40 pieds,1,non,out,835983
mâts de 35 à 45 pieds,1,non,out,835983
mâts de 36 à 38 pieds,1,non,out,835983
mâts de 38 à 40 pieds à barque,1,non,out,835983
mâts de 39 à 40 pieds,1,non,out,835983
mâts de 4 paumes,1,non,out,835983
mâts de 40 à 45 pieds,4,non,out,835983
mâts de 40 à 50 pieds,3,non,out,835983
mâts de 40 à 70 pieds,0,non,out,835983
mâts de 40 centimètres de diamètre et au-dessus,7,non,out,835983
mâts de 40 ou 42 pieds,1,non,,41540
mâts de 40 pieds,4,non,out,835983
mâts de 42 à 48 pieds,2,non,out,835983
mâts de 45 à 50 pieds,2,non,out,835983
mâts de 45 pieds,6,non,out,835983
mâts de 48 à 50 pieds,2,non,out,835983
mâts de 50 à 52 pieds,1,non,out,835983
mâts de 50 à 53 pied,1,non,out,835983
mâts de 50 à 55 pieds,2,non,out,835983
mâts de 50 à 56 pieds,1,non,out,835983
mâts de 50 à 60 pieds,2,non,out,835983
mâts de 50 à 80 pieds,1,non,,41540
mâts de 50 ou 60 pieds,1,non,,41540
mâts de 50 pieds,7,non,out,835983
mâts de 52 à 55 pieds,1,non,out,835983
mâts de 52 pieds,1,non,,41540
mâts de 55 à 56 pieds,1,non,out,835983
mâts de 55 à 60 pieds,2,non,out,835983
mâts de 55 ou 60 pieds,1,non,,41540
mâts de 55 pieds,2,non,out,835983
mâts de 56 pieds,1,non,out,835983
mâts de 59 à 60 pieds,1,non,out,835983
mâts de 6 à 9 palmes,1,non,out,835983
mâts de 60 à 63 pieds,1,non,,41540
mâts de 60 à 65 pieds,2,non,out,835983
mâts de 60 à 66 pieds,1,non,out,835983
mâts de 60 à 70 pieds,2,non,out,835983
mâts de 60 à 80 pieds,1,non,out,835983
mâts de 60 pieds,2,non,out,835983
mâts de 66 à 55 pieds,1,non,out,835983
mâts de 66 à 70 pieds,1,non,out,835983
mâts de 66 à 72 pieds,1,non,out,835983
mâts de 66 pieds,1,non,out,835983
mâts de 68 à 70 pieds,1,non,out,835983
mâts de 68 pieds de long,1,non,out,835983
mâts de 7 pouces de diamètre,0,non,out,835983
mâts de 70 pieds,1,non,out,835983
mâts de 72 pieds,1,non,out,835983
mâts de 75 à 78 pieds,1,non,out,835983
mâts de barque,1,non,out,835983
mâts de beauprés,5,non,out,835983
mâts de beauprés de 35 pieds,1,non,out,835983
mâts de beauprés de 38 pieds,1,non,out,835983
mâts de beauprés de 40 pieds,1,non,out,835983
mâts de beauprés de 42 à 45 pieds,1,non,out,835983
mâts de bois petits,2,non,out,835983
mâts de chaloupe,12,oui,out,835983
mâts de chêne,2,non,out,835983
mâts de diverse grandeur,3,non,out,835983
mâts de drapeaux,13,non,out,835983
mâts de hune,1,non,out,835983
mâts de misaine,0,non,,41540
mâts de navire,6,non,out,835983
mâts de navire de 10 palmes,2,non,out,835983
mâts de navire de 11 à 18 palmes,0,non,out,835983
mâts de navire de 12 palmes,2,non,out,835983
mâts de navire de 12 paumes de diamètre,1,non,out,835983
mâts de navire de 18 pieds,1,non,out,835983
mâts de navire de 22 pieds,1,non,out,835983
mâts de navire de 24 pieds,1,non,out,835983
mâts de navire de 25 pieds,1,non,out,835983
mâts de navire de 27 à 30 pieds,2,non,out,835983
mâts de navire de 27 pieds,2,non,out,835983
mâts de navire de 28 à 31 pieds,1,non,out,835983
mâts de navire de 30 à 36 pieds,2,non,,41540
mâts de navire de 30 pieds,11,non,out,835983
mâts de navire de 34 pieds,2,non,out,835983
mâts de navire de 35 pieds,3,non,out,835983
mâts de navire de 36 pieds,3,non,out,835983
mâts de navire de 38 à 40 pieds,1,non,,41540
mâts de navire de 38 pieds,2,non,out,835983
mâts de navire de 40 pieds,9,non,out,835983
mâts de navire de 42 à 65 pieds,1,non,,41540
mâts de navire de 42 pieds,1,non,out,835983
mâts de navire de 45 pieds,8,non,out,835983
mâts de navire de 46 pieds,2,non,out,835983
mâts de navire de 48 pieds,1,non,out,835983
mâts de navire de 49 pieds,1,non,out,835983
mâts de navire de 50 pieds,18,non,out,835983
mâts de navire de 52 pieds,1,non,out,835983
mâts de navire de 54 pieds,1,non,,41540
mâts de navire de 55 pieds,11,non,out,835983
mâts de navire de 56 pieds,1,non,out,835983
mâts de navire de 58 pieds,1,non,out,835983
mâts de navire de 6 palmes,1,non,out,835983
mâts de navire de 60 pieds,10,non,out,835983
mâts de navire de 61 pieds,1,non,out,835983
mâts de navire de 65 pieds,3,non,out,835983
mâts de navire de 66 pieds,1,non,out,835983
mâts de navire de 69 pieds,1,non,out,835983
mâts de navire de 7 palmes,1,non,out,835983
mâts de navire de 7 paumes,1,non,out,835983
mâts de navire de 70 pieds,2,non,out,835983
mâts de navire de 76 pieds,1,non,out,835983
mâts de navire de 78 pieds,1,non,out,835983
mâts de navire de 8 palmes,2,non,out,835983
mâts de navire de 8 pieds,1,non,out,835983
mâts de navire de 80 pieds,1,non,out,835983
mâts de navire de 9 palmes,1,non,out,835983
mâts de navire et mâtereaux de 24 à 25 pieds,1,non,,41540
mâts de navire et mâtereaux de 30 pieds,1,non,,41540
mâts de navire et mâtereaux de 46 pieds,1,non,,41540
mâts de navire et mâtereaux de 48 pieds,1,non,,41540
mâts de navire et mâtereaux de 54 pieds,1,non,,41540
mâts de navire moyens,1,non,out,835983
mâts de navire petits,1,non,out,835983
mâts de passementerie,2,non,out,835983
mâts de petit navire,1,non,out,835983
mâts de sapin,42,non,out,835983
mâts de sapin à bateau,0,non,out,835983
mâts de sapin de 10 à 11 pieds,0,non,out,835983
mâts de sapin de 10 à 17 palmes,0,non,out,835983
mâts de sapin de 10 palmes,1,non,out,835983
mâts de sapin de 11 palmes,1,non,out,835983
mâts de sapin de 12 à 14 paumes,2,non,out,835983
mâts de sapin de 12 à 16 palmes,0,non,out,835983
mâts de sapin de 12 à 16 paumes,11,non,out,835983
mâts de sapin de 12 palmes,1,non,out,835983
mâts de sapin de 12 paumes de diamètre,1,non,out,835983
mâts de sapin de 13 à 11 pieds,1,non,,41540
mâts de sapin de 13 à 15 palmes,0,non,out,835983
mâts de sapin de 14 paumes,45,non,out,835983
mâts de sapin de 14 pieds de long et de 3 pieds de diamètre,1,non,out,835983
mâts de sapin de 15 à 17 pouces de diamètre,0,non,out,835983
mâts de sapin de 15 à 20 palmes,0,non,out,835983
mâts de sapin de 15 palmes,1,non,out,835983
mâts de sapin de 16 à 17 paumes de diamètre,1,non,out,835983
mâts de sapin de 16 paumes,5,non,out,835983
mâts de sapin de 20 palmes,0,non,out,835983
mâts de sapin de 20 pieds de long et de 3 pieds de diamètre,2,non,out,835983
mâts de sapin de 24 à 25 pieds de long et de 4 à 5 pieds de diamètre,1,non,out,835983
mâts de sapin de 24 pieds,1,non,out,835983
mâts de sapin de 25 à 30 pieds,1,non,out,835983
mâts de sapin de 25 à 34 pieds,1,non,out,835983
mâts de sapin de 26 pieds de long et de 4 pieds de diamètre,1,non,out,835983
mâts de sapin de 28 pieds de long et de 4 pieds de diamètre,2,non,out,835983
mâts de sapin de 3 paumes,31,non,out,835983
mâts de sapin de 30 pieds,2,non,out,835983
mâts de sapin de 30 pieds à 40 pieds de long et de 9 pieds de diamètre,1,non,out,835983
mâts de sapin de 30 pieds de long et de 10 pieds de diamètre,1,non,out,835983
mâts de sapin de 30 pieds de long et de 3 pieds de diamètre,2,non,out,835983
mâts de sapin de 30 pieds de long et de 6 à 8 pieds de diamètre,1,non,out,835983
mâts de sapin de 30 pieds de long et de 6 pieds de diamètre,1,non,out,835983
mâts de sapin de 30 pieds de long et de 9 pieds de diamètre,1,non,out,835983
mâts de sapin de 35 pieds,1,non,out,835983
mâts de sapin de 36 pieds,2,non,out,835983
mâts de sapin de 36 pieds de long et de 5 pieds de diamètre,1,non,out,835983
mâts de sapin de 36 pieds de long et de 6 pieds de diamètre,1,non,out,835983
mâts de sapin de 36 pieds de long et de 7 pieds de diamètre,1,non,out,835983
mâts de sapin de 37 pieds de long et de 6 pieds de diamètre,1,non,out,835983
mâts de sapin de 38 à 40 pieds de long et de 7 pieds de diamètre,1,non,out,835983
mâts de sapin de 38 pieds de long et de 6 pieds de diamètre,1,non,out,835983
mâts de sapin de 38 pieds de long et de 7 pieds de diamètre,1,non,out,835983
mâts de sapin de 4 à 8 paumes,60,non,out,835983
mâts de sapin de 40 à 50 pieds,1,non,,41540
mâts de sapin de 40 pieds,1,non,out,835983
mâts de sapin de 40 pieds de long et de 10 pieds de diamètre,2,non,out,835983
mâts de sapin de 40 pieds de long et de 11 pieds de diamètre,1,non,out,835983
mâts de sapin de 40 pieds de long et de 12 pieds de diamètre,1,non,out,835983
mâts de sapin de 40 pieds de long et de 18 pieds de diamètre,1,non,out,835983
mâts de sapin de 40 pieds de long et de 6 pieds de diamètre,1,non,out,835983
mâts de sapin de 42 à 40 pieds,1,non,,41540
mâts de sapin de 42 pieds de long et de 11 pieds de diamètre,1,non,out,835983
"mâts de sapin de 44 pieds de long et de 13,5 pieds de diamètre",1,non,out,835983
mâts de sapin de 45 à 50 pieds de long et de 15 pieds de diamètre,1,non,out,835983
mâts de sapin de 45 pieds,2,non,out,835983
mâts de sapin de 45 pieds de long et de 4 pieds de diamètre,1,non,out,835983
mâts de sapin de 45 pieds de long et de 7 à 8 pieds de diamètre,1,non,out,835983
mâts de sapin de 45 pieds de long sans mention de diamètre,1,non,out,835983
mâts de sapin de 46 pieds de long et de 12 pieds de diamètre,1,non,out,835983
mâts de sapin de 48 pieds,0,non,out,835983
mâts de sapin de 48 pieds de long et de 6 à 7 pieds de diamètre,1,non,out,835983
mâts de sapin de 48 pieds de long et de 8 pieds de diamètre,1,non,out,835983
mâts de sapin de 48 pieds de long et de 9 pieds de diamètre,1,non,out,835983
mâts de sapin de 5 palmes,1,non,out,835983
mâts de sapin de 5 paumes,3,non,out,835983
mâts de sapin de 50 à 55 pieds,1,non,out,835983
mâts de sapin de 50 pieds,4,non,out,835983
mâts de sapin de 50 pieds de long et de 10 à 12 pieds de diamètre,1,non,out,835983
mâts de sapin de 50 pieds de long et de 16 pieds de diamètre,1,non,out,835983
mâts de sapin de 54 pieds,1,non,,41540
mâts de sapin de 54 pieds de long et de 15 pieds de diamètre,1,non,out,835983
mâts de sapin de 54 pieds de long et de 16 pieds de diamètre,1,non,out,835983
mâts de sapin de 55 pieds,3,non,out,835983
mâts de sapin de 6 à 7 paumes de grosseur,1,non,out,835983
mâts de sapin de 6 palmes,1,non,out,835983
mâts de sapin de 60 à 70 pieds,1,non,,41540
mâts de sapin de 60 pieds,1,non,out,835983
mâts de sapin de 60 pieds de long et 5 pieds de diamètre,0,non,out,835983
mâts de sapin de 60 pieds de long et de 10 pieds de diamètre,1,non,out,835983
mâts de sapin de 60 pieds de long et de 12 pieds de diamètre,1,non,out,835983
mâts de sapin de 7 palmes,1,non,out,835983
mâts de sapin de 78 pieds,0,non,out,835983
mâts de sapin de 8 à 12 paumes,45,non,out,835983
mâts de sapin de 9 palmes,1,non,out,835983
mâts de sapin et vergues de sapin,0,non,out,835983
mâts de sapin gros,0,non,out,835983
mâts de sapin moyens,1,non,out,835983
mâts de vaisseaux,22,non,out,835983
mâts de vaisseaux assortis,1,non,out,835983
mâts de vaisseaux beaupré,0,non,out,835983
mâts de vaisseaux de 71 pieds,0,non,out,835983
mâts de vaisseaux de chêne,0,non,out,835983
mâts de vaisseaux de misenne,0,oui,out,835983
mâts doubles,1,non,out,835983
mâts en dessous de 8 paumes,5,non,out,835983
mâts espars,0,non,out,835983
mâts et espars de bois,2,non,out,835983
mâts et mâtereaux,2,non,,41540
mâts et mâtereaux de 16 à 23 pieds,1,non,,41540
mâts et mâtereaux de 17 pieds,1,non,,41540
mâts et mâtereaux de 20 à 25 pieds,1,non,,41540
mâts et mâtereaux de 20 à 30 pieds,1,non,,41540
mâts et mâtereaux de 23 pieds,1,non,,41540
mâts et mâtereaux de 25 à 40 pieds,1,non,,41540
mâts et mâtereaux de 28 à 30 pieds,1,non,,41540
mâts et mâtereaux de 30 à 35 pieds,2,non,,41540
mâts et mâtereaux de 30 à 38 pieds,1,non,,41540
mâts et mâtereaux de 30 à 40 pieds,1,non,,41540
mâts et mâtereaux de 30 pieds,1,non,,41540
mâts et mâtereaux de 32 à 42 pieds,1,non,,41540
mâts et mâtereaux de 35 à 56 pieds,1,non,,41540
mâts et mâtereaux de 36 à 40 pieds,1,non,,41540
mâts et mâtereaux de 36 pieds,2,non,,41540
mâts et mâtereaux de 38 pieds,1,non,,41540
mâts et mâtereaux de 40 à 42 pieds,1,non,,41540
mâts et mâtereaux de 40 à 50 pieds,2,non,,41540
mâts et mâtereaux de 40 à 60 pieds,1,non,,41540
mâts et mâtereaux de 42 à 45 pieds,1,non,,41540
mâts et mâtereaux de 45 à 70 pieds,1,non,,41540
mâts et mâtereaux de 46 à 53 pieds,1,non,,41540
mâts et mâtereaux de 50 à 60 pieds,2,non,,41540
mâts et mâtereaux de 50 pieds,2,non,,41540
mâts et mâtereaux de 52 à 53 pieds,1,non,,41540
mâts et mâtereaux de 64 pieds,1,non,,41540
mâts et mâtereaux de 65 pieds,1,non,,41540
mâts et mâtereaux mats,1,oui,,41540
mâts et mâtereaux mâts,1,non,,41540
mâts et mâtereaux mats doubles,1,oui,,41540
mâts et mâtereaux mâts doubles,1,non,,41540
mâts et matériaux de bois,2,non,out,835983
mâts et planches de bois,0,non,out,835983
mâts et poutres,1,non,,41540
mâts façonnés,7,non,out,835983
mâts grands,6,non,out,835983
mâts gros,1,non,out,835983
mâts mâtereaux,15,non,out,835983
mâts matières,4,non,out,835983
mâts mâts de barques de 50 pieds,1,non,,41540
mâts mâtures,26,non,out,835983
mâts peints,2,non,out,835983
mâts petits,54,non,out,835983
mâts pour galère,2,non,out,835983
mâts verts de 45 pieds,1,non,out,835983
mâts...,2,non,out,835983
matu,6,non,out,835983
mâtures,14,non,out,835983
mâtures complètes,9,non,out,835983
mâtures complètes d'un grand vaisseau,1,non,out,835983
mâtures complètes en 21 pièces,0,non,out,835983
mâtures de navire de ???,1,non,,41540
mâtures en 56 pièces,0,non,out,835983
maugrebine,51,non,out,835983
maune,1,non,out,835983
maurelle,3,non,out,835983
mauris,1,non,out,835983
maurs,2,non,out,835983
mautes à mulets,1,non,out,835983
Mazamet,5,non,out,835983
mazon,0,non,out,835983
mèches,70,non,out,835983
mèches à canons,54,non,out,835983
mèches à chandelle,7,non,out,835983
mèches à flambeau,1,non,out,835983
mèches à mousquet,1,non,out,835983
mèches d'étoupes de chanvre ou de lin,4,non,out,835983
mèches d'étoupes de fil de chanvre ou en lin,2,non,out,835983
mèches de chandelles flambeaux et lampes,3,non,out,835983
mèches de coton,1,non,out,835983
mèches de coton pour chandelle,126,non,out,835983
mèches de lampe,1,non,out,835983
mèches de soufre,1,non,out,835983
mèches de tarière et herminettes,1,non,out,835983
mèches et soufre,124,non,out,835983
mèches soufrées,55,non,out,835983
mechoacam,15,non,out,835983
médailles,4,non,out,835983
médailles antiques,1,non,out,835983
médailles d'argent,2,non,out,835983
médailles de laiton,1,non,,41540
médaillons de terre,2,non,out,835983
médicament composés,67,oui,out,835983
médicaments,366,non,out,835983
médicaments composés,89,non,out,835983
médicaments composés autre qu'eau distillée au poids,1,non,out,835983
médicaments composés autres qu'eau distillée à la valeur,1,non,out,835983
médicaments composés déclarés à la valeur,1,non,out,835983
médicaments composés déclarés au poids,2,non,out,835983
meffles,4,non,out,835983
megelanne,1,non,out,835983
mélangées,2,oui,out,835983
mélasse,23,non,out,835983
mélasse des colonies françaises,1,non,out,835983
mélasse du Royaume,1,non,,41540
mélasse et rhum et sirop et tafia,22,non,,41540
mélasse et sirop,1,non,out,835983
mêlées,2,non,,41540
meles a faure,1,non,,41540
melle,1,non,out,835983
melon,13,non,out,835983
melon d'eau,2,non,out,835983
membrures,2,non,out,835983
membrures de 7 pieds,1,non,out,835983
membrures de noyer de 10 pieds de long et d'1 pied en carré,1,non,,41540
ménage,6,non,out,835983
menie,3,non,out,835983
menottes de cuivre,3,non,out,835983
menottes de fer,1,non,out,835983
mentes à moulir,1,non,out,835983
mentes à taillandier,1,non,out,835983
menu charbon de terre,126,non,out,835983
menu charbon de terre dit sméegruys,98,non,out,835983
menuiserie,3,non,out,835983
menus grains,3,non,out,835983
menus sommiers,5,non,out,835983
menutés,146,non,out,835983
mercerie,4062,non,out,835983
mercerie ???,3,non,out,835983
mercerie à la valeur,5,non,out,835983
mercerie bimbeloterie,66,non,out,835983
mercerie commune,246,non,out,835983
mercerie cru,1,non,out,835983
mercerie d'Allemagne,1,non,out,835983
mercerie d'étoupe de lin,1,non,out,835983
mercerie de bois,5,non,out,835983
mercerie de cordonnier à laine,2,non,out,835983
mercerie de crin,2,non,out,835983
mercerie de cuivre,7,non,out,835983
mercerie de Nuremberg,69,non,out,835983
mercerie de quincaille,1,non,out,835983
mercerie de renvoi,2,non,out,835983
mercerie en dorure,1,non,,41540
mercerie en lignets et hameçons,1,non,out,835983
mercerie en peigne d'ivoire,0,non,out,835983
mercerie en peignes de bois,0,non,out,835983
mercerie épingles,2,non,out,835983
mercerie et quincaillerie,29,non,out,835983
mercerie étrangère,1,non,out,835983
mercerie fine,309,non,out,835983
mercerie fort,1,non,out,835983
mercerie grosse,9,non,out,835983
mercerie grossière,62,non,out,835983
mercerie mêlée en lisière de drap,1,non,out,835983
mercerie ordinaire,46,non,out,835983
mercerie peignes de bois,1,non,out,835983
mercerie peignes de corne,1,non,out,835983
mercerie quincaille et armes à feu,100,non,,41540
mercerie très commune,1,non,out,835983
mercerie très fine,1,non,out,835983
merciers,1,non,out,835983
mercure,727,non,out,835983
mercure corrosif,1,non,out,835983
mercure coulant,2,non,out,835983
mercure doux,22,non,out,835983
mercure natif,5,non,out,835983
mercure précipité,9,non,out,835983
mercure sublimé,1,non,,41540
meriers,12,non,out,835983
meriers à faire échelles,1,non,out,835983
meriers petits,1,non,out,835983
meriezes,1,non,out,835983
merlan,2,non,out,835983
merlan salé,1,non,out,835983
merles,1,non,out,835983
merlin,49,non,out,835983
merluche,101,non,out,835983
merluche salée,0,non,out,835983
merlus,1,non,out,835983
merlus salés,1,non,,41540
merrains,808,non,out,835983
merrains ???,1,non,out,835983
merrains à barils,17,oui,out,835983
merrains à barriques,236,oui,out,835983
merrains à barriques bûches,0,oui,out,835983
merrains à barriques douves,1,oui,out,835983
merrains à barriques et fonçaille,1,oui,out,835983
merrains à bœuf,0,oui,out,835983
merrains à bottes,9,oui,out,835983
merrains à boucaud,1,oui,out,835983
merrains à buses,4,oui,out,835983
merrains à buses douelles,1,oui,out,835983
merrains à fonçaille,10,oui,out,835983
merrains à fond,89,oui,out,835983
merrains à fonds,8,oui,out,835983
merrains à futailles,2,oui,out,835983
merrains à muid,1,oui,out,835983
merrains à pipes,93,oui,out,835983
merrains à pipes bûches,0,oui,out,835983
merrains à pipes de 4 à 5 pieds à 1 pouce 1/2 d'épaisseur,1,oui,out,835983
merrains à pipes de 4 pieds,1,oui,out,835983
merrains à poinçon,1,oui,out,835983
merrains à quart,6,oui,out,835983
merrains à tierçons,11,oui,out,835983
merrains à tonneaux,108,oui,out,835983
merrains à tortue,2,oui,out,835983
merrains au-dessous de 974 millimètres,2,non,out,835983
merrains autres que de chêne,2,non,out,835983
merrains autres que de chêne de toutes dimensions à la valeur,1,non,out,835983
merrains autres que de chêne de toutes dimensions au nombre,1,non,out,835983
merrains barillage,1,non,out,835983
merrains barricages,1,oui,out,835983
merrains barriques douelles,1,non,out,835983
merrains bourdilles,2,non,out,835983
merrains bourdillons,1,non,out,835983
merrains cartage,1,non,out,835983
merrains communs,1,non,out,835983
merrains de 1 mètre 299 millimètres de longueur et au-dessus,2,non,out,835983
merrains de 1299mm de longueur et au-dessus,1,non,out,835983
merrains de 1299mm exclus à 974 inclus,1,non,out,835983
merrains de 4 pieds,0,non,out,835983
merrains de 5 pieds,1,non,out,835983
merrains de chêne,7,non,out,835983
merrains de chêne au-dessous de 974 millimètres,2,non,out,835983
merrains de chêne de 1 mètre 299 millimètres de long et au-dessus,1,non,out,835983
merrains de chêne de 1 mètre 299 millimètres inclusivement à 974 exclusivement,1,non,out,835983
"merrains de chêne de 1,299 mètres à 974 millimètres de long",1,non,out,835983
"merrains de chêne de 1,299 mètres de long et au-dessus",1,non,out,835983
merrains de douves,2,non,out,835983
merrains de maille,1,non,out,835983
merrains de sapin,14,non,out,835983
merrains douelles,4,oui,out,835983
merrains en barriques,0,non,out,835983
merrains en fonçaille,3,oui,out,835983
merrains en pipes,0,oui,out,835983
merrains et feuillards,6,non,out,835983
merrains fonçaille,1,non,out,835983
merrains futaille,2,oui,out,835983
merrains ganivelles,0,oui,out,835983
merrains longailles,1,non,,41540
merrains petits,1,non,out,835983
merrains pour barils,22,non,,41540
merrains pour barriques,244,non,,41540
merrains pour barriques bûches,0,non,,41540
merrains pour bœuf,0,non,,41540
merrains pour bottes,9,non,,41540
merrains pour boucaud,1,non,,41540
merrains pour buses,4,non,,41540
merrains pour buses douelles,1,non,,41540
merrains pour faire des douves de fûts,11,non,out,835983
merrains pour ferraille,1,non,out,835983
merrains pour fonçaille,16,non,,41540
merrains pour fonds,101,non,,41540
merrains pour futaille,2,oui,,41540
merrains pour futailles,4,non,,41540
merrains pour muid,1,non,,41540
merrains pour pipe,7,non,,41540
merrains pour pipes,94,non,,41540
merrains pour pipes bûches,0,non,,41540
merrains pour pipes de 4 à 5 pieds à 1 pouce 1/2 d'épaisseur,1,non,,41540
merrains pour pipes de 4 pieds,1,non,,41540
merrains pour poinçon,1,non,,41540
merrains pour quarts,9,non,,41540
merrains pour tierçons,11,non,,41540
merrains pour tonneaux,111,non,,41540
merrains pour tonnellerie,3,non,out,835983
merrains pour tortue,2,non,,41540
merrains quartage douelles,2,non,out,835983
merrains Scott,1,non,out,835983
mervillon,47,non,out,835983
mesat de clocher,0,non,out,835983
mesures d'étain,2,non,out,835983
métal,105,non,out,835983
métal argenté doré vernissé etc.,2,non,out,835983
métal composé,1,non,out,835983
métal des Indes,1,non,out,835983
métal moulu,3,non,out,835983
métal ou ???,1,non,out,835983
métal pour horlogerie,1,non,out,835983
métaux,145,non,out,835983
méteil,1,non,,41540
méteil ou seigle,1,non,,41540
methe,1,non,out,835983
métiers,3,non,out,835983
métiers à faire bas,20,non,out,835983
métiers à faire tapisserie,3,non,out,835983
métiers à filer,1,non,out,835983
métiers de drapier,1,non,out,835983
métiers de tisserand,5,non,out,835983
métiers presse et bluteaux et cribles de moulin,129,non,out,835983
meubles,17,non,out,835983
meubles ???,1,non,out,835983
meubles à bijouterie,0,non,out,835983
meubles à coutelier,2,non,out,835983
meubles à moulins,2,non,out,835983
meubles à taillandier,18,non,out,835983
meubles affiloires,1,non,out,835983
meubles de bois,9,non,out,835983
meubles de maison,2,non,,41540
meubles divers,6,oui,,41540
meubles et effets,3,non,out,835983
meubles et miroirs,130,non,out,835983
meubles et ornements,17,non,out,835983
meubles et pierres,32,non,out,835983
meubles glaces et miroirs,13,oui,out,835983
meubles habits et bijoux,1,non,out,835983
meubles matelas,5,non,out,835983
meubles miroirs de toilettes,1,non,out,835983
meubles ornements,1,non,out,835983
meulardeaux,14,non,out,835983
meulardeaux à coutelier,1,non,out,835983
meulardes,2,non,out,835983
meules,38,non,out,835983
meules à aiguiser,238,non,out,835983
meules à aiguiser au-dessus de 1218 millimètres en diamètre,1,non,out,835983
meules à aiguiser bâtardes,1,non,out,835983
meules à aiguiser de 1083 à 920 millimètres inclusivement en diamètre,2,non,out,835983
meules à aiguiser de 1218 à 1083 millimètres inclusivement en diamètre,2,non,out,835983
meules à aiguiser de 541 à 406 millimètres inclusivement en diamètre,3,non,out,835983
meules à aiguiser de 677 à 541 millimètres inclusivement en diamètre,3,non,out,835983
meules à aiguiser de 920 à 677 millimètres inclusivement en diamètre,3,non,out,835983
meules à aiguiser de moins de 406 millimètres inclusivement en diamètre,3,non,out,835983
meules à aiguiser grandes,1,non,out,835983
meules à aiguiser moyennes,1,non,out,835983
meules à aiguiser petites,1,non,out,835983
meules à callandre,2,non,out,835983
meules à coutelier,51,non,out,835983
meules à coutelier petites,1,non,out,835983
meules à Couteliers,1,non,out,835983
meules à couture,2,non,out,835983
meules à faire,22,non,out,835983
meules à faux,4,non,out,835983
meules à favre,33,non,out,835983
meules à gagne-petit,1,non,out,835983
meules à huile,2,non,out,835983
meules à moudre de 1949 millimètres à 1299 en diamètre,2,non,out,835983
meules à moudre de moins de 1299 millimètres en diamètre,3,non,out,835983
meules à moudre de plus de 1949 millimètres en diamètre,2,non,out,835983
meules à sabres,2,non,out,835983
meules à sucre,3,non,out,835983
meules à taillandier,199,non,out,835983
meules à taillandier d'1 à 2 pieds,1,non,out,835983
meules à taillandier de 2 pieds,1,non,out,835983
meules à taillandier de 3 à 4,1,non,out,835983
meules à taillandier de 4 à 5,1,non,out,835983
meules à taillandier de 4 à 5 pouces,1,non,out,835983
meules à taillandier de 4 pieds,1,non,out,835983
meules à Talandier,2,non,out,835983
meules acoustiques,1,non,out,835983
meules affiloires,7,non,out,835983
meules assorties,1,non,out,835983
meules au-dessous de 4 pouces,1,non,out,835983
meules au-dessus de 4 pouces,1,non,out,835983
meules bâtardes,38,non,out,835983
meules brodées,1,non,out,835983
meules coutier,1,non,out,835983
meules de 4 pieds,1,non,out,835983
meules de coutelier,2,non,out,835983
meules de différents modules à aiguiser,4,non,out,835983
meules de différents modules à moudre,4,non,out,835983
meules de pierre,14,non,out,835983
meules en têtes de renne,1,non,out,835983
meules ordinaires et à taillandier,1,non,out,835983
meules petites,2,non,out,835983
meules pour moulin,7,non,out,835983
meules pour moulins,281,non,out,835983
meules pour moulins de 4 pieds 1/2,1,non,out,835983
meules pour moulins de 55 pieds,1,non,out,835983
meules pour moulins de 6 pieds,1,non,out,835983
meules pour moulins de haute catégorie,7,non,out,835983
meules pour moulins dites grand loup d'Angleterre,7,non,out,835983
meules pour moulins dites petit loup d'Angleterre,4,non,out,835983
meules pour moulins du poids de 1200 à 1800 livres,65,non,out,835983
meules pour moulins du poids de 2000 à 2800 livres,79,non,out,835983
meules pour moulins du poids de 300 à 1000 livres,97,non,out,835983
meules pour moulins du poids de 3000 à 4000 livres,82,non,out,835983
meules pour moulins du poids de 5000 à 6000 livres,15,non,out,835983
meules pour moulins grosses,1,non,out,835983
meules pour moulins petites,3,non,out,835983
meulières,1,non,out,835983
meuniers,8,non,out,835983
Mi ???,1,non,,41540
microscope,1,non,out,835983
miel,1464,non,out,835983
miel blanc,123,non,out,835983
miel brouche,103,non,out,835983
miel brun,129,non,out,835983
miel brut,5,non,out,835983
miel commun,1,non,out,835983
miel cru,4,non,out,835983
miel cuit,4,non,out,835983
miel de Narbonne,7,non,out,835983
miel façonné,7,non,out,835983
miel vert,1,non,,41540
mignonette,1,non,out,835983
mignonette au quart de soie,1,non,out,835983
mignonette avec un brin de soie,1,non,out,835983
mignonette de laine,1,non,,41540
mignonette de soie,1,non,out,835983
mignonette des prises,2,non,out,835983
mignonette étoffe,10,non,out,835983
mignonnette,40,non,out,835983
mignotte étoffe,4,non,out,835983
migon,20,non,out,835983
mil,3,non,out,835983
militaires,15,non,,41540
militaires de la division française de Rome,1,non,,41540
militaires français ou romains de la division de Rome,1,non,,41540
militaires ou patriotes romains,1,non,,41540
mille gants,3,non,out,835983
milleret,1,non,out,835983
millet,10,non,out,835983
millet gris,1,non,,41540
millet gros,126,non,,41540
millet gros et petit,3,non,,41540
millet petit,75,non,,41540
mine,3,non,out,835983
mine d'alquifoux,1,non,out,835983
mine d'asphalte,1,non,out,835983
mine de borde,1,non,out,835983
mine de cuivre,4,non,out,835983
mine de cuivre rouge,2,non,out,835983
mine de fer,184,non,out,835983
mine de plomb,405,non,out,835983
mine de plomb noire,2,non,out,835983
mine de plomb rouge,2,non,out,835983
mine de Prusse,1,non,out,835983
mine de roche,3,non,out,835983
mine en grabeau,1,non,,41540
mine lavée,1,non,out,835983
minerai de fer brut ou lavé,2,non,out,835983
minerai de fer chromaté,2,non,out,835983
minerai de fer sulfuré,1,non,out,835983
minerai de plomb,9,non,out,835983
minéraux,2,non,out,835983
minium,379,non,out,835983
minium et mine orange,4,non,out,835983
minium rouge divisé,3,non,out,835983
minot,12,non,,41540
minutier,3,non,out,835983
miny,260,oui,out,835983
mioche en grabeau,1,non,,41540
mireau,2,non,out,835983
mirke,1,non,out,835983
mirobolant,47,oui,out,835983
miroirs,219,non,out,835983
miroirs à bordures dorées,6,non,out,835983
miroirs à bordures dorées et grands,1,non,out,835983
miroirs à bordures dorées et petits,1,non,out,835983
miroirs à cadres dorés,10,non,out,835983
miroirs à cadres dorés de 2 pieds de haut,1,non,,41540
miroirs communs,3,non,out,835983
miroirs d'1 pied et demi,1,non,out,835983
miroirs d'Allemagne,1,non,out,835983
miroirs de 2 pieds,1,non,out,835983
miroirs de 25 pieds de haut et 1 de large,1,non,out,835983
miroirs de poche,3,non,out,835983
miroirs de toilette,7,non,out,835983
miroirs de traite,5,non,out,835983
miroirs de Venise,3,non,,41540
miroirs encadrés,238,non,out,835983
miroirs grands,5,non,out,835983
miroirs grands de plus de 3 millimètres d'épaisseurs,2,non,out,835983
miroirs petits,222,non,out,835983
miroirs petits sans distinction,2,non,out,835983
mistelle,2,non,out,835983
mistre,0,non,,41540
mitaines,1,non,out,835983
mitaines bordées de soie par paires,0,oui,out,835983
mitaines brodées,1,non,out,835983
mitaines brodées de soie,3,non,,41540
mitaines de peau,3,non,out,835983
mitaines de peau garnies de soie,1,non,,41540
mitaines de peau lisérées de soie,1,oui,out,835983
mitaines de soie,2,non,out,835983
mitaines de taffetas,2,non,out,835983
mitaines garnies de ruban,1,non,out,835983
mitaines garnies de soie,9,non,out,835983
mitaines liserées,1,non,out,835983
mitons à pierres fausses par paires de velours,1,oui,out,835983
mitons de soie,3,non,out,835983
mitons de velours à pierres fausses,1,non,,41540
mitraille,2,non,out,835983
mitraille de cuivre,109,non,out,835983
mitraille vieille en batterie de cuisine,1,non,out,835983
mitrailles de cuivre,118,non,out,835983
mitrailles de cuivre pur vieux,1,non,out,835983
mittes,2,non,out,835983
mittes de soie,9,oui,out,835983
mittières de fer,1,non,out,835983
mixture des céréales et de légumineuses,16,non,,41540
mobilier,1028,non,out,835983
mobilier vieux,17,non,out,835983
mocs de brode,1,non,,41540
mode de bœuf,1,non,out,835983
modèle de château de carton,1,non,out,835983
modèle de plâtre,2,non,out,835983
modèle de sculpture,1,non,out,835983
modes de cordonnier,1,non,,41540
modes de Montauban,1,non,out,835983
modes de plâtre,1,non,,41540
modes de porcelaine,1,non,,41540
"modes, peaux, porcelaine, ruban 16 onces",1,non,out,835983
moelle,1,non,out,835983
moelle de bœuf,11,non,out,835983
moellons,6,non,out,835983
moellons à faire chaux,92,non,out,835983
moellons à faire des bâtiments,2,non,out,835983
moellons de brique,2,non,out,835983
moellons pierres meulières etc.,2,non,out,835983
mogette,2,non,,41540
moines ???,2,non,,41540
moines garnis de fer-blanc,1,non,out,835983
moire,4,non,out,835983
moire blanche,2,non,out,835983
moire d'argent,2,non,out,835983
molenaers,30,non,out,835983
molleton,215,non,out,835983
molleton aune,1,oui,out,835983
molleton de capiton,4,non,out,835983
molleton de coton,24,non,out,835983
molleton de coton et de fil,1,non,,41540
molleton de laine,79,non,out,835983
molleton de laine imprimé,2,non,out,835983
molleton de soie,1,non,out,835983
molleton et taffetas de laine,3,non,out,835983
molleton frisé,1,non,out,835983
mollues,1,non,out,835983
momade,0,non,out,835983
momie,7,non,out,835983
moncayard,5,non,out,835983
mongette,45,non,out,835983
mongistere,7,non,out,835983
monnaies,1,non,,41540
monnaies au type étranger,95,non,out,835983
monnaies d'argent,32,non,out,835983
monnaies d'argent en espèces coursables,3,non,out,835983
monnaies d'argent et d'or et au type étranger,7,non,out,835983
monnaies d'argent par Calais,2,non,out,835983
monnaies d'argent par Strasbourg et Metz,1,non,out,835983
monnaies d'argent par Valenciennes,1,non,out,835983
monnaies d'or,18,non,out,835983
monnaies d'or par Calais,1,non,out,835983
monnaies d'or quadruple,3,non,out,835983
monnaies de billon,3,non,out,835983
monnaies de cuivre,54,non,out,835983
monnaies de cuivre de Suède,4,non,out,835983
monnaies de cuivre jaune,1,non,out,835983
monnaies de cuivre ouvré,1,non,out,835983
monnaies de cuivre pur,4,non,out,835983
monnaies du Portugal,1,non,out,835983
montichon,3,non,out,835983
montres,2,non,out,835983
montres d'argent,21,non,out,835983
montres d'argent et d'or,1,non,out,835983
montres d'or,25,non,out,835983
montres d'or à répétition,2,non,out,835983
montres d'or ordinaires,2,non,out,835983
montres de cuivre,5,non,out,835983
montres de mer,2,non,,41540
montres de métal,1,non,,41540
montres de poche,6,non,out,835983
montres de poche à caisse d'argent,126,non,out,835983
montres de poche à caisse d'or,126,non,out,835983
montres de poches à caisse de pinsbeck,37,non,out,835983
montres et pendule,1,oui,out,835983
montres et pendules,1,non,,41540
montres maillées,1,non,,41540
moques de grès,1,non,out,835983
moquette,199,non,out,835983
moquette de fil et de laine,4,non,out,835983
moquette de fil et laine,1,non,out,835983
moquette de laine,2,non,out,835983
moquette de laine et de fil,1,non,out,835983
moquette grasse de laine et fil,1,non,out,835983
moquette rouge,2,non,out,835983
moquette verte,1,non,out,835983
morceaux,1,non,,41540
morceaux cousus,2,non,out,835983
morceaux cousus de hamsters,2,non,out,835983
morceaux cousus de lapins et lièvres,2,non,out,835983
morceaux cousus dos et ventre de petits-gris,2,non,out,835983
morceaux d'espars,1,non,out,835983
morceaux de bois,1,oui,out,835983
morceaux de bois ordinaire de 6 à 7 pieds,1,non,out,835983
morceaux de bois puant de 6 pieds,1,non,out,835983
morceaux de planches,1,non,out,835983
morceaux de sapin,4,non,out,835983
morceaux despars,1,oui,,41540
morenine de soie,1,non,out,835983
moresque,1,oui,,41540
morilles,17,non,out,835983
morilles et mousserons et truffes,1,non,out,835983
morilles et mousserons frais,1,non,out,835983
morilles et mousserons secs ou marinés,2,non,out,835983
morilles et truffes,1,non,out,835983
mors de brides,124,non,out,835983
mors de brides dorés,1,non,out,835983
mors et brides,3,non,out,835983
mortiers,2,non,out,835983
mortiers à bombe,1,non,,41540
mortiers de bois,1,non,out,835983
mortiers de bronze,1,non,out,835983
mortiers de fer,6,non,out,835983
mortiers de fonte,6,non,out,835983
mortiers de marbre,153,non,out,835983
mortiers de marbre ordinaires,1,non,,41540
mortiers de marbre petits,1,non,,41540
mortiers de métal,1,non,out,835983
mortiers de métal et pilon,1,non,out,835983
mortiers de pierre,31,non,out,835983
mortiers de terre,1,non,out,835983
mortiers et pilon,1,non,out,835983
morue,633,non,out,835983
morue ???,1,non,out,835983
morue avariée,1,non,out,835983
morue avec harengs des prises,1,non,out,835983
morue blanche,1,non,out,835983
morue de Hollande,5,non,out,835983
morue de pêche française,12,non,out,835983
morue de Terre Neuve,1,oui,,41540
morue douce,1,non,out,835983
morue en pacotille,24,non,,41540
morue en pavé,1,non,out,835983
morue en saumure,4,non,out,835983
morue et stockfish,185,non,out,835983
morue joues sèche,1,non,out,835983
morue marinée et salée,5,non,out,835983
morue note alang,1,oui,out,835983
morue par Bayonne,1,non,out,835983
morue salée,69,non,out,835983
morue salée d'Islande,1,non,out,835983
morue salée et marinée,1,oui,out,835983
morue salée et verte,2,oui,,41540
morue salée sèche,1,oui,out,835983
morue salée verte,1,oui,out,835983
morue sèche,1189,non,out,835983
morue sèche et salée et stockfish salé suivant l'état des primes,6,non,out,835983
morue séchée,1050,oui,out,835983
morue stockfish,9,oui,out,835983
morue têtes,1,oui,out,835983
morue verte,645,non,out,835983
morue verte avariée,1,non,,41540
morue verte cabillaud,1,non,out,835983
morue verte cap et queues,6,non,out,835983
morue verte de Terre Neuve,30,non,,41540
morue verte des Îles,1,non,out,835983
morue verte en tonneaux,0,non,,41540
morue verte et salée,3,oui,out,835983
morue verte grande et moyenne,1,non,out,835983
morue verte salée,1,oui,out,835983
motte de lin,1,non,out,835983
mottes à brûler,8,non,out,835983
moucherons,1,non,out,835983
mouches à miel,123,non,out,835983
mouches cantharides,15,non,out,835983
mouches de soie,110,oui,out,835983
mouches de taffetas,6,non,out,835983
mouchoirs,271,non,out,835983
mouchoirs ??? de fil de France,0,non,out,835983
mouchoirs à carreaux,1,non,out,835983
mouchoirs à la valeur,1,non,out,835983
mouchoirs à peu de soie,1,non,out,835983
mouchoirs à toile peinte,1,non,out,835983
mouchoirs à vignettes,1,non,out,835983
mouchoirs au brin de soie,1,non,out,835983
mouchoirs baffetas,1,non,out,835983
mouchoirs bandanas,2,non,out,835983
mouchoirs batiste peint,1,non,out,835983
mouchoirs blancs,2,non,out,835983
mouchoirs blancs brodés en fil de chanvre ou de lin,3,non,out,835983
mouchoirs blancs de chanvre et de lin,2,non,out,835983
mouchoirs blancs et bleus,1,non,out,835983
mouchoirs blancs et teints,27,non,out,835983
mouchoirs bleus,3,non,out,835983
mouchoirs brodés,13,non,out,835983
mouchoirs brodés de soie,1,non,out,835983
mouchoirs communs,6,non,out,835983
mouchoirs coupés,3,non,out,835983
mouchoirs d'Alep,2,non,out,835983
mouchoirs d'indienne,98,non,out,835983
mouchoirs d'organdis,3,non,out,835983
mouchoirs de ???,1,non,out,835983
mouchoirs de batiste,26,non,out,835983
mouchoirs de batiste de Saint-Quentin,2,non,out,835983
mouchoirs de Bengale,115,non,out,835983
mouchoirs de Betton,1,non,out,835983
mouchoirs de Champafaris,2,non,out,835983
mouchoirs de chanvre et de lin blancs,2,non,out,835983
mouchoirs de chanvre et de lin imprimés teints rayés par le tissage,3,non,out,835983
mouchoirs de chanvre et de lin rayés teints ou imprimés,2,non,out,835983
mouchoirs de chasse,1,non,out,835983
mouchoirs de chocolat,2,non,out,835983
mouchoirs de Cholet,146,non,out,835983
mouchoirs de coton,919,non,out,835983
mouchoirs de coton blanc,3,non,out,835983
mouchoirs de coton blancs,1,non,out,835983
mouchoirs de coton brin de soie,2,non,out,835983
mouchoirs de coton communs,5,non,out,835983
mouchoirs de coton de France,22,non,out,835983
mouchoirs de coton de l'étranger,2,non,out,835983
mouchoirs de coton découpés,119,non,out,835983
mouchoirs de coton des Indes,14,non,out,835983
mouchoirs de coton en coupon,1,non,,41540
mouchoirs de coton en soie,1,oui,out,835983
mouchoirs de coton et de fil,549,non,out,835983
mouchoirs de coton et de fil découpés,93,non,out,835983
mouchoirs de coton et de soie,1,non,out,835983
mouchoirs de coton et fil,25,non,out,835983
mouchoirs de coton et fil de coton,16,non,out,835983
mouchoirs de coton et soie,16,non,out,835983
mouchoirs de coton et soie de France,1,non,out,835983
mouchoirs de coton étranger,6,oui,,41540
mouchoirs de coton étrangers,9,non,out,835983
mouchoirs de coton fins,5,non,out,835983
mouchoirs de coton gros,1,non,out,835983
mouchoirs de coton grossiers,1,non,out,835983
mouchoirs de coton peints,8,non,out,835983
mouchoirs de Craité,0,non,out,835983
mouchoirs de demi soie,1,non,out,835983
mouchoirs de différentes qualités en coton,3,non,out,835983
mouchoirs de différentes quantités,6,non,out,835983
mouchoirs de fil,386,non,out,835983
mouchoirs de fil commun,1,non,out,835983
mouchoirs de fil de ??? de Cholet et ???,3,non,out,835983
mouchoirs de fil de Cholet,2,non,out,835983
mouchoirs de fil de France,12,non,,41540
mouchoirs de fil de lin,1,non,out,835983
mouchoirs de fil de lin imprimé,1,non,out,835983
mouchoirs de fil de Rouen,2,non,out,835983
mouchoirs de fil du Béarn,3,non,out,835983
mouchoirs de fil en coton de France,6,non,,41540
mouchoirs de fil et de batiste,1,non,out,835983
mouchoirs de fil et de coton,89,non,out,835983
mouchoirs de fil et de lin,1,non,out,835983
mouchoirs de fil et de pitre,1,non,out,835983
mouchoirs de fil étranger,4,oui,,41540
mouchoirs de fil étrangers,4,non,,41540
mouchoirs de fil fin,1,non,out,835983
mouchoirs de fil organdi,15,non,out,835983
mouchoirs de fil peint,1,non,out,835983
mouchoirs de filoselle,2,non,out,835983
mouchoirs de fleuret,5,non,out,835983
mouchoirs de foulard,3,non,out,835983
mouchoirs de France,1,non,out,835983
mouchoirs de gaze,74,non,out,835983
mouchoirs de gaze de soie,3,non,out,835983
mouchoirs de gaze divers,3,oui,out,835983
mouchoirs de gaze grands,1,non,out,835983
mouchoirs de guingans,3,oui,out,835983
mouchoirs de Hollande,2,non,out,835983
mouchoirs de kinfin,1,non,out,835983
mouchoirs de l'hotes,2,non,out,835983
mouchoirs de l'Inde,10,non,,41540
mouchoirs de la Compagnie des Indes,3,non,out,835983
mouchoirs de laine,2,non,out,835983
mouchoirs de laiton,1,non,out,835983
mouchoirs de Laval,1,non,out,835983
mouchoirs de lin,4,non,out,835983
mouchoirs de linon,5,non,out,835983
mouchoirs de Madras,9,non,out,835983
mouchoirs de Masulipatan,17,non,out,835983
mouchoirs de mousseline,30,non,out,835983
mouchoirs de mousseline brodée,1,non,out,835983
mouchoirs de Paliacate,10,non,out,835983
mouchoirs de Patras,1,non,out,835983
mouchoirs de pitre,1,non,out,835983
mouchoirs de Pondichéry,174,non,out,835983
mouchoirs de romals,55,oui,out,835983
mouchoirs de romals et de la Côte,1,oui,out,835983
mouchoirs de Rouen,102,non,out,835983
mouchoirs de Saumur,1,non,out,835983
mouchoirs de Sénégal,3,oui,out,835983
mouchoirs de siamoise,1,non,out,835983
mouchoirs de soie,858,non,out,835983
mouchoirs de soie de la Chine,4,non,out,835983
mouchoirs de soie de renvoi,1,non,out,835983
mouchoirs de soie de Rouen,1,non,out,835983
mouchoirs de soie des Indes,1,non,out,835983
mouchoirs de soie en coton,1,non,out,835983
mouchoirs de soucis,1,non,out,835983
mouchoirs de taffetas,1,non,out,835983
mouchoirs de toile,73,non,out,835983
mouchoirs de toile ???,1,oui,out,835983
mouchoirs de toile aune,1,oui,out,835983
mouchoirs de toile blanche,1,non,out,835983
mouchoirs de toile de Bretagne,0,non,out,835983
mouchoirs de toile de Cholet,53,non,out,835983
mouchoirs de toile de Hin,1,non,out,835983
mouchoirs de toile découpés,95,non,out,835983
mouchoirs de toile fine,1,non,out,835983
mouchoirs de toile guingans,5,non,,41540
mouchoirs de toile peinte,11,non,out,835983
mouchoirs de toile rayée,2,non,out,835983
mouchoirs de traite,2,non,out,835983
mouchoirs de Zurich,1,non,out,835983
mouchoirs demi soie,18,non,out,835983
mouchoirs des Îles,1,non,out,835983
mouchoirs des Indes,225,non,out,835983
mouchoirs des Indes communs,1,non,out,835983
mouchoirs des Indes de coton,2,non,out,835983
mouchoirs des Indes de soie,4,non,out,835983
mouchoirs des Indes dit bandanas,1,non,out,835983
mouchoirs des Indes dits romals,1,oui,out,835983
mouchoirs divers mélangés,5,oui,,41540
mouchoirs du Béarn,17,non,out,835983
mouchoirs du Levant,2,non,out,835983
mouchoirs du pays,1,non,out,835983
mouchoirs du Sénégal,3,non,out,835983
mouchoirs écorce d'arbre,1,non,out,835983
mouchoirs en soie,1,oui,out,835983
Mouchoirs et ?? en nattes,1,non,,41540
mouchoirs et ???,0,non,out,835983
mouchoirs et cravates de mousseline,3,non,out,835983
mouchoirs et cravates de soie mêlée,6,non,out,835983
mouchoirs et fichus de toile peinte,2,non,out,835983
mouchoirs et mouchoirs des Indes,17,non,out,835983
mouchoirs et mousseline,3,non,out,835983
mouchoirs et ornements,1,non,out,835983
mouchoirs fabriqués en France,2,non,out,835983
mouchoirs fins,2,non,out,835983
mouchoirs foulards,3,non,out,835983
mouchoirs gros en fil,1,non,out,835983
mouchoirs guingans,1,oui,out,835983
mouchoirs imprimés,3,non,out,835983
mouchoirs imprimés et teints de chanvre et de lin,2,non,out,835983
mouchoirs indienne,5,non,out,835983
mouchoirs Komel et Renis,1,non,out,835983
mouchoirs linon,2,oui,out,835983
mouchoirs Masulipatan,38,non,out,835983
mouchoirs mousseline et toile de coton,42,non,,41540
mouchoirs peints,91,non,out,835983
mouchoirs peints de France,1,non,out,835983
mouchoirs peints de Hollande,2,non,out,835983
mouchoirs rayés,2,non,out,835983
mouchoirs romals,67,non,out,835983
mouchoirs romals et de la Côte,1,non,,41540
mouchoirs saserpatis,1,non,out,835983
mouchoirs Tranquebar,2,non,out,835983
moufles,1,non,out,835983
moulage,4,non,out,835983
moulages de fer de fonte,2,non,out,835983
moules,120,non,out,835983
moules (poisson),1,non,out,835983
moules à cercle,1,non,,41540
moules à chandelle,1,non,out,835983
moules à faire,1,non,out,835983
moules de balles,1,non,,41540
moules de boutons,25,non,out,835983
moules de boutons de bois,3,non,out,835983
moules de fer à galette,1,non,out,835983
moules de pierre pour sucre,2,non,out,835983
moules de plâtre,3,non,out,835983
moules de plâtre à faire figures,2,non,out,835983
moules de terre,1,non,out,835983
moules pour chandelle,2,non,out,835983
moules pour sucre,1,non,out,835983
moulinets à chocolat,1,non,out,835983
moulinets à filer,1,non,out,835983
moulins,2,non,out,835983
moulins à beurre,1,non,out,835983
moulins à blé,2,non,out,835983
moulins à blé et à bras,1,non,out,835983
moulins à bras,12,non,out,835983
moulins à café,532,non,out,835983
moulins à café doux,1,non,out,835983
moulins à confitures,1,non,,41540
moulins à dessécher,1,non,out,835983
moulins à dévider soie,1,non,out,835983
moulins à filer,5,non,out,835983
moulins à grains,2,non,out,835983
moulins à lapidaire,1,non,out,835983
moulins à maïs,12,non,out,835983
moulins à moudre grains,5,non,out,835983
moulins à moutarde,2,non,out,835983
moulins à poivre,18,non,out,835983
moulins à poivre et à café,1,non,out,835983
moulins à retordre,1,non,out,835983
moulins à sarrasin,1,non,out,835983
moulins à sucre,30,non,out,835983
moulins à tabac,5,non,out,835983
moulins à tordre fil,3,non,out,835983
moulins complets à sucre,2,non,out,835983
moulins de bois,2,non,out,835983
moulins de fer,5,non,out,835983
moulins de fer à sucre,15,non,out,835983
moulins de maïs,1,non,out,835983
moulins de poivre,1,oui,out,835983
moulins de soie,1,non,out,835983
moulins et presses à tabac,3,non,out,835983
moulons et kibbelinck,48,non,out,835983
moulures dorées,1,non,out,835983
mouquette,10,non,out,835983
moureaux,14,non,out,835983
moureaux de mules,1,non,out,835983
moureaux de mulets,3,non,out,835983
mousquetaire,1,oui,out,835983
mousqueterie,1,oui,,41540
mousquetons,1,non,out,835983
mousquets,3,non,out,835983
mousse,13,non,out,835983
mousse de bois,3,non,out,835983
mousse de lin,1,non,out,835983
mousse de mer,8,non,out,835983
mousse de mer et herbes à teindre,4,non,out,835983
mousse de roche,1,non,out,835983
mousseline,980,non,out,835983
mousseline aune,1,oui,out,835983
mousseline blanche,1,non,out,835983
mousseline brochée,1,non,out,835983
mousseline brochée de coton,1,non,out,835983
mousseline brodée,12,non,out,835983
mousseline brodée de coton,1,non,out,835983
mousseline brodée en couleur,1,non,out,835983
mousseline brodée en soie de couleur,1,non,out,835983
mousseline de coton,107,non,out,835983
mousseline de coton et des Indes,3,non,out,835983
mousseline de coton et Nankin,11,non,,41540
mousseline de coton et nankin,11,oui,out,835983
mousseline de coton et Nankin des Indes,21,non,,41540
mousseline de coton et nankin des Indes,21,oui,out,835983
mousseline de coton unie et brûlée,14,non,,41540
mousseline de coton unie et peinte,17,non,,41540
mousseline de coton unies et brûlées,14,oui,out,835983
mousseline de coton unies et peintes,17,oui,out,835983
mousseline de France,6,non,out,835983
mousseline de l'étranger,1,non,out,835983
mousseline de l'Inde,5,non,,41540
mousseline de l'Inde dite Casses,1,non,,41540
mousseline de la Compagnie,2,non,out,835983
mousseline de Suisse et siamoise à ligne de soie,4,non,out,835983
mousseline de Zurich,5,non,out,835983
mousseline des Indes,28,non,out,835983
mousseline en nattes,1,non,,41540
mousseline et mouchoirs,1,non,out,835983
mousseline et mousselinette de coton,0,non,out,835983
mousseline et toile de coton,5,non,out,835983
mousseline et toile de coton blanc,15,non,out,835983
mousseline et toile des Indes,1,non,out,835983
mousseline étrangère,7,non,,41540
mousseline étrangères,7,oui,,41540
mousseline fine,6,non,,41540
mousseline fines,6,oui,out,835983
mousseline grosse,1,non,,41540
mousseline imprimée,1,non,,41540
mousseline imprimées,1,oui,out,835983
mousseline nationale,4,non,out,835983
mousseline rayée,2,non,,41540
mousseline rayée à fleurs,1,non,,41540
mousseline rayées,2,oui,out,835983
mousseline rayées à fleurs,1,oui,out,835983
mousseline siamoise et de Suisse à la ligne de soie,2,non,out,835983
mousseline toile de coton mouchoirs et batiste,17,non,,41540
mousseline unie,5,non,out,835983
mousselinette,2,non,out,835983
mousselinette de coton,1,non,out,835983
mousserons,46,non,out,835983
mousserons et morilles,1,non,out,835983
mousserons et truffes,3,non,out,835983
mousserons secs,5,non,out,835983
moussets et mousserons frais,1,non,out,835983
moussets et mousserons secs ou marinés,3,non,out,835983
moustiquaire de fil,3,non,out,835983
moutarde,295,non,out,835983
moutardelle,1,non,out,835983
moutardière de terre anglaise,1,non,,41540
moutichoux,2,non,out,835983
mouton,428,non,out,835983
mouton à battre pieux,0,non,,41540
mouton commun,1,non,out,835983
mouton et brebis,137,non,out,835983
mouton gras,1,non,out,835983
mouton petit,1,non,out,835983
mouton vivant,1,non,,41540
mouvements à montre,1,non,,41540
mouvements à pendules,2,non,,41540
mouvements de montre,11,non,out,835983
mouvements de pendule,2,oui,out,835983
mouvements de pendules,7,non,,41540
moyeux,74,non,out,835983
muce de plomb,1,non,out,835983
mufle à chandelle,0,non,out,835983
mules,33,non,out,835983
mules à coutelier,1,non,out,835983
mules à moulin,2,non,out,835983
mules brodées,3,non,out,835983
mules brodées et souliers brodées,2,non,out,835983
mules brodées pour femme,2,non,out,835983
mules de 4 mois,1,non,,41540
mules de 6 mois,1,non,out,835983
mules de femme,1,non,out,835983
mules de labour,1,non,,41540
mules de nattes,2,non,out,835983
mules et mulets,197,non,out,835983
mules et mulets adultes,5,non,out,835983
mules et mulets avec dents de lait,1,non,out,835983
mules et mulets d'1 an,2,non,out,835983
mules et mulets et ânes,1,non,out,835983
mules et mulets n'ayant pas encore de dents adultes,1,non,out,835983
mules moyennes,1,non,,41540
mules ou mulets,1,non,out,835983
mules pour femmes,1,non,out,835983
mulets,124,non,out,835983
mulets à moyen prix,1,non,out,835983
mulets de moyenne taille,2,non,out,835983
mulets jeunes,2,non,out,835983
mulets mulets,3,non,out,835983
mulets petits,2,non,out,835983
mulets poulains,2,non,out,835983
mulets vieux,2,non,out,835983
mungistere,1,non,out,835983
munitions de guerre,2,non,out,835983
munitions de guerre et projectiles,2,non,out,835983
muriate d'étain et de potasse,1,non,out,835983
mûriers,1,non,out,835983
musc,29,non,out,835983
musc castoreum et civette,2,non,out,835983
musc civette castoreum et ambre gris,2,non,out,835983
muscades,617,non,out,835983
muscades confites,3,non,out,835983
muscades d'Inde,2,non,out,835983
muscades de perles,3,non,out,835983
muscades des entrepôts,0,non,out,835983
muscades en noix,1,non,out,835983
muscades et macis,18,non,out,835983
muscades et poivre,8,non,out,835983
muscades feuilles et noix,112,non,out,835983
muscades longues,1,non,out,835983
muscades rondes,4,non,out,835983
muse,4,non,out,835983
muse en grains ?,1,non,out,835983
musettes organisées,1,non,out,835983
musique,21,non,out,835983
musique gravée,8,non,out,835983
myrobolan,50,non,,41540
myrrhe,126,non,out,835983
myrrhe en grabeau,1,non,out,835983
myrrhe en larmes,1,non,out,835983
myrthe en grabeau,24,non,,41540
nacelles,8,non,out,835983
nacre,15,non,out,835983
nacre de coquille,1,non,,41540
nacre de perles,144,non,out,835983
nacre de perles argentée brute,1,non,out,835983
nacre de perles argentée sciée,1,non,out,835983
nacre de perles dépouillée de sa croûte et sciée,4,non,out,835983
nacre de perles en coquille brute,3,non,out,835983
nacre de perles en coquille brute et en sa coquille bâtarde,2,non,out,835983
nacre de perles noire,1,non,out,835983
nacre de perles ouvrée,1,non,out,835983
nacre de Perse,1,non,out,835983
nacre en coquille,12,non,out,835983
nacre et perles,1,non,out,835983
namouques,2,non,out,835983
Nankin,430,non,out,835983
nankin,200,oui,out,835983
Nankin à l'aune,1,oui,out,835983
Nankin blanche,1,non,,41540
nankin blanche,1,oui,out,835983
Nankin des Indes,10,non,,41540
nankin des Indes,10,oui,out,835983
Nankin jaune,1,non,,41540
naphte,3,non,out,835983
nappes,44,non,out,835983
nappes damassées,1,non,out,835983
nappes de tables,4,non,out,835983
nappes de toile,2,non,,41540
nappes de toile ouvrées,2,non,out,835983
nappes en toile,1,non,,41540
nappes et serviettes,3,non,out,835983
nappes et serviettes de lin,1,non,out,835983
nappes et serviettes de toile,1,non,,41540
nappes et serviettes ouvrées,1,non,out,835983
nappes faites,14,non,out,835983
nappes fines et ouvrées,1,non,out,835983
nappes grands ouvrées,1,non,,41540
nappes ouvrées,8,non,out,835983
nappes ouvrées de toile,2,non,,41540
nappes unies,1,non,out,835983
natron,11,non,out,835983
natron en couffe,1,non,,41540
natron et soude,1,oui,out,835983
natron et soudes,1,non,,41540
nattes,260,non,out,835983
nattes communes,2,non,out,835983
nattes communes à paqueter,53,non,out,835983
nattes d'emballage,4,non,out,835983
nattes d'espars,9,non,out,835983
nattes de balles,1,non,out,835983
nattes de jonc,138,non,out,835983
nattes de jonc à pot emballage,2,non,out,835983
nattes de jonc et de paille et larges,68,non,out,835983
nattes de jonc et paille et étroites,71,non,out,835983
nattes de jonc large,3,non,out,835983
nattes de jonc rondes pour les pieds,25,non,out,835983
nattes de moscovie,4,non,out,835983
nattes de paille,68,non,out,835983
nattes de paille et de jonc,13,non,out,835983
nattes de Russie,1,non,out,835983
nattes de Silésie,1,non,,41540
nattes et tresse de paille d'écorce et de sparte fines,4,non,out,835983
nattes et tresse de paille d'écorce et de sparte grossières,5,non,out,835983
nattes et tresse fines,3,non,out,835983
nattes et tresse grossières,3,non,out,835983
nattes fines,1,non,out,835983
nattes moyennes,2,non,out,835983
nattes pour grenier,2,non,out,835983
nattes rondes,6,non,out,835983
nature de baleine,5,non,out,835983
naurougue,1,non,out,835983
naveaux,4,non,out,835983
naves de portes,1,non,out,835983
navets,38,non,out,835983
navettes,1,non,out,835983
navettes à drapier,4,non,out,835983
navettes d'écaille,1,non,out,835983
navettes de buis à tisserand,1,non,out,835983
navire,1,non,out,835983
navires marchands,1,non,out,835983
nécessaires,2,non,out,835983
nécessaires de cuivre,1,non,out,835983
nécessaires garnis en argent,1,non,out,835983
nèfles,6,non,out,835983
nèfles frais,1,non,out,835983
neganepeau,190,non,out,835983
neganepeau grand,1,non,out,835983
neganepeau imitant celles des Indes,1,non,,41540
nègres,45,oui,,41540
nelis,43,non,out,835983
nepres,8,non,out,835983
neptune,1,non,out,835983
neptune de cuivre,15,non,out,835983
nerfs de bœuf,8,non,out,835983
nerprun,5,non,out,835983
nervures,130,non,out,835983
niaals des Indes,1,non,out,835983
nicanéas,226,non,out,835983
nicanéas étroits,1,non,out,835983
nicanéas fins,1,non,out,835983
nicanéas grands,27,non,out,835983
nicanéas larges,2,non,out,835983
nicanéas longs,1,non,out,835983
nicanéas petite,1,non,out,835983
nicanéas petits,22,non,out,835983
nid d'oiseau,1,non,out,835983
nina,2,non,out,835983
nina de poil,1,non,out,835983
nippes,160,non,out,835983
nippes de femme,8,non,out,835983
nippes et atours,92,non,out,835983
nœuds d'épée,1,non,out,835983
nœuds d'épée avec or,1,non,out,835983
nœuds d'épée et cordons de montres,3,non,out,835983
nœuds de cannes,1,non,out,835983
nœuds de cannes de soie,1,non,,41540
nogat,1,non,out,835983
nogat en piastre forte,1,non,out,835983
noir,5,non,out,835983
noir à broyer,1,non,out,835983
noir à noircir,3,non,out,835983
noir commun,156,non,out,835983
noir commun de fumée et autres,13,non,out,835983
noir d'animal d'ivoire,2,non,out,835983
noir d'animal d'ivoire d'os,2,non,out,835983
noir d'animal de corne d'os etc.,2,non,out,835983
noir d'Espagne,2,non,out,835983
noir d'ivoire,46,non,out,835983
noir d'os,8,non,out,835983
noir de capajou,1,non,out,835983
noir de Chypre,1,non,out,835983
noir de fumée,564,non,out,835983
noir de fumée pour souliers,2,non,out,835983
noir de galle,18,non,out,835983
noir de noircir,1,non,out,835983
noir de sapin,0,non,out,835983
noir de sapin de 36 pieds,0,non,,41540
noir de sapin de 42 à 50 pieds,0,non,,41540
noir de sapin de 60 à 70 pieds,0,non,,41540
noir minéral naturel,4,non,out,835983
noir pour imprimer,10,non,out,835983
noir pour imprimer en traille douce dit d'Allemagne,1,non,out,835983
noir pour noircir,31,non,out,835983
noir pour souliers,2,non,out,835983
noisette sèches,13,non,out,835983
noisettes,694,non,out,835983
noisettes et noix,13,non,out,835983
noisettes faînes,2,non,out,835983
noisettes pistaches et ???,1,non,out,835983
noix,516,non,out,835983
noix confites,1,non,,41540
noix d'acajou,28,non,,41540
noix d'ivoire,2,non,out,835983
noix de cajou,24,oui,out,835983
noix de coco,54,non,out,835983
noix de galle,509,non,,41540
noix de galle légère,7,non,out,835983
noix de galle pesante,9,non,out,835983
noix de galle pesante des entrepôts,0,non,out,835983
noix de marrons,2,non,out,835983
noix de muscade,18,non,out,835983
noix de pipes,25,non,out,835983
noix de ravensara,1,non,out,835983
noix en coquilles,1,non,out,835983
noix épillées,3,non,out,835983
noix et riz,2,non,out,835983
noix grosses,125,non,out,835983
noix mondées,3,non,out,835983
noix moutarde,1,non,out,835983
noix ou noyaux,1,non,out,835983
noix pour peintures,6,non,out,835983
noix sèches,28,non,out,835983
noix venimeuses,4,non,out,835983
noix vomiques,62,non,out,835983
noronges,1,non,out,835983
nougat,19,non,out,835983
nousouque,1,non,out,835983
noves de morue,2,non,out,835983
noves et langues de morue des Îles,1,non,out,835983
noyaux,10,non,out,835983
noyaux d'olives,1,non,out,835983
noyaux de noix,3,non,out,835983
noyaux de pêche,2,non,out,835983
noyaux de pêches,3,non,out,835983
noyer et cerisier,10,non,out,835983
numéraire en assignats,1,non,out,835983
numéraire en assignats par la Cure,1,non,out,835983
O ???,1,non,,41540
objets à la valeur,1,non,out,835983
objets d'art,6,non,out,835983
objets d'art et d'histoire naturelle,59,non,out,835983
objets d'histoire naturelle,2,non,out,835983
objets de collection,5,non,out,835983
objets de collection hors de commerce,3,non,out,835983
objets de peu d'importance,6,oui,out,835983
objets de peu de valeur,121,non,out,835983
objets des Indes,1,non,out,835983
objets des Indes et de peu importance,5,non,out,835983
objets divers,2,non,out,835983
objets divers dont la valeur du plus fort n'excède pas 25000 livre,5,oui,out,835983
objets divers dont le plus fort article n'excède pas 2400 livres,4,oui,,41540
objets divers dont les plus forts articles n'excèdent pas 10000 livres,3,oui,out,835983
objets manufacturés réunis,187,non,out,835983
obliques,1,non,out,835983
obusiers de fonte,2,non,out,835983
ocre,545,non,out,835983
ocre broyé,1,non,out,835983
ocre brun,2,non,out,835983
ocre brun jaune ou rouge,1,non,out,835983
ocre de toute espèce,107,non,out,835983
ocre en pierre,3,non,out,835983
ocre en poudre,3,non,out,835983
ocre et brun rouge,4,non,out,835983
ocre jaune,42,non,out,835983
ocre jaune et rouge,1,non,out,835983
ocre noir,3,non,out,835983
ocre ou craie blanche,1,non,out,835983
ocre rouge,37,non,out,835983
octant,1,non,out,835983
odautes,1,non,out,835983
odeure,1,non,out,835983
œil de bœuf,11,non,out,835983
œil de bœuf garni de cuivre,3,non,out,835983
œillards,1,non,out,835983
œillards de Brie,1,non,out,835983
œillets,4,non,out,835983
œufs,363,non,out,835983
œufs 15 ou 16 au kilogramme,4,non,out,835983
œufs d'autruche,1,non,out,835983
œufs de composition,1,non,out,835983
œufs de faisan,1,non,out,835983
œufs de gibier et de volaille,2,non,out,835983
œufs de perdrix rouge,1,non,out,835983
œufs de poisson,1,non,out,835983
œufs de poule,2,non,out,835983
œufs de thon,1,non,out,835983
œufs de thon salés,1,non,,41540
œufs de volaille,1,non,out,835983
œufs et volaille,19,non,out,835983
ogarie,0,non,out,835983
oies,5,non,out,835983
oies salées,1,non,out,835983
oignons,198,non,out,835983
oignons blancs,1,non,,41540
oignons communs,6,non,out,835983
oignons d'esquilles,18,non,out,835983
oignons d'hyacinthe,2,non,out,835983
oignons de ???,1,non,out,835983
oignons de Barbarie,2,non,out,835983
oignons de fleurs,384,non,out,835983
oignons de fleurs et plantes,122,non,out,835983
oignons de jonquilles,5,non,out,835983
oignons de narcisse,1,non,out,835983
oignons de narcisses,2,non,out,835983
oignons de squille,4,oui,out,835983
oignons de tubéreuse,10,non,out,835983
oignons ordinaires,1,non,out,835983
oint,2,non,out,835983
oint vieux,6,non,out,835983
oiseau à l'eau-de-vie,1,non,out,835983
oiseaux,2,non,out,835983
oiseaux de proie,1,non,out,835983
oiseaux petits,140,non,out,835983
oleane ou rocou,47,non,out,835983
olives,1079,non,out,835983
olives au vinaigre,10,non,out,835983
olives confites,3,non,out,835983
olives d'Espagne,1,non,out,835983
olives et picholines confites,2,non,out,835983
olives fraîches,2,non,out,835983
olives fraîches et arachis,2,non,out,835983
olives marinées,6,non,out,835983
olives salées,43,non,out,835983
olives salées au vinaigre,5,non,out,835983
olives salées et au vinaigre,0,non,out,835983
olivettes,1,non,out,835983
olivier,2,non,out,835983
onetes de coton,0,non,out,835983
ongles d'écaille de tortue,5,non,out,835983
ongles de bœuf,2,non,out,835983
ongles de caret,11,non,out,835983
onguent,5,non,out,835983
onguent de laurier,2,non,out,835983
opales brutes,1,non,out,835983
opiat et pilules,1,non,out,835983
opiats,3,non,out,835983
opium,242,non,out,835983
opoponax,25,non,out,835983
optiques,1,non,out,835983
or à dorer,2,non,out,835983
or battu,20,non,out,835983
or battu et fin,1,non,out,835983
or brut brisé en lingots en masse,1,non,out,835983
or brut en barres bijoux cassés lingots masse poudre,2,non,out,835983
or en baissette,1,non,out,835983
or en coquille,1,non,out,835983
or en feuilles,8,non,out,835983
or en lingot,1,non,out,835983
or en poudre,1,non,out,835983
or et argent,7,non,out,835983
or et argent balles,2,non,out,835983
or et argent battu,32,non,out,835983
or et argent en barres et lingot,32,non,out,835983
or et argent en feuilles,11,non,out,835983
or et argent en fil,100,non,out,835983
or et argent en fil et cantille et paillette,9,non,out,835983
or et argent en lingot,3,non,out,835983
or et argent faux,100,non,out,835983
or et argent faux battu en livret de 24 feuilles,79,non,out,835983
or et argent fin battu en livret de 24 feuilles,57,non,out,835983
or et argent monnayés,57,non,out,835983
or et argent paillette,1,non,out,835983
or et argent trait,1,non,out,835983
or faux,5,non,out,835983
or faux battu,1,non,out,835983
or laminé ou tiré,3,non,out,835983
or massif,3,non,out,835983
or pur,1,non,out,835983
or travaillé,3,non,out,835983
orange,723,non,out,835983
orange aigre,92,non,out,835983
orange chinoise,7,non,out,835983
orange confite,2,non,out,835983
orange de Malte,1,non,out,835983
orange douce,110,non,out,835983
orange du Portugal,2,non,out,835983
orange en caisse,1,non,out,835983
orange et citron,258,non,out,835983
orange et limon,2,non,,41540
orange fraîche,17,non,out,835983
orange ordinaire,1,non,out,835983
orange petite,1,non,out,835983
orange sèche,6,non,out,835983
orange séchée à faire chapelets,1,non,out,835983
orangelets,4,non,out,835983
orangelets secs,6,non,out,835983
orangers,19,non,out,835983
orangers à planter,1,non,out,835983
orangers petits,6,non,out,835983
orbe,2,non,out,835983
orcanette,18,non,out,835983
orcillons à faire colle,1,non,out,835983
oreillers,1,non,out,835983
oreilles et oreillons à faire colle,101,non,out,835983
oreillons,69,non,out,835983
orfèvrerie,262,non,out,835983
orfèvrerie d'argent,54,non,out,835983
orfèvrerie d'argent et d'or,34,non,out,835983
orfèvrerie d'or,10,non,out,835983
orfèvrerie d'or et d'argent,14,non,out,835983
orfèvrerie d'or ou de vermeil,7,non,out,835983
orfèvrerie de platine,1,non,out,835983
organdis,5,non,out,835983
organeaux,4,non,out,835983
orge,1100,non,,41540
orge de ???,1,non,out,835983
orge de retour,1,non,,41540
orge en gerbe,19,non,,41540
orge germé,17,non,,41540
orge jaune,1,non,out,835983
orge mondé,195,non,out,835983
orge moulu,3,non,out,835983
orge non germé,2,non,out,835983
orge paillarge,1,non,,41540
orge perlé,47,non,out,835983
orge perlé et mondé,149,non,,41540
orgue d'Allemagne,1,oui,out,835983
orgues,37,non,out,835983
orgues d'Allemagne,1,non,,41540
orgues d'église,1,non,out,835983
orgues de bois,1,non,out,835983
orgues de savoyard,3,non,out,835983
orgues portatives,5,non,out,835983
origan,28,non,out,835983
origine inconnue,1,non,out,835983
ormeaux,1,non,,41540
ormeaux à planter,2,non,out,835983
ormes à planter,1,non,out,835983
ornements d'église,122,non,out,835983
ornements de dessert,2,non,out,835983
ornements de fer,2,non,out,835983
ornements de table,2,non,out,835983
orobes,2,non,out,835983
orpiment,340,non,out,835983
orpiment broyé,4,non,out,835983
orpiment en pierre,1,non,out,835983
orpin,83,non,out,835983
orpin broyé,1,non,out,835983
orpin rouge,2,non,out,835983
orseille,63,non,out,835983
orseille apprêtée,10,non,out,835983
orseille bleu cendré tournesol en pâte,5,non,out,835983
orseille en drapeaux,1,non,out,835983
orseille en herbes,6,non,out,835983
orseille ou tournesol préparé,11,non,out,835983
orseille sèche,86,non,out,835983
orseille violette cud beard,4,non,out,835983
orties,1,non,out,835983
ortites de menuisier,1,non,out,835983
orviétan,1,non,out,835983
os de bétail,2,non,out,835983
os de bœuf,60,non,out,835983
os de bœuf et vache,1,non,out,835983
os de cœur de bœuf,1,non,out,835983
os de cœur de cerf et de seiche,2,non,out,835983
os de mouton,1,non,out,835983
os de seiche,9,non,out,835983
os de seiche serpia officinalis,7,non,out,835983
os desséchés,2,non,out,835983
os et sabots de bétail,2,non,out,835983
oseille,1,non,out,835983
oseille apprêtée,1,non,out,835983
osier,420,non,out,835983
osier d'en dessous de 7 paumes,9,non,out,835983
osier de 10 à 11 paumes,123,non,out,835983
osier de 12 à 14 paumes,91,non,out,835983
osier de 7 à 9 paumes,27,non,out,835983
osier de fer-blanc,3,non,out,835983
osier en bottes brut,7,non,out,835983
osier en bottes fendu et pelé,2,non,out,835983
osier en bottes fendu ou pelé,2,non,out,835983
osier en dessous de 10 paumes,35,non,out,835983
osier fendu ou pelé,3,non,out,835983
osier torches,8,non,out,835983
osserie de Dieppe,19,non,out,835983
ouate,105,non,out,835983
ouate d'étoupes,38,non,out,835983
ouate de coton,103,non,out,835983
ouate de laine,12,non,out,835983
ouate de soie,58,non,out,835983
outes ?,1,non,,41540
outil d'acier pur,1,oui,out,835983
outils,196,non,out,835983
outils à battre l'or,1,non,out,835983
outils à faire cartes et moules,3,non,out,835983
outils à soutirer le vin,5,non,out,835983
outils à sucre,1,non,out,835983
outils à tirer le vin,1,non,,41540
outils à tirer le vin au claire,2,non,out,835983
outils d'acier,1,oui,,41540
outils d'acier et de fer,5,non,out,835983
outils d'acier pur,8,non,out,835983
outils d'agriculture,1,non,out,835983
outils d'horloge,2,non,,41540
outils d'horlogerie,3,non,out,835983
outils d'imprimerie,10,non,out,835983
outils d'imprimerie et de marbre,1,non,out,835983
outils de cuisine,7,non,out,835983
outils de cuivre ou de laiton,6,non,out,835983
outils de fer,21,non,out,835983
outils de fer à forgeron,1,non,out,835983
outils de fer de forgeron,1,non,out,835983
outils de fer pur,8,non,out,835983
outils de fer rechargé d'acier,8,non,out,835983
outils de frecatage,1,non,out,835983
outils de la pêche,301,non,,41540
outils de la pêche à corail,1,non,,41540
outils de labourage,3,non,out,835983
outils de lapidaire,1,non,out,835983
outils de maréchal,1,non,,41540
outils de marine,1,non,out,835983
outils de ménage,10,non,out,835983
outils de menuiserie,19,non,out,835983
outils de menuisier,1,non,out,835983
outils de moulins,1,non,out,835983
outils de moulins à papier,2,non,out,835983
outils de moulins de fer,4,non,out,835983
outils de pêche,326,non,out,835983
outils de pêche à la morue,4,non,,41540
outils de pêche à la morue verte,37,non,,41540
outils de pêche au poisson frais,2,non,,41540
outils de pêche aux moules,25,non,,41540
outils de pêche par Marseille,1,non,out,835983
outils menuisier,3,non,out,835983
outils pour boulanger,1,non,out,835983
outils pour charpentier,12,non,out,835983
outils pour ferblantier,2,non,out,835983
outils pour la pêche,115,oui,,41540
outils pour laboureur,3,non,out,835983
outils pour marchands de vin,2,non,out,835983
outils pour miroitier,2,non,out,835983
outils pour orfèvre,3,non,out,835983
outils pour ouvrier,1,non,out,835983
outils pour sécheurs,10,non,out,835983
outils pour tisserand,3,non,out,835983
outremer,1,non,out,835983
outres de peau pleines,2,non,,41540
outres vides,2,non,out,835983
outres vieilles,1,non,,41540
ouvrages,95,non,out,835983
ouvrages ???,2,non,out,835983
ouvrages ??? à couvrir,1,non,out,835983
ouvrages brisés et vieux ouvrages de laiton,1,non,out,835983
ouvrages d'acier,13,non,out,835983
ouvrages d'acier et de fer,1,non,,41540
ouvrages d'agate,4,non,out,835983
ouvrages d'agate et agate chique,1,non,out,835983
ouvrages d'airain,16,non,out,835983
ouvrages d'albâtre,6,non,out,835983
ouvrages d'albâtre et ouvrages de bois et ouvrages de marbre,8,non,out,835983
ouvrages d'ambre,1,non,out,835983
ouvrages d'ambre jaune,1,non,out,835983
ouvrages d'architecture,1,non,out,835983
ouvrages d'argent,2,non,out,835983
ouvrages d'argent et d'or,5,non,out,835983
ouvrages d'argent et d'or et de soie,24,non,out,835983
ouvrages d'argent et d'or faux,2,non,out,835983
ouvrages d'argent et de soie,2,non,out,835983
ouvrages d'argent fil et soie,1,non,out,835983
ouvrages d'argent fin d'or et de soie,1,non,out,835983
ouvrages d'argent or et soie,1,non,out,835983
ouvrages d'argent plaqué,1,non,out,835983
ouvrages d'auf,50,non,out,835983
ouvrages d'auf bandeaux,1,non,out,835983
ouvrages d'auf en cousses,1,non,out,835983
ouvrages d'auf et de jonc,2,non,out,835983
ouvrages d'écaille,1,non,out,835983
ouvrages d'étain,1023,non,out,835983
ouvrages d'horlogerie,13,oui,out,835983
ouvrages d'horlogerie montés,7,non,out,835983
ouvrages d'industrie,301,non,out,835983
ouvrages d'industrie étrangers,54,non,out,835983
ouvrages d'ivoire,110,non,out,835983
ouvrages d'opium,1,non,out,835983
ouvrages d'optiques,5,non,out,835983
ouvrages d'or,1,non,out,835983
ouvrages d'or faux,3,non,out,835983
ouvrages d'orfèvrerie,6,non,out,835983
ouvrages d'osier,20,non,out,835983
ouvrages d'osserie,2,non,,41540
ouvrages de bergamotes,1,non,out,835983
ouvrages de bois,873,non,out,835983
ouvrages de bois de noyer,1,non,out,835983
ouvrages de bois de Saint-Claude,1,non,out,835983
ouvrages de bois de sapin,1,non,out,835983
ouvrages de bois doré,17,non,out,835983
ouvrages de bois en atelier de coluses,1,non,out,835983
ouvrages de bois en plaqué,2,non,out,835983
ouvrages de bois et ouvrages d'osier,10,non,out,835983
ouvrages de bois et ouvrages de cuir,18,non,out,835983
ouvrages de bois et ouvrages de cuivre,16,non,out,835983
ouvrages de bois et ouvrages de fer-blanc,5,non,out,835983
ouvrages de bois et ouvrages de modes et fleurs artificielles,18,non,out,835983
ouvrages de bois et ouvrages de passementerie,12,non,out,835983
ouvrages de bois et ouvrages de peau,10,oui,out,835983
ouvrages de bois et ouvrages en terre cuite et ouvrages en brique,13,non,out,835983
ouvrages de bois et pelleterie,10,non,,41540
ouvrages de bois et vannerie d'osier,10,non,out,835983
ouvrages de bois gros,118,non,out,835983
ouvrages de bois menus,86,non,out,835983
ouvrages de bois non doré,4,non,out,835983
ouvrages de bois peint,1,non,out,835983
ouvrages de bois pour bâtir,1,non,out,835983
ouvrages de bois pour charpente,1,non,out,835983
ouvrages de bois pour le bâtiment,1,non,out,835983
ouvrages de bois sculpté et doré,44,non,out,835983
ouvrages de bois simple,30,non,out,835983
ouvrages de bois simple et doré,25,non,out,835983
ouvrages de bois simples en grilles de sapin,1,non,out,835983
ouvrages de bois verni,2,non,out,835983
ouvrages de bronze,7,non,out,835983
ouvrages de buis,7,non,out,835983
ouvrages de carreaux et tuiles,2,non,out,835983
ouvrages de carton,36,non,out,835983
ouvrages de carton assemblé coupé et moulé,2,non,out,835983
ouvrages de chanvre,1,non,out,835983
ouvrages de chanvre en masse,1,non,out,835983
ouvrages de chanvre en rames,1,non,out,835983
ouvrages de charpentier,68,non,out,835983
ouvrages de charron,9,non,out,835983
ouvrages de charronnage,17,non,out,835983
ouvrages de chêne,1,non,out,835983
ouvrages de cire,4,non,out,835983
ouvrages de cire blanche,68,non,out,835983
ouvrages de cire jaune,3,non,out,835983
ouvrages de corail,400,non,out,835983
ouvrages de corail brut,1,non,out,835983
ouvrages de corail fin,2,non,out,835983
ouvrages de corail rouge,2,non,,41540
ouvrages de cordonnerie de peaux,1,non,out,835983
ouvrages de cordonnier,8,non,out,835983
ouvrages de cordonnier de cuir,1,non,out,835983
ouvrages de cordonnier de soie,2,non,out,835983
ouvrages de corne et d'ivoire,1,non,out,835983
ouvrages de coton,3,non,out,835983
ouvrages de coton et de laine et de fil et de filoselle,9,non,out,835983
ouvrages de coudrier,60,non,out,835983
ouvrages de coutellerie,105,non,out,835983
ouvrages de coutellerie argenterie,1,non,out,835983
ouvrages de crin,1,non,out,835983
ouvrages de crin de cheval,86,non,out,835983
ouvrages de cristal,105,non,out,835983
ouvrages de cuir,179,non,out,835983
ouvrages de cuir ?,1,non,,41540
ouvrages de cuir ???? en soie pour femme,2,non,out,835983
ouvrages de cuir argenté et doré,5,non,out,835983
ouvrages de cuir blanc,1,non,out,835983
ouvrages de cuir doré,3,non,out,835983
ouvrages de cuir et bonnets de soie,4,non,out,835983
ouvrages de cuir et peaux,2,non,out,835983
ouvrages de cuisse,1,non,out,835983
ouvrages de cuivre,1270,non,out,835983
ouvrages de cuivre argenté,23,non,out,835983
ouvrages de cuivre argenté et dor,5,non,,41540
ouvrages de cuivre argenté et doré et plaqué,37,non,,41540
ouvrages de cuivre doré,10,non,out,835983
ouvrages de cuivre doré et argenté,344,non,out,835983
ouvrages de cuivre et argent,1,non,out,835983
ouvrages de cuivre garnis en argent,1,non,out,835983
ouvrages de cuivre jaune,155,non,out,835983
ouvrages de cuivre plaqué,1,non,,41540
ouvrages de cuivre potin,1,non,out,835983
ouvrages de cuivre rouge,144,non,out,835983
ouvrages de cuivre simples,18,non,out,835983
ouvrages de damier,2,non,out,835983
ouvrages de drap,3,non,out,835983
ouvrages de faïence,258,non,out,835983
ouvrages de fer,1160,non,out,835983
ouvrages de fer de plomb,1,non,out,835983
ouvrages de fer et clous,72,non,,41540
ouvrages de fer et de fonte,2,non,out,835983
ouvrages de fer et ouvrages de jonc,7,non,out,835983
ouvrages de fer grossiers,1,non,out,835983
ouvrages de fer noir,1,non,out,835983
ouvrages de fer pour maréchal,2,non,out,835983
ouvrages de fer simples,1,non,out,835983
ouvrages de fer tôle ou fer-blanc,5,non,out,835983
ouvrages de fer-blanc,203,non,out,835983
ouvrages de fer-blanc et tôle vernie,29,non,out,835983
ouvrages de fer-blanc ou fer tôle,2,non,out,835983
ouvrages de feutres,3,non,out,835983
ouvrages de fil,5,non,out,835983
ouvrages de fil en filoselle,1,non,out,835983
ouvrages de fil en galon,2,non,out,835983
ouvrages de filoselle,8,non,out,835983
ouvrages de filoselle en ruban,1,non,out,835983
ouvrages de filoselle et de soie,1,non,out,835983
ouvrages de fleuret,8,non,out,835983
ouvrages de fleurs,6,non,out,835983
ouvrages de fleurs artificielle,5,oui,out,835983
ouvrages de fondeur,3,non,out,835983
ouvrages de fonte,169,non,out,835983
ouvrages de fourreurs,2,non,out,835983
ouvrages de grès,1,non,out,835983
ouvrages de jais,11,non,out,835983
ouvrages de jaspe,17,non,out,835983
ouvrages de jonc,108,non,out,835983
ouvrages de jonc et de paille,2,non,out,835983
ouvrages de jonc et sparterie,2,non,out,835983
ouvrages de jouets en malles,1,non,out,835983
ouvrages de laine,3,non,out,835983
ouvrages de laine et soie,1,non,out,835983
ouvrages de laiton,129,non,out,835983
ouvrages de liège,11,non,out,835983
ouvrages de linge,6,non,out,835983
ouvrages de mandrier,59,non,out,835983
ouvrages de marbre,422,non,out,835983
ouvrages de marbre à jouer,2,non,out,835983
ouvrages de marbre et cuivre doré,2,non,out,835983
ouvrages de marbre et ouvrages d'albâtre,29,non,out,835983
ouvrages de marqueterie,1,non,out,835983
ouvrages de mécanique,11,non,out,835983
ouvrages de menuiserie,4,non,out,835983
ouvrages de menuiserie simple,62,non,out,835983
ouvrages de menuisier,2,non,out,835983
ouvrages de métal,2,non,out,835983
ouvrages de métal frappé et moulu,14,non,out,835983
ouvrages de mi soie,1,non,out,835983
ouvrages de mode et porcelaine,1,non,out,835983
ouvrages de modes,402,non,out,835983
ouvrages de paille,8,non,out,835983
ouvrages de paille pour chapeaux,3,non,out,835983
ouvrages de palme,4,non,out,835983
ouvrages de papeterie,1,non,out,835983
ouvrages de pâte,1,non,out,835983
ouvrages de peau,52,oui,out,835983
ouvrages de peaux,3,oui,out,835983
ouvrages de peaux d'oigneaux,1,oui,out,835983
ouvrages de peaux de daim,1,oui,out,835983
ouvrages de peaux diverses,1,oui,out,835983
ouvrages de peaux outres pleines,2,oui,out,835983
ouvrages de physique,1,non,out,835983
ouvrages de pierre,15,non,out,835983
ouvrages de pierre autre que chiques,2,non,out,835983
ouvrages de pierres de jais,1,non,out,835983
ouvrages de pierres de jayet,1,non,out,835983
ouvrages de plâtre,10,non,out,835983
ouvrages de plâtre en figure,119,non,out,835983
ouvrages de plomb,65,non,out,835983
ouvrages de plumes,15,non,out,835983
ouvrages de plumes d'autruche,14,non,out,835983
ouvrages de poterie,2,non,out,835983
ouvrages de potin,1,non,out,835983
ouvrages de sapin,1,non,out,835983
ouvrages de sellier de toutes sortes,130,non,out,835983
ouvrages de serrurerie,68,non,out,835983
ouvrages de serrurerie de fer,66,non,out,835983
ouvrages de serrurerie en ressorts de voiture,1,oui,out,835983
ouvrages de soie,81,non,out,835983
ouvrages de soie et dorure,3,non,out,835983
ouvrages de soulier couverts en étoffe de soie pour femme,4,non,out,835983
ouvrages de Spa,2,non,out,835983
ouvrages de Spa en bois verni,110,non,out,835983
ouvrages de sparterie,44,non,out,835983
ouvrages de sparterie commune cordage de jonc paille roseaux et écorce de bois,10,non,out,835983
ouvrages de sparterie commune et cordage de jonc ...,20,non,out,835983
ouvrages de tabac,17,non,out,835983
ouvrages de tabletterie,101,non,out,835983
ouvrages de taillandier,6,non,out,835983
ouvrages de terre,1,non,out,835983
ouvrages de terre cuite,220,non,out,835983
ouvrages de terre cuite et porcelaine,2,non,,41540
ouvrages de terre en postures,5,non,out,835983
ouvrages de terre vernie,2,non,,41540
ouvrages de toile,18,non,out,835983
ouvrages de toile pour linge de table,1,non,out,835983
ouvrages de tôle,1,non,out,835983
ouvrages de tonnelier,56,non,out,835983
ouvrages de tonnelier en feuilles,1,non,out,835983
ouvrages de tonnellerie,6,non,out,835983
ouvrages de tourneur,39,non,out,835983
ouvrages de vannerie de bois et d'osier,19,non,out,835983
ouvrages de verre,11,non,out,835983
ouvrages de verre en ???,4,non,out,835983
ouvrages de verre en bossage,1,non,out,835983
ouvrages de verre en rassades,9,non,maybe venetian glass beads,734
ouvrages de verres,21,non,out,835983
ouvrages de zinc,2,non,out,835983
ouvrages devant,0,non,out,835983
ouvrages divers,340,non,out,835983
ouvrages divers d'étain,3,non,out,835983
ouvrages divers en pierre,3,non,,41540
ouvrages dorés,1,non,out,835983
ouvrages dorés argentés et plaqués,20,non,out,835983
ouvrages dorure fausse,58,non,out,835983
ouvrages en argenture et dorure,1,non,out,835983
ouvrages en brique vernissée,1,non,out,835983
ouvrages en cheveux,2,non,out,835983
ouvrages en cuivre plaqué doré et argenté,38,non,out,835983
ouvrages en dorure,5,non,out,835983
ouvrages en dorure argent faux,1,non,out,835983
ouvrages en dorure fil d'argent,1,non,out,835983
ouvrages en dorure fine,34,non,out,835983
ouvrages en dorure fine et galon or et argent,1,non,,41540
ouvrages en dorure sur soie,1,non,out,835983
ouvrages en esparballe,1,non,out,835983
ouvrages en fleurs artificielles,47,non,out,835983
ouvrages en futaillerie et de Saint-Claude,1,non,out,835983
ouvrages en harnais et sellerie,33,non,out,835983
ouvrages en ivoire et écaille,2,non,out,835983
ouvrages en lames à couvrir,1,non,out,835983
ouvrages en marbre,4,non,out,835983
ouvrages en métal,1,non,out,835983
ouvrages en métal et fer,1,non,out,835983
ouvrages en métaux communs argentés dorés plaqués vernissés,4,non,out,835983
ouvrages en métaux communs plaqués,2,non,out,835983
ouvrages en nacre de perle,1,non,out,835983
ouvrages en nattes de bois,0,non,out,835983
ouvrages en nattes de Moscovie,0,non,out,835983
ouvrages en passementerie ordinaire,13,oui,out,835983
ouvrages en pierres,8,non,out,835983
ouvrages en poil autres que le tissu,2,non,out,835983
ouvrages en terre cuite,86,oui,out,835983
ouvrages en tôle vernie,4,non,out,835983
ouvrages et ornements pour une église,1,non,out,835983
ouvrages et outils d'horlogerie,67,non,out,835983
ouvrages pantoufles,2,non,out,835983
ouvrages riches et divers,2,oui,out,835983
ouvrages tricotés pour vestes camisoles et culottes,120,non,out,835983
oxyde d'étain et de fer,4,non,out,835983
oxyde de cuivre,1,non,out,835983
oxyde de manganèse,2,non,out,835983
oxyde de plomb,0,non,out,835983
oxyde de zinc blanc,1,non,out,835983
oxyde de zinc blanc ou gris,2,non,out,835983
oxyde de zinc gris cendré,40,non,out,835983
oxyde de zinc gris cendré (tutie),1,oui,,41540
P ???,1,non,out,835983
packlaeken,15,non,out,835983
packlaeken blanc,6,non,out,835983
packlaeken teint,4,non,out,835983
pacotille,20,non,,41540
padoux,30,non,out,835983
padoux de fil,17,non,out,835983
padoux de fleuret et soie,1,non,out,835983
padoux de laine,1,non,out,835983
paesures,1,non,out,835983
pagas,1,non,out,835983
pagne,11,non,out,835983
paillasses,1,non,out,835983
paillassons et tapis de sol,41,non,out,835983
paille,250,non,out,835983
paille d'herbes,2,non,out,835983
paille de foin,1,non,out,835983
paille de lin,5,non,out,835983
paille dite chaume à couvrir toits,2,non,out,835983
paille et herbes de pâturage,3,non,out,835983
paille hachée,60,non,out,835983
paille pour chaise,3,non,out,835983
paillers d'espars,4,non,out,835983
pailles de bois,1,non,out,835983
paillettes,1,non,,41540
paillettes d' ???,1,oui,out,835983
paillettes d'argent,1,non,out,835983
paillettes d'or,3,non,out,835983
paillettes d'or fin et paillous d'or fin,2,non,out,835983
pain,109,non,out,835983
pain ?,1,non,out,835983
pain à cacheter,31,non,out,835983
pain à castille,2,non,out,835983
pain d'épice,287,non,out,835983
pain d'épice et pâtisserie,2,non,out,835983
pain de cire blanche,2,non,out,835983
pain de colza et de lin et de navette,1,non,out,835983
pain de graine de lin,3,non,out,835983
pain de graine de lin et de navette,2,non,out,835983
pain de navette,288,non,out,835983
pain de navette en poudre,95,non,out,835983
pain de navette et de lin pour engrais,1,non,,41540
pains d'engrais,1,non,,41540
pains de graine grasse,6,non,,41540
paires de poulets,1,oui,out,835983
palangre,11,non,out,835983
palatine,23,non,out,835983
palatine avec argent,1,non,out,835983
palatine de chenille,1,non,out,835983
palatine de peau de grèbe,1,non,out,835983
palatine de soie,7,non,out,835983
palatine et coiffures de gaze,1,non,out,835983
palenas,1,non,out,835983
paliacates,3,non,out,835983
palins,2,non,out,835983
Palma Christi,1,oui,out,835983
palme,19,non,out,835983
palme en feuilles,80,non,out,835983
palme pour balais,1,non,out,835983
palun,12,non,out,835983
panade,1,non,out,835983
panetons,2,non,out,835983
paniers,8,non,out,835983
paniers à chauffer,1,non,out,835983
paniers à couvrir de terre cuite,1,non,out,835983
paniers à ouvrages,1,non,out,835983
paniers d'espars,1,non,out,835983
paniers d'habit,5,non,out,835983
paniers d'habit de crin,1,non,out,835983
paniers d'olives,1,non,out,835983
paniers d'orseille,1,non,out,835983
paniers d'oseille,1,non,out,835983
paniers d'osier,101,non,out,835983
paniers d'osier petit,1,non,out,835983
paniers de caudré,1,non,out,835983
paniers de coudre,7,non,out,835983
paniers de cuivre,1,non,out,835983
paniers de femme,4,non,out,835983
paniers de fer,1,non,out,835983
paniers de foudre,1,non,out,835983
paniers de jonc,2,non,out,835983
paniers de vannier,2,non,,41540
paniers pour femme,2,non,out,835983
panine,17,non,out,835983
panine de soie,30,non,out,835983
panis à cachette,2,non,out,835983
panne,124,non,out,835983
panne à couvrir,4,non,out,835983
panne ciselée,2,non,out,835983
panne d'Amiens,8,non,out,835983
panne de coton,1,non,out,835983
panne de fil et de laine,2,non,,41540
panne de laine,33,non,out,835983
panne de laine et de long poil,1,non,out,835983
panne de laine et de poil,4,non,out,835983
panne de laine et peluches de laine,0,non,out,835983
panne de laine et peluchesde laine,1,oui,,41540
panne de laine ficelée,1,non,out,835983
panne de poil,38,non,out,835983
panne de poil longue,1,non,out,835983
panne de soie,95,non,out,835983
panne de velours,1,non,out,835983
panne de velours sur soie,2,non,out,835983
panne des prises,2,non,out,835983
panne écarlate,5,non,out,835983
panne en peluches et tripe,2,oui,,41540
panne en peluches et tripe aune,2,oui,out,835983
panne en poil,5,non,out,835983
panne imprimée,2,non,out,835983
panne laine et poil,2,non,out,835983
panne ordinaire,7,non,out,835983
panne peluches et tripe,2,oui,out,835983
panne poil,1,non,out,835983
panne rouge,1,non,out,835983
"panne, peluches et tripe",234,non,,41540
panneau et carreaux rouges à paver,1,oui,,41540
panneaux,16,non,out,835983
panneaux de bois,1,non,out,835983
panneaux et carreaux rouges à paver,1,non,,41540
pans à couvrir de terre cuite,3,non,out,835983
pantalons,1,non,out,835983
pantalons de soie,1,non,out,835983
pantoufles,6,non,out,835983
pantoufles brodées,2,non,out,835983
pantoufles brodées pour femme,1,non,out,835983
pantoufles de cuir,2,non,out,835983
pantoufles de cuir et de maroquin,4,non,out,835983
paons,6,non,out,835983
papelias,1,non,out,835983
papeterie,5,oui,,41540
papeterie de toutes sortes,5,oui,,41540
papier,2197,non,out,835983
papier ???,5,non,out,835983
papier à bulle,18,non,out,835983
papier à bulle blanc,52,non,out,835983
papier à bulle gros,2,non,out,835983
papier à cartes,1,non,out,835983
papier à cartouche,2,non,out,835983
papier à connaissements,1,non,out,835983
papier à doublage,9,non,out,835983
papier à doublage et peint,3,non,out,835983
papier à écrire,713,non,out,835983
papier à écrire bleu gris,11,non,out,835983
papier à écrire commun,1,non,,41540
papier à écrire toute espèce,5,non,out,835983
papier à écu fin,2,non,out,835983
papier à enveloppe,12,non,out,835983
papier à enveloppe à pâte de couleur,5,non,,41540
papier à envelopper,1,non,out,835983
papier à états,1,non,out,835983
papier à éventail,16,non,out,835983
papier à facture,3,non,out,835983
papier à faire carte,4,non,out,835983
papier à feites,1,non,out,835983
papier à friser,1,non,out,835983
papier à gargousse,1,non,out,835983
papier à grand compte,2,non,out,835983
papier à image,4,non,out,835983
papier à impression,9,non,out,835983
papier à imprimer,16,non,out,835983
papier à imprimer et à faire carte,70,non,out,835983
papier à l'eau,9,non,out,835983
papier à l'eau commun,2,non,out,835983
papier à l'eau fin,3,non,out,835983
papier à l'école,1,non,out,835983
papier à l'écu,39,non,out,835983
papier à l'écu fin,21,non,out,835983
papier à l'étoile,41,non,out,835983
papier à l'étoile commun,6,non,out,835983
papier à l'étoile fin,15,non,out,835983
papier à la cloche,11,non,out,835983
papier à la noblesse,1,non,out,835983
papier à la piperie,2,non,out,835983
papier à lettre,58,non,out,835983
papier à lettres de Hollande,1,non,out,835983
papier à litière,1,non,out,835983
papier à meubler,128,non,out,835983
papier à ministre,1,non,out,835983
papier à musique,3,non,out,835983
papier à paqueter grand format,3,non,out,835983
papier à paqueter petit format,3,non,out,835983
papier à plan,4,non,out,835983
papier à pliage,2,non,out,835983
papier à sucre,40,non,out,835983
papier à tapisserie,3,non,out,835983
papier à toile,1,non,out,835983
papier argenté et doré,6,non,out,835983
papier aux armes,20,non,out,835983
papier bâtard,128,non,out,835983
papier bâtard blanc,1,non,out,835983
papier bâtard fin,96,non,out,835983
papier blanc,1387,non,out,835983
papier blanc à écrire,141,non,out,835983
papier blanc à enveloppe,3,non,out,835983
papier blanc et peint,1,non,,41540
papier blanc Galmes,0,non,out,835983
papier blanc ou rayé pour musique,3,non,out,835983
papier blanc petit format,3,non,out,835983
papier blanc rainé,1,non,out,835983
papier bleu,88,non,out,835983
papier bleu à couvrir,81,non,out,835983
papier bleu de Hollande,1,non,out,835983
papier bleu et gris,1,non,out,835983
papier bleu et gris à enveloppes,2,non,,41540
papier bleu petit format,3,non,out,835983
papier bouet,1,non,out,835983
papier brodé à figures de soie,2,non,out,835983
papier brouillard,8,non,out,835983
papier brun,2,non,out,835983
papier bulle,2,non,out,835983
papier bulle blanc,23,non,out,835983
papier bulle blanche,2,non,out,835983
papier bulle gros,1,non,out,835983
papier buvard,4,non,out,835983
papier buvard fin,4,non,out,835983
papier carré,4,non,out,835983
papier cartier,6,non,out,835983
papier cire à cacheter,5,non,out,835983
papier collé,2,non,out,835983
papier colombier,1,non,out,835983
papier colorié en rames,2,non,out,835983
papier colorié en rames pour reliures,4,non,out,835983
papier commun,140,non,out,835983
papier commun et à enveloppe,4,non,out,835983
papier cornet,2,non,out,835983
papier cornet et petit,1,non,out,835983
papier corue,5,non,out,835983
papier couronne,1,non,out,835983
papier cru fin,3,non,out,835983
papier d'emballage,63,non,out,835983
papier d'emballage gris,49,non,out,835983
papier d'enveloppe,8,oui,out,835983
papier d'enveloppe à pâte de couleur,5,oui,out,835983
papier d'estrasse,41,non,out,835983
papier d'estrasse gris,1,non,out,835983
papier d'étoupe,1,non,out,835983
papier de,1,non,,41540
papier de Charente,4,non,out,835983
papier de Chine,2,non,out,835983
papier de couleur,3,non,out,835983
papier de couleur et peint,46,non,out,835983
papier de Gênes,2,non,out,835983
papier de Gênes commun,6,non,out,835983
papier de Gênes fin,128,non,out,835983
papier de Gênes fin et petit,1,non,out,835983
papier de Gênes peint,1,non,out,835983
papier de Gênes petit,4,non,out,835983
papier de Hollande,25,non,out,835983
papier de Lamballe,7,non,out,835983
papier de marquis,1,non,out,835983
papier de matique,1,non,out,835983
papier de musique,66,non,out,835983
papier de pliage,53,non,out,835983
papier de poste,11,non,out,835983
papier de raisin,11,non,out,835983
papier de soie,4,non,out,835983
papier de tapisserie,13,non,out,835983
papier des Indes,1,non,out,835983
papier dessiné,1,non,out,835983
papier divers ordre,2,non,,41540
papier doré,32,non,out,835983
papier doré et fleuragé et marbré,74,non,out,835983
papier doré et marbré,2,non,out,835983
papier double lys,6,non,out,835983
papier drapé,1,non,out,835983
papier en balle,2,non,out,835983
papier en livres,5,non,,41540
papier en planches,1,non,out,835983
papier estrasse,4,non,out,835983
papier et bois d'éventail,1,non,out,835983
papier étoile,1,non,out,835983
papier étoile fin,3,non,out,835983
papier fin,10,non,out,835983
papier fleuragé et doré,12,non,out,835983
papier gaufré,6,non,out,835983
papier grand carnet,0,non,out,835983
papier grand compte,2,non,out,835983
papier grand cornet,2,non,out,835983
papier grand éléphant,1,non,out,835983
papier grand format,2,non,out,835983
papier grand raisin,1,non,out,835983
papier grandes rames,5,non,out,835983
papier gris,180,non,out,835983
papier gris cassé,1,non,out,835983
papier grossier,15,non,out,835983
papier impérial,2,non,out,835983
papier intissé,1,non,out,835983
papier jaune fin,1,non,out,835983
papier jésier,1,non,out,835983
papier lombard,6,non,out,835983
papier marbré,5,non,out,835983
papier marbré et à meubler,14,non,out,835983
papier métallisé,3,non,out,835983
papier montage,1,non,out,835983
papier musique gravé,12,non,out,835983
papier noir,9,non,out,835983
papier pâte fine,1,non,out,835983
papier peint,392,non,out,835983
papier peint à tapisserie,6,non,out,835983
papier peint de Chine,1,non,out,835983
papier peint en rouleau,2,non,out,835983
papier peint en rouleau pour teinture,5,non,out,835983
papier peint et à meubler,45,non,out,835983
papier peint et à tapisserie,6,non,out,835983
papier peint et de foulards,2,non,out,835983
papier peint pour teinture,2,non,out,835983
papier petit,2,non,out,835983
papier petit fin,1,non,out,835983
papier petit pot,1,non,out,835983
papier pliage,7,non,out,835983
papier point,6,non,out,835983
papier pot,2,non,out,835983
papier pot fin,2,non,out,835983
papier pour éventails,5,non,out,835983
papier pour polir le bois et les métaux,1,non,out,835983
papier pour tapisserie,2,non,out,835983
papier pour tenture,192,non,out,835983
papier raisin,1,non,out,835983
papier registres blancs,1,non,out,835983
papier roux,1,non,out,835983
papier royal,3,non,out,835983
papier tellière,2,non,out,835983
papier tontisse,9,non,out,835983
papier velin,1,non,,41540
papier violet,79,non,out,835983
papillons,1,non,out,835983
papillons secs,1,non,out,835983
paquets,0,non,,41540
paquets de feuillards,1,oui,,41540
parapluies,187,non,out,835983
parapluies autres et caracasse,2,non,out,835983
parapluies caracasse de,2,non,out,835983
parapluies communs,7,non,out,835983
parapluies de soie,13,non,out,835983
parapluies de taffetas,5,non,out,835983
parapluies de toile,8,non,out,835983
parapluies de toile cirée,7,non,out,835983
parapluies et parasols,318,non,out,835983
parasols,342,non,out,835983
parasols de coutil,1,non,out,835983
parasols de peau,1,non,out,835983
parasols de soie,71,non,out,835983
parasols de taffetas,8,non,out,835983
parasols de toile cirée,1,non,out,835983
paravent,29,non,out,835983
paravent de la Chine,2,non,out,835983
paravent peint,2,non,out,835983
paravent vernis,1,non,out,835983
parchemin achevé,2,non,out,835983
parchemin de mouton,1,non,,41540
parchemin et vélin achevés,2,non,out,835983
parchemin et vélin bruts,2,non,out,835983
parchemins,335,non,out,835983
parchemins caficule,1,non,out,835983
parchemins en feuilles,1,non,out,835983
parchemins neufs,112,non,out,835983
parchemins vieux,79,non,out,835983
pareira brava,19,non,out,835983
parement,1,non,out,835983
parfum,2,non,out,835983
parfumerie,851,non,out,835983
parfumerie à la valeur,1,oui,out,835983
parfumerie diverse,5,oui,,41540
parfumerie eau de senteur,70,non,out,835983
parfumerie en essence,5,non,,41540
parfumerie en pommade et poudre,4,non,,41540
parfumerie et eau spiritueuse,16,non,out,835983
parfumerie et gants de peau,101,non,,41540
parfumerie huile et essence,72,non,out,835983
parfumerie mêlée de bois odorant ambre gris musc eau de senteur essence et huile odorante encens myrrhe poudre et pommade,13,non,out,835983
parfumerie musc,3,non,out,835983
parfumerie pommade,130,non,out,835983
parfumerie poudre à poudrer,54,non,out,835983
parfumerie poudre d'odeur,4,non,out,835983
parfumerie rouge,4,non,out,835983
pariera,2,non,out,835983
parrancens,1,non,out,835983
parse,1,non,out,835983
particuliers,2,oui,,41540
particuliers français,1,non,,41540
parun,3,non,out,835983
passager anglais,1,oui,,41540
passager domestique,1,oui,,41540
passager fils du capitaine,1,oui,,41540
passager homme,2,oui,,41540
passager marin disgrâcié,1,oui,,41540
passager matelot,5,oui,,41540
passager matelot disgrâcié,1,oui,,41540
passager Moulha Cassen,1,oui,,41540
passagers,6762,non,,41540
passagers algériens,1,non,,41540
passagers anglais,1,non,,41540
passagers anglais prisonniers,1,non,,41540
passagers disgrâciés,1,non,,41540
passagers domestique,1,non,,41540
passagers équipage disgrâciés des vaissieaux du Roi,2,non,,41540
passagers esclaves corses rachetés,1,non,,41540
passagers fils du capitaine,1,non,,41540
passagers français,1,non,,41540
passagers homme,2,non,,41540
passagers marin disgrâcié,1,non,,41540
passagers marins,1,non,,41540
passagers marins disgrâciés,3,non,,41540
passagers marins disgrâciés des vaisseaux du Roi,1,non,,41540
passagers matelot,5,non,,41540
passagers matelot disgrâcié,1,non,,41540
passagers militaires,2,non,,41540
passagers Moulha Cassen,1,non,,41540
passagers prisonniers français,1,non,,41540
passagers soldats,1,non,,41540
passagers turcs,1,non,,41540
passementerie,297,non,out,835983
passementerie argent faux,1,non,out,835983
passementerie bise écrue ou herbée,1,non,out,835983
passementerie blanche ou mélangée de blanc,1,oui,out,835983
passementerie blanche ou mêlée de blanc,1,non,,41540
passementerie d'argent,1,non,out,835983
passementerie d'argent et d'or faux et de soie,1,non,out,835983
passementerie d'argent et de soie,1,non,out,835983
passementerie d'or,3,non,out,835983
passementerie d'or et d'argent,11,non,out,835983
passementerie d'or et de soie,1,non,out,835983
passementerie de chanvre de fil bis écru herbé et de lin,3,non,out,835983
passementerie de chanvre de fil blanc et mélangé de blanc et de lin,3,non,out,835983
passementerie de chanvre de fil teint en tout et en partie et de lin,2,non,out,835983
passementerie de chanvre de laine blanche et de lin,2,non,out,835983
passementerie de chanvre de laine écrue et de lin,2,non,out,835983
passementerie de chanvre de laine teinte et de lin,2,non,out,835983
passementerie de coton,5,non,out,835983
passementerie de coton et ruban de coton,2,non,out,835983
passementerie de crin,5,non,out,835983
passementerie de fil,1,non,out,835983
passementerie de fil de chanvre ou de lin bis écru herbé ou mélangé,2,non,out,835983
passementerie de fil de chanvre ou de lin bis écru ou herbé,2,non,out,835983
passementerie de fil de chanvre ou de lin teint en tout ou partie,2,non,out,835983
passementerie de fil de soie et galon,1,non,out,835983
passementerie de fil en filoselle,3,non,out,835983
passementerie de fil et coton,10,non,out,835983
passementerie de fil et laine,65,non,out,835983
passementerie de fil et soie,5,non,out,835983
passementerie de fil laine et poil,1,non,out,835983
passementerie de filoselle,1,non,out,835983
passementerie de fleuret,1,non,,41540
passementerie de fleuret et ruban de fleuret,4,non,out,835983
passementerie de laine,121,non,out,835983
passementerie de laine blanche écrue pure,2,non,out,835983
passementerie de laine écrue pure,2,non,out,835983
passementerie de laine mélangée de fil laine et poil,2,oui,out,835983
passementerie de laine mêlée de fil,1,non,out,835983
passementerie de laine mêlée de fil laine et poil,2,non,,41540
passementerie de laine ou sayette,7,non,out,835983
passementerie de laine pure teinte,4,non,out,835983
passementerie de poil de chèvre,50,non,out,835983
passementerie de soie,144,non,out,835983
passementerie de soie d'argent ou d'or faux,2,non,out,835983
passementerie de soie d'argent ou d'or fin,2,non,out,835983
passementerie de soie et laine,10,non,out,835983
passementerie de soie mêlée,1,non,out,835983
passementerie de soie pure,7,non,out,835983
passementerie divers,75,non,out,835983
passementerie en frange de fil,3,non,out,835983
passementerie en soie,1,oui,out,835983
passementerie et ruban de fleuret,2,non,out,835983
passementerie et ruban de laine mêlée de fil,1,non,out,835983
passementerie et ruban de laine teinte,2,non,out,835983
passementerie et ruban de soie pure,2,non,out,835983
passementerie fine en filets d'or,1,non,out,835983
passementerie fine en velours,2,non,out,835983
passementerie mêlé de soie,10,non,out,835983
passementerie mêlée d'argent d'or et de soie,3,non,out,835983
passementerie mêlée d'argent d'or faux et fin et de soie,2,non,out,835983
passementerie mêlée d'argent ou d'or faux ou fin,1,non,out,835983
passementerie mêlées d'autres matières que d'argent ou d'or,2,non,out,835983
passementerie ordinaire,55,non,out,835983
passementerie teinte en tout ou partie,1,non,out,835983
passepierre,8,non,out,835983
passepoil de laine,1,non,out,835983
passes,5,non,out,835983
passetatons de cordonnier,1,non,out,835983
pastel,100,non,out,835983
pastel à teindre,0,non,out,835983
pastel romain,1,non,out,835983
pastèques,3,non,out,835983
pastilles,14,non,out,835983
pastilles odoriférantes à brûler,1,non,out,835983
pastilles odoriférantes du sérail,1,non,out,835983
pataques,9,non,out,835983
patates,31,oui,out,835983
pâte,30,non,out,835983
pâte à fruits,2,non,out,835983
pâte à papier,7,non,out,835983
pâte d'amade,2,non,,41540
pâte d'amandes,160,non,out,835983
pâte d'ancre,2,oui,out,835983
pâte d'asperges,5,non,out,835983
pâte d'Italie,9,non,out,835983
pâte d'Italie et autres granulés,3,non,out,835983
pâte d'Italie et vermicelle,76,non,out,835983
pâte d'Italie macaroni et vermicelle,4,non,out,835983
pâte d'Italie sagou,2,non,out,835983
pâte d'Italie semoule,5,non,out,835983
pâte d'Italie vermicelle macaroni,3,non,out,835983
pâte d'orgeat,1,non,out,835983
pâte d'orgeat et sirop d'orgeat,1,non,out,835983
pâte de cacao,7,non,out,835983
pâte de guimauve,12,non,out,835983
pâte de pastel,3,non,out,835983
pâte de réglisse,1,oui,,41540
pâte de savon,1,non,,41540
pâte de térébenthine,5,non,out,835983
pâté de viande,1,non,out,835983
pâte et savon liquide,2,non,out,835983
pâte et tablette de guimauve,2,non,out,835983
pâte granulée,2,non,out,835983
pâte italienne,1,non,out,835983
pâte macaroni,1,non,out,835983
pâte ou vermicelle,2,non,out,835983
pâte ou vieux chiffons,1,oui,out,835983
pâte sagou,3,non,out,835983
pâte semoule,3,non,out,835983
patenas,3,non,out,835983
patenottes,2,non,out,835983
pâtés,6,non,out,835983
pâtés de canard,1,non,out,835983
pâtés de chèvre et autre,3,non,out,835983
patine,2,non,out,835983
patins,9,non,out,835983
patins ?,1,non,out,835983
patins à glisser,1,non,out,835983
patins de bois,6,non,out,835983
patins pour femme,2,non,out,835983
pâtisserie,144,non,out,835983
patissoye broché,2,non,out,835983
patissoye uni,1,non,out,835983
patte d'oie,1,non,out,835983
pattedrille,1,non,out,835983
patterie,10,non,out,835983
pattes d'ancre,7,non,out,835983
pattes ou vieux chiffons,9,non,out,835983
paturage en gland de Chine,1,non,,41540
paume,1,non,out,835983
paumelle,13,non,out,835983
paumelle germée,5,non,out,835983
paumelle pour voile,1,non,out,835983
pauvre noir,1,non,out,835983
pavé,13,non,out,835983
pavé pour sol,1,non,out,835983
pavillon de toile,1,non,out,835983
pavots,4,non,out,835983
peaux,260,non,out,835983
peaux ???,10,non,out,835983
peaux à faire tambours,1,non,out,835983
peaux à fleurs et de mouton,1,non,out,835983
peaux à l'exergue de veaux,2,non,out,835983
peaux à la valeur,4,non,out,835983
peaux à panches,1,non,out,835983
peaux à poil de veau,134,non,out,835983
peaux à poil de veau sèches,3,non,out,835983
peaux apprêtée d'orignal,5,non,out,835983
peaux apprêtée de buffle,1,non,out,835983
peaux apprêtée de veau,2,non,,41540
peaux apprêtées,128,non,out,835983
peaux apprêtées d'agneau,37,non,out,835983
peaux apprêtées d'agneau et de chevreau,2,non,out,835983
peaux apprêtées d'élan,1,non,out,835983
peaux apprêtées d'hermine et de martre,44,non,out,835983
peaux apprêtées d'ours,10,non,out,835983
peaux apprêtées de ???,1,non,out,835983
peaux apprêtées de bouc,15,non,out,835983
peaux apprêtées de bouc et de chèvre,85,non,out,835983
peaux apprêtées de buffle,1,non,out,835983
peaux apprêtées de castor,7,non,out,835983
peaux apprêtées de cerf,11,non,out,835983
peaux apprêtées de cerf et de daim,67,non,out,835983
peaux apprêtées de chamois,9,non,out,835983
peaux apprêtées de chat,2,non,out,835983
peaux apprêtées de cheval,2,non,out,835983
peaux apprêtées de chèvre,185,non,out,835983
peaux apprêtées de chèvre et chevreau,2,non,out,835983
peaux apprêtées de chevreau,10,non,out,835983
peaux apprêtées de chevreuil,12,non,out,835983
peaux apprêtées de chien de mer,8,non,out,835983
peaux apprêtées de daim,14,non,out,835983
peaux apprêtées de lapin,5,non,out,835983
peaux apprêtées de lapin et de lièvre,4,non,out,835983
peaux apprêtées de lièvre,2,non,out,835983
peaux apprêtées de lièvre et lapin,80,non,out,835983
peaux apprêtées de loup,2,non,out,835983
peaux apprêtées de loup cervier,1,non,out,835983
peaux apprêtées de loup et d'ours et de tigre,53,non,out,835983
peaux apprêtées de marmotte,1,non,out,835983
peaux apprêtées de maroquin,16,non,,41540
peaux apprêtées de maroquins,16,oui,out,835983
peaux apprêtées de mouton,667,non,out,835983
peaux apprêtées de mouton en couleur,49,non,out,835983
peaux apprêtées de mouton en mesquis,10,non,out,835983
peaux apprêtées de mouton et d'agneau,2,non,,41540
peaux apprêtées de petit gris,2,non,out,835983
peaux apprêtées de phoque éjarrées,2,non,out,835983
peaux apprêtées de renard,5,non,out,835983
peaux apprêtées de roussette,1,non,out,835983
peaux apprêtées de sauvagines,4,non,,41540
peaux apprêtées de vache,4,non,out,835983
peaux apprêtées de veau,146,non,out,835983
peaux apprêtées de veau en buffle,2,non,out,835983
peaux apprêtées de veau en chamois,67,non,out,835983
peaux apprêtées de veau marin,1,non,out,835983
peaux apprêtées de veau pour cuir doré,10,non,out,835983
peaux apprêtées en couleurs et de veau,126,non,out,835983
peaux apprêtées en maroquin et de veau,3,non,,41540
peaux apprêtées en maroquins et de veau,3,oui,out,835983
peaux apprêtées et brutes,65,non,out,835983
peaux apprêtées passées en maroquin,1,non,,41540
peaux apprêtées passées en maroquins,1,oui,out,835983
peaux basanées de mouton,4,non,out,835983
peaux blanches,48,non,out,835983
peaux blanches apprêtées,1,non,out,835983
peaux blanches de mouton,11,non,out,835983
peaux blanches de veaux,1,non,out,835983
peaux blanches ou grises de mouton,47,non,out,835983
peaux bronzées,4,non,out,835983
peaux bronzées de veau,20,non,out,835983
peaux brourées de veau,1,non,out,835983
peaux chamoisées de daim,1,non,out,835983
peaux chamoisées ou mégies,4,non,out,835983
peaux chamoisées ou mégissées,1,non,out,835983
peaux communes,1,non,,41540
peaux communes crûes,4,non,,41540
peaux communes de mouton,1,non,out,835983
peaux corroyées,2,non,out,835983
peaux corroyées de chèvre,2,non,out,835983
peaux corroyées de daim,1,non,out,835983
peaux corroyées de maroquin,1,non,out,835983
peaux corroyées de mouton,3,non,out,835983
peaux corroyées de vache,2,non,out,835983
peaux corroyées de veau,715,non,out,835983
peaux corroyées en noir de veau,3,non,out,835983
peaux corroyées en poil et de veau,3,non,out,835983
peaux corroyées et tannées,1,non,out,835983
peaux corroyées et tannées de veau,3,non,out,835983
peaux corroyées ou tannées,5,non,out,835983
peaux crue d'ours,1,non,out,835983
peaux crues,9,non,out,835983
peaux crues d'agneau,114,non,out,835983
peaux crues d'agneau et de chevreau,1,non,out,835983
peaux crues d'agneau ordinaires,1,non,out,835983
peaux crues d'âne,3,non,out,835983
peaux crues d'élan,1,non,out,835983
peaux crues d'ours,2,non,out,835983
peaux crues de bouc,12,non,out,835983
peaux crues de bouc et de chèvre,110,non,out,835983
peaux crues de brebis,1,non,out,835983
peaux crues de brebis et de mouton,98,non,out,835983
peaux crues de castor,1,non,out,835983
peaux crues de cerf,4,non,out,835983
peaux crues de cerf et de daim,63,non,out,835983
peaux crues de chamois,1,non,out,835983
peaux crues de chat,3,non,out,835983
peaux crues de chèvre,10,non,out,835983
peaux crues de chèvre en poil,425,non,out,835983
peaux crues de chèvre et de mouton et de veau,56,non,out,835983
peaux crues de chevreau,8,non,out,835983
peaux crues de chevreuil,1,non,out,835983
peaux crues de daim en poil,3,non,out,835983
peaux crues de daim en vert,1,non,out,835983
peaux crues de lapin,1,non,out,835983
peaux crues de lapin et de lièvre,2,non,out,835983
peaux crues de lièvre,3,non,out,835983
peaux crues de lièvre et lapin,120,non,out,835983
peaux crues de lièvres,4,non,out,835983
peaux crues de loup cervier,1,non,out,835983
peaux crues de loup marin,2,non,out,835983
peaux crues de marmotte,1,non,out,835983
peaux crues de mouton,9,non,out,835983
peaux crues de phoque,4,non,out,835983
peaux crues de porcs,1,non,out,835983
peaux crues de renard de loutre de fouine etc.,41,non,out,835983
peaux crues de tigre,1,non,out,835983
peaux crues de veau,5,non,out,835983
peaux crues fraîches de chien de mer,1,non,out,835983
peaux crues fraîches grandes,5,non,out,835983
peaux crues fraîches petites,7,non,out,835983
peaux crues grandes fraîches,3,non,out,835983
peaux crues grandes sèches,8,non,out,835983
peaux crues petites d'agneau et de chevreaux,2,non,out,835983
peaux crues petites de chien de mer et requin,2,non,out,835983
peaux crues petites sèches,9,non,out,835983
peaux crues sèches de chien de mer,4,non,out,835983
peaux d'agneau,387,non,out,835983
peaux d'agneau en chamois,1,non,out,835983
peaux d'agneau en couleur,1,non,out,835983
peaux d'agneau en laine,153,non,out,835983
peaux d'agneau en mégie,1,non,out,835983
peaux d'agneau en mesquis,1,non,out,835983
peaux d'agneau en poil,5,non,out,835983
peaux d'agneau en tripe,2,non,out,835983
peaux d'agneau et de chevreau,1,non,out,835983
peaux d'agneau et de chevreau en poil,3,non,out,835983
peaux d'agneau et de mouton non apprêtées,1,non,,41540
peaux d'agneau et de mouton passées,1,non,out,835983
peaux d'agneau lavées,5,non,out,835983
peaux d'agneau maroquinées,1,non,,41540
peaux d'agneau ou chevreau apprêtées,55,non,out,835983
peaux d'agneau passées,25,non,out,835983
peaux d'agneau tannées,1,non,out,835983
peaux d'agneau tournées,1,non,out,835983
peaux d'agnelin,1,non,,41540
peaux d'Alexandrie,1,non,out,835983
peaux d'âne,3,non,out,835983
peaux d'angora,2,non,out,835983
peaux d'anguille,4,non,out,835983
peaux d'anguillerie,1,oui,out,835983
peaux d'animaux des Indes,1,non,out,835983
peaux d'astrakan,2,non,out,835983
peaux d'écureuil,3,non,out,835983
peaux d'élan,7,non,out,835983
peaux d'élan en parchemin,1,non,out,835983
peaux d'hayes,62,non,out,835983
peaux d'hermine,75,non,out,835983
peaux d'hermine et de martre,13,non,out,835983
peaux d'hermine et kulonok,2,non,out,835983
peaux d'orignal,146,non,out,835983
peaux d'orignal en croûte,1,non,out,835983
peaux d'orignal en laine,1,non,out,835983
peaux d'ours,513,non,out,835983
peaux d'ours apprêtée et crues,1,non,out,835983
peaux d'ours crue,2,non,out,835983
peaux d'ours en poil,3,non,out,835983
peaux d'ours et d'ourson,3,non,out,835983
peaux d'ours teintes,1,non,out,835983
peaux d'ourson,1,non,out,835983
peaux d'outres,1,non,out,835983
peaux de Barbarie,2,non,out,835983
peaux de Barbarie en poil,1,non,,41540
peaux de Barbarie petites,4,non,out,835983
peaux de Barbarie petites en poil,2,non,out,835983
peaux de barbe en poil,1,oui,out,835983
peaux de barbe petites,2,non,out,835983
peaux de basanes,1,non,out,835983
peaux de basanes apprêtées,1,non,out,835983
peaux de bervesky chiens écureuils mulots taupes,2,non,out,835983
peaux de biche,23,non,out,835983
peaux de blaireau,19,non,out,835983
peaux de blaireaux et de renard,2,non,out,835983
peaux de bœuf,20,non,out,835983
peaux de bœuf à faire du poil,1,non,out,835983
peaux de bœuf en poil,1,non,out,835983
peaux de bœuf passées en buffle,5,non,,41540
peaux de bœuf tannées,2,non,out,835983
peaux de bois cerviers et loups,2,non,out,835983
peaux de bouc,41,non,out,835983
peaux de bouc crues,1,non,out,835983
peaux de bouc et chèvre,4,non,out,835983
peaux de bouc et de chèvre en poil,1,non,out,835983
peaux de bourrique,1,non,out,835983
peaux de brebis,4,non,out,835983
peaux de brebis en laine,1,non,out,835983
peaux de brebis et de mouton,23,non,out,835983
peaux de Buenos-Aires en poil,1,non,out,835983
peaux de buffle,32,non,out,835983
peaux de buffle chamoisées,3,non,out,835983
peaux de buffle et de vache passées,2,non,out,835983
peaux de buffle passées,2,non,out,835983
peaux de cabri,6,non,out,835983
peaux de carcajou,4,non,out,835983
peaux de carcasson,0,non,out,835983
peaux de caribou,1,non,out,835983
peaux de castor,178,non,out,835983
peaux de castor en poil,1,non,out,835983
peaux de castor gras,14,non,out,835983
peaux de castor gras et sec,1,non,out,835983
peaux de castor rases,1,non,out,835983
peaux de castor sec,12,non,out,835983
peaux de castorins genette et putois,2,non,out,835983
peaux de cazeau,5,non,out,835983
peaux de cerf,277,non,out,835983
peaux de cerf en croûte,1,non,out,835983
peaux de cerf en poil,4,non,out,835983
peaux de cerf et chevreuil,26,non,out,835983
peaux de cerf et de daim,4,non,out,835983
peaux de cerf habillées,1,non,out,835983
peaux de cerf passées,2,non,out,835983
peaux de chagrin,135,non,out,835983
peaux de chagrin et Romagne,5,non,out,835983
peaux de chameau,30,non,out,835983
peaux de chameau en poil,6,non,out,835983
peaux de chameau noires,1,non,out,835983
peaux de chameau passées,1,non,out,835983
peaux de chamois,495,non,out,835983
peaux de chamois en poil,1,non,out,835983
peaux de chamois ou de mouton,5,non,out,835983
peaux de chamois passées,6,non,out,835983
peaux de chat,25,non,out,835983
peaux de chat cervier,10,non,out,835983
peaux de chat de mer,5,non,out,835983
peaux de chat domestique et sauvage,2,non,out,835983
peaux de chat putois,6,non,out,835983
peaux de chat sauvage,21,non,out,835983
peaux de cheval,5,non,out,835983
peaux de cheval marin,2,non,out,835983
peaux de cheval passées,1,non,out,835983
peaux de chèvre,250,non,,41540
peaux de chèvre à poil,11,non,out,835983
peaux de chèvre angora en poil,1,non,,41540
peaux de chèvre apprêtées,2,non,out,835983
peaux de chèvre corroyées,2,non,out,835983
peaux de chèvre corroyées et noires,4,non,out,835983
peaux de chèvre crues,5,non,out,835983
peaux de chèvre de France en poile,1,non,,41540
peaux de chèvre diverses,2,non,out,835983
peaux de chèvre en baudriers,1,non,out,835983
peaux de chèvre en chamois,1,non,out,835983
peaux de chèvre en mégie,1,non,out,835983
peaux de chèvre en poil,3,non,,41540
peaux de chèvre et de mouton,5,non,out,835983
peaux de chèvre et veau,1,non,out,835983
peaux de chèvre fines,14,non,out,835983
peaux de chèvre habillées,1,non,out,835983
peaux de chèvre maroquinées,3,non,out,835983
peaux de chèvre passées,37,non,out,835983
peaux de chèvre tannées,6,non,out,835983
peaux de chèvre teintes,1,non,out,835983
peaux de chèvre vertes,4,non,out,835983
peaux de chevreau,106,non,out,835983
peaux de chevreau en poil,27,non,out,835983
peaux de chevreau mégissées,2,non,out,835983
peaux de chevreau passées,5,non,out,835983
peaux de chevreau tannées,1,non,out,835983
peaux de chevreau vertes,1,non,,41540
peaux de chevreaux,1,non,,41540
peaux de chevreuil,228,non,out,835983
peaux de chevreuil en croûte,2,non,out,835983
peaux de chevreuil en parchemin,2,non,out,835983
peaux de chevreuil en poil,1,non,out,835983
peaux de chevreuil passées,9,non,out,835983
peaux de chevron en poil,2,oui,out,835983
peaux de chevron passées,1,oui,out,835983
peaux de chevrotin,3,non,out,835983
peaux de chien,6,non,out,835983
peaux de chien d'Écosse,2,non,,41540
peaux de chien de mer,274,non,out,835983
peaux de chien de mer passées en noir pour bottines,1,non,out,835983
peaux de chinchilla,2,non,out,835983
peaux de chinchilla et de fouine,1,non,out,835983
peaux de crible,5,non,out,835983
peaux de cuir rouge,1,non,out,835983
peaux de cygne,41,non,out,835983
peaux de cygne apprêtées,1,non,,41540
peaux de cygne et d'oie pour éventails,2,non,out,835983
peaux de cygnes lamas martes pékans et vigognes,2,non,out,835983
peaux de daim,98,non,out,835983
peaux de daim chamoisée,4,non,out,835983
peaux de daim passées,7,non,out,835983
peaux de fauve,2,non,out,835983
peaux de figue écrues,1,non,out,835983
peaux de fouine,49,non,out,835983
peaux de fouine sèches,1,non,out,835983
peaux de génisse,4,non,out,835983
peaux de génisse corroyées,17,non,out,835983
peaux de grèbe,4,non,out,835983
peaux de grèbes marmottes oies et visons,2,non,out,835983
peaux de Guinée,1,non,out,835983
peaux de hamster,1,non,out,835983
peaux de la Louisiane,6,non,out,835983
peaux de lapin,256,non,out,835983
peaux de lapin en poil,12,non,out,835983
peaux de lapin et de lièvre,1,non,out,835983
peaux de lapin séchées,2,non,out,835983
peaux de léopard,3,non,out,835983
peaux de liège,1,non,out,835983
peaux de lièvre,496,non,out,835983
peaux de lièvre crues,1,non,out,835983
peaux de lièvre de moscovie,2,non,out,835983
peaux de lièvre en poil,11,non,out,835983
peaux de lièvre et de lapin,20,non,out,835983
peaux de lièvre et lapin,9,non,out,835983
peaux de lièvre sans poil,43,non,out,835983
peaux de lion once ours ourson,2,non,out,835983
peaux de loup,271,non,out,835983
peaux de loup cervier,260,non,out,835983
peaux de loup d'ours de tigre de chien de mer etc.,1,non,out,835983
peaux de loup de Moscovie,1,non,out,835983
peaux de loup des bois,21,non,out,835983
peaux de loup du Canada,1,non,out,835983
peaux de loup et d'ours et de tigre,86,non,out,835983
peaux de loup marin,73,non,out,835983
peaux de loutre,46,non,out,835983
peaux de loutre en poil,1,non,,41540
peaux de loutre et de renard,5,non,out,835983
peaux de marmotte,8,non,out,835983
peaux de marmotte et renard,1,non,out,835983
peaux de maroquin,670,non,,41540
peaux de maroquin du Levant,1,non,,41540
peaux de maroquin jeunes,1,non,,41540
peaux de maroquin ou vernissées,1,non,,41540
peaux de maroquin rouges,1,non,,41540
peaux de maroquins,629,oui,out,835983
peaux de maroquins du Levant,1,oui,out,835983
peaux de maroquins jeunes,1,oui,out,835983
peaux de martre,417,non,out,835983
peaux de martre commune et en pointe,4,non,out,835983
peaux de martre du Canada,1,non,out,835983
peaux de martre en queues,1,non,out,835983
peaux de martre et de loutre,1,non,,41540
peaux de martre passées,1,non,out,835983
peaux de martre queues,1,non,out,835983
peaux de martre zibeline,5,non,out,835983
peaux de moke,2,non,out,835983
peaux de mouton,167,non,out,835983
peaux de mouton basane,15,non,out,835983
peaux de mouton basane chamois mégie,1,non,out,835983
peaux de mouton blanc,69,non,out,835983
peaux de mouton brossées,1,non,,41540
peaux de mouton chamoisées,5,non,out,835983
peaux de mouton de passées,1,non,out,835983
peaux de mouton en chamois,127,non,out,835983
peaux de mouton en couleur,13,non,out,835983
peaux de mouton en couleur et passées,2,non,out,835983
peaux de mouton en gris,40,non,out,835983
peaux de mouton en laine,385,non,out,835983
peaux de mouton en mégie,28,non,out,835983
peaux de mouton en noir,1,non,out,835983
peaux de mouton en poil,5,non,out,835983
peaux de mouton en toison,1,non,out,835983
peaux de mouton en tripe,2,non,out,835983
peaux de mouton en vert,2,non,out,835983
peaux de mouton mégie,4,non,out,835983
peaux de mouton passées,276,non,out,835983
peaux de mouton passées en blanc,4,non,out,835983
peaux de mouton prêtées,1,non,out,835983
peaux de mouton rases,1,non,out,835983
peaux de mouton sèches,2,non,out,835983
peaux de mouton tannées,63,non,out,835983
peaux de mouton teintes,8,non,out,835983
peaux de panthère,4,non,out,835983
peaux de pecan,4,non,out,835983
peaux de pécaude,4,non,out,835983
peaux de pelisse,1,non,out,835983
peaux de petit daim,1,non,out,835983
peaux de petit gris,50,non,out,835983
peaux de phoque,1,non,out,835983
peaux de plongeon,1,non,out,835983
peaux de poisson,7,non,out,835983
peaux de porcs,1,non,,41540
peaux de préheu,1,non,,41540
peaux de putois,9,non,out,835983
peaux de queues de martre,2,non,out,835983
peaux de raffinerie,1,non,out,835983
peaux de rat,2,non,out,835983
peaux de rat musque,2,non,out,835983
peaux de raton,1,non,out,835983
peaux de renard,205,non,out,835983
peaux de renard de Virginie,1,non,out,835983
peaux de renard rouge,1,non,out,835983
peaux de renard sèche,3,non,out,835983
peaux de renne,3,non,out,835983
peaux de requin,3,non,out,835983
peaux de retour,1,non,,41540
peaux de rose blanche,1,non,out,835983
peaux de roussette,23,non,out,835983
peaux de roussi,2,non,out,835983
peaux de Russie,68,non,out,835983
peaux de sanglier,9,non,out,835983
peaux de sapin,1,non,out,835983
peaux de satois,1,non,out,835983
peaux de sauvagine,21,non,out,835983
peaux de taupe,3,non,out,835983
peaux de tigre,99,non,out,835983
peaux de tigre passées,1,non,out,835983
peaux de vache,3,non,out,835983
peaux de vache de roussi,1,non,out,835983
peaux de vache de Russie,1,non,out,835983
peaux de vache en poil,2,non,out,835983
peaux de vache marine,1,non,out,835983
peaux de vachette,1,non,out,835983
peaux de vautour,1,non,out,835983
peaux de veau,117,non,out,835983
peaux de veau à paqueter,2,non,out,835983
peaux de veau couleurs,1,non,out,835983
peaux de veau dites roussette,3,non,out,835983
peaux de veau en basanes,10,non,out,835983
peaux de veau en blanc,48,non,out,835983
peaux de veau en chamois,9,non,out,835983
peaux de veau en croûte,1,non,out,835983
peaux de veau en grains,1,non,out,835983
peaux de veau en magie,1,non,out,835983
peaux de veau en mégie,2,non,out,835983
peaux de veau en parchemin,3,non,out,835983
peaux de veau en peigne,3,non,out,835983
peaux de veau en pieds,1,non,out,835983
peaux de veau en poil,538,non,out,835983
peaux de veau en vert,5,non,out,835983
peaux de veau habillées,1,non,out,835983
peaux de veau marin,9,non,out,835983
peaux de veau non apprêtées,1,non,,41540
peaux de veau passées,26,non,out,835983
peaux de veau passées en huile,1,non,out,835983
peaux de veau pour cordonnier,126,non,out,835983
peaux de veau sec pour caisse,1,non,out,835983
peaux de veau sèches,1,non,out,835983
peaux de veau sèches pour caisse,1,non,out,835983
peaux de veaux,7,oui,out,835983
peaux de vélin,5,non,out,835983
peaux de veloux,1,non,out,835983
peaux de vison,13,non,out,835983
peaux de volacre,1,non,out,835983
peaux doublures de petit gris,1,non,out,835983
peaux du harnois,1,non,out,835983
peaux en ???,1,non,out,835983
peaux en basanes,4,non,out,835983
peaux en buffle et de cerf,1,non,out,835983
peaux en croûte de vache,1,non,out,835983
peaux en fourrure,2,non,out,835983
peaux en laine,2,non,out,835983
peaux en laine tannées,1,non,out,835983
peaux en maroquin,2,oui,out,835983
peaux en maroquin ou vernissées,1,oui,out,835983
peaux en parchemins,26,non,out,835983
peaux en poil,9,non,out,835983
peaux en poil de Barbarie,2,non,out,835983
peaux en poil de renard,3,non,out,835983
peaux et pelleterie,620,non,out,835983
peaux et pelleterie apprêtées,1,non,out,835983
peaux et pelleterie apprêtées et tannées de mouton,4,non,out,835983
peaux et pelleterie corroyées et tannées de mouton,0,non,out,835983
peaux et pelleterie corroyées et tannées de veau,4,non,out,835983
peaux et pelleterie d'agneau,0,non,out,835983
peaux et pelleterie d'orignal,0,non,out,835983
peaux et pelleterie de bouc,0,non,out,835983
peaux et pelleterie de chamois,1,non,out,835983
peaux et pelleterie de chat,3,non,out,835983
peaux et pelleterie de chèvre,0,non,out,835983
peaux et pelleterie de daim,0,non,out,835983
peaux et pelleterie de maroquin,4,non,,41540
peaux et pelleterie de maroquins,4,oui,out,835983
peaux et pelleterie de mouton,0,non,out,835983
peaux et pelleterie de veau,0,non,out,835983
peaux et poil,1,non,out,835983
peaux étrangères et sauvages,76,non,out,835983
peaux fourrure d'écureuil,21,non,out,835983
peaux grasses de mouton,2,non,,41540
peaux grasses de veau,1,non,out,835983
peaux jaunes,5,non,out,835983
peaux marinées de chat,4,non,out,835983
peaux maroquinées de mouton,4,non,out,835983
peaux maroquinées ou vernissées,2,non,out,835983
peaux mégissées,1,non,out,835983
peaux musqué de rat,5,non,out,835983
peaux non tannées de veau,1,non,out,835983
peaux passée,1,non,out,835983
peaux pelisse,8,non,out,835983
peaux pour emballage,14,non,out,835983
peaux pour éventail,2,non,out,835983
peaux pour éventails,1,non,out,835983
peaux pour gants,2,non,out,835983
peaux pour tambour,3,non,out,835983
peaux préparées d'agneau et chevreau en confit en poil et en mégie,2,non,out,835983
peaux préparées de veaux,1,non,out,835983
peaux rases,1,non,out,835983
peaux Russie,2,non,out,835983
peaux sauvages de castor,5,non,out,835983
peaux sauvagines,66,non,out,835983
peaux sauvagines en poil,1,non,out,835983
peaux sèches,2,non,out,835983
peaux sèches de putois,1,non,out,835983
peaux sèches en poil de lièvre et lapin,2,non,out,835983
peaux tannées,12,non,out,835983
peaux tannées de vache,10,non,out,835983
peaux tannées de veau,663,non,out,835983
peaux tapisserie,1,non,out,835983
peaux teintes,2,non,out,835983
peaux teintes de veau,8,non,out,835983
peaux vertes,1,non,,41540
pêche,66,non,,41540
pêche (sortie),250,non,,41540
pêche à la baleine,6,non,,41540
pêche à la morue,341,non,,41540
pêche à la morue de Terre-Neuve,22,non,,41540
pêche à la morue verte,38,non,,41540
pêche à la raie,85,non,,41540
pêche à la raie et aux maquereaux,11,non,,41540
pêche à la sardine,70,non,,41540
pêche à Terre-Neuve,42,non,,41540
pêche annuelle,26,non,,41540
pêche annuelle et au batelage,1,non,,41540
pêche au banc de Terre-Neuve,14,oui,,41540
pêche au cachalot,27,non,,41540
pêche au hareng,519,oui,,41540
pêche au maquereau,492,oui,,41540
pêche au poisson,2,non,,41540
pêche au poisson frais,1120,non,,41540
pêche aux cordes,12,non,,41540
pêche aux folles,52,non,,41540
pêche aux harengs,519,non,,41540
pêche aux huitres,4,non,,41540
pêche aux maquereaux,431,non,,41540
pêche aux maquereaux à la côte,6,non,,41540
pêche aux maquereaux frais,6,non,,41540
pêche aux maquereaux frais à la côte,24,non,,41540
pêche aux maquereaux salés,14,non,,41540
pêche aux moules,44,non,,41540
pêche aux moules et au poisson frais,2,non,,41540
pêche côtière,25,non,,41540
pêche côtière en Bretagne,8,non,,41540
pêche fraîche annuelle,2,non,,41540
pêche salée,2,non,,41540
pêche sèches,7,oui,out,835983
pêchers,1,non,out,835983
pêches,11,non,out,835983
pêches à l'eau-de-vie,3,non,out,835983
pêches fraîches,1,non,out,835983
pêches sèches,8,non,,41540
pêcheur,1,non,,41540
pecuacan,1,non,out,835983
peignes,13,non,out,835983
peignes à chanvre,1,non,out,835983
peignes à chanvre de fer,1,non,,41540
peignes à tisserand,22,non,out,835983
peignes d'écaille,29,non,out,835983
peignes d'étoffe,2,non,out,835983
peignes d'herbes,5,non,out,835983
peignes d'ivoire,50,non,out,835983
peignes d'os,5,non,out,835983
peignes de bois,22,non,out,835983
peignes de buis,340,non,out,835983
peignes de corne,47,non,out,835983
peignes de coton,1,non,out,835983
peignes de fer,2,non,,41540
peignes de griffon,1,non,out,835983
peignes de Rouen,1,non,out,835983
peignes de tisserand,2,non,out,835983
peignes des dieux,3,non,out,835983
peignes pour travailler la laine,1,non,out,835983
peintures,155,non,out,835983
peintures à l'huile,6,non,out,835983
peintures apprêtées,1,non,out,835983
peintures assorties,3,non,out,835983
peintures broyées,19,non,out,835983
peintures communes,7,non,out,835983
peintures et gravures,78,non,out,835983
peintures et tableaux,266,non,out,835983
peintures grossières,6,non,out,835983
peintures jaunes,1,non,out,835983
peintures préparées,1,non,out,835983
Pékin,102,non,out,835983
Pékin à fleur,6,non,out,835983
Pékin à grande fleur,1,non,out,835983
Pékin broché,1,non,out,835983
Pékin broché et rayé,1,non,out,835983
Pékin brodé,2,non,out,835983
Pékin mi soie,1,non,,41540
Pékin mi-soie,1,oui,out,835983
Pékin non peint,1,non,out,835983
Pékin peint,8,non,out,835983
Pékin peint et rayé,1,non,out,835983
Pékin petit,4,non,out,835983
Pékin ramagé,1,non,,41540
Pékin rayé,5,non,out,835983
Pékin uni,13,non,out,835983
pelincuche,1,non,out,835983
pelisse,2,non,out,835983
pelisse commune,13,non,out,835983
pellerie de fer,1,non,out,835983
pelles,2,non,out,835983
pelles à main de bois,1,non,out,835983
pelles à pinceves,1,non,out,835983
pelles à plat de bois,1,non,out,835983
pelles commune,1,non,out,835983
pelles de bois,117,non,out,835983
pelles de bois ailes de fléaux brosses etc,4,non,out,835983
pelles de bois et ailes de fléaux,84,non,out,835983
pelles de bois ferrées,10,non,out,835983
pelles de fer,31,non,out,835983
pelles de sapin,3,non,out,835983
pelles et pinces,2,non,out,835983
pelles ferrées,8,non,out,835983
pelles non ferrées,1,non,out,835983
pelleterie,561,non,out,835983
pelleterie ???,6,oui,out,835983
pelleterie apprêtée,775,non,out,835983
pelleterie apprêtée commune,27,non,out,835983
pelleterie apprêtée de lapin et de lièvre,2,non,out,835983
pelleterie apprêtée de phoque éjarré,2,non,out,835983
pelleterie apprêtée en blanc,1,non,out,835983
pelleterie apprêtée fine,2,non,out,835983
pelleterie apprêtées de sauvagines,4,oui,out,835983
pelleterie blanche,28,non,out,835983
pelleterie blanche et teinte,1,non,out,835983
pelleterie brute d'agneau et de chevreau,1,non,out,835983
pelleterie brute de lapin et de lièvre,1,non,out,835983
pelleterie commune,141,non,out,835983
pelleterie commune crue,18,non,out,835983
pelleterie commune du Canada,15,non,out,835983
pelleterie commune en poil,1,non,out,835983
pelleterie crue,279,non,out,835983
pelleterie crue en poil,2,non,out,835983
pelleterie cuir,2,non,out,835983
pelleterie d'oigneaux,1,non,,41540
pelleterie d'ours,0,non,out,835983
pelleterie de blaireaux onces léopards panthères tigres lions loups ordinaires zèbres cougars,2,non,out,835983
pelleterie de castor,1,non,out,835983
pelleterie de castors castorins chameaux chèvre vigognes lamas loutres,2,non,out,835983
pelleterie de chat,0,non,out,835983
pelleterie de daim,1,non,,41540
pelleterie de Gray,2,non,out,835983
pelleterie de lapin et de lièvre,0,non,out,835983
pelleterie de sauvagines,23,non,out,835983
pelleterie diverse apprêtée,3,non,out,835983
pelleterie du Canada,169,non,out,835983
pelleterie du Canada à passée,1,non,out,835983
pelleterie en parchemins,2,non,out,835983
pelleterie et peaux,40,non,out,835983
pelleterie et peaux apprêtées,9,non,out,835983
pelleterie fine,4,non,out,835983
pelleterie morceaux cousus de marte et petit gris,1,non,out,835983
pelleterie non apprêtée de lièvre,1,non,out,835983
pelleterie ouvrée,36,non,out,835983
pelleterie sans apprêt,186,non,out,835983
pelleterie sauvaigne,1,non,out,835983
pellicules d'alkermès,1,non,out,835983
pelong,1,non,out,835983
pelote de laine,1,oui,,41540
pelote de lin,8,non,out,835983
peluches,239,non,out,835983
peluches d'Amiens,2,non,out,835983
peluches de bois,1,non,out,835983
peluches de coton,4,non,out,835983
peluches de laine,2,non,out,835983
peluches et panne,1,non,out,835983
peluchon de prises,1,oui,out,835983
pelure de cacao,1,non,out,835983
pendants d'oreille,5,non,out,835983
pendants d'oreille de grena,1,non,out,835983
pendants d'oreilles à perles fausses,2,non,out,835983
penderie,1,non,out,835983
pendules,87,non,out,835983
pendules communes,3,non,out,835983
pendules de 8 livres,1,non,,41540
pendules de bois,2,non,out,835983
pendules de cuivre,2,non,,41540
pendules de cuivre doré,1,non,out,835983
pendules et réveils,259,non,,41540
péniens,0,non,out,835983
penne,1,non,out,835983
penne aguipon,1,non,out,835983
pentures de fer,2,non,out,835983
pépins d'orange,1,non,out,835983
percale,11,non,out,835983
percale bleue,3,non,out,835983
percale de,1,non,out,835983
percale ou coutil pour couette,1,non,out,835983
perceintes,2,non,out,835983
percepierre,25,non,out,835983
percerettes,5,non,out,835983
percerettes de fer,1,non,out,835983
perches,37,non,out,835983
perches à houblon,5,non,out,835983
perches carrées,1,non,out,835983
perches communes,1,non,out,835983
perches communes ou petites de sapin,129,non,out,835983
perches de 10 pieds,1,non,out,835983
perches de 15 à 20 pieds,1,non,out,835983
perches de 20 à 25 pieds,1,non,out,835983
perches de 25 pieds,1,non,out,835983
perches de bois,7,non,out,835983
perches de bois à houblon,1,oui,out,835983
perches de bois et échalas de bois et échasses de bois,9,non,out,835983
perches de bois et échalas de bois et éclisses de bois,7,non,out,835983
perches de bois pour houblon,1,non,,41540
perches de bois pour jardin,1,non,out,835983
perches de lawaire,1,non,out,835983
perches de sapin,32,non,out,835983
perches de sapin de 10 pieds,1,non,,41540
perches de sapin de 15 à 16 pieds,1,non,out,835983
perches de sapin de 15 pieds,1,non,out,835983
perches de sapin de 18 pieds,1,non,,41540
perches de sapin de 25 à 26 pieds,1,non,,41540
perches dites boomse capravens,21,non,out,835983
perches dites waerettes,1,non,out,835983
perches dites waires,1,non,out,835983
perches du warette,1,non,out,835983
perches et plantes et vignes,3,non,out,835983
perches ferrées,1,non,out,835983
perches grande,4,non,out,835983
perches grandes dit juffers,51,non,out,835983
perches moyennes dites capravens,74,non,out,835983
perches petites et échalas petits et étançons petits,45,non,out,835983
perches pour faire des chaises,0,non,,41540
perdreaux,5,non,out,835983
perdrix,49,non,out,835983
perdrix en plumes,1,non,out,835983
perdrix marinées,1,non,out,835983
pereintes en chêne,1,non,out,835983
pérelle,2,non,out,835983
perlasse ???,1,non,out,835983
perlasse et gravelées,1,non,out,835983
perles,3,non,out,835983
perles bleues,1,non,out,835983
perles de verre,4,non,maybe venetian glass beads,734
perles en semence,2,non,maybe venetian glass beads,734
perles en semence dite grainelle,5,non,maybe venetian glass beads,734
perles et pierres fines montées et non montées,52,non,out,835983
perles fausses,117,non,maybe venetian glass beads,734
perles fausses montées,40,non,maybe venetian glass beads,734
perles fines,15,non,out,835983
perles fines de toute pêche,4,non,out,835983
pernambouc,3,non,out,835983
perpétuane,87,non,out,835983
perpétuane apprêtée et peinte,4,non,out,835983
perpétuane aune,1,oui,out,835983
perpétuane blanche,8,non,out,835983
perpétuane de laine,4,non,out,835983
perpétuane peinte,3,non,out,835983
perroquets,149,non,out,835983
perruques,229,non,out,835983
perruques à bourses,1,non,out,835983
perruques communes,2,non,out,835983
perruques de cheveux,1,non,out,835983
perruques de cheveux et laine,2,non,out,835983
perruques de laine,2,non,out,835983
perruques de peau d'agneau,1,non,out,835983
perruques de peau de mouton,1,non,out,835983
perruques de poil de chèvre,1,non,out,835983
perruques neuves,1,non,out,835983
perruques vieilles,1,non,out,835983
perses,1,non,out,835983
persienne,3,non,out,835983
persil de macédoine,2,non,out,835983
personnes,1,oui,,41540
pertiolles,5,non,out,835983
pertuisanes,2,non,out,835983
pesetas,1,non,out,835983
petit carré de fer,1,non,out,835983
petit raz de castor,2,oui,out,835983
petit raz refoulé,1,oui,out,835983
petit raze de castor,2,non,,41540
petit raze refoulé,1,non,,41540
petit salé,34,non,out,835983
petit salé et porcs salés,1,non,out,835983
petit son,1,non,out,835983
petite Venise,1,non,out,835983
petites de lit en satin,2,non,,41540
petites de lit en satin brodé,2,non,,41540
petites pièces de pin,1,non,out,835983
petits barils vides,1,non,,41540
petits chênes dits chêneaux,16,non,out,835983
pétrification,2,non,out,835983
pétrole,6,non,out,835983
petum,2,non,out,835983
peury,1,non,out,835983
pevine,1,non,out,835983
phaéton,23,non,out,835983
phiass,2,non,out,835983
philas,1,non,out,835983
philipichine,18,non,out,835983
philipichine de poil,1,non,out,835983
phillipichine,11,non,out,835983
photade,1,oui,out,835983
photas,45,oui,out,835983
photas des Indes,2,non,out,835983
piano,2,non,out,835983
piano forte,2,non,out,835983
piastres,130,non,out,835983
piastres d'Espagne,7,non,out,835983
piastres du grand seigneur,2,non,out,835983
piastres et talaris,1,non,out,835983
piastres et talaris par La Cure et Strasbourg,1,non,out,835983
piastres et talaris par Marseille,2,non,out,835983
piastres et talaris par Strasbourg,1,non,out,835983
piastres fortes,1,non,out,835983
piastres gourdes,1,non,out,835983
piastres par approximation,2,non,,41540
piastres par le Havre,1,non,out,835983
piastres par le Pont de Beauvoisin,2,non,out,835983
picotte,21,non,out,835983
picotte de laine,2,non,out,835983
picotte de Lille,4,non,out,835983
picotte de soie,1,non,out,835983
pièce vide,2,oui,,41540
pièces à eau,4,non,out,835983
pièces couvertures de laine,3,non,out,835983
pièces d'argent de 28,1,non,,41540
pièces d'argent et d'or d'Espagne,1,non,out,835983
pièces d'or d'Espagne,1,non,out,835983
pièces de ???,0,non,,41540
pièces de bois,0,non,,41540
pièces vides,2,non,,41540
pied d'huile,1,non,out,835983
pied d'huile de poisson,1,non,out,835983
piedmento,2,non,out,835983
pieds d'élan,6,non,out,835983
pieds d'ormes,1,non,,41540
pieds de bœuf,3,non,out,835983
pieds de bœuf et sang de bétail,2,non,out,835983
pieds de cochon,1,non,out,835983
pieds de gite de bois scié,4,non,out,835983
pieds de vide,1,non,out,835983
pieds doré,1,non,out,835983
pieds et têtes,1,non,out,835983
pienne de fil,1,non,out,835983
pierre à paver,6,oui,,41540
pierre à plâtre ou plâtre brut,2,oui,out,835983
pierre d'ailx,1,oui,out,835983
pierre d'algazon,1,oui,out,835983
pierre de calcaire,1,oui,,41540
pierrerie,1,non,out,835983
pierrerie fausse,1,non,out,835983
pierrerie fausse et fine,1,non,out,835983
pierres,635,non,out,835983
pierres ???,1,non,out,835983
pierres à,1,non,out,835983
pierres à affiler,1,non,out,835983
pierres à affiler de 1 à 2 1/2 pieds,87,non,out,835983
pierres à affiler de 3 à 4 pieds,17,non,out,835983
pierres à affiler de 5 à 6 pieds,85,non,out,835983
pierres à affiler milanaises ou fiquets,11,non,out,835983
pierres à aiguiser,557,non,out,835983
pierres à aiguiser et en meules et à taillandier,30,non,out,835983
pierres à aiguiser et tendres,1,non,out,835983
pierres à aiguiser milanaise ou fiquets,1,non,out,835983
pierres à aiguiser ou fiquets,96,non,out,835983
pierres à bâtir,195,non,out,835983
pierres à bâtir brutes,47,non,out,835983
pierres à bâtir chaux et plâtre,51,non,out,835983
pierres à bâtir communes,142,non,out,835983
pierres à bâtir communes de 3 à 7 pieds,2,non,out,835983
pierres à bâtir dites tuffeaux,3,non,out,835983
pierres à bâtir et à paver,15,non,out,835983
pierres à broyer couleurs,2,non,out,835983
pierres à broyer couleurs et moudre tabac,1,non,out,835983
pierres à broyer couleurs et tabac,2,non,out,835983
pierres à broyer le cacao,1,non,out,835983
pierres à calfeutrer,1,non,out,835983
pierres à chaux,155,non,out,835983
pierres à détacher,1,non,out,835983
pierres à diguer,104,non,out,835983
pierres à distiller d'eau,1,non,out,835983
pierres à éviers,2,non,out,835983
pierres à faire chaux,16,oui,out,835983
pierres à faucher,1,non,out,835983
pierres à faux,224,non,out,835983
pierres à faux et à polir,13,non,out,835983
pierres à feu,7,non,out,835983
pierres à feu autres qu'agates,2,non,out,835983
pierres à filtrer,5,non,out,835983
pierres à filtrer l'eau,23,non,out,835983
pierres à fouler le blé,1,non,out,835983
pierres à four,4,non,out,835983
pierres à foyer,9,non,out,835983
pierres à fusils,1104,non,out,835983
pierres à fusils et autres,1,non,out,835983
pierres à hamatilles,1,non,out,835983
pierres à huile,15,non,out,835983
pierres à manganèse,1,oui,out,835983
pierres à meubles,3,non,out,835983
pierres à meuler,1,non,out,835983
pierres à meules,31,non,out,835983
pierres à mordre,1,non,out,835983
pierres à mordre moutarde de 1 1/2 à 3 pieds,2,non,out,835983
pierres à mordre tabac,2,non,out,835983
pierres à moules,1,non,out,835983
pierres à moutarde travaillées,15,non,out,835983
pierres à passer,1,non,out,835983
pierres à paver,146,non,out,835983
pierres à paver d'1 pied carré,55,non,out,835983
pierres à paver d'en dessus d'1 pied carré,16,non,out,835983
pierres à paver de 12 à 13 pouces,2,non,out,835983
pierres à paver de 3 à 9 pouces,3,non,out,835983
pierres à paver de 9 pouces,4,non,out,835983
pierres à paver non polies,6,non,out,835983
pierres à paver polies,11,non,out,835983
pierres à plaque,1,non,out,835983
pierres à plâtre ou plâtre brut,6,non,out,835983
pierres à polir,2,non,out,835983
pierres à polir et ponce,76,non,out,835983
pierres à rasoir,47,non,out,835983
pierres à repasser,4,non,out,835983
pierres à soie,2,non,,41540
pierres à taillandier,31,non,out,835983
pierres à tombe,1,non,out,835983
pierres à vin,1,non,,41540
pierres antiques,1,non,out,835983
pierres bant et de jais,1,non,out,835983
pierres bas de malle,1,non,out,835983
pierres blanches,17,non,out,835983
pierres blanches à bâtir,4,non,out,835983
pierres blanches à carreler,1,non,out,835983
pierres blanches en longues pièces à paver,42,non,out,835983
pierres bleues,25,non,out,835983
pierres bleues à paver,2,non,out,835983
pierres bleues brûlées,1,non,out,835983
pierres bleues en blocs,8,non,out,835983
pierres bleues en carreaux,1,non,out,835983
pierres bleues travaillées,1,non,out,835983
pierres calamines,4,non,out,835983
pierres calcaires,1,non,,41540
pierres caprades blanches,2,non,out,835983
pierres carrées à bâtir,1,non,out,835983
pierres carrées à paver,8,non,out,835983
pierres carrées à paver de 8 à 9 pouces,49,non,out,835983
pierres chaux et plâtre,24,oui,out,835983
pierres codes,104,non,out,835983
pierres cornaline,1,non,out,835983
pierres d'absinthe,1,non,out,835983
pierres d'agate,13,non,out,835983
pierres d'agate travaillées,1,non,out,835983
pierres d'ailx,1,non,,41540
pierres d'aimant,15,non,out,835983
pierres d'algazon,1,non,,41540
pierres d'architecture,119,non,out,835983
pierres d'ardoise,45,non,out,835983
pierres d'arquebuse,2,non,out,835983
pierres d'asphalte,1,non,out,835983
pierres d'autel,17,non,out,835983
pierres d'écrevisses,1,non,out,835983
pierres d'élan,1,non,out,835983
pierres d'émeraude,3,non,out,835983
pierres d'émeri,83,non,out,835983
pierres d'éponges,2,non,out,835983
pierres d'hyacinthe,1,non,out,835983
pierres de ??? à paver,1,non,out,835983
pierres de barre,1,oui,out,835983
pierres de barres,1,non,,41540
pierres de barriques,1,non,out,835983
pierres de bas de meule,1,non,out,835983
pierres de Bentem,2,non,out,835983
pierres de Bidache,7,non,out,835983
pierres de Bidache en carreaux,2,non,out,835983
pierres de bleu,1,non,out,835983
pierres de Briançon,1,non,out,835983
pierres de chaussée ou de grès,118,non,out,835983
pierres de chaux,6,oui,out,835983
pierres de composition,7,non,out,835983
pierres de construction,1,oui,,41540
pierres de corail,1,non,,41540
pierres de coument,1,non,out,835983
pierres de faux,2,non,out,835983
pierres de fer,1,non,out,835983
pierres de fonte,1,non,out,835983
pierres de four,41,non,out,835983
pierres de fusils,3,non,out,835983
pierres de grès,22,non,out,835983
pierres de grés à paver,5,non,out,835983
pierres de grison,42,non,out,835983
pierres de jacinthe,1,non,,41540
pierres de jais,5,non,out,835983
pierres de jais brut,1,non,out,835983
pierres de jais et ???,5,non,out,835983
pierres de jaspe,2,non,out,835983
pierres de laine,4,non,out,835983
pierres de Malte,57,non,out,835983
pierres de marbre,9,non,out,835983
pierres de marbre brut,1,non,out,835983
pierres de marbre ouvré,7,non,out,835983
pierres de matte,2,non,out,835983
pierres de meubles,1,oui,out,835983
pierres de meules,3,non,out,835983
pierres de Milan,3,non,out,835983
pierres de mine,1,non,out,835983
pierres de molasse,1,non,out,835983
pierres de mole,2,non,out,835983
pierres de mouches,2,non,out,835983
pierres de moulage,11,non,out,835983
pierres de moulin,1,non,,41540
pierres de Namur,6,non,out,835983
pierres de roche,2,non,out,835983
pierres de Saint-Cast,22,non,out,835983
pierres de seuil,4,non,out,835983
pierres de Suisse,8,non,out,835983
pierres de taille,68,non,out,835983
pierres de taille à effiler,1,non,out,835983
pierres de taille de 5 pieds de longueur sur 3 pieds de largueur,2,non,out,835983
pierres de taille en lest,1,non,,41540
pierres de tombe,10,non,out,835983
pierres de tombe de 4 à 6 pieds,45,non,out,835983
pierres de tombe de 7 à 9 pieds,31,non,out,835983
pierres de tombe de haute catégorie,6,non,out,835983
pierres de tombe de moindre classe,48,non,out,835983
pierres de touche,2,non,out,835983
pierres de tuiles,1,non,out,835983
pierres de verre,5,non,maybe venetian glass beads,734
pierres de vin,109,non,out,835983
pierres des Indes,1,non,out,835983
pierres éclatantes,8,non,out,835983
pierres éclatantes et de verre,1,non,out,835983
pierres éclatantes et fausses,4,non,out,835983
pierres éclatantes ou de verre,1,non,out,835983
pierres en ???,1,non,out,835983
pierres en blocs,4,non,out,835983
pierres en blocs et brutes,3,non,out,835983
pierres en borne-frontière,1,non,out,835983
pierres en carreaux,9,non,out,835983
pierres en carreaux à mouler,1,non,out,835983
pierres en cheminée et statue,2,non,out,835983
pierres en cheminée et travaillées,1,non,out,835983
pierres en cippes,2,non,out,835983
pierres en grès taillés meules,25,non,out,835983
pierres en longues pièces à paver,56,non,out,835983
pierres en masses et en blocs,47,non,out,835983
pierres en meules,11,non,out,835983
pierres en mortier,2,non,out,835983
pierres en pièces grandes,1,non,out,835983
pierres en quartiers,14,non,out,835983
pierres en quartiers à bâtir,1,non,out,835983
pierres et chanvre,1,non,out,835983
pierres et grès taillés,28,non,out,835983
pierres et meules à aiguiser,18,non,out,835983
pierres et plâtre,6,non,out,835983
pierres et terres à bâtir,1,non,out,835983
pierres et terres servant aux arts et métiers,2,non,out,835983
pierres et tuffeaux,1,non,,41540
pierres façonnées d'architecte,1,non,out,835983
pierres fausses,72,non,out,835983
pierres fausses et fines,2,non,out,835983
pierres fausses et montées,35,non,out,835983
pierres fausses et pur métal,1,non,out,835983
pierres fausses non montées,5,non,out,835983
pierres ferrugineuses,4,non,out,835983
pierres fines,1,non,out,835983
pierres froides,67,non,out,835983
pierres fusil,3,non,out,835983
pierres jaunes,1,non,out,835983
pierres lithographiques,3,non,out,835983
pierres lithographiques et autres,3,non,out,835983
pierres maclous de brique,1,non,,41540
pierres maguisses minérales pour la fabrique de Tournai,3,non,out,835983
pierres manganèse,7,non,out,835983
pierres marcassite,2,non,out,835983
pierres meules,7,non,out,835983
pierres minérales,3,non,out,835983
pierres noires,32,non,out,835983
pierres ponces,252,non,out,835983
pierres pour faire sucre,3,non,out,835983
pierres pour la bâtisse,9,non,out,835983
pierres pour la fortification de la rade,1,non,,41540
pierres pour la rade,142,non,,41540
pierres pour les fortifications,2,non,,41540
pierres pour les travaux du roi,2,non,,41540
pierres pour piliers,2,non,out,835983
pierres pourries,5,non,out,835983
pierres serpentine,2,non,out,835983
pierres signons,1,non,,41540
pierres taillées,15,non,out,835983
pierres taillées à bâtir,1,non,out,835983
pierres taillées en auge,2,non,out,835983
pierres tendres,1,non,out,835983
pierres travaillées,49,non,out,835983
pierres travaillées en banc balcon goulots etc.,125,non,out,835983
pierrestre,2,oui,out,835983
pierrette,2,non,out,835983
pierreuve,1,non,out,835983
pierriers,21,non,out,835983
pierriers de fer,13,non,out,835983
pierriers de fonte,1,non,out,835983
pierriers garnis de leurs boites,2,non,out,835983
pigaras,1,non,out,835983
pigeons,11,non,out,835983
pigeons sauvages,1,non,out,835983
pignes de fer à cordes,1,non,out,835983
pignons,26,non,out,835983
pignons cassés,61,non,out,835983
pignons d'épine,137,non,out,835983
pignons d'Inde,43,non,out,835983
pignons de pin,11,non,out,835983
pignons doux,1,non,,41540
pignons en coques,1,non,,41540
pigouilles,2,non,out,835983
pigouilles de 11 à 15,2,non,out,835983
piharge,4,non,out,835983
piles de bois,1,non,out,835983
piliers de frêne,0,non,,41540
pilotis,2,non,out,835983
pilules,1,non,out,835983
pilules de Belloste,1,non,out,835983
piment,540,non,out,835983
piment des entrepôts,0,non,out,835983
piment en grains,6,non,,41540
piment et poivre,91,non,out,835983
pinasse,39,non,out,835983
pince de fer,5,non,out,835983
pinceaux,154,non,out,835983
pinceaux ???,1,non,out,835983
pinceaux à blanchir,1,non,out,835983
pinceaux à dorer,1,non,out,835983
pinceaux à goudron,5,non,out,835983
pinceaux à goudronner,21,non,out,835983
pinceaux à peindre,4,non,out,835983
pinceaux de fer,1,non,out,835983
pincettes,2,non,out,835983
pincettes de fer,1,non,out,835983
pinche,1,non,out,835983
pinchinat,50,non,out,835983
pinchinat de laine,16,non,out,835983
pinchinat gris,1,non,out,835983
pinen,1,non,out,835983
pinques,1,non,out,835983
pioches de fer,4,non,out,835983
pipes,28,non,out,835983
pipes à cordée,1,non,out,835983
pipes à cuivre,1,non,out,835983
pipes à fumer,930,non,out,835983
pipes à fumer ???? pour la Hollande,1,non,out,835983
pipes à fumer de terre,4,oui,out,835983
pipes à fumer de terre cuite,39,non,out,835983
pipes à fumer grosses,1,non,out,835983
pipes à tabac,122,non,out,835983
pipes cerclées de fer,1,non,out,835983
pipes céréalier de fer,0,non,out,835983
pipes de bois à fumer,2,oui,out,835983
pipes de bois pour fumer,2,non,,41540
pipes de side,1,oui,out,835983
pipes de terre,12,non,out,835983
pipes de terre cuite,8,oui,out,835983
pipes de terre cuite et porcelaine,3,non,,41540
pipes de vide,1,oui,out,835983
pipes en bottes,6,non,out,835983
pipes et porcelaines,3,oui,,41540
pipes et tuiles,2,non,,41540
pipes garnies,1,non,,41540
pipes muid,3,non,out,835983
pipes sans émail à fumer de terre,1,non,out,835983
pipes vides,26,non,out,835983
pipes vieilles,2,non,out,835983
pipes vieilles et vides,7,non,out,835983
piphout en blocs,7,non,out,835983
piques,4,non,out,835983
piques de fer,1,non,out,835983
pissuron,1,non,out,835983
pistache,3,non,out,835983
pistaches,337,non,out,835983
pistaches cassées,2,non,out,835983
pistaches en coques,1,non,out,835983
pistaches non cassées,1,non,out,835983
pistaches sèches,10,non,out,835983
pistolets,110,non,out,835983
pistolets à feu,1,non,out,835983
pistolets d'arçon,1,non,out,835983
pistolets Damas ?,1,non,,41540
pistolets de maître,1,non,out,835983
pistolets de traite,7,non,out,835983
pistolets démontés,38,non,out,835983
pistolets garnis d'argent,1,non,out,835983
pistolets montés,123,non,out,835983
pistolets par paire,1,oui,out,835983
pistolets vieux,1,non,out,835983
pivoine,2,non,out,835983
pivots de fer,9,non,out,835983
plaids,85,non,out,835983
plaids ou châles,16,non,out,835983
plaire,5,non,out,835983
plaisses et solles sec et fumés,64,non,out,835983
plan d'habitation,1,non,out,835983
plancards,10,non,out,835983
planchenier,1,non,out,835983
planches,5071,non,out,835983
planches à bâtir,1,non,out,835983
planches alcalines,5,non,out,835983
planches communes,6,non,out,835983
planches communes de chêne et hêtre,4,non,out,835983
planches communes de hêtre,73,non,out,835983
planches communes de sapin,55,non,out,835983
planches communes de sapin ou pin,2,non,out,835983
planches communes et bois,44,non,out,835983
planches d'acajou,43,non,out,835983
planches d'acajou de 10 pieds,4,non,,41540
planches d'acajou de 12 pieds,1,non,,41540
planches d'acajou de 4 pieds,1,non,,41540
planches d'acajou de 5 à 10 pieds,1,non,,41540
planches d'acajou de 5 pieds,1,non,,41540
planches d'acajou de 6 pieds,1,non,,41540
planches d'acajou de 8 pieds,6,non,out,835983
planches d'acajou de 9 pieds,3,non,out,835983
planches d'arbres,4,non,out,835983
planches d'ardoise,1,non,out,835983
planches d'aunis,1,non,out,835983
planches d'orme,4,non,out,835983
planches d'orme de 80 pieds de longueur sur 3 pouces d'épaisseur,2,non,out,835983
planches de 12 à 18 pieds,2,non,out,835983
planches de 15 à 16 pieds,4,non,out,835983
planches de 18 pieds,1,non,out,835983
planches de 20 pied sur 1 pouce,3,non,out,835983
planches de 24 à 30 pieds,1,non,out,835983
planches de 3 à 12 pieds,1,non,out,835983
planches de 3 pieds dites pakdragers,2,non,out,835983
planches de 4 pieds,1,non,out,835983
planches de 7 pieds,1,non,out,835983
planches de 9 à 10 pieds,1,non,out,835983
planches de 9 pieds,1,non,out,835983
planches de bois,134,non,out,835983
planches de bois blanc,6,non,out,835983
planches de bois d'acajou de 10 pieds,1,oui,,41540
planches de bois d'acajou de 4 pieds,1,oui,,41540
planches de bois d'acajou de 5 à 10 pieds,1,oui,,41540
planches de bois d'acajou de 8 pieds,1,oui,,41540
planches de bois de 10 à 15 pieds,1,non,out,835983
planches de bois de faïence,1,non,,41540
planches de bois de hêtre de 8 pieds,1,non,,41540
planches de bois de rose,0,non,out,835983
planches de bois de rose de 8 à 9 pieds,1,non,,41540
planches de bois des Îles,1,non,out,835983
planches de bois des Indes,1,non,out,835983
planches de bois du Nord,12,non,out,835983
planches de bois et à barils,1,non,out,835983
planches de bois falquettes,2,non,out,835983
planches de bois fortes,1,non,out,835983
planches de bois jaune,1,non,,41540
planches de bois melliaises,1,non,out,835983
planches de bois minces,1,non,out,835983
planches de bois pour bordage,2,non,out,835983
planches de bois pour construction,3,non,out,835983
planches de bois rouge,1,non,,41540
planches de bois vernies,1,non,out,835983
planches de charme,0,non,out,835983
planches de charme de 10 pieds,1,non,,41540
planches de châtaignier,7,non,out,835983
planches de châtaignier de 16 pieds,1,non,out,835983
planches de châtaignier de 5 pieds,1,non,,41540
planches de chêne,360,non,out,835983
planches de chêne 24 pieds,2,non,out,835983
planches de chêne 26 pieds,1,non,out,835983
planches de chêne 6 pieds,1,non,out,835983
planches de chêne à 6,1,non,out,835983
planches de chêne à 9,1,non,out,835983
planches de chêne bouts,1,non,out,835983
planches de chêne communes,15,non,out,835983
planches de chêne d'un pouce et en dessous,136,non,out,835983
planches de chêne de 1 1/2 pouces,3,non,out,835983
planches de chêne de 1 1/4 pouces,2,non,out,835983
planches de chêne de 1/2 pouce,3,non,out,835983
planches de chêne de 1/4 pouce,2,non,out,835983
planches de chêne de 10 12 à 14 pieds,1,non,out,835983
planches de chêne de 10 à 11 pieds,2,non,out,835983
planches de chêne de 10 à 12 pieds,2,non,out,835983
planches de chêne de 10 à 12 pieds et de 1 pouce d'épaisseur,1,non,out,835983
planches de chêne de 10 pieds,25,non,out,835983
"planches de chêne de 10 pieds de long et de 0,75 pouce d'épaisseur",2,non,out,835983
"planches de chêne de 10 pieds et de 0,5 pouces d'épaisseur",1,non,out,835983
planches de chêne de 11 à 12 pieds,2,non,out,835983
planches de chêne de 11 pieds,4,non,out,835983
planches de chêne de 11 pieds de long et de 2 pouces d'épaisseur,1,non,out,835983
planches de chêne de 12 pieds,26,non,out,835983
planches de chêne de 13 à 14 pieds,1,non,,41540
planches de chêne de 13 pieds,2,non,out,835983
planches de chêne de 14 pieds,4,non,out,835983
planches de chêne de 15 à 20 pieds,1,non,out,835983
planches de chêne de 15 pieds,7,non,out,835983
planches de chêne de 16 pieds,3,non,out,835983
planches de chêne de 18 pieds,11,non,out,835983
planches de chêne de 18 pieds de long et de 1 pouce d'épaisseur,1,non,out,835983
"planches de chêne de 19,5 pieds de long et de 2 pouces d'épaisseur",1,non,out,835983
planches de chêne de 2 pouces et en dessus,109,non,out,835983
"planches de chêne de 2,5 pouces",2,non,out,835983
planches de chêne de 20 à 30 pieds,1,non,,41540
planches de chêne de 20 pieds,7,non,out,835983
planches de chêne de 21 pieds,1,non,,41540
planches de chêne de 22 pieds,3,non,out,835983
planches de chêne de 24 pieds,3,non,out,835983
planches de chêne de 25 à 30 pieds,1,non,,41540
planches de chêne de 25 pieds,6,non,out,835983
planches de chêne de 27 pieds,3,non,out,835983
planches de chêne de 28 pieds,4,non,out,835983
planches de chêne de 3 pouces et en dessus,96,non,out,835983
planches de chêne de 30 pieds,6,non,out,835983
planches de chêne de 32 pieds,3,non,out,835983
planches de chêne de 35 pieds,6,non,out,835983
planches de chêne de 36 pieds,2,non,out,835983
planches de chêne de 38 pieds,1,non,out,835983
planches de chêne de 4 pieds,1,non,out,835983
planches de chêne de 4 pouces,3,non,out,835983
planches de chêne de 40 pieds,4,non,out,835983
planches de chêne de 42 pieds,1,non,out,835983
planches de chêne de 5 pouces,2,non,out,835983
planches de chêne de 6 à 7 pieds,1,non,,41540
planches de chêne de 6 pieds,9,non,out,835983
planches de chêne de 7 à 8 pieds,1,non,out,835983
planches de chêne de 7 pieds,3,non,out,835983
planches de chêne de 8 à 9 pieds,2,non,out,835983
planches de chêne de 8 pieds,11,non,out,835983
planches de chêne de 8 pieds et demi,1,non,out,835983
planches de chêne de 9 à 10 pieds,4,non,out,835983
planches de chêne de 9 à 12 pieds,1,non,out,835983
planches de chêne de 9 pieds,8,non,out,835983
planches de chêne de 9 pieds et demi,1,non,out,835983
planches de chêne et planches de sapin,1,non,out,835983
planches de chêne pour bordage,10,non,out,835983
planches de chêne pour bordage de 21 pieds,0,non,out,835983
planches de chêne refendue de 10 pieds,1,non,,41540
planches de chênes de 20 pieds,1,non,out,835983
planches de chênes pour bordage,1,non,out,835983
planches de citronnier,2,non,out,835983
planches de Coperwick,5,non,out,835983
planches de cuivre,438,non,out,835983
planches de cuivre battu,1,non,out,835983
planches de cuivre gravées,1,non,out,835983
planches de cuivre jaune,4,non,out,835983
planches de cuivre neuf,1,non,out,835983
planches de cuivre rouge,24,non,out,835983
planches de cyprès,2,non,out,835983
planches de Danemark Prusse et Poméranie,9,non,out,835983
planches de futeau,2,non,out,835983
planches de hêtre,5,non,out,835983
planches de hêtre de 6 pieds,2,non,,41540
planches de jacaranda,1,non,out,835983
planches de laiton,14,non,out,835983
planches de lard,3,non,out,835983
planches de liège,1,non,,41540
planches de liège petites,1,non,out,835983
planches de lin,1,non,out,835983
planches de Lorient,1,non,out,835983
planches de merisier,1,non,out,835983
planches de mûrier,1,non,out,835983
planches de noyer,47,non,out,835983
planches de noyer d'un pouce de 1/2,1,non,out,835983
planches de noyer de 1 pied,1,non,,41540
planches de noyer de 10 pieds de long et de 6 pouces d'épaisseur,1,non,,41540
planches de noyer de 12 pieds,2,non,out,835983
planches de noyer de 3 pieds,1,non,out,835983
planches de noyer de 4 pieds,1,non,,41540
planches de noyer de 5 à 7 pieds,1,non,,41540
"planches de noyer de 5 à 7 pieds de long de 1 à 1,5 pieds de large et de 1 à 3 pouce d'épaisseur",1,non,out,835983
"planches de noyer de 5,5 pieds de long de 0,5 pieds de large et de 1 pouce d'épaisseur",1,non,out,835983
planches de noyer de 6 pieds,1,non,out,835983
"planches de noyer de 6 pieds de long de 0,5 pieds de large et de 1 pouce d'épaisseur",1,non,out,835983
planches de noyer de 6 pieds de long et de 2 pieds d'épaisseur,1,non,,41540
planches de noyer de 8 pieds de long et de 2 pouces d'épaisseur,2,non,,41540
planches de papier communes,1,non,out,835983
planches de peuplier,1,non,out,835983
planches de pin,28,non,out,835983
planches de piphout,75,non,out,835983
planches de plomb,88,non,out,835983
planches de plomb et grains de plomb,5,non,out,835983
planches de plomb et plomb en saumon et plomb en rouleau,6,non,out,835983
planches de plomb gravées,2,non,out,835983
planches de poirier cerisier etc,4,non,out,835983
planches de pont de barque,1,non,out,835983
planches de Prusse,182,non,out,835983
planches de Prusse 28 pieds,1,oui,out,835983
planches de Prusse communes,7,non,out,835983
planches de Prusse de ??? pieds de long et de 4 pouces d'épaisseur,1,non,,41540
planches de Prusse de 10 à 12 pieds,3,non,out,835983
planches de Prusse de 10 pieds,1,non,out,835983
planches de Prusse de 11 à 12 pieds,1,non,out,835983
planches de Prusse de 12 a 13 pieds et de 1 pouce d'épaisseur,1,non,out,835983
planches de Prusse de 12 pieds,1,non,out,835983
planches de Prusse de 13 à 16 pieds,1,non,out,835983
planches de Prusse de 13 pieds,1,non,out,835983
planches de Prusse de 15 pieds,2,non,out,835983
planches de Prusse de 15 pieds de long et de 3 pouces d'épaisseur,1,non,,41540
"planches de Prusse de 18 à 30 pieds et de 1,75 à 2 pouces d'épaisseur",1,non,out,835983
planches de Prusse de 18 pieds,3,non,out,835983
planches de Prusse de 18 pieds à 41 pieds à 1 pouce 1/2 4 pouces d'épaisseur,1,non,out,835983
planches de Prusse de 20 pieds,2,non,out,835983
planches de Prusse de 21 à 22 pieds,1,non,out,835983
planches de Prusse de 22 pieds,2,non,out,835983
planches de Prusse de 24 pieds,4,non,out,835983
planches de Prusse de 25 pieds,3,non,out,835983
planches de Prusse de 26 à 27 pieds,1,non,out,835983
planches de Prusse de 26 ou 27 pieds,1,non,,41540
planches de Prusse de 26 pieds,1,non,,41540
planches de Prusse de 27 à 28 pieds,1,non,out,835983
planches de Prusse de 27 pieds,7,non,out,835983
planches de Prusse de 28 à 30 pieds,3,non,out,835983
planches de Prusse de 28 pieds,5,non,out,835983
planches de Prusse de 30 à 32 pieds,1,non,,41540
planches de Prusse de 30 à 40 pieds,1,non,out,835983
planches de Prusse de 30 ou 32 pieds,1,non,,41540
planches de Prusse de 30 pieds,8,non,out,835983
planches de Prusse de 32 pieds,1,non,,41540
planches de Prusse de 33 à 35 pieds,1,non,out,835983
planches de Prusse de 33 pieds,3,non,out,835983
planches de Prusse de 34 à 35 pieds et de 2 pouces d'épaisseur,1,non,out,835983
planches de Prusse de 35 pieds,3,non,out,835983
planches de Prusse de 36 pieds,3,non,out,835983
planches de Prusse de 37 pieds,1,non,out,835983
planches de Prusse de 38 pieds,1,non,,41540
planches de Prusse de 4 pieds,1,non,,41540
planches de Prusse de 40 à 41 pieds à 3 pouces d'épaisseur,1,non,out,835983
planches de Prusse de 40 pieds,2,non,out,835983
planches de Prusse de 42 pieds,0,non,out,835983
planches de Prusse de 5 pieds,1,non,out,835983
planches de Prusse de 7 à 9 pieds,1,non,out,835983
planches de Prusse de 8 à 12 pieds,1,non,out,835983
planches de Prusse de 8 à 9 pieds,1,non,out,835983
planches de Prusse de 8 pieds,1,non,out,835983
planches de Prusse de 9 à 10 pieds,1,non,out,835983
planches de Prusse de 9 pieds,1,non,out,835983
planches de Prusse demie,1,oui,out,835983
planches de Prusse diverses,2,non,,41540
planches de Prusse en bouts,1,non,,41540
planches de Prusse petites,2,non,out,835983
planches de Prusse refendues de 1 pied,1,non,,41540
planches de Pui,5,non,out,835983
planches de rebut,3,non,out,835983
planches de sapin,2069,non,out,835983
planches de sapin 1/2 planches,1,non,out,835983
planches de sapin 10 à 11 pieds,3,non,out,835983
planches de sapin 10 à 13 pieds,1,non,out,835983
planches de sapin 11 à 12 pieds,1,non,out,835983
planches de sapin 12 à 14 pieds,1,non,out,835983
planches de sapin 12 à 15 pieds,1,non,out,835983
planches de sapin 12 pieds,7,non,out,835983
planches de sapin 13 à 14 pieds,1,non,out,835983
planches de sapin 15 à 18 pieds,2,non,out,835983
planches de sapin 15 pieds,2,non,out,835983
planches de sapin 18 pieds,14,non,out,835983
planches de sapin 19 à 20 pieds,1,non,out,835983
planches de sapin 26 à 27 pieds,1,non,out,835983
planches de sapin 26 à 29 pieds,1,non,out,835983
planches de sapin 27 pieds,1,non,out,835983
planches de sapin 30 pieds,2,non,out,835983
planches de sapin 32 à 33 pieds,1,non,out,835983
planches de sapin 32 à 34 pieds,1,non,out,835983
planches de sapin 35 pieds,1,non,out,835983
planches de sapin 36 pieds,1,non,out,835983
planches de sapin 4 pieds,1,non,out,835983
planches de sapin 6 à 7 pieds,1,non,out,835983
planches de sapin 6 pieds,1,non,out,835983
planches de sapin 7 à 11 pieds,1,non,out,835983
planches de sapin 7 à 8 pieds,1,non,out,835983
planches de sapin 8 à 12 pieds,1,non,out,835983
planches de sapin 8 pieds,1,non,out,835983
planches de sapin 9 à 10 pieds,2,non,out,835983
planches de sapin 9 à 10 pieds à 15 sous,1,non,out,835983
planches de sapin 9 pieds,1,non,out,835983
planches de sapin au grand compte,4,non,out,835983
planches de sapin boîtes,1,non,out,835983
planches de sapin commun,277,non,out,835983
planches de sapin d'un demi-pied,1,non,,41540
planches de sapin de ???,1,non,,41540
planches de sapin de ??? pieds,0,non,out,835983
planches de sapin de 1 1/4 pouce,2,non,out,835983
planches de sapin de 1 pouce,4,non,out,835983
planches de sapin de 1/2 pouce,2,non,out,835983
planches de sapin de 10 à 11 pieds,49,non,out,835983
planches de sapin de 10 à 11 pieds à 20 sous,1,non,out,835983
planches de sapin de 10 à 12 pieds,36,non,out,835983
"planches de sapin de 10 à 12 pieds à 1 pouce 1,5 pouce d'épaisseur",1,non,out,835983
planches de sapin de 10 à 12 pieds à 30 sous,1,non,out,835983
planches de sapin de 10 à 13 pieds,3,non,out,835983
planches de sapin de 10 à 14 pieds,2,non,out,835983
planches de sapin de 10 à 15 pieds,5,non,out,835983
"planches de sapin de 10 a 16 pieds et de 1 à 1,25 pouce d'épaisseur",2,non,out,835983
planches de sapin de 10 à 18 pieds,1,non,out,835983
planches de sapin de 10 à 20 pieds,1,non,out,835983
planches de sapin de 10 aunes ?,1,non,,41540
planches de sapin de 10 pieds,75,non,out,835983
planches de sapin de 10 pieds à 20 sous,2,non,out,835983
planches de sapin de 10 pieds et 1 1/2 pouce,3,non,out,835983
planches de sapin de 11 à 12,1,non,out,835983
planches de sapin de 11 à 12 pieds,5,non,out,835983
planches de sapin de 11 à 14 pieds,1,non,out,835983
planches de sapin de 11 a 20 pieds de long et de 1 pouce d'épaisseur,1,non,out,835983
planches de sapin de 11 pieds,22,non,out,835983
planches de sapin de 12 à 13 pieds,6,non,out,835983
planches de sapin de 12 à 14 pieds,4,non,out,835983
planches de sapin de 12 à 15 pieds,4,non,out,835983
planches de sapin de 12 à 16 pieds,4,non,out,835983
planches de sapin de 12 à 18 pieds,1,non,out,835983
planches de sapin de 12 à 20 pieds,2,non,out,835983
planches de sapin de 12 pieds,63,non,out,835983
planches de sapin de 13 à 14 pieds,4,non,out,835983
"planches de sapin de 13 a 17 pieds et de 1 à 1,5 pouce d'épaisseur",2,non,out,835983
planches de sapin de 13 à 18 pieds,1,non,,41540
planches de sapin de 13 pieds,20,non,out,835983
"planches de sapin de 13 pieds et de 1,25 pouce d'épaisseur",1,non,out,835983
planches de sapin de 14 à 15 pieds,1,non,out,835983
planches de sapin de 14 à 16 pieds,3,non,out,835983
planches de sapin de 14 pieds,13,non,out,835983
planches de sapin de 14 pieds de long,1,non,,41540
planches de sapin de 14 pieds de long et de 10 de large,1,non,,41540
planches de sapin de 15 à 16 pieds,1,non,out,835983
planches de sapin de 15 a 17 pieds de long et de 1 pieds d'épaisseur,1,non,out,835983
planches de sapin de 15 à 18 pieds,3,non,,41540
planches de sapin de 15 à 20 pieds,4,non,out,835983
planches de sapin de 15 à 30 pieds,1,non,out,835983
planches de sapin de 15 pieds,27,non,out,835983
planches de sapin de 16 à 17 pieds,3,non,out,835983
planches de sapin de 16 à 18 pieds,2,non,out,835983
planches de sapin de 16 a 20 pieds et de 1 a 2 pouces d'épaisseur,2,oui,out,835983
planches de sapin de 16 pieds,28,non,out,835983
planches de sapin de 17 à 18 pieds,1,non,out,835983
planches de sapin de 17 à 20 pieds,3,non,out,835983
planches de sapin de 17 pieds,2,non,out,835983
planches de sapin de 18 à 20 pieds,8,non,out,835983
planches de sapin de 18 à 21 pieds,1,non,out,835983
planches de sapin de 18 à 22 pieds,1,non,out,835983
planches de sapin de 18 pieds,60,non,out,835983
planches de sapin de 20 à 22 pieds,2,non,out,835983
planches de sapin de 20 à 24 pieds,2,non,out,835983
planches de sapin de 20 à 25 pieds,3,non,out,835983
planches de sapin de 20 à 26 pieds,3,non,out,835983
planches de sapin de 20 à 27 pieds,3,non,out,835983
planches de sapin de 20 à 30 pieds,4,non,out,835983
planches de sapin de 20 pieds,36,non,out,835983
planches de sapin de 21 à 22 pieds,2,non,out,835983
planches de sapin de 21 à 24 pieds,1,non,out,835983
planches de sapin de 21 pieds,4,non,out,835983
planches de sapin de 22 à 23 pieds,1,non,out,835983
planches de sapin de 22 pieds,23,non,out,835983
planches de sapin de 22 pieds,1,non,,41540
planches de sapin de 23 pieds,4,non,out,835983
planches de sapin de 24 à 26 pieds,1,non,out,835983
planches de sapin de 24 à 27 pieds,1,non,out,835983
planches de sapin de 24 à 30 pieds,2,non,out,835983
planches de sapin de 24 à 36 pieds,1,non,out,835983
planches de sapin de 24 pieds,23,non,out,835983
planches de sapin de 25 à 26 pieds,4,non,out,835983
planches de sapin de 25 pieds,21,non,out,835983
planches de sapin de 26 à 27 pieds,11,non,out,835983
planches de sapin de 26 à 30 pieds,1,non,out,835983
planches de sapin de 26 pieds,31,non,out,835983
planches de sapin de 27 à 28 pieds,3,non,out,835983
"planches de sapin de 27 a 28 pieds et de 1,5 pouce d'épaisseur",1,non,out,835983
planches de sapin de 27 à 29 pieds,2,non,,41540
planches de sapin de 27 à 30 pieds,4,non,out,835983
planches de sapin de 27 pieds,26,non,out,835983
planches de sapin de 28 à 29 pieds,1,non,,41540
planches de sapin de 28 à 30 pieds,5,non,out,835983
planches de sapin de 28 à 32 pieds,1,non,,41540
planches de sapin de 28 pieds,18,non,out,835983
planches de sapin de 29 à 30 pieds,1,non,out,835983
planches de sapin de 29 à 32 pieds,1,non,,41540
planches de sapin de 29 pieds,1,non,out,835983
planches de sapin de 3 à 4 pieds,9,non,out,835983
planches de sapin de 3 à 6 pieds,2,non,out,835983
planches de sapin de 3 pieds,2,non,out,835983
planches de sapin de 3/4 pouce,2,non,out,835983
planches de sapin de 30 à 32 pieds,3,non,out,835983
planches de sapin de 30 à 33 pieds,1,non,out,835983
planches de sapin de 30 à 34 pieds,4,non,out,835983
planches de sapin de 30 à 35 pieds,1,non,,41540
planches de sapin de 30 à 36 pieds,2,non,out,835983
planches de sapin de 30 à 38 pieds,1,non,out,835983
planches de sapin de 30 à 40 pieds,1,non,out,835983
planches de sapin de 30 pieds,49,non,out,835983
planches de sapin de 31 pieds,3,non,out,835983
planches de sapin de 32 à 33 pieds,3,non,out,835983
planches de sapin de 32 pieds,11,non,out,835983
planches de sapin de 33 à 34 pieds,1,non,out,835983
planches de sapin de 33 pieds,5,non,out,835983
planches de sapin de 34 à 35 pieds,1,non,,41540
planches de sapin de 34 pieds,1,non,,41540
planches de sapin de 35 pieds,4,non,out,835983
planches de sapin de 36 pieds,9,non,out,835983
planches de sapin de 38 pieds,2,non,out,835983
planches de sapin de 4 à 5 pieds,32,non,out,835983
planches de sapin de 4 à 5 pieds à 4 sous,1,non,out,835983
planches de sapin de 4 à 6 pieds,1,non,,41540
planches de sapin de 4 pieds,12,non,out,835983
planches de sapin de 4 pieds à 6 pouces,0,non,out,835983
planches de sapin de 40 pieds,5,non,out,835983
planches de sapin de 44 à 50 pieds,1,non,,41540
planches de sapin de 45 pieds,1,non,out,835983
planches de sapin de 48 pieds,3,non,out,835983
planches de sapin de 5 à 12 pieds à 1 pouce 1 pouce 1/2 d'épaisseur,1,non,out,835983
planches de sapin de 5 à 6 pieds,23,non,out,835983
planches de sapin de 5 à 6 pieds à 4 sous,1,non,out,835983
planches de sapin de 5 à 7 pieds,2,non,out,835983
planches de sapin de 5 à 8 pieds,1,non,,41540
planches de sapin de 5 pieds,17,non,out,835983
planches de sapin de 50 pieds,3,non,out,835983
planches de sapin de 6 a 10 pieds et de 1 pouce d'épaisseur,2,non,out,835983
planches de sapin de 6 à 15 pieds,1,non,out,835983
planches de sapin de 6 à 7 pieds,14,non,out,835983
planches de sapin de 6 à 8 pieds,1,non,out,835983
planches de sapin de 6 pieds,12,non,out,835983
planches de sapin de 6 pieds et de 1 pouce d'épaisseur,1,non,out,835983
"planches de sapin de 6,5 pieds",1,non,,41540
planches de sapin de 7 à 10 pieds,1,non,out,835983
planches de sapin de 7 à 12 pieds,1,non,out,835983
planches de sapin de 7 à 8 pieds,31,non,out,835983
planches de sapin de 7 à 8 pieds à 6 sous,1,non,out,835983
planches de sapin de 7 à 9 pieds,2,non,out,835983
planches de sapin de 7 pieds,15,non,out,835983
planches de sapin de 75 pieds,1,non,out,835983
planches de sapin de 8 à 10 pieds,8,non,out,835983
planches de sapin de 8 à 10 pieds à 10 sous,1,non,out,835983
planches de sapin de 8 à 11 pieds,1,non,,41540
"planches de sapin de 8 a 11 pieds et de 1 a 1,5 pouce d'épaisseur",3,non,out,835983
planches de sapin de 8 à 12 pieds,2,non,out,835983
"planches de sapin de 8 a 12 pieds et de 1 a 1,5 pouce d'épaisseur",5,non,out,835983
planches de sapin de 8 à 13 pieds,1,non,out,835983
planches de sapin de 8 à 36 pieds,1,non,,41540
planches de sapin de 8 à 7 pieds,1,non,out,835983
planches de sapin de 8 à 9 pieds,55,non,out,835983
planches de sapin de 8 à 9 pieds à 10 sous,1,non,out,835983
planches de sapin de 8 à 9 pieds à 12 sous,1,non,out,835983
planches de sapin de 8 pieds,46,non,out,835983
planches de sapin de 8 pieds à 12 sous,1,non,out,835983
"planches de sapin de 8,5 pieds",1,non,,41540
planches de sapin de 85 pieds,1,non,out,835983
planches de sapin de 9 à 10,1,non,out,835983
planches de sapin de 9 à 10 pieds,57,non,out,835983
planches de sapin de 9 à 10 pieds à 15 sous,1,non,out,835983
planches de sapin de 9 à 10-11 pieds,1,non,out,835983
planches de sapin de 9 à 11 pieds,7,non,out,835983
planches de sapin de 9 à 12 pieds,2,non,out,835983
planches de sapin de 9 à 13 pieds,1,non,out,835983
planches de sapin de 9 à 15 pieds,2,non,out,835983
planches de sapin de 9 pieds,47,non,out,835983
planches de sapin de 9 pieds de longueur,2,non,out,835983
"planches de sapin de 9 pieds et de 1,25 pouce d'épaisseur",1,non,out,835983
planches de sapin de Coperwick,0,non,out,835983
planches de sapin de Norvège,66,non,out,835983
planches de sapin de Poméranie,18,non,out,835983
planches de sapin de Prusse,0,non,out,835983
planches de sapin de rebut,6,non,out,835983
planches de sapin de rebut de 75 pieds,1,non,out,835983
planches de sapin demi planches,8,non,out,835983
planches de sapin duicroco,1,non,out,835983
planches de sapin en bouts,7,non,,41540
planches de sapin et rebut,2,non,out,835983
planches de sapin fendues,2,non,out,835983
planches de sapin grand,8,non,out,835983
planches de sapin moyennes,1,non,,41540
planches de sapin pour bordage,1,non,out,835983
planches de sapin pour grenier,9,non,out,835983
planches de sapin rebut,3,non,out,835983
planches de sapin rebut de 10 pieds,1,non,out,835983
planches de sapin rebut de 26 pieds,1,non,out,835983
planches de sapin refendues,5,non,out,835983
planches de sapin resciées,3,non,out,835983
planches de sapin rouge,2,non,out,835983
planches de sapin rouge de 9 pieds,0,non,out,835983
planches de sapin vieilles,1,non,,41540
planches de serva,1,non,out,835983
planches de Suisse,1,non,out,835983
planches de vathout,51,non,out,835983
planches de wagheschot,89,non,out,835983
planches demies,2,oui,,41540
planches dites feuillet,2,non,out,835983
planches dites feuillet et quartiers,3,non,out,835983
planches dites genoux de bateaux,32,non,out,835983
planches dites Noordschedelen de 11 à 12 pieds,2,non,out,835983
planches dites Noordschedelen de 15 à 16 pieds,3,non,out,835983
planches du Danemark,3,non,out,835983
planches en faux,2,non,out,835983
planches en lest,1,non,,41540
planches en poutres,2,non,out,835983
planches et poutrelles de bois de passementerie,3,non,out,835983
planches et rouleau en laiton,1,non,,41540
planches fendues,1,non,out,835983
planches laquées,1,non,out,835983
planches lourdes,64,non,out,835983
planches moyennes,1,non,out,835983
planches petites,3,non,out,835983
planches petites de sapin,12,non,out,835983
planches pour faux,1,non,out,835983
planches pour grenier,6,non,out,835983
planches pour grenier de 16 pieds,1,non,,41540
planches pour grenier de 18 pieds,1,non,,41540
planches pour grenier de 27 pieds,1,non,,41540
planches pour grenier de 30 pieds,1,non,,41540
planches pour grenier de 34 pieds,1,non,,41540
planches pour grenier de 36 pieds,1,non,,41540
planches refendues,2,non,out,835983
planches sciées,8,non,out,835983
planches sciées de long,7,non,out,835983
plançons,5,non,out,835983
plançons courbes,1,non,out,835983
plançons de chêne,2,non,out,835983
plantes d'asperges et jets de houblon,6,non,out,835983
plantes de jasmin,5,non,out,835983
plantes de romarin,24,non,out,835983
plantes diverses,22,non,out,835983
plantes herbes racines etc.,23,non,out,835983
plants ???,1,non,out,835983
plants d'arbres,49,non,out,835983
plants d'arbres à fruits,3,non,out,835983
plants d'argent,1,non,out,835983
plants d'artichauts,2,non,out,835983
plants d'asperges,24,non,out,835983
plants d'oignon,3,non,out,835983
plants d'oignons,1,non,out,835983
plants d'oranger,60,non,out,835983
plants de bois,1,non,out,835983
plants de bois sauvages,1,non,out,835983
plants de cédrat,3,non,out,835983
plants de chinois et fleurs,1,non,out,835983
plants de choux,2,non,out,835983
plants de citronnier,8,non,out,835983
plants de fleurs,31,non,out,835983
plants de jardin,2,non,out,835983
plants de jasmin,9,non,out,835983
plants de mûriers,22,non,out,835983
plants de rouge d'Espagne,1,non,out,835983
plants de tabac,5,non,out,835983
plants de vigne,104,non,out,835983
plaques,955,non,out,835983
plaques de bois,1,non,out,835983
plaques de cheminée,5,non,out,835983
plaques de cheminées en fer,4,non,out,835983
plaques de cornes,1,non,out,835983
plaques de cuivre,45,non,out,835983
plaques de cuivre rouge,3,non,out,835983
plaques de fer,59,non,out,835983
plaques de fer battu,1,non,out,835983
plaques de fer de fonte,2,non,out,835983
plaques de four,1,non,out,835983
plaques en tôle,1,non,out,835983
plaques et ouvrages de cuivre,9,non,,41540
plastic de soie,1,non,,41540
plat de grès,17,non,out,835983
plat de terre anglais,1,non,,41540
plateaux,4,non,out,835983
plateaux argentés,1,non,out,835983
plateaux de bois,3,non,out,835983
plateaux de bois pour peser,1,non,out,835983
plateaux de bordure de cuivre,1,non,out,835983
plateaux de cuivre,3,non,out,835983
plateaux de fer,1,non,out,835983
plateaux de fer vernis,2,non,out,835983
plateaux de noyer,1,non,out,835983
plateaux pour fléaux,1,non,out,835983
plateaux vernis,2,non,out,835983
plateaux vernis et de cote,1,non,out,835983
plates de cuivre,11,non,out,835983
plates de cuivre ciselées et gravées,2,non,out,835983
plates de cuivre jaune,23,non,out,835983
plates de cuivre rouge,87,non,out,835983
plates de fer,20,non,out,835983
platies,2,non,out,835983
platille,362,non,out,835983
platille de lin,7,non,out,835983
platille de lin de Silésie,3,non,out,835983
platille de retour,1,non,,41540
platille de retour faute de vente,1,oui,out,835983
platille des Indes,6,non,out,835983
platille pour Guinée,1,non,out,835983
platille roussie,1,non,out,835983
platines,4,non,out,835983
platines à cassave,13,non,out,835983
platines à verdet,1,non,out,835983
platines de cuivre,108,non,out,835983
platines de cuivre et plaques de cuivre,0,non,out,835983
platines de fer,11,non,out,835983
platines de fer coulé de fonte,1,non,out,835983
platines de fer-blanc,1,non,out,835983
platines de ferrure,2,non,out,835983
platines de fusils,11,non,out,835983
platines en lingots,2,non,out,835983
platines minerai,1,non,out,835983
platon,1,non,,41540
plâtre,569,non,out,835983
plâtre brut,1,non,out,835983
plâtre calciné ou brut,2,non,out,835983
plâtre calciné ou moulé préparé,2,non,out,835983
plâtre calciné ou moulé soit préparé,4,non,out,835983
plâtre de pierres,2,non,out,835983
plâtre et pierres ditto,118,non,out,835983
plâtre et pierres ditto par livre,10,non,out,835983
plâtre gris,2,non,out,835983
plâtre moulu,2,non,out,835983
plâtre moulu soit préparé,1,non,out,835983
plats d'étain,2,non,,41540
plats de boire,1,non,out,835983
plats de bois,8,non,out,835983
plats de d'étain,1,non,out,835983
plats de faïence,1,non,out,835983
plats de fer,15,non,out,835983
plats de sapin,1,non,out,835983
plats et pots d'étain,1,non,out,835983
plawens,4,non,out,835983
plawens ou codde,11,non,out,835983
plesny,1,non,out,835983
pleviers,2,non,out,835983
plies sèches,4,non,out,835983
plocq,107,non,out,835983
plomb,492,non,out,835983
plomb à gibier,9,non,out,835983
plomb à tirer,2,oui,out,835983
plomb argenté,1,non,out,835983
plomb battu ou laminé,7,non,out,835983
plomb brut,15,non,out,835983
plomb brut en pain,1,non,out,835983
plomb de caisse de thé,1,non,out,835983
plomb de chasse,79,non,out,835983
plomb de cuivre battu,4,non,out,835983
plomb de pêche,1,non,out,835983
plomb de soude,1,oui,out,835983
plomb de soudes,1,non,,41540
plomb de toutes sortes,7,oui,,41540
plomb divers,30,oui,out,835983
plomb en barre,22,oui,out,835983
plomb en barres,23,non,,41540
plomb en bloc,127,non,out,835983
plomb en feuilles,5,non,out,835983
plomb en grenaille,1002,non,out,835983
plomb en lingot,8,non,out,835983
plomb en masse,1,non,out,835983
plomb en pain,27,non,out,835983
plomb en plaque,19,non,out,835983
plomb en poids,2,non,out,835983
plomb en rolles et travaillé,128,non,out,835983
plomb en rouleau,113,non,out,835983
plomb en rouleau et en tables,2,non,out,835983
plomb en rouleau lingots,4,non,out,835983
plomb en rouleau lingots etc.,2,non,out,835983
plomb en rouleau lingots tables,1,non,out,835983
plomb en saumon,1393,non,out,835983
plomb en saumon d'Allemagne,2,non,out,835983
plomb en saumon et grenaille,9,non,,41540
plomb en saumon et rouleau,6,non,,41540
plomb en saumon et table,6,non,,41540
plomb en saumon pour grenaille,1,non,,41540
plomb en saumon pour table,3,non,,41540
plomb en saumon rouleau,2,oui,,41540
plomb en saumon salé,1,non,,41540
plomb et toutenague,93,non,out,835983
plomb giboyer,1,oui,out,835983
plomb laminé,49,non,out,835983
plomb laminé rouleau,1,non,out,835983
plomb pour filets à pêcher,1,non,out,835983
plomb sable,0,non,out,835983
plomb thé,1,non,out,835983
plomb tuyaux d'orgues,2,non,out,835983
plomb vieux,34,non,out,835983
plombagine,4,non,out,835983
plumes,223,non,out,835983
plumes à cure-dents,15,non,out,835983
plumes à écrire,769,non,out,835983
plumes à écrire d'oie,3,non,out,835983
plumes à écrire et à lit,164,non,out,835983
plumes à écrire et à lit duvet et édredon,15,non,out,835983
plumes à écrire non travaillées,2,non,out,835983
plumes à lit,537,non,out,835983
plumes à lit brutes,1,non,out,835983
plumes à lit vives,119,non,out,835983
plumes à manchon,10,non,out,835983
plumes à phants,1,non,out,835983
plumes à plumet,1,non,out,835983
plumes à volant,14,non,out,835983
plumes apprêtées,3,non,out,835983
plumes apprêtées à écrire,19,non,out,835983
plumes apprêtées blanches de parure,2,non,out,835983
plumes apprêtées blanches grandes de parure,2,non,out,835983
plumes apprêtées d'autruche,364,non,out,835983
plumes apprêtées de coq,1,non,out,835983
plumes apprêtées de parure,2,non,out,835983
plumes apprêtées grandes de parure,2,non,out,835983
plumes apprêtées noires de parure,4,non,out,835983
plumes apprêtées petites de parure,2,non,out,835983
plumes blanches brutes de parure,2,non,out,835983
plumes blanches brutes grandes de parure,2,non,out,835983
plumes brutes,3,non,out,835983
plumes brutes à écrire,24,non,out,835983
plumes brutes à genice,4,non,out,835983
plumes brutes de parure,28,non,out,835983
plumes brutes grandes de parure,3,non,out,835983
plumes brutes noires de parure,4,non,out,835983
plumes brutes petites de parure,3,non,out,835983
plumes communes à lit,1,non,out,835983
plumes cordons gris et jaunes et rouges et à écrire,6,non,out,835983
plumes cordons jaunes à écrire,3,non,out,835983
plumes cordons rouges à écrire,3,non,out,835983
plumes d'aigledon,31,non,out,835983
plumes d'aiglon,5,non,out,835983
plumes d'aiglon en édredon,2,non,,41540
plumes d'autruche,203,non,out,835983
plumes d'autruche à écrire,1,non,out,835983
plumes d'autruche blanches,2,non,out,835983
plumes d'autruche brutes,184,non,out,835983
plumes d'autruche crues,35,non,out,835983
plumes d'autruche crues et noires,1,non,out,835983
plumes d'autruche et autres de parure,66,non,out,835983
plumes d'autruche et de vautour,11,non,out,835983
plumes d'autruche noires,2,non,out,835983
plumes d'édredon,25,non,out,835983
plumes d'oie,141,non,out,835983
plumes d'oie à lit,4,non,out,835983
plumes d'oiseaux,1,non,out,835983
plumes de coq,4,non,out,835983
plumes de duvet,3,non,,41540
plumes de lin,57,oui,out,835983
plumes de lit,57,non,,41540
plumes de poule,50,non,out,835983
plumes de soie,1,non,out,835983
plumes duvet,3,oui,out,835983
plumes en ???,1,non,out,835983
plumes idem,1,non,out,835983
plumes mortes,82,non,out,835983
plumes mortes à lit,2,non,out,835983
plumes noire,3,non,out,835983
plumes pour dévidoir,1,non,out,835983
plumes pour duvet,3,non,out,835983
plumes teintes,2,non,out,835983
plumes vives,2,non,out,835983
plumes vives à lit,2,non,out,835983
plumets,10,non,out,835983
plumets pour chapeaux,112,non,out,835983
plus,1,non,,41540
pluviers,1,non,out,835983
poches de peau,1,non,out,835983
poêles,4,non,out,835983
poêles à chaudron de fer,1,non,out,835983
poêles à chauffer,3,non,out,835983
poêles à feu,42,non,out,835983
poêles à frire,151,non,out,835983
poêles à frire de fer,167,non,out,835983
poêles à frire de fer battu,1,non,out,835983
poêles d'airain,1,non,out,835983
poêles de faïence,5,non,out,835983
poêles de fer,68,non,out,835983
poêles de fer à feu,4,non,out,835983
poêles de fer de fonte,1,non,out,835983
poêles de fer et leurs tuyaux,2,non,out,835983
poêles de fer pesant 600 livres,1,non,,41540
poêles de feu à frire,1,non,out,835983
poêles de terre,1,non,out,835983
poêlons de cuivre,2,non,out,835983
poêlons de cuivre jaune,1,non,,41540
poêlons de fer,1,non,out,835983
poids,11,non,out,835983
poids à peser,2,non,out,835983
poids de 28 ??? de Hollande,1,non,,41540
poids de fer,168,non,out,835983
poids de fer de fonte,1,non,out,835983
poids de fonde,1,non,out,835983
poids de plomb,1,non,out,835983
poignards et sabres de traite,1,non,out,835983
poignées d'épée d'argent,1,non,out,835983
poignées pour sabres,3,non,out,835983
poignets de chemise,3,non,out,835983
poil,140,non,out,835983
poil blanc,1,non,out,835983
poil brossiers et rognures,1,oui,out,835983
poil d'autruche en laine pour faire lisière,1,non,out,835983
poil d'élan et de lièvre,1,non,out,835983
poil d'Espagne d'argent,1,non,out,835983
poil de ???,1,non,out,835983
poil de bœuf,24,non,out,835983
poil de bœuf c'est de la laine,1,non,out,835983
poil de bœuf et de vache,6,non,out,835983
poil de bouc,2,non,out,835983
poil de carton,1,non,out,835983
poil de castor,44,non,out,835983
poil de castor et d'élan,2,non,out,835983
poil de chameau,111,non,out,835983
poil de chameau et de chèvre,49,non,out,835983
poil de chameau et de chèvre et de lièvre,13,non,out,835983
poil de chameau et de lièvre,4,non,out,835983
poil de cheval,1,non,out,835983
poil de chèvre,238,non,out,835983
poil de chèvre et de lapin et de lièvre,200,non,out,835983
poil de chèvre non filé,2,non,out,835983
poil de chèvre simple,22,non,out,835983
poil de chevreau,8,non,out,835983
poil de chevrotin,36,non,out,835983
poil de cochon,1,non,out,835983
poil de coton,1,non,out,835983
poil de laine,4,non,out,835983
poil de lapin,202,non,out,835983
poil de lapin et de lièvre,93,non,out,835983
poil de lièvre,37,non,out,835983
poil de loup,1,non,out,835983
poil de porcs,6,non,out,835983
poil de porcs et poil de sanglier,86,non,out,835983
poil de sanglier,109,non,out,835983
poil de vache,4,non,out,835983
poil et cheveux,40,non,out,835983
poil pour doublage,1,non,out,835983
poil propre à la chapellerie et à la filature,4,non,out,835983
poinade,2,non,out,835983
poinçon neuf et vide,1,non,out,835983
point d'argent et d'or,1,non,out,835983
point d'Espagne,1,non,out,835983
point d'Espagne d'argent,1,non,out,835983
point d'Espagne d'argent et d'or,3,non,out,835983
point d'Espagne d'or,3,non,out,835983
point d'Espagne et ruban or et argent,1,non,out,835983
point d'or,1,non,out,835983
point de Hongrie,27,non,out,835983
pointes de bâts,9,non,out,835983
pointes de bois,5,non,out,835983
pointes de bois pour bâts,6,oui,out,835983
pointes de corne,1,non,out,835983
pointes de Hongrie,2,non,out,835983
pointes de queues de martre,3,non,out,835983
pointes pour bâtir de bois,1,non,out,835983
poireaux,3,non,out,835983
poireaux à planter,1,non,out,835983
poires,76,non,out,835983
poires de coing,15,non,out,835983
poires du bon chrétien,85,non,out,835983
poires du bon chrétien et de coing,3,non,out,835983
poires en pommes,3,non,out,835983
poires et pommes,4,non,out,835983
poires et pommes communes,135,non,out,835983
poires et pommes fraîches,80,non,out,835983
poires et pommes sèches,85,non,out,835983
poires fraîches,3,non,out,835983
poires sèches,8,non,out,835983
pois,255,non,out,835983
pois blancs,5,non,out,835983
pois carrés,3,non,,41540
pois chiches,46,non,out,835983
pois communs,127,non,out,835983
pois confits,1,non,out,835983
pois crus,2,non,out,835983
pois d'Espagne,33,non,out,835983
pois de Bourgogne,112,non,out,835983
pois de Grasse,1,non,out,835983
pois en gerbe,15,non,out,835983
pois et fève et haricot,2,oui,out,835983
pois et fèves,10,oui,out,835983
pois fayolles,2,oui,out,835983
pois haricots,1,oui,out,835983
pois noirs,1,non,,41540
pois pointus,5,non,,41540
pois secs,73,non,out,835983
pois secs et verts,1,non,out,835983
pois verts,118,non,out,835983
poisson,657,non,out,835983
poisson ???,7,non,out,835983
poisson anchois,38,non,out,835983
poisson blanc,1,non,out,835983
poisson blanc et petit,102,non,out,835983
poisson d'eau douce,24,non,out,835983
poisson d'eau douce frais,1,non,out,835983
poisson d'eau douce frais préparé,4,non,out,835983
poisson de mer,39,non,out,835983
poisson de mer 196 lignes,1,non,out,835983
poisson de mer de pêche française,5,non,out,835983
poisson de mer divers,9,non,out,835983
poisson de mer frais,10,non,out,835983
poisson de mer frais fumé salé ou sec,3,non,out,835983
poisson de mer frais salé et sec,1,non,out,835983
poisson de mer mariné à l'huile,7,non,out,835983
poisson de mer salé,2,non,out,835983
poisson de mer salé divers,0,non,out,835983
poisson de mer salé et mariné,19,non,out,835983
poisson de mer salé et mariné ??? blanc,3,non,out,835983
poisson de mer salé ou mariné,10,non,out,835983
poisson de mer sec,1,non,out,835983
poisson dit julienne,2,non,,41540
poisson divers salé,8,non,out,835983
poisson en adobe,90,non,out,835983
poisson en anchois,1,non,out,835983
poisson en daube,2,non,out,835983
poisson frais,367,non,out,835983
poisson frais de mer,9,non,out,835983
poisson frais et gros,13,non,out,835983
poisson frais et mariné et salé,11,non,out,835983
poisson frais et petit,4,non,out,835983
poisson frais et salé,68,non,out,835983
poisson frais menu,1,non,out,835983
poisson frit,127,non,out,835983
poisson frit et gros,1,non,out,835983
poisson frit salé,1,non,out,835983
poisson mariné,13,non,out,835983
poisson salé,1078,non,out,835983
poisson salé de,2,non,,41540
poisson salé et frais,9,non,out,835983
poisson salé et mariné,26,non,out,835983
poisson salé morue accompagnée de ???,3,non,out,835983
poisson sec,12,non,out,835983
poissons salés,8,non,,41540
poissons salés et secs,2,non,,41540
poivre,1864,non,out,835983
poivre à meules,1,non,out,835983
poivre blanc,58,non,out,835983
poivre blanc-noir,0,non,out,835983
poivre brun,2,non,out,835983
poivre commun,52,non,out,835983
poivre concassé,1,non,out,835983
poivre de Bourgogne,1,non,out,835983
poivre de girofle,2,non,out,835983
poivre de Jamaïque,1,non,out,835983
poivre de roussi,1,non,out,835983
poivre des entrepôts,0,non,out,835983
poivre des Indes,4,non,out,835983
poivre dit maniquette,2,non,out,835983
poivre doux,1,non,out,835983
poivre en grabeau,51,non,out,835983
poivre en grains,13,non,out,835983
poivre en poudre,1,non,out,835983
poivre en poussière,4,non,out,835983
poivre giroflé,254,non,out,835983
poivre léger,1,non,out,835983
poivre long,42,non,out,835983
poivre noir,110,non,out,835983
poivre ordinaire,38,non,out,835983
poivre piment,12,non,out,835983
poivre rond,1,non,out,835983
poivre sec,1,non,out,835983
poivre vert,1,non,out,835983
poix,1564,non,out,835983
poix ???,2,non,,41540
poix blanche,11,non,out,835983
poix blanche et noire et résines,6,non,out,835983
poix blanche et résines,4,non,out,835983
poix de Bourgogne,3,non,out,835983
poix et tartre,10,non,out,835983
poix et térébenthine,14,non,out,835983
poix étrangère,1,non,out,835983
poix grasse,11,non,out,835983
poix molle,1,non,out,835983
poix noire,84,non,out,835983
poix noire et poix blanche,0,non,out,835983
poix ou galipot,5,non,out,835983
poix résines,229,non,out,835983
poix terck daguet goudron,123,non,out,835983
polimi,73,non,out,835983
polimi de poil,11,non,out,835983
polimi gris,2,non,out,835983
polonaises,2,non,out,835983
polypode,10,non,out,835983
pomargues,1,non,out,835983
pomelles à voiliers,1,non,out,835983
pomette d'acier,1,non,out,835983
pommade,569,non,out,835983
pommade commune,1,non,out,835983
pommade de senteur,31,oui,out,835983
pommade et poudre,10,non,out,835983
pommade et poudre et savonnettes,2,non,out,835983
pommade et savonnettes,110,non,out,835983
pommeaux de cuivre doré,1,non,out,835983
pommes,228,non,out,835983
pommes crues,1,non,out,835983
pommes d'api,2,non,out,835983
pommes de caille,1,non,out,835983
pommes de cannes,1,non,out,835983
pommes de cannes décaillées,1,non,,41540
pommes de grenade,22,non,out,835983
pommes de paradis,1,non,out,835983
pommes de rainettes,4,non,out,835983
pommes de terre,87,non,out,835983
pommes elemy,1,non,out,835983
pommes et poires,18,non,out,835983
pommes fraîches,38,non,out,835983
pommes sèches,3,non,out,835983
pompes,13,non,out,835983
pompes à boire,1,non,out,835983
pompes à éteindre le feu,1,non,out,835983
pompes à feu,5,non,out,835983
pompes à Hollande,1,non,out,835983
pompes à incendie,3,non,out,835983
pompes à laver les vitres,1,non,out,835983
pompes à main et petites,1,non,out,835983
pompes à navire,2,non,out,835983
pompes de bois,27,non,out,835983
pompes de bois à main,1,non,,41540
pompes de cuivre,1,non,out,835983
pompes de fer,1,non,out,835983
pompes de Hollande,1,non,out,835983
pompes de navire,0,non,out,835983
pompes de plomb,1,non,out,835983
pompes de plomb de 20 pieds,1,non,out,835983
pompes pour pompiers,3,non,out,835983
pompons,1,non,out,835983
pompons d'argent et de soie,1,non,out,835983
poncire,70,non,out,835983
ponçure de pin,1,non,out,835983
Pondichéry,1,non,out,835983
poopee ?,1,non,,41540
popeline,18,non,out,835983
popeline de coton et soie,2,non,out,835983
popeline de filoselle,1,non,out,835983
popeline de laine,1,non,,41540
popeline de soie,1,oui,out,835983
popeline des prises,1,non,out,835983
populeum,5,non,out,835983
porcelaine,1695,non,out,835983
porcelaine à la valeur,1,non,out,835983
porcelaine commune,133,non,out,835983
porcelaine commune et fine,2,non,out,835983
porcelaine contrefaite,5,non,out,835983
porcelaine de Chine,2,non,out,835983
porcelaine de Hollande,12,non,out,835983
porcelaine de Saint-Cloud,5,non,out,835983
porcelaine de Saxe,10,non,out,835983
porcelaine de Tournai,2,non,out,835983
porcelaine des Indes,69,non,out,835983
porcelaine diverse,4,non,out,835983
porcelaine du Faubourg Saint-Antoine,1,non,out,835983
porcelaine du Japon,1,non,out,835983
porcelaine et faïence,2,non,out,835983
porcelaine fine,9,non,out,835983
porcelaine fine à la valeur,1,non,out,835983
porcelaine fine au kilogramme,2,non,out,835983
porcelaine Hollande,1,non,out,835983
porcelaine soucoupes et tasses,1,non,out,835983
porcelets,87,non,out,835983
porcelets de 6 mois,1,non,,41540
porcelets et porcs,22,non,out,835983
porcs,282,non,out,835983
porcs au-dessous de 6 mois,4,non,out,835983
porcs au-dessus de 6 mois,1,non,out,835983
porcs confits,6,non,out,835983
porcs de 6 mois et au-dessus,4,non,out,835983
porcs de lait,158,non,out,835983
porcs de lait au-dessous de 3 mois,2,non,out,835983
porcs et porcelets,1,oui,out,835983
porcs frais,11,non,out,835983
porcs fumés,1,non,out,835983
porcs gras,297,non,out,835983
porcs gras en vie,1,non,out,835983
porcs gras et maigres,1,non,out,835983
porcs maigres,20,non,out,835983
porcs maigres salés,2,non,out,835983
porcs poulets,2,non,out,835983
porcs salé,0,oui,,41540
porcs salé et petit salé,1,oui,,41540
porcs salés,393,non,out,835983
porcs salés et petit salé,6,non,,41540
porcs tués,1,non,out,835983
porcs tués petits,1,non,out,835983
porphyre,1,non,out,835983
porte de verre,1,non,out,835983
porte la frine,1,non,,41540
portefeuilles,3,non,out,835983
portemanteaux,4,non,out,835983
portemanteaux de cuir,2,non,out,835983
portemanteaux de cuir de Russie,3,non,out,835983
portemanteaux de peau de Russie,1,oui,out,835983
portemanteaux de Russie,1,oui,out,835983
portevoix,1,non,out,835983
portevue,6,non,out,835983
portrait,2,non,out,835983
portrait à cadres dorés,1,non,out,835983
portrait de cour,5,non,out,835983
portrait de famille,3,non,out,835983
portrait et ses bordures,1,non,out,835983
portrait et ses bordures dorées,1,non,out,835983
portrait et ses bordures dorées et en pastel,1,non,out,835983
poste royale,20,non,,41540
pot à fleurs de faïence,1,non,,41540
pot de terre,2,non,out,835983
pot de terre couvert d'étain,2,non,out,835983
potache,4,non,out,835983
potasse,1195,non,out,835983
potasse et védasse,6,non,out,835983
potasse et védasse et gravelée,86,non,out,835983
potasse gravelée et védasse,32,non,out,835983
poterie,141,non,out,835983
poterie à feu,1,non,out,835983
poterie commune,3,non,out,835983
poterie crue,1,non,out,835983
poterie d'orient,0,non,,41540
poterie de cuivre,1,non,out,835983
poterie de Delft,1,non,out,835983
poterie de faïence,263,non,out,835983
poterie de faïence et verrerie,53,non,out,835983
poterie de fer,31,non,out,835983
poterie de grès,243,non,out,835983
poterie de grès barbançons,1,non,out,835983
poterie de grès barbues,1,non,out,835983
poterie de grès cavelle,1,non,out,835983
poterie de grès commune,4,non,out,835983
poterie de grès commune et fine,2,non,out,835983
poterie de grès diverse,32,non,out,835983
poterie de grès fine,2,non,out,835983
poterie de grès moques,1,non,out,835983
poterie de livre,4,non,out,835983
poterie de pierre,70,non,out,835983
poterie de pierre et de terre,262,non,out,835983
poterie de raffinerie,1,non,out,835983
poterie de terraille,1,oui,out,835983
poterie de terre,432,oui,out,835983
poterie de terre barbançons,4,oui,out,835983
poterie de terre cannette,1,oui,out,835983
poterie de terre cruche,1,oui,out,835983
poterie de terre cuite,453,non,out,835983
poterie de terre cuite diverse,57,non,,41540
poterie de terre diverse,57,oui,out,835983
poterie de terre grossière,7,non,out,835983
poterie de terre terraille,43,oui,out,835983
poterie des Indes,1,non,out,835983
poterie diverse,31,non,out,835983
poterie du pays,1,non,,41540
poterie et terre,2,non,out,835983
poterie façon d'Angleterre et de terre,1,non,out,835983
poterie grès,1,non,out,835983
poterie jarre,10,non,out,835983
poterie ordinaire,1,non,out,835983
poterie petite et forme à sucre,1,non,out,835983
poterie terraille,59,oui,out,835983
poterie tuiles et verrerie,3,non,out,835983
potin,101,non,out,835983
potin à plomber pots,6,non,out,835983
potin bleu,1,non,,41540
potin cru,117,non,out,835983
potin gris,18,non,out,835983
potin raffiné,83,non,out,835983
pots,67,non,out,835983
pots à fleurs de faïence,1,non,out,835983
pots à forme à sucre,5,non,out,835983
pots à forme à sucre de terre,4,non,out,835983
pots à huile de terre,1,non,out,835983
pots à moutarde et verres à boire,1,non,out,835983
pots à peintures,1,non,out,835983
pots à raffinerie,2,non,out,835983
pots à rouler du tabac,1,non,out,835983
pots à sucre,1,non,,41540
pots à sucre de terre,10,non,out,835983
pots d'étain,2,non,out,835983
pots de brai en fer,1,non,out,835983
pots de cervier,1,non,out,835983
pots de chaises de commodité,5,non,out,835983
pots de chaises de faïence,1,non,out,835983
pots de chambre de faïence,1,non,out,835983
pots de faïence,2,non,out,835983
pots de faïence à eau,1,non,out,835983
pots de faïence à jardin,1,non,out,835983
pots de faïence de commodité,1,non,out,835983
pots de fer,26,non,out,835983
pots de grès,20,non,out,835983
pots de grès couverts d'étain,1,non,out,835983
pots de grès grands,1,non,out,835983
pots de rechange,2,non,out,835983
pots de rouge,3,non,out,835983
pots de sucre,1,non,out,835983
pots de terre,99,non,out,835983
pots de terre à faire,1,non,,41540
pots de terre et forme de terre à sucre,1,non,out,835983
pots de terre grands,1,non,out,835983
pots de terre pour apothicaire,1,non,out,835983
pots de terre rouge,1,non,out,835983
pots garnis d'étain et de terre,1,non,out,835983
pots non garnis et de terre,1,non,out,835983
pots pour chaises de commodité,2,non,out,835983
pou de soie,1,non,out,835983
poudre,85,non,out,835983
poudre ??? nationales d'après les états du département de poudre et de salpêtre,2,non,out,835983
poudre à cacheter,1,non,out,835983
poudre à canons,257,non,out,835983
poudre à canons de guerre,2,non,out,835983
poudre à canons et à tirer,12,non,out,835983
poudre à cirer,3,non,out,835983
poudre à encre,1,non,out,835983
poudre à fers,1,non,out,835983
poudre à feu,117,non,out,835983
poudre à fusil,3,non,out,835983
poudre à fusil et à tirer,14,non,out,835983
poudre à giboyer,1,non,,41540
poudre à liser,1,non,out,835983
poudre à odeur,2,non,out,835983
poudre à poudrer,719,non,out,835983
poudre à poudrer et de senteur,2,non,out,835983
poudre à poudrer et pommade,1,non,out,835983
poudre à tirer,352,non,out,835983
poudre à tirer d'après les états fournis par le directeur des poudres et salpêtre,5,non,out,835983
poudre à tirer fine,1,non,out,835983
poudre blanche,2,non,out,835983
poudre brillant,2,non,out,835983
poudre bronzante,4,non,out,835983
poudre cosmétique,5,non,out,835983
poudre d'Ailhaud,34,non,out,835983
poudre d'aventurine,2,non,out,835983
poudre d'émeri,1,non,out,835983
poudre d'iris,6,non,out,835983
poudre d'or,1,non,out,835983
poudre d'oxaca,1,non,out,835983
poudre de canons,1,non,out,835983
poudre de capucin,14,non,out,835983
poudre de carène,1,non,out,835983
poudre de chasse,1,non,out,835983
poudre de gouaxaca,1,non,out,835983
poudre de guerre,3,non,out,835983
poudre de marbre,1,non,out,835983
poudre de mine,1,non,out,835983
poudre de plomb,1,non,out,835983
poudre de riz,2,non,out,835983
poudre de sapin,1,non,out,835983
poudre de terre,3,non,out,835983
poudre de traite,6,non,out,835983
poudre de traite d'Angleterre et de Hollande,1,non,out,835983
poudre en grenaille,1,non,out,835983
poudre en lest,1,non,,41540
poudre en pommade,1,non,out,835983
poudre et pommade,1,non,,41540
poudre et salpêtre,3,non,,41540
poudre et teinture verte,5,non,out,835983
poudre fine,1,non,out,835983
poudre jaune,1,non,out,835983
poudre médicinale,8,non,out,835983
poudre noire,1,non,out,835983
poudre précipité,1,non,out,835983
poudre purgative,3,non,out,835983
poudre purgative d'Ailhaud,3,non,out,835983
poudre verte,1,non,out,835983
poulailler de cordonnier,2,non,out,835983
poulains,211,non,out,835983
poulains à zin,1,non,out,835983
poulains de 18 mois,1,non,,41540
poulains de somme,2,non,out,835983
poulains mulards,2,non,out,835983
poulardes,9,non,out,835983
poules,32,non,out,835983
poules d'eau,1,non,,41540
poules d'étain,1,non,out,835983
poules d'Inde,1,non,out,835983
poules de bois,1,non,out,835983
poules des Indes,2,non,out,835983
poules en vie,1,non,out,835983
poules et poulets,2,non,out,835983
poulets,68,non,out,835983
poulets d'Inde,4,non,out,835983
poulets de cane,1,non,out,835983
poulies,20,non,out,835983
poulies de bois,3,non,out,835983
poulies de gaïac,1,non,out,835983
poulies de sapin,1,non,out,835983
poulies de vaisseaux,2,non,out,835983
poulies garnies,2,non,out,835983
poupée,6,non,out,835983
poupée d'enfant,1,non,out,835983
pour la pêche,20,oui,,41540
pour la pêche à la morue,7,oui,,41540
pour la pêche au poisson frais,1,oui,,41540
pour la pêche aux moules,1,oui,,41540
pour la poste royale,13,oui,,41540
pour le cabotage,9,non,,41540
pour les peintures et la teinture,1,non,out,835983
pourette,1,non,out,835983
pourette de mûrier,1,non,out,835983
pousses de houblon et vignes,3,non,out,835983
poussière,2,non,out,835983
poussière d'écorce de pin,1,oui,out,835983
poussière d'encens,36,non,out,835983
poussière de barille,1,oui,out,835983
poussière de bourde,2,oui,out,835983
poussière de buis,3,non,out,835983
poussière de foin,3,non,out,835983
poussière de martre,1,non,out,835983
poussière de mûriers,1,non,out,835983
poussière de pin,3,non,out,835983
poussière de raisin,1,non,out,835983
poussière de résines,4,non,out,835983
poussière de soude,7,oui,out,835983
poussière de soudes,7,non,,41540
poussière de tartre,61,non,out,835983
poussière de terre,1,non,out,835983
poussière de vitriol,2,non,out,835983
poussins,3,non,out,835983
poutardes,1,non,out,835983
poutargues,85,non,out,835983
poutines,1,non,out,835983
poutreaux,26,non,out,835983
poutreaux de 12 pieds,0,non,out,835983
poutreaux de 9 pieds,0,non,out,835983
poutreaux de bois,1,non,,41540
poutreaux de chêne,2,non,out,835983
poutreaux de sapin,14,non,out,835983
poutreaux de sapin de 10 pieds,0,non,out,835983
poutreaux de sapin de 24 pieds,0,non,out,835983
poutrelles,12,non,out,835983
poutrelles de frêne,1,non,out,835983
poutrelles de sapin,4,non,out,835983
poutrelles et solives,1,non,out,835983
poutres,2139,non,out,835983
poutres de 16 à 28 pieds,1,non,out,835983
poutres de 60 pieds,1,non,out,835983
poutres de bois,1,non,,41540
poutres de bois pour bâtir,1,non,out,835983
poutres de chêne,5,non,out,835983
poutres de chêne de 20 pieds,1,non,out,835983
poutres de chêne de 24 à 39 pieds,1,non,out,835983
poutres de chêne de 30 pieds,2,non,out,835983
poutres de chêne de 34 pieds,1,non,out,835983
poutres de chêne de 45 pieds,1,non,out,835983
poutres de sapin,55,non,out,835983
poutres de sapin de 12 pieds,1,non,out,835983
poutres de sapin de 14 pieds,2,non,out,835983
poutres de sapin de 22 pieds,3,non,out,835983
poutres de sapin de 24 pieds,4,non,out,835983
poutres de sapin de 25 pieds,3,non,out,835983
poutres de sapin de 26 pieds,2,non,out,835983
poutres de sapin de 27 pieds,1,non,out,835983
poutres de sapin de 28 pieds,1,non,out,835983
poutres de sapin de 30 pieds,3,non,out,835983
poutres de sapin de 32 pieds,1,non,out,835983
poutres de sapin de 34 pieds,1,non,out,835983
poutres de sapin de 35 pieds,2,non,out,835983
poutres de sapin de 36 pieds,2,non,out,835983
poutres de sapin de 40 pieds,3,non,out,835983
poutres de sapin de 45 pieds,4,non,out,835983
poutres de sapin de 55 pieds,2,non,out,835983
poutres et poutrelles,3,non,out,835983
poutres et solives de sapin,1,non,out,835983
poutres grosses,1,non,out,835983
pouzzolane,42,non,out,835983
prastre,2,non,out,835983
preceintes,33,non,out,835983
preceintes de 30 à 40 pieds à 5 à 8 pouces d'épaisseur,1,non,out,835983
preceintes de chêne,5,non,out,835983
precipité,14,non,out,835983
précipité,31,non,out,835983
précipité rouge,7,non,out,835983
preillons à faire colle,1,non,out,835983
prélat de toile,1,non,out,835983
prélat pour navire,1,non,out,835983
préparation de chimie,1,non,out,835983
presse,5,non,out,835983
presse à étoffe,1,non,out,835983
presse à imprimer,4,non,out,835983
presse de bois,1,non,out,835983
presse de bois de mâture,1,non,out,835983
présure,41,non,out,835983
présure en peaux de caillé,1,non,,41540
prêtes,1,non,,41540
pretes torches,2,non,out,835983
primaselle,2,non,out,835983
primula veris,1,non,out,835983
prisonnier,2,non,,41540
prisonnier anglais,15,non,,41540
prisonnier échangé,1,non,,41540
prisonnier français,2,non,,41540
prisonnier français échangé,1,non,,41540
provisions,1434,non,out,835983
provisions à poudrer,1,non,out,835983
provisions de bouche,666,non,out,835983
provisions de Carême,5,non,out,835983
provisions de caserne,20,non,out,835983
provisions diverses principalement en beurre,13,non,out,835983
prumerdants,1,non,,41540
pruneaux,5047,non,out,835983
pruneaux Brignoles,1,non,out,835983
pruneaux communs,29,non,out,835983
pruneaux cuits,1,non,out,835983
pruneaux d'Amont,52,non,out,835983
pruneaux de Bordeaux,1,non,out,835983
pruneaux de Sainte-Catherine,78,non,out,835983
pruneaux de Tours,1,non,out,835983
pruneaux et prunes,7,non,out,835983
pruneaux et raisin sec,3,non,out,835983
pruneaux et sucre,40,non,out,835983
pruneaux et verdet,15,non,out,835983
pruneaux noirs,5,non,out,835983
prunelle,19,non,out,835983
prunelle buratée de laine,1,non,out,835983
prunelle de laine,18,non,out,835983
prunelle de laine burail,4,non,out,835983
prunelle de laine burat,2,non,out,835983
prunelle de laine et de soie,1,non,out,835983
prunelle de laine raz de castor,2,oui,out,835983
prunelle de laine raze de castor,2,non,,41540
prunelle de poil,18,non,out,835983
prunelle de renvoi,1,non,,41540
prunelle de soie,2,non,out,835983
prunelle fine,3,non,out,835983
prunelle mêlée de soie,2,non,out,835983
prunes,379,non,out,835983
prunes ???,1,non,,41540
prunes Brignoles,75,non,out,835983
prunes communes,135,non,out,835983
prunes communes sèches,13,non,out,835983
prunes d'ente,5,non,out,835983
prunes de Bordeaux,2,non,out,835983
prunes de Brignoles,1,oui,,41540
prunes de Sainte-Catherine,93,non,out,835983
prunes et figue et raisin,72,non,,41540
prunes et pruneaux,0,non,out,835983
prunes et raisin,1,non,out,835983
prunes fraîches,1,non,out,835983
prunes fraîches de ???,0,non,out,835983
prunes noires,3,non,out,835983
prunes pêches cerises nèfles etc.,125,non,out,835983
prunes sèches,71,non,out,835983
prunes sèches et communes,1,non,,41540
prusses,1,non,out,835983
prusses de 30 pieds,1,non,out,835983
prussiate de potasse,3,non,out,835983
prussiate de potasse cristallisée,2,non,out,835983
prusus,1,non,out,835983
psalterion,5,non,out,835983
pupitre,1,non,out,835983
pyrèthre,16,non,out,835983
pyrèthre racine,17,non,out,835983
pysolles,1,non,,41540
quadrilles,1,non,out,835983
quadruple ou pièce d'or d'Espagne,1,non,out,835983
quarlais bottes etc.,45,non,out,835983
quart,1,oui,out,835983
quart à farine,1,oui,out,835983
quart de fer-blanc,1,non,,41540
quart de nonante,9,non,out,835983
quart de nonante à prendre hauteur,1,non,out,835983
quarteaux,1,non,,41540
quarteaux cerclés de fer,1,non,out,835983
quartiers de réduction,1,non,out,835983
quarts,1,non,,41540
quarts à farine,1,non,,41540
quenouilles,13,non,out,835983
quenouilles de cannes,1,non,out,835983
quenouilles de cannes de peinte,1,non,out,835983
quenouilles de roseaux au peinte,1,non,out,835983
quenouilles ou roseaux,2,non,out,835983
quercas,1,non,out,835983
quercitron,14,non,out,835983
quercitron des entrepôts,0,non,out,835983
queues de fouine et de martre,2,non,out,835983
queues de koquiky et de putois,2,non,out,835983
queues de martre,9,non,out,835983
queues de martre en cordons,1,non,,41540
queues de petit gris,2,non,out,835983
queues de rat musqué,1,non,out,835983
queues de renard,2,non,out,835983
queues de renard et écureuil,2,non,out,835983
queues penne et noppes,88,non,out,835983
quikous chaus,1,non,out,835983
quilles,1,non,out,835983
quilles de hêtre,2,non,out,835983
quilles de navire,1,non,out,835983
quilles de vaisseaux,4,non,out,835983
quincaillerie,1294,non,out,835983
quincaillerie argentée,1,non,,41540
quincaillerie carde,54,non,out,835983
quincaillerie clou,4,non,out,835983
quincaillerie commune,43,non,out,835983
quincaillerie commune de fer,22,non,out,835983
quincaillerie d'acier,38,non,out,835983
quincaillerie d'acier doré,4,non,out,835983
quincaillerie d'acier et de cuivre,1,non,out,835983
quincaillerie d'acier et de cuivre et de fer,25,non,out,835983
quincaillerie d'acier et de fer,1099,non,out,835983
quincaillerie d'acier et de fer en fauty,2,non,out,835983
quincaillerie d'acier et de fonte,1,non,out,835983
quincaillerie d'acier et fine,12,non,out,835983
quincaillerie d'acier ou de fer,1,non,out,835983
quincaillerie de bois,18,non,out,835983
quincaillerie de cuivre,519,non,out,835983
quincaillerie de cuivre clou,9,non,out,835983
quincaillerie de cuivre colorié,1,non,out,835983
quincaillerie de cuivre fil de laiton,3,non,out,835983
quincaillerie de faine,1,non,,41540
quincaillerie de fer,963,non,out,835983
quincaillerie de fer ???,2,non,out,835983
quincaillerie de fer clou,78,non,out,835983
quincaillerie de fer en fil,6,non,out,835983
quincaillerie de fer et acier ???,1,non,out,835983
quincaillerie de fer et grosse,31,non,out,835983
quincaillerie de fer grosse,1,non,out,835983
quincaillerie de fer ordinaire,3,non,out,835983
quincaillerie de fumée,1,non,out,835983
quincaillerie de menu fer,6,non,out,835983
quincaillerie de platine,1,non,out,835983
quincaillerie de retour,1,non,out,835983
quincaillerie de soie,1,non,out,835983
quincaillerie de toutes espèces,6,oui,,41540
quincaillerie en ???,2,non,out,835983
quincaillerie et mercerie,25,non,out,835983
quincaillerie étrangère,7,non,out,835983
quincaillerie faux,14,non,out,835983
quincaillerie fine,25,non,out,835983
quincaillerie française,7,non,out,835983
quincaillerie grosse,12,non,out,835983
quincaillerie sèche,1,non,out,835983
quincaillerie y compris les armes et la ferraille,12,non,out,835983
quinette,4,non,out,835983
quinoa,3,non,out,835983
quinquina,1013,non,out,835983
quinquina de grabeau,3,non,,41540
quinquina des Indes,1,non,out,835983
quinquina en extrait,1,non,out,835983
quinquina en grabeau,3,non,out,835983
quinquina rouge,1,non,,41540
quinquina vrai,4,non,,41540
quintessence,14,non,out,835983
quintessence de bergamote,2,non,out,835983
quintessence de citron,2,non,out,835983
quintessence de rose,1,non,out,835983
quire,1,non,out,835983
rabots,2,non,out,835983
racinages,1,non,out,835983
racine d'alizary,4,oui,,41540
racine de pivoine,1,oui,out,835983
racines,92,non,out,835983
racines à barreau,1,non,out,835983
racines à teindre,1,non,out,835983
racines d' ???,0,oui,out,835983
racines d'alizari,123,non,out,835983
racines d'alizary,4,oui,,41540
racines d'angélique,25,non,out,835983
racines d'Angleterre,1,non,out,835983
racines d'arcanette,5,non,out,835983
racines d'Espagne,1,non,out,835983
racines d'esquine,5,non,out,835983
racines d'ipécacuanha,2,non,out,835983
racines d'iris,1,non,,41540
racines d'iris de Florence,12,non,out,835983
racines d'orcanette,2,non,out,835983
racines d'ortie,1,non,out,835983
racines de ???,0,oui,out,835983
racines de brionc,1,non,out,835983
racines de buis,1,non,,41540
racines de calamus,1,non,out,835983
racines de chicorée sèche non torréfiées,3,non,out,835983
racines de dictame,6,non,out,835983
racines de fouchet,1,non,out,835983
racines de gaïac,1,non,out,835983
racines de galanga,3,non,out,835983
racines de garance,5,non,out,835983
racines de garou,2,non,out,835983
racines de ginseng,1,non,out,835983
racines de guimauve,3,non,out,835983
racines de jalap,8,non,out,835983
racines de jardin,1,non,out,835983
racines de la Chine,1,non,out,835983
racines de lin,1,non,out,835983
racines de mechoacam,1,non,out,835983
racines de paruru brana,1,non,out,835983
racines de persil,1,non,out,835983
racines de pierrestre,6,oui,out,835983
racines de pivoine,1,non,,41540
racines de rhubea,1,non,out,835983
racines de riz,8,non,out,835983
racines de rubea,1,non,out,835983
racines de rutum,1,non,out,835983
racines de salsepareille,3,non,out,835983
racines de sassafras,1,non,out,835983
racines de scammonée,1,non,out,835983
racines de sequin,1,non,out,835983
racines de turbit,1,non,out,835983
racines de violette,2,non,out,835983
racines de vipère,1,non,out,835983
racines de zedoar,6,non,out,835983
racines du pays,1,non,out,835983
racines jalap,12,non,out,835983
racines médicinales,3,non,out,835983
racines rhubarbe,12,non,out,835983
raclure d'alizari,1,non,,41540
raclure de bois de cerf,1,non,out,835983
raclure de carnet,2,non,out,835983
raclure de chamois,2,non,out,835983
raclure de corne,71,non,out,835983
raclure de corne de cerf,19,non,out,835983
raclure de fer,2,non,out,835983
raclures de pieds de mouton,1,non,out,835983
radeau,2,non,out,835983
radis chins,2,non,out,835983
radis dictame,1,non,out,835983
ragot d'or,1,non,,41540
raie,282,non,out,835983
rais,109,non,out,835983
rais à charrettes,2,non,out,835983
rais à charrues,15,non,out,835983
raiseau d'argent et d'or,2,non,out,835983
raiseau d'argent ou d'or,11,non,out,835983
raisin,299,non,out,835983
raisin de Calabre,1,non,out,835983
raisin de Corinthe,66,non,out,835983
raisin de Corinthe et autre,3,oui,out,835983
raisin de Damas,9,non,out,835983
raisin de Galop,1,non,out,835983
raisin de Provence,1,non,out,835983
raisin de Provence sec,2,non,out,835983
raisin en barils,14,non,out,835983
raisin en grappe,12,non,out,835983
raisin en grappes,1,oui,out,835983
raisin frais,77,non,out,835983
raisin frais de Corinthe,4,non,out,835983
raisin frais muscat,1,non,out,835983
raisin jalap,4,non,,41540
raisin muscat,1,non,out,835983
raisin muscat à l'eau-de-vie,2,non,out,835983
raisin sec,1245,non,out,835983
raisin sec d'époque,1,non,out,835983
raisin sec d'Espagne,1,non,out,835983
raisin sec de Corinthe,30,non,out,835983
raisiné en pot,1,non,out,835983
raisins frais,5,oui,,41540
raison passe,7,non,out,835983
rames,6,non,out,835983
rames à filer,1,non,out,835983
rames à ramer,2,non,out,835983
rames de bateau,95,non,out,835983
rames de bois,2,non,out,835983
rames de fer,2,non,out,835983
rames de frêne,1,non,out,835983
rames de lin,71,non,out,835983
rames de lin commun,2,non,,41540
rames de morue,1,non,out,835983
ramolaches,2,non,out,835983
rampe de fer,2,non,out,835983
ramure,3,non,out,835983
ramure de sapin,18,non,out,835983
rapatelle,3,non,out,835983
râpes,7,non,out,835983
râpes à tabac,1,non,out,835983
râpes d'ivoire à tabac,1,non,out,835983
raphia,0,non,,41540
raponty,7,non,out,835983
rapsel,1,non,out,835983
raquette,7,non,out,835983
raquette et volants,3,non,out,835983
ras et revêche de ???,2,non,out,835983
rase,5,non,out,835983
rase blanche,1,non,out,835983
rase pour peintures,2,non,out,835983
rasoirs,36,non,out,835983
rasoirs communs,1,non,out,835983
rasoirs de fer-blanc,1,non,out,835983
rasorde,2,non,out,835983
rassade ou verroterie,3,oui,,41540
rassades,346,non,maybe venetian glass beads,734
rassades de retour,1,non,,41540
rassades de retour faute de vente,1,oui,maybe venetian glass beads,734
rassades des prises,1,non,maybe venetian glass beads,734
rassades et verrerie,4,non,,41540
rassades et vitrifications,24,non,maybe venetian glass beads,734
rassades ou verroterie,9,non,maybe venetian glass beads,734
ratafia,175,non,out,835983
ratafia de cerise,1,non,out,835983
ratafia de citron,1,non,out,835983
râteaux,4,non,out,835983
râteaux de fer,2,non,out,835983
ratières,1,non,out,835983
ratine,397,non,out,835983
ratine aune,1,oui,out,835983
ratine commune,1,non,out,835983
ratine croisée,6,non,out,835983
ratine d'Angleterre,1,non,out,835983
ratine de Beauvais,1,non,out,835983
ratine de Hollande,1,non,out,835983
ratine de laine,1,non,out,835983
ratine des prises,1,non,out,835983
ratine fine,10,non,out,835983
ratine frisée,3,non,out,835983
ratine grise des prises,1,non,out,835983
ratine petite,3,non,out,835983
ratine teinte,8,non,out,835983
rats de canons,1,non,out,835983
rattes petites,5,non,out,835983
rave,8,non,out,835983
rave à filer,1,non,out,835983
rave à pêche,1,non,out,835983
rave à pêcher,6,non,out,835983
rave à sèches,1,non,out,835983
rave de morue,175,non,out,835983
rave de stockfish,1,non,out,835983
raveaux,1,non,out,835983
rayon,1,non,out,835983
rayon de mouches à miel,69,non,out,835983
raz anglais,1,oui,out,835983
raz croisé,1,oui,out,835983
raz d'Angleterre,1,oui,out,835983
raz de castor,45,oui,out,835983
raz de Fleury,2,oui,out,835983
raz de laine,6,oui,out,835983
raz de morue,1,oui,out,835983
raz de Reims,2,oui,out,835983
raz de Saint-Lô,2,oui,out,835983
raz de Saint-Maur,13,oui,out,835983
raz de soie de Saint-Cyr,4,oui,out,835983
raz de soie de Saint-Maur,2,oui,out,835983
raz de soie de St Cyr,1,oui,out,835983
raz des prises,1,oui,out,835983
raz du Maroc,288,oui,out,835983
raze anglais,1,non,,41540
raze blanche,1,non,out,835983
raze croisé,1,non,,41540
raze d'Angleterre,1,non,,41540
raze de castor,45,non,,41540
raze de Fleury,2,non,,41540
raze de laine,8,non,,41540
raze de Maroc,360,non,,41540
raze de Maroc teint,3,non,,41540
raze de Reims,2,non,,41540
raze de Saint-Lô,2,non,,41540
raze de Saint-Maur,15,non,,41540
raze de Sel,2,non,,41540
raze de soie de Saint-Cyr,5,non,,41540
raze de soie de Saint-Maur,2,non,,41540
raze des prises,1,non,,41540
reagal,27,non,out,835983
rebuts de corail,1,non,out,835983
rechanges à nègre,1,non,out,835983
rechanges de toile à nègres,1,non,out,835983
rechanges de toile de halle,1,non,out,835983
réchaud à café de fer,1,non,,41540
réchaud avec leurs pieds de fer,1,non,out,835983
réchaud de cuivre,5,non,out,835983
réchaud de fer,1,non,out,835983
réchaud de fer-blanc,1,non,,41540
réchaud de terre,2,non,out,835983
réchaud en fer,4,non,out,835983
réchauds à café de fer,1,oui,out,835983
réchauds de cuivre ouvré,1,oui,out,835983
réchauds de fer-blanc,1,oui,,41540
rediné,1,non,out,835983
redingotes,30,non,out,835983
redingotes d'Angleterre et de drap,1,non,out,835983
redingotes de baracan,1,oui,,41540
redingotes de baracon,1,non,,41540
redingotes de drap,1,non,out,835983
redingotes de ratine,1,non,out,835983
redingotes des prises,1,non,out,835983
redingotes habillement ou casaques,63,non,,41540
redon,3,non,out,835983
registres,9,non,out,835983
registres blancs,29,non,out,835983
réglisse,710,non,out,835983
réglisse de bois,3,oui,out,835983
réglisse en bois,10,non,out,835983
réglisse en jus,6,non,out,835983
réglisse en pâte,1,non,,41540
réglisse en poudre,1,non,out,835983
réglisse et autre,2,non,out,835983
réglisse moulu,1,non,out,835983
réglisse par balles de 150 livres,1,non,out,835983
réglisse sur bâne,2,non,out,835983
regrets d'orfèvre,5,non,out,835983
régule d'antimoine,11,non,out,835983
reliquaire,1,non,out,835983
remèdes,77,non,out,835983
remèdes composés,5,non,out,835983
remèdes pour la goutte,1,non,out,835983
remèdes sercé en feuilles,1,non,out,835983
repouty,1,non,out,835983
représentation des Tuileries,1,non,out,835983
représentation du Saint Sépulcre,1,non,out,835983
réseau d'argent,15,non,out,835983
réseau d'or,4,non,out,835983
résidu d'acide vitriolique,1,non,out,835983
résidus d'acide nitrique,1,non,out,835983
résidus d'acide sulfuriques,1,non,out,835983
résines,307,non,out,835983
résines de gaïac,1,non,out,835983
résines de jalap,21,non,out,835983
résines de scammonée,1,non,out,835983
résines et térébenthine,21,non,out,835983
résines exotiques,9,non,out,835983
résines exotiques autres que assa foetida copale jalap et scammonée,2,non,out,835983
résines exotiques des entrepôts,0,non,out,835983
résines exotiques scammonée,12,non,out,835983
résines ou poix,122,non,out,835983
résines scammonée,23,non,out,835983
ressorts,1,non,out,835983
ressorts d'horlogerie,1,non,,41540
ressorts de carrosses,1,non,out,835983
ressorts de montre,2,non,,41540
ressorts de pendules,3,non,,41540
ressorts de voiture,2,non,out,835983
restant de beurre,6,non,,41540
restant de cargaison,2,non,,41540
restant de chaux,1,oui,,41540
restant de fer,1,oui,,41540
restant de futaille,4,oui,,41540
restant de futailles,0,oui,,41540
restant de marchandises,0,non,,41540
restant de planches,1,oui,,41540
restant de sa cargaison,1,non,,41540
restant de sa cargaison pour Cherbourg,1,oui,,41540
restant de sel,2,oui,,41540
restant de sel de sa pêche,1,oui,,41540
restant de vin,6,non,,41540
restes de pierres,1,non,,41540
retaille de carte,1,non,out,835983
retaille de cuir,4,non,out,835983
retaille de peau,6,non,out,835983
retaille de peau de veau corroyée,1,non,out,835983
retaillons de drap,1,non,out,835983
rets,1,non,out,835983
rets pour tisseurs,12,non,out,835983
reuche,2,non,out,835983
revêche,6,non,out,835983
réveil,5,non,out,835983
réveils,2,non,,41540
réverbères,3,non,out,835983
rhubarbe,798,non,out,835983
rhubarbe commune,1,non,out,835983
rhubarbe de Moscovie,35,non,out,835983
rhubarbe des Indes,1,non,out,835983
rhubarbe du Levant,20,non,out,835983
rhubarbe en grabeau,1,non,,41540
rhubarbe et mechoacam,28,non,out,835983
rhubarbe fil,1,non,out,835983
rhum,51,non,out,835983
rhum des prises,1,non,out,835983
rhum et sirop fin,22,non,out,835983
rhum et tafia,44,non,out,835983
rhum et tafia étranger,1,non,out,835983
ricanias des Indes,1,non,out,835983
ricin,1,non,,41540
rideaux de lit en satin,2,non,,41540
rideaux de lit en satin brodé,2,non,,41540
rideaux de soie vieux,1,non,out,835983
rite de chanvre,1,non,out,835983
rivets,1,non,out,835983
riz,3449,non,out,835983
riz de retour de Beaucaire,1,non,,41540
riz des entrepôts,0,non,out,835983
riz du Levant,2,non,out,835983
riz en grabeau,1,non,,41540
riz grains et légumes,89,non,,41540
robes,8,non,out,835983
robes brodées,1,non,out,835983
robes brodées en laine et de femme,1,non,out,835983
robes d'enfant,1,non,,41540
robes d'étoffe d'argent et de soie,1,oui,out,835983
robes d'étoffe de soie dorure d'argent,1,non,,41540
robes d'indienne,1,non,out,835983
robes d'indienne des prises,1,non,out,835983
robes de basin brodées,1,non,out,835983
robes de chambre,10,non,out,835983
robes de chambre d'étoffe de soie,1,non,out,835983
robes de chambre d'indienne,3,non,out,835983
robes de chambre de damas,2,non,out,835983
robes de chambre de la Chine,2,non,out,835983
robes de chambre de Pékin brodé de soie,1,non,out,835983
robes de chambre de soie,4,non,out,835983
robes de chambre des Indes,1,non,,41540
robes de femme,1,non,out,835983
robes de satin brodées,2,non,out,835983
robes de taffetas,1,non,out,835983
robes de toile peinte,1,non,out,835983
robes et jupes de satin,1,non,out,835983
robes fourrées,1,non,out,835983
robinets,4,non,out,835983
robinets à tirer le vin,2,non,out,835983
robinets de bronze,1,non,out,835983
robinets de cuivre,4,non,out,835983
robinets de fonte,4,non,out,835983
rocaille,68,non,out,835983
rocaille de corail,6,non,out,835983
rocaille de cristal,1,non,out,835983
rocaille de verre,18,non,out,835983
roche de corne,9,non,out,835983
roche de diable,3,non,out,835983
rocou,1748,non,out,835983
rocou de Cayenne,2,non,out,835983
rocou des Îles,1,non,out,835983
rodon,1,non,out,835983
rognons de castor,137,non,out,835983
rognons de cerf,1,non,out,835983
rognons de peau,1,non,out,835983
rognons de rat musqué,1,non,out,835983
rognons de stockfish,2,non,out,835983
rognures,25,non,out,835983
rognures d'écaille,9,non,out,835983
rognures d'ivoire,26,non,out,835983
rognures de ???,4,non,out,835983
rognures de baleine,21,non,out,835983
rognures de bois de cerf,38,non,out,835983
rognures de bois de cerf et d'ivoire,2,non,out,835983
rognures de carte,135,non,out,835983
rognures de carterie,2,non,out,835983
rognures de cartes et de papier,84,non,out,835983
rognures de carton,2,non,out,835983
rognures de castor,7,non,out,835983
rognures de cerf et d'ivoire,4,non,out,835983
rognures de chapeau,2,non,out,835983
rognures de corne,32,non,out,835983
rognures de corne de cerf,2,non,out,835983
rognures de corne et de parchemin,44,non,out,835983
rognures de cornes,1,non,,41540
rognures de cornes de bétail sabots de bétail etc.,1,non,out,835983
rognures de cornes de cerf,37,non,out,835983
rognures de cornes de cerf et de snack,10,non,out,835983
rognures de cuir,45,non,out,835983
rognures de cuir et de peau,144,non,out,835983
rognures de dents d'éléphant,4,non,out,835983
rognures de drap,21,non,out,835983
rognures de fer-blanc,22,non,out,835983
rognures de forme,1,non,out,835983
rognures de gaïac,2,non,out,835983
rognures de gants,1,non,out,835983
rognures de mis,3,non,out,835983
rognures de papier,12,non,out,835983
rognures de parchemin,6,non,out,835983
rognures de parchemin en valeur,2,non,out,835983
rognures de peau,63,non,out,835983
rognures de peau pour colle,1,non,out,835983
rogues,119,non,out,835983
rogues de carte,1,non,out,835983
rogues de castor,1,non,out,835983
rogues de macy,2,non,out,835983
rogues de maquereau,3,non,out,835983
rogues de maquereaux,3,non,out,835983
rogues de maquereaux salées et stockfish salé,2,non,out,835983
rogues de morue,81,non,out,835983
rogues de morue salées,0,non,out,835983
rogues de poisson,41,non,out,835983
rogues de stockfish,50,non,out,835983
rogues pour la pêche,1,non,out,835983
rogues salées,2,non,out,835983
roizette,1,non,out,835983
roldor,3,non,out,835983
rollet,35,non,out,835983
rollet aune,1,oui,out,835983
rollet et batiste,69,non,out,835983
rollins,1,non,out,835983
romaine,4,non,out,835983
romals,31,non,out,835983
romals des Indes,3,oui,out,835983
romals pour mouchoirs,29,non,out,835983
romals pour mouchoirs aune,1,oui,out,835983
romals rouges,1,non,out,835983
rond de moulage,1,non,out,835983
roquelance écarlate,1,non,out,835983
roquette,1,non,out,835983
rosaire,5,non,out,835983
rosarde,1,non,out,835983
rose,2,non,out,835983
rose de compas,1,non,,41540
rose de dictam,1,oui,out,835983
rose de Provins,2,non,out,835983
rose sèche,1,non,out,835983
roseaux,116,non,out,835983
roseaux à tisserands,1,non,out,835983
roseaux champêtres,1,non,out,835983
roseaux coupés,11,non,out,835983
roseaux d'Espagne,102,non,out,835983
roseaux des Indes,3,non,out,835983
roseaux en canon,1,oui,out,835983
roseaux petits,0,non,out,835983
roseaux pour cannes,8,non,out,835983
rosée de vie,2,non,out,835983
rosette de cuivre,282,non,out,835983
rosette de cuivre et mitraille de cuivre,1,non,out,835983
rosette ou plaques de cuivres non ouvré,11,non,out,835983
rossière de toile,1,non,out,835983
rossoli,21,non,out,835983
rossoli de Turin,1,non,out,835983
rotin des Indes,2,non,out,835983
rotins,83,non,out,835983
rotins de petit calibre,3,non,out,835983
rouane,1,non,out,835983
rouault,1,non,out,835983
roudon,1,non,out,835983
rouelles,1,non,out,835983
rouergue,1,non,out,835983
roues,90,non,out,835983
roues ??? de fer,1,non,,41540
roues à cabriolets,2,non,out,835983
roues à cabrouets,33,non,out,835983
roues à chaises,5,non,out,835983
roues à filer,1,non,out,835983
roues de bois,6,non,out,835983
roues de brouette,3,non,out,835983
roues de cabriolet,1,non,out,835983
roues de carrosse,3,non,out,835983
roues de chaise,10,non,out,835983
roues de chaise ferrées,1,non,out,835983
roues de charrettes,15,non,out,835983
roues de charrettes ferrées,1,non,out,835983
roues de voiture,1,non,out,835983
roues en bois,1,non,,41540
roues et cabrouets,1,non,out,835983
roues ferrées,13,non,out,835983
roues neuves,74,non,out,835983
roues non ferrées,5,non,out,835983
rouets,14,non,out,835983
rouets à filer,34,non,out,835983
rouets à filer de bois,1,non,out,835983
rouets de moulins,1,non,out,835983
rouets petits,1,non,out,835983
rouge,6,non,out,835983
rouge à peindre,1,non,out,835983
rouge annatto colorant,117,non,out,835983
rouge brun,40,non,out,835983
rouge clair,2,non,out,835983
rouge commun,14,non,out,835983
rouge commun en poudre,1,non,out,835983
rouge d'Angleterre,20,non,out,835983
rouge d'Espagne,38,non,out,835983
rouge d'Espagne en pains,1,non,,41540
rouge d'Espagne en plats,3,non,,41540
rouge d'Espagne en play,1,oui,,41540
rouge d'Espagne en tasse,6,non,,41540
rouge de Perse,4,non,out,835983
rouge de Perse et de rosse,1,non,out,835983
rouge de rosse,3,non,out,835983
rouge de Venise,1,non,out,835983
rouge des Indes,3,non,out,835983
rouge en pierre,2,non,out,835983
rouge en poudre,4,non,out,835983
rouge fin,2,non,out,835983
rouge gras,4,non,out,835983
rouge grode,1,non,out,835983
rouge gros,6,non,out,835983
rouge minéral,2,non,out,835983
rouge muscat,1,non,out,835983
rouge perse et de rosse,1,non,out,835983
rouge végétal,1,non,out,835983
rouleau de fer,1,non,,41540
rouleau de lit,1,non,out,835983
rouleau de plomb,1,non,out,835983
rouleau pour chauffer le salitre,1,non,out,835983
rouleau rôles,4,non,out,835983
roulette de bois commun à trois rouets,1,non,out,835983
roulette pour enfant,1,non,out,835983
rousols,1,non,out,835983
roussettes,2,non,out,835983
ruban,267,non,out,835983
ruban à jour,2,non,out,835983
ruban à jour de fil,2,non,out,835983
ruban à perruques,2,non,out,835983
ruban au quart,5,non,out,835983
ruban au quart de soie,2,non,out,835983
ruban avec de l'or,2,non,out,835983
ruban bis de fil de lin et de chanvre écru ou herbé,1,non,out,835983
ruban blanc ou mélangé de blanc,1,non,out,835983
ruban blanc ou mélange de blanc de fil de lin et de chanvre,2,non,out,835983
ruban blancs de chanvre et de lin,1,non,out,835983
ruban commune,16,non,out,835983
ruban d'argent,10,non,out,835983
ruban d'argent et d'or,194,non,out,835983
ruban d'argent et d'or et de soie,14,non,out,835983
ruban d'argent et de soie,5,non,out,835983
ruban d'argent faux et d'or faux et de soie,1,non,out,835983
ruban d'étoupes de chanvre,1,non,out,835983
ruban d'étoupes de lin,1,non,out,835983
ruban d'or,11,non,out,835983
ruban d'or et de soie,2,non,out,835983
ruban de chanvre et de lin,4,non,out,835983
ruban de chanvre et de lin écrus,1,non,out,835983
ruban de chanvre et de lin teints,1,non,out,835983
ruban de coton,9,non,out,835983
ruban de coutil,1,non,out,835983
ruban de crin,1,non,out,835983
ruban de dorrure et de soie,3,oui,,41540
ruban de dorure et de soie,3,non,,41540
ruban de dorure et soie,2,oui,out,835983
ruban de fil,565,non,out,835983
ruban de fil blanc,2,non,out,835983
ruban de fil blanc mêlé d'argent faux,1,non,out,835983
ruban de fil d'argent et d'or,8,non,out,835983
ruban de fil de laine,7,non,out,835983
ruban de fil en laine,2,non,out,835983
ruban de fil et de laine,71,non,out,835983
ruban de fil et de soie,3,non,out,835983
ruban de fil et fleuret,1,non,out,835983
ruban de fil fleuret et laine de soie,1,non,out,835983
ruban de fil teint,3,non,out,835983
ruban de filoselle,152,non,out,835983
ruban de flearn et de soie,1,oui,out,835983
ruban de fleuret,46,non,out,835983
ruban de fleuret et de soie,3,non,out,835983
ruban de fleurs,2,oui,out,835983
ruban de laine,44,non,out,835983
ruban de laine de laine pure teinte,1,non,out,835983
ruban de laine écrue pure,1,non,out,835983
ruban de laine et de soie,1,non,out,835983
ruban de laine mélangée de fil de laine et de poils,1,oui,out,835983
ruban de laine mêlée de fil,4,non,out,835983
ruban de laine mêlée de fil de laine et de poils,1,non,,41540
ruban de laine mêlée de fil teint,1,non,out,835983
ruban de laine pure écrue et blanche,1,non,out,835983
ruban de laine pure teinte,1,non,out,835983
ruban de lin,1,non,out,835983
ruban de Padoue,1,non,out,835983
ruban de soie,1681,non,out,835983
ruban de soie unis et veloutés,2,non,out,835983
ruban de velours,6,non,out,835983
ruban dorure d'argent,14,non,out,835983
ruban dorure d'argent et d'or,42,non,out,835983
ruban dorure d'argent faux et d'or faux,3,non,out,835983
ruban dorure d'argent fin et d'or fin,16,non,out,835983
ruban dorure d'or,10,non,out,835983
ruban du Levant,1,non,out,835983
ruban écru,1,non,out,835983
ruban en dorure,2,non,out,835983
ruban et listonnerie,4,non,out,835983
ruban et passementerie de soie,6,non,out,835983
ruban et passementerie diverse,6,non,out,835983
ruban et passementerie diverses celles de soie et dorure exceptées,35,non,out,835983
ruban et tresse et agrément d'argent et d'or,1,non,out,835983
ruban mi soie,10,non,out,835983
ruban or charger,1,non,out,835983
ruban ordinaire,103,non,out,835983
ruban picard,2,non,out,835983
ruban teint,1,non,out,835983
ruban velouté,3,non,out,835983
rubea,1,non,out,835983
rubea major,20,non,out,835983
rubia tinctorum,9,non,out,835983
rubis bruts,2,non,out,835983
rubis taillés,3,non,out,835983
ruches,25,non,out,835983
ruches à miel renfermant des essaims vivants,6,non,out,835983
ruches de liège,2,non,,41540
ruches de pin,1,non,out,835983
rudon,2,non,out,835983
rusque,5,non,out,835983
rusque de chêne,4,non,out,835983
rusque de pin,26,non,out,835983
rusque de sapin,0,non,out,835983
russel de laine,1,non,out,835983
sabatines,1,non,out,835983
sable,128,non,out,835983
sable à fondeur,1,non,out,835983
sable à mouler,1,non,out,835983
sable à raffinerie,1,non,out,835983
sable blanc,1,non,out,835983
sable commun,1,non,out,835983
sable de mer,1,non,out,835983
sable de verre,10,non,out,835983
sable et goëmon,2,oui,,41540
sable pour les verreries,2,oui,,41540
sablerie,8,non,out,835983
sableuée,1,non,out,835983
sablière de fer de fonte,2,non,out,835983
sablières de cuivre,3,non,out,835983
sabliers,1,non,out,835983
sabliers en compas,3,non,out,835983
sablon,1,non,out,835983
sabots,86,non,out,835983
sabots de bœuf,58,non,out,835983
sabots de bois,8,non,out,835983
sabots et selles de bois,2,non,out,835983
sabres,126,non,out,835983
sabres de traite,16,non,out,835983
sabres de traite et autres,2,non,out,835983
sabres et baïonnettes,1,non,out,835983
sabres fins,1,non,out,835983
sabres garnis d'argent,1,non,out,835983
sabres montés en cuivre doré,1,non,out,835983
sabres ordinaires,2,non,out,835983
sachets,11,non,out,835983
sachets d'odeur,3,non,out,835983
sacquin,1,non,out,835983
sacs,116,non,out,835983
sacs à café,20,non,out,835983
sacs à café neufs,2,non,out,835983
sacs à café vides,1,non,out,835983
sacs à café vieux,3,non,out,835983
sacs à farine,2,non,,41540
sacs à poudre neufs,1,non,out,835983
sacs à tabac de cuir,4,non,out,835983
sacs ayant servi et de toile,1,non,out,835983
sacs de bois et cuir,1,non,out,835983
sacs de lin,2,non,out,835983
sacs de peau d'ours,1,non,out,835983
sacs de poluard,1,non,out,835983
sacs de toile,133,non,out,835983
sacs de toile de halle,1,non,out,835983
sacs de toile vides,3,non,out,835983
sacs de toile vieux,4,non,out,835983
sacs en paquets,1,non,out,835983
sacs en toile de chanvre,2,non,out,835983
sacs gros,10,non,out,835983
sacs vides,1,non,out,835983
sacs vides au service du roi,1,non,,41540
sacs vieux,6,non,out,835983
saffle,67,non,out,835983
saffreau,1,non,out,835983
safisaigne,1,non,out,835983
safran,1564,non,out,835983
safran d'Espagne,1,non,out,835983
safran de Gâtinais,2,non,out,835983
safran du Gâtinais,15,non,out,835983
safran orange,0,non,out,835983
safranum,638,non,out,835983
safranum et tournesol,7,non,out,835983
sagapenum,6,non,out,835983
sagati,3,non,out,835983
sagati de laine,9,non,out,835983
sagne,15,non,out,835983
sagon,2,non,out,835983
sagou,43,non,out,835983
sagou des Indes,2,non,out,835983
sagre,2,non,out,835983
saigne,6,non,out,835983
sailphre,1,non,out,835983
sain,4,non,out,835983
saindoux,59,non,out,835983
saisie de fer,1,non,out,835983
salage,3,non,out,835983
salaisons,231,non,out,835983
salamouris,1,non,out,835983
salemporis,211,non,out,835983
salemporis blanc,21,non,out,835983
salemporis blanc et bleu,2,non,out,835983
salemporis bleu,60,non,out,835983
salemporis bleu et rouge,3,non,out,835983
salemporis commun,3,non,out,835983
salemporis rouge,1,non,out,835983
salep,5,non,out,835983
salicore,170,non,out,835983
salicore brûlé,1,non,out,835983
salière,1,non,out,835983
salière de cristal,4,non,out,835983
salière de pierre luisante,1,non,,41540
salins,5,non,out,835983
salins pour verrerie,1,non,out,835983
saloir,1,non,out,835983
saloirs de bois,1,non,out,835983
salpêtre,238,non,out,835983
salpêtre brut,5,non,out,835983
salpêtre cru,85,non,out,835983
salpêtre des Indes,6,non,out,835983
salpêtre et soufre,115,non,out,835983
salpêtre raffiné,75,non,out,835983
salsepareille,909,non,out,835983
salsola,1,non,out,835983
sament,19,non,,41540
samoine,1,non,,41540
sanas,16,non,out,835983
sanas blanc,3,non,out,835983
sanas bleue,1,non,,41540
sanctuaire,4,non,out,835983
sandale,6,non,out,835983
sandance,1,non,out,835983
sandarac,79,oui,out,835983
sandaraque,79,non,,41540
sang,1,non,out,835983
sang de bétail,1,non,out,835983
sang de bouc,1,non,out,835983
sang de bouc desséché,1,non,out,835983
sang de boudin,1,non,out,835983
sang de bouquetin,2,non,out,835983
sang de dragon,114,non,out,835983
sang de dragon commun,1,non,out,835983
sang de dragon en larmes,1,non,out,835983
sang de dragon fin,4,non,out,835983
sangles,101,non,out,835983
sangles de chanvre,1,non,out,835983
sangles de cheval,1,non,out,835983
sangles de cordes,1,non,out,835983
sangles pour malets,1,non,out,835983
sanglier,5,non,out,835983
sangsues,62,non,out,835983
sangsues et vipères,3,non,out,835983
sanguine,92,non,out,835983
sanitaires,3,non,out,835983
sapan,1,non,out,835983
sapeline,0,non,out,835983
saphirs taillés,1,non,out,835983
sapien violet,1,non,out,835983
sapin,38,non,out,835983
sapin à bâtir,2,non,out,835983
sapin à faire aviron,1,non,out,835983
sapin à faire chevrons,1,non,out,835983
sapin à faire comble,26,non,out,835983
sapin à faire échelles,42,non,out,835983
sapin à faire escabelle,3,non,out,835983
sapin à faire gaffe,28,non,out,835983
sapin à faire gaffe en manches,1,non,,41540
sapin à faire manches de pioches,1,non,out,835983
sapin à pioches,32,non,out,835983
sapin anspects,1,non,out,835983
sapin comble,3,oui,out,835983
sapin en bloc,2,non,out,835983
sapin petit,3,non,out,835983
saquins,3,non,out,835983
sarcelé,1,non,out,835983
sarcelles,1,non,out,835983
sardes,1,non,out,835983
sardi de laine,1,non,out,835983
sardinals,2,non,out,835983
sardines,306,non,out,835983
sardines à l'huile,5,non,out,835983
sardines apprêtées,3,non,out,835983
sardines confites,5,non,out,835983
sardines confites au vinaigre,1,non,out,835983
sardines confites dans l'huile,4,non,out,835983
sardines en grenier,1,non,,41540
sardines en lest,1,non,,41540
sardines en saumure,1,non,out,835983
sardines fraîches,11,non,out,835983
sardines marinées et salées,3,non,out,835983
sardines pressées,36,non,out,835983
sardines pressées de Bretagne,1,non,,41540
sardines pressées et salées,5,non,out,835983
sardines salées,248,non,out,835983
sardines salées et marinée,2,non,,41540
sareaux de toile,3,non,out,835983
sarrions d'espars,2,non,out,835983
sassafars,1,oui,,41540
sassafras,154,non,out,835983
sasses,23,non,out,835983
satin,141,non,out,835983
satin à fleurs,3,non,out,835983
satin blanc,3,non,out,835983
satin broché,3,non,out,835983
satin broché en or,1,non,out,835983
satin brodé,9,non,out,835983
satin brodé couleur de paille,2,non,out,835983
satin brodé de la Chine,2,non,out,835983
satin brodé en or,1,non,out,835983
satin brodé en soie de couleur,2,non,out,835983
satin brodé en soie et or,2,non,out,835983
satin brodé lit complet,2,non,out,835983
satin brodé morceaux,2,non,out,835983
satin brodé tapis,2,non,out,835983
satin brodé toilette,2,non,out,835983
satin de Chine,1,non,out,835983
satin de Florence,1,non,out,835983
satin de Florence et de Gênes,1,non,out,835983
satin de laine,4,non,out,835983
satin de laine de Roubaix,2,non,out,835983
satin de laine et serge,1,non,out,835983
satin de laine turc,18,non,out,835983
satin de laine turc et serge,1,non,out,835983
satin de retour,1,non,,41540
satin de retour faute de vente,1,oui,out,835983
satin de soie,58,non,out,835983
satin des Indes,4,non,out,835983
satin fil,2,non,out,835983
satin gris,1,non,out,835983
satin imprimé de laine,1,non,,41540
satin noir,1,non,out,835983
satin pur coton,2,non,out,835983
satin pur soie,1,non,out,835983
satin rayé,14,non,out,835983
satin soie en fil,1,oui,out,835983
satin soie et coton,1,non,out,835983
satin soie et fil,3,non,out,835983
satin turc,9,non,out,835983
satin uni,13,non,out,835983
satin uni et rayé,1,non,out,835983
satinade,4,non,out,835983
satinette,5,non,out,835983
satinette de coton,1,non,out,835983
satinette de laine,4,non,out,835983
satissoie,1,non,out,835983
satte,1,non,out,835983
Saturne en extrait,1,non,out,835983
saucisses,23,non,out,835983
saucisses de Boulogne,5,non,out,835983
saucissons,437,non,,41540
saucissons salés,19,non,out,835983
saude,1,oui,out,835983
sauge,2,non,out,835983
saule de fer,2,non,out,835983
saulx,2,non,out,835983
saumon,89,non,out,835983
saumon d'Écosse,4,non,out,835983
saumon en daube,3,non,out,835983
saumon frais,219,non,out,835983
saumon fumé,170,non,out,835983
saumon madré,1,oui,out,835983
saumon mariné,6,non,out,835983
saumon mariné et salé,21,non,out,835983
saumon salé,1115,non,out,835983
saumon salé et mariné,1,oui,out,835983
saumon salé et séché,5,non,out,835983
saumon sec,1,oui,out,835983
saumon séché,1,non,,41540
saumonée,4,oui,out,835983
saumure,112,non,out,835983
saumure salée,1,non,out,835983
sauphas,1,non,out,835983
saur,1,non,out,835983
sauvagines,1,non,out,835983
savine,2,non,out,835983
savoine languine,1,non,out,835983
savon,2541,non,out,835983
savon blanc,98,non,out,835983
savon blanc et marbré,131,non,out,835983
savon blanc noir rouge marbré,2,non,out,835983
savon d'Alicante,23,non,out,835983
savon d'Espagne,1,non,out,835983
savon de Gênes,1,non,out,835983
savon de Marseille,18,non,out,835983
savon de retour,1,non,out,835983
savon de terre,1,non,out,835983
savon et pruneaux,4,non,out,835983
savon et sirop de sucre,1,non,out,835983
savon et sucre,1,non,out,835983
savon et verdet,4,non,out,835983
savon gras,2,non,out,835983
savon madré,95,non,out,835983
savon marbré,255,non,out,835983
savon mol,6,non,out,835983
savon noir,217,non,out,835983
savon vert,4,non,out,835983
savonnettes,410,non,out,835983
savonnettes de senteur,13,non,out,835983
sayessa,3,non,out,835983
sayne,15,non,out,835983
scammonée,208,non,out,835983
scapa,1,non,out,835983
scaps,4,non,out,835983
schakos,2,non,out,835983
schakos garnis,2,non,out,835983
schakos sans garniture,2,non,out,835983
scie ?,1,oui,,41540
scielle,1,non,out,835983
scies,116,non,out,835983
scies ?,0,non,,41540
scies à moulu,1,non,out,835983
scies communes,4,non,out,835983
scies de fer,23,non,out,835983
scies de long,1,non,out,835983
scies fines,4,non,out,835983
scies pour la Compagnie des Indes,1,non,out,835983
scille maritime,4,non,out,835983
scinque,1,non,out,835983
scortins d'auf,1,non,out,835983
sculptures,16,non,out,835983
Se???,1,non,,41540
seaux,8,non,out,835983
seaux à l'eau,1,non,out,835983
seaux à l'eau de sapin,1,non,out,835983
seaux cerclés de fer,2,non,out,835983
seaux d'eau,1,non,out,835983
seaux de bois,74,non,out,835983
seaux de bois ferré,1,non,out,835983
seaux de cuir,7,non,out,835983
seaux de faïence,1,non,out,835983
seaux de fer-blanc,2,non,out,835983
seaux de sapin,10,non,out,835983
seaux de veau,1,non,out,835983
seaux de verre,1,non,out,835983
seaux de vin,1,non,out,835983
seaux ferrés,1,non,out,835983
sébeste,51,non,out,835983
sébiles,1,non,,41540
secrétaire,6,non,out,835983
secrétaire d'acajou,4,non,out,835983
secrétaire de noyer,2,non,out,835983
sege de Saint-Louis,2,non,out,835983
segrin,1,non,out,835983
seigle,1,non,out,835983
seil de bois,1,oui,out,835983
seil de grains,3,oui,out,835983
sel,11421,non,out,835983
sel amine,1,non,,41540
sel ammoniac en grabeau,10,non,,41540
sel ammonisé,4,non,out,835983
sel antarctique,8,non,out,835983
sel arcanum,1,non,,41540
sel arctique,2,non,out,835983
sel blanc,144,non,out,835983
sel blanc pour la pêche,2,non,out,835983
sel chimique,304,non,out,835983
sel chimique de Glauber,4,non,out,835983
sel chimique de lait,2,non,out,835983
sel chimique de nitre,2,non,out,835983
sel chimique gemme,5,non,out,835983
sel commun,1,non,out,835983
sel composé,3,non,out,835983
sel d'absinthe (alsem),4,non,out,835983
sel d'alsem,1,non,out,835983
sel d'ammoniac,556,non,out,835983
sel d'ammoniac brut ou en poudre,20,non,out,835983
sel d'ammoniac raffiné,25,non,out,835983
sel d'Angleterre,33,non,out,835983
sel d'antimoine,2,non,out,835983
sel d'Epsom,219,non,out,835983
sel d'Epsom et Glauber,1,non,out,835983
sel d'Espagne,9,non,out,835983
sel d'étain,1,non,out,835983
sel d'Oléron,42,non,out,835983
sel d'Oléron de Ré,1,non,out,835983
sel d'Olonne,2,non,out,835983
sel d'opium,7,non,out,835983
sel d'oseille,12,non,out,835983
sel de,1,non,out,835983
sel de baryte,1,non,out,835983
sel de boue,1,non,out,835983
sel de Bourgneuf,170,non,out,835983
sel de Bretagne,1,non,out,835983
sel de carabé,1,non,out,835983
sel de caret,1,non,,41540
sel de chimie,1,non,out,835983
sel de corne de cerf,1,non,out,835983
sel de fat ???,0,non,out,835983
sel de Franche-Comté,1,non,out,835983
sel de fysum,1,non,,41540
sel de Glauber,58,non,out,835983
sel de gruau,3,non,out,835983
sel de grum,2,non,out,835983
sel de lait,14,non,out,835983
sel de Lorraine,1,non,out,835983
sel de marais,2,non,out,835983
sel de Marennes,21,non,out,835983
sel de mer,21,non,out,835983
sel de mer et de salins,35,non,out,835983
sel de natron,24,non,,41540
sel de natron en couffe,2,non,,41540
sel de nitre,15,non,out,835983
sel de paume,2,non,out,835983
sel de plomb,1,non,out,835983
sel de potasse,4,non,out,835983
sel de prunelle,2,non,out,835983
sel de Prusse,1,non,out,835983
sel de Ré,111,non,out,835983
sel de roche,4,non,out,835983
sel de Rocq,4,non,out,835983
sel de sa pêche,1,non,,41540
sel de Saint-Gilles,1,non,out,835983
sel de Saint-Hubert ou du Portugal,3,non,out,835983
sel de samoine,2,non,out,835983
sel de Saturne,3,non,out,835983
sel de Saturne et autres,7,oui,out,835983
sel de sauvene,5,non,out,835983
sel de Seignette,3,non,out,835983
sel de Seignette policreste et Glauber,5,non,out,835983
sel de tamarin,17,non,out,835983
sel de tartaric,1,non,out,835983
sel de tartre,8,non,out,835983
sel de tartre émétique,1,non,out,835983
sel de verre,14,non,out,835983
sel de vitriol,4,non,out,835983
sel des mines anglaises,1,non,out,835983
sel des prises,3,non,out,835983
sel des sables d'Olonne,2,non,out,835983
sel dit beggere,2,non,out,835983
sel du Croisic,227,non,out,835983
sel du Poulinguen,62,non,out,835983
sel du Sable d'Olonne,0,oui,,41540
sel émétique,1,non,out,835983
sel en boue,6,non,out,835983
sel en gomme,1,non,out,835983
sel en grabeau,1,non,out,835983
sel en grains,5,non,out,835983
sel en lest,1,non,,41540
sel en pain,1,non,out,835983
sel en tonne,29,non,,41540
sel faux,2,non,,41540
sel gemme,47,non,out,835983
sel Glauber,6,non,out,835983
sel gris,84,non,out,835983
sel gruau,1,non,out,835983
sel grum,10,non,out,835983
sel marin de marais,5,non,out,835983
sel marin gemme,3,non,out,835983
sel médicinal,48,non,out,835983
sel médicinal divers,4,non,out,835983
sel minéral,11,non,out,835983
sel misay,1,non,out,835983
sel mistry,23,non,out,835983
sel ordinaire,32,non,out,835983
sel oxalate aide de potasse (sel d'oseille),1,non,out,835983
sel peccain,2,non,out,835983
sel policreste,1,non,out,835983
sel policreste et d'Epsom,18,non,out,835983
sel pour la pêche,3,non,,41540
sel pour la pêche libre,12,non,out,835983
sel purgatif,1,non,out,835983
sel regerat,1,non,out,835983
sel sublimé,2,non,out,835983
sel sucsin,3,non,out,835983
sel sulfates de soude,32,oui,out,835983
sel sulfates de soudes,32,non,,41540
sel teint,1,non,out,835983
sel tonnes,1,non,,41540
sel végétal,3,non,out,835983
sel vieux,2,non,out,835983
sel volatil,5,non,out,835983
sellerie,42,non,out,835983
sellerie commune,1,non,out,835983
sellerie de cuir,54,non,out,835983
sellerie en harnais,1,non,out,835983
selles,217,non,out,835983
selles avec leurs harnais,1,non,out,835983
selles communes,7,non,out,835983
selles de bois,5,non,out,835983
selles de cuir,1,non,out,835983
selles de femme,2,non,out,835983
selles de fer,1,non,out,835983
selles de maître,1,non,out,835983
selles de poste,1,non,out,835983
selles de sapin,1,non,out,835983
selles de velours,119,non,out,835983
selles do bois,1,non,,41540
selles garnies de velours,1,non,out,835983
selles neuves,1,non,out,835983
selles vieilles,2,non,out,835983
sellet et télescope,1,non,out,835983
selliers,3,non,out,835983
semble de moissar,1,non,,41540
semé,6,oui,out,835983
semelles et talons,1,non,out,835983
semen contra,153,non,out,835983
semen dacy,3,non,out,835983
semence de Caroy,1,non,out,835983
semence de perles,1,non,out,835983
semence écarlate,1,non,out,835983
semence froide,23,non,out,835983
semencine,13,non,out,835983
semenconna,1,non,out,835983
semoirs,1,non,out,835983
semoule,118,non,out,835983
sempiterne,28,non,out,835983
sendaline,2,non,out,835983
séné,683,non,out,835983
séné en follicule,3,oui,out,835983
séné en grabeau,170,non,out,835983
sennes,49,non,out,835983
senobre,4,non,out,835983
sequins,17,non,out,835983
sequins par Marseille,1,non,out,835983
serains,1,non,out,835983
serans,4,non,out,835983
serans à peigner,1,non,out,835983
serans à peigner le lin,4,non,out,835983
séraphine,1,non,out,835983
sercliers,1,non,out,835983
serge,80,non,out,835983
serge ???,2,non,out,835983
serge 1/2 Londres,1,non,out,835983
serge à doubler,90,non,out,835983
serge à doubler et drap,2,non,out,835983
serge à doubler et drapée,7,non,out,835983
serge à draper,2,non,out,835983
serge à fleurs,1,non,out,835983
serge aune blanche,1,oui,out,835983
serge aune commune,1,oui,out,835983
serge aune commune teinte,1,oui,out,835983
serge aune d'Angleterre,1,oui,out,835983
serge aune drapée,1,oui,out,835983
serge aune teinte,1,oui,out,835983
serge blanche,18,non,out,835983
serge bleue,1,non,,41540
serge Blicourt,1,non,out,835983
serge commune,37,non,out,835983
serge commune teinte,23,non,out,835983
serge croisée,2,non,out,835983
serge croisée de laine,1,non,out,835983
serge d'Angleterre,5,non,out,835983
serge d'Arnetal,6,non,out,835983
serge d'Aumale,30,non,out,835983
serge d'Aumale de laine,2,non,out,835983
serge d'Aumale imprimée,2,non,out,835983
serge de ??? commune,0,non,,41540
serge de Blicourt,9,oui,,41540
serge de Bruxelles,1,non,out,835983
serge de fil et de laine,6,non,out,835983
serge de fil et laine,1,non,out,835983
serge de laine,325,non,out,835983
serge de laine ???,4,non,out,835983
serge de laine Blicourt,2,non,out,835983
serge de laine d'Aumale,6,non,out,835983
serge de laine de Blicourt,9,non,out,835983
serge de laine de Rome,1,non,out,835983
serge de laine de Rouen,1,non,out,835983
serge de laine diverse,6,non,out,835983
serge de laine drapée,2,non,out,835983
serge de laine et de soie,1,non,out,835983
serge de laine étroite,2,non,out,835983
serge de laine forte,1,non,out,835983
serge de laine imprimée,3,non,out,835983
serge de laine large,3,non,out,835983
serge de laine Minorque,6,non,out,835983
serge de laine noire,1,non,out,835983
serge de laine sagati,2,non,out,835983
serge de laine voile,6,non,out,835983
serge de Lille,27,non,out,835983
serge de Londres et autres,8,non,out,835983
serge de Montauban,17,non,out,835983
serge de Nîmes,119,non,out,835983
serge de Nîmes aune,1,oui,out,835983
serge de Poitou,2,non,out,835983
serge de Rome,4,non,out,835983
serge de Rouen,1,non,out,835983
serge de Rouen commune,1,non,,41540
serge de Saint-Maixent,6,non,out,835983
serge de Savoie,1,non,out,835983
serge de soie,12,non,out,835983
serge des prises,6,non,out,835983
serge diverse,6,oui,,41540
serge double,4,non,out,835983
serge drap,1,non,out,835983
serge drapée,88,non,out,835983
serge drapée à doubler,3,non,out,835983
serge drapée de laine,1,non,out,835983
serge drapée et de laine,5,non,out,835983
serge du Languedoc,7,non,out,835983
serge du pays,1,non,out,835983
serge écarlate,1,non,out,835983
serge écarlatine,2,non,out,835983
serge et prunelle de laine étroite,3,non,out,835983
serge étroite,2,oui,,41540
serge fil et laine,1,non,out,835983
serge forte,5,non,out,835983
serge imprimée,151,non,out,835983
serge imprimée aune,1,oui,out,835983
serge imprimée d'Aumale,1,non,out,835983
serge large,3,oui,,41540
serge Minorque,3,non,out,835983
serge noire,1,oui,,41540
serge pour les troupes,1,non,,41540
serge sagati,2,oui,,41540
serge sergette,1,non,out,835983
serge teinte,20,non,out,835983
serge verte,1,non,out,835983
serge voile,2,oui,,41540
sergette,12,non,out,835983
sergette de laine,5,non,out,835983
sergette de Montauban,7,non,out,835983
sergette des prises,3,non,out,835983
sergette fine,1,non,out,835983
sergette Maine,2,non,out,835983
serinettes,61,non,out,835983
serinettes ouvrées,1,non,out,835983
seringues,14,non,out,835983
seringues d'étain,20,non,out,835983
serisaffs,1,non,,41540
serlecan brodé,1,non,,41540
serpentera virgina,1,non,out,835983
serpentin à distiller,1,non,out,835983
serpentine,3,non,out,835983
serpentine à distiller l'eau-de-vie,1,non,out,835983
serpents,4,non,out,835983
serpes,15,non,out,835983
serpes de fer,6,non,out,835983
serratille,1,non,out,835983
serrure de bois,3,non,out,835983
serrure de cuivre,8,non,out,835983
serrure de fer,1,non,,41540
serrure petite,1,non,out,835983
serrure pour canevettes,1,non,,41540
serrure pour fossettes,0,non,,41540
serrures de cuivre,6,oui,out,835983
serrures de fer,1,oui,out,835983
serrures pour fossettes,1,oui,out,835983
service de faïence,1,non,,41540
service de garde-côte,3,non,,41540
service de porcelaine,1,non,out,835983
service de roi,2,oui,,41540
service de tables,48,non,out,835983
service de tables argenté et doré et d'osier,1,non,out,835983
serviettes,141,non,out,835983
serviettes à nappes,1,non,out,835983
serviettes communes,6,non,out,835983
serviettes d'étoupes,2,non,out,835983
serviettes de lin,1,non,out,835983
serviettes de table,5,non,out,835983
serviettes de toile,2,non,out,835983
serviettes de toile de ménage,1,non,out,835983
serviettes de toile peinte,1,non,out,835983
serviettes découpées,76,non,out,835983
serviettes et nappes,1,non,out,835983
serviettes et nappes de toile peinte,1,non,out,835983
serviettes et nappes des Indes,1,non,out,835983
serviettes ouvrées,8,non,out,835983
serviettes ouvrées de toile,1,non,,41540
sevagagis,1,non,,41540
sevan de cuir de Russie,1,non,out,835983
Sèvres,1,non,out,835983
shetas des Indes,1,non,out,835983
siagne,3,non,out,835983
siague,1,non,out,835983
siamoise,865,non,out,835983
siamoise à bouquet de coton,1,non,out,835983
siamoise à bouquets de laine de coton et de fil,4,non,out,835983
siamoise à bouquets de laine de fil,1,non,out,835983
siamoise à fleurs,41,non,out,835983
siamoise à fleurs de soie,0,non,out,835983
siamoise à peu de soie,70,non,out,835983
siamoise au quart de soie,2,non,out,835983
siamoise au sixième de soie,9,non,out,835983
siamoise blanche de coton,1,non,out,835983
siamoise blanche de coton et de fil,2,non,out,835983
siamoise brochée de coton et de fil,2,non,out,835983
siamoise commune,18,non,out,835983
siamoise de coton,5,non,out,835983
siamoise de coton au quart de soie,1,non,out,835983
siamoise de coton au sixième de soie,1,non,out,835983
siamoise de coton et de fil,242,non,out,835983
siamoise de coton et de fil et imprimée,2,non,out,835983
siamoise de coton et de fil et teinte,2,non,out,835983
siamoise de coton et de fil imprimée,3,non,out,835983
siamoise de coton et de fil unie,4,non,out,835983
siamoise de coton et toile de coton peinte,16,non,out,835983
siamoise de coton imprimée,5,non,out,835983
siamoise de coton teinte,1,non,out,835983
siamoise de fil imprimée,1,non,out,835983
siamoise de fil peinte,2,non,out,835983
siamoise de fil rayée,1,non,out,835983
siamoise de fil simple,1,non,out,835983
siamoise de fil teinte,2,non,out,835983
siamoise de Rouen,8,non,out,835983
siamoise de soie,9,non,out,835983
siamoise en crin,1,non,out,835983
siamoise fil coton,1,non,out,835983
siamoise fil de coton,1,non,out,835983
siamoise fine,5,non,out,835983
siamoise imprimée,9,non,out,835983
siamoise teinte,4,non,out,835983
sicader,1,non,out,835983
sigle vis de laine,1,non,out,835983
simarouba,18,non,out,835983
simples,1,non,out,835983
sinabre,2,non,out,835983
siné,0,oui,out,835983
singalette,1,non,out,835983
singe,14,non,out,835983
siomedes,1,non,,41540
siragondis,1,non,out,835983
sirop,2216,non,out,835983
sirop à boire,2,non,out,835983
sirop brut,1,non,out,835983
sirop calbasse,1,non,out,835983
sirop d'alkermès,117,non,out,835983
sirop d'altea,1,non,out,835983
sirop d'amont,28,non,out,835983
sirop d'amour,3,non,out,835983
sirop d'orgeat,9,non,out,835983
sirop d'orgeat au fiasque,4,non,out,835983
sirop de Calabre,1,non,out,835983
sirop de calbasse,2,non,out,835983
sirop de capillaire,671,non,out,835983
sirop de capillaire et autre composés,67,non,out,835983
sirop de capitaine,9,non,out,835983
sirop de cédrat,4,non,out,835983
sirop de citron,1,non,out,835983
sirop de coriandre,1,non,out,835983
sirop de framboise,1,non,out,835983
sirop de l'étranger,0,non,out,835983
sirop de limon,63,non,out,835983
sirop de limon des Îles,1,non,,41540
sirop de mélasse,822,non,out,835983
sirop de mûre,1,non,out,835983
sirop de raffinerie,3,non,out,835983
sirop de sucre,277,non,out,835983
sirop de sucre candi,2,non,out,835983
sirop de vinaigre,10,non,out,835983
sirop de violette,2,non,out,835983
sirop des Indes,72,non,out,835983
sirop et sucre,9,non,out,835983
sirop fin,53,non,out,835983
sirop fin et mélasse,3,non,out,835983
sirop fins et sucre,9,non,out,835983
sirop médicinal,1,non,out,835983
sirop mélasse,23,non,out,835983
sirop terré,1,non,out,835983
sistes condales,1,non,out,835983
sistresaye,16,non,out,835983
sivadille,12,non,out,835983
slatille des Indes,4,oui,out,835983
slin de laine,1,non,out,835983
smalte,5,non,out,835983
soberton,1,non,out,835983
socle de fer,1,non,out,835983
socque pour socs,0,non,,41540
socreton,6,non,out,835983
socrotour,1,non,out,835983
socs,3,non,out,835983
socs de charrues,6,non,out,835983
socs de fer,3,non,out,835983
sofa,1,non,,41540
soie,643,non,out,835983
soie à broder,2,non,out,835983
soie à coudre,330,non,out,835983
soie à coudre teinte,120,non,out,835983
soie à tricoter,1,non,out,835983
soie apprêtée,418,non,out,835983
soie ardasse,2,non,out,835983
soie ardassine,1,non,out,835983
soie blanche,118,non,out,835983
soie blanche à l'aune,1,oui,out,835983
soie blanche sans apprêt,8,non,out,835983
soie blanche sans apprêt à l'aune,1,oui,out,835983
soie bourre cardée en feuilles et ouates,1,non,out,835983
soie bourre écrue,1,non,out,835983
soie bourre écrue en masse,2,non,out,835983
soie bourre écrue et teinte,1,non,out,835983
soie bourre écrue filée moulinée,1,non,out,835983
soie bourre écrue filée non moulinée,1,non,out,835983
soie bourre en masse teinte,1,non,out,835983
soie bourre filée fleuret écru,1,non,out,835983
soie bourre filée fleuret teint,1,non,out,835983
soie bourre filée-fleuret en masse,1,non,out,835983
soie bourre fleuret écru et teint,1,non,out,835983
soie brousse,5,non,out,835983
soie Canton,1,non,out,835983
soie cendre,1,non,out,835983
soie cocon,1,non,out,835983
soie cocons perus,1,non,out,835983
soie commune,2,non,out,835983
soie crue,576,non,out,835983
soie crue organsine,1,non,out,835983
soie de ???,1,non,,41540
soie de Bruges,7,non,out,835983
soie de charrues,1,non,out,835983
soie de Chypre,1,non,out,835983
soie de fleuret,1,non,out,835983
soie de la chaîne,1,non,out,835983
soie de laine,1,non,out,835983
soie de Liège,6,non,out,835983
soie de Nankin,45,non,out,835983
soie de porcs,300,non,out,835983
soie de porcs ???,2,non,out,835983
soie de porcs et soie de sanglier,91,non,out,835983
soie de porcs étrangère,1,non,out,835983
soie de porcs ouvré,3,non,out,835983
soie de Provence,2,non,out,835983
soie de sanglier,8,non,out,835983
soie de toile,4,non,out,835983
soie de toile vieille,2,non,out,835983
soie de Zagora,1,non,out,835983
soie des Indes,6,non,out,835983
soie des pays étrangers,1,non,out,835983
soie dite filoselle,1,oui,out,835983
soie dite fleuret,1,oui,out,835983
soie du Bengale,2,non,out,835983
soie écrue,11,non,out,835983
soie écrue moulinée,1,non,out,835983
soie écrue moulinée doupion,1,non,out,835983
soie en bourre,1,oui,out,835983
soie en cocon,6,non,out,835983
soie en cocons et en estrasse,0,non,out,835983
soie en estrasse,78,non,out,835983
soie en étoupes,4,non,out,835983
soie en fleuret,5,non,out,835983
soie en force de bassine,1,non,,41540
soie en laine,1,non,,41540
soie en masses,1,non,out,835983
soie en rames,15,non,out,835983
soie en strasse,1,oui,out,835983
soie en suaze,0,non,out,835983
soie étoupes,6,non,out,835983
soie exportée de Marseille,1,non,out,835983
soie fleuret ???,0,non,out,835983
soie floche,3,non,out,835983
soie galette,1,non,out,835983
soie grège,49,non,out,835983
soie grège ???,0,non,out,835983
soie grège autre que doupion,1,non,out,835983
soie grège de Provence,1,non,out,835983
soie grège doupion,3,non,out,835983
soie grège écrue,1,non,out,835983
soie grège écrue doupion,1,non,out,835983
soie grège par Marseille,1,non,out,835983
soie limeneas,1,non,out,835983
soie lorce,1,non,out,835983
soie mauresque,13,non,out,835983
soie mêlée,1,non,,41540
soie mêlée à l'aune,1,oui,out,835983
soie moulinée,3,non,out,835983
soie moulinée autre que doupion,1,non,out,835983
soie moulinée doupion,3,non,out,835983
soie non filée,2,non,,41540
soie ouvrée,49,non,out,835983
soie par Collonges et Strasbourg,1,non,out,835983
soie par Marseille,3,non,out,835983
soie plate,4,non,out,835983
soie siamoise,2,non,out,835983
soie tamis,1,oui,out,835983
soie tani,50,non,out,835983
soie tanier,1,oui,out,835983
soie tapis,3,non,out,835983
soie teinte,204,non,out,835983
soie torse,1,non,out,835983
soie trame ???,1,non,out,835983
soie tricoter,1,non,out,835983
soie tripoline,1,non,out,835983
soierie,207,non,out,835983
soierie brodée,1,non,out,835983
soierie confinant,2,non,out,835983
soierie de fil à fleurs,1,non,out,835983
soierie de lin,1,non,out,835983
soierie de Lyon,5,non,out,835983
soierie de toile,1,non,out,835983
soierie de Tours,2,non,out,835983
soierie des Indes,1,non,out,835983
soierie et coton des Indes,1,non,out,835983
soierie et dorure,12,non,out,835983
soierie et dorure fine,13,non,out,835983
soierie fleuret,1,non,out,835983
soins,2,non,out,835983
solas,1,non,out,835983
soles,2,non,out,835983
soles marinées,1,non,out,835983
soliveaux,111,non,out,835983
soliveaux d'acajou,2,non,out,835983
soliveaux de 10 à 12 pieds et de sapin,2,non,out,835983
soliveaux de 10 pieds et de sapin,5,non,out,835983
soliveaux de 12 pieds et de sapin,9,non,out,835983
soliveaux de 14 à 16 pieds et de 4 pouces de carré,1,non,out,835983
soliveaux de 14 pieds et de sapin,2,non,out,835983
soliveaux de 15 à 20 pieds et de sapin,2,non,out,835983
soliveaux de 15 pieds,0,non,out,835983
soliveaux de 15 pieds et de sapin,5,non,out,835983
soliveaux de 17 pieds et de sapin,2,non,out,835983
soliveaux de 18 à 20 pieds,1,non,out,835983
soliveaux de 18 à 20 pieds et de sapin,2,non,out,835983
soliveaux de 18 pieds,1,non,out,835983
soliveaux de 18 pieds et de sapin,6,non,out,835983
soliveaux de 20 à 22 pieds,1,non,out,835983
soliveaux de 20 à 25 pieds et de sapin,1,non,out,835983
soliveaux de 20 à 30 pieds et de sapin,1,non,out,835983
soliveaux de 20 pieds et de sapin,10,non,out,835983
soliveaux de 21 à 22 pieds et dde sapin,1,non,out,835983
soliveaux de 22 pieds et de sapin,5,non,out,835983
soliveaux de 24 pieds,1,non,out,835983
soliveaux de 24 pieds et de sapin,4,non,out,835983
soliveaux de 25 pieds,1,non,,41540
soliveaux de 25 pieds et de sapin,5,non,out,835983
soliveaux de 26 pieds et de sapin,5,non,out,835983
soliveaux de 29 à 30 pieds et de sapin,1,non,out,835983
soliveaux de 30 pieds et de sapin,3,non,out,835983
soliveaux de 34 pieds et de sapin,1,non,out,835983
soliveaux de 36 pieds et de sapin,3,non,out,835983
soliveaux de 50 pieds et de sapin,1,non,out,835983
soliveaux de 6 à 7 pieds et de sapin,1,non,out,835983
soliveaux de 9 à 18 pieds et de sapin,1,non,out,835983
soliveaux de 9 pieds et de sapin,1,non,out,835983
soliveaux de bois,3,non,out,835983
soliveaux de bois de nache,1,non,out,835983
soliveaux de châtaigner,1,non,out,835983
soliveaux de chêne,31,non,out,835983
soliveaux de chêne de 10 pieds,2,non,out,835983
soliveaux de chêne de 12 à 15 pieds,1,non,out,835983
soliveaux de chêne de 13 pieds,1,non,out,835983
soliveaux de chêne de 15 à 20 pieds,1,non,out,835983
soliveaux de chêne de 16 pieds,1,non,out,835983
soliveaux de chêne de 18 pieds,2,non,out,835983
soliveaux de chêne de 20 pieds,1,non,,41540
soliveaux de chêne de 22 pieds,1,non,,41540
soliveaux de chêne de 24 pieds,1,non,out,835983
soliveaux de cyprès,1,non,out,835983
soliveaux de hêtre,1,non,out,835983
soliveaux de hêtre de 53 pieds,1,non,,41540
soliveaux de hêtre de 7 pieds,1,non,,41540
soliveaux de hêtre de 9 pieds,1,non,,41540
soliveaux de sapin,108,non,out,835983
soliveaux de sapin de 14 à 15 pieds,1,non,,41540
soliveaux de sapin de 14 à 18 pieds,1,non,,41540
soliveaux de sapin de 16 pieds,1,non,out,835983
soliveaux de sapin de 22 à 24 pieds,1,non,,41540
soliveaux de sapin de 24 à 29 pieds,1,non,,41540
soliveaux de sapin de 28 pieds,2,non,out,835983
soliveaux de sapin de 42 à 43 pieds,1,non,,41540
soliveaux de sapin de 5 pieds,1,non,out,835983
soliveaux de sapin de 6 pieds,1,non,out,835983
soliveaux petits,1,non,out,835983
soliveaux petits et de sapin,2,non,out,835983
solives,3,non,out,835983
solives de 16 à 20 pieds,1,non,out,835983
solives de chêne,1,non,,41540
solives de sapin,1,non,out,835983
solles ou langues,79,non,out,835983
sommiers bruts et pour Mannem,2,non,out,835983
sommiers de bois,2,non,out,835983
sommiers de chêne,1,non,out,835983
sommiers façonnés et de chêne,90,non,out,835983
sommiers ou corps d'arbre de sapin,89,non,out,835983
son,453,non,out,835983
son d'Espagne,1,non,out,835983
son de farine,99,non,out,835983
son et vesse de fer,1,non,out,835983
sonde,6,non,out,835983
sonde d'argent,1,non,out,835983
sonde ou soude,1,oui,out,835983
sonde ou soudes,1,non,,41540
sonnettes,29,non,out,835983
sonnettes de bronze,1,non,out,835983
sonnettes de fonte,1,non,out,835983
sonnettes de métal,1,non,,41540
soquet,1,non,out,835983
sorbet,7,non,out,835983
sortes,1,non,out,835983
sotas,1,non,out,835983
soucade,3,non,out,835983
souchais,3,non,,41540
soucis,63,non,out,835983
soucis de soie,1,non,out,835983
soucis pour mouchoirs,3,non,out,835983
soucoupes de faïence,1,non,out,835983
soucoupes et tasses de faïence,2,non,out,835983
soucoupes vernies,1,non,out,835983
soucrillon,2,non,out,835983
soucrillon en gerbes,2,non,out,835983
soude de toutes sortes,6,oui,out,835983
soude soufre,1,oui,out,835983
soudes,1734,non,out,835983
soudes (cendre),1,non,,41540
soudes de toutes sortes,6,non,,41540
soudes et natron et salin,40,oui,out,835983
soudes et potasse,23,non,out,835983
soudes et tartre,1,non,out,835983
soudes natron salins,40,non,,41540
soudes soufre,0,non,,41540
soudure,27,non,out,835983
soudure de cuivre,1,non,out,835983
soudure de marcassite,1,non,,41540
soufflets,60,non,out,835983
soufflets à bouche,2,non,out,835983
soufflets à feu,12,non,out,835983
soufflets à forge,9,non,out,835983
soufflets à poudre,3,non,out,835983
soufflets à tirer,1,non,out,835983
soufflets à tirer le vin,7,non,out,835983
soufflets à tirer le vin au clair,1,non,out,835983
soufflets à tirer le vin au clair avec leurs garnitures,2,non,out,835983
soufflets à tirer vin au clair,1,non,out,835983
soufflets anglais,1,non,,41540
soufflets d'hermine,1,non,out,835983
soufflets de bois,55,non,out,835983
soufflets de cheminée,8,non,out,835983
soufflets de fer,1,non,out,835983
soufflets de forge,23,non,out,835983
soufflets de maréchal,195,non,out,835983
soufflets petits,5,non,out,835983
soufflets pour orgues,3,non,out,835983
soufre,1526,non,out,835983
soufre ???,1,non,out,835983
soufre à canons,1,non,out,835983
soufre brut,7,non,out,835983
soufre en canons,97,non,out,835983
soufre en canons épuré,1,non,out,835983
soufre en fanon,12,oui,out,835983
soufre en fleurs,32,non,out,835983
soufre en mèche,2,non,out,835983
soufre épuré,7,non,out,835983
soufre raffiné,3,non,out,835983
soufre sublimé en poudre,8,non,out,835983
soufre vif,1,non,out,835983
soulassé de cordonnier,1,non,,41540
souliers,981,non,out,835983
souliers à dessus de soie pour femme,5,non,out,835983
souliers anglais,1,non,out,835983
souliers blancs,3,non,out,835983
souliers brodés,22,non,out,835983
souliers brodés d'argent,4,non,out,835983
souliers brodés d'argent et d'or,8,non,out,835983
souliers brodés d'argent et de soie,1,non,out,835983
souliers brodés d'or,1,non,out,835983
souliers brodés et pour femme,11,non,out,835983
souliers communs,23,non,out,835983
souliers couverts en calmande et pour femme,1,non,out,835983
souliers couverts en étoffe,3,non,out,835983
souliers couverts en étoffe et pour femme,5,oui,out,835983
souliers couverts en étoffe pour femme,5,non,,41540
souliers couverts en soie et pour femme,8,non,out,835983
souliers d'enfant,6,non,out,835983
souliers d'étoffe de soie,7,non,out,835983
souliers d'homme,21,non,out,835983
souliers de chanvre,1,non,out,835983
souliers de cordes,5,non,out,835983
souliers de cordonnier,15,non,out,835983
souliers de cordonnier pour femme,6,non,out,835983
souliers de cordonnier pour homme,12,non,out,835983
souliers de cordonnier vieux,1,non,out,835983
souliers de cuir,53,non,out,835983
souliers de cuir couverts en soie pour femme,5,non,out,835983
souliers de cuir et pour femme,3,non,out,835983
souliers de cuir et pour homme,5,non,out,835983
souliers de cuir et pour homme et femme,1,non,out,835983
souliers de cuir pour homme,6,non,out,835983
souliers de cuir pour homme et femme,5,non,out,835983
souliers de cuir surans,1,non,,41540
souliers de cuir vieux,1,non,,41540
souliers de dame,1,non,out,835983
souliers de maroquin,3,non,out,835983
souliers de soie,13,non,out,835983
souliers en paire,1,oui,,41540
souliers en terre,1,non,,41540
souliers enfant,1,non,out,835983
souliers et bottes de toutes espèces,5,oui,,41540
souliers et mules,1,non,,41540
souliers et mules en paire,1,oui,,41540
souliers neufs,145,non,out,835983
souliers pantoufles et galoches,3,non,out,835983
souliers par paires,0,non,out,835983
souliers petits,2,non,out,835983
souliers pour enfant,12,non,out,835983
souliers pour femme,43,non,out,835983
souliers pour homme,78,non,out,835983
souliers pour homme et femme,2,non,out,835983
souliers vieux,76,non,out,835983
souline étoffe des Indes,1,non,out,835983
soupières de faïence,1,non,out,835983
souquets de mâts,2,non,out,835983
soutane,1,non,,41540
southoy,1,non,out,835983
soutien,0,non,out,835983
soux de grabanite,1,non,out,835983
soux en feuilles,1,non,out,835983
soyette de fil,1,non,out,835983
spalme,3,non,out,835983
spalte,1,non,out,835983
spardilles,7,non,out,835983
spart brut,3,non,out,835983
spart brut et presle,2,non,out,835983
sparterie,16,non,out,835983
sparterie brute en auf jonc et roseaux,26,non,out,835983
spath,1,non,out,835983
spéculation,2,non,out,835983
spermaceti,63,non,out,835983
sperme,1,non,out,835983
sperme de baleine,15,non,out,835983
spermecely,1,oui,out,835983
sphères,1,non,out,835983
spiante,1,non,out,835983
spicaceltica,51,non,out,835983
spicajudica,1,non,out,835983
spicanardi,16,non,out,835983
spinenardi,1,non,out,835983
spirinck,49,non,out,835983
spode,3,non,out,835983
sprottes,1,non,out,835983
square,1,non,out,835983
squille de grains,4,non,out,835983
squine,162,non,out,835983
stafisagre,34,non,out,835983
stagnon,1,non,out,835983
statue de pierre,10,non,out,835983
statue de plomb,1,non,out,835983
stechas arabique,1,non,out,835983
stephais,1,non,out,835983
sthouchais,1,non,out,835983
stil de bois,1,non,,41540
stil de grain,2,oui,,41540
stil de grains,63,non,out,835983
stil de grains et vermillon,1,non,out,835983
stinkerque,31,non,out,835983
stinkerque à barre,1,oui,out,835983
stinkerque à barres,1,non,,41540
stinkerque brodées,1,non,out,835983
stinkerque brodées de couleur,1,non,out,835983
stinkerque de fil organdis,1,non,out,835983
stirax liquide,1,non,out,835983
stockfish,562,non,,41540
stockfish et morue,1,oui,out,835983
stockfish mariné et salé,16,non,out,835983
stockfish salé,4,non,out,835983
storax,213,non,out,835983
storax calames,2,non,out,835983
storax calamin,1,non,out,835983
storax en grabeau,1,non,,41540
storax en larme,1,non,out,835983
storax liquide,7,non,out,835983
stragondis,6,non,out,835983
sublimé,147,non,out,835983
sublimé corosif,17,non,out,835983
subsistances,27,non,out,835983
substances et produits chimiques,29,non,out,835983
substances et produits chimiques principalement eau-forte et couperose,14,non,out,835983
substances et produits chimiques principalement en eau-forte et couperose bleue et blanche,12,non,out,835983
suc de réglisse,47,non,out,835983
succade,1,non,out,835983
sucre,3297,non,out,835983
sucre à devises et à casser,43,non,out,835983
sucre bâtard,1,non,out,835983
sucre blanc,1325,non,out,835983
sucre blanc brut des entrepôts étranger,0,non,out,835983
sucre blanc brut étranger,3,non,out,835983
sucre blanc en pain,5,non,out,835983
sucre blanc en poudre,1,non,,41540
sucre blanc et sucre terré,49,non,out,835983
sucre blanc et sucre terré des Îles françaises de l'Amérique,1,non,out,835983
sucre blanc et sucre terré et sucre têtes,9,non,out,835983
sucre blanc et tabatières de bergamote,1,non,out,835983
sucre blanc terré et têtes,20,non,out,835983
sucre brun,108,non,out,835983
sucre brun brut,3,non,out,835983
sucre brun en pain et terré,1,non,,41540
sucre brun prix bas,15,non,out,835983
sucre brut,1761,non,out,835983
sucre brut autre que blanc,6,non,out,835983
sucre brut autre que blanc des entrepôts étranger,0,non,out,835983
sucre brut autre que blanc étranger,4,non,out,835983
sucre brut blanc,4,non,out,835983
sucre brut blanc ou terré,5,non,out,835983
sucre brut des colonies françaises au-delà du Cap,2,non,out,835983
sucre brut en forme,1,non,out,835983
sucre brut et sucre terré,5,non,out,835983
sucre brut par Nantes,1,non,out,835983
sucre candi,391,non,out,835983
sucre candi en pain et en poudre raffiné,1,non,out,835983
sucre candi et en pain,3,non,out,835983
sucre candi et sucre en pain par Bayonne Bordeaux Le Havre et Dunkerque,1,non,out,835983
sucre candi raffiné,1,non,out,835983
sucre carré,1,non,out,835983
sucre cassonade,1,non,out,835983
sucre commun,25,non,out,835983
sucre d'érable,10,non,out,835983
sucre d'orge,17,non,out,835983
sucre de Brésil et sucre blanc et sucre cru,0,non,out,835983
sucre de canne,1,non,out,835983
sucre de Cayenne,1,non,out,835983
sucre de Cayenne terré,5,non,out,835983
sucre de forme,1,non,out,835983
sucre de lait,1,non,out,835983
sucre de réglisse,2,non,out,835983
sucre de têtes,15,non,out,835983
sucre des Indes brut,1,non,out,835983
sucre des Indes terré,2,non,out,835983
sucre des Indes têtes,1,non,out,835983
sucre des prises terré,1,non,out,835983
sucre dit lompen,3,non,out,835983
sucre du Brésil,2,non,,41540
sucre en blanc,1,non,out,835983
sucre en dragées,130,non,out,835983
sucre en forme terré,1,non,out,835983
sucre en lait,1,non,out,835983
sucre en pain,1100,non,out,835983
sucre en pain blanc,1,non,out,835983
sucre en pain et en poudre raffiné,1,non,out,835983
sucre en pain et sucre raffiné,15,non,out,835983
sucre en pain et sucre raffiné et sucre têtes etc.,1,non,out,835983
sucre en pain et sucre terré,2,non,out,835983
sucre en pain par Le Havre,1,non,out,835983
sucre en pain par Strasbourg,1,non,out,835983
sucre en pain par Strasbourg Metz et Riltzeim,1,non,out,835983
sucre en pain pour la Compagnie des Indes,1,non,out,835983
sucre en pain raffiné,29,non,out,835983
sucre en pain sorti avec prime,13,non,out,835983
sucre en poudre,2,non,out,835983
sucre en poudre blanc,93,non,out,835983
sucre en poudre blanc de haut prix,14,non,out,835983
sucre en poudre brun,94,non,out,835983
sucre et raisin sec,3,non,out,835983
sucre et rocou,7,non,out,835983
sucre et tabac,11,non,out,835983
sucre et verdet,5,non,out,835983
sucre ferré,3,non,out,835983
sucre fin,3,non,out,835983
sucre mélasse,20,non,out,835983
sucre mélisse,1,non,out,835983
sucre mes ???,1,non,out,835983
sucre moscovade,11,non,out,835983
sucre noix,1,non,out,835983
sucre orianne,1,non,out,835983
sucre raffiné,342,non,out,835983
sucre rouge,1,non,,41540
sucre roulé,1,non,out,835983
sucre royal,3,non,out,835983
sucre terré,1516,non,out,835983
sucre terré autre que blanc,1,non,out,835983
sucre terré autre que blanc des entrepôts étranger,0,non,out,835983
sucre terré autre que blanc étranger,3,non,out,835983
sucre terré blanc,1,non,out,835983
sucre terré blanc des entrepôts étranger,0,non,out,835983
sucre terré blanc étranger,7,non,out,835983
sucre terré blanc ordinaire et têtes de forme,11,non,out,835983
sucre terré brun étranger,3,non,out,835983
sucre terré commun,1,non,out,835983
sucre terré des colonies françaises au-delà du Cap,0,non,out,835983
sucre terré des Indes,1,non,out,835983
sucre terré et sucre têtes,36,non,out,835983
sucre terré moyen,1,non,out,835983
sucre terré par Bayonne Marseille et Nantes,1,non,out,835983
sucre terré par Chapareillan,1,non,out,835983
sucre terré têtes,19,non,out,835983
sucre terré têtes de forme,1,non,out,835983
sucre têtes,435,non,out,835983
sucre têtes de forme,143,non,out,835983
sucre vergeoise,154,non,out,835983
sucrerie,19,non,out,835983
sucrerie drapée,2,non,out,835983
sucrier,4,non,out,835983
sucrier de faïence,2,non,out,835983
sucs d'espèces particulières,2,non,out,835983
suie de cheminée,66,non,out,835983
suif,2413,non,out,835983
suif à chandelle,36,non,out,835983
suif brut,11,non,out,835983
suif de mouton,1,non,out,835983
suif en barils,48,non,,41540
suif en branche,4,non,out,835983
suif en chandelle,6,non,,41540
suif en chandelle et en rames,1,non,out,835983
suif en masse,94,non,out,835983
suif en pain,102,non,out,835983
suif en pain et en rames,2,non,,41540
suif en poil,1,non,out,835983
suif en rames,16,non,out,835983
suif en vessie,1,non,,41540
suif fondu,79,non,out,835983
suif fondu et en chandelle,3,non,,41540
suif pour faire du savon,0,non,out,835983
suif pour raffiner le cuivre,4,non,out,835983
suif soude,9,oui,out,835983
suif soudes,9,non,,41540
suin,1,non,out,835983
suine,0,non,out,835983
sulfate d'alumine,2,non,out,835983
sulfate d'ammoniaque,2,non,out,835983
sulfate de cuivre,5,non,out,835983
sulfate de cuivre de fer et de zinc,2,non,out,835983
sulfate de cuivre et de fer,1,non,out,835983
sulfate de fer,5,non,out,835983
sulfate de magnésie de potasse et de soude,2,oui,out,835983
sulfate de magnésie de potasse et de soudes,2,non,,41540
sulfate de plomb,1,non,out,835983
sulfate de potasse,7,non,out,835983
sulfate de quinine,2,non,out,835983
sulfate de zinc,3,non,out,835983
sulfure d'arsenic jaune et rouge,4,non,out,835983
sulfure de mercure en pierres,3,non,out,835983
sumac,819,non,out,835983
sumac des corroyeurs,45,non,out,835983
sumac et autres feuilles tinctoriales,2,non,out,835983
sumeuille de cuivre,0,non,out,835983
surge de laine,4,oui,out,835983
surons,1,non,out,835983
sutoze,1,non,out,835983
tabac,1489,non,out,835983
tabac à fumer,39,non,out,835983
tabac à mâcher,1,non,out,835983
tabac à râper,4,non,out,835983
tabac à varié,1,non,out,835983
tabac avarié,4,non,out,835983
tabac briquet,5,non,out,835983
tabac brut,1,non,out,835983
tabac commun,15,non,out,835983
tabac commun en feuilles,1,non,out,835983
tabac côte de ???,1,oui,out,835983
tabac d'Espagne,96,non,out,835983
tabac d'Espagne en feuilles,1,non,out,835983
tabac de ???,1,non,out,835983
tabac de Brésil,3,non,out,835983
tabac de caisse,1,non,out,835983
tabac de cantine,21,non,out,835983
tabac de carottes,2,oui,out,835983
tabac de Clairac,1,non,,41540
tabac de coco,1,non,out,835983
tabac de Hollande,12,non,out,835983
tabac de la Ferme,225,non,out,835983
tabac de la Havane,13,non,out,835983
tabac de renvoi,1,non,out,835983
tabac de Séville,2,non,out,835983
tabac de St. Domingue,18,non,out,835983
tabac de St. Vincent,2,non,out,835983
tabac de toutes espèces,4,oui,,41540
tabac de Virginie,30,non,out,835983
tabac de Virginie en feuilles,10,non,out,835983
tabac des Îles françaises,1,non,,41540
tabac des Indes,1,non,out,835983
tabac des prises,7,non,out,835983
tabac divers,2,non,out,835983
tabac du Brésil,72,non,out,835983
tabac du Brésil acheté à Lisbonne,2,non,out,835983
tabac du Brésil acheté à Lisbonne en faisant route pour la Côte d'Or,2,non,out,835983
tabac du Brésil de Virginie,3,non,out,835983
tabac du Brésil pris à Lisbonne par les bâtiments français négriers expédiés des ports de France pour la Côte d'Or,1,non,out,835983
tabac du Brésil pris à Lisbonne par les bâtiments négriers expédiés des côtes de France pour la Côte d'Or,1,non,out,835983
tabac en ???,1,non,out,835983
tabac en andouille,11,non,out,835983
tabac en caisse,5,non,out,835983
tabac en cantine,1,non,out,835983
tabac en carotte,102,non,out,835983
tabac en carotte et en feuilles,1,non,out,835983
tabac en carotte et en feuilles et en côtes,2,non,out,835983
tabac en carotte et en feuilles et râpé,1,non,out,835983
tabac en carotte et fabriqué,6,non,out,835983
tabac en carotte et feuilles côtes,1,oui,out,835983
tabac en carotte et rolles,119,non,out,835983
tabac en carotte par Bayonne,1,non,out,835983
tabac en cordes,17,non,out,835983
tabac en coren ???,0,non,out,835983
tabac en côtes,83,non,out,835983
tabac en côtes et en feuilles,27,non,out,835983
tabac en côtes et en feuilles des entrepôts pour la régie,0,non,out,835983
tabac en côtes et en feuilles pour la régie,6,non,out,835983
tabac en feuille,1,non,out,835983
tabac en feuille des Îles françaises,1,non,,41540
tabac en feuilles,2,non,out,835983
tabac en feuilles de la Louisiane,1,non,out,835983
tabac en feuilles de Virginie,10,non,out,835983
tabac en feuilles et autres,3,non,out,835983
tabac en feuilles et en poudre,1,non,out,835983
tabac en feuilles par Bayonne,1,non,out,835983
tabac en feuilles par Dunkerque,1,non,out,835983
tabac en filé,1,non,out,835983
tabac en graine,1,non,out,835983
tabac en manoque,19,non,out,835983
tabac en poudre,437,non,out,835983
tabac en poudre commun,1,non,out,835983
tabac en poudre commun supérieur,1,non,out,835983
tabac en poudre d'Espagne,1,non,,41540
tabac en poudre de la Ferme,1,non,,41540
tabac en poudre de la Havane,3,non,out,835983
tabac en rolle,14,non,out,835983
tabac en rouleau,12,non,out,835983
tabac et savon,1,non,out,835983
tabac et son d'Espagne,4,non,out,835983
tabac et sucre,2,oui,,41540
tabac fabriqué,53,non,out,835983
tabac fabriqué et préparé,4,non,out,835983
tabac ficelé,6,non,out,835983
tabac filé,79,non,out,835983
tabac fin,2,non,out,835983
tabac frisé,2,non,out,835983
tabac haché,4,non,out,835983
tabac haché et à fumer,125,non,out,835983
tabac pour échantillon,1,non,out,835983
tabac pressé d'Allemagne,6,non,out,835983
tabac râpé,104,non,out,835983
tabac râpé de la Ferme,7,non,out,835983
tabac râpé par Dunkerque,1,non,out,835983
tabac viedé,1,non,out,835983
tabagies,1,non,out,835983
tabatières,117,non,out,835983
tabatières à bergamote,1,oui,out,835983
tabatières communes,4,non,out,835983
tabatières corne,1,non,out,835983
tabatières d???,1,non,,41540
tabatières d'agate,7,non,out,835983
tabatières d'argent,22,non,out,835983
tabatières d'argent émaillées,1,non,,41540
tabatières d'argent et d'or,1,non,out,835983
tabatières d'argent et dorées,1,non,out,835983
tabatières d'argent et petites,2,non,out,835983
tabatières d'écaille,121,non,out,835983
tabatières d'écaille à charnière,1,non,,41540
tabatières d'écaille à charnière d'or,1,non,out,835983
tabatières d'écaille à pitons d'argent,1,non,out,835983
tabatières d'écaille garnies d'argent,1,non,out,835983
tabatières d'écaille incrustées,1,non,,41540
tabatières d'écaille incrustées d'argent,1,non,out,835983
tabatières d'écaille incrustées d'argent et d'or,2,non,out,835983
tabatières d'écaille incrustées d'or,1,non,out,835983
tabatières d'écaille unie,3,non,out,835983
tabatières d'émail,1,non,out,835983
tabatières d'olivier,56,non,out,835983
tabatières d'or,11,non,out,835983
tabatières d'os,1,non,out,835983
tabatières de bergamote,15,non,out,835983
tabatières de bois,51,non,out,835983
tabatières de bois blanc,1,non,out,835983
tabatières de bois d'olivier,8,non,out,835983
tabatières de bois verni,138,non,out,835983
tabatières de buis,4,non,out,835983
tabatières de carton,263,non,out,835983
tabatières de coco,2,non,out,835983
tabatières de composition,2,non,out,835983
tabatières de corne,84,non,out,835983
tabatières de cuir,3,non,out,835983
tabatières de cuivre,1,non,out,835983
tabatières de cuivre jaune,1,non,out,835983
tabatières de fer-blanc,7,non,out,835983
tabatières de forme,1,non,out,835983
tabatières de nacre,1,non,out,835983
tabatières de paille,9,non,out,835983
tabatières de pinsbeck,4,non,out,835983
tabatières de vermeil,1,non,out,835983
tabatières émaillées,5,non,out,835983
tabatières enrichies,5,non,out,835983
tabatières garnies d'or,1,non,out,835983
tabatières incrustées,1,non,,41540
tabatières unies,1,non,out,835983
tabatières vernies,3,non,out,835983
tabernacle,3,non,out,835983
tabernacle de marbre,0,non,out,835983
tabernacle doré,1,non,out,835983
tabernacle en bois d'or,1,non,,41540
table en plomb,66,non,out,835983
tableaux,567,non,out,835983
tableaux à bordures dorées,3,non,out,835983
tableaux à cadres dorés,3,non,out,835983
tableaux à l'huile,1,non,out,835983
tableaux anciens,1,non,out,835983
tableaux avec leurs cadres,2,non,out,835983
tableaux communs,22,non,out,835983
tableaux communs et sur toile,7,non,out,835983
tableaux communs et vieux,1,non,out,835983
tableaux d'optiques,2,non,out,835983
tableaux de famille,4,non,out,835983
tableaux de papier peint,1,non,out,835983
tableaux et thèses,2,non,out,835983
tableaux fins et sur toile,1,non,out,835983
tableaux grossiers,3,non,out,835983
tableaux petits,1,non,,41540
tableaux portraits,1,non,out,835983
tableaux sans bordures,2,non,out,835983
tableaux sans bordures et sur toile,2,non,out,835983
tableaux sur bois,1,non,out,835983
tableaux sur toile,18,non,out,835983
tableaux vieux,4,non,out,835983
tables,5,non,out,835983
tables à café,1,non,out,835983
tables à cannelle,1,non,out,835983
tables à écrire,1,non,out,835983
tables à jouer,7,non,out,835983
tables à thé,7,non,out,835983
tables à thé vernies,1,non,,41540
tables d'acajou,1,non,out,835983
tables d'ardoises,15,non,out,835983
tables de bois,28,non,out,835983
tables de bois peintes,2,non,out,835983
tables de bois petites,1,non,out,835983
tables de chêne,2,non,out,835983
tables de marbre,181,non,out,835983
tables de marbre avec leurs pieds,1,non,out,835983
tables de marbre et à pieds dorés,2,non,out,835983
tables de marbre ouvré,2,non,out,835983
tables de marbre petites,2,non,out,835983
tables de noyer,2,non,out,835983
tables de nuit,2,non,out,835983
tables de quadrilles,3,non,out,835983
tables de sapin,18,non,out,835983
tables de sapin en forme de commonde,1,non,out,835983
tables de sapin peinte,3,non,out,835983
tables de sapin peintes,13,non,out,835983
tables de sapin vernies,4,non,out,835983
tables de toilette,1,non,out,835983
tables de verre,53,non,out,835983
tables en feuilles,1,non,out,835983
tables en marbre,27,non,out,835983
tables fermées,3,non,out,835983
tables jacinthes,1,non,out,835983
tables peintes,11,non,out,835983
tables vernies,14,non,out,835983
tabletterie,7,non,out,835983
tabletterie et porcelaine,0,non,out,835983
tablettes anisées,1,non,out,835983
tablettes d'ardoise,2,non,out,835983
tablier,4,non,out,835983
tablier brodé,4,non,out,835983
tablier brodé et de taffetas,1,non,out,835983
tablier de peau de chamois,1,non,out,835983
tablier de quadrilles,1,non,out,835983
tablier de soie,1,non,,41540
tablier de taffetas,6,non,out,835983
tablier de toile peinte,3,non,out,835983
tablier peint,3,non,out,835983
tabourets,1,non,out,835983
tabourets d'enfant,1,non,out,835983
tabourets de lit en satin,2,non,,41540
Tabourets de lit en satin brodé,2,oui,,41540
tabourets de lit en satin brodé,2,non,,41540
tacelle de fer,0,non,out,835983
taffetas,248,non,out,835983
taffetas à la bonne femme,2,non,out,835983
taffetas blanc,2,non,out,835983
taffetas bleu,3,non,out,835983
taffetas broché,1,non,out,835983
taffetas chiné,1,non,out,835983
taffetas cirés de soie,1,non,out,835983
taffetas crin,1,non,out,835983
taffetas d'Angleterre,4,non,out,835983
taffetas d'Avignon,2,non,out,835983
taffetas de Florence,2,non,out,835983
taffetas de Léon,2,non,out,835983
taffetas de Lyon,1,non,out,835983
taffetas de Naples,1,non,,41540
taffetas de Pékin,4,non,out,835983
taffetas de soie,35,non,out,835983
taffetas double,1,non,,41540
taffetas foulard,1,non,out,835983
taffetas foulas,7,non,out,835983
taffetas lustré,2,non,out,835983
taffetas noir,7,non,out,835983
taffetas petit,5,non,out,835983
taffetas rayé,5,non,out,835983
tafia,408,non,out,835983
tafia par Dunkerque et étranger,1,non,out,835983
taillanderie,7,non,out,835983
taille de bois à couvrir,1,oui,out,835983
taille de bois pour couvrir,1,non,,41540
taillole,1,non,,41540
taillole de coton,2,non,out,835983
taillole de laine,4,non,out,835983
talaris,8,non,out,835983
talc,5,non,out,835983
talc de Venise,2,non,out,835983
talons de bois,37,non,out,835983
talons de bois et forme de bois,1,non,out,835983
talons de cuir,1,non,out,835983
tamarin,339,non,out,835983
tamarin confit dans le sucre,4,non,out,835983
tamarin en gousse,38,non,out,835983
tamarin gousse entière,5,non,out,835983
tamarin gras,1,non,out,835983
tamarindy,2,non,out,835983
tambours,16,non,out,835983
tambours à sucre,5,non,out,835983
tambours d'acier,2,non,out,835983
tambours d'enfant,2,non,out,835983
tambours de cuir,1,non,,41540
tambours de fer,41,non,out,835983
tambours de fer pour moulins à sucre,1,non,out,835983
tambours de fonte,1,non,,41540
tambours de forme,1,non,out,835983
tambours pour moulins à sucre,1,non,out,835983
tamis,59,non,out,835983
tamis à faire et faits,111,non,out,835983
tamis à sucre,2,non,out,835983
tamis à tabac,1,non,out,835983
tamis de crin,4,non,out,835983
tamis de fil de laiton,3,non,out,835983
tamis de laine,1,non,,41540
tamis de soie,1,non,out,835983
tamis de toile de crin,1,non,out,835983
tan,3,non,out,835983
tanabare ???,1,non,out,835983
tanches,2,non,out,835983
tanelles,1,non,out,835983
tanier de laine,1,non,out,835983
tanjebs,8,non,out,835983
tanquets de terre,1,non,out,835983
tapenade,1,non,,41540
tapetal,0,non,out,835983
tapette,1,non,out,835983
tapette à mouches,1,non,out,835983
tapis,120,non,out,835983
tapis à côtes et à nœuds de laine,2,non,out,835983
tapis à petit point,1,non,out,835983
tapis autres qu'à côtes et à nœuds de laine,1,non,out,835983
tapis brodés,2,non,out,835983
tapis brodés en soie,1,non,out,835983
tapis brodés en surface et de drap,1,non,out,835983
tapis courtepointe,1,non,out,835983
tapis courtepointe de toile peinte,1,non,out,835983
tapis d'Angleterre,3,non,out,835983
tapis d'Aubusson,10,non,out,835983
tapis d'Auvergne,13,non,out,835983
tapis d'indienne,18,non,out,835983
tapis de billard,1,non,out,835983
tapis de chitte,2,non,out,835983
tapis de coton,1,non,out,835983
tapis de coton et de fil,2,non,out,835983
tapis de fil et de laine,3,non,out,835983
tapis de Guinée,2,non,out,835983
tapis de laine,118,non,out,835983
tapis de laine à côtes et à nœuds,1,non,out,835983
tapis de laine d'Aubusson,3,non,out,835983
tapis de laine d'Auvergne,1,non,out,835983
tapis de laine simples,4,non,out,835983
tapis de moquette,9,non,out,835983
tapis de palampoux,2,non,out,835983
tapis de Perse,2,non,out,835983
tapis de pieds,4,non,out,835983
tapis de pure laine,3,non,out,835983
tapis de Rouen,1,non,out,835983
tapis de satin,2,non,out,835983
tapis de satin blanc brodé,1,non,out,835983
tapis de satin brodé,8,non,out,835983
tapis de soie,1,non,out,835983
tapis de table,68,non,out,835983
tapis de table pièces,171,non,out,835983
tapis de toile cirée,1,non,out,835983
tapis de toile peinte,14,non,out,835983
tapis de toile rayée,1,non,out,835983
tapis de Turquie,12,non,out,835983
tapis de velours,8,non,out,835983
tapis des Indes,7,non,out,835983
tapis divers,19,non,out,835983
tapis du Caire,3,non,out,835983
tapis du Levant,2,non,out,835983
tapis et courtepointe,1,non,out,835983
tapis et tapisserie,3,non,out,835983
tapis fabrique de Tournai,3,non,out,835983
tapis fil teint,1,non,out,835983
tapis gros point,1,non,out,835983
tapis indienne,1,non,out,835983
tapis peints,7,non,out,835983
tapis peints brodés,1,non,out,835983
tapis vieux de renvoi,1,non,out,835983
tapisserie,206,non,out,835983
tapisserie à l'Aubusson,4,non,out,835983
tapisserie aux aiguilles,3,non,out,835983
tapisserie commune,24,non,out,835983
tapisserie d'Amiens,2,non,out,835983
tapisserie d'Anvers,1,non,out,835983
tapisserie d'Aubusson,112,non,out,835983
tapisserie d'Aubusson en tenture,1,non,,41540
tapisserie d'Aubusson tenture,2,non,out,835983
tapisserie d'Audenarde,17,non,out,835983
tapisserie d'Auvergne,105,non,out,835983
tapisserie d'Auvergne en tentures,1,non,,41540
tapisserie d'Auvergne tentures,1,oui,out,835983
tapisserie d'Elbeuf,13,non,out,835983
tapisserie d'oudenarde,2,non,out,835983
tapisserie d'ouvrage,1,non,out,835983
tapisserie de Bayonne,1,non,out,835983
tapisserie de Beauvais,1,non,out,835983
tapisserie de Bergame,12,non,out,835983
tapisserie de Bruxelles,1,non,out,835983
tapisserie de Bruxelles et autres,5,non,out,835983
tapisserie de coton,1,non,out,835983
tapisserie de coton imprimé,3,non,out,835983
tapisserie de coutil,2,non,out,835983
tapisserie de coutil peinte,1,non,out,835983
tapisserie de cuir doré,13,non,out,835983
tapisserie de fil et de laine,3,non,out,835983
tapisserie de fil peint,1,non,out,835983
tapisserie de fil teint,2,non,out,835983
tapisserie de filoselle,1,non,out,835983
tapisserie de Flandre avec argent et or,1,non,out,835983
tapisserie de haut lieu vieille,1,non,out,835983
tapisserie de haute lice,23,non,out,835983
tapisserie de haute lice en tenture,3,non,out,835983
tapisserie de Hongrie,3,non,out,835983
tapisserie de la Marche,1,non,out,835983
tapisserie de laine,8,non,out,835983
tapisserie de laine d'Aubusson,1,non,out,835983
tapisserie de moquette,33,non,out,835983
tapisserie de papier peau,1,non,out,835983
tapisserie de papier peint,1,non,out,835983
tapisserie de point de Hongrie,3,non,out,835983
tapisserie de Rouen,104,non,out,835983
tapisserie de toile cirée,1,non,out,835983
tapisserie de toile peinte,4,non,out,835983
tapisserie de verdure,4,non,out,835983
tapisserie de verdure tentures,1,non,out,835983
tapisserie des Gobelins,21,non,out,835983
tapisserie du Dauphiné,1,non,out,835983
tapisserie en tentures,2,non,,41540
tapisserie fausse et de toile,1,non,out,835983
tapisserie filoselle et laine,1,non,out,835983
tapisserie fine coutil,1,non,out,835983
tapisserie hachée et de laine,2,non,out,835983
tapisserie peinte,15,non,out,835983
tapisserie peinte ??? toile,1,non,out,835983
tapisserie peinte de Hongrie,4,non,out,835983
tapisserie peinte sur coutil,2,non,out,835983
tapisserie peinte sur toile,2,non,out,835983
tapisserie peinte tentures,1,non,out,835983
tapisserie pièce,2,non,out,835983
tapisserie point de Hongrie,3,non,out,835983
tapisserie pour chaises,1,non,out,835983
tapisserie pur ??? coutil,1,non,out,835983
tapisserie simple,2,non,out,835983
tapisserie sur toile,3,non,out,835983
tapisserie tontisse,3,non,out,835983
tapisserie verdure,2,non,out,835983
tapisserie vieille,18,non,out,835983
tapkankanias,1,non,,41540
tapsel,186,non,out,835983
tapsel des Indes,3,non,out,835983
tapsel étoffe,1,non,out,835983
tapsel étroite,1,non,out,835983
tapsel grand,4,non,out,835983
tapsel large,1,non,out,835983
tapsel longue et large,1,non,out,835983
taques de cheminée,2,non,out,835983
tarnatanes,3,non,out,835983
tars,1,non,out,835983
tartagogne,1,non,out,835983
tartre,1693,non,out,835983
tartre blanc,9,non,out,835983
tartre brut,3,non,out,835983
tartre de lie de vin désséchée,2,non,out,835983
tartre de lie de vin liquide,1,non,out,835983
tartre de potasse de soude et de potasse,2,oui,out,835983
tartre de potasse de soudes et de potasse,2,non,,41540
tartre de soude et de potasse,1,oui,out,835983
tartre de soudes et de potasse,1,non,,41540
tartre émétique,3,non,out,835983
tartre en grabeau,26,non,,41540
tartre en pierre,1,non,out,835983
tartre en poussière,1,non,out,835983
tartre et lie de vin,22,non,out,835983
tartre et térébenthine,6,non,out,835983
tartre glan,1,non,out,835983
tartre rouge,8,non,out,835983
tartre térébenthine,4,non,out,835983
tartre vitriolé,1,non,out,835983
tase rouge,1,non,out,835983
tasse à café de terre anglaise,1,non,,41540
tasseaux,2,non,out,835983
tasses,4,non,out,835983
tasses de coco,1,non,out,835983
tasses de coraux garnies d'argent,1,non,out,835983
tasses de faïence,2,non,out,835983
tasses de terre blanche,1,non,out,835983
tasses de vermillon,4,non,out,835983
tatie,1,non,out,835983
taulier pour canon,1,non,out,835983
taupine,3,non,out,835983
taupine de coton et de soie,2,non,out,835983
taureaux,68,non,out,835983
taureaux et vache,6,non,out,835983
tavelle,33,non,out,835983
tavelle de fil et de laine,1,non,out,835983
tavelle de laine,1,non,out,835983
tavelle passement,1,oui,out,835983
tayolles,76,non,out,835983
tayolles de ???,1,non,,41540
tayolles de coton,10,non,out,835983
tayolles de coton et de fil,1,non,out,835983
tayolles de coton et de soie,1,non,out,835983
tayolles de fil,1,non,out,835983
tayolles de laine,12,non,out,835983
tayolles de soie,7,non,out,835983
tegers de cuivre,0,non,out,835983
teinture,289,non,out,835983
teinture cerise,2,non,out,835983
teinture commune,1,non,out,835983
teinture d'herbes,1,non,out,835983
teinture jaune,1,non,out,835983
teinture pour les filets,1,non,out,835983
teinture préparée,1,non,out,835983
tejenes de cuivre,1,non,out,835983
télescope,9,non,out,835983
télescope de bois uni,1,non,out,835983
télescope de cuivre poli,1,non,out,835983
temparille,2,non,out,835983
tenaille,3,non,out,835983
tenaille de fer,2,non,out,835983
tenaille grossière,2,non,out,835983
tendeurs pour voile,4,non,out,835983
tenelle d'espars,1,non,out,835983
tenevie,1,non,out,835983
tentes,6,non,out,835983
tentes canonnières,1,non,out,835983
tentes d'officiers vieilles,1,non,,41540
tentes et voile,58,non,out,835983
tentes et voile en rolles ou pièces,6,non,out,835983
tepaye des Indes,1,non,out,835983
tepays,12,non,out,835983
terc,4,non,out,835983
térébenthine,1287,non,out,835983
térébenthine brune,1,non,,41540
térébenthine commune,2,non,out,835983
térébenthine compacte,45,non,out,835983
térébenthine d' ???,1,oui,out,835983
térébenthine de bergamote,1,non,out,835983
térébenthine de Venise,6,non,out,835983
térébenthine en essence et en huile et en pâte,19,non,out,835983
térébenthine en essence et térébenthine en huile et térébenthine en pâte,19,oui,,41540
térébenthine en pâte,20,non,out,835983
térébenthine essence,50,non,out,835983
térébenthine grosse,1,non,out,835983
térébenthine liquide,44,non,out,835983
terendine,6,non,out,835983
terixe,1,non,out,835983
ternilles,1,non,out,835983
terra merita,2,non,out,835983
terraille,531,non,out,835983
terraille blanche,22,non,out,835983
terraille commune,62,non,out,835983
terraille de brin ???,1,non,out,835983
terraille de Gênes,4,non,out,835983
terraille de Gênes noire,2,non,out,835983
terraille de grès,18,non,out,835983
terraille de terre,4,non,out,835983
terraille étrangère,2,non,,41540
terraille fine,1,non,,41540
terraille grise,1,non,out,835983
terraille grosse,2,oui,out,835983
terraille grossière,5,non,out,835983
terraille minime,1,non,out,835983
terraille noire,14,non,out,835983
terraillon de grès,1,non,out,835983
terraque,1,oui,out,835983
terrasse,1,non,out,835983
terre,81,non,out,835983
terre ?,4,non,out,835983
terre à bâtir,9,non,out,835983
terre à brûler,1,non,out,835983
terre à ciment,20,non,out,835983
terre à cimenter,2,non,out,835983
terre à faïence,24,non,out,835983
terre à faïence commune,1,non,out,835983
terre à fouler,72,non,out,835983
terre à fouler et à potier,16,non,out,835983
terre à foulon,53,non,out,835983
terre à nettoyer,2,non,out,835983
terre à piment,1,non,out,835983
terre à pipes,94,non,out,835983
terre à porcelaine,5,non,out,835983
terre à poterie,1,non,out,835983
terre à potier,180,non,out,835983
terre à pots à sucre,1,non,out,835983
terre à raffiner le sucre,75,non,out,835983
terre à sucre,69,oui,out,835983
terre à teindre,1,non,out,835983
terre blanche,12,non,out,835983
terre ciselée,2,non,out,835983
terre commune,3,non,out,835983
terre d'ambre,1,non,,41540
terre d'émeri,3,non,out,835983
terre d'ombre,225,non,out,835983
terre d'ombre de Cologne et de rocou,46,non,out,835983
terre d'ombre et terre pour la peintures,4,non,out,835983
terre d'orfèvre,4,non,out,835983
terre de Bologne,1,non,out,835983
terre de Boulogne,1,non,out,835983
terre de broue,16,non,,41540
terre de ciment,8,non,out,835983
terre de Cologne,42,non,out,835983
terre de corail,2,non,out,835983
terre de creusets,2,non,out,835983
terre de cristal,1,non,out,835983
terre de foulon,4,non,out,835983
terre de graide,1,non,out,835983
terre de grès,10,non,out,835983
terre de Hongrie,1,non,out,835983
terre de marne,7,non,out,835983
terre de marne et argile,7,non,out,835983
terre de marne et engrais,17,non,out,835983
terre de mine,3,non,out,835983
terre de monnaie,1,non,out,835983
terre de mulardeau,4,non,out,835983
terre de myrthe,1,non,out,835983
terre de pipes,28,non,out,835983
terre de plomb,34,non,out,835983
terre de poil,1,non,out,835983
terre de porcelaine,187,non,out,835983
terre de pouzzolane,2,non,out,835983
terre de rocou,5,non,out,835983
terre de Rome,4,non,out,835983
terre de Rouen,4,non,out,835983
terre de satine,2,non,out,835983
terre de Vérone,7,non,out,835983
terre de Vérone verte,1,non,out,835983
terre de verrerie,3,non,out,835983
terre dite souda,88,non,out,835983
terre du Faubourg Saint-Antoine,1,non,out,835983
terre du Limousin,2,non,out,835983
terre glaise,8,non,out,835983
terre grasse,40,non,out,835983
terre houille,187,non,out,835983
terre jaune,37,non,out,835983
terre maganaise,3,non,out,835983
terre maganaize,1,non,out,835983
terre manganèse,14,non,out,835983
terre noire,1,non,out,835983
terre orianne ???,1,non,,41540
terre pour le goudron,1,non,out,835983
terre pour pipes et à potier,49,non,out,835983
terre pour teinture,1,non,out,835983
terre pour verrerie,7,non,out,835983
terre pourrie,3,non,out,835983
terre pouzolanne,8,oui,out,835983
terre pouzzolane,12,non,out,835983
terre rouge,37,non,out,835983
terre sigillée,21,non,out,835983
terre silvestre,1,non,,41540
terre vernie,1,non,out,835983
terre verte,24,non,out,835983
terrementil,0,non,out,835983
terrerie,22,non,out,835983
terrerie blanche,1,non,out,835983
terrerie de grès,3,non,out,835983
terrier de fer,2,non,out,835983
terrine,1,non,out,835983
terrine de grès,1,non,out,835983
têtes à perruques,6,non,out,835983
têtes brodées et de basin,1,non,out,835983
têtes de cabillaud,1,non,out,835983
têtes de carabé,1,non,out,835983
têtes de choux,3,non,out,835983
têtes de clou de girofle,2,non,out,835983
têtes de clous,2,non,out,835983
têtes de cuir,1,non,,41540
têtes de cuir et en poil,20,non,out,835983
têtes de cuivre en poêle,1,non,out,835983
têtes de girofle,8,non,out,835983
têtes de morue,5,non,out,835983
têtes de morue des Indes,1,non,out,835983
têtes de pavot,1,non,out,835983
têtes de pipe,1,non,,41540
thé,2159,non,out,835983
thé ???,2,non,out,835983
the bou,1,non,out,835983
thé bou,71,non,out,835983
thé cambou,15,non,out,835983
thé congo,1,non,,41540
thé de mauvaise qualité,1,non,,41540
thé des entrepôts,0,non,out,835983
thé des Indes,14,non,out,835983
thé du pays,1,oui,,41540
thé en fleurs blanc,1,non,out,835983
thé et porcelaine,1,non,out,835983
thé étranger,1,non,out,835983
thé étranger par Strasbourg,1,non,out,835983
thé filé,1,non,out,835983
thé fin,3,non,,41540
thé haysswen,2,non,out,835983
thé impérial,16,non,out,835983
thé ordinaire,1,non,out,835983
thé par Dunkerque,1,non,out,835983
thé par Pontarlier et Saint-Louis,1,non,out,835983
thé pays,1,non,,41540
thé pékan,7,non,out,835983
thé roux,6,non,out,835983
thé saotchaon,2,non,out,835983
thé saoul,4,non,out,835983
thé souchon,7,non,out,835983
thé tonkay,0,non,out,835983
thé vert,54,non,out,835983
thé vert commun,2,oui,out,835983
thé vert foncé,1,non,,41540
thé vert saoul,9,non,out,835983
théières,3,non,out,835983
théières d'étain,11,non,out,835983
théières de cuivre,6,non,out,835983
théières de fer-blanc,1,non,out,835983
théières de métal,2,non,out,835983
théières de terre noire,1,non,out,835983
theloc,1,non,out,835983
thénique,1,non,,41540
thepays,8,non,out,835983
thériaque,215,non,out,835983
thériaque de Venise,1,non,out,835983
thermomètre,2,non,out,835983
thon,12,non,out,835983
thon à l'huile,3,non,out,835983
thon frais,58,non,out,835983
thon mariné,488,non,out,835983
thon mariné au vinaigre,2,non,out,835983
thon mariné de retour de la foire de Beaucaire,1,non,,41540
thon mariné et salé,9,non,out,835983
thon salé,126,non,out,835983
thon salé et mariné,2,non,,41540
thon sec,1,non,out,835983
thon thonine,24,non,out,835983
thonine,74,non,out,835983
thonine salée,1,non,out,835983
tierçon en jarre,1,non,out,835983
tierçons de bois,2,non,out,835983
tierçons en bottes,1,non,out,835983
tierçons vides,1,non,,41540
tiers à tonneau,1,non,out,835983
tiges de bottes,1,non,out,835983
tigois,1,non,out,835983
tilles à tonnelier,1,non,out,835983
tilleul,3,non,out,835983
timbres,1,non,out,835983
timon,1,non,out,835983
tin canarie,1,non,out,835983
tinettes,2,non,out,835983
tires-bouchons d'acier,1,non,out,835983
tiretaine,14,non,out,835983
tiretaine de laine,2,non,out,835983
tiretaine et miselaine,90,non,out,835983
tiretaine et miselaine aune,1,oui,out,835983
tiretaine grosse de fil,1,non,,41540
tissus de laine,3,non,,41540
tissus de poils,3,non,,41540
tobines,1,non,out,835983
tobines de Hollande,1,non,out,835983
toile,1065,non,out,835983
toile ???,21,non,out,835983
toile ...,0,non,out,835983
toile ..ya,0,non,,41540
toile 3/4,1,non,out,835983
toile a ???,1,non,out,835983
toile à 4 fils,5,non,out,835983
toile à bas,8,non,out,835983
toile à bas prix blanche de lin,5,non,out,835983
toile à bas prix blanche et de coton,6,non,out,835983
toile à bas prix de chanvre,3,non,out,835983
toile à bas prix de coton et imprimée,11,non,out,835983
toile à bâts,14,non,out,835983
toile à bluteaux,2,non,out,835983
toile à bouquets de laine de coton,2,non,out,835983
toile à Bretagne,1,oui,out,835983
toile à camis ???,1,non,,41540
toile à canevas,4,oui,out,835983
toile à carreaux,262,non,out,835983
toile à carreaux de fil et de laine,1,non,out,835983
toile à carreaux de Rouen,2,non,out,835983
toile à carreaux et à matelas,4,non,out,835983
toile à carreaux et de coton,5,non,out,835983
toile à carreaux et de coutil,56,non,out,835983
toile à carreaux et de lin,11,non,out,835983
toile à carreaux et en pièces de 50 aunes,1,oui,out,835983
toile à carreaux fine et de lin,1,non,out,835983
toile à carreaux grosse et de Lille,1,non,out,835983
toile à carreaux pièces de 50 aunes,1,non,,41540
toile à carreaux pour matelas,8,non,out,835983
toile à cottray,1,non,out,835983
toile à doubler,1,non,out,835983
toile à drap,1,non,out,835983
toile à faire drap de lin,1,non,out,835983
toile à fleurs,4,non,out,835983
toile à halle,1,non,out,835983
toile à image,1,non,out,835983
toile à matelas,74,non,out,835983
toile à matelas et à carreaux,3,non,out,835983
toile à matelot,5,non,out,835983
toile à napon ???,1,non,,41540
toile à nappes,7,non,out,835983
toile à nappes et serviettes,3,non,out,835983
toile à nègre,6,non,out,835983
toile à paillasse,3,non,out,835983
toile à pavillon,4,non,out,835983
toile à peindre,21,non,out,835983
toile à robes,2,non,out,835983
toile à sacquette dite talette,4,non,out,835983
toile à sacs,13,non,out,835983
toile à serpillère,10,oui,out,835983
toile à serviettes,66,non,out,835983
toile à sorties,1,non,out,835983
toile à tamis,117,non,out,835983
toile à tapisser,3,non,out,835983
toile à voile,1582,non,,41540
toile à voile commune,1,non,,41540
toile à voile de 24 aunes,1,non,,41540
toile à voile de fil,1,non,,41540
toile abas,1,oui,out,835983
toile abat,34,non,out,835983
toile ajamis,13,non,out,835983
toile alanea,1,non,out,835983
toile aman,5,oui,,41540
toile amant,3,oui,out,835983
toile anascotes,2,non,out,835983
toile anglaise,1,non,out,835983
toile anglaise des prises,1,non,out,835983
toile Antioche,6,non,out,835983
toile apprêtée de chanvre et de lin écrue de 13 à 20 fils,2,non,out,835983
toile apprêtée de chanvre et de lin écrue de 20 fils et au-dessus,2,non,out,835983
toile apprêtée de chanvre et de lin écrue de 8 à 13 fils,2,non,out,835983
toile apprêtée de chanvre et de lin écrue de moins de 8 fils,2,non,out,835983
toile apprêtée de chanvre et de lin écrue unie,2,non,out,835983
toile apprêtée de chanvre et de lin écrue unie de 13 fils inclusivement à 20 fils exclusivement,1,non,out,835983
toile apprêtée de chanvre et de lin écrue unie de 8 fils inclusivement à 13 fils exclusivement,1,non,out,835983
toile apprêtée de chanvre et de lin écrue unie de moins de 8 fils,1,non,out,835983
toile ardoisée et grise de lin,5,non,out,835983
toile ardoisée et rayée et rayonnée,85,non,out,835983
toile ardoisée et rayonnée,57,non,out,835983
toile ardoisée grise et écrue,3,non,out,835983
toile au lain,1,non,out,835983
toile au lait,7,non,out,835983
toile au lait lin,1,non,out,835983
toile bajas,1,non,out,835983
toile bajouge,1,non,out,835983
toile barrière,2,non,out,835983
toile Barrois,1,non,out,835983
toile bas brin,3,oui,out,835983
toile basin coutil croisée et autre de chanvre et de lin,2,non,out,835983
toile basin coutil croisée et autres,2,non,out,835983
toile basin coutil croisée et autres de chanvre et de lin,3,non,out,835983
toile batiste en carreaux,4,non,,41540
toile batiste et lino,9,oui,,41540
toile batiste et linon,9,oui,,41540
toile beaugrain,8,non,out,835983
toile blancard,124,non,out,835983
toile blancard cirée large,1,non,out,835983
toile blancard de chanvre,1,non,out,835983
toile blancard de lin,8,non,out,835983
toile blancard de Rouen,13,non,out,835983
toile blancard et fleuret,8,non,out,835983
toile blanche,942,non,out,835983
toile blanche à étoupe,1,non,out,835983
toile blanche à imprimer,1,non,out,835983
toile blanche abati,1,non,out,835983
toile blanche aman,2,oui,out,835983
toile blanche bleue et de lin,1,non,out,835983
toile blanche cirée,1,non,out,835983
toile blanche commune,5,non,out,835983
toile blanche d'aman,2,non,,41540
toile blanche damassée de lin pour nappes et serviettes,3,non,out,835983
toile blanche de 13 à 20 fils,2,non,out,835983
toile blanche de 13 fils,2,non,out,835983
toile blanche de 20 aunes,1,non,,41540
toile blanche de 20 fils et au-dessus,2,non,out,835983
toile blanche de chanvre,11,non,out,835983
toile blanche de chanvre 398 lignes,1,non,out,835983
toile blanche de chanvre et de lin,5,non,out,835983
toile blanche de chanvre et de lin de 13 à 20 fils,2,non,out,835983
toile blanche de chanvre et de lin de 20 fils et au-dessus,2,non,out,835983
toile blanche de chanvre et de lin de moins de 13 fils,2,non,out,835983
toile blanche de chanvre et de lin unie,2,non,out,835983
toile blanche de chanvre et de lin unie de 13 fils inclusivement à 20 fil exclusivement,1,non,out,835983
toile blanche de chanvre et de lin unie de 20 fils et au-dessus,1,non,out,835983
toile blanche de chanvre et de lin unie de moins de 13 fils,1,non,out,835983
toile blanche de Cholet,3,non,out,835983
toile blanche de coton,304,non,out,835983
toile blanche de coton du Levant,1,non,,41540
toile blanche de coton et de ???,1,non,out,835983
toile blanche de coton et des Indes,6,non,out,835983
toile blanche de coton et fil,1,non,out,835983
toile blanche de coton et fine,3,non,out,835983
toile blanche de coton et nationale,6,non,out,835983
toile blanche de coton et rayée,1,non,out,835983
toile blanche de coton pour mouchoirs,8,non,out,835983
toile blanche de coton saisie,1,non,,41540
toile blanche de fil grosse,1,non,,41540
toile blanche de France,2,non,out,835983
toile blanche de Hollande,2,non,out,835983
toile blanche de la Compagnie,3,non,out,835983
toile blanche de lin,26,non,out,835983
toile blanche de lin ??? à la frontière,0,non,out,835983
toile blanche de lin à 10 sols et en dessus,17,non,out,835983
toile blanche de lin de 12 sols par aune,1,oui,out,835983
toile blanche de lin de 2 sols par aune,1,oui,out,835983
toile blanche de lin de 20 sols par aune,1,oui,out,835983
toile blanche de lin de 30 sols par aune,1,oui,out,835983
toile blanche de lin de 8 sols par aune,1,oui,out,835983
toile blanche de lin en dessous de 10 sols,2,oui,out,835983
toile blanche de lin en dessous de 10 sols par aune,11,non,,41540
toile blanche de lin et haut prix,5,non,out,835983
toile blanche de lin et toile de lin,11,non,out,835983
toile blanche de lin pour nappes et serviettes,6,non,out,835983
toile blanche de ménage,3,non,out,835983
toile blanche de Saint Quentin et Valenciennes,3,non,out,835983
toile blanche de Saint-Quentin,3,non,out,835983
toile blanche demitte,1,non,out,835983
toile blanche en pièces de 20 aunes,1,oui,out,835983
toile blanche escanite,1,non,out,835983
toile blanche et rouge,1,non,out,835983
toile blanche et rousse,54,non,out,835983
toile blanche et rousse guingans,15,non,,41540
toile blanche et teinte,100,non,out,835983
toile blanche étrangère,3,non,out,835983
toile blanche fine,8,non,out,835983
toile blanche fine et de lin,3,non,out,835983
toile blanche guinée,3,non,out,835983
toile blanche large,1,non,out,835983
toile blanche ordinaire,18,non,out,835983
toile blanche ordre,1,non,out,835983
toile blanche peinte,18,non,out,835983
toile blanche pour essuie-mains,5,non,out,835983
toile blanchie,2,non,out,835983
toile bleue,35,non,out,835983
toile bleue de coton,12,non,out,835983
toile bleue des Indes,1,non,out,835983
toile bleue et rouge,1,non,out,835983
toile bleue peinte,1,oui,out,835983
toile bocadillo,2,non,out,835983
toile boelans,1,non,out,835983
toile bonnets,1,non,out,835983
toile boucassine,21,non,out,835983
toile bougran,113,non,out,835983
toile bougran de chanvre,1,non,,41540
toile bougran gommée,3,non,,41540
toile boulange,1,non,out,835983
toile bourlegambis,6,non,out,835983
toile branle,4,oui,,41540
toile branle imitant celles des Indes,1,oui,,41540
toile brantes des Indes,1,oui,out,835983
toile brauls,4,oui,out,835983
toile brauls des Indes,2,oui,out,835983
toile brauls imitant celles des Indes,1,oui,out,835983
toile brin,2,non,out,835983
toile brin de Dinant,2,non,out,835983
toile brin trois-quart de Combourg,5,non,out,835983
toile brochée,2,non,out,835983
toile brodée,2,non,out,835983
toile brodée en laine et de coton,1,non,out,835983
toile brodée en soie et de coton,1,non,out,835983
toile brodée et de coton,5,non,out,835983
toile bueadille,0,non,out,835983
toile cacanava,2,non,out,835983
toile cachelas des Indes,3,oui,out,835983
toile cadéas,1,non,out,835983
toile caissie,79,non,out,835983
toile caissière,1,non,out,835983
toile calanea,1,non,out,835983
toile calias,1,non,out,835983
toile canevas,154,non,out,835983
toile canevas de chanvre,1,non,,41540
toile canevas de fil,2,non,,41540
toile canevas gommée,3,non,,41540
toile canevas tracé,7,non,,41540
toile carotte,1,non,out,835983
toile carotte double,1,non,out,835983
toile carotte simple,1,non,out,835983
toile carrée,1,non,out,835983
toile casse,1,non,out,835983
toile casselis,4,non,out,835983
toile cassie,2,non,out,835983
toile ce chasse,3,non,out,835983
toile cerda,1,non,out,835983
toile céruse,2,non,out,835983
toile céruse de chanvre,1,non,,41540
toile chapelur,1,non,out,835983
toile chapilas,3,non,out,835983
toile chasselas,232,non,out,835983
toile chebiny,5,non,out,835983
toile chille,1,non,out,835983
toile chitte,3,non,out,835983
toile choilette,1,non,out,835983
toile Cholet,132,oui,out,835983
toile Cholet à carreaux,1,oui,out,835983
toile cholette,11,oui,out,835983
toile cirée,582,non,out,835983
toile cirée commune,1,non,out,835983
toile cirée de 13 à 20 fils,1,non,out,835983
toile cirée de chanvre et de lin de 13 à 20 fils,1,non,out,835983
toile cirée de chanvre et de lin de 20 fils et au-dessus,2,non,out,835983
toile cirée de chanvre et de lin de 8 à 13 fils,1,non,out,835983
toile cirée de chanvre et de lin de moins de 8 fils,2,non,out,835983
toile cirée de chanvre et de lin unie,2,non,out,835983
toile cirée de moins de 8 fils,1,non,out,835983
toile cirée et de crin et gommée,30,non,out,835983
toile cirée et gommée,12,non,out,835983
toile cirée et lustrée,122,non,out,835983
toile cirée et peinte,10,non,out,835983
toile cirée large,8,non,out,835983
toile cirée pour paravent,1,non,out,835983
toile cirée trois-quart,1,non,out,835983
toile cirsaca,7,oui,out,835983
toile claire,1,non,out,835983
toile claire de coton et de fil,2,non,out,835983
toile cochelis,26,non,out,835983
toile coffres,1,non,out,835983
toile colette,1,non,out,835983
toile commune,321,non,out,835983
toile commune de 25 aunes,1,non,out,835983
toile commune de basin,3,non,out,835983
toile commune de coton,2,non,out,835983
toile commune de Dinant,2,non,out,835983
toile commune de Lille,1,non,out,835983
toile commune de lin,41,non,out,835983
toile commune écrue et grosse et de lin,6,non,out,835983
toile commune et fine,4,non,out,835983
toile cordat,42,non,out,835983
toile corne,2,non,,41540
toile corot,178,non,out,835983
toile corot double,2,non,out,835983
toile corot imitant celle des Indes,1,non,out,835983
toile corot simple,1,non,out,835983
toile cotonnade,5,non,out,835983
toile cotonnade commune,4,non,,41540
toile cotonnade fine,3,non,,41540
toile cotonnade sur fil grossière,1,non,,41540
toile cottray,44,non,out,835983
toile coupis,12,non,out,835983
toile coupis imitant celle des Indes,1,non,out,835983
toile coutil,335,non,out,835983
toile coutil commune,14,non,out,835983
toile coutil croisée,1,non,out,835983
toile coutil de fil,13,non,out,835983
toile coutil de fil et de laine,1,non,out,835983
toile coutil pour lit,1,non,out,835983
toile crée,73,non,out,835983
toile crée de 50 aunes,1,non,,41540
toile crée entrelarge,1,non,out,835983
toile crée gratienne,2,non,out,835983
toile crée large,54,non,out,835983
toile crée large de lin,1,non,out,835983
toile crée margé,1,non,out,835983
toile crée pièces de 50 aunes,1,oui,out,835983
toile crée rayée,2,non,out,835983
toile crée rosconne,3,non,out,835983
toile cretonne,1,non,out,835983
toile crin,2,non,out,835983
toile crise,1,non,out,835983
toile crue,145,non,out,835983
toile crue de 20 aunes,1,non,,41540
toile crue de ménage,3,non,out,835983
toile crue et teinte,2,non,out,835983
toile crue grise et ardoisée,4,non,out,835983
toile crue large,2,non,out,835983
toile crue pièces de 20 aunes,1,oui,out,835983
toile cunbabis,1,non,out,835983
toile custas,3,non,out,835983
toile custas imitant celle des Indes,1,non,out,835983
toile d'abas,1,non,out,835983
toile d'Agen,6,non,out,835983
toile d'Alençon,1,non,out,835983
toile d'Alep,13,non,out,835983
toile d'Allemagne,70,non,out,835983
toile d'Allemagne et toile de Silésie,1,non,out,835983
toile d'aman,169,non,out,835983
toile d'amat,1,oui,out,835983
toile d'Angers,1,non,out,835983
toile d'anne,1,non,out,835983
toile d'antale,27,non,out,835983
toile d'Antioche,150,non,out,835983
toile d'antrain,2,non,out,835983
toile d'Argouges,1,non,out,835983
toile d'Artische,1,non,out,835983
toile d'aune,2,non,out,835983
toile d'Autriche,1,non,out,835983
toile d'auxonne,2,non,out,835983
toile d'azar,13,non,out,835983
toile d'azur,6,non,out,835983
toile d'azur bleue,1,non,out,835983
toile d'ecripe,1,non,out,835983
toile d'emballage,751,non,out,835983
toile d'emballage 2270 lignes,1,non,out,835983
toile d'emballage de lin,1,non,out,835983
toile d'emballage neuve,1,non,out,835983
toile d'emballage vieille,1,non,out,835983
toile d'éponge,1,non,out,835983
toile d'Ernée,1,non,out,835983
toile d'étoupe 7/8,1,non,out,835983
toile d'étoupes,109,non,out,835983
toile d'étoupes 1000 lignes,1,non,out,835983
toile d'étoupes de lin,36,non,out,835983
toile d'eutalogue,1,non,,41540
toile d'Hambrie,1,non,out,835983
toile d'herbes,1,non,out,835983
toile d'Irlande,2,non,out,835983
toile d'Olonne,24,non,out,835983
toile d'Orange,2,non,out,835983
toile damassée,22,non,out,835983
toile damassée de 1 aune,2,non,out,835983
toile damassée de 2 1/2 aunes,2,non,out,835983
toile damassée de 2 aunes,2,non,out,835983
toile damassée de 3 aunes large,2,non,out,835983
toile damassée de Caux,1,non,out,835983
toile de ???,2,non,,41540
toile de ??? lin,1,non,out,835983
toile de 15 aunes de Hollande,8,non,out,835983
toile de 3 aunes de largeur et en dessus,1,non,out,835983
toile de 3 aunes pour nappes,1,non,out,835983
toile de 30 aunes,0,non,out,835983
toile de 30 aunes de Hollande,8,non,out,835983
toile de 36 aunes de Hollande,1,non,out,835983
toile de 4 fils,1,non,out,835983
toile de 7/8,1,non,out,835983
toile de balle,1,non,out,835983
toile de Barbezieux,3,non,out,835983
toile de Barois,1,oui,,41540
toile de Barrois,3,non,out,835983
toile de Barrois et Clinchamp,8,non,out,835983
toile de basin,244,non,out,835983
toile de basin brodé et de coton et de fil,1,non,out,835983
toile de basin clair et uni,1,non,out,835983
toile de basin coton et fil,2,non,out,835983
toile de basin de coton,4,non,out,835983
toile de basin de coton commune,5,non,out,835983
toile de basin de coton et de fil,3,non,out,835983
toile de basin de coton et de fil et teinte,1,non,out,835983
toile de basin de Rouen,2,non,out,835983
toile de basin et de coutil,5,non,out,835983
toile de basin étranger,4,non,out,835983
toile de basin fin,4,non,out,835983
toile de basin gros,6,non,out,835983
toile de basin national,5,non,out,835983
toile de basine,1,non,out,835983
toile de bazouges,1,non,out,835983
toile de Beaufort,2,non,out,835983
toile de Beaujolais,1,non,out,835983
toile de Beauvais,28,non,out,835983
toile de Bernay,1,non,out,835983
toile de Bézier,1,non,out,835983
toile de bleue,1,non,out,835983
toile de Bonbourg,1,non,out,835983
toile de Bretagne,662,non,out,835983
toile de Bretagne ??? brin,1,non,out,835983
toile de Bretagne 3/4,1,non,out,835983
toile de Bretagne 7/8,1,non,out,835983
toile de Bretagne à 4 fils,1,oui,out,835983
toile de Bretagne à carreaux,71,non,out,835983
toile de Bretagne à nègre,1,non,out,835983
toile de Bretagne bas brin,2,oui,out,835983
toile de Bretagne bas brins,12,non,,41540
toile de Bretagne beurrière,1,non,out,835983
toile de Bretagne blancard,0,non,out,835983
toile de Bretagne blanche,38,non,out,835983
toile de Bretagne blanche large,1,non,out,835983
toile de Bretagne cirée,18,non,out,835983
toile de Bretagne cirée large,3,non,out,835983
toile de Bretagne commune,1,non,out,835983
toile de Bretagne cotonnade,0,non,out,835983
toile de Bretagne cottray,1,non,out,835983
toile de Bretagne crée,38,non,out,835983
toile de Bretagne crée étroite,1,non,out,835983
toile de Bretagne crée large,97,non,out,835983
toile de Bretagne crée large de 40 aunes,1,non,out,835983
toile de Bretagne crue,21,non,out,835983
toile de Bretagne d'aune,5,oui,out,835983
toile de Bretagne d'emballage,4,non,out,835983
toile de Bretagne d'étoupe,0,non,out,835983
toile de Bretagne d'Olonne,45,non,out,835983
toile de Bretagne de ???,1,non,out,835983
toile de Bretagne de ??? fil,6,non,out,835983
toile de Bretagne de 3 aunes,1,non,out,835983
toile de Bretagne de 4 fils,21,non,out,835983
toile de Bretagne de 6 fils,2,non,out,835983
toile de Bretagne de balles,5,non,out,835983
toile de Bretagne de bas brin,6,oui,out,835983
toile de Bretagne de bazot,1,non,out,835983
toile de Bretagne de brin,29,non,out,835983
toile de Bretagne de challe,3,non,out,835983
toile de Bretagne de chanvre,12,non,out,835983
toile de Bretagne de coton,2,non,out,835983
toile de Bretagne de couleur,16,non,out,835983
toile de Bretagne de couture,1,non,out,835983
toile de Bretagne de fil,2,non,out,835983
toile de Bretagne de halle,9,non,out,835983
toile de Bretagne de haut brin,19,oui,out,835983
toile de Bretagne de ménage,49,non,out,835983
toile de Bretagne de quatre fils,1,oui,out,835983
toile de Bretagne de réforme,1,non,out,835983
toile de Bretagne de rondelette,1,non,out,835983
toile de Bretagne de rosconne,11,non,out,835983
toile de Bretagne de Saint-???,1,oui,out,835983
toile de Bretagne de Savigny,2,non,out,835983
toile de Bretagne de sept huit,1,non,out,835983
toile de Bretagne de serpillère,1,non,out,835983
toile de Bretagne de St. Georges,16,non,out,835983
toile de Bretagne diverse,44,non,out,835983
toile de Bretagne écrue,6,non,out,835983
toile de Bretagne écrue large,1,non,out,835983
toile de Bretagne entre large,47,non,out,835983
toile de Bretagne étroite,219,non,out,835983
toile de Bretagne fine claire,2,non,out,835983
toile de Bretagne fine étroite,2,non,out,835983
toile de Bretagne fine large,2,non,out,835983
toile de Bretagne Fougères,1,non,out,835983
toile de Bretagne gratienne,105,non,out,835983
toile de Bretagne grenade,1,non,out,835983
toile de Bretagne grise,6,non,out,835983
toile de Bretagne gros brin,2,non,out,835983
toile de Bretagne guingans,2,oui,out,835983
toile de Bretagne haut brin,1,oui,out,835983
toile de Bretagne haute louise,1,non,out,835983
toile de Bretagne hauts brins,35,non,,41540
toile de Bretagne hauts brins de Dinan,7,non,,41540
toile de Bretagne jaune,3,non,out,835983
toile de Bretagne lacormen,1,non,out,835983
toile de Bretagne large,194,non,out,835983
toile de Bretagne ouvrée,3,non,out,835983
toile de Bretagne peinte,1,non,out,835983
toile de Bretagne platille,3,non,out,835983
toile de Bretagne pour voile,97,non,out,835983
toile de Bretagne quatre fils,3,oui,out,835983
toile de Bretagne rayée,13,non,out,835983
toile de Bretagne rayée à carreaux,1,non,out,835983
toile de Bretagne reforme,3,non,out,835983
toile de Bretagne rondelette,20,non,out,835983
toile de Bretagne rosconne,93,non,out,835983
toile de Bretagne rouge et bleue,1,non,out,835983
toile de Bretagne rousse,21,non,out,835983
toile de Bretagne royale,2,non,out,835983
toile de Bretagne serpillère,14,non,out,835983
toile de Bretagne verges rayées,2,non,out,835983
toile de Bretagne verges serpillère,2,non,out,835983
toile de Brieu,1,non,out,835983
toile de brin,20,non,out,835983
toile de brin fine,2,non,out,835983
toile de Bruges,6,non,out,835983
toile de caisse,1,non,out,835983
toile de caladaris,1,non,out,835983
toile de Cambrai,202,non,out,835983
toile de Cambrai aune,1,oui,out,835983
toile de Cambrai et de lin,10,non,out,835983
toile de Cambrai et de lin fin,1,non,out,835983
toile de canevas,2,non,out,835983
toile de capiton,1,non,out,835983
toile de carreaux,2,non,out,835983
toile de châles et de lin,1,non,out,835983
toile de challe,4,non,out,835983
toile de chanvre,807,non,out,835983
toile de chanvre ???,0,non,out,835983
toile de chanvre 1400 lignes,1,non,out,835983
toile de chanvre 1500 lignes,1,non,out,835983
toile de chanvre 1700 lignes,1,non,out,835983
toile de chanvre 450 lignes,1,non,out,835983
toile de chanvre à carreaux,2,non,out,835983
toile de chanvre blanche,89,non,out,835983
toile de chanvre blanche écrue,11,non,,41540
toile de chanvre commune et de fil,3,non,out,835983
toile de chanvre coutil,10,non,out,835983
toile de chanvre d'emballage,15,non,out,835983
toile de chanvre d'étoupes,48,non,out,835983
toile de chanvre de ???,0,non,out,835983
toile de chanvre de coutil,15,non,out,835983
toile de chanvre de Halle,2,non,out,835983
toile de chanvre dite coutil,3,non,out,835983
toile de chanvre écrue,22,non,out,835983
toile de chanvre en canevas,1,oui,out,835983
toile de chanvre et de fil d'épreuve,1,non,out,835983
toile de chanvre et de lin,667,non,out,835983
toile de chanvre et de lin apprêtée écrue de 13 à 20 fils,1,non,out,835983
toile de chanvre et de lin apprêtée écrue de 8 à 13 fils,1,non,out,835983
toile de chanvre et de lin apprêtée écrue de fils,1,non,out,835983
toile de chanvre et de lin apprêtée écrue de moins de 8 fils,1,non,out,835983
toile de chanvre et de lin blanches,2,non,out,835983
toile de chanvre et de lin écrue,10,non,,41540
toile de chanvre et de lin écrue pour voile,2,non,out,835983
toile de chanvre et de lin écrues,3,oui,out,835983
toile de chanvre et de lin imprimée de 13 à 20 fils,2,non,out,835983
toile de chanvre et de lin imprimée mi-blanche unie de moins de 8 fils,1,non,out,835983
toile de chanvre et de lin imprimée unie,3,non,out,835983
toile de chanvre et de lin mi-blanche,2,non,out,835983
toile de chanvre et de lin peinte sur enduit pour tapisserie,2,non,out,835983
toile de chanvre et de lin peinte sur enduit unie pour tapisserie,1,non,out,835983
toile de chanvre et de lin pour matelas,2,non,out,835983
toile de chanvre et de lin sans apprêt écrue d'étoupes,1,non,out,835983
toile de chanvre et de lin sans apprêt écrue de 13 à 20 fils,1,non,out,835983
toile de chanvre et de lin sans apprêt écrue de 8 à 13 fils,1,non,out,835983
toile de chanvre et de lin sans apprêt écrue de fils,1,non,out,835983
toile de chanvre et de lin sans apprêt écrue de moins de 8 fils,1,non,out,835983
toile de chanvre et de lin teinte de 13 à 20 fils,2,non,out,835983
toile de chanvre et de lin teinte de 20 fils et au-dessus,1,non,out,835983
toile de chanvre et de lin teinte de 8 à 13 fils,2,non,out,835983
toile de chanvre et de lin teinte de moins de 8 fils,2,non,out,835983
toile de chanvre et de lin unie pour matelas,3,non,out,835983
toile de chanvre et de lin unie teinte,2,non,out,835983
toile de chanvre et de lin unie teinte de 13 fils inclusivement à 20 fils exclusivement,1,non,out,835983
toile de chanvre et de lin unie teinte de 8 fils inclusivement à 13 fils exclusivement,1,non,out,835983
toile de chanvre et de lin unie teinte de moins de 8 fils,1,non,out,835983
toile de chanvre et écrue et de lin,7,oui,out,835983
toile de chanvre étoupes,1,non,out,835983
toile de chanvre étoupes grise,5,non,out,835983
toile de chanvre étoupes grises,3,non,,41540
toile de chanvre étoupes grises aune,1,oui,out,835983
toile de chanvre fine,3,non,out,835983
toile de chanvre grise,7,non,out,835983
toile de chanvre grosse,1,non,out,835983
toile de chanvre ouvrée,2,non,out,835983
toile de chanvre peinte,2,non,out,835983
toile de chanvre pour nègre,1,non,out,835983
toile de chanvre pour voile,73,non,out,835983
toile de chanvre rousse,29,non,out,835983
toile de chanvre teinte,2,non,out,835983
toile de chanvre trillin,1,oui,out,835983
toile de chasse,23,non,out,835983
toile de Château-Gontier,2,non,out,835983
toile de Chauvreau,1,non,out,835983
toile de Cholet,213,non,out,835983
toile de Cholet à carreaux,1,non,,41540
toile de Clisson,1,non,out,835983
toile de Combourg,48,non,out,835983
toile de Comté,6,non,out,835983
toile de corda,1,non,,41540
toile de cordat,2,oui,out,835983
Toile de coton,8,oui,out,835983
toile de coton,1290,non,out,835983
toile de coton ???,1,non,out,835983
toile de coton à bas,1,non,out,835983
toile de coton à fleurs,13,non,out,835983
toile de coton à imprimer,12,non,out,835983
toile de coton ajamis,1,non,out,835983
toile de coton aman,1,non,out,835983
toile de coton antoine,1,non,out,835983
toile de coton basin,39,non,out,835983
toile de coton bisinette,1,non,out,835983
toile de coton blanche,4,non,out,835983
toile de coton blanche de France,7,non,,41540
toile de coton blanche étrangère,10,non,,41540
toile de coton bleu,4,non,out,835983
toile de coton brochée,2,non,out,835983
toile de coton cirée de renvoi,1,non,,41540
toile de coton commune,6,non,out,835983
toile de coton corroyée,1,non,out,835983
toile de coton d'aman,3,non,,41540
toile de coton d'Angleterre,2,non,out,835983
toile de coton d'Antioche,1,non,out,835983
toile de coton de ???,3,non,out,835983
toile de coton de coton français,4,oui,out,835983
toile de coton de duvet,1,non,out,835983
toile de coton de France,2,non,out,835983
toile de coton de juve,1,non,out,835983
toile de coton de la Compagnie,1,non,out,835983
toile de coton de Rouen,4,non,out,835983
toile de coton demitte,1,non,out,835983
toile de coton des Indes,99,non,out,835983
toile de coton des Indes brodée,1,non,out,835983
toile de coton dite armanie,2,non,out,835983
toile de coton du Levant,7,non,out,835983
toile de coton du Piémont,1,non,out,835983
toile de coton en siamoise,5,non,out,835983
toile de coton escamitte,1,non,out,835983
toile de coton et de fil,534,non,out,835983
toile de coton et de fil à fleurs,14,non,out,835983
toile de coton et de fil de Cholet à robes,4,non,out,835983
toile de coton et de fil imprimée,6,non,out,835983
toile de coton et de fil peinte,2,non,out,835983
toile de coton et de fil pour mouchoirs,17,non,out,835983
toile de coton et de fil teinte,6,non,out,835983
toile de coton et de laine,1,non,out,835983
toile de coton et de lin,6,non,out,835983
toile de coton et soie,2,non,out,835983
toile de coton étranger,1,non,out,835983
toile de coton étranger et des Indes,1,non,out,835983
toile de coton étrangère,4,non,out,835983
toile de coton fine,9,non,out,835983
toile de coton fine blanche,1,non,,41540
toile de coton forte,1,non,out,835983
toile de coton français,4,non,,41540
toile de coton haut prix et teinte,4,non,out,835983
toile de coton imprimée,176,non,out,835983
toile de coton imprimée aune,1,oui,out,835983
toile de coton imprimée et à haut prix,8,non,out,835983
toile de coton imprimée et peigne et peinte,64,non,out,835983
toile de coton imprimée et peinte,8,non,out,835983
toile de coton imprimée et teinte,1,non,out,835983
toile de coton large,1,non,out,835983
toile de coton mousseline,12,non,out,835983
toile de coton mousseline de renvoi,1,non,,41540
toile de coton mousseline saisie,1,non,,41540
toile de coton nationale,5,non,out,835983
toile de coton nationale et peinte,2,non,out,835983
toile de coton non ???,1,non,out,835983
toile de coton peinte,104,non,out,835983
toile de coton peinte de saisie,1,non,,41540
toile de coton peinte et indienne de France,10,non,,41540
toile de coton peinte et indienne étrangère,7,non,,41540
toile de coton persiste,1,non,out,835983
toile de coton piquée,39,non,out,835983
toile de coton pointe,1,non,out,835983
toile de coton pour mouchoirs,9,non,out,835983
toile de coton pour mouchoirs teinte,4,non,out,835983
toile de coton pour nègre,1,non,out,835983
toile de coton quadrillée,1,non,out,835983
toile de coton rayée,25,non,out,835983
toile de coton rayée ou unie,2,non,out,835983
toile de coton Rouen,1,non,out,835983
toile de coton rousse,2,non,out,835983
toile de coton saisie,1,non,out,835983
toile de coton teinte,11,non,out,835983
toile de coton teinte et bas prix,11,non,out,835983
toile de coton vieux,1,non,out,835983
toile de cottray,12,non,out,835983
toile de couleur,12,non,out,835983
toile de Courtrai,3,non,out,835983
toile de coutil,53,non,out,835983
toile de coutil rayée,2,non,out,835983
toile de crin,286,non,out,835983
toile de crin à tamis,4,non,out,835983
toile de crin cirée,7,non,out,835983
toile de demi large,1,non,out,835983
toile de demi-Hollande,1,non,out,835983
toile de Dinan,6,non,out,835983
toile de Dinant,3,non,out,835983
toile de façon de Hambourg et de Hollande,1,non,out,835983
toile de fil,17,non,out,835983
toile de fil à carreaux,7,non,out,835983
toile de fil blanche,8,non,out,835983
toile de fil commune,3,non,out,835983
toile de fil coutil,4,non,out,835983
toile de fil de ???,1,non,out,835983
toile de fil de coton,28,non,out,835983
toile de fil de coton siamoise,14,non,out,835983
toile de fil en coutil,1,non,out,835983
toile de fil et coton,2,non,out,835983
toile de fil et de laine,3,non,out,835983
toile de fil et de laine de Lille,2,non,out,835983
toile de fil et de soie,1,non,out,835983
toile de fil guingans,8,oui,,41540
toile de fil peinte,2,non,out,835983
toile de fil peinte et teinte,27,non,out,835983
toile de fil teinte,5,non,out,835983
toile de filezie,2,non,out,835983
toile de Flandre,36,non,out,835983
toile de fleuret de Rouen,2,non,out,835983
toile de fleuret et blancard,2,non,out,835983
toile de Fontenoy,1,non,,41540
toile de Fougères,54,non,out,835983
toile de frame,1,oui,out,835983
toile de France,5,non,out,835983
toile de Frise,12,non,out,835983
toile de Galle,1,non,,41540
toile de Gand,1,non,out,835983
toile de Grandville,1,non,out,835983
toile de Grenade,45,non,out,835983
toile de Grenade de lin,5,non,out,835983
toile de Grenoble,3,non,out,835983
toile de gris,1,non,out,835983
toile de guingans,8,oui,,41540
toile de Halle,285,non,,41540
toile de halle,105,oui,out,835983
toile de Hanovre,1,non,out,835983
toile de haut brin,8,oui,out,835983
toile de Hollande,61,non,out,835983
toile de Hollande blanche,2,non,out,835983
toile de Hollande de 15 aunes,4,oui,,41540
toile de Hollande de 30 aunes,4,oui,,41540
toile de Hollande fine,1,non,,41540
toile de Hollande fine de 36 aunes,1,oui,out,835983
toile de Hollande pièces de 15 aunes,1,oui,out,835983
toile de Hollande pièces de 30 aunes,1,oui,out,835983
toile de Killis,49,non,,41540
toile de killis,4,oui,out,835983
toile de l'Inde du commerce étranger,7,non,,41540
toile de l'Inde du commerce français,8,non,,41540
toile de laine,1,non,out,835983
toile de laine dite herbage,1,non,out,835983
toile de laine pour blutoir,2,non,out,835983
toile de laiton,1,non,out,835983
toile de Landerneau,28,non,out,835983
toile de Languenan,61,non,out,835983
toile de Laval,331,non,out,835983
toile de Laval de renvoi,1,non,out,835983
toile de Laval en pierres,1,non,,41540
toile de Léon,49,non,out,835983
toile de Levant,73,non,out,835983
toile de Levant diverse,8,non,out,835983
toile de Lille,2,non,out,835983
toile de Lille à serviettes,2,non,out,835983
toile de lin,721,non,out,835983
toile de lin à ???,0,non,,41540
toile de lin à doubler,2,non,out,835983
toile de lin à matelas,6,non,out,835983
toile de lin à robes,1,non,,41540
toile de lin au lait,14,non,out,835983
toile de lin bas prix et teinte,3,non,out,835983
toile de lin blanche,858,non,out,835983
toile de lin blanche de 12 sols par aune,2,non,,41540
toile de lin blanche de 2 sols par aune,2,non,,41540
toile de lin blanche de 20 sols par aune,3,non,,41540
toile de lin blanche de 30 sols par aune,3,non,,41540
toile de lin blanche de 8 sols par aune,2,non,,41540
toile de lin blanche fine de Lilles et Saint-Quentin,8,non,,41540
toile de lin brochée,4,non,out,835983
toile de lin Cambrai,1,non,out,835983
toile de lin cirée,1,non,out,835983
toile de lin claire,3,non,out,835983
toile de lin claire et gaze,2,non,out,835983
toile de lin coutel,1,non,out,835983
toile de lin coutil,6,non,out,835983
toile de lin crue,3,non,out,835983
toile de lin d'Abbeville,1,non,out,835983
toile de lin d'Alençon,2,non,out,835983
toile de lin d'Amiens,1,non,out,835983
toile de lin d'Anvers,1,non,out,835983
toile de lin d'Arras,1,non,out,835983
toile de lin de 13 aunes,1,non,out,835983
toile de lin de 15 aunes,1,non,out,835983
toile de lin de Beaujolais,1,non,out,835983
toile de lin de Beauvais,92,non,out,835983
toile de lin de Bernay,1,non,out,835983
toile de lin de Cholet,104,non,out,835983
toile de lin de Flandre,15,non,out,835983
toile de lin de Frise,1,non,out,835983
toile de lin de Gand,1,non,out,835983
toile de lin de Hollande,39,non,out,835983
toile de lin de Laval,187,non,out,835983
toile de lin de Lille,8,non,out,835983
toile de lin de linge de tables,2,non,out,835983
toile de lin de linon,6,oui,out,835983
toile de lin de Marigny,2,non,out,835983
toile de lin de ménage,3,non,out,835983
toile de lin de Rouen,171,non,out,835983
toile de lin de Russie,1,non,out,835983
toile de lin de Saint-Quentin,456,non,out,835983
toile de lin de Senlis,1,non,out,835983
toile de lin de Servins,1,non,out,835983
toile de lin de St. Malo,1,non,out,835983
toile de lin de Suisse,1,non,out,835983
toile de lin de Troyes,11,non,out,835983
toile de lin de Valenciennes,120,non,out,835983
toile de lin du pays,2,non,out,835983
toile de lin écrue,4,non,out,835983
toile de lin entre large,1,non,out,835983
toile de lin et de batiste et linon,72,non,out,835983
toile de lin et de chanvre,,oui,out,835983
toile de lin et mélangée et de couleur,2,oui,out,835983
toile de lin et mêlée et de couleur,2,non,,41540
toile de lin façon de Hollande,2,non,out,835983
toile de lin fil d'épreuve,6,non,out,835983
toile de lin fine à drap,1,non,out,835983
toile de lin fine de ???,0,non,out,835983
toile de lin fine de Hollande,1,non,out,835983
toile de lin fine de Saint-Quentin,7,non,,41540
toile de lin grosse,2,non,out,835983
toile de lin grosse pointe,1,non,out,835983
toile de lin guingans,13,oui,,41540
toile de lin haut prix et teinte,3,non,out,835983
toile de lin imprimée,59,non,out,835983
toile de lin indigo,1,non,out,835983
toile de lin large,2,non,out,835983
toile de lin lingerie,4,non,out,835983
toile de lin linon,24,oui,out,835983
toile de lin linon brodée,1,non,out,835983
toile de lin linon et Cambrai,1,non,out,835983
toile de lin ouvrée,20,non,out,835983
toile de lin peinte,13,non,out,835983
toile de lin pour emballage,1,non,out,835983
toile de lin pour mouchoirs et teinte,2,non,out,835983
toile de lin pour robes et rayée,5,non,out,835983
toile de lin rayée,98,non,out,835983
toile de lin rayée en carreaux,1,non,out,835983
toile de lin rayée et teinte,6,non,out,835983
toile de lin rousse,4,non,out,835983
toile de lin royale,38,non,out,835983
toile de lin teinte,220,non,out,835983
toile de lin toilette,3,non,out,835983
toile de linet,2,non,out,835983
toile de linge de tables,30,non,out,835983
toile de linge de tables et à serviettes,3,non,out,835983
toile de linge vieux,1,non,out,835983
toile de lingerie,1,non,out,835983
toile de linon,8,oui,out,835983
toile de linon de Saint-Quentin,1,oui,out,835983
toile de Lisieux,1,non,out,835983
toile de lisson,0,non,out,835983
toile de Lombourg,3,oui,out,835983
toile de Lyon,3,non,out,835983
toile de Lyon teinte,1,non,out,835983
toile de Marigny,18,non,out,835983
toile de Marigny blanche,2,non,out,835983
toile de Marigny écrue,2,non,out,835983
toile de Mayenne,1,non,out,835983
toile de ménage,163,non,out,835983
toile de millas,1,non,,41540
toile de Moncontour,1,non,out,835983
toile de montagne,15,oui,,41540
toile de Morlaix,159,non,out,835983
toile de Mortagne,149,non,out,835983
toile de mortagne,7,non,,41540
toile de Mortagne ???,1,oui,out,835983
toile de Moutier,1,non,out,835983
toile de Moutiers,1,non,out,835983
toile de Noirmoutier,1,non,out,835983
toile de paille,4,non,out,835983
toile de pays,1,non,out,835983
toile de Piémont,19,non,out,835983
toile de plocq,12,non,out,835983
toile de poil de chèvre,1,non,out,835983
toile de Pontigny,1,non,out,835983
toile de Pontivy,36,non,out,835983
toile de Pontorson,2,non,out,835983
toile de Pouldavid,58,non,out,835983
toile de Quintin,25,non,out,835983
toile de réforme,3,non,out,835983
toile de retour,4,non,out,835983
toile de rite,1,non,out,835983
toile de rouanée,1,non,out,835983
toile de Rouen,78,non,out,835983
toile de Russie,4,non,out,835983
toile de Saint-Gail,8,non,out,835983
toile de Saint-Gail ???,1,non,,41540
toile de Saint-Georges,10,non,out,835983
toile de Saint-Jean,6,non,out,835983
toile de Saint-Quentin,3,non,out,835983
toile de Saint-Quentin commune,1,non,out,835983
toile de Saintonge,69,non,out,835983
toile de Saintonge fine,1,non,out,835983
toile de Savigny,2,non,out,835983
toile de senigat,2,non,out,835983
toile de serpillère,3,oui,out,835983
toile de serviette,3,non,out,835983
toile de serviette vieille,1,non,out,835983
toile de Sevigneau,1,non,out,835983
toile de siamoise,3,non,out,835983
toile de siamoise au sixième de soie,2,non,out,835983
toile de Silésie,37,non,out,835983
toile de soie,5,non,out,835983
toile de Suisse,41,non,out,835983
toile de Surat,1,oui,,41540
toile de Surate,2,non,out,835983
toile de Suvignan,1,non,out,835983
toile de table,2,non,out,835983
toile de traite,1,non,,41540
toile de treillis,2,non,out,835983
toile de Troyes,12,non,out,835983
toile de Valeby,1,non,,41540
toile de Valenciennes,43,non,out,835983
toile de velours de lin,1,non,,41540
toile de Vigery,1,non,out,835983
toile de ville,1,non,out,835983
toile de Vimoutiers,31,non,out,835983
toile de Vitré,15,non,out,835983
toile de Vitrée,3,non,out,835983
toile de voile,15,oui,out,835983
toile découpée,1,non,out,835983
toile demitte,3,non,out,835983
toile des Flandres,2,non,out,835983
toile des Indes,194,non,out,835983
toile des Indes ???,1,non,out,835983
toile des Indes ??? ??? ??? Indes,1,non,out,835983
toile des Indes commerce français,3,non,out,835983
toile des Indes du commerce étranger,2,non,out,835983
toile des Indes du commerce français,2,non,out,835983
toile des Indes en ??? français,1,non,out,835983
toile des Indes et perles,2,non,out,835983
toile des Indes gastas,1,non,out,835983
toile des Indes guildochées,1,non,,41540
toile des Indes imitant celles des Indes,1,non,out,835983
toile des Indes peinte,10,non,out,835983
toile des Indes peinte de thille,1,non,out,835983
toile des Indes Perse du commerce étranger,1,non,out,835983
toile des prises,1,non,out,835983
toile diverse de l'étranger,10,oui,,41540
toile diverses de chanvre blanche écrue,11,oui,,41540
toile du ???,1,non,,41540
toile du Béarn,10,non,out,835983
toile du Brabant,4,non,out,835983
toile du cerf,1,non,out,835983
toile du commerce de France et des Indes,17,non,out,835983
toile du commerce étranger et des Indes,10,non,out,835983
toile du Levant,1,non,out,835983
toile du Lyonnais,1,non,out,835983
toile du Mans,1,non,out,835983
toile du pays,15,non,out,835983
toile du Piémont,2,non,out,835983
toile dure,12,non,out,835983
toile écrue,69,non,out,835983
toile écrue commune,1,non,out,835983
toile écrue de Languenan,2,non,out,835983
toile écrue de lin,55,non,out,835983
toile écrue et grise de lin,4,non,out,835983
toile écrue et grosse de lin,1,non,out,835983
toile écrue large,1,non,out,835983
toile écrue pour essuie-mains,3,non,out,835983
toile embabis,15,non,out,835983
toile emballée,1,non,out,835983
toile en ???,1,non,out,835983
toile en basin de coton,6,non,out,835983
toile en basin de coton brodé en soie,1,non,out,835983
toile en chemises,2,non,out,835983
toile en claire et de lin,1,non,out,835983
toile en fair,2,non,out,835983
toile en rouleau,0,oui,,41540
toile en sacs,9,non,out,835983
toile en serviettes,2,non,out,835983
toile entre large,9,non,out,835983
toile et bonneterie,1,non,out,835983
toile et laine à bouquets de laine,1,non,out,835983
toile et treillis lustrés,32,non,out,835983
toile étoilée,1,non,out,835983
toile étoupes de lin,7,non,out,835983
toile étoupière,5,non,out,835983
toile étrangère,62,non,out,835983
toile étroite,42,non,out,835983
toile étroite de lin,5,non,out,835983
toile étroite et fine,1,non,out,835983
toile façon de Hollande,3,non,out,835983
toile façon de Silésie,1,non,out,835983
toile fil de laine,1,non,out,835983
toile fine,50,non,out,835983
toile fine de Flandre,1,non,out,835983
toile fine de lin,81,non,out,835983
toile fine de lin de Valenciennes,6,non,out,835983
toile fine et large,1,non,out,835983
toile fine rousse,1,non,out,835983
toile forte,1,non,,41540
toile française,4,non,out,835983
toile futaine,3,non,out,835983
toile galcienne de lin,1,non,out,835983
toile glacée,6,non,out,835983
toile gommée,5,non,out,835983
toile gommée bougron,3,oui,out,835983
toile gommée et de lin,1,non,out,835983
toile gommée et treillis,3,non,out,835983
toile grasse,8,non,out,835983
toile gratienne,26,non,out,835983
toile gratienne rayée,2,non,out,835983
toile grise,108,non,out,835983
toile grise de fil,1,non,,41540
toile grise de laine,1,non,out,835983
toile grise de lin,257,non,out,835983
toile grise de lin à 10 sols et en dessous,1,oui,out,835983
toile grise de lin à 10 sols et en dessus,2,oui,out,835983
toile grise de lin à 30 sols l'aune,1,oui,out,835983
toile grise de lin à bas prix,3,non,out,835983
toile grise de lin de 30 sols l'aune,2,non,,41540
toile grise de lin en dessous de 10 sols l'aune,24,non,out,835983
toile grise de lin en dessous de 20 sols l'aune,2,non,out,835983
toile grise non battue,1,non,out,835983
toile gros brin,2,non,out,835983
toile gros fort,33,non,out,835983
toile grosse,222,non,out,835983
toile grosse ???,0,non,out,835983
toile grosse blanche,1,non,out,835983
toile grosse commune,1,non,out,835983
toile grosse de 50 aunes,1,non,,41540
toile grosse de lin,37,non,out,835983
toile grosse de lin de Saint-Quentin,1,non,out,835983
toile grosse de lin et pour nègre,4,non,out,835983
toile grosse en faces,12,non,out,835983
toile grosse et commune,3,non,,41540
toile grosse et sommiers,6,non,out,835983
toile grosse garnie ??? pour prélat,1,non,out,835983
toile grossière,1,oui,,41540
toile grossière en pièce de 50 aunes,1,oui,out,835983
toile guingans,652,non,,41540
toile guingans blanc,1,non,,41540
toile guingans bleu,1,non,,41540
toile guingans de Bengale,2,non,,41540
toile guingans de fil,17,oui,,41540
toile guingans de fil de coton,1,oui,,41540
toile guingans de Grenade,2,non,,41540
toile guingans de Lille et Rouen,9,non,,41540
toile guingans de lin,6,non,,41540
toile guingans de Madras,25,non,,41540
toile guingans de Masulipatan,1,non,,41540
toile guingans de Pondichéry,27,non,,41540
toile guingans de Pondichéry et de Madras,1,non,,41540
toile guingans de Rouen,3,non,,41540
toile guingans des Indes,2,non,,41540
toile guingans des indes,2,oui,,41540
toile guingans des prises,1,non,,41540
toile guingans du Bengale,8,non,,41540
toile guingans nationale,5,non,,41540
toile hamacs,7,non,,41540
toile hamacs imitant celles des Indes,1,non,,41540
toile haut brin,4,oui,out,835983
toile haut brin de Dinant,3,oui,out,835983
toile hivre,1,non,out,835983
toile hollande,2,non,out,835983
toile Hollande de Paris,2,non,out,835983
toile hollandille,2,non,out,835983
toile hollandille de Paris,4,non,out,835983
toile humaine,3,non,out,835983
toile imitant celle des Indes,2,non,out,835983
toile imitant celle des Indes et de Rouen,6,non,out,835983
toile imitant celle des Indes et nationale,1,non,out,835983
toile imprimée,13,non,out,835983
toile imprimée et de fil et peinte et teinte,4,non,out,835983
toile imprimée et de lin et nationale et peinte,4,non,out,835983
toile imprimée et de lin et peinte,6,non,out,835983
toile imprimée ou peinte,3,non,out,835983
toile imprimée pour tableau,2,non,,41540
toile imprimée pour tableaux,1,non,out,835983
toile indienne,9,non,out,835983
toile indienne fine,2,non,out,835983
toile indienne française,5,non,out,835983
toile indienne grosse,1,non,out,835983
toile indienne nationale,5,non,out,835983
toile judieau,3,oui,out,835983
toile kettroy,1,non,out,835983
toile killis,40,oui,out,835983
toile kircochaye,2,non,out,835983
toile lagias,3,non,out,835983
toile laistoufaire,1,non,out,835983
toile Languenan,12,non,out,835983
toile large,38,non,out,835983
toile large de lin,2,oui,out,835983
toile lavée,3,non,out,835983
toile leriote,1,non,,41540
toile lesat,1,non,out,835983
toile linon,94,non,out,835983
toile linon de renvoi,2,non,,41540
toile linon de Saint-Quentin,1,non,,41540
toile livée,1,non,,41540
toile lizat,3,non,out,835983
toile lustrée,12,non,out,835983
toile manche,1,non,out,835983
toile manouf,161,non,out,835983
toile mêlée,7,non,out,835983
toile mêlée de coton et de fil,1,non,out,835983
toile mêlée ganak,2,non,out,835983
toile mesdin,8,non,out,835983
toile mi-blanche de moins de 8 fils,1,non,out,835983
toile miennel,1,non,out,835983
toile montagne,15,oui,out,835983
toile Morlaix,5,oui,out,835983
toile Mortagne,4,oui,out,835983
toile mouchoirs,4,non,out,835983
toile nationale,5,non,out,835983
toile navale,16,non,out,835983
toile neganepeau et imitant celle des Indes,1,oui,out,835983
toile noire,1,non,out,835983
toile non battue,29,non,out,835983
toile ondée,1,non,,41540
toile ordre et rousse,1,non,out,835983
toile organdi,1,non,out,835983
toile ouvragée de chanvre et de lin pour linge de table,3,non,out,835983
toile ouvrée chaussettes,2,non,out,835983
toile ouvrée chemises,4,non,out,835983
toile ouvrée nappes,2,non,out,835983
toile ouvrée nappes et serviettes,2,non,out,835983
toile ouvrée serviettes,2,non,out,835983
toile palmite,2,non,out,835983
toile pécate,1,non,out,835983
toile peignée,1,non,out,835983
toile peinte,1001,non,out,835983
toile peinte commune,3,non,,41540
toile peinte de Hollande,1,non,out,835983
toile peinte de saisie,1,non,,41540
toile peinte en camaïeu,1,non,out,835983
toile peinte et siamoise,1,non,out,835983
toile peinte et teinte,6,non,out,835983
toile peinte française,1,non,out,835983
toile peinte imprimée,1,non,out,835983
toile peinte indienne,6,non,out,835983
toile peinte peinte,1,non,,41540
toile peinte pour paravent,1,non,out,835983
toile peinte sur enduit pour tapisserie,2,non,out,835983
toile peintes guingans,2,non,,41540
toile petite,5,non,out,835983
toile photas,12,non,out,835983
toile photas imitant celle des Indes,1,non,out,835983
toile pièces étroites,2,non,out,835983
toile pièces larges,2,non,out,835983
toile pignée,3,non,out,835983
toile pignole,2,non,out,835983
toile piquée,90,non,out,835983
toile piquée de Marseille,7,non,out,835983
toile piqûre de Marseille,1,non,out,835983
toile platier de Guinée,1,non,out,835983
toile point,0,non,out,835983
toile polonaise,16,non,out,835983
toile Pontivy,1,non,out,835983
toile popote,2,non,,41540
toile Pouldavid,2,oui,out,835983
toile poupoulis,2,non,out,835983
toile pour ameublement,30,non,out,835983
toile pour ameublement cirée,28,non,out,835983
toile pour ameublement teinte,30,non,out,835983
toile pour chapeaux,1,non,,41540
toile pour chemise à nègre,1,non,out,835983
toile pour coiffes de chapeaux de lin et teinte,4,non,out,835983
toile pour cribles,1,non,out,835983
toile pour doublure,1,non,out,835983
toile pour emballage,9,non,out,835983
toile pour emballage grise de lin,2,non,out,835983
toile pour essuie-mains,8,non,out,835983
toile pour essuie-mains grise de lin,2,non,out,835983
toile pour faire chemise à nègre,1,non,out,835983
toile pour faire linge,1,non,out,835983
toile pour la Hollande,1,non,out,835983
toile pour matelas,18,non,out,835983
toile pour mouchoirs,15,non,out,835983
toile pour mouchoirs rayée,17,non,out,835983
Toile pour nappes,1,oui,,41540
toile pour nappes,4,non,out,835983
toile pour nappes et serviettes,212,non,out,835983
toile pour serviettes,13,non,out,835983
toile pour tabac,6,non,out,835983
toile pour talliet,2,non,out,835983
toile pour tente,1,non,out,835983
toile pour voile,1507,oui,out,835983
toile pour voile commune,1,oui,out,835983
toile pour voile de 24 aunes,1,oui,out,835983
toile pour voile étrangère,1,oui,out,835983
toile presitte,1,non,out,835983
toile pressée,2,non,out,835983
toile preville,1,non,out,835983
toile prohibée,1,non,out,835983
toile quatre fils,1,non,out,835983
toile quilly,1,non,out,835983
toile ralette de Hambourg,1,non,out,835983
toile ramoise,14,non,out,835983
toile rayée,56,non,out,835983
toile rayée coton et soie,1,non,out,835983
toile rayée de couleur,2,non,out,835983
toile réforme,1,non,out,835983
toile reploc,1,non,out,835983
toile romals,14,oui,out,835983
toile rondelette,4,non,out,835983
toile rondelle,1,non,out,835983
toile rosconne,49,non,out,835983
toile rouge,5,non,out,835983
toile rousse,53,non,out,835983
toile rousse de fil,1,non,,41540
toile royale,152,non,out,835983
toile royalle,1,oui,out,835983
toile sacs à boîtes,1,non,out,835983
toile Saint-Gal ???,1,oui,,41540
toile salemporis,3,non,out,835983
toile salemporis bleue,1,non,out,835983
toile sanas lustrée,1,non,out,835983
toile sangalette,16,non,out,835983
toile sans apprêt,2,non,out,835983
toile sans apprêt de chanvre et de lin écrue de 13 à 20 fils,2,non,out,835983
toile sans apprêt de chanvre et de lin écrue de 20 fils et au-dessus,2,non,out,835983
toile sans apprêt de chanvre et de lin écrue de 8 à 13 fils,2,non,out,835983
toile sans apprêt de chanvre et de lin écrue de moins de 8 fils,2,non,out,835983
toile sans apprêt de chanvre et de lin écrue unie,2,non,out,835983
toile sans apprêt de chanvre et de lin écrue unie de 13 fils inclusivement à 20 fils exclusivement,1,non,out,835983
toile sans apprêt de chanvre et de lin écrue unie de 20 fils et au-dessus,1,non,out,835983
toile sans apprêt de chanvre et de lin écrue unie de 8 fils inclusivement à 13 fils exclusivement,1,non,out,835983
toile sans apprêt de chanvre et de lin écrue unie de moins de 8 fils,1,non,out,835983
toile sans apprêt écrue de 13 à 20 fils,1,non,out,835983
toile sans apprêt écrue de 20 fils et au-dessus,1,non,out,835983
toile sans apprêt écrue de 8 à 13 fils inclus,1,non,out,835983
toile sans apprêt écrue de moins de 8 fils,1,non,out,835983
toile sempiterne,1,non,out,835983
toile serpillère,115,non,out,835983
toile serpillère commune,1,non,out,835983
toile serpillère de chanvre,1,non,,41540
toile serviettes,3,non,out,835983
toile siamoise,1,non,out,835983
toile sigillée,1,non,out,835983
toile sirsacas,4,oui,out,835983
toile sistresaye,1,non,out,835983
toile socreton,1,non,out,835983
toile socreton bleue,1,non,out,835983
toile solonaise,2,non,out,835983
toile Suisse,1,non,out,835983
toile tapsel,15,non,out,835983
toile tapsel imitant celle des Indes,1,non,out,835983
toile tarnatanes,1,non,out,835983
toile teinte,100,non,out,835983
toile teinte de 13 à 20 fils,2,non,out,835983
toile teinte de 20 fils et au-dessus,3,non,,41540
toile teinte de 8 à 13 fils,2,non,out,835983
toile teinte de moins de 8 fils,2,non,out,835983
toile tellier,1,non,,41540
toile tissée,1,non,out,835983
toile tissée très fin,75,non,out,835983
toile treillis,129,non,out,835983
toile treillis bougrans et canevas,180,non,,41540
toile treillis d'Allemagne,3,non,,41540
toile treillis de chanvre,2,non,,41540
toile treillis gommé,4,non,,41540
toile treillis gommée,1,non,,41540
toile treillis non lustré,7,non,,41540
toile treillis peint,1,non,,41540
toile vernante,13,non,out,835983
toile vernie,1,non,out,835983
toile verte ???,1,non,,41540
toile vide,1,non,,41540
toile Vimoutiers,3,non,out,835983
toile Vitré,2,non,out,835983
toiles à voile,10,oui,,41540
toiles de retour,1,oui,,41540
toilettes,8,non,out,835983
toilettes blanches de lin,149,non,out,835983
toilettes brodées de soie,1,non,out,835983
toilettes d'acajou,1,non,out,835983
toilettes de bois,1,non,out,835983
toilettes de bois de Chine,1,non,out,835983
toilettes de bois verni,1,non,out,835983
toilettes de lit en satin,2,non,,41540
Toilettes de lit en satin brodé,2,oui,,41540
toilettes de lit en satin brodé,2,non,,41540
toilettes de Valenciennes,2,non,out,835983
toilettes façon Chine,1,non,out,835983
toilettes grises de lin,70,non,out,835983
toilettes pour femme,21,non,out,835983
toilettes vernie de Chine,1,non,out,835983
tôle,2,non,out,835983
tôle de fer,620,non,out,835983
tôle de fer laminé ou platiné,2,non,out,835983
tôle de fer noir,1,non,,41540
tôle de fer noir laminé ou platiné,6,non,out,835983
tôle de fer simple,2,non,out,835983
tôle de fer-blanc,96,non,out,835983
tôle de fonte,1,non,,41540
tôle double de fer,2,non,out,835983
tôle en platines vernies,1,non,out,835983
tombas,1,non,out,835983
tombe de marbre,1,non,out,835983
tombeaux,4,non,out,835983
tombeaux de marbre,2,non,out,835983
tombereaux,18,non,out,835983
tombereaux et voitures,3,non,out,835983
tondelle,1,non,out,835983
tondures de drap,4,non,out,835983
tonge,1,non,,41540
tonneaux,8,non,out,835983
tonneaux à l'eau cerclés de fer,2,non,out,835983
tonneaux cercles de bois,17,non,out,835983
tonneaux cercles de fer,8,non,out,835983
tonneaux cerclés de fer,7,non,out,835983
tonneaux cuvelles et futailles,139,non,out,835983
tonneaux neufs,1,non,out,835983
tonneaux vides,22,non,out,835983
tonneaux vieux,1,non,out,835983
topazes bruts,1,non,out,835983
topazes taillés,2,non,out,835983
toques,2,non,out,835983
tortue,6,non,out,835983
tortue marinée et salée,1,non,out,835983
tortues vivantes et volailles,6,non,out,835983
total,0,non,,41540
touques de grès,4,non,out,835983
touques petites,1,non,out,835983
tourbe,125,non,out,835983
toures,1,non,out,835983
tournebres,1,non,out,835983
tournebroche,19,non,out,835983
tournes-viandes,1,non,out,835983
tournesol,301,non,out,835983
tournesol apprêté,2,non,out,835983
tournesol en drapeau,8,non,out,835983
tournesol en herbes,2,non,out,835983
tournesol en pain,13,non,out,835983
tournesol et d'acmail,1,non,out,835983
tourons,42,non,out,835983
tourons d'Espagne,2,non,out,835983
tours,1,non,out,835983
tours à barriques,1,oui,out,835983
tours à filer,15,non,out,835983
tours à filer de bois,1,non,out,835983
tours à guillocher,1,non,out,835983
tours à tonneliers et leurs cordes,1,non,,41540
tours de col,2,non,out,835983
tours de lit de bourre,10,non,out,835983
tours de pin,1,non,out,835983
tours pour barriques,1,non,,41540
tours pour tourneur,3,non,out,835983
tourteaux de graine oléagineuse,6,oui,,41540
tourteaux de graines grasses,4,oui,out,835983
tourteaux de graines oléagineuses,3,oui,out,835983
tourteaux de navette et de lin pour engrais,1,oui,,41540
toutenague,2,non,out,835983
toutenague ou zinc,1,non,,41540
trafiquer,123,non,,41540
train de cabriolet,1,non,out,835983
train de carrosses,2,non,out,835983
trait d'argent et d'or,2,non,out,835983
trait d'or,3,non,out,835983
tramail,4,non,out,835983
traques de cuir,1,non,out,835983
traverses,1,non,out,835983
travettes,1,non,out,835983
travettes de bois,1,non,out,835983
travons,8,non,out,835983
travons de sapin,7,non,out,835983
travout,1,non,out,835983
trèfle,1,non,out,835983
treillis,95,oui,out,835983
treillis bougrand et canevas,4,oui,out,835983
treillis d'Allemagne,1,oui,out,835983
treillis gommé,5,oui,out,835983
treillis non lustré,1,oui,out,835983
treillis peint,1,oui,out,835983
tremille,1,non,out,835983
trenelle,12,non,out,835983
trenelle d'Espagne,2,non,out,835983
trenelle d'espars,53,non,out,835983
trenelle de jonc,2,non,out,835983
trépan,1,non,out,835983
trépan de marbre,1,non,out,835983
trépieds,1,non,out,835983
trépieds de fer,1,non,out,835983
tresse d'argent,2,non,out,835983
tresse d'argent et d'or,9,non,out,835983
tresse d'or,5,non,out,835983
tresse de fil,4,non,out,835983
tresse de fleures,1,non,out,835983
tresse de fleuret,6,non,out,835983
tresse de jonc,1,non,out,835983
tresse de laine,3,non,out,835983
tresse de laine 30 lignes,1,non,out,835983
tresse de lin,1,non,out,835983
tresse de soie,15,non,out,835983
tréteaux de chêne de 6 pouces,7,non,out,835983
tricots,4,non,out,835983
tricots chinés,1,oui,,41540
tricots chinés 6 aunes,1,non,,41540
tricots chinés de 6 aunes,1,oui,out,835983
tricots de coton,2,non,out,835983
tricots de coton et tricots de fil,1,non,out,835983
tricots de fil,2,non,out,835983
tricots de laine,5,non,out,835983
tricots de laine en bonneterie,2,non,out,835983
tricots de soie,4,non,out,835983
trictrac,4,non,out,835983
triomphante,2,non,out,835983
tripe,6,non,out,835983
tripe d'huîtres,1,non,out,835983
tripe de bœuf salé,1,non,out,835983
tripe de fil et de laine,1,non,out,835983
tripe de laine,2,non,out,835983
tripe de laine et de fil,1,non,out,835983
tripe de Lannoy,1,non,out,835983
tripe de morue,1,non,out,835983
tripe de velours,104,non,out,835983
tripe mêlée de soie et tripe de velours,56,non,out,835983
tripe sur soie,4,non,out,835983
tripes marinées et salées,1,non,out,835983
tripes salées,1,non,out,835983
tripoli,17,non,out,835983
trompes,1,non,out,835983
trompes de fer,3,non,out,835983
trompettes,3,non,out,835983
trompettes de cuivre,4,non,out,835983
trompettes de fer,1,non,out,835983
trot de vin,2,non,out,835983
troupes,5,non,,41540
trousse de fleures,1,non,out,835983
truelles,3,non,out,835983
truelles de fer,2,non,out,835983
truelles de maçon,1,non,,41540
truffe noire,1,non,out,835983
truffes,337,non,out,835983
truffes ??? et culs d'artichauts,1,non,out,835983
truffes à l'huile,2,non,out,835983
truffes culs d'artichauts et autres secs,3,non,out,835983
truffes de fer,2,non,out,835983
truffes de fonte de fer,3,non,out,835983
truffes fraîches,10,non,out,835983
truffes fraîches et marinées,2,non,out,835983
truffes marinées,6,non,out,835983
truffes noires,5,non,out,835983
truffes sèches,63,non,out,835983
truffes vertes,1,non,out,835983
truites,17,non,out,835983
truites séchées,1,non,out,835983
trully,2,non,out,835983
trumeaux de glace,1,non,out,835983
tuffeaux,49,non,out,835983
tuffeaux doubles,1,non,out,835983
tuffeaux simples,3,non,out,835983
tuiles,335,non,out,835983
tuiles courbées,123,non,out,835983
tuiles courbées de terre cuite,1,non,out,835983
tuiles de couverture,2,non,out,835983
tuiles de terre,8,non,out,835983
tuiles de terre cuite,23,non,out,835983
tuiles en lest,1,non,,41540
tuiles plates,97,non,out,835983
tuiles plates de terre cuite,1,non,out,835983
tulle,2,non,out,835983
tulle de chanvre et de lin,4,non,out,835983
tulle de soie,4,non,out,835983
turban,1,non,out,835983
turban de soie,7,non,out,835983
turbit,51,non,out,835983
turbot,85,non,out,835983
turbot salé,2,non,out,835983
turlutaines,2,non,out,835983
turlutaines et turquoise,3,non,out,835983
turquoise,1,non,out,835983
turquoise des prises,1,non,out,835983
tussaux,3,non,out,835983
tutie,35,oui,out,835983
tutilly,3,non,out,835983
tuttie,1,oui,out,835983
tuyaux,1,non,out,835983
tuyaux d'orgue,4,non,out,835983
tuyaux de cuir pour les pompes,1,non,out,835983
tuyaux de fer,1,non,out,835983
tuyaux de fer à vernir,1,non,out,835983
tuyaux de fer de fonte,1,oui,out,835983
tuyaux de fonte,2,non,out,835983
tuyaux de grenade,2,non,out,835983
tuyaux de pipes,2,non,out,835983
tuyaux de plomb,5,non,out,835983
tuyaux en fer,5,non,out,835983
tympanon,1,non,out,835983
urnes de terre,1,non,out,835983
ustensiles d'imprimerie,1,non,out,835983
ustensiles de marine,2,non,out,835983
ustensiles de pêche,2,non,,41540
ustensiles de pêcheur,2,oui,out,835983
ustensiles militaires,1,non,out,835983
vache,659,non,out,835983
vache en vie,20,non,out,835983
vache et veaux,1,non,out,835983
vache grasse et en chair,2,non,out,835983
vache maigre,2,non,out,835983
vache tuée,1,non,out,835983
vache vivante,1,non,,41540
vacquette,32,non,out,835983
vague ???,1,non,,41540
vairon,1,non,out,835983
vaisseaux montés,9,non,out,835983
vaisselle,5,non,out,835983
vaisselle bijoux et meubles,81,non,,41540
vaisselle d'Allemagne d'argent,1,non,out,835983
vaisselle d'argent,334,non,out,835983
vaisselle d'étain,4,non,out,835983
vaisselle d'or,4,non,out,835983
vaisselle d'orfèvrerie,2,non,out,835983
vaisselle de Biarritz,1,non,out,835983
vaisselle de bois,9,non,out,835983
vaisselle de bois verni,1,non,out,835983
vaisselle de faïence,71,non,out,835983
vaisselle de métal,1,non,out,835983
vaisselle de terre,16,non,out,835983
vaisselle de verre pour desserts,113,non,out,835983
vaisselle plate,1,non,out,835983
valeurs de diverses marchandises entrées en franchise de droits à charge de réexportation pour le commerce colonial,9,non,out,835983
valises,1,non,out,835983
valises petites,1,non,out,835983
vallonea,1,oui,out,835983
valtones,1,non,out,835983
valvorette de coton,1,non,out,835983
vandes,1,non,out,835983
vanille,317,non,out,835983
vanille botte,6,oui,out,835983
vanille en bottes,6,non,,41540
vannerie,16,non,out,835983
vannerie 9050 lignes,0,non,out,835983
vannerie brute,1,non,out,835983
vannerie brute d'espèce,3,non,out,835983
vannerie coupée,1,non,out,835983
vannerie coupée d'espèce,2,non,out,835983
vannerie d'espèce,1,non,out,835983
vannerie d'espèce pelée,3,non,out,835983
vannerie d'osier,11,non,out,835983
vannerie pelée,1,non,out,835983
vannes de coton blanches,1,non,out,835983
vans à vanner,201,non,out,835983
vans à vanner de bois,1,non,out,835983
vans et verges d'osier,1,non,out,835983
varech,2,non,,41540
vareuse de toile,1,non,out,835983
varlopes,1,non,out,835983
vas du Rhin,0,non,out,835983
vases,4,non,out,835983
vases d'église d'orfèvrerie,1,non,out,835983
vases de brique,1,non,out,835983
vases de faïence,4,non,out,835983
vases de jardin de faïence,1,non,out,835983
vases de pierre,3,non,out,835983
vases de plâtre,2,non,out,835983
vases de terre,3,non,out,835983
vaté,1,non,out,835983
vatons,3,non,out,835983
vaudes,139,non,out,835983
vaudes bottes,0,non,out,835983
veaux,331,non,out,835983
veaux de lait,11,non,out,835983
veaux en vie,6,non,out,835983
veaux gras,3,non,out,835983
veaux maigres,1,non,out,835983
veaux petits,1,non,out,835983
veaux pour ???,1,non,out,835983
védasse,164,non,out,835983
végétal,3,non,out,835983
veiles,2,non,out,835983
velbar,1,non,out,835983
velours,432,non,out,835983
velours à ramage,1,non,out,835983
velours avec argent,1,non,out,835983
velours bleu,2,non,out,835983
velours ciselé à fond d'or,1,non,out,835983
velours commun,9,non,out,835983
velours cramoisi,12,non,out,835983
velours d'Utrecht,8,non,out,835983
velours de Chine,2,non,out,835983
velours de coton,582,non,out,835983
velours de coton aune,1,oui,out,835983
velours de coton et de fil,1,non,out,835983
velours de coton et de laine,1,non,,41540
velours de coton imprimé,1,non,out,835983
velours de fil,1,non,,41540
velours de fil et de poil,2,non,out,835983
velours de Gênes,5,non,out,835983
velours de Gênes noir,1,non,out,835983
velours de gueux,19,non,out,835983
velours de laine,2,non,out,835983
velours de poil d'Utrecht,1,non,out,835983
velours de soie,34,non,out,835983
velours de soie aune,1,oui,out,835983
velours de soie de 30 aunes,1,non,,41540
velours de soie pièces de 30 aunes,1,oui,out,835983
velours de Valence,1,non,,41540
velours gueuse,1,non,out,835983
velours noir,8,non,out,835983
velours noir plein,1,non,,41540
velours ordinaire,4,oui,out,835983
velours uni,1,non,out,835983
velverette de coton,2,non,out,835983
vendange,3,non,out,835983
vénitienne,2,non,out,835983
ver ???,1,non,out,835983
verdasse,1,non,out,835983
verdes,65,oui,out,835983
verdet,2181,non,out,835983
verdet ???,1,non,,41540
verdet cristallisé,6,non,out,835983
verdet cristallisé et non cristallisé,2,non,out,835983
verdet non cristallisé,4,non,out,835983
verdet non cristallisé sec,3,non,out,835983
verdol,1,non,,41540
verge de fer blanc,2,non,out,835983
verges à moulins,2,non,out,835983
verges d'étain,8,non,out,835983
verges de cuivres,1,non,out,835983
verges de fer,153,non,out,835983
verges de fer et fer en barres et battu de fer,17,non,out,835983
verges de sapin,1,oui,out,835983
vergnes,2,non,out,835983
vergues,49,non,out,835983
vergues à mâture,2,non,out,835983
vergues de 22 pieds,1,non,,41540
vergues de 25 pieds,1,non,out,835983
vergues de 30 à 40 pieds,1,non,,41540
vergues de 30 pieds,1,non,,41540
vergues de 35 pieds sur 8 pouces de diamètre,1,non,out,835983
vergues de 40 à 46 pieds,1,non,,41540
vergues de 40 pieds sur 10 pouces de diamètre,1,non,out,835983
vergues de 44 à 50 pieds,1,non,out,835983
vergues de 44 pieds,1,non,out,835983
"vergues de 47 pieds sur 10,5 pouces de diamètre",1,non,out,835983
vergues de 52 pieds,1,non,,41540
vergues de 53 à 57 pieds,1,non,out,835983
"vergues de 56 pieds sur 10,5 pouces de diamètre",1,non,out,835983
vergues de fer,1,non,out,835983
vergues de navire,2,non,out,835983
vergues de sapin,0,non,out,835983
vergues de sapin de 38 pieds,1,non,,41540
vergues de sapin de 44 pieds,1,non,out,835983
vergues pour navire,2,non,out,835983
verjus,47,non,out,835983
vermeil et vernis,2,non,out,835983
vermeille,3,non,out,835983
vermicelle,642,non,out,835983
vermilles,1,non,out,835983
vermillon,699,non,out,835983
vermillon de tasse,1,non,out,835983
vermillon en grabeau,2,non,,41540
vernis,199,non,out,835983
vernis à peindre,7,non,out,835983
vernis clair,1,non,,41540
vernis de Chine,1,non,,41540
vernis de terre,2,non,out,835983
vernis liquide,1,non,,41540
vernis massé,1,non,out,835983
vernis préparés,21,non,out,835983
vernoix,1,non,out,835983
vernunes,1,non,out,835983
verre pilé,2,non,,41540
verrerie,744,non,out,835983
verrerie à boire,3,non,out,835983
verrerie à vitre,8,non,out,835983
verrerie autres que cristaux,1,non,out,835983
verrerie bouteilles,70,non,out,835983
verrerie cassée,4,non,out,835983
verrerie d'office,2,non,out,835983
verrerie de Baume,1,non,out,835983
verrerie de Bohème,1,non,,41540
verrerie de toutes espèces,6,oui,,41540
verrerie diverse,159,oui,out,835983
verrerie en boucaut,1,non,out,835983
verrerie en bouteilles,14,oui,out,835983
verrerie ordinaire,75,non,,41540
verrerie ouvrée,1,non,,41540
verres,455,non,out,835983
verres ??? d'estampes,2,non,out,835983
verres à boire,574,non,out,835983
verres à boire communs,39,non,out,835983
verres à boire cristallins,3,non,out,835983
verres à boire de cristal,18,non,out,835983
verres à boire de Venise,1,non,out,835983
verres à boire et à vitre,1,non,out,835983
verres à boire gobelets,1,non,out,835983
verres à boire moutardiers etc.,96,non,out,835983
verres à cadran et à lunettes polis et taillés,2,non,out,835983
verres à carreaux,1,non,out,835983
verres à carreaux et vitre,5,non,out,835983
verres à cristal,1,non,out,835983
verres à gobelets,2,non,out,835983
verres à horloge de mer,1,non,out,835983
verres à liqueur,1,non,out,835983
verres à lunettes,4,non,out,835983
verres à vin,2,non,out,835983
verres à vitre,551,non,out,835983
verres à vitre d'Allemagne,27,non,out,835983
verres à vitre de France,34,non,out,835983
verres blancs,27,non,out,835983
verres blancs en assortiment,1,non,out,835983
verres brodés,3,non,out,835983
verres bruts à cadran et à lunettes,2,non,out,835983
verres cassés,132,non,out,835983
verres cassés en groisil,1,non,out,835983
verres chimiques,1,non,out,835983
verres communs,563,non,out,835983
verres communs à boire,44,non,out,835983
verres communs à vitre,2,non,out,835983
verres communs gobelets,2,oui,out,835983
verres cristallins et cuivrés,4,non,out,835983
verres cuivrés en gobeleterie et à boire,2,non,out,835983
verres cuivrés en table,1,non,out,835983
verres d'Allemagne,2,non,out,835983
verres d'Alsace,6,non,out,835983
verres d'ambre,1,non,out,835983
verres d'antimoine,3,non,out,835983
verres d'Étampes,2,non,out,835983
verres d'offre,1,non,out,835983
verres de baromètre,6,non,out,835983
verres de Bohème,11,non,out,835983
verres de Bohème à boire,2,non,out,835983
verres de bois,3,non,out,835983
verres de cristal,389,non,out,835983
verres de lampes,2,non,out,835983
verres de lanternes,1,non,out,835983
verres de Lorraine,6,non,out,835983
verres de mer,2,non,out,835983
verres de Saint Louis,1,non,out,835983
verres de table,1,non,out,835983
verres de toutes sortes,1,non,out,835983
verres de vaisselle,1,non,,41540
verres du Barrois,1,non,out,835983
verres en ???,1,non,out,835983
verres en carreaux et à vitre,96,non,out,835983
verres en fioles,3,non,out,835983
verres en petits carreaux et à vitre,2,non,out,835983
verres et verrerie,10,non,out,835983
verres étamés,1,non,,41540
verres filés,1,non,out,835983
verres moulein,1,non,out,835983
verres ouvrées en gobeleterie avec boîtes,5,non,,41540
verres ouvrés,3,non,out,835983
verres ouvrés en gobeleterie ???,0,non,out,835983
verres peints,1,non,out,835983
verres pour boire,1,non,out,835983
verres pour estampes,4,non,out,835983
verres pour lunettes et montres,9,non,out,835983
verres pour lustre,2,non,out,835983
verres pour montre,64,non,out,835983
verres taillés à cadran et à lunettes,3,non,out,835983
verres verroterie,16,non,out,835983
verroterie,113,non,out,835983
verroterie anglaise,1,non,,41540
verroterie en rassades,5,non,maybe venetian glass beads,734
verroterie et rassades,5,non,maybe venetian glass beads,734
verroterie pour l'entrepôt de Guinée,2,non,maybe venetian glass beads,734
verrunes,36,non,out,835983
vers à soie,124,non,out,835983
verses d'osier,2,non,out,835983
vert,5,non,out,835983
vert d'ambre,1,non,out,835983
vert d'eau,1,non,out,835983
vert d'Espagne,104,non,out,835983
vert de grès,2,non,out,835983
vert de mer,2,non,out,835983
vert de montagne,16,non,out,835983
vert de vessie,25,non,out,835983
vert distillé,16,non,out,835983
vert moulu,1,non,out,835983
vert rouge,1,non,out,835983
verunes,1,non,out,835983
vesces,44,non,out,835983
vesces en gerbes,16,non,out,835983
vessie,10,non,out,835983
vessie de cerf et autres,2,non,out,835983
vestes,34,non,out,835983
vestes blanches,1,non,out,835983
vestes brodée d'argent et d'or et de soie,1,non,out,835983
vestes brodées,19,non,out,835983
vestes brodées d'argent et d'or,5,non,out,835983
vestes brodées d'argent et or et de soie,1,non,out,835983
vestes brodées d'or,2,non,out,835983
vestes brodées d'or et de soie,7,non,out,835983
vestes brodées de soie,1,non,out,835983
vestes brodées et de satin,1,non,out,835983
vestes d'argent d'étoffe et de soie,1,non,out,835983
vestes d'estame des prises,1,non,out,835983
vestes de basin,2,non,out,835983
vestes de basin brodées,5,non,out,835983
vestes de coton,4,non,out,835983
vestes de coton et fil,5,non,out,835983
vestes de drap,1,non,out,835983
vestes de drap brodées en or,1,non,out,835983
vestes de drap brodées en or et argent,1,non,out,835983
vestes de drap et chapeaux bordés d'argent,2,non,out,835983
vestes de drap galonnées d'argent,1,non,out,835983
vestes de laine,3,non,out,835983
vestes de peau,1,non,out,835983
vestes de satin,2,non,out,835983
vestes de soie,6,non,out,835983
vestes de soie argent et or,1,non,out,835983
vestes de soie unies,1,non,out,835983
vestes de toile,7,non,out,835983
vestes de toile brodées,3,non,out,835983
vestes de toile grise,1,non,out,835983
vestes de toile guingans,1,non,out,835983
vestes de velours,3,non,out,835983
vestes en dorure de soie,1,non,out,835983
vestes en droguet de soie,1,non,out,835983
vestes et bordures,1,non,out,835983
vestes et culottes à nègre,1,non,out,835983
vestes et gilets de soie,1,non,out,835983
vestes galonnées d'argent,1,non,out,835983
vestes peintes,3,non,out,835983
vestes piquées,1,non,out,835983
vestes vieilles,1,non,out,835983
vétille,1,non,out,835983
viande,39,non,out,835983
viande apprêtée,2,non,out,835983
viande confite,8,non,out,835983
viande de boucherie,1,non,out,835983
viande de boucherie fraîche,4,non,out,835983
viande de boucherie salée,5,non,out,835983
viande de boucherie salée de porcs,2,non,out,835983
viande de boucherie salée de porcs lard compris,2,non,out,835983
viande de cochon,1,non,out,835983
viande de gibier et de volaille,8,non,out,835983
viande de pâte,147,non,out,835983
viande fraîche,4,non,out,835983
viande fumée,5,non,out,835983
viande salée,20,non,out,835983
vide,922,non,,41540
vieille voile de moulins et autres,2,non,out,835983
vièle,2,non,out,835983
vieux clavecin,1,non,out,835983
vieux linge,1,non,,41540
vieux linge lessivé,62,non,,41540
vieux ménage,2,non,,41540
vieux meubles et habits,1,non,,41540
vieux-oint,275,non,out,835983
vilebrequin,1,non,out,835983
villes,1,non,out,835983
vîmes à barriques,2,oui,,41540
vîmes pour barriques,3,non,,41540
vin,20297,non,out,835983
vin anti-scorbutique,1,non,out,835983
vin au muid,4,non,out,835983
vin blan de Lucques,1,non,,41540
vin blanc,379,non,out,835983
vin blanc commun,9,non,,41540
vin blanc d'Espagne,1,non,out,835983
vin blanc de France,138,non,out,835983
vin blanc de la Côte,1,non,,41540
vin blanc de Lucques,1,oui,,41540
vin blanc du Rhin,2,non,,41540
vin blanc en bouteilles,10,non,out,835983
vin commun,35,non,out,835983
vin commun d'Espagne,1,non,out,835983
vin cuit,15,non,out,835983
vin d'absinthe,2,non,out,835983
vin d'Aiguillon,1,non,out,835983
vin d'Alicante,64,non,out,835983
vin d'Alicante en bouteilles,1,non,out,835983
vin d'Allemagne,1,non,,41540
vin d'Alsace,3,non,out,835983
vin d'Alsace et vin de Lorraine,2,non,,41540
vin d'ambrion,1,non,out,835983
vin d'Amont,375,non,out,835983
vin d'amour,6,non,out,835983
vin d'an de ville,9,non,out,835983
vin d'Andelys,9,non,out,835983
vin d'Andrésis,1,non,out,835983
vin d'Anjou,23,non,out,835983
vin d'Anjou et de Touraine,1,non,,41540
vin d'Anjou et de Touraine et de Nantes,1,non,,41540
vin d'Arbois,6,non,out,835983
vin d'Aubagne,88,non,out,835983
vin d'Aument,1,non,out,835983
vin d'Aunis,2,non,out,835983
vin d'Auxerre,10,non,out,835983
vin d'Auxonne,7,non,out,835983
vin d'Égypte,2,non,out,835983
vin d'Épernay,1,non,out,835983
vin d'Espagne,635,non,out,835983
vin d'Espagne de Malvoisie,2,non,out,835983
vin d'Espagne et de liqueur,127,non,out,835983
vin d'Espagne ordinaire,2,non,out,835983
vin d'Espagne tisse,1,non,out,835983
vin d'hors,1,non,,41540
vin d'Inde,1,non,out,835983
vin d'Oléron,13,non,out,835983
vin d'Oléron rouge,1,non,out,835983
vin d'Operto,1,non,out,835983
vin d'orange,2,non,out,835983
vin d'Orléans,44,non,out,835983
vin de ???,1,non,out,835983
vin de Bar,47,non,out,835983
vin de Bar et de Liège et d'Hay...,9,non,out,835983
vin de Bar et vin de Metz,49,non,out,835983
vin de Bar-sur-Aube,1,non,out,835983
vin de Bar-sur-aube,4,non,out,835983
vin de Barcelone,19,non,out,835983
vin de Bastillon,1,non,out,835983
vin de Bayonne,10,non,out,835983
vin de Beaune,133,non,out,835983
vin de Benicarlo dernière récolte,1,non,out,835983
vin de Bergerac,7,non,out,835983
vin de Béziers,2,non,out,835983
vin de Blaye,131,non,out,835983
vin de Blaye et de Bourg,1,non,out,835983
vin de Blois,2,non,out,835983
vin de Bordeaux,1243,non,out,835983
vin de Bordeaux au muid,20,non,out,835983
vin de Bordeaux de Blaye,50,non,out,835983
vin de Bordeaux de haut,252,non,out,835983
vin de Bordeaux de retour,2,non,out,835983
vin de Bordeaux de ville,293,non,out,835983
vin de Bordeaux en bouteilles,4,non,out,835983
vin de Bordeaux en muid,2,non,,41540
vin de Bordeaux et de Guyenne,12,non,,41540
vin de Bordeaux fin,13,non,out,835983
vin de Bordeaux médiocre,1,non,out,835983
vin de Bordeaux ordinaire,41,non,out,835983
vin de Bourbonne,1,non,out,835983
vin de Bourg,53,non,out,835983
vin de Bourgogne,674,non,out,835983
vin de Bourgogne de grand,1,non,out,835983
vin de Bourgogne de Pommard,1,non,out,835983
vin de Bourgogne en bouteilles,19,non,out,835983
vin de Bourgogne en muid,14,non,out,835983
vin de Bourgogne et vin de Champagne,129,non,out,835983
vin de Bourgogne Mâcon,2,non,out,835983
vin de Bretagne,1,non,out,835983
vin de Cabreton,5,non,out,835983
vin de Cahors,21,non,out,835983
vin de Calabre,1,non,out,835983
vin de Carlove,1,non,,41540
vin de Castillon,30,non,out,835983
vin de Catalogne,8,non,out,835983
vin de Cauret,1,non,out,835983
vin de cédrat,1,non,out,835983
vin de Cette,8,non,out,835983
vin de Chablis,2,non,out,835983
vin de Chagny,10,non,out,835983
vin de Châlon,31,non,out,835983
vin de Chalosse,3,non,out,835983
vin de Champagne,681,non,out,835983
vin de Champagne en bouteilles,13,non,out,835983
vin de Champagne en muid,10,non,out,835983
vin de Champagne et liqueurs,1,non,,41540
vin de Charente,26,non,out,835983
vin de Chaumont,2,non,out,835983
vin de Chenôve,1,non,out,835983
vin de Chypre,239,non,out,835983
vin de Chypre en bouteilles,2,non,out,835983
vin de Ciola,1,non,out,835983
vin de Cioutan,1,non,out,835983
vin de Clérac,4,non,out,835983
vin de Clermontois,2,non,out,835983
vin de Cognac,248,non,out,835983
vin de Comté,50,non,out,835983
vin de Condrieux,1,non,out,835983
vin de Constance,20,non,out,835983
vin de Côte,10,non,out,835983
vin de Côte du Rhône,1,oui,out,835983
vin de Côte-Rotie,28,non,out,835983
vin de Coulanges,1,non,out,835983
vin de creverece,1,non,,41540
vin de Damazan,1,non,out,835983
vin de Dauphiné,1,non,out,835983
vin de deviet,1,non,out,835983
vin de Dijon,118,non,out,835983
vin de Domé,8,non,out,835983
vin de Domme,2,non,out,835983
vin de Doures,1,non,out,835983
vin de Faial,3,non,out,835983
vin de fap,1,non,out,835983
vin de ferme,1,non,out,835983
vin de Flacres,0,non,out,835983
vin de Flandre,1,non,out,835983
vin de Fleurance,1,non,out,835983
vin de Florence,2,non,out,835983
vin de forêt,2,non,out,835983
vin de France,396,non,out,835983
vin de France bouteilles,2,non,out,835983
vin de France de Champagne,3,non,out,835983
vin de France de santé en bouteilles,1,non,out,835983
vin de France de santé en muid,2,non,out,835983
vin de France en bouteilles,9,non,out,835983
vin de France-Comté,7,non,out,835983
vin de Frontignan,126,non,out,835983
vin de Fronton,1,non,out,835983
vin de Gaillac,44,non,out,835983
vin de Garonne,3,non,out,835983
vin de Gascogne,0,non,out,835983
vin de Gênes,5,non,out,835983
vin de Gensac,18,non,out,835983
vin de Gevrey,6,non,out,835983
vin de Gilly,2,non,out,835983
vin de Grave,2,non,out,835983
vin de Graves,5,non,out,835983
vin de Grèce,6,non,out,835983
vin de Guacy,1,non,out,835983
vin de Guyenne,4,non,out,835983
vin de haule,1,non,out,835983
vin de haut,517,non,out,835983
vin de haut renvoyé,1,non,out,835983
vin de Hongrie,49,non,out,835983
vin de hors,5,non,out,835983
vin de jauge gros bard,1,non,out,835983
vin de l'Agenais,2,non,out,835983
vin de l'île de Ré,1,non,out,835983
vin de la Charente,1,non,out,835983
vin de la ci-devant province du Languedoc,1,non,out,835983
vin de la Côte de Suisse,2,non,,41540
vin de la Ferté,2,non,out,835983
vin de la foire de Beaucaire,1,non,,41540
vin de la Moselle,2,oui,out,835983
vin de La Rochelle,56,non,out,835983
vin de la Rochelle,28,oui,out,835983
vin de lamalgue,1,non,,41540
vin de Langres,40,non,out,835983
vin de Langres ???,3,non,out,835983
vin de Lantirini,1,non,out,835983
vin de Libourne,2,non,out,835983
vin de Liège d'Hay etc.,81,non,out,835983
vin de lignum,8,non,out,835983
vin de liquan,1,non,out,835983
vin de liqueurs,868,non,out,835983
vin de liqueurs de muscat,29,non,out,835983
vin de liqueurs étranger,19,non,out,835983
vin de Lires,1,non,out,835983
vin de Loge,2,non,out,835983
vin de Lorraine,6,non,out,835983
vin de Lyon,45,non,out,835983
vin de Mâcon,45,non,out,835983
vin de Madère,87,non,out,835983
vin de Malaga,377,non,out,835983
vin de Malaga de Rancio,1,non,out,835983
vin de Malaga en muid,1,non,out,835983
vin de Malvoisie,26,non,out,835983
vin de Manheim,1,non,out,835983
vin de Marennes,18,non,out,835983
vin de Marseille,3,non,out,835983
vin de Médoc,8,non,out,835983
vin de Mercurey,1,non,out,835983
vin de Metz,3,non,out,835983
vin de Meursault,2,non,out,835983
vin de Mezac,1,non,out,835983
vin de Moissac,1,non,out,835983
vin de montagne,76,non,out,835983
vin de Montreuil,2,non,out,835983
vin de Moselle,19,non,out,835983
vin de Mursante,1,non,out,835983
vin de Murville,2,non,out,835983
vin de mus ???,1,non,out,835983
vin de muscat,1021,non,out,835983
vin de muscat de Frontignan,2,non,out,835983
vin de muscat ordinaire,2,non,out,835983
vin de N. Jean,4,non,out,835983
vin de Nantes,567,non,out,835983
vin de Naples,3,non,out,835983
vin de Navarre,12,non,out,835983
vin de Nuits,81,non,out,835983
vin de Pacaret,13,non,out,835983
vin de Paiaret,1,non,out,835983
vin de palme,3,non,out,835983
vin de Paquarat,1,non,out,835983
vin de pays,52,non,out,835983
vin de Peralte,1,non,out,835983
vin de Picardan,1,non,out,835983
vin de poisson,1,non,out,835983
vin de Porto,4,non,out,835983
vin de Porto Rico,2,non,out,835983
vin de Portugal,40,non,out,835983
vin de Pouligny,1,non,out,835983
vin de Prague,2,non,out,835983
vin de Provence,150,non,out,835983
vin de Provence en bouteille,1,non,,41540
vin de Provence en muids,1,non,,41540
vin de Pukaret,1,non,,41540
vin de Querée,2,non,out,835983
vin de Rancio,34,non,out,835983
vin de Ré,154,non,out,835983
vin de Reims,184,non,out,835983
vin de Rezac,1,non,out,835983
vin de Rianco et de Xérès,1,non,out,835983
vin de Ricey,1,non,out,835983
vin de Rivesac,1,non,out,835983
vin de Rivesaltes,1,non,out,835983
vin de rivière,49,non,out,835983
vin de Rochefort,2,non,out,835983
vin de Rome,1,non,out,835983
vin de Rota,18,non,out,835983
vin de Roussillon,1,oui,out,835983
vin de Rouys,1,non,out,835983
vin de Rully,12,non,out,835983
vin de Ruys,2,non,out,835983
vin de Saint-Jean,65,non,out,835983
vin de Saint-Jean d'Angély,2,non,out,835983
vin de Saint-Laurent,7,non,out,835983
vin de Saint-Laurent du Var,1,non,out,835983
vin de Saintonge,96,non,out,835983
vin de Savigny,1,non,out,835983
vin de Savoie,12,non,out,835983
vin de St. Seau,5,non,out,835983
vin de Ste. Foy,17,non,out,835983
vin de Suisse,18,non,out,835983
vin de Syracuse,12,non,out,835983
vin de Tavel,1,non,out,835983
vin de teinte,9,non,out,835983
vin de Ténérife,1,non,out,835983
vin de terre,1,non,out,835983
vin de Tezac,2,non,out,835983
vin de Thiaucourt,2,non,out,835983
vin de Tinto,16,non,out,835983
vin de Tokay,25,non,out,835983
vin de Tonnerre,8,non,out,835983
vin de Touraine,3,non,out,835983
vin de Vienne,1,non,out,835983
vin de ville,749,non,out,835983
vin de ville de Bordeaux,2,non,out,835983
vin de ville de renvoi,2,non,out,835983
vin de ville et de haut,5,non,out,835983
vin de Vougeot,4,non,out,835983
vin de Wermut,1,non,out,835983
vin de Xérès,75,non,out,835983
vin des Canaries,182,non,out,835983
vin des grandes borderies,1,non,out,835983
vin des Îles,1,non,out,835983
vin dit Bleckaert,5,non,out,835983
vin divers,593,non,out,835983
vin doux,5,non,out,835983
vin du Barrois,35,non,out,835983
vin du Béarn et Gascogne,1,non,out,835983
vin du Bugey,28,non,out,835983
vin du Cap,44,non,out,835983
vin du Cap Breton,30,non,out,835983
vin du cap de Bonne Espérance,5,non,out,835983
vin du Cap des Indes,1,non,out,835983
vin du Croisic,15,non,out,835983
vin du Dauphiné,24,non,out,835983
vin du Hainaut,1,non,out,835983
vin du Languedoc,215,non,out,835983
vin du Lyonnais,11,non,out,835983
vin du mont Vésuve,1,non,out,835983
vin du Nantais,14,non,out,835983
vin du Périgord,1,non,out,835983
vin du Portugal,1,non,out,835983
vin du Quercy,62,non,out,835983
vin du Rhen en douelles,1,non,,41540
vin du Rhin,175,non,out,835983
vin du Rhin de retour,1,non,out,835983
vin du Rhin en bouteilles,1,non,out,835983
vin du Rhin en cercles,1,non,out,835983
vin du Rhin et de Moselle,130,non,out,835983
vin du Rhône,3,non,out,835983
vin du Roussillon,26,non,out,835983
vin en bouteille,3,non,out,835983
vin en bouteille commun,1,non,out,835983
vin en bouteille de Franche-Comté,1,non,out,835983
vin en bouteilles,68,non,out,835983
vin en bouteilles autre que de la Gironde ordinaire,2,non,out,835983
vin en bouteilles d'Orléans,3,non,out,835983
vin en bouteilles de Bordeaux,4,non,out,835983
vin en bouteilles de Bordeaux fin,25,non,out,835983
vin en bouteilles de la Gironde,1,non,out,835983
vin en bouteilles de liqueurs,6,non,out,835983
vin en bouteilles de Malaga,3,non,out,835983
vin en bouteilles du Lyonnais,1,non,out,835983
vin en bouteilles muscat,3,non,out,835983
vin en cercles,4,non,out,835983
vin en cercles de liqueurs,5,non,out,835983
vin en futailles,3,non,out,835983
vin en futailles autre que de la Gironde ordinaire,2,non,out,835983
vin en futailles de la Gironde ordinaire,1,non,out,835983
vin en futailles de liqueurs,2,non,out,835983
vin en lest,1,non,,41540
vin en muid,11,non,out,835983
vin en muid muscat,1,non,out,835983
vin et autres boissons bière,6,non,out,835983
vin et autres boissons cidre,3,non,out,835983
vin et autres boissons vin de liqueurs de différente espèce,6,non,out,835983
vin et autres boissons vin divers,6,non,out,835983
vin et autres boissons vin divers de Bordeaux,6,non,out,835983
vin et eau-de-vie,9,non,out,835983
vin et eau-de-vie de vin,9,non,out,835983
vin et fer,3,non,out,835983
vin et vin de liqueurs divers,5,non,out,835983
vin et vinaigre,1,non,out,835983
vin étranger,16,non,out,835983
vin étranger au ???,0,non,out,835983
vin étranger blanc,2,non,out,835983
vin étranger commun,1,non,out,835983
vin étranger de ???,1,non,out,835983
vin étranger de ramis,1,non,,41540
vin étranger de toutes sortes,2,non,out,835983
vin étranger en bouteilles,5,non,out,835983
vin étranger en futailles,1,non,,41540
vin étranger en muid,21,non,out,835983
vin étranger fuo,3,non,out,835983
vin fin,40,non,out,835983
vin fin en bouteilles,20,non,out,835983
vin français,202,non,out,835983
vin Gailleau,1,non,,41540
vin gâté,2,non,out,835983
vin gris,2,non,out,835983
vin hors,68,non,out,835983
vin jauge ??? Paris,1,non,out,835983
vin jauge de Soissons,1,non,out,835983
vin jauge gros bard,42,non,out,835983
vin jauge Paris,6,non,out,835983
vin mousseux,9,non,out,835983
vin Nantes,1,non,out,835983
vin noir,1,non,out,835983
vin ordinaire,469,non,out,835983
vin ordinaire divers,12,non,out,835983
vin ordinaire en bouteilles,9,non,out,835983
vin ordinaire en miel,4,non,out,835983
vin pour lest,1,non,,41540
vin Rancio,5,non,out,835983
vin romali,1,non,,41540
vin Rota,1,non,out,835983
vin rouge,1106,non,out,835983
vin rouge au muids,9,non,,41540
vin rouge commun,65,non,out,835983
vin rouge d'Espagne,2,non,out,835983
vin rouge de France,141,non,out,835983
vin rouge de Marennes,1,non,,41540
vin rouge de Neuchâtel,1,non,,41540
vin rouge de renvoi,3,non,out,835983
vin rouge en bouteilles,6,non,out,835983
vin rouge et blanc,2,non,out,835983
vin rouge gros bard,1,non,out,835983
vin rouge ordinaire,1,non,out,835983
vin rouge très gras,1,non,out,835983
vin Saint-Ange,1,non,out,835983
vin Saint-Laurent,1,non,out,835983
vin soin,1,non,,41540
vin Tinto,20,non,out,835983
vin vendange,2,non,out,835983
vin verdé de Florence,1,non,out,835983
vinaigre,6943,non,out,835983
vinaigre ???,3,non,out,835983
vinaigre de bière,122,non,out,835983
vinaigre de bière cidre et poiré,4,non,out,835983
vinaigre de composition,23,non,out,835983
vinaigre de fruits,118,non,out,835983
vinaigre de vin,133,non,out,835983
vinaigre de vin en bouteille,2,non,out,835983
vinaigre de vin en futaille,2,non,out,835983
vinaigre ordinaire,35,non,out,835983
vinaigre parfumé,2,non,out,835983
vinaterie,26,non,,41540
vinvoin,1,non,out,835983
viole,1,non,out,835983
violende,1,non,out,835983
violette,1,non,out,835983
violon,4,non,out,835983
violoncelle,1,non,out,835983
violons,137,non,out,835983
violons d'enfant,2,non,out,835983
violons gros,1,non,out,835983
violons petits,1,non,out,835983
vipères,17,non,out,835983
vipères sèches,1,non,out,835983
vipères vives,2,non,out,835983
vipérine,8,non,out,835983
vipérine en racine,1,non,out,835983
vipres,1,non,out,835983
virez,4,non,out,835983
vispapan ???,1,non,out,835983
vitre de verre,3,non,out,835983
vitrifications émail,4,non,out,835983
vitrifications en grains percés à broder ou à tricoter,2,non,out,835983
vitrifications en grains percés pour chapelets et colliers,4,non,out,835983
vitrifications en masses à tailler,1,non,out,835983
vitrifications en masses ou en tubes à tailler,3,non,out,835983
vitrifications taillées en grands ou rassades percés,1,non,out,835983
vitrifications taillées en pierres à bijoux,5,non,out,835983
vitriol,558,non,out,835983
vitriol blanc,20,non,out,835983
vitriol bleu,4,non,out,835983
vitriol de Chypre,119,non,out,835983
vitriol en pierre,1,non,,41540
vivres,101,non,,41540
vivres pour l'équipage,1,non,,41540
vivres pour la pêche à la morue,2,non,,41540
vivres pour la pêche au poisson frais,3,non,,41540
vivres pour la pêche aux moules,28,non,,41540
vivvres,1,oui,,41540
vlottes,82,non,out,835983
voëdes,3,non,out,835983
voide,1,non,out,835983
voile,12,non,out,835983
voile brochée,1,non,out,835983
voile brodée,1,non,out,835983
voile de bateaux,2,non,out,835983
voile de laine,1,non,out,835983
voile de navire,3,non,out,835983
voile de novice,1,non,out,835983
voile de serge,7,oui,,41540
voile de serge de laine,3,non,out,835983
voile de soie,24,non,out,835983
voile de vaisseaux,4,non,out,835983
voile du Maroc,1,non,out,835983
voile neuve,6,non,out,835983
voile poil et soie,1,non,out,835983
voilures,1,non,out,835983
vois de pinceaux planches,1,non,out,835983
voitures,162,non,out,835983
voitures à échelles,2,non,out,835983
voitures à ressorts,1,non,out,835983
voitures avec hamais,1,non,out,835983
voitures cabriolets,1,non,out,835983
voitures carriole,1,non,out,835983
voitures complètes,2,non,out,835983
voitures de chafre,1,non,out,835983
voitures de luxe,1,non,,41540
voitures et leurs roues,1,non,out,835983
voitures étrangères,3,non,out,835983
voitures garnies ou peintes à ressorts,5,non,out,835983
voitures neuves,3,non,out,835983
volailles,519,non,out,835983
volailles grasses,2,non,out,835983
volailles oies,1,non,out,835983
volants,5,non,out,835983
volants à boutonnière d'or,1,non,out,835983
volants de camelot,2,non,out,835983
vrille,19,non,out,835983
vulnéraires,4,non,,41540
vulnéraires de Suisse,2,non,out,835983
wagheschot en blocs,4,non,out,835983
wagons,1,non,out,835983
wathout en blocs,8,non,out,835983
wollegoet blanche,3,non,out,835983
wollegoet mêlée,5,non,out,835983
wollegoet teinte,3,non,out,835983
wuinnes,22,non,out,835983
ydienne,1,non,out,835983
yeux d'écrevisses,99,non,out,835983
yeux de homard,1,non,out,835983
zain,26,non,out,835983
zédoaire,30,non,out,835983
zinc,102,non,out,835983
zinc coulé en lingots et en masses,1,non,out,835983
zinc coulé en lingots et en masses pour la refonte,1,non,out,835983
zinc coulé en lingots et en masses pour les fabrique de laiton,1,non,out,835983
zinc coulé en lingots pour la refonte,4,non,out,835983
zinc coulé en plaques pour le laminage,2,non,out,835983
zinc laminé,8,non,out,835983
zinc pour fabriquer le laiton,11,non,out,835983
zingar,6,non,out,835983
zurich,3,non,out,835983
