simplification,nbr_occurences_simpl,obsolete,ulrich,nbr_occurences_ulrich
,355,non,,40052
???,3233,non,out,741295
??? blanc,2,non,out,741295
??? brun,2,non,out,741295
??? d'Anjou et de Touraine,0,non,out,741295
??? d'argent,1,non,out,741295
??? d'une valeur moindre de deux mille francs chacun,413,non,out,741295
??? de boutard,0,non,out,741295
??? de fer,2,non,out,741295
??? de morue,1,non,out,741295
??? de nacre de perle,1,non,out,741295
??? des ci-devant provinces d'Alsace,0,non,out,741295
??? des ci-devant provinces de Bourgogne,1,non,out,741295
??? des ci-devant provinces de Provence,2,non,out,741295
??? des ci-devant provinces du Languedoc,1,non,out,741295
??? diverses,4,non,out,741295
??? fer,1,non,out,741295
??? forts de fer,1,non,out,741295
??? gras,1,non,out,741295
??? particulièrement en chevaux,0,non,out,741295
??? pieds,1,non,out,741295
??? pruneaux,1,non,out,741295
??? raisin sec,1,non,,40052
??? raisin secs,1,oui,out,741295
???sse,1,non,out,741295
?ufs,0,non,out,741295
[non traité],67,oui,,40052
[vide],6248,non,,40052
à l'aventure,46,non,,40052
à son lest,4,oui,,40052
à vide,647,non,,40052
abassis,4,non,out,741295
abats,2,non,out,741295
abattis de morue,1,non,out,741295
abricots,1,non,,40052
abricots confits,1,non,out,741295
absinthe,19,non,out,741295
acacia,5,non,out,741295
acacia germanica,1,non,out,741295
acacia vera,1,non,out,741295
acajou,6,non,out,741295
acétates d'étain,1,non,out,741295
acétates de fer,3,non,out,741295
acétates de plomb,299,non,out,741295
acétates de plomb et autres,7,non,,40052
acétates de plomb sel de Saturne,2,oui,out,741295
acétates de potasse et de soude,2,oui,out,741295
acétates de potasse et de soudes,2,non,,40052
acétates de sel d'étain,1,non,out,741295
achia,7,non,out,741295
acide arsénieux,8,non,out,741295
acide benzoïque,1,non,out,741295
acide benzoïque et phosphorique,2,non,out,741295
acide borique,3,non,out,741295
acide borique et benzoïque,2,non,out,741295
acide citrique,2,non,out,741295
acide citrique et muriatique et phosphorique,2,non,out,741295
acide citrique et oxalique et tartrique,2,non,out,741295
acide de potasse crème de tartre,5,non,out,741295
acide de potasse lie de vin desséché et liquide,4,non,out,741295
acide de potasse lie de vin desséchée,3,non,out,741295
acide de potasse lie de vin liquide,2,non,out,741295
acide de potasse tartre brut impur,2,non,out,741295
acide muriatique,1,non,out,741295
acide muriatique et nitrique et phosphorique,3,non,out,741295
acide muriatique et nitro-muriatique,2,non,out,741295
acide nitrique,4,non,out,741295
acide oxalique,2,non,out,741295
acide phosphorique,2,non,out,741295
acide succinique,1,non,out,741295
acide tartrique,2,non,out,741295
acide vitriolique,4,non,out,741295
acide vitriolique et huile de vitriol,109,non,out,741295
acier,2641,non,out,741295
acier battu forgé ou laminé,1,non,out,741295
acier brun,1,non,out,741295
acier brut,11,non,out,741295
acier commun,1,non,out,741295
acier en barres,9,non,out,741295
acier en bottes,1,non,,40052
acier en bottes pour la Compagnie des Indes,1,non,out,741295
acier et clous,9,non,out,741295
acier et fer,356,non,out,741295
acier fondu en carreaux ou en tôle,5,non,out,741295
acier fondu forgé,1,non,out,741295
acier forgé,7,non,out,741295
acons,1,non,out,741295
acons démontés,21,non,out,741295
acons démontés en gabare,2,non,out,741295
acorus,5,non,out,741295
acuirson,0,non,out,741295
acume de cuivre,1,non,out,741295
adatais,3,non,out,741295
affûts,2,non,out,741295
affûts de bois,1,non,out,741295
affûts de canons,12,non,out,741295
affûts de fer,1,non,out,741295
affûts de fusils,2,non,out,741295
affûts de fûts à canons,1,non,out,741295
affûts et canons,1,non,out,741295
agaric,156,non,out,741295
agaric amadouvier,6,non,out,741295
agaric amadouvier brut,4,non,out,741295
agaric amadouvier brut et préparé,12,non,out,741295
agaric amadouvier préparé,6,non,out,741295
agaric brut et préparé,6,non,out,741295
agaric de mélèze,4,non,out,741295
agaric fin,1,non,out,741295
agaric gros,2,non,out,741295
agate,10,non,out,741295
agate autre que chique et ouvrages,2,non,out,741295
agate brute,4,non,out,741295
agate en pierres,2,non,out,741295
agate fine,1,non,out,741295
agate montée,1,non,out,741295
agneau,118,non,out,741295
agneau commun,7,non,out,741295
agneau en vie,6,non,out,741295
agneau et cabris,122,non,out,741295
agneau mérinos et métis,7,non,out,741295
agneau mouton commun,1,non,,40052
agnelines et crottelins,36,non,out,741295
agobille,4,non,out,741295
agoutals,4,non,out,741295
agoutals de bois,5,non,out,741295
agrément,15,non,out,741295
agrément au quart,3,non,out,741295
agrément d'argent,2,non,out,741295
agrément d'or,1,non,out,741295
agrément d'or et d'argent,5,non,out,741295
agrément de fil,9,non,out,741295
agrément de fil et de soie,3,non,out,741295
agrément de fleur,1,non,out,741295
agrément de soie,57,non,out,741295
agrément de soie et d'argent,1,non,out,741295
agrément de soie or et argent faux,1,non,out,741295
agrément pour robes,1,non,,40052
agréments de soie et milleret,13,non,out,741295
agréments et milleret,38,non,out,741295
agrès,29,non,out,741295
agrès apparaux de navire et embarcations,6,non,out,741295
agrès apparaux et embarcations,2,non,out,741295
agrès de navire et jeux de voile,14,non,out,741295
agrès et apparaux,2,non,out,741295
agrès et apparaux d'or navire,1,non,out,741295
agrès et bâtiments de mer,10,non,out,741295
agrès et embarcations,8,non,out,741295
agrès et voile de navire,1,oui,out,741295
aigles,4,non,out,741295
aigre de cèdre,16,non,out,741295
aigre de cidre,5,non,out,741295
aigre de vitriol,17,non,out,741295
aigrettes,10,non,out,741295
aigrettes de fil d'or et d'argent,1,non,out,741295
aigrettes de soie,1,non,out,741295
aigrettes de soie et argent,1,non,out,741295
aigrettes de verre,1,non,,40052
aigrettes et bavolets,1,non,out,741295
aiguières d'étain,1,non,out,741295
aiguilles,351,non,out,741295
aiguilles à boîtes,1,non,out,741295
aiguilles à coudre,59,non,out,741295
aiguilles à coudre voiles,1,non,out,741295
aiguilles à ralingue,1,non,out,741295
aiguilles à tabac,1,non,out,741295
aiguilles à toile,1,non,out,741295
aiguilles d'emballage,2,non,out,741295
aiguilles de mercerie fine,4,non,out,741295
aiguilles epars de sapin,1,non,out,741295
aiguilles et épingles,1,non,out,741295
aiguilles et épingles de mercerie fine,3,non,out,741295
aiguilles et mercerie fine,2,non,out,741295
aiguilles grosses,1,non,out,741295
aiguilles pour voile,38,non,out,741295
aiguillettes,1,non,out,741295
aiguillettes de cuir,1,non,,40052
aiguillettes de peau,1,non,,40052
ail,2,oui,out,741295
ailes,17,non,out,741295
ailes de fléaux,3,non,out,741295
ailes de moulins,6,non,out,741295
ailor,0,non,out,741295
ails,295,non,out,741295
ails à fauches,1,non,out,741295
ails blancs à casser,1,non,out,741295
aimant,1,non,out,741295
ains à pêcher,44,non,out,741295
ains et lignes à pêcher,2,non,out,741295
airain,7,non,out,741295
airain non ouvré,4,non,out,741295
ajamis,297,non,cotton goods,18103
ajustements,37,non,out,741295
ajustements de femme,5,non,out,741295
ajustements de soie,2,non,out,741295
alambics,17,non,out,741295
alambics d'étain,17,non,out,741295
alambics de cuivre,2,non,out,741295
alambics de terre,1,non,out,741295
alana,2,non,out,741295
alazar,2,non,out,741295
albâtre,5,non,out,741295
albâtre brut,3,non,out,741295
albâtre et marbre brut et poli,21,non,out,741295
albâtre moulé poli ou sculpté,6,non,out,741295
alcalis autre que natron et soude,2,oui,out,741295
alcalis autre que natron et soudes,2,non,,40052
alcalis salin,1,non,out,741295
aleine à cordonnier en acier et en fer,1,non,,40052
alènes,5,non,out,741295
alènes à cordonnier en acier et en fer,1,oui,,40052
algue marine,1,non,,40052
ali,0,non,,40052
alibanies,112,non,cotton goods,18103
alibanis,14,oui,,40052
alicot,0,non,,40052
alizari,31,non,out,741295
alizari et garance,167,non,madder,1683
alizari sèche,7,non,out,741295
alkermés,1,non,out,741295
alkermès en grains,25,non,out,741295
allaya,90,non,out,741295
alleaux,1,non,out,741295
allemande de poil,10,oui,out,741295
allumettes,138,non,out,741295
allumettes à vin,32,non,out,741295
allumettes de coton,1,non,cotton goods,18103
allumettes de mêche soufrée,1,non,out,741295
allumettes droguées,3,non,out,741295
allumettes épicée,2,non,out,741295
allumettes opérées et soufrées,1,non,out,741295
allumettes soufrées,13,non,out,741295
almagro ou crayons rouges,2,non,out,741295
almanachs,1,non,out,741295
almanachs brochés,2,non,out,741295
almanachs en blancs,1,non,out,741295
almanachs enjolivés,2,non,out,741295
almanachs reliés,1,non,out,741295
aloès,262,non,out,741295
aloès cabalin,5,non,out,741295
aloès commun,1,non,out,741295
aloès et opium,2,non,out,741295
aloès hépatique,1,non,out,741295
aloès moyen,2,non,out,741295
aloiset,1,non,out,741295
alose,8,non,out,741295
alose fumée,4,non,out,741295
alose salée,5,non,out,741295
aloues,1,non,out,741295
alouettes,5,non,out,741295
alpargate,36,non,out,741295
alphabets,1,non,out,741295
alpiste,22,non,out,741295
alpiste et millet,9,non,out,741295
alquifoux,513,non,out,741295
alquifoux en galène,2,non,out,741295
alquifoux et mine de plomb,36,non,out,741295
alquifoux mine de plomb ou graphite,23,non,out,741295
alquifoux ou mine de plomb,3,non,out,741295
alquifoux sable plombifère,1,non,out,741295
alquitra,3,non,out,741295
alto basses chapeaux chinois clarinettes cors cymbales fifres et flageolets flûtes guitare haut-bois serinettes serpent tambours trompettes et violons basses,2,non,out,741295
alto basses contrebasses guitare lyres violes violons,2,non,out,741295
alto bassons guitare violons,3,non,out,741295
aluchiabanis,3,oui,out,741295
alun,2507,non,alum,2533
alun à cordonnier,1,non,alum,2533
alun autre que brûlé ou calciné,2,non,alum,2533
alun bon,2,non,alum,2533
alun brûlé,1,non,alum,2533
alun commun,1,non,alum,2533
alun de glace,1,non,alum,2533
alun de roche,5,non,alum,2533
alun de Rome,3,non,alum,2533
alun de Rome fin rosé,1,non,alum,2533
alun de Rouen,2,non,alum,2533
alun de Surde,2,non,alum,2533
alun du Levant,1,non,alum,2533
alun en dracy,1,non,alum,2533
alun en rame,1,non,alum,2533
alun gâté,1,non,alum,2533
alun ordinaire,1,non,alum,2533
alvés,0,non,out,741295
amadou,338,non,out,741295
amadou et agaric amadouvier,7,non,out,741295
amandes,2249,non,out,741295
amandes à la praline,4,non,out,741295
amandes amères,2,non,out,741295
amandes arachis noisettes noix noyaux,2,non,out,741295
amandes cassée,7,oui,out,741295
amandes cassées,455,non,out,741295
amandes cassées ou en coque,3,oui,out,741295
amandes cassées ou en coques,3,non,,40052
amandes courtes,102,non,out,741295
amandes douces,5,non,out,741295
amandes en coque,438,oui,out,741295
amandes en coques,459,non,,40052
amandes et figue et raisin,33,non,out,741295
amandes et noisettes et raisins secs,2,non,,40052
amandes et noix et noisettes,100,non,,40052
amandes et pelures et prunes et raisin,0,non,out,741295
amandes et pruneaux,82,non,out,741295
amandes et raisin sec,17,non,out,741295
amandes et raisin sec et savon,1,non,out,741295
amandes et savon,13,non,out,741295
amandes et sucre,25,non,sugar,12509
amandes et verdet,33,non,out,741295
amandes fraîches,1,non,out,741295
amandes longues,65,non,out,741295
amandes mondées,2,non,out,741295
amandes sèches,64,non,out,741295
amandes sèches et figue sèche et ???,0,non,out,741295
amandes sèches et figue sèche et raisin sec,135,non,out,741295
amaril,1,oui,out,741295
amarinage,10,non,,40052
amarine,1,non,out,741295
ambrain à grande barrique,1,non,out,741295
ambre,43,non,out,741295
ambre blanc,1,non,out,741295
ambre brut,19,non,out,741295
ambre carabé,22,non,out,741295
ambre carabé jaune,2,non,out,741295
ambre en grains,1,non,out,741295
ambre et corail,1,non,out,741295
ambre gris,39,non,out,741295
ambre jaune,88,non,out,741295
ambre moulu,3,non,out,741295
ameny,1,oui,out,741295
amer,3,non,out,741295
amer de laine,1,non,out,741295
amertis,4,non,cotton goods,18103
ameublement,3,non,out,741295
ameublement de chitte,1,non,out,741295
ami de toilé,1,non,out,741295
amidon,1316,non,out,741295
amidon alun,1,non,out,741295
amidon en grains,1,non,out,741295
amidon en poudre,3,non,out,741295
amidon et poudre à poudrer,132,non,out,741295
ammoniac,7,non,out,741295
ammoniac et sel,26,non,out,741295
ammonium,1,non,out,741295
amomum,16,non,out,741295
amomum et fèves de tonka et noix de ravensara,2,non,out,741295
amomum verum,2,non,out,741295
amurca,4,non,out,741295
anabasse,122,non,out,741295
anabasse bajutapau,3,non,out,741295
anabasse corat nicaneas platille,2,non,out,741295
anacardes,2,non,out,741295
anacoste,3,non,out,741295
ananas,12,non,out,741295
ananas confit,2,non,out,741295
ananas et pommes de grenade,8,non,out,741295
ananas planté,1,non,out,741295
anatomie,1,non,out,741295
anatose,3,non,out,741295
anches de tonneaux,2,non,out,741295
anchois,1178,non,out,741295
anchois câpres et olives,10,non,out,741295
anchois câpres etc.,1,non,out,741295
anchois câpres olives,1,non,out,741295
anchois et boutargue,13,non,out,741295
anchois et câpres,5,non,out,741295
anchois et câpres et olives,1,non,,40052
anchois et sardes,1,non,out,741295
anchois et sardines,5,non,out,741295
anchois mariné,10,non,out,741295
anchois mariné et salé,39,non,out,741295
anchois salé,2,non,,40052
anchois salé et mariné,2,non,out,741295
anchois salés,4,non,out,741295
anchois salés et marinés,9,non,out,741295
ancres,56,non,out,741295
ancres de chaudon,1,non,out,741295
ancres de fer,590,non,out,741295
ancres de fer à chaudrons,1,non,out,741295
ancres de fer au-dessus de 250 kilogrammes,1,non,out,741295
ancres de fer de 250 kilogrammes et au-dessous,1,non,out,741295
ancres de fer et embarcations,2,non,out,741295
ancres et embarcations,5,non,out,741295
ancres et grappins de fer,1,non,out,741295
ancres et ouvrages de fer,2,non,,40052
ancres gravelées,1,non,out,741295
ancres neuves,3,non,out,741295
ancres vides,3,non,out,741295
ancres vieilles,1,non,out,741295
ancres vieilles vides,1,non,out,741295
andolium,5,non,out,741295
andouilles,45,non,out,741295
andouillette,1,non,out,741295
ânes,182,non,out,741295
ânes et ânesses,97,non,out,741295
ânes et mulets,11,non,out,741295
ânesses,1,non,out,741295
angélique,29,non,out,741295
angélique du Rozème,1,non,out,741295
anguilles,25,non,out,741295
anguilles et truites,118,non,out,741295
anguilles fraîches,1,non,out,741295
anguilles marinées,1,non,out,741295
anguilles salées,23,non,out,741295
anille,1,non,out,741295
animaux,5,non,out,741295
anis,589,non,out,741295
anis et rac et rhum etc.,101,non,out,741295
anis et sucre,1,non,sugar,12509
anis vert,97,non,out,741295
anis vert à distiller,2,non,out,741295
anisette,113,non,out,741295
anisette au fiasque,6,non,out,741295
anisette de Bordeaux,2,non,out,741295
anneau de cuivre,1,non,out,741295
anneau de fer,2,non,out,741295
anneaux de cuivre,1,non,out,741295
anneaux de fer,1,non,out,741295
ânon,2,non,out,741295
anspects,118,non,out,741295
anspects de 3 à 4 pieds,1,non,out,741295
anspects de bois,21,non,out,741295
anspects de sapin,1,non,out,741295
antale,3,non,out,741295
antale et cauris,1,non,out,741295
antchibanis,9,oui,out,741295
antenelle,1,non,out,741295
antennes,2,non,out,741295
antennes et mâts de bateaux,1,non,out,741295
antimoine,288,non,out,741295
antimoine cru,28,non,out,741295
antimoine métallique et sulfuré,2,non,out,741295
antimoine préparé,2,non,out,741295
antimoine vert,1,non,out,741295
antofle,1,non,out,741295
antofle de girofle,11,non,out,741295
apasier,1,non,out,741295
apier,3,non,out,741295
apios,7,non,out,741295
apparaux,1,non,,40052
apparaux et bâtiments de mer,38,non,out,741295
apprêtée à toiler les livres,2,non,out,741295
apprêtée pour parchemins,2,non,out,741295
apprêts,0,non,,40052
arachis olives fraîches,1,non,out,741295
arains,6,non,out,741295
arak,17,non,out,741295
arbalètes,7,non,out,741295
arbalètrie et cartes marines,1,non,,40052
arbalètrrie et cartes marines,1,oui,out,741295
arbres,51,non,out,741295
arbres à fruits,2,non,out,741295
arbres à planter,144,non,out,741295
arbres à planter pommiers,1,non,,40052
arbres châtaignier,4,non,out,741295
arbres d' ???,1,non,out,741295
arbres d'auban,1,non,out,741295
arbres de sapin,1,non,out,741295
arbres et arbrisseaux,25,non,out,741295
arbres et arbrisseaux à fruits,134,non,out,741295
arbres et arbrisseaux sauvages,138,non,out,741295
arbres et arbustes,6,non,out,741295
arbres et plants,1,non,out,741295
arbres fruitiers,97,non,out,741295
arbres marronniers à planter,1,non,out,741295
arbres nains,1,non,out,741295
arbres tilleul,4,non,out,741295
arbrisseaux,9,non,out,741295
arbustes,4,non,out,741295
arcanette,1,non,out,741295
arcanie,2,non,out,741295
arcanson,4,non,out,741295
arcanum duplicatum,2,non,out,741295
archets de violons,19,non,out,741295
archets et violon,1,non,out,741295
archiabanis,2,oui,out,741295
arçons de bas de bois,1,non,out,741295
arçons de bois,1,non,out,741295
arçons de selles,24,non,out,741295
arçons démontés,1,non,out,741295
ardoise,387,non,out,741295
ardoise à écrire,1,non,,40052
ardoise à piler,1,non,out,741295
ardoise commune,215,non,out,741295
ardoise dite chérubin et à mortier,63,non,out,741295
ardoise dite grande voisine,2,non,out,741295
ardoise dite moyenne voisine,3,non,out,741295
ardoise dite petite voisine,2,non,out,741295
ardoise dite voisine grande moyenne et petite,7,non,out,741295
ardoise en carreaux,2,non,out,741295
ardoise en carreaux et d'1 pied carré,1,non,out,741295
ardoise en carreaux ou en table,7,non,out,741295
ardoise en livret,7,non,out,741295
ardoise encadrée,2,non,out,741295
ardoise encadrée et en livret,71,non,out,741295
ardoise non travaillée,8,non,out,741295
ardoise pour fenêtre,6,non,out,741295
ardoise pour toiture,8,non,out,741295
ardoise pour toiture au kilogramme,1,non,out,741295
ardoise pour toiture au nombre,2,non,out,741295
ardoise verte,1,non,out,741295
ardoises,3,non,,40052
ardoises et ciment et chaux et pierres et plâtre et pouzzolane et sable et terre,9,non,out,741295
arelles de baleine,1,non,out,741295
argent,12,non,out,741295
argent battu,1,non,out,741295
argent battu et en feuille,2,non,out,741295
argent battu filé laminé et tiré,3,non,out,741295
argent brisé et en lingots et en masses,1,non,out,741295
argent brûlé,9,non,out,741295
argent brut,1,non,out,741295
argent brut en lingot et en masse ouvrages détruits,2,non,out,741295
argent carragoux,2,non,out,741295
argent en barils,2,non,out,741295
argent en barres,17,non,out,741295
argent en lingots,27,non,out,741295
argent en lingots par Calais,1,non,out,741295
argent et or,237,non,out,741295
argent et or billon,8,non,out,741295
argent et or et bijouterie,1,non,,40052
argent faux,9,non,out,741295
argent faux en fil cantilles etc.,3,non,out,741295
argent faux et or faux,54,non,out,741295
argent faux et or faux traits,5,non,out,741295
argent fin,1,non,out,741295
argent monnayé et nogat d'or,4,non,out,741295
argent vif,3,non,out,741295
argenterie,736,non,out,741295
argenterie épée,7,non,out,741295
argenterie et bijouterie,21,non,out,741295
argenterie et bijouterie et orfèvrerie,1,non,out,741295
argenterie et orfèvrerie,122,non,out,741295
argenterie et orfèvrerie vermeil,37,non,out,741295
argenterie neuve,4,non,out,741295
argenterie vieille,11,non,out,741295
argenterie vieille en couverts,1,non,,40052
argenterie vieille et bijouterie d'argent,2,non,,40052
argile et terre pour engrais,15,non,out,741295
arins,1,non,out,741295
aristoloche,74,non,out,741295
armement de tables,3,non,out,741295
armes,349,non,out,741295
armes à feu,352,non,out,741295
armes à feu de guerre,2,non,out,741295
armes à feu de guerre et de traite,1,non,out,741295
armes à feu de guerre portatives,2,non,out,741295
armes à feu de luxe,4,non,out,741295
armes à feu de luxe ou de traite,3,non,out,741295
armes à feu de munitions,2,non,out,741295
armes à feu de munitions fines,4,non,out,741295
armes à feu de traite,1,non,out,741295
armes à feu et artillerie,1,non,out,741295
armes à feu et de traite,1,non,out,741295
armes à feu et fusils,1,non,out,741295
armes armureries,1,non,out,741295
armes autres que de guerre à feu,1,non,out,741295
armes autres que de guerre blanches,1,non,out,741295
armes blanches,190,non,out,741295
armes blanches à feu et artillerie,5,oui,,40052
armes blanches de guerre,1,non,out,741295
armes blanches de guerre et de traite,1,non,out,741295
armes blanches de luxe,2,non,out,741295
armes blanches de luxe ou de traite,3,non,out,741295
armes blanches de traite,1,non,out,741295
armes de chasse ou de luxe à feu,2,non,out,741295
armes de chasse ou de luxe blanches,2,non,out,741295
armes de guerre,2,non,out,741295
armes différentes,1,non,out,741295
armes et artillerie artillerie en canons pierriers espingoles et mortiers,3,non,out,741295
armes et munitions,9,non,out,741295
armes lames,1,non,out,741295
armes remontrances,3,non,out,741295
armoires,57,non,out,741295
armoires ayant servi,1,non,out,741295
armoires d'acajou,12,non,out,741295
armoires de bois,2,non,out,741295
armoires de bois de noyer,1,non,out,741295
armoires de bois de sapin peintes,0,non,out,741295
armoires de bois des Indes,1,non,out,741295
armoires de chêne,10,non,out,741295
armoires de chêne ornée,1,non,out,741295
armoires de noyer,12,non,out,741295
armoires de sapin,4,non,out,741295
armoires et commodes,1,non,out,741295
armoires vieilles,2,non,out,741295
armoisin,47,non,out,741295
armure de fer,1,non,out,741295
armure vieille,1,non,out,741295
arnas,1,non,out,741295
arpois,1,oui,out,741295
arquebuse,1,non,out,741295
arrangas,1,non,out,741295
arrosoirs,7,non,out,741295
arrosoirs de bois,2,non,out,741295
arrosoirs de cuivre,1,non,out,741295
arrosoirs de fer,1,non,out,741295
arrosoirs de fer-blanc,6,non,out,741295
arrosoirs de sapin,1,non,out,741295
arrosoirs de terre,1,non,out,741295
arrowroot,1,non,out,741295
arséniate de potasse,2,non,out,741295
arsenic,487,non,out,741295
arsenic métallique,6,non,out,741295
artichauts,84,non,out,741295
artichauts champignons et truffes,2,non,out,741295
artichauts confits,70,non,out,741295
artichauts frais,19,non,out,741295
artichauts marinés,2,non,out,741295
artichauts secs,7,non,out,741295
artifice,5,non,out,741295
artifice fusées etc.,44,non,out,741295
artillerie,6,non,out,741295
asa fœtida,127,non,out,741295
ascrile,1,non,,40052
asperges,9,non,out,741295
asperges confites,1,non,out,741295
asperges et scorsonères,69,non,out,741295
asphaltum,19,non,out,741295
aspic en grabeau,1,non,,40052
assiette,2,non,out,741295
assiette de Biarritz,1,non,out,741295
assiette de bois,1,non,out,741295
assiette de faïence,11,non,out,741295
assiette de porcelaine,4,non,out,741295
assiette de porcelaine des Indes,1,non,out,741295
assiette de terre,8,non,out,741295
assiette et plats de terre,1,non,out,741295
asustum,1,non,out,741295
atastes,1,non,out,741295
atchiabanis,14,oui,,40052
atlas,4,non,out,741295
atlas à la feuille d'or,1,non,out,741295
atlas et instruments de marine,2,non,out,741295
atlas jaspé,1,non,out,741295
attaches de cuivre,1,non,out,741295
attelles de colliers,14,non,out,741295
aube,1,non,out,741295
auchinoise,2,non,out,741295
auclimes,3,non,out,741295
auf,118,non,out,741295
augemy,2,non,out,741295
auges,3,non,out,741295
auges de carreaux,2,non,out,741295
augustins,2,non,out,741295
aurcsats,1,non,out,741295
aurcsats étoile,1,non,out,741295
aussière,0,non,out,741295
autel de marbre,2,non,out,741295
aux travaux du Roi,6,non,,40052
avelanède,62,non,,40052
avelanèdes,59,oui,out,741295
avelines,12,non,out,741295
avelines et noisettes sèches,22,non,out,741295
avelines faînes noisettes noix,1,non,out,741295
avelines noisettes noix,5,non,out,741295
avirons,675,non,out,741295
avirons bruts,17,non,out,741295
avirons de 12 pieds,1,non,out,741295
avirons de 18 pieds,1,non,out,741295
avirons de 30 pieds,1,non,out,741295
avirons de 5 pieds,1,non,out,741295
avirons de 8 à 12 pieds,1,non,out,741295
avirons de bois,60,non,out,741295
avirons de bois façonné,1,non,out,741295
avirons de chêne,1,non,out,741295
avirons de sapin,1,non,out,741295
avirons en bois de construction,2,non,,40052
avirons et perches de bois,0,non,out,741295
avirons et rames bruts,2,non,out,741295
avirons et rames de bois,1,non,out,741295
avirons et rames de bois façonné,2,non,out,741295
avirons et rames façonnés,5,non,out,741295
avirons polis,1,non,out,741295
avoine,1036,non,out,741295
avoine en gerbes,22,non,out,741295
avoine et haricots,1,non,out,741295
avoine et orge etc.,1,non,out,741295
avoine mondée,1,non,out,741295
avoine moulée,1,non,out,741295
azur,756,non,out,741295
azur commun,339,non,out,741295
azur et bleu de Prusse,10,non,out,741295
azur et cobalt,20,non,out,741295
azur fin,14,non,out,741295
azur gros,24,non,out,741295
babassis,1,non,out,741295
babouches,95,non,out,741295
babouches de maroquin,2,non,out,741295
bacs d'1 aime,1,non,out,741295
bacs de pierre,4,non,out,741295
bacs de pierre bleue,2,non,out,741295
bacs de pierre d'1 aime,13,non,out,741295
bacs de pierre de 4 aimes,2,non,out,741295
bacs de pierre de demi d'aime,66,non,out,741295
bacs de pierre de moindre classe,85,non,out,741295
bacs de pierre de trois-quart d'aime,2,non,out,741295
bacs de pierre en dessous d'1 aime,14,non,out,741295
bacs de pierre en dessus d'1 aime,54,non,out,741295
badiane,62,non,out,741295
baffetas,10,non,cotton goods,18103
baffetas blanc,20,non,cotton goods,18103
baffetas bleu,29,non,cotton goods,18103
baffetas des Indes,4,non,cotton goods,18103
bafs ?,0,non,,40052
bagages,5,non,,40052
bagarot,1,non,out,741295
bagues,5,non,out,741295
bagues à pierres fausses,1,non,out,741295
bagues d'argent,2,non,out,741295
bagues d'or,1,non,out,741295
bagues de cuivre,2,non,out,741295
bagues de laiton,1,non,out,741295
bagues de verre,3,non,out,741295
baguettes,6,non,out,741295
baguettes à chandelle,1,non,out,741295
baguettes à étoffe,2,non,out,741295
baguettes d'étain,2,non,out,741295
baguettes de bois,1,non,out,741295
baguettes de bois doré,1,non,out,741295
baguettes de cuivre,3,non,out,741295
baguettes de fer à fusil,53,non,out,741295
baguettes de fusil,48,non,out,741295
bahuts,24,non,out,741295
baie de laurier,28,non,out,741295
baies de buis,1,non,out,741295
baies de genévrier à distiller,2,non,out,741295
baies de genièvre,9,non,out,741295
baignes,3,non,out,741295
baignoires,2,non,out,741295
baignoires d'acajou,1,non,out,741295
baignoires de cuivre,4,non,out,741295
baignoires de sapin,1,non,out,741295
baignoires de tôle,2,non,out,741295
baigots,1,non,out,741295
baillarge,9,non,out,741295
bailles,1,non,out,741295
baïonnettes,80,non,out,741295
bais de bois de chêne,2,non,out,741295
bajutapau,252,non,cotton goods,18103
bajutapau commun,1,non,cotton goods,18103
bajutapau des Indes,3,oui,cotton goods,18103
"bajutapau, canelis, etc.",3,non,cotton goods,18103
balais,155,non,out,741295
balais communs,5,non,out,741295
balais coupés,3,non,out,741295
balais de bois,39,non,out,741295
balais de brandes,1,non,out,741295
balais de bruyère,12,non,out,741295
balais de chanvre,1,non,out,741295
balais de crin,12,non,out,741295
balais de foyer,1,non,out,741295
balais de jonc,51,non,out,741295
balais de jonc petits,1,non,out,741295
balais de laine à laver les planchers,1,non,out,741295
balais de Livourne,18,non,,40052
balais de millet,2,non,out,741295
balais de paille,2,non,out,741295
balais de paille de riz,6,non,out,741295
balais de palme,318,non,out,741295
balais de palme petits,2,non,out,741295
balais de plumes,3,non,out,741295
balais de poil,2,non,out,741295
balais de riz,6,non,out,741295
balais de soie,7,non,out,741295
balais de soie de porcs,18,non,out,741295
balais de toile,1,non,out,741295
balais du roi,1,non,out,741295
balais fins,1,non,out,741295
balais grands de palme,3,non,out,741295
balais ou ramons,101,non,out,741295
balais petits,6,non,out,741295
balance,11,non,out,741295
balance à la romaine,1,non,out,741295
balance complète,1,non,out,741295
balance de bois,1,non,out,741295
balance de cuivre,8,non,out,741295
balance de cuivre jaune,1,non,out,741295
balance de fer,4,non,out,741295
balance et poids de cuivre,1,non,out,741295
balance et romaine,2,non,out,741295
balance et ses poids,1,non,out,741295
balance ou fléaux en fer,3,non,out,741295
balance petite,1,non,out,741295
balance romaine,3,non,out,741295
balcon de fer,1,non,out,741295
baleine,130,non,out,741295
baleine apprêtée,1,non,out,741295
baleine coupée,793,non,out,741295
baleine coupée en fanon,12,non,out,741295
baleine coupée et en fanon,12,non,out,741295
baleine de sarde,18,non,out,741295
baleine en fanon,290,non,out,741295
baleine en fanon apprêté,4,oui,,40052
baleine en fanon brut,4,oui,,40052
baleine en fanon brut de pêche étrangère,2,oui,,40052
baleine en fanon brut de pêche française,2,oui,,40052
baleine en fanon de sarde,19,oui,,40052
baleine en fanon et de sarde,1,non,out,741295
baleine non sciée,75,non,out,741295
baleine taillée,2,non,out,741295
balles,9,non,out,741295
balles à jouer,105,non,out,741295
balles d'osier,3,non,out,741295
balles de fer et canons de fer,51,non,out,741295
balles de fer uni,1,non,out,741295
balles de jonc,1,non,out,741295
balles de laine,1,non,,40052
balles de palme,1,non,out,741295
balles de plomb,9,non,out,741295
balles de plumes,1,non,,40052
balles et dragées de plomb,121,non,out,741295
balles vides,1,non,out,741295
ballons de sapin,1,oui,,40052
ballons en sapin,1,non,,40052
ballots,69,non,,40052
ballots d'étoffe,1,non,,40052
ballots de joncs,1,non,,40052
ballots de toile,1,non,,40052
balustres,13,non,out,741295
bamboches,1,non,out,741295
bambous,3,non,out,741295
bambous et joncs,2,non,,40052
bambous et joncs forts,5,non,,40052
banastron,1,non,out,741295
banc à couper la paille,1,non,out,741295
banc de sapin,1,non,out,741295
bandages,4,non,out,741295
bandages de peaux,5,non,out,741295
bandages pour soldats,1,non,out,741295
bandanas des Indes,1,non,out,741295
bandeaux,4,non,out,741295
banderoles,2,non,out,741295
banderoles de cuir,2,non,out,741295
bandes de cabrouets de fer,3,non,out,741295
bandes de charrettes,1,non,out,741295
bandes de fer,4,non,out,741295
bandes de fer à tombereaux,1,non,out,741295
bandes de roues de fer,1,non,out,741295
bandes de tulle brodées,1,non,,40052
bandes de tulles brodées,1,oui,out,741295
bandoulières garnies d'argent,1,non,out,741295
bannes et bannettes d'osier,1,non,out,741295
bannettes d'osier,1,non,out,741295
bannettes de cuir,1,non,out,741295
bannière de Damas,1,non,out,741295
banquette,4,non,out,741295
baquelets,0,non,out,741295
baquets,2,non,out,741295
baquets à jeter l'eau,1,non,out,741295
baquets de cuivre,5,non,out,741295
baquets de fer,1,non,out,741295
baquets de rechange,1,non,out,741295
baquets de sapin,2,non,out,741295
baracan,218,non,out,741295
baracan aune,1,oui,out,741295
baracan d'Abbeville,1,non,out,741295
baracan de laine,15,non,out,741295
baracan de laine et de poil,2,non,out,741295
baracan de Lille,1,non,out,741295
baracan de poil,64,non,out,741295
baracan de renvoi,1,non,,40052
baras,1,non,out,741295
barat de laine,1,non,out,741295
baratte,1,non,out,741295
barbaçons de grès,1,oui,,40052
barbançons,6,non,out,741295
barbançons de grès,45,non,out,741295
barbançons de terre,20,non,out,741295
barbançons de terre de grès,1,oui,out,741295
barbançons de verre,1,non,out,741295
barbe de baleine,11,non,out,741295
barbotine,43,non,out,741295
barbues,1,non,out,741295
barbues couvertes d'étamine,1,non,out,741295
barbues de grès,14,non,out,741295
barbues de terre,1,non,out,741295
barbues ouvrées et cannettes ouvrées et jarres de terre ouvrées,1,non,out,741295
bardes,5,non,out,741295
barille,1,non,,40052
barille de retour,1,non,,40052
barilleau,8,non,out,741295
barilleau de laine,3,non,out,741295
barils,81,non,out,741295
barils à poudre,5,non,out,741295
barils ancres,1,non,out,741295
barils de chêne,1,non,out,741295
barils de fer-blanc,1,non,out,741295
barils de fer-blanc simples,1,non,out,741295
barils de retour,1,non,,40052
barils de sapin,1,non,out,741295
barils de tonnelier,3,non,out,741295
barils de vin de ???,4,non,out,741295
barils doubles de fer-blanc,1,non,out,741295
barils en bottes,1,non,,40052
barils neufs,3,non,out,741295
barils petits,2,non,out,741295
barils pour saler sardines,1,non,out,741295
barils vides,122,non,out,741295
barils vides pour sardines,3,non,out,741295
barils vieux,1,non,out,741295
barois,8,non,out,741295
baromètre,6,non,out,741295
barques,2,non,out,741295
barques démontées,1,non,out,741295
barques en bottes,1,non,out,741295
barquettes,210,non,out,741295
barquettes et nacelles,5,non,out,741295
barquettes vieilles,5,non,out,741295
barreau de laine,2,non,out,741295
barreaux,3,non,out,741295
barreaux de bois,8,non,out,741295
barreaux de bois et planches de bois,6,non,out,741295
barreaux de sapin,2,non,out,741295
barreaux de sapin de 10 pieds,1,non,out,741295
barreaux neufs,2,non,out,741295
barres,114,non,out,741295
barres à nègre,1,non,out,741295
barres carrées de fer étiré,6,non,out,741295
barres carrées de fer étiré de 15 inclusivement à 22 millimètres exclusivement,1,non,out,741295
barres carrées de fer étiré de 15 inclusivement à 22 millimètres exclusivement sur chaque face,1,non,out,741295
barres carrées de fer étiré de 22 millimètres et plus sur chaque face,2,non,out,741295
barres carrées de fer étiré de moins de 15 millimètres,1,non,out,741295
barres carrées de fer étiré de moins de 15 millimètres sur chaque face,1,non,out,741295
barres d'anspects,107,non,out,741295
barres d'anspects en bois,6,non,out,741295
barres d'anspects et barres de cabestan,134,non,out,741295
barres d'étain,3,non,out,741295
barres d'étain ou blocs d'étain,2,non,out,741295
barres de barrique,1,non,out,741295
barres de bois,40,non,out,741295
barres de cabestan,72,non,out,741295
barres de cabestan en bois,2,non,out,741295
barres de chêne,1,non,out,741295
barres de chêne petites,1,non,out,741295
barres de cuivre,2,non,out,741295
barres de cuivre petites,1,non,,40052
barres de futel,1,non,out,741295
barres de guindeau,48,non,out,741295
barres de sapin,2,non,out,741295
barres de sapin de 3 à 4 pieds,1,non,out,741295
barres de sapin pour fonçaille,1,non,out,741295
barres et cercles de fer,1,non,,40052
barres et clous de fer,1,non,,40052
barres et tôle de fer,2,non,,40052
barres et verges de fer,14,non,out,741295
barres fines de fer,2,non,out,741295
barres maître-fond,5,non,out,741295
barres ouvrées de fer,1,non,,40052
barres plates de fer étiré,6,non,out,741295
barres plates de fer étiré de 113 à 366 millimètres ou 42 à 72 lignes inclusivement,1,non,out,741295
barres plates de fer étiré de 213 à 366 millimètres de largueur multipliée par l'épaisseur,1,non,out,741295
barres plates de fer étiré de moins de 113 millimètres ou 42 lignes,1,non,out,741295
barres plates de fer étiré de moins de 213 millimètres de largueur multipliée par l'épaisseur,1,non,out,741295
barres plates de fer étiré de plus de 366 millimètres de largeur multipliée par l'épaisseur,1,non,out,741295
barres plates de fer étiré de plus de 366 millimètres ou 72 lignes,1,non,out,741295
barres pour édifices,1,non,out,741295
barres pour édifiées,1,non,out,741295
barres rondes de fer étiré,6,non,out,741295
barres rondes de fer étiré de 15 millimètres et plus de diamètres,1,non,out,741295
barres rondes de fer étiré de 15 millimètres ou 7 lignes et plus de diamètres,1,non,out,741295
barres rondes de fer étiré de moins de 15 millimètres de diamètres,1,non,out,741295
barres rondes de fer étiré de moins de 15 millimètres ou 7 lignes diamètres,1,non,out,741295
barretons d'or,1,non,,40052
barrettes,1,non,out,741295
barrettes de cuivre,3,non,out,741295
barrettes de fer,1,non,out,741295
barriques,65,non,out,741295
barriques à eau,4,non,out,741295
barriques cerclées de fer,1,non,out,741295
barriques cerclées de fer et vides,1,non,out,741295
barriques d'eau,1,oui,,40052
barriques d'eau en lest,1,non,,40052
barriques en bœuf,1,non,out,741295
barriques neuves,5,non,out,741295
barriques vides,201,non,out,741295
barriques vides vieilles,48,non,out,741295
barriques vieilles,21,non,out,741295
barriques vieilles ???,4,non,,40052
bas,84,non,out,741295
bas à crin d'or et de soie,1,non,out,741295
bas communs,2,non,out,741295
bas d'estam,1,oui,out,741295
bas d'estame,73,non,out,741295
bas d'estame fins,2,non,out,741295
bas d'estame grossiers,2,non,,40052
bas d'étoffe,1,non,out,741295
bas de bourre de soie,7,non,out,741295
bas de Carcassone,1,non,out,741295
bas de castor,25,non,out,741295
bas de chamois,19,non,out,741295
bas de coton,716,non,cotton goods,18103
bas de coton 1300 lignes,1,non,cotton goods,18103
bas de coton de femme,1,non,cotton goods,18103
bas de coton en paires,0,oui,cotton goods,18103
bas de coton et bas de fil,367,non,cotton goods,18103
bas de coton et bas de fil et bas de soie,1,non,cotton goods,18103
bas de coton et bas de fil par paires,0,oui,cotton goods,18103
bas de coton et bas de soie,1,non,cotton goods,18103
bas de coton et bonnets de coton,34,non,cotton goods,18103
bas de coton et laine,1,non,cotton goods,18103
bas de coton pour enfant,1,non,cotton goods,18103
bas de coton pour femme,1,non,cotton goods,18103
bas de coton pour homme,1,non,cotton goods,18103
bas de coutil,1,non,,40052
bas de fil,858,non,out,741295
bas de fil commun,21,non,out,741295
bas de fil d'or,2,non,out,741295
bas de fil divers,1,non,out,741295
bas de fil en paire,1,oui,,40052
bas de fil et bas de laine,2,non,out,741295
bas de fil et bonnets,2,non,out,741295
bas de fil et pour femme,2,non,out,741295
bas de fil et pour homme,1,non,out,741295
bas de fil étrillés,9,non,,40052
bas de fil étrillés communs,1,non,,40052
bas de fil par paires,1,oui,out,741295
bas de filoselle,386,non,out,741295
bas de Flandre d'homme,1,non,out,741295
bas de Flandre de femme,1,non,out,741295
bas de flans,1,non,,40052
bas de fleuret,85,non,out,741295
bas de laine,991,non,out,741295
bas de laine 40 lignes,1,non,out,741295
bas de laine communs,10,non,out,741295
bas de laine d'homme,1,non,out,741295
bas de laine de Ségovie,3,non,out,741295
bas de laine écarlate,2,non,out,741295
bas de laine et bas de soie,1,non,out,741295
bas de laine et bonnets de laine,2,non,out,741295
bas de laine et gants de laine et bonnets de laine,2,non,out,741295
bas de laine fin,18,non,out,741295
bas de laine grossière,28,non,out,741295
bas de laine grossière pour enfant,2,non,,40052
bas de laine grossière pour homme,1,non,,40052
bas de laine par paires,0,oui,out,741295
bas de laine pour femme,2,non,,40052
bas de mulet,1,non,out,741295
bas de peau,23,non,out,741295
bas de poil,9,non,out,741295
bas de poil et bas de soie,3,non,out,741295
bas de Saint-Mexant,7,non,out,741295
bas de Ségovie,2,non,out,741295
bas de soie,1664,non,out,741295
bas de soie à coins d'argent,1,non,out,741295
bas de soie à coins d'or,2,non,out,741295
bas de soie à coins d'or et bas de soie à coins d'argent,2,non,out,741295
bas de soie brodés,1,non,out,741295
bas de soie brodés d'or,1,non,out,741295
bas de soie brodés d'or et bas de soie brodés d'argent,1,non,out,741295
bas de soie de Chine,2,non,out,741295
bas de soie de Chine pour femme,2,non,out,741295
bas de soie de Chine pour homme,2,non,out,741295
bas de soie en paire,1,oui,,40052
bas de soie et gants de soie,1,non,out,741295
bas de soie pour femme,32,non,out,741295
bas de soie pour homme,33,non,out,741295
bas de soie pour teindre,1,non,out,741295
bas de soie vieux,3,non,out,741295
bas de toile,1,non,out,741295
bas des Îles et des Indes,1,non,out,741295
bas des Indes de poil,1,non,out,741295
bas drapés,1,non,out,741295
bas écriers,1,non,out,741295
bas et bonnets de castor,1,non,out,741295
bas et bonnets de coton,2,non,,40052
bas et bonnets de fil,4,non,out,741295
bas et gants de poil,1,non,out,741295
bas étrillés,1,non,out,741295
bas gants et bonnets de laine fil et coton,16,non,cotton goods,18103
bas grossiers,4,non,out,741295
bas pour femme,2,non,out,741295
bas pour homme,2,non,out,741295
bas-relief de marbre,1,non,out,741295
basanes,47,non,out,741295
basanes apprêtées,1,non,out,741295
basanes blanc,1,non,,40052
basanes chamoisées,1,non,,40052
basanes de maroquin,1,non,,40052
basanes de mouton,9,non,out,741295
basanes de mouton tannées,2,non,out,741295
basanes de veau,4,non,out,741295
basanes tannées,306,non,out,741295
basanes tannées de veau,8,non,out,741295
basin,908,non,cotton goods,18103
basin argent et or,1,non,out,741295
basin blanc,10,non,cotton goods,18103
basin blanc de 10 aunes,1,non,cotton goods,18103
basin blanc de 11 aunes,1,non,cotton goods,18103
basin blanc de fil,1,non,out,741295
basin brodé,7,non,out,741295
basin brodé de soie,1,non,out,741295
basin brodé de soie et d'or,1,non,out,741295
basin brodé en soie,1,oui,,40052
basin brodé et de coton et de fil,1,oui,,40052
basin clair et uni,1,oui,,40052
basin clair mêlé de coton,1,non,cotton goods,18103
basin commun,16,non,cotton goods,18103
basin commune,6,oui,,40052
basin coton,1,non,cotton goods,18103
basin coton et fil,2,oui,,40052
basin coutil croisée et autre de chanvre et de lin,2,oui,,40052
basin coutil croisée et autres,2,oui,,40052
basin coutil croisée et autres de chanvre et de lin,3,oui,,40052
basin de 11 aunes,1,non,,40052
basin de 15 aunes,1,non,,40052
basin de 40 aunes,1,non,,40052
basin de Bruges écru,1,oui,,40052
basin de Bruges écru de 115 aunes,1,non,,40052
"basin de Bruges écru en pièce de 11,5 aunes",1,oui,cotton goods,18103
basin de chanvre,1,non,,40052
basin de coton et basin de fil,2,non,cotton goods,18103
basin de coton et de fil,3,oui,,40052
basin de coton et de fil et teinte,1,oui,,40052
basin de fil,4,non,cotton goods,18103
basin de fil et de coton,2,non,cotton goods,18103
basin de Godelour,1,non,out,741295
basin de lin,2,non,out,741295
basin de lin peint,1,non,out,741295
basin de Rouen,1,non,cotton goods,18103
basin de soie,1,non,out,741295
basin de Troyes,11,non,cotton goods,18103
basin des Indes,52,non,cotton goods,18103
basin en aunes,1,non,cotton goods,18103
basin et de coutil,5,oui,,40052
basin et Nankin,99,non,cotton goods,18103
basin étranger,4,oui,,40052
basin fin,2,oui,,40052
basin gros,3,oui,,40052
basin national,5,oui,,40052
basin peint,7,non,cotton goods,18103
basin pièces,3,oui,,40052
basin pièces de 11 aunes,1,oui,cotton goods,18103
basin pièces de 15 aunes,1,oui,cotton goods,18103
basin pièces de 40 aunes,1,oui,cotton goods,18103
basin rayé,2,non,cotton goods,18103
basin sec fil,1,non,out,741295
basin tout coton,1,non,cotton goods,18103
basin uni et Nankin uni,38,non,cotton goods,18103
baspormettes,1,non,out,741295
basse,10,non,out,741295
basse de viole,13,non,out,741295
basse et bassons,48,non,out,741295
basse et chapeaux chinois,2,non,out,741295
bassin à barbe,1,non,out,741295
bassin à barbe de cuivre,1,non,out,741295
bassin à cassave,1,non,out,741295
bassin d'étain,28,non,out,741295
bassin de barbe,1,non,out,741295
bassin de bois,1,non,out,741295
bassin de cuivre,125,non,out,741295
bassin de cuivre grand,1,non,out,741295
bassin de cuivre jaune,13,non,out,741295
bassin de cuivre jaune et chaudron de cuivre jaune,1,non,out,741295
bassin de cuivre jaune pour l'entrepôt à la destination de la Compagnie des Indes,1,non,out,741295
bassin de cuivre petit,1,non,out,741295
bassin de cuivre pour l'entrepôt pour Guinée,1,non,out,741295
bassin de fer,8,non,out,741295
bassin de marbre,1,non,out,741295
bassines de cuivre,5,non,out,741295
bassons,7,non,out,741295
bassons clarinettes,2,non,out,741295
bast et écorce d'arbre et foularde,232,non,out,741295
batanomes,160,non,out,741295
batanony,4,non,out,741295
bâtardes,1,non,out,741295
batavia,8,non,out,741295
bateaux,204,non,out,741295
bateaux à pêcher,6,non,out,741295
bateaux à pêcher petits,1,non,,40052
bateaux neufs,40,non,out,741295
bateaux petits,3,non,,40052
bateaux petits démontés,3,non,,40052
bâtiments de mer,21,non,out,741295
bâtiments de mer vieux,1,non,out,741295
bâtiments naufragés,1,non,out,741295
batiste,575,non,out,741295
batiste blanche,4,non,out,741295
batiste brochée,1,non,out,741295
batiste de 12 aunes,1,non,out,741295
batiste de fil,12,non,out,741295
batiste de lin,15,non,out,741295
batiste de lin et linon de lin,14,non,out,741295
batiste de Lorient,1,non,,40052
batiste écrue,2,non,out,741295
batiste en carreaux,1,non,,40052
batiste et linon,144,non,out,741295
batiste et linon de chanvre,2,non,out,741295
batiste et linon de chanvre et de lin,7,non,out,741295
batiste fine,8,non,out,741295
batiste grise,4,non,out,741295
batiste Lorient,1,oui,out,741295
batonge de bois,1,oui,out,741295
bâtons,5,non,out,741295
bâtons à chandelle,2,non,out,741295
bâtons à étendre le linge,1,non,out,741295
bâtons à faire cercles,12,non,out,741295
bâtons à frottoir,2,non,out,741295
bâtons à gaffes,6,non,out,741295
bâtons à lave-place,18,non,out,741295
bâtons à œillets,1,non,out,741295
bâtons à pinceaux,1,non,out,741295
bâtons d'éventails d'ivoire,1,non,out,741295
bâtons de bois,4,non,out,741295
bâtons de bois peints,1,non,out,741295
bâtons de bois vernis,1,non,out,741295
bâtons de brosses à goudronner,1,non,out,741295
bâtons de cap,1,non,out,741295
bâtons de colliers,3,non,out,741295
bâtons de fer,1,non,out,741295
bâtons de gabares,1,non,out,741295
bâtons de gabares de 14 à 16 pieds,1,non,out,741295
bâtons de gaffe,1,non,out,741295
bâtons de pompes,1,non,out,741295
bâtons de saloups,1,non,out,741295
bâtons de sapin,36,non,out,741295
bâtons de sapin de 4 pieds de long,2,non,out,741295
bâtons de sapin peint,1,non,out,741295
bâtons peints,2,non,out,741295
bâtons vernis,22,non,out,741295
bâts,4,non,out,741295
bâts à matelas,1,non,out,741295
bâts d'ânes,3,non,out,741295
bâts de bois,1,non,out,741295
bâts de chevaux,5,non,out,741295
bâts de mulets,8,non,out,741295
batterie d'airain,5,non,out,741295
batterie de cuisine,5,non,out,741295
batterie de cuisine en cuivre,5,non,out,741295
batterie de cuivre,4,non,out,741295
batterie de fer,17,non,out,741295
batterie de fer à cuisine,2,non,out,741295
batterie de fer coulé,2,non,out,741295
batterie de fer-blanc,1,non,out,741295
batterie en plaque,1,non,out,741295
battes à fer,1,non,out,741295
battes de jeu de paume,1,non,,40052
battoirs,1,non,out,741295
battoirs à lessive,1,non,out,741295
baudriers,29,non,out,741295
baudriers de cuir,3,non,out,741295
baule,1,non,out,741295
baumanes,1,non,out,741295
baume,147,non,out,741295
baume de benjoin,44,non,out,741295
baume de Copahu,129,non,out,741295
baume de Copahu et du Pérou,3,non,out,741295
baume de gaïac,1,non,out,741295
baume de l'Amérique,1,non,out,741295
baume de la Mecque,15,non,out,741295
baume de storax liquide et en pain,2,non,out,741295
baume de storax naturel,3,non,out,741295
baume de storax préparé,2,non,out,741295
baume de storax préparé en grains,1,non,out,741295
baume de storax préparé liquide,29,non,out,741295
baume de Sucre,2,non,out,741295
baume de Tolu,2,non,out,741295
baume de vie,14,non,out,741295
baume du Canada,1,non,out,741295
baume du Levant,2,non,out,741295
baume du Pérou,88,non,out,741295
baume et élixir,98,non,out,741295
baume et sucs d'espèces particulières,2,non,out,741295
baume laque,1,non,out,741295
baume noir,1,non,out,741295
baume rouge,1,non,out,741295
baume tranquille,1,non,out,741295
bavette,1,non,out,741295
bavoirs,1,non,out,741295
bayette,145,non,out,741295
bayette blanche,141,non,out,741295
bayette blanche aune,1,oui,out,741295
bayette bleue,7,non,out,741295
bayette bleue et rouge,1,non,out,741295
bayette de Beauvais,1,non,out,741295
bayette de prise,6,non,out,741295
bayette des Indes,1,non,out,741295
bayette grosse,1,non,out,741295
bayette teinte,117,non,out,741295
bayette teinte aune,1,oui,out,741295
bayoulen,2,non,out,741295
bazzitte,1,non,out,741295
bdellium,23,non,out,741295
beau vert broyé,2,non,out,741295
beaudeaux,1,non,out,741295
beaupré,134,non,out,741295
bécasses,12,non,out,741295
bécassines,2,non,out,741295
becfigues marinés,1,non,out,741295
bêches,2,non,out,741295
bêches de fer,1,non,out,741295
beige,1,non,out,741295
béliers brebis et mouton communs,7,non,out,741295
béliers mérinos,2,non,out,741295
béliers mérinos et métis,7,non,out,741295
belinge,1,non,out,741295
bem ???,1,oui,out,741295
bem de Vimoutiers,1,oui,out,741295
bem pour voile,3,oui,out,741295
benblanc,1,non,out,741295
benfletins,1,non,out,741295
Bengale,1,non,out,741295
bénitier de marbre,3,non,out,741295
bénitier de marbre ouvré,2,non,out,741295
bénitier de marbre pesant 250 livres,1,non,out,741295
benjoin,162,non,out,741295
benjoin du Levant,1,non,out,741295
bennes,3,non,out,741295
bennes vides,2,non,out,741295
berce de fer et lit de fer,1,non,out,741295
berceau d'enfant,2,non,out,741295
berceau d'osier,1,non,out,741295
bergamote,2,non,out,741295
bergamotes,111,non,out,741295
bergamotes fraîches,1,non,out,741295
Bergopzoom,52,non,out,741295
Bergopzoom aune,1,oui,out,741295
berline,6,non,out,741295
berline et harnais,3,non,out,741295
berline garnie de velours,1,non,out,741295
berline garnie de velours et crêpine d'or et harnais riche,1,non,out,741295
berline vieille,1,non,out,741295
bernes,12,non,out,741295
bernes de laine,4,non,out,741295
bernes ou tapsel,1,non,out,741295
bernic,1,non,out,741295
bestiaux,274,non,out,741295
bestiaux et bêtes de somme,2,non,out,741295
bêtes de somme,165,non,out,741295
bêtes de somme et bœuf,1,non,out,741295
bêtes de somme et poulains,1,non,out,741295
bêtes principalement en mules et mulets,11,non,out,741295
bétilles,31,non,cotton goods,18103
bétilles des Indes,2,non,cotton goods,18103
betteraves,2,non,out,741295
beunne,0,non,out,741295
beurre,2701,non,out,741295
beurre commun,22,non,out,741295
beurre d'Angleterre,2,non,out,741295
beurre d'Irlande,21,non,out,741295
beurre d'Irlande non comestible,51,non,out,741295
beurre d'Irlande salé,12,non,out,741295
beurre de Bretagne,21,non,out,741295
beurre de cacao,5,non,out,741295
beurre de Dixmude,1,non,out,741295
beurre de Hollande,1,non,,40052
beurre du pays,10,non,out,741295
beurre du pays salé,8,non,out,741295
beurre en frequins,1,non,,40052
beurre et fromage,6,non,out,741295
beurre fondu,3,non,out,741295
beurre frais,19,non,out,741295
beurre frais ou fondu,7,non,out,741295
beurre frais ou fondu ou salé,2,non,out,741295
beurre pour Genève par transit,1,non,out,741295
beurre pour l'entrepôt des Îles,5,non,out,741295
beurre salé,321,non,out,741295
beurre salé de Hollande,1,non,,40052
beurreterie en bar de fil blanc,1,non,out,741295
beurrière,64,non,out,741295
bezoar,7,non,out,741295
bezoar du Ponant,1,non,out,741295
bibelots et mercerie,10,non,out,741295
bibliothèque,3,non,out,741295
bidets,2,non,out,741295
bidets de faïence,1,non,out,741295
bidets de faïence avec leurs pieds de bois,1,non,out,741295
bidets de faïence et leurs pièces,1,non,out,741295
bidons,1,non,out,741295
bière,1634,non,out,741295
bière aigre,1,non,out,741295
bière blanche,1,non,out,741295
bière cidre et vinaigre,1,non,out,741295
bière commune du pays,87,non,out,741295
bière d'Angleterre,7,non,out,741295
bière d'Hoegaarden,78,non,out,741295
bière de Hollande,10,non,out,741295
bière de Hollande et d'Angleterre,9,non,out,741295
bière de Liège,3,non,out,741295
bière de Lübeck,3,non,out,741295
bière de Lübeck pour médecine,1,non,out,741295
bière dite juypenbier,2,non,out,741295
bière dite lumay,5,non,out,741295
bière en barrique,1,non,out,741295
bière en bouteille,4,non,out,741295
bière en muid,5,non,out,741295
bière et cidre,102,non,out,741295
bière et cidre et vinaigre,15,non,out,741295
bière forte,1,non,out,741295
bière médicinale de Lübeck,1,non,out,741295
bière vétérinaire,1,non,out,741295
bigane,1,non,,40052
bigarade,1,non,out,741295
bigarade fraîche,0,non,out,741295
bignes,3,non,out,741295
bigons,15,non,out,741295
bigornes,1,non,,40052
bigous,0,non,out,741295
bigues,6,non,out,741295
bijouterie,888,non,out,741295
bijouterie d'argent,7,non,out,741295
bijouterie d'argent autre qu'ornée en perles fines ou pierres,2,non,out,741295
bijouterie d'argent et d'or,1,non,,40052
bijouterie d'argent ornée en perles fines ou pierres,2,non,out,741295
bijouterie d'or,8,non,out,741295
bijouterie d'or autre qu'ornée en perles fines ou pierres,2,non,out,741295
bijouterie d'or ornée en perles fines ou pierres,2,non,out,741295
bijouterie en argent,1,oui,out,741295
bijouterie et mercerie,1,non,out,741295
bijouterie et perles fines,17,non,out,741295
bijouterie fine,4,non,out,741295
bijouterie fine fausse en pierres faite métal,2,non,out,741295
bijouterie pour montres d'argent,1,non,out,741295
bijoux,1,non,out,741295
bijoux d'or,1,non,out,741295
bijoux en croix,1,non,,40052
bijoux en épingles,1,non,,40052
bilardeaux,14,non,out,741295
billard,14,non,out,741295
billard gaongs,1,non,,40052
billard vieux,1,non,out,741295
billes d'ivoire,8,non,out,741295
billes de billard,1,non,out,741295
billes de bois,4,non,out,741295
billes de bois de Cayenne,0,non,,40052
billes de bois de Cayenne de 9 pieds,1,non,,40052
billes de bois de gaïac,1,non,out,741295
billes de bois et de marbre,1,non,out,741295
billes de bois marbré,4,non,out,741295
billes de bois pour meuble,1,oui,out,741295
billes de bois pour meubles,3,non,,40052
billets,0,non,,40052
billets de parchemin,7,non,out,741295
billons,15,non,out,741295
billons de bois,6,non,out,741295
billons de bois blanc,3,non,out,741295
billons de bois petits,1,non,out,741295
billons de pin,1,non,out,741295
billons de sapin,4,non,out,741295
billons et bois blanc,1,non,out,741295
billots,1,non,out,741295
billots de chêne pour merrain,1,non,out,741295
billots de pin,1,non,out,741295
billots de sapin,13,non,out,741295
billots de sapin de 20 pieds,1,non,out,741295
billots de sapin de 30 à 35 pieds,1,non,out,741295
billots pour merrain,1,non,out,741295
bimauds,1,non,,40052
bimbeloterie,91,non,out,741295
bin,0,non,,40052
binages à pousser,9,non,out,741295
birampots,4,non,out,741295
birampots bleu,1,non,out,741295
birampots des Indes,1,non,out,741295
biscottes,1,non,,40052
biscuit,281,non,out,741295
biscuit amer,2,non,out,741295
biscuit anisé,1,non,out,741295
biscuit de mer,178,non,out,741295
biscuit de mer et pain,7,non,out,741295
biscuit de mer et pâte d'Italie,1,non,out,741295
biscuit de munition,45,non,out,741295
biscuit en pain,1,non,out,741295
biscuit et farine et gruau et pâte,14,non,out,741295
biscuit sucré,7,non,out,741295
biseaux,1,non,out,741295
bismuth,5,non,out,741295
bitume,2,non,out,741295
bitume de Judée,7,non,out,741295
bitume et ambre jaune,2,non,out,741295
bitume et bitume de Judée,2,non,out,741295
bitume et houille brute,2,non,out,741295
bitume et houille coak,1,non,out,741295
blagues,3,non,out,741295
blagues à tabac,1,non,out,741295
blagues de cuir,1,non,out,741295
blallst,1,non,out,741295
blanc,3,non,out,741295
blanc d'écaille,6,non,out,741295
blanc d'Espagne,77,non,out,741295
blanc d'Espagne craie blanche et moulue,3,non,out,741295
blanc d'oriol,1,non,,40052
blanc de ???,0,non,out,741295
blanc de baleine,142,non,out,741295
blanc de céruse,39,non,out,741295
blanc de céruse pour l'entrepôt de la Compagnie des Indes,1,non,out,741295
blanc de ferax,9,non,out,741295
blanc de ferux,0,oui,out,741295
blanc de Herps,3,non,out,741295
blanc de Hollande,1,non,out,741295
blanc de Marne,1,oui,out,741295
blanc de marne,1,non,,40052
blanc de Naples,1,non,out,741295
blanc de plomb,53,non,out,741295
blanc de plomb et térébenthine,1,non,turpentine,2222
blanc de Troyes,23,non,out,741295
blanc de Troyes et craie,2,non,out,741295
blanc en chevron,1,non,out,741295
blanc en pierres,1,non,,40052
blanc simple,2,non,out,741295
blanchette,1,non,out,741295
blanchissoire,2,non,out,741295
blanquette,3,non,out,741295
blé,18,non,out,741295
blé avarié,3,non,out,741295
blé de Hongrie,2,non,,40052
blé de retour,5,non,,40052
blé en gerbe,4,non,out,741295
blé en grabeau,1,non,,40052
blé et autres grains,17,non,out,741295
blé et orge,1,non,,40052
blé étranger,2,non,,40052
blé roux,1,non,,40052
bleu,19,non,out,741295
bleu à l'eau,1,non,,40052
bleu azure,1,oui,out,741295
bleu calaminé,1,non,out,741295
bleu commun,7,non,out,741295
bleu d'Allemagne,1,non,out,741295
bleu d'azur,2,non,out,741295
bleu de Berlin,95,non,out,741295
bleu de Berlin ou de Prusse,1,non,out,741295
bleu de paille,57,non,out,741295
bleu de Pierre,1,non,out,741295
bleu de Prusse,175,non,out,741295
bleu de Prusse boules et indique,2,non,out,741295
bleu de Prusse et graine jaune,2,non,out,741295
bleu de Prusse et lazulite,15,non,out,741295
bleu de Saxe,1,non,out,741295
bleu de smalt,9,non,out,741295
bleu en encre,1,non,out,741295
bleu en pierres,4,non,out,741295
bleu et vert minéral ou de montagne,1,non,out,741295
bleu fin,2,non,out,741295
bleu foncé,1,non,out,741295
bleu ordinaire,1,non,out,741295
bleu ou tournesol,1,non,out,741295
Blicourt écarlate,1,non,out,741295
bloc de 30 pieds,1,non,out,741295
bloc de bois de l'Amérique,1,non,out,741295
blocs,4,non,out,741295
blocs de cuivre jaune,2,non,out,741295
blonde,4,non,out,741295
blonde d'argent,2,non,out,741295
blonde d'or,1,non,out,741295
blonde de fil,1,non,out,741295
blonde de soie,130,non,out,741295
blonde or et argent,1,non,out,741295
blonde visage,2,non,out,741295
blondine,1,non,out,741295
blues d'étain,1,oui,out,741295
bluteau de laine,7,non,out,741295
bluteaux,2,non,out,741295
bobine de cuir,1,non,out,741295
bocages en fer,3,non,out,741295
bocages en fonte,1,non,,40052
bocard de verre,1,non,out,741295
bocau soie,1,non,out,741295
bodans,0,non,out,741295
boëland,18,non,out,741295
bœuf,596,non,out,741295
bœuf à l'écarlate,11,non,out,741295
bœuf à la mode,7,non,out,741295
bœuf d'Irlande,1,non,out,741295
bœuf du pays,3,non,out,741295
bœuf en daube,59,non,out,741295
bœuf et génisses et taureaux et vaches,2,non,,40052
bœuf et génisses et vache,1,non,out,741295
bœuf et langue salée,6,non,out,741295
bœuf et lard,2,non,,40052
bœuf et mouton et porcs et vache,141,non,out,741295
bœuf et mouton et porcs et vache et veaux,55,non,out,741295
bœuf et mouton et porcs et vache etc.,7,non,out,741295
bœuf et mouton et vache et veaux,6,oui,out,741295
bœuf et mouton et vache etc.,1,non,out,741295
bœuf et taureaux,105,non,out,741295
bœuf et vache,9,non,out,741295
bœuf froment,1,non,out,741295
bœuf fumé,154,non,out,741295
bœuf fumé et salé,3,non,out,741295
bœuf gras,2,non,out,741295
bœuf gras et en chair,2,non,out,741295
bœuf illinois,1,non,out,741295
bœuf jeune,1,non,out,741295
bœuf maigre,2,non,out,741295
bœuf préparé,1,non,out,741295
bœuf salé,1797,non,out,741295
bœuf salé d'Irlande,38,non,out,741295
bœuf salé d'olivier,1,non,,40052
bœuf salé de Bretagne,2,non,out,741295
bœuf salé de Hollande,1,non,out,741295
bœuf salé du pays,25,non,out,741295
bœuf salé pour l'entrepôt des Îles,3,non,out,741295
bœuf taureau,5,non,out,741295
bœuftins et génisses,120,non,out,741295
bois,6492,non,out,741295
bois à bâtir,7,oui,,40052
bois à brûler,9,oui,out,741295
bois à cannes,1,oui,,40052
bois à fusil,2,oui,out,741295
bois à merrains,0,oui,,40052
bois à quart,1,oui,out,741295
bois à teindre moulu,17,oui,out,741295
bois à tourner,1,oui,out,741295
bois à travailler,1,oui,out,741295
bois à visser,1,oui,,40052
bois amer,2,non,out,741295
bois au daumes,3,non,out,741295
bois barres de guindeau,1,non,out,741295
bois billots,1,non,out,741295
bois blanc,4,non,out,741295
bois bordage,53,non,out,741295
bois bourdilles,21,non,out,741295
bois bourdillons,17,non,out,741295
bois boway de chêne,1,non,out,741295
bois boway de sapin,1,non,out,741295
bois brai,1,non,out,741295
bois brandilles,1,non,out,741295
bois brun,2,non,out,741295
bois commun,1,non,out,741295
bois commun de chêne et sans désignation d'espèce et scié,1,non,out,741295
bois commun de pin et sapin brut ou équarri à la hache,1,non,out,741295
bois commun de pin et sapin de cham et scié,1,non,out,741295
bois commun de pin et sapin scié de 34 mm d'épaisseur,1,non,out,741295
bois commun de pin et sapin scié de plus de 80 mm d'épaisseur,3,non,out,741295
bois corbin,1,non,out,741295
bois cordayer,2,non,out,741295
bois courbé,1,non,out,741295
bois d'acajou,158,non,out,741295
bois d'acajou brut,6,non,out,741295
bois d'acajou des entrepôts,0,non,out,741295
bois d'acajou divers,2,non,out,741295
bois d'acajou en bloc,1,non,out,741295
bois d'acajou en morceaux,1,non,,40052
bois d'acajou pour madrier,1,non,out,741295
bois d'acajou pour planche,1,non,out,741295
bois d'acajou scié,4,non,out,741295
bois d'acajou scié de 2 à 3 décimètres,1,non,out,741295
bois d'aloès,13,non,out,741295
bois d'amarante,3,non,out,741295
bois d'Angeot,3,non,out,741295
bois d'Angola,2,non,out,741295
bois d'ansprete,2,non,out,741295
bois d'arc,5,non,out,741295
bois d'arc et d'arbalètes,6,non,out,741295
bois d'arc et de flèches,3,non,out,741295
bois d'arc et de fusils,59,non,out,741295
bois d'arc et de selles,9,non,out,741295
bois d'aspatton,1,non,out,741295
bois d'ébène,232,non,out,741295
bois d'ébène en bûches,1,non,,40052
bois d'ébénisterie,12,non,out,741295
bois d'ébénisterie des entrepôts,0,non,out,741295
bois d'ébénisterie et des Indes,32,non,out,741295
bois d'ébénisterie scié,2,non,out,741295
bois d'écarage,1,non,out,741295
bois d'érable,1,non,out,741295
bois d'espars,6,non,out,741295
bois d'espars de 30 à 40 pieds,1,non,,40052
bois d'espars de 40 pieds,1,non,,40052
bois d'espars de 45 pieds,1,non,,40052
bois d'esquine,4,non,out,741295
bois d'Inde,1,non,out,741295
bois d'olivier,28,non,out,741295
bois d'olivier à brûler,1,non,out,741295
bois d'olivier pelé,15,non,out,741295
bois d'olivier pelé préceintes,1,non,out,741295
bois d'orignal,2,non,out,741295
bois d'orme,9,non,out,741295
bois d'ormeau,2,non,out,741295
bois d'osier,33,non,out,741295
bois de ???,2,non,out,741295
bois de 5 pieds,0,non,out,741295
bois de bordage,5,non,out,741295
bois de bordage de chêne,1,non,out,741295
bois de bordage de sapin,1,non,out,741295
bois de Brésil,630,non,brasilwood,926
bois de Brésil en bûche,8,non,brasilwood,926
bois de Brésil menu,1,non,brasilwood,926
bois de Brésil moulu,1,non,brasilwood,926
bois de Brésil râpé,5,non,brasilwood,926
bois de Brésil Sainte-Marthe,2,non,brasilwood,926
bois de brésillet,8,non,out,741295
bois de brochialle,1,non,out,741295
bois de bruyère,1,non,out,741295
bois de buis,235,non,out,741295
bois de buis boule,1,non,out,741295
bois de buis en bûches,1,non,,40052
bois de cabestan,2,non,out,741295
bois de cail-cédra,3,non,out,741295
bois de Caliatour,89,non,out,741295
bois de Caliatour en bûche,3,non,out,741295
bois de Caliatour moulu,28,non,out,741295
bois de Caliatour râpé,4,non,out,741295
bois de Campêche,1177,non,logwood,1264
bois de Campêche en bûches,27,non,logwood,1264
bois de Campêche en bûches pour teinture,1,non,logwood,1264
bois de Campêche moulu,49,non,logwood,1264
bois de Campêche pour teinture,3,non,logwood,1264
bois de Campêche râpé,26,oui,logwood,1264
bois de camphre,1,non,out,741295
bois de canet,1,non,out,741295
bois de cannelle,1,non,out,741295
bois de cannelle en morceaux,1,non,,40052
bois de Cayenne,7,non,out,741295
bois de cèdre,23,non,out,741295
bois de cerf,2,non,out,741295
bois de cerisier,3,non,out,741295
bois de chacie de noyer,1,non,out,741295
bois de chaises,3,non,out,741295
bois de charbonnage,1,non,out,741295
bois de charouage,1,non,out,741295
bois de charpente,51,non,out,741295
bois de charpente couvertures de maisons,1,non,out,741295
bois de charpente de sapin,2,non,out,741295
bois de charron,35,non,,40052
bois de charronnage,27,oui,out,741295
bois de châtaignier,3,non,out,741295
bois de châtaignier en planches,1,oui,out,741295
bois de chêne,124,non,out,741295
bois de chêne 30 pieds,1,non,out,741295
bois de chêne à poutres,1,non,out,741295
bois de chêne à sommiers,2,non,out,741295
bois de chêne bourdilles,1,non,out,741295
bois de chêne bouts de 6 pieds,1,non,out,741295
bois de chêne carré,8,non,out,741295
bois de chêne chevrons,1,oui,out,741295
bois de chêne courbé pour construction navale,59,non,out,741295
bois de chêne d'équarrissage,1,non,out,741295
bois de chêne de 30 à 40 pieds,1,non,out,741295
bois de chêne de 30 pieds,1,non,out,741295
bois de chêne de 40 pieds,1,non,out,741295
bois de chêne de charpente,1,non,out,741295
bois de chêne de construction,4,oui,out,741295
bois de chêne en bouts,2,non,,40052
bois de chêne en bûches,5,non,,40052
bois de chêne en lattes,3,non,out,741295
bois de chêne en morceaux,2,non,out,741295
bois de chêne en morceaux de 5 pieds,1,non,out,741295
bois de chêne en pièces,1,non,,40052
bois de chêne et sapin pour construction,0,non,out,741295
bois de chêne pour bordage,2,non,out,741295
bois de chêne pour construction,11,non,out,741295
bois de chêne pour construction courbe,1,non,out,741295
bois de chêne pour construction navale,3,non,,40052
bois de chêne rond,8,non,out,741295
bois de chêne scié,2,non,out,741295
bois de chevrons,2,non,out,741295
bois de Chine,1,non,out,741295
bois de Chypre,0,non,out,741295
bois de citrin et de quassie et de Rhodes et de santal blanc,2,non,out,741295
bois de clafou,1,non,out,741295
bois de cleippe,1,non,out,741295
bois de coco,2,non,out,741295
bois de Constantine,0,non,out,741295
bois de construction,6,non,,40052
bois de constuction,6,oui,,40052
bois de cordes,0,non,,40052
bois de coulette de hêtre,1,non,out,741295
bois de couleur,35,non,out,741295
bois de courbant,1,non,out,741295
bois de courbaril,5,non,out,741295
bois de coutelier,2,non,out,741295
bois de crabe,4,non,out,741295
bois de crible,1,non,out,741295
bois de faïence,0,non,out,741295
bois de fauteuils,5,non,out,741295
bois de fauteuils et canapé,1,non,out,741295
bois de faux,1,non,out,741295
bois de fayard,11,oui,out,741295
bois de fer,3,non,out,741295
bois de férole,1,non,out,741295
bois de figuier,1,non,out,741295
bois de flèches,3,non,out,741295
bois de Fondal,2,non,out,741295
bois de frêne,2,non,out,741295
bois de fustel,114,non,out,741295
bois de fustel haché,2,non,out,741295
bois de fustel pour teinture,2,non,out,741295
bois de fustet,63,non,out,741295
bois de fustet moulu,1,non,out,741295
bois de fustet pour teinture,1,non,out,741295
bois de gaïac,378,non,out,741295
bois de gaïac des entrepôts,0,non,out,741295
bois de gaïac en bûches,5,non,out,741295
bois de gaïac râpé,2,non,out,741295
bois de gaillard,1,non,,40052
bois de gays,1,non,out,741295
bois de genièvre,1,non,out,741295
bois de girofle,46,non,out,741295
bois de gitte,1,non,out,741295
bois de grenadier,5,non,out,741295
bois de grenadille,2,non,out,741295
bois de grenadille en bûches,1,non,,40052
bois de grignon,9,non,,40052
bois de Hambourg,0,non,out,741295
bois de Hambours en bâton,1,non,,40052
bois de hêtre,12,non,,40052
bois de Honduras,1,non,out,741295
bois de Honduras en bûches,1,non,out,741295
bois de houx,0,non,out,741295
bois de houx bûches,1,oui,out,741295
bois de houx en bûches,2,non,,40052
bois de jacaranda,20,non,out,741295
bois de lettre,6,non,out,741295
bois de lin,3,non,out,741295
bois de lit,25,non,out,741295
bois de lit d'acajou,1,non,out,741295
bois de machandises marbré,5,non,out,741295
bois de machemillier,6,non,out,741295
bois de Magny,1,non,out,741295
bois de majambou,1,non,,40052
bois de marbre,2,non,out,741295
bois de marguerite,1,non,out,741295
bois de marine,1,non,out,741295
bois de mariombre,1,non,,40052
bois de marqueterie,86,non,out,741295
bois de mazembie,1,non,,40052
bois de melle,1,non,out,741295
bois de menuiserie,19,non,out,741295
bois de Nantes,0,non,out,741295
bois de navire,0,non,,40052
bois de Nicaragua,0,non,out,741295
bois de noyer,80,non,out,741295
bois de palissandre,46,non,out,741295
bois de Pernambouc,245,non,brasilwood,926
bois de Pernambouc à teindre,2,non,brasilwood,926
bois de Pernambouc arbustes,2,non,brasilwood,926
bois de Pernambouc en bûche,7,non,brasilwood,926
bois de Pernambouc moulu,7,non,brasilwood,926
bois de Pernambouc râpé,2,non,brasilwood,926
bois de pin,917,non,out,741295
bois de pin de construction,21,non,,40052
bois de pourpre,1,non,out,741295
bois de Provence,1,non,out,741295
bois de Provence Pernambouc et Campêche,3,non,dye other,2652
bois de quassie,1,non,out,741295
bois de raquette,1,non,out,741295
bois de réglisse,72,non,out,741295
bois de réglisse et jus de réglisse,127,non,out,741295
bois de Rhodes,7,non,out,741295
bois de Rhodes et sental-citrin etc.,2,non,out,741295
bois de romarin,2,non,out,741295
bois de rose,76,non,out,741295
bois de roseaux,10,non,out,741295
bois de rouage,12,non,out,741295
bois de rouage et ouvrages de charronnerie,7,non,out,741295
bois de roulage,2,non,,40052
bois de Sainte-Lucie,2,non,out,741295
bois de Sainte-Marthe,265,non,dye other,2652
bois de Sainte-Marthe en bûches,4,non,dye other,2652
bois de Sainte-Marthe moulu,2,non,dye other,2652
bois de Sainte-Marthe pour teinture,2,non,dye other,2652
bois de santal,242,non,out,741295
bois de santal ???,1,non,out,741295
bois de santal blanc,4,non,out,741295
bois de santal cetrin,1,non,out,741295
bois de santal citrin,6,non,out,741295
bois de santal en bûches,10,non,out,741295
bois de santal moulu,139,non,out,741295
bois de santal mouton,1,non,out,741295
bois de santal pour teinture,1,non,dye other,2652
bois de santal rouge,4,non,out,741295
bois de sap,0,non,out,741295
bois de sapin,110,non,out,741295
bois de sapin de 18 pieds,1,non,out,741295
bois de sapin de 2 à 3 pieds,1,non,out,741295
bois de sapin de 20 à 30 pieds,1,non,out,741295
bois de sapin de 20 pieds,1,non,out,741295
bois de sapin de 22 pieds et 12 pouces,1,non,out,741295
bois de sapin de 27 pieds,1,non,out,741295
bois de sapin de 40 pieds,2,non,out,741295
bois de sapin de 6 pieds,1,non,out,741295
bois de sapin en bûches,1,non,,40052
bois de sapin peint,2,non,out,741295
bois de sappan,46,non,out,741295
bois de sappan moulu pour teindre,1,non,out,741295
bois de sappan pour teindre,1,non,out,741295
bois de sassafras,27,non,out,741295
bois de sassafras moulu,1,non,out,741295
bois de saule,1,non,out,741295
bois de saune,1,non,out,741295
bois de Sayan,1,non,out,741295
bois de sciage,1,non,,40052
bois de selles,3,non,out,741295
bois de senteur,1,non,out,741295
bois de serrure,1,non,out,741295
bois de simarouba,39,non,out,741295
bois de sommiers,2,non,out,741295
bois de tables doré,1,non,out,741295
bois de tamis,1,non,out,741295
bois de teinture,132,non,dye other,2652
bois de teinture autres que Pernambouc et moulu,2,non,brasilwood,926
bois de teinture des entrepôts,0,non,dye other,2652
bois de teinture en bûches,4,non,dye other,2652
bois de teinture en bûches ou morceaux et autres bois exotiques,3,non,dye other,2652
bois de teinture en bûches ou morceaux et Pernambouc,3,non,brasilwood,926
bois de teinture et marqueterie,5,non,dye other,2652
bois de teinture moulu,17,non,dye other,2652
bois de teinture moulu Pernambouc,6,non,brasilwood,926
bois de teinture Nicaragua,1,non,dye other,2652
bois de teinture Pernambouc,2,oui,brasilwood,926
bois de teure,0,non,out,741295
bois de tilleul,1,non,out,741295
bois de toctacanot,1,non,out,741295
bois de violette,25,non,out,741295
bois demi ouvré,1,non,,40052
bois des Îles en bûches,2,oui,,40052
bois des Îles et des Indes,16,non,dye other,2652
bois des Îles et des Indes moulu,3,non,dye other,2652
bois des Îles et des Indes pour teinture et marqueterie,3,non,dye other,2652
bois des Îles et des Judée et du Brésil,3,non,,40052
bois des Indes,514,non,dye other,2652
bois des Indes de teinture,17,non,dye other,2652
bois des Indes de teinture moulu,1,non,dye other,2652
bois des Indes de violette,1,non,dye other,2652
bois des Indes en bûches,18,non,dye other,2652
bois des Indes et d'ébénisterie et de marqueterie,10,non,dye other,2652
bois des Indes jaune,13,non,dye other,2652
bois des Indes moulu,10,non,dye other,2652
bois des Indes moulu en bûches,1,non,dye other,2652
bois des Indes pour marqueterie,4,non,dye other,2652
bois des Indes pour teinture,1,non,dye other,2652
bois des Indes pour teinture et marqueterie,18,non,dye other,2652
bois des Indes râpé,19,non,dye other,2652
bois des Indes rose,1,non,dye other,2652
bois des Indes rouge,5,non,dye other,2652
bois des Sainte-Marthe,1,non,,40052
bois dit à fond,1,oui,out,741295
bois dit ricter,5,non,out,741295
bois dit schaelen ou rebuts de bois,6,non,out,741295
bois dit weres,112,non,out,741295
bois doré,12,non,out,741295
bois du Honduras de teinture,1,non,out,741295
bois du Japon,22,non,out,741295
bois du Japon jaune,1,non,out,741295
bois du Levant,1,non,out,741295
bois du Surinam,1,non,out,741295
bois durci,1,non,out,741295
bois en ??? à houblon,1,non,out,741295
bois en battreaux,1,oui,out,741295
bois en billes pour meuble,2,oui,out,741295
bois en bûches,2,non,out,741295
bois en bûches pour brûler,10,non,out,741295
bois en cordes,5,non,,40052
bois en epriers,1,non,out,741295
bois en lest,1,non,,40052
bois en morceaux,3,non,,40052
bois en tranches,18,non,out,741295
bois équarri,1,non,out,741295
bois et écorces de chêne et de frêne,1,non,out,741295
bois et merrains,59,non,out,741295
bois et ouvrages de charronerie,61,non,out,741295
bois et paniers de coudre,54,non,out,741295
bois et papier d'éventail,1,non,out,741295
bois et pierre,0,non,,40052
bois exotique d'ébénisterie,1,non,out,741295
bois exotique de teinture,1,non,dye other,2652
bois exotique de teinture en morceaux et Pernambouc,1,non,dye other,2652
bois feuillaird en feuilles,1,non,,40052
bois feuillards à barriques,5,non,,40052
bois feuillards à petits barils,1,non,,40052
bois feuillards à quarteaux,2,non,,40052
bois feuillards et osiers,6,non,,40052
bois feuillards pipage,6,non,,40052
bois flotté en étançon rond,1,non,out,741295
bois fonçaille,1,non,out,741295
bois fond à castor,1,oui,out,741295
bois fonds à castor,1,non,,40052
bois fustet,109,non,out,741295
bois gaïac,4,non,out,741295
bois gros,3,non,out,741295
bois jaune,264,non,out,741295
bois jaune à teindre,1,non,out,741295
bois jaune en bûches,1,non,out,741295
bois jaune moulu,2,non,out,741295
bois jaune pour teinture,2,non,,40052
bois jaune râpé,3,non,out,741295
bois joli,1,non,out,741295
bois jonquette,1,non,out,741295
bois long,1,non,out,741295
bois lourd,359,non,out,741295
bois marbré,26,non,out,741295
bois marbré de 6 pieds,0,non,out,741295
bois marbré en bûches,2,non,,40052
bois marbré en bûches de 6 pieds,1,non,,40052
bois mérain,4,oui,,40052
bois merrains à cardines,1,oui,out,741295
bois merrains pour cardines,1,non,,40052
bois moulu,7,non,out,741295
bois néphrétique,7,non,out,741295
bois odorants,4,non,out,741295
bois osier,35,non,out,741295
bois palissandre,1,non,out,741295
bois perible,2,non,out,741295
bois Pernambouc à teindre,1,oui,,40052
bois Pernambouc à teinture,3,non,,40052
bois petit de rouage,2,non,out,741295
bois portatif dit neyster,5,non,out,741295
bois pour arbalètes,5,non,out,741295
bois pour avirons,1,non,,40052
bois pour banquière,2,non,out,741295
bois pour barils,17,non,out,741295
bois pour barils long,1,non,out,741295
bois pour barils non scié,2,non,out,741295
bois pour barils ordinaire,1,non,out,741295
bois pour barils pour fond,1,oui,out,741295
bois pour barils pour fonds,1,non,,40052
bois pour barrique,4,non,out,741295
bois pour basse,1,non,out,741295
bois pour bâtir,105,non,out,741295
bois pour bâtir de 14 pieds de long,1,non,out,741295
bois pour bâts,5,non,out,741295
bois pour battes de chêne,1,non,out,741295
bois pour boîtes,3,non,out,741295
bois pour bordage,1,non,out,741295
bois pour boucles,1,non,out,741295
bois pour brûler,2271,non,out,741295
bois pour brûler d'orme,1,non,out,741295
bois pour brûler de chêne,1,non,out,741295
bois pour brûler de gite,1,non,out,741295
bois pour brûler en ???,2,non,out,741295
bois pour brûler et autres,2,non,out,741295
bois pour brûler et fagots,1,non,out,741295
bois pour cabanière,1,non,out,741295
bois pour cannes,1,non,,40052
bois pour cercle,2,non,out,741295
bois pour chaise,81,non,out,741295
bois pour charpente,2,non,out,741295
bois pour charron,1,non,,40052
bois pour charrons,1,oui,,40052
bois pour chocolat,1,non,out,741295
bois pour comble,1,non,out,741295
bois pour construction,845,non,out,741295
bois pour construction de 22 pieds,1,non,out,741295
bois pour construction de 40 pieds,1,non,out,741295
bois pour construction de sapin,2,non,out,741295
bois pour construction et planches de bois,1,non,out,741295
bois pour construire ayant d'épaisseur 34 à 80 mm,2,non,out,741295
bois pour construire ayant d'épaisseur 8 centimètres au moins,4,non,out,741295
bois pour construire ayant d'épaisseur 8 centimètres ou moins,2,non,out,741295
bois pour construire ayant reçu une première main-d'œuvre impropre à la construction navale,1,non,out,741295
bois pour construire brut ou équarri à la hache,8,non,out,741295
bois pour construire manche de fouines et pinceaux à goudron,3,non,out,741295
bois pour construire scié ayant d'épaisseur moins de 34 et autres,1,non,out,741295
bois pour construire scié ayant d'épaisseur moins de 34 mm et planches dites schom,1,non,out,741295
bois pour construire scié ayant d'épaisseur plus de 8 centimètres,5,non,out,741295
bois pour construire scié ayant d'épaisseur plus de 80 mm,2,non,out,741295
bois pour corbeilles,4,non,out,741295
bois pour corbin,27,non,out,741295
bois pour crible,60,non,out,741295
bois pour cribles,2,non,out,741295
bois pour étuis,1,non,out,741295
bois pour éventail,2,non,out,741295
bois pour éventail de nacre de perle,1,non,out,741295
bois pour faire sabot,3,non,out,741295
bois pour faux,1,non,out,741295
bois pour fond,7,oui,out,741295
bois pour fonds,8,non,,40052
bois pour fourreau,2,non,out,741295
bois pour fourreau d'épée,8,non,out,741295
bois pour fusil,18,non,out,741295
bois pour futaille,2,non,out,741295
bois pour gabares,4,non,out,741295
bois pour gaine,3,non,out,741295
bois pour instruments,2,non,,40052
bois pour instruments de musique,4,non,out,741295
bois pour lattes,4,non,out,741295
bois pour lit,1,non,out,741295
bois pour mâts,2,non,out,741295
bois pour mâture,5,non,,40052
bois pour mâtures,7,non,out,741295
bois pour merrains,0,non,,40052
bois pour meuble,12,oui,out,741295
bois pour meubles,23,non,out,741295
bois pour palissade,5,non,out,741295
bois pour palissade et terrasse,4,non,out,741295
bois pour paniers,4,non,out,741295
bois pour parquet,1,non,out,741295
bois pour peintures et teinture,3,oui,dye other,2652
bois pour pipe,7,oui,out,741295
bois pour plafond,2,non,out,741295
bois pour poinçon,1,non,out,741295
bois pour pompe,1,non,out,741295
bois pour quarts,1,oui,,40052
bois pour quilles de navire,1,non,out,741295
bois pour sommier,5,non,out,741295
bois pour talons,1,non,,40052
bois pour tamis,27,non,out,741295
bois pour tanin,1,non,out,741295
bois pour tapis,1,non,out,741295
bois pour teindre,489,non,dye other,2652
bois pour teindre en bûches,14,non,dye other,2652
bois pour teindre moulu,17,non,,40052
bois pour teindre râpé,1,non,dye other,2652
bois pour teinture,2,non,dye other,2652
bois pour tierçon,1,oui,out,741295
bois pour tonneaux,18,non,out,741295
bois pour tourner,1,non,,40052
bois pour travailler,2,non,,40052
bois pour violon,1,non,out,741295
bois pour visser,1,non,,40052
bois préparé pour charpente et autres ouvrages,16,non,out,741295
bois préparé pour ouvrages,7,non,out,741295
bois râpé,2,non,out,741295
bois rosal,1,non,out,741295
bois rouge,155,non,out,741295
bois rouge des Indes,7,non,out,741295
bois rouge en madriers,1,non,,40052
bois rouge en merrains,2,non,,40052
bois rouge en poutres,1,non,,40052
bois rouge pour teinture,2,non,dye other,2652
bois rouge râpé,2,non,out,741295
bois royal,1,non,out,741295
bois royet,1,non,out,741295
bois rozat,3,non,out,741295
bois scié,53,non,out,741295
bois soutreaux,0,non,out,741295
bois sustek,9,non,out,741295
bois tes peintes,2,non,out,741295
bois tors,10,non,out,741295
bois travaillé,13,non,out,741295
bois travaillé pour construire une barrique,1,non,out,741295
bois tropique,5,non,out,741295
bois verni,7,non,out,741295
bois vert,2,non,out,741295
bois violet,24,non,out,741295
bois violet en madriers,1,non,,40052
boisellerie,7,non,out,741295
boiseries,4,non,out,741295
boisselerie et futailles,12,non,out,741295
boissellerie,63,non,out,741295
boissons,1,non,out,741295
boissons de grains distillées,1,non,out,741295
boissons gazeuses à la salsepareille,3,non,out,741295
boîtes,12,non,out,741295
boites à ??? de bois,1,non,out,741295
boîtes assorties,1,non,out,741295
boîtes blanches,3,non,out,741295
boîtes d'argent,1,non,out,741295
boîtes d'étain,1,non,out,741295
boîtes d'olivier,1,non,out,741295
boîtes de bergamotes,50,non,out,741295
boîtes de bergamotes vernies,1,non,out,741295
boîtes de bois,58,non,out,741295
boites de bois blanc,2,non,out,741295
boîtes de bois blanc,5,non,out,741295
boîtes de bois d'olivier,1,non,out,741295
boîtes de bois musqué,2,non,out,741295
boîtes de bois vernies,1,non,out,741295
boîtes de bois violet,1,non,out,741295
boîtes de carton,3,non,out,741295
boîtes de coupure,1,non,out,741295
boîtes de fer,1,non,out,741295
boîtes de fer-blanc,9,non,out,741295
boîtes de fontes,0,non,out,741295
boîtes de montre d'argent,1,non,,40052
boîtes de montre d'or,1,non,,40052
boîtes de Nuremberg,4,non,out,741295
boîtes de papier,1,non,,40052
boîtes de pendules,3,non,,40052
boîtes de plomb,1,non,out,741295
boîtes de quadrilles,5,non,out,741295
boites de sapin,1,non,out,741295
boîtes de sapin,23,non,out,741295
boîtes de sapin blanc,1,non,out,741295
boîtes de sapin peintes,13,non,out,741295
boîtes et plateaux,1,non,out,741295
boîtes peintes,4,non,out,741295
boîtes vernies,1,non,out,741295
boitiers,1,non,out,741295
bol,20,non,out,741295
bol blanc,7,non,out,741295
bol commun,4,non,out,741295
bol d'Arménie,21,non,out,741295
bol d'Arménie et terre de Lemnos,2,non,out,741295
bol d'arsenic,1,non,out,741295
bol de terre anglais,1,non,,40052
bol drogue,1,non,,40052
bol et planches,4,non,out,741295
bol fin,1,non,out,741295
bolbet de coton,1,non,cotton goods,18103
boldavid,14,non,out,741295
boldes d'Espagne,1,non,out,741295
bolsas,2,non,out,741295
bombardes,1,non,out,741295
bombardes de cuivre,1,non,out,741295
bombardes de fer,1,non,out,741295
bombasin,22,non,out,741295
bombasin de Troyes,1,non,out,741295
Bombay,3,non,out,741295
bombe,1,oui,,40052
bombes,6,non,out,741295
bombes de cuivre,2,non,out,741295
bombes de cuivre à thé,1,non,out,741295
bombes de fer,1,non,out,741295
bombes et boulets,2,non,out,741295
bombes et canons,3,non,out,741295
bombes et grenade,2,non,out,741295
bombets,1,non,out,741295
bombets de demitte,2,non,out,741295
bombets de demitte et corsets de demitte,1,non,out,741295
bonbons,5,non,out,741295
bonbons et sorbets,2,non,out,741295
bondes de bois,1,non,out,741295
bongras ammoniac,1,non,out,741295
bongras animal,0,non,out,741295
bonneterie,468,non,out,741295
bonneterie ???,3,non,out,741295
bonneterie commune de coton et bonneterie commune de laine,5,non,cotton goods,18103
bonneterie d'estam,1,oui,out,741295
bonneterie d'estame,1,non,,40052
bonneterie d'Inde de poil,1,non,out,741295
bonneterie de bourre de fil,1,non,out,741295
bonneterie de bourre de soie,5,non,out,741295
bonneterie de chanvre et de lin,5,non,out,741295
bonneterie de chanvre et lin,2,non,out,741295
bonneterie de coton,180,non,cotton goods,18103
bonneterie de coton et bonneterie de fil,68,non,cotton goods,18103
bonneterie de coton et bonneterie de fil et bonneterie de laine,15,non,cotton goods,18103
bonneterie de coton et bonneterie de laine,1,non,cotton goods,18103
bonneterie de coton et bonneterie de soie,1,non,cotton goods,18103
bonneterie de coton et soie,1,non,,40052
bonneterie de fil,101,non,out,741295
bonneterie de fil de coton,1,non,cotton goods,18103
bonneterie de fil et bonneterie de coton,22,oui,cotton goods,18103
bonneterie de fil et coton en laine,1,non,cotton goods,18103
bonneterie de filin d'or,3,non,out,741295
bonneterie de filoselle,23,non,out,741295
bonneterie de fleuret,11,non,out,741295
bonneterie de laine,351,non,out,741295
bonneterie de laine ???,1,non,out,741295
bonneterie de laine et bonneterie de coton,1,non,cotton goods,18103
bonneterie de laine et bonneterie poil,12,non,out,741295
bonneterie de laine et soie,2,non,out,741295
bonneterie de laine fine,1,non,out,741295
bonneterie de laine grossière,1,non,,40052
bonneterie de laine tricots,1,oui,out,741295
bonneterie de lapin de poil,1,non,out,741295
bonneterie de poil autre que castor,2,non,out,741295
bonneterie de soie,575,non,out,741295
bonneterie de soie au sixième,3,non,out,741295
bonneterie de soie et dorure,3,non,out,741295
bonneterie écarlate,1,non,out,741295
bonneterie en bouets,1,non,,40052
bonneterie en fil,1,non,,40052
bonneterie étoffe et tapis de poil,3,oui,out,741295
bonneterie fil et bonneterie de coton,1,oui,cotton goods,18103
bonnets,15,non,out,741295
bonnets à cheveux,1,non,out,741295
bonnets à dentelle,2,non,out,741295
bonnets à nègre,1,non,out,741295
bonnets brodés d'argent,1,non,out,741295
bonnets brodés d'or,2,non,out,741295
bonnets brodés de fil,2,non,out,741295
bonnets brodés de laine,1,non,out,741295
bonnets d'enfant,13,non,out,741295
bonnets d'enfant de velours et bonnets à la postillonne,3,non,out,741295
bonnets d'étoffe,2,non,out,741295
bonnets d'homme,1,non,out,741295
bonnets de basin,2,non,out,741295
bonnets de blonde,2,non,out,741295
bonnets de bois,1,non,out,741295
bonnets de castor,11,non,out,741295
bonnets de castor brodés,1,non,out,741295
bonnets de coton,493,non,cotton goods,18103
bonnets de coton et bonnets de fil,6,non,cotton goods,18103
bonnets de coton et fil et laine,1,non,cotton goods,18103
bonnets de dentelle,1,non,out,741295
bonnets de femme,1,non,out,741295
bonnets de fer-blanc à la turc,1,non,out,741295
bonnets de fil,71,non,out,741295
bonnets de fil et bas,1,non,out,741295
bonnets de fil et bonnets de coton,9,non,cotton goods,18103
bonnets de filosel,3,non,out,741295
bonnets de gaze,1,non,out,741295
bonnets de grenadine,1,non,out,741295
bonnets de laine,762,non,out,741295
bonnets de laine ???,1,non,out,741295
bonnets de laine commune,2,non,out,741295
bonnets de laine communs,1,non,out,741295
bonnets de laine de Ségovie,3,non,out,741295
bonnets de laine et bonnets de fil et bonnets de coton,1,non,cotton goods,18103
bonnets de laine fin,2,non,out,741295
bonnets de laine grasse,2,non,out,741295
bonnets de laine grosse,1,non,out,741295
bonnets de paille,2,non,out,741295
bonnets de peau,5,non,out,741295
bonnets de postillons,23,non,out,741295
bonnets de prêtre,2,non,out,741295
bonnets de soie,24,non,out,741295
bonnets de taffetas,3,non,out,741295
bonnets de taffetas bordés d'argent,1,non,out,741295
bonnets de toile,9,non,out,741295
bonnets de toile cirée,3,non,out,741295
bonnets de velours,11,non,out,741295
bonnets de velours brodés,1,non,out,741295
bonnets des prises,1,non,out,741295
bonnets écarlates,2,non,out,741295
bonnets et chaussettes de coton,1,non,cotton goods,18103
bonnets et soutane,1,non,out,741295
bonnets grossiers de laine,4,non,out,741295
bonnets montés,1,non,out,741295
bonnets piqués,16,non,out,741295
bonnets piqués et carcasse et fer à coiffures,12,non,out,741295
borax,370,non,out,741295
borax brut,10,non,out,741295
borax gras,9,non,out,741295
borax raffiné,26,non,out,741295
bordage,14,non,out,741295
bordage de chêne,117,non,out,741295
bordage de chêne de 15 pieds,1,non,out,741295
bordage de chêne de 24 pieds,1,non,out,741295
bordage de chêne de 27 pieds,1,non,out,741295
bordage de chêne de 30 à 40 pieds,1,non,out,741295
bordage de chêne de 30 à 40 pieds à 3 et 4 pouces d'épaisseur,1,non,out,741295
bordage de cyprès,1,non,out,741295
bordage de pin,1,non,out,741295
bordage de sapin,22,non,out,741295
bordage de sapin de 20 pieds,1,non,out,741295
bordage et planches,1,oui,,40052
bordage pour navire,1,non,out,741295
bordages et planches,1,non,,40052
bordures d'or et de soie,1,non,out,741295
bordures de bois doré,2,non,out,741295
bordures de tapisseries,2,non,out,741295
bordures dorées,3,non,out,741295
bottes,35,non,out,741295
bottes à matelot,1,non,out,741295
bottes de bergamote,3,non,out,741295
bottes de cavalier,1,non,out,741295
bottes de cuir,36,non,out,741295
bottes de cuir à matelot,1,non,out,741295
bottes de cuir fortes,1,non,out,741295
bottes de sapin,2,non,out,741295
bottes et bottines,118,non,out,741295
bottes et souliers,7,non,out,741295
bottes fortes,74,non,out,741295
bottes fourrées,1,non,out,741295
bottes molles,9,non,out,741295
bottes neuves,5,non,out,741295
bottines,68,non,out,741295
bottines de cuir,4,non,out,741295
bottines de peau,1,non,out,741295
boucaniers,11,non,out,741295
boucans en bottes,1,oui,out,741295
boucassin,65,non,out,741295
boucassin rouge,2,non,out,741295
boucaud en bottes,2,non,out,741295
boucaud vide,3,non,out,741295
bouchie,1,non,out,741295
bouchons,102,non,out,741295
boucles,8,non,out,741295
boucles d'acier,1,non,out,741295
boucles d'argent,11,non,out,741295
boucles d'oreilles,4,non,out,741295
boucles de cuivre,3,non,out,741295
boucles de fer,3,non,out,741295
boucles de pinsbeck,5,non,out,741295
boucles de sapin,2,non,out,741295
boucles de souliers à pierres fausses,1,non,out,741295
boucles de tombac,1,non,out,741295
boucs,22,non,out,741295
boucs en vie,1,non,out,741295
boucs et chèvre,127,non,out,741295
boudins de poisson,5,non,out,741295
boudrilles,1,non,out,741295
boudrillons,2,non,out,741295
bouette de sapin,1,non,out,741295
bouge,1,non,out,741295
bougie,792,non,out,741295
bougie blanche,37,non,out,741295
bougie de blanc de baleine,2,non,out,741295
bougie de cire,151,non,out,741295
bougie de cire blanche,225,non,out,741295
bougie de cire blanche et cierges de cire blanche,4,non,out,741295
bougie de cire blanche et jaune,3,non,,40052
bougie de cire blanche et jaune et cire blanche et jaune fondue,7,non,out,741295
bougie de cire jaune,3,non,out,741295
bougie de cire verte,1,non,out,741295
bougie de suif,0,non,out,741295
bougie de tables,38,non,out,741295
bougie de tables et cierges,1,non,out,741295
bougie en suif et suif,3,non,out,741295
bougie et cierges,103,non,out,741295
bougie jaune,9,non,out,741295
bougie verte,1,non,out,741295
bougies de table,6,non,,40052
bougran,98,oui,out,741295
bouguette,112,non,out,741295
bouilloires de cuivre,2,non,out,741295
bouillotte de cuivre,1,non,out,741295
boulange,57,non,out,741295
boulans,1,non,out,741295
boular,1,non,,40052
boules,3,non,out,741295
boules d'acier,11,non,out,741295
boules de bois,11,non,out,741295
boules de buis,12,non,out,741295
boules de canons,2,non,out,741295
boules de fer,1,non,out,741295
boules de mail,10,non,out,741295
boules de mais,1,non,out,741295
boules de marbre,7,non,out,741295
boules de marbre pour jouets d'enfant,2,non,out,741295
boules de métal blanc,1,non,out,741295
boules de sapin,1,non,out,741295
boules de terres,1,non,out,741295
boules de verre,3,non,out,741295
boules pour jouer,4,non,out,741295
boules vulnéraires,10,non,out,741295
boulets,10,non,out,741295
boulets à têtes et queue,1,non,out,741295
boulets de canon de fer,4,non,out,741295
boulets de canons,202,non,out,741295
boulets de canons de 4 livre,2,non,out,741295
boulets de canons de fer,6,non,out,741295
boulets de canons et mitraille,1,non,out,741295
boulets de fer,8,non,out,741295
boulets de fer et canons de fer,8,non,out,741295
boulets de marbre,2,non,out,741295
boulets de terre,2,non,out,741295
boulets et canons,6,non,out,741295
boulets et canons de fer de fonte,3,non,out,741295
boulettes de marbre,8,non,out,741295
bouquets de fleurs artificielles,4,non,out,741295
bouquets de papier,1,non,out,741295
bouquins à pipes,2,non,out,741295
bouracan,1,non,out,741295
bouraline,0,non,out,741295
bouralisse,11,non,out,741295
bouras,34,non,out,741295
bouras allaya,1,non,,40052
bouras de coton,1,non,cotton goods,18103
bouras de soie,1,non,out,741295
bouras du Levant,8,non,out,741295
bourdes en poussière,1,oui,out,741295
bourdilles,115,non,out,741295
bourdilles à barriques,3,oui,out,741295
bourdilles pour barriques,3,non,,40052
bourdillons,183,non,out,741295
bourdillons à barils,3,non,out,741295
bourdillons à barriques,3,oui,out,741295
bourdillons à quart,2,oui,out,741295
bourdillons à quarts,2,non,,40052
bourdillons à tierçons,3,non,out,741295
bourdillons de bois,2,non,out,741295
bourdillons pour barriques,3,non,,40052
bourlets,1,non,out,741295
bourlets de velours,1,non,out,741295
bourre,45,non,out,741295
bourre à bâtier,179,non,out,741295
bourre à bourrer,1,non,out,741295
bourre à brûler,1,non,out,741295
bourre à cheveux,3,non,out,741295
bourre chiquette,2,non,out,741295
bourre d'Alep,1,non,out,741295
bourre d'étoupes,2,non,out,741295
bourre de bœuf,191,non,out,741295
bourre de bœuf et bourre de vache,1,non,out,741295
bourre de cerf,2,non,out,741295
bourre de chèvre,2,non,out,741295
bourre de coton,20,non,cotton goods,18103
bourre de coton et fil,42,non,cotton goods,18103
bourre de coton et soie,5,non,cotton goods,18103
bourre de Damas,7,non,out,741295
bourre de drap,1,non,out,741295
bourre de fil,29,non,out,741295
bourre de filoselle,1,non,out,741295
bourre de laine,61,non,out,741295
bourre de laine entière lanice et tontice,1,non,out,741295
bourre de Marseille,3,non,out,741295
bourre de Nîmes,6,non,out,741295
bourre de soie,234,non,out,741295
bourre de soie et filoselle et soie,15,non,out,741295
bourre de vache,76,non,out,741295
bourre du Levant,79,non,out,741295
bourre rouge,1,non,out,741295
bourre satiné,2,non,out,741295
bourriques,5,non,out,741295
bours de poil,11,non,out,741295
bours de soie,16,non,out,741295
bours du Levant de soie,0,non,out,741295
bourse de molleton,5,non,out,741295
bourses,2,non,out,741295
bourses à cheveux,118,non,out,741295
bourses à cheveux de soie,2,non,out,741295
bourses à cheveux de taffetas,1,non,out,741295
bourses à perruques,3,non,out,741295
bourses à ressorts,1,non,out,741295
bourses à tabac,4,non,out,741295
bourses d'or et bourses d'argent,2,non,out,741295
bourses de bœuf,3,non,out,741295
bourses de coton,1,non,cotton goods,18103
bourses de coton et fil,3,non,cotton goods,18103
bourses de cuir à ressorts,1,non,out,741295
bourses de fil,1,non,out,741295
bourses de filoselle,1,non,out,741295
bourses de laine,2,non,out,741295
bourses de perruques,1,non,out,741295
bourses de soie,27,non,out,741295
bourses de soie et bourses d'or et bourses d'argent,2,non,out,741295
bourses de taffetas,2,non,out,741295
bourses du Levant,2,non,out,741295
bourys ?,1,non,,40052
boussoles,5,non,out,741295
boutanne,14,non,out,741295
boutanne de toile,3,non,out,741295
boutargue,1,non,out,741295
bouteilles,97,non,out,741295
bouteilles clissées,12,non,out,741295
bouteilles d'étain à virole,1,non,out,741295
bouteilles d'osier,1,non,out,741295
bouteilles de bois,11,non,out,741295
bouteilles de composition,1,non,out,741295
bouteilles de cristal,4,non,out,741295
bouteilles de cristal et carafes,1,non,out,741295
bouteilles de grès,16,non,out,741295
bouteilles de marbre,1,non,out,741295
bouteilles de pierre et pots de pierre,3,non,out,741295
bouteilles de terre,9,non,out,741295
bouteilles de verre,1328,non,out,741295
bouteilles de verre à virole,1,non,out,741295
bouteilles de verre à virole d'étain,3,non,out,741295
bouteilles de verre avec roseaux,4,non,out,741295
bouteilles de verre clissée de quatre pots chacune,1,non,,40052
bouteilles de verre clissées,13,non,out,741295
bouteilles de verre garnies de joncs,1,non,out,741295
bouteilles de verre gros,13,non,out,741295
bouteilles de verre vides,5,non,out,741295
bouteilles de verres,118,oui,out,741295
bouteilles et verres de faïence,2,non,,40052
bouteilles lissées de retour,1,non,out,741295
bouteilles noires,2,non,,40052
bouteilles peintes,1,non,out,741295
bouteilles petites à virole d'étain,2,non,out,741295
bouteilles pleines,7,non,out,741295
bouteilles pleines de verres et vides et dame-jeannes de verre,41,non,out,741295
bouteilles vides,29,non,out,741295
boutidas,1,non,,40052
bouton de cuivre sur bois et de coco et de corne et d'os,7,non,out,741295
boutonnières d'or,3,non,out,741295
boutonnières de fil,1,non,out,741295
boutons,58,non,out,741295
boutons à fusil,2,non,out,741295
boutons à pierres fausses,5,non,out,741295
boutons à pierres fausses par douzaines,1,non,out,741295
boutons anglais,1,non,out,741295
boutons avec dorure et nacre,1,non,out,741295
boutons blanc étamés,1,non,out,741295
boutons blanchis,1,non,out,741295
boutons bloc,1,non,out,741295
boutons brodés d'or et d'argent,2,non,out,741295
boutons brodés de nacre de perles et d'acier,1,non,out,741295
boutons communs,1,non,out,741295
boutons d'acier,54,non,out,741295
boutons d'acier argenté,2,non,out,741295
boutons d'argent,28,non,out,741295
boutons d'argent et boutons d'or,56,non,out,741295
boutons d'argent faux,2,non,out,741295
boutons d'argent sur bois,19,non,out,741295
boutons d'argent trait,1,non,out,741295
boutons d'étain,46,non,out,741295
boutons d'or,61,non,out,741295
boutons d'or en traits,1,non,out,741295
boutons d'or et boutons d'argent,32,non,out,741295
boutons d'or et boutons d'argent faux,1,non,out,741295
boutons d'or et d'argent sur bois,1,non,out,741295
boutons d'or faux,4,non,out,741295
boutons d'or filé,3,non,out,741295
boutons d'or trait,2,oui,,40052
boutons d'or vrai,4,non,out,741295
boutons d'os,13,non,out,741295
boutons d'os et de corne,64,non,out,741295
boutons d'uniforme,1,non,out,741295
boutons de bois,3,non,out,741295
boutons de coco,63,non,out,741295
boutons de composition,3,non,out,741295
boutons de corail,2,non,,40052
boutons de corne,5,non,out,741295
boutons de coton,1,non,cotton goods,18103
boutons de crin,213,non,out,741295
boutons de crin 20 lignes,1,non,out,741295
boutons de crin et boutons de poil,1,non,out,741295
boutons de crin et boutons de poil et boutons de soie,2,non,out,741295
boutons de cristal,1,non,out,741295
boutons de cuivre,39,non,out,741295
boutons de cuivre argenté et doré,67,non,out,741295
boutons de cuivre d'or,1,non,out,741295
boutons de cuivre doré,15,non,out,741295
boutons de cuivre et boutons d'étain,25,non,out,741295
boutons de cuivre et boutons d'étain argenté,57,non,out,741295
boutons de cuivre et étain,1,non,out,741295
boutons de cuivre fin,2,non,out,741295
boutons de cuivre petits,1,non,,40052
boutons de cuivre sur bois,10,non,out,741295
boutons de dorure d'argent,18,non,out,741295
boutons de dorure d'or,59,non,out,741295
boutons de dorure d'or et d'argent,68,non,out,741295
boutons de dorure d'or faux,4,non,out,741295
boutons de dorure d'or fin,13,non,out,741295
boutons de fil,127,non,out,741295
boutons de fil blanc,17,non,out,741295
boutons de fil d'argent,21,non,out,741295
boutons de fil d'or,69,non,out,741295
boutons de fil d'or et boutons de fil d'argent,78,non,out,741295
boutons de fil d'or trait,2,non,out,741295
boutons de fil de poil de chèvre,91,non,out,741295
boutons de fil et d'argent,1,non,out,741295
"boutons de fil, boutons de soie et boutons d'or",1,non,out,741295
boutons de forget,1,non,out,741295
boutons de gay,2,non,out,741295
boutons de jais,28,non,out,741295
boutons de jais et collier de jais et dentelle de jais,2,non,out,741295
boutons de laiton,4,non,out,741295
boutons de livrée,1,non,out,741295
boutons de manches,5,non,out,741295
boutons de métal,7,non,out,741295
boutons de métal doré,21,non,out,741295
boutons de nacre,5,non,out,741295
boutons de nacre de perle et boutons de jais,3,non,out,741295
boutons de nacre de perles,7,non,out,741295
boutons de pinsbeck,135,non,out,741295
boutons de poil,36,non,out,741295
boutons de poil de chèvre,10,non,out,741295
boutons de poil de soie,5,non,out,741295
boutons de soie,21,non,out,741295
boutons de soie en once,1,non,out,741295
boutons de tombac,1,non,out,741295
boutons de tombac doré,3,non,out,741295
boutons de trait d'argent et d'or fin,128,non,out,741295
boutons de verre,4,non,out,741295
boutons de verre émaillés,1,non,out,741295
boutons en médailles,1,non,out,741295
boutons et galon d'or,2,non,out,741295
boutons et galon d'or et d'argent,1,non,out,741295
boutons et galons d'argent et d'or,1,non,out,741295
boutons masquinés,3,non,out,741295
boutons or trait,3,non,out,741295
bouts de chêne,1,non,out,741295
bouts de corne,81,non,out,741295
bouts de planche,1,non,out,741295
bouts de planches et planches de sapin,1,non,out,741295
bouts de sapin,1,non,,40052
boutty,1,non,out,741295
bouvillons,3,non,out,741295
bouvillons et génisses,4,non,out,741295
bouvillons et génisses et taurillons,2,non,out,741295
boyaux,5,non,out,741295
boyaux de bœuf,1,non,out,741295
boyaux de bœuf salés,2,non,out,741295
boyaux de mouton,3,non,out,741295
boyaux de mouton salés,4,non,out,741295
boyaux de porc salés,1,non,,40052
boyaux et nerfs,2,non,out,741295
boyaux préparés et secs,2,non,out,741295
boyaux salés,83,non,out,741295
bozemin,1,non,out,741295
bracelets,2,non,out,741295
bracelets de crin,2,non,out,741295
bracelles,5,non,out,741295
brai,565,non,out,741295
brai ???,1,non,out,741295
brai ??? brai,1,non,out,741295
brai ??? goudron,2,non,out,741295
brai ??? goudron résines,1,non,out,741295
brai ??? pox noire,1,non,out,741295
brai à brasser,110,non,out,741295
brai arcanson,1,non,out,741295
brai colophane et sec et résines d'huile,2,non,out,741295
brai de goudron,10,non,out,741295
brai de poix,3,non,out,741295
brai de poix blanche et noire,2,non,out,741295
brai de poix noire,1,non,out,741295
brai de poix résines,3,non,out,741295
brai eau de raze,5,oui,out,741295
brai et eau de rose,1,non,out,741295
brai et goudron,541,non,out,741295
brai et goudron et eau de raze,1,oui,out,741295
brai et goudron et galipot et résines,23,non,out,741295
brai et goudron et poix,1,non,out,741295
brai et goudron et poix et résines,99,non,out,741295
brai et goudron et résines,549,non,out,741295
brai et goudron et térébenthine,8,non,turpentine,2222
brai et groudron,1,non,,40052
brai et poix,1,non,out,741295
brai et poix blanche,5,non,out,741295
brai et poix blanche et poix noire,1,non,out,741295
brai et poix noire,1,non,out,741295
brai et poix résines,1,non,out,741295
brai et résines,26,non,out,741295
brai et térébenthine,2,non,turpentine,2222
brai galipot,1,non,out,741295
brai goudron ???,3,non,out,741295
brai goudron et suif,1,non,,40052
brai gras,684,non,out,741295
brai gras et goudron,29,non,out,741295
brai gras et goudron et résine,5,non,,40052
brai gras et sec,1,non,out,741295
brai gras goudron,5,oui,out,741295
brai gras goudron et résine,5,oui,,40052
brai gras ou goudron,3,non,out,741295
brai gros,12,non,out,741295
brai gros et goudron,2,non,out,741295
brai poix de Bourgogne,1,non,out,741295
brai poix noire,4,non,out,741295
brai raffiné,2,non,out,741295
brai raze,2,non,out,741295
brai sec,670,non,out,741295
brai sec colophane résines d'huile,5,non,out,741295
brai sec en galipot,3,non,out,741295
brai sec et résines,10,non,out,741295
brai sec résines d'huile,2,non,out,741295
brai térébenthine,5,non,,40052
"brai, goudron et résine",0,non,,40052
brancards,3,non,out,741295
brancards de balance de fer,1,non,out,741295
brancards de chaises,1,non,out,741295
brancards de fer,7,non,out,741295
brancards et leurs escales,2,non,out,741295
branches de buis,1,non,out,741295
brandade,1,non,out,741295
brandans,10,non,out,741295
brandebourg,1,non,out,741295
brandebourg d'or,2,non,out,741295
brandebourg de fil,1,non,out,741295
brandebourg de soie,1,non,out,741295
brandiers,1,non,out,741295
brandins,4,non,out,741295
branle,95,oui,out,741295
bras de bois à chandelle,1,oui,out,741295
bras de bois pour chandelle,1,non,,40052
bras de cheminée,4,non,out,741295
bras de soie,1,non,out,741295
braserie,1,non,out,741295
brasserie,0,non,out,741295
braule,93,oui,out,741295
braux,1,non,out,741295
brebis,29,non,out,741295
brebis en vie,1,non,out,741295
brebis et mouton,14,non,out,741295
brebis et mouton mérinos et métis,7,non,out,741295
breloques et chaînes d'or,1,non,,40052
Brésil,1,non,out,741295
bresillet,1,non,out,741295
brian,1,non,out,741295
brides,4,non,out,741295
brides argentées,1,non,out,741295
bridons,1,non,out,741295
bridons de cuir,1,non,out,741295
brigadis,2,non,out,741295
Brignoles,104,non,out,741295
brins à tours,1,non,out,741295
brins d'osier,1,non,out,741295
brion,1,non,,40052
brionne,1,non,out,741295
brique,532,non,out,741295
brique cuites,1,non,out,741295
brique de pétrole,1,non,,40052
brique de terre,2,non,out,741295
brique en carreaux de terre,1,non,out,741295
brique en carreaux de terre et tuiles,2,non,out,741295
brique en lest,2,non,,40052
brique en tuiles plates,8,non,out,741295
brique et briquettes,135,non,out,741295
brique et carreaux,6,non,,40052
brique et carreaux et tuiles,7,non,out,741295
brique et chaux et ciment et pierres et plâtre et pouzzolane et sable et terre et tuiles,10,non,out,741295
brique et pipe et potterie,1,non,,40052
brique et tuile et carreau de terre,21,non,out,741295
brique et tuile et carreau et pipe,27,non,out,741295
brique pleine,1,non,out,741295
brique vernissée,1,non,,40052
briques,2,oui,,40052
briquet,51,non,out,741295
briquet d'acier,2,non,out,741295
briquettes,3,non,out,741295
bris d'espars,4,non,out,741295
brises,1,non,out,741295
brocante,1,non,out,741295
brocart de soie,1,non,out,741295
brocatelle,1,non,cotton goods,18103
brocatelle de Venise,1,non,cotton goods,18103
brochets,20,non,out,741295
brodamabe,1,non,,40052
broderie,59,non,out,741295
bronze,27,non,out,741295
bronze airain,2,non,out,741295
bronze et cuivre et laiton,34,non,out,741295
bronze moulu et métal,2,non,out,741295
bronze vieux,1,non,,40052
broole,3,non,out,741295
brosses,272,non,out,741295
brosses à cirer,1,non,out,741295
brosses à goudron,15,non,out,741295
brosses à peindre,1,non,out,741295
brosses à sucre,1,non,out,741295
brosses communes,1,non,out,741295
brosses et pinceaux,112,non,out,741295
brosses et vergettes,1,non,out,741295
brosses ou poutries,1,non,out,741295
brossière,1,non,out,741295
brou de noix,2,non,out,741295
brouettes,20,non,out,741295
brouettes et leurs roues,1,non,out,741295
brouettes garnies de damas,1,non,out,741295
brouettes outillées,1,non,out,741295
broulas,1,non,out,741295
broule,0,non,out,741295
brousse fraîche,5,non,out,741295
brousse salée,2,non,out,741295
broutes chaderdoral,1,non,out,741295
brugnoles,3,non,out,741295
bruimes d'espars,2,non,out,741295
brûle-café de fer,1,non,out,741295
brulis,1,non,out,741295
brun,2,non,dye other,2652
brun rouge,490,non,dye other,2652
brustes à tisserand,19,non,out,741295
brustes ou bruyère,1,non,out,741295
brut,1,non,out,741295
bruyère,6,non,out,741295
bruyère à vergettes,1,non,out,741295
bruyère et racines à vergettes,6,non,out,741295
bruyère étrangère non montée,1,non,out,741295
bûches,212,non,,40052
bûches de bois rouge de 8 pieds,1,non,out,741295
buege de fer,1,non,out,741295
bufferie,1,non,out,741295
buffets,3,non,out,741295
buffets d'acajou,4,non,out,741295
buffles,10,non,out,741295
buffles de chamois,5,non,out,741295
buffletin,1,non,out,741295
bugnette,1,non,out,741295
buis,1,non,,40052
bulbes et oignons,7,non,out,741295
buldan,2,non,out,741295
burail,17,non,out,741295
burail de laine,3,non,out,741295
burail de laine et étamine de laine,8,non,out,741295
burat,58,non,out,741295
burat d'Auvergne,3,non,out,741295
burat de laine,1,non,out,741295
burat de laine et de soie,1,non,out,741295
bure,9,non,out,741295
bure étoffe,1,non,out,741295
bureau,40,non,out,741295
bureau d'acajou,6,non,out,741295
bureau de bois des Indes,1,non,out,741295
bureau de chêne,1,non,out,741295
bureau de marqueterie,1,non,out,741295
bureau de noyer,4,non,out,741295
bureau de sapin,10,non,out,741295
bureau garni de cuivre doré,1,non,out,741295
bureau verni,5,non,out,741295
bures de sanglier,11,non,out,741295
burette,2,non,,40052
burmards et leurs poids,1,non,out,741295
buses pour raffiner le sucre,1,non,out,741295
busquière d'argent,1,non,out,741295
busquière d'or et busquière d'argent,1,non,out,741295
bustes de marbre,3,non,out,741295
buvie,1,non,out,741295
buzes,1,non,out,741295
cabans de laine,1,non,,40052
cabans de palme,6,oui,out,741295
cabans ou capotes,6,non,out,741295
cabans pour café,1,non,out,741295
cabarets,20,non,out,741295
cabarets de bois vernis,3,non,out,741295
cabarets de sapin,3,non,out,741295
cabarets de sapin et de chêne,2,non,out,741295
cabarets de sapin peints,1,non,out,741295
cabarets des Indes,2,non,out,741295
cabarets des Indes vernis,3,non,out,741295
cabarets façon de la Chine,2,non,out,741295
cabarets garnis,1,non,out,741295
cabarets peints,4,non,out,741295
cabarets pour café,10,non,out,741295
cabarets pour thé,1,non,out,741295
cabarets vernis,75,non,out,741295
cabas,14,non,out,741295
cabas d'auf,2,non,out,741295
cabas d'espars,1,non,out,741295
cabas de jonc,35,non,out,741295
cabas de laine,1,non,out,741295
cabas de mesure,3,non,,40052
cabas de palme,37,non,out,741295
cabas de palme mesure,1,non,,40052
cabas de palme petits,3,non,out,741295
cabas de serge,1,non,,40052
cabas vieux,1,non,,40052
cabestan,3,non,out,741295
cabillaud,362,non,out,741295
cabine de noyer,2,non,out,741295
cabine de sapin,3,non,out,741295
cabine peinte,3,non,out,741295
cabinet,5,non,out,741295
cabinet de bois de Faial,1,non,out,741295
cabinet de bois peint,2,non,out,741295
cabinet de bois vernis,1,non,out,741295
cabinet de noyer,1,non,out,741295
cabinet de sapin,3,non,out,741295
cabinet du Japon,1,non,out,741295
cabinet peint,7,non,out,741295
cabinet verni,3,non,out,741295
cabinet vieux,1,non,,40052
câble,31,non,out,741295
câble assorti,1,non,out,741295
câble de 12 pouces de grosseur,2,non,out,741295
câble de chanvre,1,non,out,741295
câble de navire,4,non,out,741295
câble de navire moyen,1,non,out,741295
câble neuf,4,non,out,741295
câble vieux,2,non,out,741295
câbleaux,1,non,out,741295
caboches,53,non,out,741295
caboches de fer,3,non,out,741295
caboches de fer et clous,17,non,out,741295
caboches de marbre,1,non,out,741295
cabochon,1,non,out,741295
cabosse,4,non,out,741295
cabotage,21,non,,40052
cabriolets,49,non,out,741295
cabriolets de velours de Prusse,1,non,out,741295
cabrions,1,non,out,741295
cabrouets,6,non,out,741295
cabrouets complets,1,non,out,741295
cacao,2659,non,cocoa,2845
cacao avarié,2,non,cocoa,2845
cacao broyé,22,non,cocoa,2845
cacao brut,10,non,cocoa,2845
cacao brut des entrepôts,0,non,cocoa,2845
cacao café sucre,1,non,,40052
cacao de Caracas,68,non,cocoa,2845
cacao de Guyaquil,3,non,cocoa,2845
cacao des Îles,28,non,cocoa,2845
cacao du Maranhão,17,non,cocoa,2845
cacao en grabeau,1,non,,40052
cacao en graine,12,non,cocoa,2845
cacao en pâte,1,oui,cocoa,2845
cacao et café et sucre,12,non,cocoa,2845
cacao et chocolat,8,non,cocoa,2845
cacao étranger,4,non,cocoa,2845
cache,1,non,out,741295
cachemire de poil,1,non,,40052
cachets d'argent,1,non,out,741295
cachets de cuivre,1,non,out,741295
cachets dorés,2,non,out,741295
cachou,42,non,out,741295
cachou brut,5,non,out,741295
cachou marron,1,non,out,741295
cadeau,1,non,out,741295
cadeligue de laine,1,non,out,741295
cadenas,62,non,out,741295
cadenas de fer,9,non,out,741295
cadenas petits,2,non,out,741295
cadis,107,non,out,741295
cadis de coton ratiné,1,non,cotton goods,18103
cadis de Givaudan,1,non,out,741295
cadis de Montauban,1,non,out,741295
cadis rouge,1,non,out,741295
cadisson,1,non,out,741295
cadot,2,non,out,741295
cadrans d'horloge,3,non,out,741295
cadrans de montres,2,non,out,741295
cadres,1,non,out,741295
cadres de bois,7,non,out,741295
cadres de bois doré,2,non,out,741295
cadres de miroirs,1,non,out,741295
cadres dorés,9,non,out,741295
cadres dorés et tableaux,1,non,out,741295
cadres neufs,1,non,out,741295
cadres petits avec leurs verres,1,non,out,741295
cadres pour carder,1,non,out,741295
cadres pour tableaux,1,non,out,741295
cafas,1,non,out,741295
café,5893,non,coffee,8244
café avarié,5,non,coffee,8244
café commun,14,non,coffee,8244
café commun du Levant,2,non,coffee,8244
café d'Amérique,61,non,coffee,8244
café de Bourbon,263,non,coffee,8244
café de Bourbon et bois d'ébène,43,non,,40052
café de la Dominique,1,non,coffee,8244
café de la Martinique,20,non,coffee,8244
café de Moka,254,non,coffee,8244
café de Moka avarié,2,non,coffee,8244
café de Moka et marchandises des Indes,41,non,,40052
café de retour,2,non,,40052
café des entrepôts,0,non,coffee,8244
café des Îles de retour,1,non,,40052
café des Indes,1513,non,coffee,8244
café du Levant,121,non,coffee,8244
café en parchemin,20,non,coffee,8244
café entré par Bordeaux et Le Havre,1,non,coffee,8244
café et cacao,43,non,coffee,8244
café et épicerie,1,non,,40052
café et provisions,15,non,coffee,8244
café et sucre et thé,10,non,coffee,8244
café ordinaire,1,non,coffee,8244
café pour Genève,1,non,coffee,8244
café pur,2,non,coffee,8244
café trié,2,non,coffee,8244
cafetières,52,non,out,741295
cafetières d'étain,1,non,out,741295
cafetières de cuivre,29,non,out,741295
cafetières de cuivre rouge,1,non,out,741295
cafetières de fer-blanc,3,non,out,741295
cafetières de métal,11,non,out,741295
cafetières du Levant,1,non,out,741295
cafetières en or,1,non,out,741295
cafetou de fer,1,non,out,741295
caffart,8,non,out,741295
caffart blanc,3,non,out,741295
caffart carpette et ligatures,21,non,out,741295
caffart de damas,6,non,out,741295
caffart de laine,3,non,out,741295
caffatines,1,non,out,741295
cages,3,non,out,741295
cages pour oiseaux,90,non,out,741295
cages pour perroquets,2,non,out,741295
cages pour poules,1,non,out,741295
cahiers de papier fin,1,non,,40052
cahouannes,10,non,out,741295
cailles,6,non,out,741295
cailloux,1,non,out,741295
cailloux à faïence ou porcelaine,2,non,out,741295
cailloux et sable à faïence ou porcelaine,2,non,out,741295
caisse,5,non,,40052
caisse à carafons,1,non,out,741295
caisse à finance,2,non,out,741295
caisse de berline et train,1,non,out,741295
caisse de carrosses,3,non,out,741295
caisse de liège,2,non,out,741295
caisse de liège à carafons,11,non,,40052
caisse de sapin,9,non,out,741295
caisse du reve de lagne,1,non,,40052
caisse et têtes de carton,2,non,out,741295
caisse vide,13,non,out,741295
caissettes pour balz,1,non,out,741295
cal d'artichaut,1,non,out,741295
caladaris,101,non,cotton goods,18103
caladaris des Indes,3,oui,cotton goods,18103
calames,1,non,out,741295
calamine,30,non,out,741295
calamine grillée,1,non,out,741295
calamine grillée pulvérisée ou non et zinc,4,non,out,741295
calamine pierres calaminaires et zinc,2,non,out,741295
calamus,9,non,out,741295
calamus aromaticus,5,non,out,741295
calandrine,1,non,out,741295
calaurure,0,non,out,741295
calbas,4,non,out,741295
calebasses vides,1,non,out,741295
calèches,2,non,out,741295
caleçons,2,non,out,741295
calenderis,1,non,out,741295
calice d'argent,1,non,out,741295
calicot,11,non,cotton goods,18103
calicot de laine,1,non,,40052
calicot et toile de coton blancs et écrus,1,non,cotton goods,18103
calicot et toile de coton imprimés et teints,1,non,cotton goods,18103
calicots et percale de coton blanc,1,non,cotton goods,18103
calmande,655,non,out,741295
calmande aune,1,oui,out,741295
calmande d'Amiens,4,non,out,741295
calmande de 30 aunes,1,non,,40052
calmande de laine,48,oui,out,741295
calmande de laine noire,1,oui,out,741295
calmande de Lille,2,non,out,741295
calmande de poil,140,non,out,741295
calmande des prises,3,non,out,741295
calmande étroite,1,oui,,40052
calmande étroite de laine,3,non,out,741295
calmande fine,1,non,,40052
calmande noire,2,non,out,741295
calmande ordinaire,1,non,out,741295
calmande pièces de 30 aunes,1,oui,out,741295
calmotte,1,non,out,741295
calotte,1,non,out,741295
calotte de papier,1,non,out,741295
calotte de peau divine,1,oui,out,741295
calotte de peaux divine,1,non,,40052
calotte de prêtre,3,non,out,741295
calotte et sacs de papier,2,non,out,741295
calotte hollandaise,1,non,out,741295
calpo baljainum,1,non,out,741295
cam... ??,1,non,,40052
cambaye,3,non,cotton goods,18103
cambaye à grands carreaux,1,non,cotton goods,18103
cambouis,1,non,out,741295
camelles,2,oui,,40052
camelot,420,non,out,741295
camelot à mi soie,6,non,,40052
camelot à mi-soie,6,oui,out,741295
camelot à peu de soie,15,non,out,741295
camelot au quart,3,non,out,741295
camelot au sixième de soie,3,non,out,741295
camelot au-dessous du sixième de soie,1,non,out,741295
camelot aune,1,oui,out,741295
camelot avec soie,4,non,out,741295
camelot burail,6,non,out,741295
camelot d'Amiens,24,non,out,741295
camelot d'Angleterre,1,non,out,741295
camelot d'Angleterre et de Hollande,12,non,out,741295
camelot d'angora,1,non,out,741295
camelot d'Auvergne,12,non,out,741295
camelot de Bruxelles,5,non,out,741295
camelot de burail,1,non,out,741295
camelot de Chine,2,non,out,741295
camelot de coton,1,non,cotton goods,18103
camelot de Douai,4,non,out,741295
camelot de France,5,non,out,741295
camelot de Hollande,5,non,out,741295
camelot de laine,250,non,out,741295
camelot de laine écru,1,non,out,741295
camelot de laine et de poil,2,non,out,741295
camelot de laine et de soie,28,non,out,741295
camelot de laine et soie,2,non,out,741295
camelot de laine étroit,7,non,out,741295
camelot de laine faille,4,non,out,741295
camelot de laine large,8,non,out,741295
camelot de laine petit dit de Berlin,16,non,out,741295
camelot de Lille,14,non,out,741295
camelot de Lille de soie,1,non,out,741295
camelot de Lille et autres,8,non,out,741295
camelot de poil,185,non,out,741295
camelot de poil de chèvre,2,non,out,741295
camelot de poil de laine,13,non,out,741295
camelot de poil et de soie,11,non,out,741295
camelot de poil fin,2,non,out,741295
camelot de Smyrne,4,non,out,741295
camelot de soie,44,non,out,741295
camelot de terrine,0,non,out,741295
camelot des Indes,4,non,out,741295
camelot écarlate,11,non,out,741295
camelot et burail de laine,2,non,out,741295
camelot et étamine,1,non,out,741295
camelot et panne de laine,1,non,out,741295
camelot fil et soie,1,non,out,741295
camelot fin,2,non,out,741295
camelot gaufré,1,non,out,741295
camelot jaspé,1,non,out,741295
camelot petit dit Berlin,10,non,out,741295
camelot rayé,0,non,out,741295
cameramain,0,non,out,741295
camion à garnir voiture,1,non,out,741295
camisoles,13,non,out,741295
camisoles de laine,3,non,out,741295
camisoles de toile,1,non,out,741295
camisoles et casaques,2,non,out,741295
camisoles et redingotes,7,non,out,741295
camisoles pour nègre,1,non,out,741295
camisolettes,1,non,,40052
camomille,1,non,out,741295
Campêche,2,non,logwood,1264
camphre,323,non,out,741295
camphre brut,21,non,out,741295
camphre brut et raffiné,2,non,out,741295
camphre raffiné,44,non,out,741295
canades,1,non,out,741295
canapé,10,non,out,741295
canapé de canne,1,non,out,741295
canapé de cuir de Russie,1,non,out,741295
canapé de maroquin et tables à jouer,1,non,out,741295
canapé de taffetas,1,non,out,741295
canardières,1,non,out,741295
canards,17,non,out,741295
canards en vie,1,non,out,741295
canaris,1,non,out,741295
canaris ou serins,195,non,out,741295
canaux,1,non,out,741295
candetas,0,non,out,741295
cane,1,non,out,741295
cane garnie,2,non,out,741295
caneffas,1,non,out,741295
canefice,649,non,out,741295
canefice des prises,1,non,out,741295
canefice en café,1,non,out,741295
canefice en grabeau,12,non,,40052
canefice raffiné,1,non,out,741295
caneficier,1,non,out,741295
canelle (étoffe),1,non,out,741295
canena,1,non,out,741295
canepre,0,non,out,741295
canerelles,1,non,out,741295
canettes des Indes,1,non,out,741295
canevas,74,oui,out,741295
canevas à 15 sols l'aune,1,oui,out,741295
canevas de fil,2,oui,out,741295
canevas gommée,3,oui,out,741295
canevas tracé,7,oui,out,741295
canevettes,43,non,out,741295
canevettes à flacons,1,non,out,741295
canevettes de grès,14,non,out,741295
canevettes de grès de 6 flacons,1,non,out,741295
canevettes ou caisse de 6 flacons pour la traite,2,non,out,741295
canevettes vides,2,non,out,741295
canifs,3,non,out,741295
caniques,1,non,out,741295
cann ??,1,non,,40052
canne ou roseaux en fanon,1,non,,40052
cannelle,1519,non,out,741295
cannelle à tonneaux,1,non,,40052
cannelle commune,18,non,out,741295
cannelle commune des entrepôts,0,non,out,741295
cannelle commune et cassia,1,non,out,741295
cannelle commune hors d'Europe,0,non,out,741295
cannelle de bois,4,non,out,741295
cannelle de bois pour tamis,1,non,out,741295
cannelle de Chine,1,non,out,741295
cannelle de fleurs,1,non,out,741295
cannelle de grès,1,non,out,741295
cannelle des Indes,2,non,out,741295
cannelle et girofle et poivre,1,non,out,741295
cannelle et girofle et poivre etc,1,non,out,741295
cannelle et poivre,1,non,out,741295
cannelle fine,9,non,out,741295
cannelle fine des entrepôts,0,non,out,741295
cannelle giroflée,11,non,out,741295
cannelle malte,4,non,out,741295
cannelle ocyrez,0,non,out,741295
cannelle ordinaire,3,non,out,741295
cannelle sauvage,6,non,out,741295
cannelles de cuivre pour tonneaux,1,non,out,741295
cannes,34,non,out,741295
cannes à faire chaise,1,non,out,741295
cannes à main,104,non,out,741295
cannes à pêcher,1,non,out,741295
cannes à pommes d'argent,1,non,out,741295
cannes à pommes d'or,12,non,out,741295
cannes à pommes d'or ayant servi,1,non,out,741295
cannes d'Indes,1,non,,40052
cannes de bambous,4,non,out,741295
cannes de bois,4,non,out,741295
cannes de bois montées et non montées,79,non,out,741295
cannes de bois vernis,1,non,out,741295
cannes de jonc,104,non,out,741295
cannes de jonc ou roseaux,5,non,out,741295
cannes de roseaux,9,non,out,741295
cannes de terre,2,non,out,741295
cannes dites genettes,4,non,out,741295
cannes en brochettes,1,non,out,741295
cannes en canon,1,non,out,741295
cannes et bâtons vernis,80,non,out,741295
cannes garnies,1,non,out,741295
cannes vernies,2,non,out,741295
cannetilles,3,non,out,741295
cannetilles d'argent et d'or,1,non,out,741295
cannetilles d'or faux,1,non,out,741295
cannette de grès et de terre,1,non,out,741295
cannette de terre,1,non,,40052
cannettes,13,non,out,741295
cannettes à faïence,1,non,out,741295
cannettes d'étain,18,non,out,741295
cannettes de ???,1,non,out,741295
cannettes de faïence,3,non,out,741295
cannettes de grès,176,non,out,741295
cannettes de grès couvertes d'étain,2,non,out,741295
cannettes de marbre,1,non,out,741295
cannettes de sapin,1,non,out,741295
cannettes de terre,38,non,out,741295
cannettes et leurs flacons,1,non,out,741295
cannettes ocyrez,0,non,out,741295
cannettes ou marbre,1,non,out,741295
cannettes ou marbre pour la Compagnie des Indes,1,non,out,741295
canonnières de cantil,2,non,out,741295
canons,85,non,out,741295
canons de 12 livres,3,non,out,741295
canons de 18 livres,1,non,out,741295
canons de 2 livres,1,non,out,741295
canons de 3 livres,2,non,out,741295
canons de 4 livres,6,non,out,741295
canons de 6 livres,2,non,,40052
canons de 6 pieds,1,oui,out,741295
canons de bronze,2,non,out,741295
canons de bronze d'une demi livre,1,non,out,741295
canons de différents calibres,1,non,out,741295
canons de fer,319,non,out,741295
canons de fer avec leurs affûts,2,non,out,741295
canons de fer brisés et rompus,1,non,out,741295
canons de fer de 12 livres,3,non,out,741295
canons de fer de 18 à 24 livres,4,non,out,741295
canons de fer de 18 et 30 livres,1,non,out,741295
canons de fer de 18 livres,1,non,out,741295
canons de fer de 2 livres,5,non,out,741295
canons de fer de 3 à 4 livres,1,non,out,741295
canons de fer de 3 livres,4,non,out,741295
canons de fer de 4 livres,16,non,out,741295
canons de fer de 6 livres,6,non,out,741295
canons de fer de 8 livres,2,non,out,741295
canons de fer de 9 livres,1,non,out,741295
canons de fer et balles de fer,1,non,out,741295
canons de fer petits,2,non,out,741295
canons de fer vieux,3,non,out,741295
canons de feu de 4 livres,1,non,out,741295
canons de filoselle,2,non,out,741295
canons de fonte,20,non,out,741295
canons de fonte petit,1,non,out,741295
canons de fusils,37,non,out,741295
canons de fusils vieux,2,non,out,741295
canons de métal,3,non,out,741295
canons de vieux mousquets,1,non,out,741295
canons et affûts,1,non,out,741295
canons vieux,3,non,,40052
canot neuf,1,non,out,741295
cantharides,358,non,out,741295
cantharides et cloportes,2,non,out,741295
cantharides ou mouches d'Espagne,28,non,out,741295
cantines,3,non,out,741295
cantines de cuir,1,non,out,741295
canules,1,non,out,741295
canyolore,3,non,out,741295
caoutchouc,30,non,out,741295
capalme,1,non,out,741295
caparaçons,6,non,out,741295
caparaçons de peau,3,non,out,741295
capeabas,1,non,out,741295
caperies,1,non,out,741295
capes,10,non,out,741295
capes cabas,1,non,out,741295
capes de camelot,3,non,out,741295
capes du Béarn,1,non,out,741295
capies,3,non,out,741295
capillaire,30,non,out,741295
capillaire du Canada,1,non,out,741295
capillaire en herbes,139,non,out,741295
capillaire verte,1,non,out,741295
capiton,10,non,out,741295
capiton de soie,1,non,out,741295
capons,2,non,out,741295
capot,3,non,out,741295
capot et casaques,2,non,out,741295
capotes,14,non,out,741295
capotes de drap,1,non,out,741295
capotes de drap gros,1,non,out,741295
capotes de marrègue,1,non,out,741295
capotes et chemises casaques,1,non,out,741295
capots,149,non,out,741295
capots (drap),1,oui,out,741295
capots (draps),1,non,,40052
capots à nègre,1,non,out,741295
capots de laine,2,non,out,741295
câpres,990,non,out,741295
câpres au vinaigre,4,non,out,741295
câpres communes,3,non,out,741295
câpres communes confits,1,non,out,741295
câpres confits,3,non,out,741295
câpres confits au vinaigre,3,non,out,741295
câpres cornichons et olives,10,non,out,741295
câpres d'Espagne,84,non,out,741295
câpres et cornichons au vinaigre,5,non,out,741295
câpres et olive,4,non,out,741295
câpres et olives,1,non,out,741295
câpres et olives confits,2,non,,40052
câpres fines,4,non,out,741295
câpres gousses,1,non,out,741295
câpres grosses,1,non,out,741295
câpres marinées,5,non,out,741295
câpres non marinées,4,non,out,741295
câpres salées et au vinaigre,0,non,out,741295
capris,4,non,out,741295
capsliattes,4,non,out,741295
caput mortum,2,non,out,741295
carabé,37,non,out,741295
carabé jaune,1,non,out,741295
carabine à air comprimé,3,non,out,741295
caractères à imprimerie,222,non,out,741295
caractères à imprimerie de plomb,4,non,out,741295
caractères à imprimerie en langue allemande,2,non,out,741295
caractères à imprimerie en langue française,2,non,out,741295
caractères à imprimerie hors d'usage,5,non,out,741295
caractères à imprimerie neufs,4,non,out,741295
carafes de verre,1,non,out,741295
carafes de verre blanc,1,non,out,741295
carafons,1,non,,40052
caramel,1,non,out,741295
carants et lanjents,1,non,out,741295
caraterie,1,non,out,741295
carbonate d'ammoniaque,4,non,out,741295
carbonate de magnésie,7,non,out,741295
carbonate de plomb mélangé ou pur,5,non,out,741295
carbonate de plomb très pur,3,non,out,741295
carcajou,1,non,out,741295
carcasse,107,non,out,741295
carcasse à peu de soie,2,non,out,741295
cardage,2,non,out,741295
cardamome,66,non,out,741295
cardes,9,non,out,741295
cardes à carder,345,non,out,741295
cardes à carder le coton en fer,3,non,,40052
cardes à carder neuves,2,non,out,741295
cardes à carder vieilles,1,non,out,741295
cardes à drapier,1,non,out,741295
cardes de bois et de fil de fer,117,non,out,741295
cardes de chanvre,1,non,out,741295
cardes de fil à étirer,1,non,,40052
cardes et cardons champêtres,97,non,out,741295
cardes neuves,7,non,out,741295
cardes vieilles,18,non,out,741295
cardilletrie,3,non,out,741295
cardines,10,non,out,741295
cardines de bois,5,non,out,741295
cardines de sapin,1,non,out,741295
cardon,7,non,out,741295
caret,50,non,out,741295
cargaison,2,oui,out,741295
caril,2,non,out,741295
carillon de fer,4,non,out,741295
carisé,1,non,out,741295
carisé blanc,2,oui,out,741295
carisé des prises,1,non,out,741295
carisé teint,2,oui,out,741295
carisel,28,non,out,741295
carisel blanc,143,non,,40052
carisel ou creseau,1,oui,out,741295
carisel teint,130,non,,40052
carives vieilles,2,non,out,741295
carlé,2,non,out,741295
carmin,11,non,out,741295
carmin commun,3,non,out,741295
carmin fin,2,non,out,741295
carnasse,16,non,out,741295
carnifié,1,non,out,741295
carny,2,non,out,741295
carols,1,non,out,741295
caroots,2,non,out,741295
carosses et harnais,1,non,,40052
carotte,13,non,out,741295
carotte d'enfant,1,non,out,741295
carottes,4,oui,out,741295
carou,1,non,out,741295
caroube,1,non,out,741295
carpe,8,non,,40052
carpe et tanche,1,non,out,741295
carpeaux alevins,5,non,out,741295
carpes,28,non,out,741295
carpes de stockfish,1,non,out,741295
carpes et brochets,115,non,out,741295
carpette,4,non,out,741295
carrabe,2,non,out,741295
carré,62,non,out,741295
carré de fer plat,12,non,out,741295
carreaux,11,non,out,741295
carreaux ???,1,non,out,741295
carreaux à dentelle,4,non,out,741295
carreaux à paver,20,non,out,741295
carreaux à paver de pierre,7,non,out,741295
carreaux à paver de terre,133,non,out,741295
carreaux à vitres,1,non,out,741295
carreaux bleus,2,non,out,741295
carreaux brique et tuiles,2,non,out,741295
carreaux d'ardoise,6,non,out,741295
carreaux d'Île de France,1,non,out,741295
carreaux de Bidache,16,non,out,741295
carreaux de Bidache de pierre,9,non,out,741295
carreaux de brique,48,non,out,741295
carreaux de dentelle,1,non,out,741295
carreaux de faïence,94,non,out,741295
carreaux de genièvre,1,non,out,741295
carreaux de marbre,203,non,out,741295
carreaux de marbre à paver,72,non,out,741295
carreaux de marbre bâtard,4,non,out,741295
carreaux de marbre gros,1,non,out,741295
carreaux de marbre ouvrés,4,non,out,741295
carreaux de marbre pour le Roi,1,non,out,741295
carreaux de moulage,1,non,out,741295
carreaux de pierre,50,non,out,741295
carreaux de pierre de Bidache,1,non,out,741295
carreaux de pierre de terre,1,non,out,741295
carreaux de pierre noire,1,non,out,741295
carreaux de pierres bâtir,1,non,,40052
carreaux de sera,2,non,out,741295
carreaux de Suède,1,non,out,741295
carreaux de terre,349,oui,out,741295
carreaux de terre cuite,369,non,out,741295
carreaux de terre d'or pied demi en carré,1,non,out,741295
carreaux de terre et tuiles bombées,8,non,out,741295
carreaux de terre grands,1,non,out,741295
carreaux de verre,16,non,out,741295
carreaux de verre à vitre,40,non,out,741295
carreaux démoulés,1,non,out,741295
carreaux des prises,1,non,out,741295
carreaux en nombre,1,oui,out,741295
carreaux et ouvrages de terre cuite,0,non,,40052
carreaux façon de marbre,1,non,,40052
carreaux marbre chaux pierres à bâtir,6,non,,40052
carreaux meulage de Brie,1,non,out,741295
carreaux meulage de France,2,non,out,741295
carreaux moulage,4,non,out,741295
carreaux moulage de Brie,7,non,out,741295
carreaux moulage de France,8,non,out,741295
carreaux noirs,3,non,out,741295
carreaux rouges,10,non,out,741295
carrelet,1,non,out,741295
carres,3,non,out,741295
carriole d'enfant,1,non,out,741295
carrole et crouge,1,non,out,741295
carrosse et chaises roulantes,2,non,,40052
carrosses,202,non,out,741295
carrosses et chaises et phaéton,1,non,,40052
carrosses et harnais,1,non,out,741295
carrosses grands montés sur leur train et harnais riche,1,non,out,741295
carrosses neufs,15,non,out,741295
carrosses usés,1,non,out,741295
carrosses vieux,21,non,out,741295
carrue,1,non,out,741295
cartager,1,non,out,741295
cartame,1,non,out,741295
cartes,8,non,out,741295
cartes à chaperonier,1,non,out,741295
cartes à jouer,833,non,out,741295
cartes de géographie sur toile,1,non,out,741295
cartes de la Martinique,1,non,out,741295
cartes des côtes d'Angleterre,1,non,out,741295
cartes géographiques,101,non,out,741295
cartes géographiques de la Chine,1,non,out,741295
cartes géométriques,1,non,out,741295
cartes marines,38,non,out,741295
cartes marines de pêches,1,non,out,741295
carthame,7,non,out,741295
cartignette,1,non,out,741295
carton,241,non,out,741295
carton à drapier,1,non,out,741295
carton assemblé et coupé,2,non,out,741295
carton en feuilles et lustré à presser le drap,2,non,out,741295
carton gracé,1,non,,40052
carton gris,1,non,,40052
carton lustré à presser le drap,2,non,out,741295
carton moulé,6,non,out,741295
carton peint,1,non,out,741295
cartouches,1,non,out,741295
caruane,1,non,out,741295
carubis,70,non,out,741295
carvi,1,non,out,741295
carzé,0,non,out,741295
casaques,15,non,out,741295
casaques à nègre,14,non,out,741295
casaques de froc,1,non,out,741295
casaques de laine,1,non,out,741295
casaques de peau,2,non,out,741295
casaques du cuir,1,non,out,741295
casaques pour matelot,1,non,out,741295
casaquin,3,non,out,741295
cascarilles,43,non,out,741295
casely,1,non,,40052
casimir,8,non,out,741295
casimir de laine,11,non,out,741295
casimir de laine et mérinos,1,non,out,741295
casimir et mérinos fin de laine,23,non,out,741295
casimir fin de laine,10,non,out,741295
casimirs et mérinos de laine,1,non,out,741295
casques,5,non,out,741295
casques à nègre,1,non,out,741295
casques et cuirasses,2,non,out,741295
cassave,4,non,out,741295
casse,106,non,out,741295
casse de fer,3,non,out,741295
casse de laiton,1,non,out,741295
casse des entrepôts,0,non,out,741295
casse en baton,2,oui,out,741295
casse en bâton,3,non,,40052
casse étoffe,4,non,out,741295
casse garnie,1,non,out,741295
cassedis,1,non,out,741295
casseroles de fer,1,non,out,741295
cassi matia,1,non,out,741295
cassia fistula,3,non,out,741295
cassia lignea,160,non,out,741295
cassia sèche,1,non,out,741295
cassin bazas,1,non,out,741295
cassis,3,non,out,741295
cassoles,2,non,out,741295
cassonade,209,non,out,741295
cassonade des Îles,14,non,out,741295
cassonade et sucre,7,non,,40052
cassonade et sucre brut,2,non,,40052
cassube,2,non,out,741295
castalogne,19,non,out,741295
castine et spath,2,non,out,741295
castor,50,non,out,741295
castor blanc,1,non,out,741295
castor bordé d'argent et d'or,1,non,out,741295
castor gras,25,non,out,741295
castor sec,27,non,out,741295
castoreum,30,non,out,741295
castoreum du ???,1,non,out,741295
castus doux,1,non,out,741295
catadarits,0,non,out,741295
Catalogne de laine,1,non,out,741295
Catalogne de poil,2,non,out,741295
catéchismes,1,non,out,741295
catequin,2,non,out,741295
catlas,2,non,out,741295
caubrune,1,non,out,741295
cauride,0,non,out,741295
caurie,1,non,out,741295
caurier,1,non,out,741295
cauris,332,non,out,741295
cauris de retour,1,non,out,741295
cauris des Indes,1,non,out,741295
cauris en sac,1,non,,40052
cauris pour la traite,1,non,out,741295
cauris salés et verts,1,non,out,741295
cauris vernis,1,non,out,741295
causels de bar,10,non,out,741295
causels de bois,2,non,out,741295
causse de cordes,1,non,out,741295
cautardes,1,non,out,741295
cavelle,13,non,out,741295
cavelle de bois,2,non,out,741295
cavelle pour tonneaux,1,non,out,741295
caves,14,non,out,741295
caves à main,1,non,out,741295
caves à tabac,2,non,out,741295
caves de ??? flacons,1,non,out,741295
caves de 10 flacons,1,non,out,741295
caves de 12 flacons,40,non,out,741295
caves de 15 flacons,8,non,out,741295
caves de 21 flacons,1,non,out,741295
caves de 29 flacons,1,non,out,741295
caves de 6 flacons,107,non,out,741295
caves de 6 flacons pour eau-de-vie,1,non,out,741295
caves de 7 flacons,1,non,out,741295
caves de 8 flacons,2,non,out,741295
caves de 9 flacons,65,non,out,741295
caves de flacons,13,non,out,741295
caves et canevettes avec leurs flacons,1,non,,40052
caves et canevettes de 6 flacons,3,non,out,741295
caves files,1,non,out,741295
caves garnies,125,non,out,741295
caves garnies de flacons,5,non,out,741295
caves garnies de flacons de cristal,1,non,out,741295
caves garnies de leurs flacons,4,non,out,741295
caves non garnies de flacons,1,non,out,741295
caves ou flacons,1,non,out,741295
cavettes de bois,3,non,out,741295
cavettes de grès,4,non,out,741295
cavial,4,non,out,741295
caviers de terre,0,non,out,741295
cavizé,0,non,out,741295
cayette,1,non,out,741295
cazé,0,non,out,741295
cazin bazar,1,non,out,741295
ceaustatille étoffe,1,non,out,741295
cédrat,108,non,out,741295
cédrat frais,0,non,out,741295
cédrat zestes confits,26,non,out,741295
cèdre,7,non,out,741295
ceintures,12,non,out,741295
ceintures brodées,1,non,out,741295
ceintures brodées de soie,1,non,out,741295
ceintures d'argent et d'or,1,non,out,741295
ceintures d'argent fin,1,non,out,741295
ceintures d'épée,1,non,out,741295
ceintures de coton,7,non,cotton goods,18103
ceintures de cuir,1,non,out,741295
ceintures de laine,37,non,out,741295
ceintures de laine et de fil,1,non,out,741295
ceintures de robe de chambre,4,non,out,741295
ceintures de soie,21,non,out,741295
ceintures marines,1,non,out,741295
ceintures pour matelot,1,non,out,741295
ceintures pour prêtre,9,non,out,741295
ceinturons,27,non,out,741295
ceinturons brodés,1,non,out,741295
ceinturons brodés d'argent,1,non,out,741295
ceinturons brodés d'or,1,non,out,741295
ceinturons de buffle,3,non,out,741295
ceinturons de chamois,1,non,out,741295
ceinturons de coton,1,non,cotton goods,18103
ceinturons de cuir,3,non,out,741295
ceinturons de laine,1,non,out,741295
ceinturons de peau,1,non,out,741295
ceinturons de soie,8,non,out,741295
ceinturons et bandoulières,65,non,out,741295
ceinturons et bandoulières et gibernes,19,non,out,741295
ceinturons et gibernes,1,non,,40052
ceinturons piqués,1,non,out,741295
ceinturons pour épée,1,non,out,741295
ceinturons unis,2,non,out,741295
céleris,35,non,out,741295
cendaline,3,non,out,741295
cendre,440,non,out,741295
cendre ???,2,non,out,741295
cendre à engraisser,16,non,out,741295
cendre à fumer,5,non,out,741295
cendre à fumer terre,29,non,out,741295
cendre à houille,1,non,out,741295
cendre à orfèvre,24,non,out,741295
cendre à savon,1,non,out,741295
cendre barille,3,non,out,741295
cendre barille de soudes,4,non,,40052
cendre blanche,1,non,out,741295
cendre bleue,77,non,out,741295
cendre bleue et verte,5,non,out,741295
cendre bourde,327,non,out,741295
cendre bourre de soudes,4,non,,40052
cendre broyée à l'huile,1,non,out,741295
cendre calcinée,2,non,out,741295
cendre cassant,8,non,out,741295
cendre casseaux,31,non,out,741295
cendre commune,268,non,out,741295
cendre d'Angleterre,6,non,out,741295
cendre d'Égypte,1,non,out,741295
cendre d'os,1,non,out,741295
cendre de barille,20,non,out,741295
cendre de barille en pierre,2,non,out,741295
cendre de barille et fonde,1,non,out,741295
cendre de bois,436,non,out,741295
cendre de bois commune,127,non,out,741295
cendre de bois vive,3,non,out,741295
cendre de chaux,82,non,out,741295
cendre de courbe,3,oui,out,741295
cendre de cuivre,1,non,out,741295
cendre de Damas,1,non,out,741295
cendre de fonde,6,non,out,741295
cendre de frène,14,non,out,741295
cendre de goëmon,2,non,,40052
cendre de goëmon ou soudes,1,non,,40052
cendre de grignon,4,non,out,741295
cendre de griguonia,3,non,out,741295
cendre de houille,125,non,out,741295
cendre de lessive,51,non,out,741295
cendre de Lyon,1,non,out,741295
cendre de Malte,3,non,out,741295
cendre de mer,18,non,out,741295
cendre de monnaie,1,non,out,741295
cendre de narc,1,non,,40052
cendre de natron,1,non,out,741295
cendre de paille et de tourbe,1,non,out,741295
cendre de plomb,45,non,out,741295
cendre de Sicile,27,non,out,741295
cendre de tabac,2,non,out,741295
cendre de tourbe,116,non,out,741295
cendre de varech,27,non,out,741295
cendre de varet,6,non,out,741295
cendre de verre,5,non,out,741295
cendre de vitarch,1,non,out,741295
cendre des rois,1,non,out,741295
cendre du Levant,9,non,out,741295
cendre en lest,1,non,,40052
cendre lessivée,2,non,out,741295
cendre mature à saveur de soude,1,non,,40052
cendre menuisée,1,non,out,741295
cendre poland,1,non,out,741295
cendre poreuse,5,non,out,741295
cendre pour manufactures,42,non,out,741295
cendre pour nettoyer les pots,1,non,out,741295
cendre pour verrerie,2,non,out,741295
cendre salicor,1,non,out,741295
cendre saline,4,non,out,741295
cendre soudes,5,non,,40052
cendre soudes d'Égypte ou Natrum,0,non,out,741295
cendre verte,9,non,out,741295
cendres bourde,1,oui,,40052
cendres de nark,1,oui,,40052
cendres de varech,4,oui,,40052
censes de bâtiments,2,non,out,741295
centre de goëmon,1,oui,,40052
cercles,133,non,out,741295
cercles à barils,48,oui,out,741295
cercles à barriques,12,oui,out,741295
cercles à bobillons,3,oui,out,741295
cercles à bottes,2,oui,out,741295
cercles à paniers,2,oui,out,741295
cercles à pipes,13,oui,out,741295
cercles à quart,1,oui,out,741295
cercles à quarts,1,oui,,40052
cercles à relier,4,oui,out,741295
cercles à tamis,54,oui,out,741295
cercles à tamis dits standrepen,0,oui,out,741295
cercles à tonneaux,277,oui,out,741295
cercles à tonneaux en roues,2,oui,,40052
cercles communs,17,non,out,741295
cercles d'osier,85,non,out,741295
cercles de 10 à 12 pieds,41,non,out,741295
cercles de 12 à 16 pieds,58,non,out,741295
cercles de 7 à 11 pieds,17,non,out,741295
cercles de 8 à 10 pieds,48,non,out,741295
cercles de 9 à 12 pieds,31,non,out,741295
cercles de bois,871,non,out,741295
cercles de bois à quarts,1,oui,out,741295
cercles de bois à tonneaux,20,oui,out,741295
cercles de bois et feuillards de bois,40,non,out,741295
cercles de bois et osier,1,non,out,741295
cercles de bois pour barils,2,non,out,741295
cercles de bois pour barriques,3,non,out,741295
cercles de bois pour bobillons,1,non,out,741295
cercles de bois pour la mire,0,non,out,741295
cercles de bois pour pipes,2,non,out,741295
cercles de bois pour quarts,1,non,,40052
cercles de bois pour tamis,2,non,out,741295
cercles de bois pour tanier,3,non,out,741295
cercles de bois pour tonneaux,22,non,,40052
cercles de cuivre de poil,1,non,out,741295
cercles de demitte,1,non,out,741295
cercles de douves,1,non,,40052
cercles de faux,1,non,out,741295
cercles de fer,452,non,out,741295
cercles de fer et feuillardes de fer,3,non,out,741295
cercles de fers,3,non,out,741295
cercles de feuillards,2,non,out,741295
cercles de jonc,7,non,out,741295
cercles de retour,1,non,,40052
cercles et feuillards,1,non,out,741295
cercles ou feuillards de fer,10,non,,40052
cercles pour barils,48,non,,40052
cercles pour barriques,13,non,,40052
cercles pour barriques de bois,1,non,out,741295
cercles pour bobillons,3,non,,40052
cercles pour bottes,2,non,,40052
cercles pour paniers,2,non,,40052
cercles pour pipes,13,non,,40052
cercles pour quarts,1,non,,40052
cercles pour relier,4,non,,40052
cercles pour tamis,59,non,,40052
cercles pour tamis dits standrepen,86,non,,40052
cercles pour tonneaux,393,non,,40052
cercles pour tonneaux en roues,2,non,,40052
cercocole,1,non,out,741295
céréales,1,non,,40052
cerf-volant,1,non,out,741295
cerises,32,non,out,741295
cerneaux,1,non,out,741295
céruse,930,non,out,741295
céruse et blanc de plomb,130,non,out,741295
cervelas,99,non,out,741295
cervelas salées et cuisses d'oie salées et langues salèes,4,non,out,741295
cévadille,11,non,out,741295
cha ??,1,non,,40052
chades,1,non,out,741295
chafarcani,5,non,,40052
chafarcany,4,oui,out,741295
chagrin,4,non,out,741295
chagrin de soie,6,non,out,741295
chaînes de fer,40,non,out,741295
chaînes de laiton,1,non,out,741295
chaînes de montres,4,non,out,741295
chaînes de montres serties d'or,1,non,out,741295
chair,7,non,out,741295
chair ???,1,non,out,741295
chair cuite,1,non,out,741295
chair de bœuf,5,non,out,741295
chair de boucherie,6,non,out,741295
chair de gibier et de volailles,8,non,out,741295
chair de morue,1,non,out,741295
chair de porcs,7,non,out,741295
chair de volaille et chair de gibier,28,non,out,741295
chair et lard enfumé et salé,146,non,out,741295
chair et lard frais,133,non,out,741295
chair et poisson,1,non,out,741295
chair fraîche,4,non,out,741295
chair fraîche et salée,15,non,out,741295
chair fumée,30,non,out,741295
chair salée,946,non,out,741295
chair salée de bœuf,4,non,,40052
chair salée de jambon de porcs,1,non,out,741295
chair salée de porcs,25,non,out,741295
chair salée et chair fraîche,208,non,out,741295
chair salée ou lard,1,non,out,741295
chaise garnie de cannes,2,non,out,741295
chaise garnie de maroquin,2,non,out,741295
chaises,20,non,out,741295
chaises à deux roues,17,non,out,741295
chaises à porteur,5,non,out,741295
chaises à rouler les enfants,2,non,out,741295
chaises communes,2,non,out,741295
chaises d'enfant,1,non,out,741295
chaises de bois,16,non,out,741295
chaises de bois de sapin,1,non,out,741295
chaises de canne,52,non,out,741295
chaises de commodité,182,non,out,741295
chaises de commodité et leurs pots,6,non,out,741295
chaises de commodité et leurs pots de faïence,1,non,out,741295
chaises de fer,7,non,out,741295
chaises de fer harnais,1,non,out,741295
chaises de jonc,42,non,out,741295
chaises de maroquin,6,non,out,741295
chaises de noyer,3,non,out,741295
chaises de paille,476,non,out,741295
chaises de paille et canapé,1,non,out,741295
chaises de paille et fauteuils de paille,7,non,out,741295
chaises de poste,20,non,out,741295
chaises de poste et fauteuils de poste,2,non,out,741295
chaises de poste et harnais,1,non,out,741295
chaises de rotin,16,non,out,741295
chaises de rotin et fauteuils,1,non,out,741295
chaises de tapisserie,1,non,out,741295
chaises et cabriolets,118,non,out,741295
chaises et fauteuils,21,non,out,741295
chaises et fauteuils de bois,7,non,out,741295
chaises et fauteuils de canne,6,non,out,741295
chaises et fauteuils de commodité,1,non,out,741295
chaises et fauteuils de jonc,3,non,out,741295
chaises garnies,5,non,out,741295
chaises paillées,1,non,out,741295
chaises pliantes,1,non,out,741295
chaises pliantes de cuir de Russie,1,non,out,741295
chaises pour enfant,1,non,out,741295
chaises roulantes,20,non,out,741295
chaises roulantes avec harnais,1,non,out,741295
chaises roulantes avec leur train,1,non,out,741295
chaises roulantes vieilles,1,non,out,741295
chalbafs,12,non,out,741295
châles brochés et façonnés de laine,2,non,out,741295
châles couvertures et tapis de fleuret,1,non,out,741295
châles de cachemire de poil,1,non,out,741295
châles de laine,43,non,out,741295
châles de laine brochés et façonnés,1,non,out,741295
châles de laine et de poil,46,non,out,741295
châles de percale de coton imprimée,2,non,cotton goods,18103
châles des Indes,0,non,cotton goods,18103
châles et mouchoirs,15,non,out,741295
châles et mouchoirs de coton,81,non,cotton goods,18103
châles et mouchoirs de laine,48,non,out,741295
châles et mouchoirs de soie,156,non,out,741295
châles et mouchoirs de soie façonnée pure et unie,2,oui,out,741295
chalons,25,non,out,741295
chalons blancs,6,non,out,741295
chalons blancs soufrés,4,non,out,741295
chalons peints,8,non,out,741295
chalotte,1,non,,40052
chaloupe,2,non,out,741295
chaloupe démontée,3,non,out,741295
chambranle de cheminé en marbre,1,non,,40052
chambre d'enfant,1,non,out,741295
chamois,1,non,out,741295
chamois passé en jaune,6,non,out,741295
chamoisure,1,non,out,741295
champ fleurs,1,non,out,741295
champheuv,1,non,out,741295
champignons,101,non,out,741295
champignons confits,4,non,out,741295
champignons et morilles,2,non,out,741295
champignons et morilles et truffes,1,non,,40052
champignons et truffes,1,non,out,741295
champignons marinés,1,non,out,741295
champignons secs,28,non,out,741295
chandal,1,non,out,741295
chandeliers d'église en or,1,non,out,741295
chandeliers de bois,1,non,out,741295
chandeliers de bois de Nuremberg,1,non,out,741295
chandeliers de cuivre,14,non,out,741295
chandeliers de cuivre argentés,2,non,out,741295
chandeliers de fer,1,non,out,741295
chandeliers de laiton,3,non,out,741295
chandelle,1782,non,out,741295
chandelle à porteur,1,non,out,741295
chandelle de bois,1,non,out,741295
chandelle de canne,4,non,out,741295
chandelle de chanvre et suif,7,non,out,741295
chandelle de commodité,3,non,out,741295
chandelle de jonc,1,non,out,741295
chandelle de paille,9,non,out,741295
chandelle de résines,1,non,out,741295
chandelle de rotin,1,non,out,741295
chandelle de sperme de baleine,1,non,out,741295
chandelle de suif,386,non,out,741295
chandelle de suif et suif,11,non,out,741295
chandelle de suif et suif fondu,1,non,out,741295
chandelle et suif,3,non,,40052
chandelle moitié cire,1,non,out,741295
chandelle moulée,2,non,out,741295
chandelle roulante,1,non,out,741295
changeant,6,non,out,741295
chanoni,1,non,out,741295
chantournés de lit en satin,2,non,,40052
chantournés de lit en satin brodé,2,non,,40052
chanvre,4721,non,out,741295
chanvre apprêté,13,non,out,741295
chanvre battu,56,non,out,741295
chanvre brut,54,non,out,741295
chanvre chiné,1,non,,40052
chanvre commun,3,non,out,741295
chanvre cru,1040,non,out,741295
chanvre de masse,9,non,out,741295
chanvre de retour,2,non,,40052
chanvre deuxième qualité,1,non,out,741295
chanvre dit chenevolle,1,non,out,741295
chanvre divers,45,non,out,741295
chanvre écru,16,non,out,741295
chanvre en liens,4,oui,out,741295
chanvre en masses,45,non,out,741295
chanvre en ramade,1,non,out,741295
chanvre en rames,154,non,out,741295
chanvre en rames (c'est à dire du Nord),1,non,out,741295
chanvre en tiges brutes choisie sèches ou vertes,2,non,out,741295
chanvre en tiges brutes sèches roules ou vertes,3,non,out,741295
chanvre et lin,10,non,out,741295
chanvre fin,1,non,out,741295
chanvre frisé,1,non,out,741295
chanvre peigné,666,non,out,741295
chanvre piqué,2,non,,40052
chanvre pour filer,2,non,out,741295
chanvre première qualité,4,non,out,741295
chanvre préparé,3,non,out,741295
chanvre saisir,1,non,out,741295
chanvre taillé et étoupes,3,non,out,741295
chanvre tillé,1,non,out,741295
chanvre tillé et étoupes,7,non,out,741295
chanvre treillé,1,non,,40052
chanvre vieux,1,non,,40052
chanvreau,1,non,,40052
chanvrier de cuivre,1,non,out,741295
chapeaux,753,non,out,741295
chapeaux ? castor,6,non,out,741295
chapeaux à border,1,non,out,741295
chapeaux a migette,1,non,,40052
chapeaux à nègre,236,non,out,741295
chapeaux à page,2,non,out,741295
chapeaux anglais,2,non,out,741295
chapeaux bâtards,10,non,out,741295
chapeaux blancs,1,non,out,741295
chapeaux bordés,54,non,out,741295
chapeaux bordés argent et or de poil,1,non,out,741295
chapeaux bordés avec éléments,1,non,out,741295
chapeaux bordés d'argent,0,non,out,741295
chapeaux bordés d'argent de castor,1,non,out,741295
chapeaux bordés d'argent et d'or,4,non,out,741295
chapeaux bordés d'argent et d'or de castor,10,non,out,741295
chapeaux bordés d'or,8,non,out,741295
chapeaux bordés d'or de castor,10,non,out,741295
chapeaux bordés d'or de demi-castor,1,non,out,741295
chapeaux bordés d'or et d'argent faux communs,1,non,out,741295
chapeaux bordés d'or faux,3,non,out,741295
chapeaux bordés d'or faux de laine,2,non,out,741295
chapeaux bordés de castor,11,non,out,741295
chapeaux bordés de point d'Espagne,1,non,out,741295
chapeaux bordés en faux de laine,1,non,out,741295
chapeaux brodés,12,non,out,741295
chapeaux brodés d'argent,2,non,out,741295
chapeaux brodés d'argent de castor,4,non,out,741295
chapeaux brodés d'argent et d'or,1,non,out,741295
chapeaux brodés d'or,6,non,out,741295
chapeaux chinois et grosse caisse,1,non,out,741295
chapeaux cirés,1,non,out,741295
chapeaux communs,305,non,out,741295
chapeaux communs de laine,1,non,,40052
chapeaux communs de laine ou de poil,6,non,out,741295
chapeaux communs de paille,197,non,out,741295
chapeaux d'écorce,4,non,out,741295
chapeaux d'écorce d'arbre,5,non,out,741295
chapeaux d'écorce de bois et de paille,151,non,out,741295
chapeaux d'écorce de tilleul,1,non,out,741295
chapeaux d'écorce et de paille,21,non,out,741295
chapeaux d'écorce fins,1,non,out,741295
chapeaux d'enfant,1,non,out,741295
chapeaux d'osier,1,non,out,741295
chapeaux d'ourson,1,non,out,741295
chapeaux dauphins,4,non,out,741295
chapeaux de bois,11,non,out,741295
chapeaux de bois et de paille,2,non,,40052
chapeaux de castor,651,non,out,741295
chapeaux de castor brodés,2,non,out,741295
chapeaux de castor de feutre fin ou de laine,1,non,,40052
chapeaux de castor de mi-castor et de soie,1,non,,40052
chapeaux de castor et de poil,2,non,out,741295
chapeaux de castor fins,1,non,out,741295
chapeaux de castor fins et mi castor et de soie,2,non,,40052
chapeaux de castor noir,2,non,out,741295
chapeaux de castor unis,11,non,out,741295
chapeaux de castor vernis,4,non,out,741295
chapeaux de coton,18,non,cotton goods,18103
chapeaux de coupeau,2,non,out,741295
chapeaux de crin,1,non,out,741295
chapeaux de cuir,7,non,out,741295
chapeaux de demi-castor,601,non,out,741295
chapeaux de demi-vigogne,59,non,out,741295
chapeaux de femme,3,non,out,741295
chapeaux de feutre,46,non,out,741295
chapeaux de feutre communs,3,non,out,741295
chapeaux de feutre unis,1,non,out,741295
chapeaux de laine,417,non,out,741295
chapeaux de laine à nègre,10,non,out,741295
chapeaux de laine communs,15,non,out,741295
chapeaux de laine des prises,4,non,out,741295
chapeaux de laine et de poil,807,non,out,741295
chapeaux de laine unis,1,non,out,741295
chapeaux de loutre,5,non,out,741295
chapeaux de mi castor,3,non,out,741295
chapeaux de paille,359,non,out,741295
chapeaux de paille communs,3,non,out,741295
chapeaux de paille de riz,2,non,out,741295
chapeaux de paille dits garde-soleils,45,non,out,741295
chapeaux de paille et sparterie,31,non,out,741295
chapeaux de poil,66,non,out,741295
chapeaux de poil de laine,3,non,out,741295
chapeaux de poil estain,1,oui,out,741295
chapeaux de poil et de laine,36,non,out,741295
chapeaux de satin,2,non,out,741295
chapeaux de soie,10,non,out,741295
chapeaux de taffetas,1,non,out,741295
chapeaux de velours,2,non,out,741295
chapeaux de vigogne,105,non,out,741295
chapeaux demi,1,non,out,741295
chapeaux des prises,3,non,out,741295
chapeaux en poil et laine,1,non,out,741295
chapeaux fins,11,non,out,741295
chapeaux fins de castor de laine ou de soie,2,non,out,741295
chapeaux fins de laine de castor ou de soie,3,non,out,741295
chapeaux fins de laine et de poil,2,non,out,741295
chapeaux fins de paille,3,non,out,741295
chapeaux fins de soie,2,non,out,741295
chapeaux fins des prises,1,non,out,741295
chapeaux garnis,3,non,out,741295
chapeaux gris,1,non,out,741295
chapeaux grossiers,9,non,out,741295
chapeaux grossiers d'écorce,1,non,out,741295
chapeaux grossiers d'écorce de paille et de sparte,10,non,out,741295
chapeaux grossiers d'écorce de sparte,1,non,out,741295
chapeaux grossiers de paille,3,non,out,741295
chapeaux grossiers ou fins d'écorce de paille et de sparte,1,non,out,741295
chapeaux Maine,2,non,out,741295
chapeaux neufs,4,non,out,741295
chapeaux non brodés de castor,2,non,out,741295
chapeaux ordinaires,3,non,out,741295
chapeaux perle,1,non,out,741295
chapeaux perse,3,non,out,741295
chapeaux poil eclayre,1,non,,40052
chapeaux poil laine,2,non,out,741295
chapeaux pour nègre,7,non,out,741295
chapeaux sortis,1,non,out,741295
chapeaux unis,2,non,out,741295
chapeaux unis et demi forme,2,non,out,741295
chapeaux vieux,46,non,out,741295
chapelets,36,non,out,741295
chapelets communs,1,non,out,741295
chapelets de bois,25,non,out,741295
chapelets de coco,7,non,out,741295
chapelets de Jérusalem,1,non,out,741295
chapelets de verre,5,non,out,741295
chapelière de castor,2,non,out,741295
chapellerie,6,oui,,40052
chapellerie commune de laine,1,oui,out,741295
chapellerie commune de laine ou de poil,1,oui,out,741295
chapellerie de castor,1,oui,out,741295
chapellerie de castor de feutre fin ou de laine,1,oui,out,741295
chapellerie de toutes sortes,6,oui,,40052
chapes de fer,1,non,out,741295
chaplas,2,non,out,741295
chapons,11,non,out,741295
chapons gras,4,non,out,741295
chaquelas,6,non,out,741295
charbon,404,non,out,741295
charbon d'Angleterre de terre,4,non,out,741295
charbon de bois,620,non,out,741295
charbon de bois et chènevotte,1,non,out,741295
charbon de bois et de terre,163,non,out,741295
charbon de bois ou de chènevotte,2,non,out,741295
charbon de bois ou de chènevotte en hectolitres,2,non,out,741295
charbon de bois ou de chènevotte en kilogrammes,2,non,out,741295
charbon de boulanger,1,non,out,741295
charbon de boulanger et braisette,10,non,out,741295
charbon de forge,1,non,,40052
charbon de pierre,61,non,out,741295
charbon de pin,10,non,out,741295
charbon de terre,1776,non,,40052
charbon de terre cargo,2,non,,40052
charbon de terre en lest,1,non,,40052
charbon de terre grenier,2,non,,40052
charbon de terre pour cuire chaux,14,non,out,741295
charbon houille,229,non,out,741295
charcanas,1,non,out,741295
chardons,13,non,out,741295
chardons à drapier,133,non,out,741295
chardons cardère,18,non,out,741295
chardons cardiers,12,non,out,741295
charfarcani,3,non,cotton goods,18103
chargé,32,non,,40052
charge en fer-blanc,1,non,out,741295
charié,1,non,,40052
chariots,14,non,out,741295
chariots à feu,1,non,out,741295
chariots neufs,1,non,out,741295
chariots tombereaux et voitures à échelles,3,non,out,741295
charlotonne,2,non,out,741295
charnière de marbre,1,non,out,741295
charonies,1,non,out,741295
charonin,1,non,out,741295
charpente,3,non,,40052
charpente démontée,1,non,out,741295
charpie,2,non,out,741295
charpie et drilles en feuille,2,non,out,741295
charrée,6,non,out,741295
charrettes,11,non,out,741295
charrettes neuves,1,non,out,741295
charrettes vieilles,1,non,out,741295
charrues,21,non,out,741295
charrues de fer,1,non,out,741295
chaselas des Indes,3,oui,out,741295
chasse-mouches,1,non,out,741295
châssis de bois,1,non,out,741295
chasuble,9,non,out,741295
châtaignes,1001,non,out,741295
châtaignes biscuites,11,non,out,741295
châtaignes blanches,16,non,out,741295
châtaignes confites,1,non,out,741295
châtaignes et marrons,108,non,out,741295
châtaignes et marrons et noix,8,non,out,741295
châtaignes et marrons frais,11,non,out,741295
châtaignes et noix,2,non,out,741295
châtaignes fraîches,28,non,out,741295
châtaignes fraîches et marrons frais,18,non,out,741295
châtaignes sèche,18,non,out,741295
châtaignes sèches,43,non,out,741295
châtaigniers,1,non,out,741295
chateis,1,non,out,741295
chatons,1,non,out,741295
chau ???,1,non,out,741295
chaud,1,non,out,741295
chaud de cuivre,1,non,out,741295
chaudière,2,non,,40052
chaudière à brai,1,non,out,741295
chaudière à distiller,2,non,out,741295
chaudière à guildives,3,non,out,741295
chaudière à nègre,1,non,out,741295
chaudière à sucre,6,non,out,741295
chaudière de cuivre,70,non,out,741295
chaudière de cuivre à sucre,1,non,out,741295
chaudière de cuivre et sa serpentine,1,non,out,741295
chaudière de cuivre et ustensiles,1,non,out,741295
chaudière de cuivre grande,2,non,out,741295
chaudière de cuivre jaune,1,non,out,741295
chaudière de cuivre rouge et foudre de cuivre rouge,2,non,out,741295
chaudière de fer,145,non,out,741295
chaudière de fer et marmites de fer,1,non,out,741295
chaudière de fonte,31,non,out,741295
chaudière de fonte et marmites de fonte,5,non,,40052
chaudière de marmites de potin,2,non,out,741295
chaudière de patine,1,non,out,741295
chaudière de potier,1,non,out,741295
chaudière de potin,4,non,out,741295
chaudière et marmites de ???,4,non,,40052
chaudière et marmites et étuve de fonte,5,non,out,741295
chaudières de fonte,21,oui,out,741295
chaudières de fonte et marmites de fonte,5,oui,out,741295
chaudières et marmites de ???,4,oui,out,741295
chaudron,3,non,out,741295
chaudron d'airain,2,non,out,741295
chaudron de cuivre,175,non,out,741295
chaudron de cuivre et bassin de cuivre,1,non,out,741295
chaudron de cuivre et neptune de cuivre,1,non,out,741295
chaudron de cuivre jaune,4,non,out,741295
chaudron de cuivre pour l'entrepôt de la Compagnie de Guinée,1,non,out,741295
chaudron de cuivre rouge,3,non,out,741295
chaudron de fer,3,non,out,741295
chaudron de potin,1,non,out,741295
chauffe-pieds,32,non,out,741295
chauffe-pieds garnis,1,non,out,741295
chaufferettes,2,non,out,741295
chaufferettes de bois,1,non,out,741295
chauffeur,2,non,,40052
chausse-pieds,34,non,out,741295
chausse-pieds avec leurs terrasses,1,non,out,741295
chausseterie,1,non,out,741295
chaussetterie de laine,1,non,out,741295
chaussettes,15,non,out,741295
chaussettes de coton,2,non,cotton goods,18103
chaussettes de fil,119,non,out,741295
chaussettes de fil par paires,0,oui,out,741295
chaussettes de toile,3,non,out,741295
chaussons de carisee et drap à laver maison,3,non,out,741295
chaussons de fil,2,non,out,741295
chaussons de laine,3,non,out,741295
chaussons de laine de Ségovie,1,non,out,741295
chaussures pour tisserand,1,non,out,741295
chaux,692,non,out,741295
chaux à bâtir,4,non,out,741295
chaux calcinée ou cuite,2,non,out,741295
chaux en pierre ou éteinte,1,non,out,741295
chaux et cendre,1,non,out,741295
chaux et cendre de chaux mêlées,4,non,out,741295
chaux et pierres et plâtre,14,oui,out,741295
chaux et plâtre et ciment,48,non,out,741295
chaux éteinte,15,non,out,741295
chaux fondue,4,non,out,741295
chaux vive,17,non,out,741295
chavonis,3,non,out,741295
chelöes,2,non,out,741295
cheminée de marbre,5,non,out,741295
cheminée de pierre de lierre,1,non,out,741295
cheminée en fonte,1,non,,40052
cheminée statues etc.,2,non,out,741295
chemise à étoupes,1,non,,40052
chemise de toile,2,oui,,40052
chemises,214,non,out,741295
chemises à fumer,1,non,out,741295
chemises à nègre,83,non,out,741295
chemises assorties,2,non,out,741295
chemises blanches ouvrées,1,non,out,741295
chemises bleues,2,non,out,741295
chemises bretonnes,69,non,out,741295
chemises bretonnes garnies,1,non,out,741295
chemises bretonnes unies,1,non,out,741295
chemises brodées,3,non,out,741295
chemises communes,73,non,out,741295
chemises communes non garnies,1,non,out,741295
chemises communes unies,1,non,out,741295
chemises d'homme,2,non,out,741295
chemises de batiste,1,non,out,741295
chemises de Bretagne,5,non,out,741295
chemises de chanvre de Riello,1,non,out,741295
chemises de coton,1,non,cotton goods,18103
chemises de fil de coton,1,non,cotton goods,18103
chemises de grosse toile à nègre,3,non,out,741295
chemises de guingans,20,oui,out,741295
chemises de Laval,3,non,out,741295
chemises de lin,18,non,out,741295
chemises de lin garnies,4,non,out,741295
chemises de lin garnies de batiste,1,non,out,741295
chemises de lin garnies unies,3,non,out,741295
chemises de nègre,1,non,out,741295
chemises de siamoise,1,non,out,741295
chemises de soldat,1,non,out,741295
chemises de toile,7,non,out,741295
chemises de toile bleue,1,non,out,741295
chemises de toile bretonne,4,non,out,741295
chemises de toile communes,2,non,out,741295
chemises de toile de Bretagne,11,non,out,741295
chemises de toile de Bretagne diverses,1,non,out,741295
chemises de toile de Bretagne garnies,2,non,out,741295
chemises de toile de Bretagne rayée,1,non,out,741295
chemises de toile de coton,4,non,cotton goods,18103
chemises de toile de Laval,2,non,out,741295
chemises de toile de Laval garnies,1,non,out,741295
chemises de toile de lin,17,non,out,741295
chemises de toile de lin garnies,6,non,out,741295
chemises de toile de Morlaix,1,non,out,741295
chemises de toile de Saint-Jean,1,non,out,741295
chemises de toile garnies,1,non,out,741295
chemises de toile guingans,20,non,,40052
chemises de toile rayée,2,non,out,741295
chemises fines,37,non,out,741295
chemises garnies,243,non,out,741295
chemises garnies de Batiste,2,non,out,741295
chemises garnies de mousseline,4,non,out,741295
chemises garnies de paille,1,non,out,741295
chemises garnies et fines,3,non,out,741295
chemises garnies pour femme,1,non,out,741295
chemises garnies pour homme,1,non,out,741295
chemises grosses,1,non,out,741295
chemises grosses de toile à nègre,3,non,out,741295
chemises moins communes,2,non,out,741295
chemises neutres,1,non,out,741295
chemises neuves,8,non,out,741295
chemises non garnies,4,non,out,741295
chemises ordinaires,1,non,out,741295
chemises ouvrées,1,non,,40052
chemises pour homme,2,non,out,741295
chemises pour homme communes,1,non,out,741295
chemises pour soldat,1,non,out,741295
chemises royales,1,non,out,741295
chemises unies,91,non,out,741295
chemises vieilles,9,non,out,741295
chemisettes,2,non,out,741295
chemisier,1,non,out,741295
chemisons garnis,1,non,out,741295
chêne en blocs,1,non,out,741295
chenets de fer,1,non,,40052
chenille,1,non,out,741295
chenille au quart,1,non,out,741295
chenille de bois,5,non,out,741295
chenille de chêne,3,non,out,741295
chenille de flavret,1,non,out,741295
chenille de soie,18,non,out,741295
cheval de bois,1,non,out,741295
chévaque,0,non,out,741295
chevaux,698,non,out,741295
chevaux à bas prix,20,non,out,741295
chevaux à haut prix,11,non,out,741295
chevaux à moyen prix,7,non,out,741295
chevaux anglais,1,non,out,741295
chevaux arabes,1,non,out,741295
chevaux d'Espagne,1,non,out,741295
chevaux d'un an,1,non,out,741295
chevaux de Barbarie,1,non,out,741295
chevaux de bois,5,non,out,741295
chevaux de labour,101,non,out,741295
chevaux de labour et mules et mulets,4,non,out,741295
chevaux de remontage,1,non,,40052
chevaux de selle,3,non,out,741295
chevaux de service,2,non,,40052
chevaux de trois ans,1,non,out,741295
chevaux et ânes,4,non,out,741295
chevaux et mulets,2,non,out,741295
chevaux et poulains,1,non,out,741295
chevaux hongres,10,non,out,741295
chevaux petits,1,non,out,741295
chevaux poulains de lait,1,non,out,741295
chevaux pour enfant,1,non,out,741295
chevaux pour le haras,1,non,out,741295
chevaux vieux,1,non,out,741295
cheveux,341,non,out,741295
cheveux à perruques,106,non,out,741295
cheveux apprêtés,1,non,out,741295
cheveux communs,39,non,out,741295
cheville,103,non,out,741295
cheville de bois,12,non,out,741295
cheville de chêne,2,non,out,741295
cheville de fer,3,non,out,741295
chevilles et masses de fer,2,non,out,741295
chevillières,1,non,out,741295
chevillières à tresser,1,non,out,741295
chevillières de fil,2,non,out,741295
chèvre,184,non,out,741295
chevreaux,12,non,out,741295
chevreaux à moyen prix,1,non,out,741295
chevreuil,3,non,out,741295
chevreuil en chamois et peaux de cerf,1,non,out,741295
chevrons,78,non,out,741295
chevrons d'acajou,10,non,out,741295
chevrons de 10 pieds,1,non,out,741295
chevrons de 12 pieds,1,non,out,741295
chevrons de 16 pieds,1,non,out,741295
chevrons de 18 pieds,3,non,out,741295
chevrons de 25 pieds,1,non,out,741295
chevrons de 26 pieds,1,non,out,741295
chevrons de 45 à 50 pieds,1,non,out,741295
chevrons de 5 pieds en acajou,1,non,out,741295
chevrons de 6 pieds en acajou,1,non,out,741295
chevrons de 8 pieds,1,non,out,741295
chevrons de 8 pieds en acajou,1,non,out,741295
chevrons de 9 pieds,1,non,,40052
chevrons de bois,11,non,out,741295
chevrons de bois d'acajou de 8 pieds,1,non,,40052
chevrons de bois de noyer de 12 pieds de long,1,non,out,741295
chevrons de cèdre,1,non,out,741295
chevrons de chêne,11,non,out,741295
chevrons de chêne de 10 pieds,1,non,out,741295
chevrons de chêne de 11 pieds,1,non,out,741295
chevrons de chêne de 12 à 18 pieds,1,non,out,741295
chevrons de chêne de 12 pieds,1,non,out,741295
chevrons de chêne de 15 pieds,1,non,out,741295
chevrons de chêne de 16 pieds,2,non,out,741295
chevrons de chêne de 18 pieds,4,non,out,741295
chevrons de chêne de 22 pieds,1,non,out,741295
chevrons de chêne de 5 à 6 pieds,1,non,out,741295
chevrons de chêne de 6 pieds,1,non,out,741295
chevrons de chêne de 7 pieds,1,non,out,741295
chevrons de chêne de 8 pieds,1,non,out,741295
chevrons de chêne de 9 pieds,1,non,out,741295
chevrons de merisier,1,non,out,741295
chevrons de noyer,1,non,,40052
chevrons de pin,1,non,out,741295
chevrons de planches,1,non,out,741295
chevrons de sapin,87,non,out,741295
chevrons de sapin 12 pieds,1,non,out,741295
chevrons de sapin 24 pieds,1,non,out,741295
chevrons de sapin de 10 pieds,2,non,out,741295
chevrons de sapin de 12 pieds,3,non,out,741295
chevrons de sapin de 14 à 15 pieds,1,non,out,741295
chevrons de sapin de 14 pieds,2,non,out,741295
chevrons de sapin de 15 à 20 pieds,1,non,out,741295
chevrons de sapin de 15 pieds,3,non,out,741295
chevrons de sapin de 16 pieds,4,non,out,741295
chevrons de sapin de 18 pieds,3,non,out,741295
chevrons de sapin de 20 pieds,3,non,out,741295
chevrons de sapin de 22 pieds,1,non,out,741295
chevrons de sapin de 24 pieds,5,non,out,741295
chevrons de sapin de 25 pieds,1,non,out,741295
chevrons de sapin de 26 pieds,1,non,out,741295
chevrons de sapin de 28 pieds,1,non,out,741295
chevrons de sapin de 29 pieds,1,non,out,741295
chevrons de sapin de 3 à 4 pieds,1,non,out,741295
chevrons de sapin de 30 pieds,1,non,out,741295
chevrons de sapin de 36 pieds,3,non,out,741295
chevrons de sapin de 40 pieds,2,non,out,741295
chevrons de sapin de 6 à 7 pieds,1,non,out,741295
chevrons de sapin de 6 à 9 pieds,1,non,,40052
chevrons de sapin de 7 à 8 pieds,1,non,out,741295
chevrons de sapin de 7 pieds,1,non,out,741295
chevrons de sapin de 8 pieds,2,non,out,741295
chevrons de sapin de 9 à 10 pieds,1,non,out,741295
chevrons de sapin de 9 pieds,1,non,out,741295
chialar,1,non,out,741295
chiapatonax,1,non,,40052
chicorée moulue,48,non,out,741295
chicorée sèche ou torréfiée,2,non,out,741295
chicotin,9,non,out,741295
chiendent,1,non,out,741295
chiens,43,non,out,741295
chiens courants de chasse,120,non,out,741295
chiens de chasse,6,non,out,741295
chiffons,17,non,out,741295
chiffons vieux,1,non,out,741295
chillas,50,non,cotton goods,18103
chillas palma,1,non,out,741295
chima calin,1,non,out,741295
chine,2,non,out,741295
chinois,3,non,out,741295
chiques,4,non,out,741295
chiques de pierre,7,non,out,741295
chiquette des prises,1,non,out,741295
chirederis,1,non,out,741295
chise de fourneaux,19,non,out,741295
chitte,70,non,out,741295
chitte anglaise,1,non,out,741295
chitte d'Amedabad,1,non,out,741295
chitte étoffe,2,non,out,741295
chitte Keabadis,2,non,out,741295
chitte patenas,1,non,out,741295
chitte rouge,1,non,out,741295
chivelles,1,non,out,741295
chocolat,1219,non,out,741295
chocolat en pâte,1,non,out,741295
chocolat et cacao broyé,4,non,out,741295
chocolat et sorbet,1,non,out,741295
choix de bœuf salé,2,non,out,741295
cholas,1,non,out,741295
chomettes de terre,1,non,out,741295
chouclas des Indes,2,non,out,741295
chourales,1,non,out,741295
choux,24,non,out,741295
choux à planter,28,non,out,741295
choux cabus,1,non,out,741295
choux confits,3,non,out,741295
choux marinés,2,non,out,741295
choux salés,10,non,out,741295
choux-fleurs,16,non,out,741295
choux-fleurs et cabus et artichauts,120,non,out,741295
christ d'ivoire,3,non,out,741295
christ d'ivoire monté sur velours,1,non,out,741295
chromate de plomb,4,non,out,741295
chromate de potasse,1,non,out,741295
chuclas,1,non,,40052
chuquelas,42,non,out,741295
cidre,518,non,out,741295
cidre jaune,1,non,out,741295
cidre poiré et verjus,4,non,out,741295
ciels de lit en satin,2,non,,40052
ciels de lit en satin brodé,2,non,,40052
cierges,8,non,out,741295
cierges de cire blanche,9,non,out,741295
cierges de cire et bougie de cire,16,non,out,741295
cierges de fer,2,non,out,741295
cierges et bougie,14,oui,out,741295
cierges et flambeau,1,non,out,741295
cigares,1,non,out,741295
cigares par autorisation,1,non,out,741295
cigognes à mulet,1,non,,40052
cikous,1,non,out,741295
cime,1,non,out,741295
ciment,31,non,out,741295
ciment et chaux et pierres et plâtre,8,non,out,741295
ciment ou tiras,79,non,out,741295
cinabre,221,non,out,741295
cinabre broyé,27,non,out,741295
cinabre de pierres,6,non,out,741295
cinabre en roche,1,non,out,741295
cinabre et vermillon,61,non,out,741295
cinabre fin,1,non,out,741295
cinabre naturel,1,non,out,741295
ciradille,0,non,out,741295
cirage pour chaussures,1,non,out,741295
circks,0,non,out,741295
cire,612,non,out,741295
cire ???,1,non,,40052
cire à cacheter,113,non,out,741295
cire alizari,0,non,,40052
cire blanche,616,non,out,741295
cire blanche de bougie,1,non,out,741295
cire blanche et jaune,504,non,out,741295
cire blanche et jaune non ouvrée,23,non,out,741295
cire blanche non ouvrée,1,non,out,741295
cire brune,1,non,out,741295
cire brune non clarifiée,1,non,out,741295
cire brune non clarifiée du Sénégal,1,non,out,741295
cire brute,1,non,out,741295
cire brute blanche,6,non,out,741295
cire brute brune ou jaune,2,non,out,741295
cire brute jaune,21,non,out,741295
cire brute jaune des entrepôts,0,non,out,741295
cire d'Espagne,87,non,out,741295
cire d'Espagne à cacheter,111,non,out,741295
cire de bougie,4,non,out,741295
cire de bougie jaune,1,non,out,741295
cire diverse,13,non,out,741295
cire en branche,2,non,out,741295
cire en grabeau,114,non,,40052
cire en pain,6,non,out,741295
cire et chandelle de cire,2,non,out,741295
cire grasse,1,non,out,741295
cire jaune,1470,non,out,741295
cire jaune du levant,1,non,out,741295
cire jaune en bougie et chandelle,2,non,out,741295
cire jaune en cierges et flambeaux,77,non,out,741295
cire jaune en pain,131,non,out,741295
cire moitié cire et moitié suif,1,non,out,741295
cire verte,12,non,out,741295
cire vierge,6,non,out,741295
cirsaca,73,non,out,741295
cirsaca soie en coton,2,non,,40052
cirsaka,0,oui,out,741295
cirsaka de coton et de soie,2,oui,cotton goods,18103
ciseaux,25,non,out,741295
ciseaux à élaguer,2,non,out,741295
ciseaux de sculpteur,1,non,,40052
citrate de chaux,1,non,out,741295
citron,3,non,out,741295
citron aigre,14,non,out,741295
citron avarié,2,non,out,741295
citron confit,123,non,out,741295
citron en saumure,1,non,,40052
citron et limon,1035,non,out,741295
citron et orange,367,non,out,741295
citron et orange frais,210,non,out,741295
citron étranger,2,non,out,741295
citron frais,67,non,out,741295
citron frais et orange fraîche et amandes sèches et figue sèches et raisin sec,29,non,out,741295
citron orange et leurs variétés,7,non,out,741295
citron salé,1,non,,40052
citron vert,21,oui,out,741295
citronniers,2,non,out,741295
citrouilles,1,non,out,741295
civadille,102,non,out,741295
civette,6,non,out,741295
clafou,73,non,out,741295
clafou de bois,1,non,out,741295
clafou de bois ou merrains de bois,1,non,out,741295
clafou en blocs,7,non,out,741295
clairons,3,non,out,741295
clairons etc.,1,non,out,741295
clappes ou douves à barils,164,non,out,741295
clappes ou douves à barils de sapin,2,non,out,741295
clarges des prises,1,non,out,741295
clarifiant,1,non,out,741295
clarinette haut-bois,3,non,out,741295
clavecin,106,non,out,741295
clavecin vieux,1,non,out,741295
clavecins épinettes orgues,3,non,out,741295
clayes à parquer,1,non,out,741295
clefs à vin,1,non,out,741295
clefs de fer,2,non,out,741295
clefs de montre,1,non,,40052
clinquant d'or faux,1,non,out,741295
clinquant en papier,1,non,out,741295
cloches,18,non,out,741295
cloches de bronze,1,non,out,741295
cloches de cuivre,1,non,out,741295
cloches de fer,1,non,out,741295
cloches de fonte,68,non,out,741295
cloches de fonte vieilles,1,non,out,741295
cloches de grès,1,non,,40052
cloches de métal,184,non,out,741295
cloches de plomb et de zinc,12,non,out,741295
cloches de verre,7,non,out,741295
cloches vieilles,1,non,out,741295
clochettes,12,non,out,741295
clochettes de cuivre,6,non,out,741295
clochettes de fonte,5,non,out,741295
cloportes,2,non,out,741295
clous,242,non,out,741295
clous à têtes de cuivre doré petits,1,non,out,741295
clous de caboche,4,non,out,741295
clous de cuivre,15,non,out,741295
clous de cuivre doré,9,non,out,741295
clous de cuivre jaune,11,non,out,741295
clous de fer,1812,non,out,741295
clous de fer à barriques,1,oui,out,741295
clous de fer à charrettes,1,non,out,741295
clous de fer gonds,1,non,out,741295
clous de fer neufs,1,non,out,741295
clous de fer ordinaires,1,non,out,741295
clous de fer pour barriques,1,non,,40052
clous de fer vieux,2,non,out,741295
clous de girofle,122,non,out,741295
clous de girofle et griffes,3,non,out,741295
clous de girofle fleurs,5,non,out,741295
clous de girofle fleurs des entrepôts,0,non,out,741295
clous de laiton,10,non,out,741295
clous dorés,48,non,out,741295
clous en fer,6,non,,40052
clous et acier,4,non,out,741295
clous vieux,3,non,out,741295
cloutaille,1,non,out,741295
cloutiers,8,non,out,741295
coak,1,non,out,741295
coas de soie,1,non,out,741295
coati,1,non,out,741295
cobalt grillé,4,non,out,741295
cobalt métal,3,non,out,741295
cobalt métal et minerai,2,non,out,741295
cobalt minerai,1,non,out,741295
cobalt minéral,1,non,out,741295
cocalum,2,non,out,741295
cocax,2,non,out,741295
cochelis,19,oui,out,741295
cochenille,1247,non,cochenille,1463
cochenille Campêchane,1,oui,cochenille,1463
cochenille Campêche,2,non,cochenille,1463
cochenille de retour,1,non,,40052
cochenille en grabeau,102,non,,40052
cochenille et indigo,1,non,cochenille,1463
cochenille fil verte,1,non,cochenille,1463
cochenille fine,23,non,cochenille,1463
cochenille mestèque,75,non,cochenille,1463
cochenille mustack,2,non,cochenille,1463
cochenille sylvestre,52,non,cochenille,1463
cochon,20,non,out,741295
cochon de lait,1,non,out,741295
cochon en vie,1,non,,40052
cochon petit,2,non,out,741295
cochon salé et petit salé,10,non,out,741295
cochons de lait,1,non,,40052
coclearia,11,non,out,741295
coco,81,non,out,741295
coco caroube,2,non,,40052
coco caroubes frais,2,oui,out,741295
coco des Indes,2,non,out,741295
coco du Levant,3,non,out,741295
coco petit,1,non,out,741295
coco plate,1,non,out,741295
coco vert,3,non,out,741295
cocons,6,non,out,741295
cocons de soie,144,non,out,741295
cocons de vers à soie,3,non,out,741295
coctif,1,non,out,741295
cocullus,3,non,out,741295
coddes blancs,5,non,out,741295
coëtif,11,non,out,741295
cœurs de bœuf,3,non,out,741295
coffres,11,non,out,741295
coffres à étuve,2,non,out,741295
coffres à garniture de peau,10,non,out,741295
coffres à matelots,1,non,,40052
coffres à perruque,1,non,out,741295
coffres à thé,1,non,out,741295
coffres à vin,1,non,out,741295
coffres de bois,25,non,out,741295
coffres de chimie,1,non,out,741295
coffres de chirurgie,122,non,out,741295
coffres de commodité,5,non,out,741295
coffres de fer,25,non,out,741295
coffres de fer de 300 livres,1,non,,40052
coffres de fer et berses,10,non,out,741295
coffres de fonte,1,non,out,741295
coffres de gaz,1,non,out,741295
coffres de noyer,1,non,out,741295
coffres de sapin,2,non,out,741295
coffres de sapin peints,1,non,,40052
coffres peints,3,non,out,741295
coffres vides,1,non,out,741295
coffres vieux,1,non,out,741295
coffres-forts,21,non,out,741295
coffres-forts de fer,13,non,out,741295
cognac,7,non,out,741295
cognées de bois,1,non,out,741295
coiffes,2,non,out,741295
coiffes à perruque,2,non,out,741295
coiffes blondes,6,non,out,741295
coiffes blondes et de gaze,1,non,out,741295
coiffes blondes et palatine,1,non,out,741295
coiffes brodées,1,non,out,741295
coiffes de chapeaux,85,non,out,741295
coiffes de dentelle,5,non,out,741295
coiffes de dentelle de soie,1,non,out,741295
coiffes de gaze,11,non,out,741295
coiffes de Marly,1,non,out,741295
coiffes de tambou,1,non,out,741295
coiffes et palatines,2,non,out,741295
coiffes pour chapeaux et coiffes de perruques,3,non,out,741295
coiffes pour femme,2,non,out,741295
coiffures,1,oui,out,741295
coiffures à dentelles,4,oui,out,741295
coing fruit,1,non,out,741295
coïtif,1,non,out,741295
çoka,1,oui,out,741295
col à femme,1,non,out,741295
colins,1,non,out,741295
colis,1,non,out,741295
colle,232,non,out,741295
colle à papetier,13,non,out,741295
colle à papier,4,non,out,741295
colle à poisson,1,non,out,741295
colle claire,2,non,out,741295
colle commune,195,non,out,741295
colle de Flandre,38,non,out,741295
colle de papetier,1,non,out,741295
colle de peau d'âne,1,oui,out,741295
colle de peaux d'âne,1,non,,40052
colle de poisson,623,non,out,741295
colle de poisson forte,1,non,,40052
colle faible,1,non,out,741295
colle forte,688,non,out,741295
colle forte de Flandre,1,non,out,741295
colle forte de poisson,3,non,out,741295
colle poisson,1,non,out,741295
collets toile de lin,1,non,out,741295
colliers d'ambre,1,non,out,741295
colliers de chevaux,8,non,out,741295
colliers de corail,1,non,out,741295
colliers de femme,3,non,out,741295
colliers de grenat,7,non,out,741295
colliers de grenat faux,1,non,out,741295
colliers de jais,3,non,out,741295
colliers de nacre de perles,1,non,out,741295
colliers de perles,2,non,out,741295
colliers de perles fausses,19,non,out,741295
colliers de verre,3,non,out,741295
colling de laine,1,non,,40052
colombine,281,non,out,741295
colonne,2,non,out,741295
colonne de bois de faïence,1,non,,40052
colonne de bois violet,1,non,,40052
colonne de noyer,1,non,out,741295
colophane ou Spingler,3,non,out,741295
coloquinte,170,non,out,741295
colorant et verdet,4,non,out,741295
cols,1,non,out,741295
colza navettes et autres,1,non,out,741295
combustible,1,non,out,741295
comestibles,83,non,out,741295
comestibles saindoux,3,non,out,741295
commode,50,non,out,741295
commode avec dessus de marbre,9,non,out,741295
commode d'acajou,4,non,out,741295
commode de bois,5,non,out,741295
commode de bois violet,1,non,out,741295
commode de marqueterie,1,non,out,741295
commode de noyer,8,non,out,741295
commode de sapin,9,non,out,741295
commode de sapin peinte,1,non,out,741295
commode de sapin vernie,0,non,out,741295
commode ornée,1,non,out,741295
commodes de bois,1,non,out,741295
commodes de sapin vernies,1,non,,40052
communes,0,non,out,741295
compas,3,non,out,741295
compas de cuivre,2,non,out,741295
compas de fer,2,non,out,741295
compas de mer,5,non,out,741295
compas de route,4,non,out,741295
compas et cartes de nouveautés,1,non,out,741295
compas et horloge de sable,1,non,out,741295
comperose,1,non,out,741295
composition de chimie,1,non,out,741295
composition de verre,4,non,out,741295
compotiers de porcelaine,1,non,out,741295
compotiers de terre,1,non,out,741295
concombre et cornichons,3,non,out,741295
concombre et cornichons en adobe,3,non,out,741295
conducteur,1,non,out,741295
confection,12,non,out,741295
confection d'alkermès,3,non,out,741295
confection d'hyacinthe,17,non,out,741295
confits en confitures,4,non,,40052
confiture et fruits à l'eau-de-vie,100,oui,,40052
confitures,2364,non,out,741295
confitures à l'eau-de-vie,5,non,out,741295
confitures de cerise,1,non,out,741295
confitures de Chine,1,non,out,741295
confitures de France,1,non,out,741295
confitures de l'étranger,0,non,out,741295
confitures de miel,1,non,out,741295
confitures et fruit confit au sucre,16,oui,out,741295
confitures et fruits à l'eau-de-vie,100,non,,40052
confitures et fruits confits au sucre,33,non,out,741295
confitures et succade,245,non,out,741295
confitures et sucre,1,non,out,741295
confitures fines,4,non,out,741295
confitures fluides et sèches,1,non,out,741295
confitures fromage moutarde etc.,1,non,out,741295
confitures liquides,11,non,out,741295
confitures sèches,21,non,out,741295
congres,52,non,out,741295
connaissement,1,non,out,741295
conserve d'alkermès,1,non,out,741295
conserve de rose,8,non,out,741295
conserves de fleurs d'oranger,1,non,out,741295
contantine,1,non,,40052
conterie,106,non,out,741295
contra yerba,32,non,out,741295
contrebordé,18,non,out,741295
contrebrodé,5,non,out,741295
contrefoyer de fer,3,non,out,741295
conty,2,oui,out,741295
copale,3,non,out,741295
copeaux,2,non,,40052
copeaux pour fourreaux d'épée,1,non,out,741295
coqs,4,non,out,741295
coqs d'Inde,10,non,out,741295
coqs du Levant,3,non,out,741295
coque,2,non,out,741295
coque de coco,5,non,out,741295
coque de mouche à miel,1,non,out,741295
coque du Levant,122,non,out,741295
coquenard de cuivre,1,non,out,741295
coquillage,71,non,out,741295
coquillage de mer,3,non,out,741295
coquillages homards moules,3,non,out,741295
coquillages pleins et homards à la valeur,1,non,out,741295
coquillages pleins et homards au kilogramme,1,non,out,741295
coquilles de mer,130,non,out,741295
coquilles de nacre,32,non,out,741295
coquilles de Saint-Jacques,1,non,out,741295
corail,204,non,out,741295
corail blanc,10,non,out,741295
corail brun,4,non,out,741295
corail brut,218,non,out,741295
corail brut et non monté et taillé,22,non,out,741295
corail brut et taillé,23,non,out,741295
corail de demitte,1,oui,out,741295
corail de jardin,55,non,out,741295
corail de retour,1,non,,40052
corail de terraille,1,oui,out,741295
corail en filières,3,non,out,741295
corail en grabeau,34,non,,40052
corail et non monté et taillé,8,oui,out,741295
corail faux,12,non,out,741295
corail fin,5,non,out,741295
corail gros,31,non,out,741295
corail non monté taillé,9,non,out,741295
corail ouvré,1,non,out,741295
corail râpé,1,non,out,741295
corail rouge,3,non,out,741295
corail rouge ouvré,2,oui,out,741295
corail taillé,2,non,out,741295
corail terraille,24,non,out,741295
coraline,3,non,out,741295
corbeilles,9,non,out,741295
corbeilles d'auf,1,non,out,741295
corbeilles d'osier,121,non,out,741295
corbeilles d'osier petites,1,non,out,741295
corbeilles garnies,1,non,out,741295
corbetons,0,non,,40052
corbetons de 6 pieds,1,non,,40052
corbillons,1,non,,40052
cordage,934,non,out,741295
cordage ???,3,non,out,741295
cordage à boyaux,1,non,out,741295
cordage blanc,4,non,out,741295
cordage d'auf,43,non,out,741295
cordage d'autre végétaux,6,non,out,741295
cordage d'autre végétaux jonc sparte et tilleul,1,non,out,741295
cordage d'emballage,6,non,out,741295
cordage d'espars,243,non,out,741295
cordage de câbles neufs,1,non,out,741295
cordage de caret,1,non,out,741295
cordage de chanvre,779,non,out,741295
cordage de chanvre neuf,4,non,out,741295
cordage de chanvre vieux,6,non,out,741295
cordage de filin,2,non,out,741295
cordage de jonc,15,non,out,741295
cordage de satangres,1,non,out,741295
cordage de thil,2,non,out,741295
cordage de tilleul,11,non,out,741295
cordage de vieux,1,non,out,741295
cordage dit filin,1,non,out,741295
cordage en morceaux,1,non,out,741295
cordage et cordes,0,non,out,741295
cordage et ficelle,35,non,out,741295
cordage faible,1,non,,40052
cordage filets neuf,1,non,out,741295
cordage filets neuf ou en état de servir,4,non,out,741295
cordage goudronné,13,non,out,741295
cordage gros,1,non,out,741295
cordage herbes,1,non,out,741295
cordage menu,1,non,out,741295
cordage neuf,8,non,out,741295
cordage noir,4,non,out,741295
cordage pourri,2,non,out,741295
cordage refait,2,non,out,741295
cordage vieux,50,non,out,741295
cordat de laine,1,oui,,40052
cordeillat,240,non,out,741295
cordeillat d'Oléron,2,non,out,741295
cordeillat de Colmar,18,non,out,741295
cordeillat de laine,5,oui,out,741295
cordeillat de Piémont,1,non,out,741295
cordeillat de Provence,2,non,out,741295
cordelats,1,oui,out,741295
cordellerie,3,oui,out,741295
cordes,4,oui,out,741295
cordes à arçons,9,non,out,741295
cordes d'auf,16,non,out,741295
cordes d'emballage,11,non,out,741295
cordes d'espars,5,non,out,741295
cordes d'espars petites,1,non,,40052
cordes d'or,1,non,out,741295
cordes de bois à brûler,0,oui,out,741295
cordes de bois pour brûler,0,non,,40052
cordes de boyau et pour violons,0,non,out,741295
cordes de boyaux,250,non,out,741295
cordes de chanvre,31,non,out,741295
cordes de fil de fer,1,non,out,741295
cordes de jonc,6,non,out,741295
cordes de roseaux,1,non,out,741295
cordes de thil,2,non,out,741295
cordes de tilleul,1,non,out,741295
cordes du Levant,1,non,out,741295
cordes et câble et ficelles,140,non,out,741295
cordes et écorce de tilleul,94,non,out,741295
cordes et ficelles,12,oui,out,741295
cordes ficelle,1,oui,out,741295
cordes neuves,1,non,out,741295
cordes pour carder,7,non,out,741295
cordes pour carder le coton,1,non,out,741295
cordes pour corder,1,non,out,741295
cordes pour fouets,2,non,out,741295
cordes pour guitare,5,non,out,741295
cordes pour instruments,10,non,out,741295
cordes pour violons,174,non,out,741295
cordes pour violons ???,0,non,out,741295
cordes vieilles,5,non,out,741295
cordial,1,non,out,741295
cordillaterie,43,oui,out,741295
cordonnerie de cuir,34,non,out,741295
cordonnerie et sellerie de cuir,200,non,out,741295
cordonnet,4,non,out,741295
cordonnet de fil,3,non,out,741295
cordonnet de poil,2,non,out,741295
cordonnet de poil de chèvre,3,non,out,741295
cordonnet de soie,1,non,out,741295
cordonnet pour cannes,1,non,out,741295
cordons,9,non,out,741295
cordons d'argent,3,non,out,741295
cordons d'argent et d'or,3,non,out,741295
cordons d'or,8,non,out,741295
cordons d'or et d'argent,1,non,out,741295
cordons d'or et de soie,1,non,out,741295
cordons de fil,7,non,out,741295
cordons de fil de lin,1,non,out,741295
cordons de filoselle,3,non,out,741295
cordons de fleuret,7,non,out,741295
cordons de laine,2,non,out,741295
cordons de montre de soie,1,non,out,741295
cordons de montres,2,non,out,741295
cordons de montres avec or,1,non,out,741295
cordons de soie,36,non,out,741295
cordons de soie à canne,2,non,out,741295
cordons de soie d'argent,1,non,out,741295
cordons de soie d'argent et d'or et de soie,3,non,out,741295
cordons dorure d'argent,2,non,out,741295
cordons dorure d'argent et d'or,2,non,out,741295
cordons dorure d'or,3,non,out,741295
cordons pour chapeaux,1,non,out,741295
cordouans,122,non,out,741295
cordouans en basane,5,non,out,741295
cordouans en lest,1,non,,40052
coriandre,146,non,out,741295
coriandre et noix,5,non,out,741295
coriandre et riz,5,non,rice,3697
corinthes,110,non,out,741295
cornalines,7,non,out,741295
cornalines fines,1,non,out,741295
cornalines montées en or,2,non,out,741295
cornalines pour la Compagnie des Indes,1,non,out,741295
corne fine,1,non,out,741295
cornes,100,non,out,741295
cornes à faire peigner,1,non,out,741295
cornes à lanternes,298,non,out,741295
cornes à peignes,1,non,out,741295
cornes brutes,4,non,out,741295
cornes de béliers,1,non,out,741295
cornes de bétail,15,non,out,741295
cornes de bétail brutes,5,non,out,741295
cornes de bétail brutes clapons ou râpées,3,non,out,741295
cornes de bétail en feuillets,5,non,out,741295
cornes de bétail préparées,4,non,out,741295
cornes de bœuf,178,non,out,741295
cornes de bœuf et de vache,17,non,out,741295
cornes de bœuf et de vache crues,103,non,out,741295
cornes de bouc et de chèvre,3,non,out,741295
cornes de boucs,1,non,out,741295
cornes de cerf,261,non,out,741295
cornes de cerf dupié,1,non,out,741295
cornes de cerf en morceaux,12,non,out,741295
cornes de cerf et de snack,23,non,out,741295
cornes de cerf et de snack en morceaux,10,non,out,741295
cornes de fer,1,non,out,741295
cornes de lanternes,5,non,out,741295
cornes de licorne,1,non,out,741295
cornes de mouton,489,non,out,741295
cornes de plate,1,non,out,741295
cornes de rhinocéros,1,non,out,741295
cornes de vache,6,non,out,741295
cornes de verre,3,non,out,741295
cornes plates,35,non,out,741295
cornes plates ou en feuilles,1,non,out,741295
cornes pour manches de couteaux,1,non,out,741295
cornes rondes,2,non,out,741295
cornet de soie,1,non,out,741295
cornichons,60,non,out,741295
cornichons confits,1,non,out,741295
cornichons confits au vinaigre,1,non,out,741295
coroas,1,non,out,741295
corodarix,1,non,out,741295
corode,2,non,out,741295
corps d'arbre,13,non,out,741295
corps d'arbre bruts,55,non,out,741295
corps d'arbre de 20 à 30 pieds,121,non,out,741295
corps d'arbre de 30 à 40 pieds,82,non,out,741295
corps d'arbre de 40 à 50 pieds,10,non,out,741295
corps d'arbre de 50 à 60 pieds,4,non,out,741295
corps d'arbre en dessous de 20 pieds,81,non,out,741295
corps d'arbre réduits en pieds de gittes,96,non,out,741295
corps d'enfant,1,non,,40052
corps de femme,1,non,out,741295
corps de fille,1,non,out,741295
corps de jupes,9,non,out,741295
corps piqué,1,non,out,741295
corps piqué de jupes,1,non,out,741295
cors de chasse,4,non,out,741295
cors de chasse et trompettes,37,non,out,741295
cors serinettes serpent trompettes,3,non,out,741295
cors serinettes trombones trompettes,2,non,out,741295
corsane,2,non,out,741295
corsets,1,non,out,741295
corsets baleinés,3,non,out,741295
corsets brodés en soie,1,non,out,741295
corsets de demitte,9,non,out,741295
corsets de toile,2,non,out,741295
cortillaterie,4,non,out,741295
corty,1,non,out,741295
corvos,0,non,out,741295
cosmétiques divers pâtes poudres et savons parfumés etc.,2,non,out,741295
costus,9,non,out,741295
costus doux,5,non,out,741295
costus verus,1,non,out,741295
coteaux flamands,1,non,out,741295
cotenis,1,non,out,741295
côtes de baleine,5,non,out,741295
côtes de tabac,8,non,,40052
cotillon de toile piquée,1,non,out,741295
coton,2778,non,raw cotton,3133
coton ???,1,non,raw cotton,3133
coton à broder,2,non,raw cotton,3133
coton autres de Méditerranée,0,non,raw cotton,3133
coton autres de Turquie,1,non,raw cotton,3133
coton autres longue soie,1,non,raw cotton,3133
coton bleu,1,non,raw cotton,3133
coton brut et fil de coton,45,non,raw cotton,3133
coton brut et fil de coton des Îles,1,non,raw cotton,3133
coton brut et fil de coton étranger,2,non,raw cotton,3133
coton cardé,16,non,raw cotton,3133
coton courte soie,13,non,raw cotton,3133
coton courte soie des entrepôts,0,non,raw cotton,3133
coton de laine,41,non,raw cotton,3133
coton de Malte,1,non,raw cotton,3133
coton de retour,1,non,,40052
coton de Senirre,1,non,raw cotton,3133
coton de Smyrne,1,non,raw cotton,3133
coton des colonies françaises,1,non,raw cotton,3133
coton des Îles et des Indes,4,non,raw cotton,3133
coton des Indes,14,non,raw cotton,3133
coton du Brésil,1,non,,40052
coton du Levant,65,non,,40052
coton en balles et toile,7,non,raw cotton,3133
coton en feuilles cardées et gommées ouates,2,non,raw cotton,3133
coton en fil,1,non,raw cotton,3133
coton en laine,1541,oui,raw cotton,3133
coton en laine de retour,1,oui,raw cotton,3133
coton en laine des Indes,1,oui,raw cotton,3133
coton en laine du Brésil,1,oui,raw cotton,3133
coton en laine du Levant,48,oui,raw cotton,3133
coton en ouate,5,non,raw cotton,3133
coton en rames,18,non,raw cotton,3133
coton en rames et fil de coton,26,non,raw cotton,3133
coton imprimé,1,non,cotton goods,18103
coton longue soie,12,non,raw cotton,3133
coton longue soie des entrepôts,0,non,raw cotton,3133
coton par Dunkerque,1,non,raw cotton,3133
coton rouge,2,non,raw cotton,3133
coton sitz et mousseline,1,non,cotton goods,18103
coton sitz et mousseline en balles,1,non,cotton goods,18103
coton soufré,80,non,raw cotton,3133
coton teint,11,non,raw cotton,3133
cotonelle de coton,2,non,cotton goods,18103
cotonille,33,non,cotton goods,18103
cotonille bleue,1,non,cotton goods,18103
cotonis,6,non,cotton goods,18103
cotonis rayé,1,non,cotton goods,18103
cotonnades,133,non,cotton goods,18103
cotonnades à peu de soie,1,non,cotton goods,18103
cotonnades bleues,1,non,cotton goods,18103
cotonnades châles,11,non,cotton goods,18103
cotonné de coton,84,non,cotton goods,18103
cotonnée,159,non,cotton goods,18103
cotonnette,12,non,cotton goods,18103
cotonnine,52,non,cotton goods,18103
cotonnine anglaise,1,non,cotton goods,18103
cotonnine bleue,1,non,cotton goods,18103
cotons autres courte soie,1,non,cotton goods,18103
cotte,1,non,out,741295
cou salé,2,non,out,741295
couchette,1,non,out,741295
couchette garnie,1,non,out,741295
coudre bleue,1,non,out,741295
coüetis,4,non,out,741295
couettes,1,non,out,741295
couffins,15,non,out,741295
couffins à boulanger,75,non,out,741295
couffins d'auf,8,non,out,741295
couffins d'auf petits,1,non,out,741295
couffins d'espars,40,non,out,741295
couffins d'osier,2,non,out,741295
couffins de jonc,2,non,out,741295
couffins de palme,61,non,out,741295
couffins de palme petits,1,non,out,741295
couffins petits,2,non,out,741295
coulements de terre,3,non,out,741295
coules de fer,2,non,out,741295
couleurs,94,non,dye other,2652
couleurs à peindre,3,non,dye other,2652
couleurs autrement préparées,2,non,dye other,2652
couleurs composées,5,non,dye other,2652
couleurs et huile,1,non,dye other,2652
couleurs et teinture fabriquées,19,non,dye other,2652
couleurs et teinture préparées,78,non,dye other,2652
couleurs préparées,2,oui,dye other,2652
couleurs préparées à l'huile,2,non,dye other,2652
couleurs rouges,1,non,dye other,2652
couleurs vertes,1,non,dye other,2652
coupe noire,1,non,out,741295
couperon,5,oui,out,741295
couperon verte,1,oui,out,741295
couperose,1202,non,ferrous sulfate,1538
couperose blanche,49,non,ferrous sulfate,1538
couperose bleue,2,non,ferrous sulfate,1538
couperose et vermillon,6,non,ferrous sulfate,1538
couperose verte,279,non,ferrous sulfate,1538
coupes,1,non,out,741295
coupes de bois,1,non,out,741295
coupes de cuivre,4,non,out,741295
coupes de fer-blanc,1,non,out,741295
coupier,1,non,out,741295
coupis,133,non,cotton goods,18103
coupis des Indes,1,non,cotton goods,18103
couplets de cuivre,1,non,out,741295
coupon de toile,1,non,out,741295
coups,1,non,out,741295
courbes,7,non,out,741295
courbes de bois,1,non,out,741295
courbes de chêne,1,non,out,741295
courbes de chêne de 9 pieds,1,non,,40052
courbes de chêne pour bâtir,0,non,out,741295
courbes de fer,1,non,out,741295
courbes de mauvais bois,1,non,out,741295
courbes de sapin de 4 à 5 pieds,1,non,out,741295
courgousson,4,non,out,741295
courroies,9,non,out,741295
courroies de bœuf jeux,1,oui,out,741295
courroies de fusils,12,non,out,741295
courroies pour bœuf,5,non,out,741295
courtepointe,205,non,out,741295
courtepointe d'indienne,1,non,cotton goods,18103
courtepointe de coton,1,non,cotton goods,18103
courtepointe de coton d'Angleterre,1,non,cotton goods,18103
courtepointe de toile,1,non,out,741295
courtepointe de toile peinte,2,non,out,741295
courtepointe jupes et vestes de toile peinte,2,non,out,741295
coussin,1,non,out,741295
coussin à faire dentelle,3,non,out,741295
coussin d'espars,8,non,out,741295
coussin de palme,3,non,out,741295
coussin de serge,1,non,out,741295
cousus,1,non,out,741295
couteaux,395,non,out,741295
couteaux à couper paille et pour tanneurs,12,non,out,741295
couteaux à deux manches,1,non,out,741295
couteaux à gaine,18,non,out,741295
couteaux à hacher la paille,1,non,out,741295
couteaux à indigo,15,non,out,741295
couteaux à manches de bois,2,non,out,741295
couteaux à manches de faïence,1,non,out,741295
couteaux à manches de forme,1,non,out,741295
couteaux à manches de gaïac,3,non,out,741295
couteaux à manches de porcelaine,1,non,out,741295
couteaux à manches longs,1,non,out,741295
couteaux à nègre,15,non,out,741295
couteaux à tanneurs,1,non,out,741295
couteaux à virole d'argent,2,non,out,741295
couteaux avec leurs gaines,1,non,out,741295
couteaux communs,260,non,out,741295
couteaux de Caen,1,non,,40052
couteaux de chasse,10,non,out,741295
couteaux de chasse et épée et sabres,105,non,out,741295
couteaux de chasse et sabres,1,non,,40052
couteaux de Flandre,1,non,out,741295
couteaux de gaïac,2,non,out,741295
couteaux de gazat,1,oui,out,741295
couteaux de guerre,1,non,out,741295
couteaux de tables,15,non,out,741295
couteaux de tables communs,1,oui,out,741295
couteaux de traite,1,non,out,741295
couteaux en gaine,1,non,out,741295
couteaux fins,1,non,out,741295
couteaux flamands,134,non,out,741295
couteaux flamands pour l'entrepôt à la destination de Guinée,1,non,out,741295
couteaux garnis en argent,6,non,out,741295
coutelas,13,non,out,741295
coutellerie,89,non,out,741295
coutellerie commune,11,non,out,741295
coutellerie de bois,12,non,out,741295
coutellerie de traite,2,non,out,741295
coutil,793,non,out,741295
coutil 2479 lignes,1,non,out,741295
coutil à lit,10,non,out,741295
coutil à meubles,1,non,out,741295
coutil chiné,1,non,out,741295
coutil de fil,1,non,out,741295
coutil de Hollande,3,non,out,741295
coutil en coupon,1,non,,40052
coutil en pièces de 10 aunes,1,non,,40052
couvercles de fer,5,non,out,741295
couvercles de fer de marmites,1,non,out,741295
couvertes d'étoupes,133,non,out,741295
couvertes d'étoupes de laine,3,non,out,741295
couvertes de laine,169,non,out,741295
couvertes de lisières,9,non,out,741295
couvertes de loques,3,non,out,741295
couvertes pour mulets,1,non,out,741295
couvertures,101,non,out,741295
couvertures à nègre,40,non,out,741295
couvertures blanches peignées,1,non,out,741295
couvertures chinée de laine,1,non,,40052
couvertures communes,1,non,out,741295
couvertures communes de laine,2,non,out,741295
couvertures d'Elbeuf,1,non,out,741295
couvertures d'étoupes,17,non,out,741295
couvertures d'indienne,18,non,cotton goods,18103
couvertures de,0,non,,40052
couvertures de B ???,1,non,out,741295
couvertures de Bazal,1,non,out,741295
couvertures de bourre,3,non,out,741295
couvertures de bourre de soie,4,non,out,741295
couvertures de capiton,8,non,out,741295
couvertures de castalogne,1,non,out,741295
couvertures de coton,246,non,cotton goods,18103
couvertures de coton de lit,1,non,cotton goods,18103
couvertures de coton et de fil,70,non,cotton goods,18103
couvertures de coton et de soie,2,non,cotton goods,18103
couvertures de coton fines,1,non,,40052
couvertures de crin,0,non,out,741295
couvertures de fil,3,non,out,741295
couvertures de filoselle,12,non,out,741295
couvertures de fleur,2,non,out,741295
couvertures de fleuret,2,non,out,741295
couvertures de gros basin,1,non,cotton goods,18103
couvertures de laine,1050,non,out,741295
couvertures de laine à nègre,1,non,out,741295
couvertures de laine commune,2,non,out,741295
couvertures de laine de bourre,1,non,out,741295
couvertures de laine de Montpellier,1,non,out,741295
couvertures de laine et de coton,19,non,cotton goods,18103
couvertures de laine fine,1,non,out,741295
couvertures de laine ordinaire,1,non,out,741295
couvertures de Languedoc,2,non,out,741295
couvertures de lit,1,non,out,741295
couvertures de lit de fil et coton,1,non,cotton goods,18103
couvertures de lit en satin,2,non,,40052
couvertures de lit en satin brodé,2,non,,40052
couvertures de loquette,1,non,out,741295
couvertures de Montpellier,3,non,out,741295
couvertures de mulets,4,non,out,741295
couvertures de placy,6,non,out,741295
couvertures de plocq,72,non,out,741295
couvertures de Rouen,4,non,out,741295
couvertures de satin,2,non,out,741295
couvertures de soie,5,non,out,741295
couvertures de toile peinte,2,non,out,741295
couvertures de ville,1,non,out,741295
couvertures dites pagnes,1,non,out,741295
couvertures diverses,5,oui,,40052
couvertures drap et étoffe de laine,3,oui,out,741295
couvertures du Béarn,4,non,out,741295
couvertures du Levant,1,non,out,741295
couvertures et tapis de coton,2,non,cotton goods,18103
couvertures et tapis de fleuret,1,non,out,741295
couvertures et tapis de poil,2,non,out,741295
couvertures et tapis et tapisserie de laine,27,non,out,741295
couvertures et tapisseries de laine,27,non,out,741295
couvertures fil et coton,1,non,,40052
couvertures filets et coton,1,oui,cotton goods,18103
couvertures grandes,3,non,out,741295
couvertures grandes de laine,3,non,out,741295
couvertures grosses de laine,3,non,out,741295
couvertures grossières,1,non,out,741295
couvertures ordinaires,1,non,out,741295
couvertures peintes,1,non,out,741295
couvertures petites,2,non,out,741295
couvertures petites de laine,2,non,out,741295
couvertures pour chevaux,5,non,out,741295
couvertures pour nuque,1,non,out,741295
couvertures rayées,1,non,,40052
couvertures vieilles,2,non,,40052
crabes et crevettes,11,non,,40052
crabes et geernaerts,1,oui,out,741295
crabes et limaçons,56,non,out,741295
craie,189,non,out,741295
craie blanche,164,non,out,741295
craie de Besançon,3,non,out,741295
craie et blanc d'Espagne et ocre jaune et rouge,34,non,out,741295
craie et ocre et brun et rouge,31,non,out,741295
craie noire,5,non,out,741295
craie rouge,7,non,out,741295
crane de cire,1,oui,out,741295
crane de graine,1,oui,out,741295
crapaudines,2,non,out,741295
crapaudines de cuivre,1,non,out,741295
crapaudines de fer,1,non,out,741295
crapaudines de fonte,9,non,out,741295
crapaudines de fonte de fer,4,non,out,741295
crapaudines de potin,1,non,out,741295
crasse,1,non,out,741295
crasse d'alquifoux,1,non,out,741295
crasse d'amidon,1,non,out,741295
crasse d'huile,70,non,out,741295
crasse d'huile d'olive,1,non,out,741295
crasse de beurre,1,non,out,741295
crasse de cire,66,non,out,741295
crasse de fer,2,non,out,741295
crasse de graisse,2,non,out,741295
crasse de plomb,1,non,out,741295
crasse de soufre,2,non,out,741295
crasse de suif,3,non,out,741295
crasse de tan,1,non,out,741295
crasse de toile,1,non,out,741295
cravates,6,non,out,741295
cravates de coton et mouchoirs de coton,11,non,cotton goods,18103
cravates de soie noire,5,non,out,741295
cravates de taffetas noir,2,non,out,741295
cravates noires,4,non,out,741295
crayons,93,non,out,741295
crayons composés et communs,4,non,out,741295
crayons composés et communs pour métiers,1,non,out,741295
crayons composés et fins,4,non,out,741295
crayons composés et fins pour les arts,1,non,out,741295
crayons d'Allemagne,9,non,out,741295
crayons de bois,2,non,out,741295
crayons de pastel,21,non,out,741295
crayons et craie,16,non,out,741295
crayons fins de pastel,0,non,out,741295
crayons fins de pastel et laque et lack-lack des Indes,21,non,out,741295
crayons noirs,10,non,out,741295
crayons rouges,93,non,out,741295
crayons simples de pierre,5,non,out,741295
crème,2,non,out,741295
crème de tartre,600,non,out,741295
crêpe,10,non,out,741295
crêpe d'Alençon,1,non,,40052
crêpe de laine,87,non,out,741295
crêpe de laine aune,1,oui,out,741295
crêpe de laine de Reims,11,non,,40052
crêpe de Reims,3,non,out,741295
crêpe de soie,24,non,out,741295
crêpe et crépon,3,non,out,741295
crêpe et étoffe et gaze et passementerie et ruban de soie,23,non,out,741295
crêpe et étoffe et passementerie et ruban de soie,11,non,out,741295
crêpe et gaze et mouchoirs,6,non,out,741295
crêpe et gaze et tulle,29,non,out,741295
crêpe et gaze et tulle de soie,146,non,out,741295
crêpe gaze et tulle de soie,2,oui,,40052
crêpe noir,1,non,out,741295
crêpe pour chapeaux,38,non,out,741295
crépine de soie,1,non,out,741295
crépon,10,non,out,741295
crépon de laine,6,non,out,741295
crêpure de filoselle,1,non,out,741295
creusets,170,non,out,741295
creusets d'Allemagne,1,non,out,741295
creusets d'orfèvre,4,non,out,741295
creusets de grès,1,non,out,741295
creusets de mine de plomb,1,non,out,741295
creusets de terre,17,non,out,741295
creusets de terre cuite,8,non,out,741295
creusets et figures de pierre,11,non,out,741295
crevette,42,non,,40052
cribles,56,non,out,741295
cribles à blé,1,non,out,741295
cribles de bois,2,non,out,741295
cribles de fil de laiton,1,non,out,741295
cribles de laiton à café,1,non,out,741295
cribles et bluteaux de moulins,5,non,out,741295
cribles petits,1,non,out,741295
criblon,1,non,,40052
crics,58,non,out,741295
crics de fer,32,non,out,741295
crics de fer de navire,1,non,,40052
crin,889,non,out,741295
crin à cordonnier,1,non,out,741295
crin à pêcher,1,non,out,741295
crin apprêté,5,non,out,741295
crin apprêté et frisé,5,non,out,741295
crin brut,18,non,out,741295
crin brut de cheval,1,non,out,741295
crin de cheval,216,non,out,741295
crin de cheval griporé,1,non,out,741295
crin de chèvre,1,non,out,741295
crin frisé,85,non,out,741295
crin plan,1,non,out,741295
crin plat,18,non,out,741295
crin pour habit d'homme,1,non,out,741295
crin pour la Compagnie des Indes,1,non,out,741295
crin tanné,2,non,out,741295
crin vieux,1,non,out,741295
crinières,2,non,out,741295
crise,1,non,out,741295
cristal,248,non,out,741295
cristal brut,17,non,out,741295
cristal cru,27,non,out,741295
cristal d'office,14,non,out,741295
cristal de roche,4,non,out,741295
cristal de roche brut,1,non,out,741295
cristal de Rouen,2,non,out,741295
cristal de tartot,1,non,out,741295
cristal de tartre,22,non,out,741295
cristal et verres à boire à vitre,2,non,out,741295
cristal fondu,1,non,out,741295
cristal minéral,4,non,out,741295
cristal taillé,65,non,out,741295
cristallin,3,non,out,741295
cristaux,4,non,out,741295
croc,1,non,out,741295
croc de fer à morue,1,non,out,741295
crochets de bois,2,non,out,741295
crochets de fer,2,non,out,741295
crocus,2,non,out,741295
croisé de coton,1,non,cotton goods,18103
croisé noir,1,non,out,741295
croisière de douane,1,oui,,40052
croisière de la Ferme générale,5,non,,40052
croix à pierres fausses,2,non,out,741295
croix d'argent,4,non,out,741295
croix d'argent neuve,1,non,out,741295
croix d'argent pour église,1,non,out,741295
croix d'ivoire,2,non,out,741295
croix d'or,1,non,out,741295
croix de cuivre,2,non,out,741295
croix de cuivre argenté,1,non,out,741295
croix de grenat,1,non,out,741295
croix de gresse,1,non,out,741295
crons et débris de maison,82,non,out,741295
cruche de terre,1,non,,40052
cruches,3,non,out,741295
cruches de Cologne,1,non,out,741295
cruches de fer,2,non,out,741295
cruches de grès,31,non,out,741295
cruches de terre,13,non,out,741295
crucifix,1,non,out,741295
crucifix de bronze,1,non,out,741295
crucifix de marbre,1,non,out,741295
crustas,1,non,out,741295
cubeber,15,non,out,741295
cuillères à canons,1,non,out,741295
cuillères à sucre,5,non,out,741295
cuillères de bois,31,non,out,741295
cuillères de bois pour pots,2,non,out,741295
cuillères de buis,5,non,out,741295
cuillères de fer,21,non,out,741295
cuillères de laiton,3,non,out,741295
cuillères et fourches d'argent,1,non,out,741295
cuillères et fourchettes de cuivre argenté,3,non,out,741295
cuirasses,2,non,out,741295
cuireaux de mouton à faire colle,2,non,out,741295
cuirs,191,non,out,741295
cuirs ??? en poil,1,non,out,741295
cuirs à pompe,5,non,out,741295
cuirs à semelle,1,non,out,741295
cuirs à soutirer le vin,1,non,out,741295
cuirs apprêtés,310,non,out,741295
cuirs apprêtés de bœuf en poil,2,non,out,741295
cuirs apprêtés de vache,8,non,out,741295
cuirs avariés tannés,1,non,out,741295
cuirs bannettes secs en poil,1,non,out,741295
cuirs blancs,1,non,out,741295
cuirs bruts,1,non,out,741295
cuirs bruts tannés,1,non,out,741295
cuirs cannelés,4,non,out,741295
cuirs cordés,1,non,,40052
cuirs corroyés,14,non,out,741295
cuirs corroyés de vache,129,non,out,741295
cuirs corroyés et tannés,1,non,out,741295
cuirs crus et à poil,118,non,out,741295
cuirs d'Amérique d'Afrique et de Barbarie en poil,1,non,out,741295
cuirs d'Andrinople,2,non,out,741295
cuirs d'âne,14,non,out,741295
cuirs d'âne en poil,14,non,out,741295
cuirs d'âne tannés,2,non,out,741295
cuirs d'empeignes,1,non,out,741295
cuirs d'Espagne,2,non,out,741295
cuirs d'Espagne dit maroquin,104,non,,40052
cuirs d'Espagne dit maroquins,104,oui,out,741295
cuirs d'Inde,2,non,out,741295
cuirs d'Irlande,2,non,out,741295
cuirs de ??? de poil,1,non,out,741295
cuirs de bœuf,33,non,out,741295
cuirs de bœuf apprêtés,35,non,out,741295
cuirs de bœuf apprêtés demi pièce,1,non,out,741295
cuirs de bœuf apprêtés et tannés,1,non,out,741295
cuirs de bœuf au poil,2,non,out,741295
cuirs de bœuf avariés tannés,1,non,,40052
cuirs de bœuf corroyés,12,non,out,741295
cuirs de bœuf d'Illinois,1,non,out,741295
cuirs de bœuf de Russie,1,non,out,741295
cuirs de bœuf en poil,1282,non,out,741295
cuirs de bœuf en poil et cuirs de vache en poil,11,non,out,741295
cuirs de bœuf en poil et secs,6,non,out,741295
cuirs de bœuf en poil et verts,2,non,out,741295
cuirs de bœuf en poil tannés,1,non,out,741295
cuirs de bœuf en poil têtes,10,non,out,741295
cuirs de bœuf en poils,1,non,,40052
cuirs de bœuf et vache apprêtés,1,non,out,741295
cuirs de bœuf et vache tannés,6,non,,40052
cuirs de bœuf ou vache,8,non,out,741295
cuirs de bœuf passés en Hongrie,3,non,out,741295
cuirs de bœuf salé,3,non,out,741295
cuirs de bœuf secs,8,non,out,741295
cuirs de bœuf tannés,914,non,out,741295
cuirs de bœuf tannés entiers,3,non,,40052
cuirs de bœuf tannés et cuir de vache tannés,2,oui,out,741295
cuirs de bœuf verts,5,non,out,741295
cuirs de buffle,2,non,out,741295
cuirs de buffle en lest,1,non,,40052
cuirs de buffle en poil,9,non,out,741295
cuirs de buffletin,1,non,out,741295
cuirs de cerf en poil,1,non,out,741295
cuirs de cheval,9,non,out,741295
cuirs de cheval en poil,46,non,out,741295
cuirs de cheval tanné,1,non,out,741295
cuirs de cheval tannés,94,non,out,741295
cuirs de chèvre en poil,1,non,out,741295
cuirs de chevreau,1,non,out,741295
cuirs de fer et en poil,1,non,out,741295
cuirs de génisse,30,non,out,741295
cuirs de génisse corroyés,121,non,out,741295
cuirs de génisse en poil,8,non,out,741295
cuirs de génisse tannés,9,non,out,741295
cuirs de Hollande,1,non,,40052
cuirs de Hongrie,38,non,out,741295
cuirs de jument tannés,1,non,out,741295
cuirs de loup,1,non,out,741295
cuirs de moscovie,4,non,out,741295
cuirs de mule en poil,1,non,out,741295
cuirs de poil,3,non,out,741295
cuirs de poil en peaux,1,non,,40052
cuirs de poil et salés,2,non,out,741295
cuirs de Prusse,4,non,out,741295
cuirs de Russie,617,non,out,741295
cuirs de Russie de vache,41,non,out,741295
cuirs de Russie en peaux,1,non,,40052
cuirs de Sardaigne de vache,1,non,out,741295
cuirs de secs en poil,1,non,out,741295
cuirs de Turquie,2,non,out,741295
cuirs de vache,38,non,out,741295
cuirs de vache ??,1,non,,40052
cuirs de vache accoutrées,1,non,out,741295
cuirs de vache apprêtés,7,non,out,741295
cuirs de vache en longe,1,non,,40052
cuirs de vache en poil,6,non,out,741295
cuirs de vache lissés,16,non,out,741295
cuirs de vache passés,1,non,out,741295
cuirs de vache petits,1,non,out,741295
cuirs de vache tannés,3,non,out,741295
cuirs divers,4,oui,,40052
cuirs dorés,136,non,out,741295
cuirs dorés vieux,2,non,out,741295
cuirs du Portugal,1,non,,40052
cuirs en basanes,2,non,out,741295
cuirs en bassin,1,non,out,741295
cuirs en blanc,2,non,out,741295
cuirs en bœuf verts,1,non,out,741295
cuirs en croûte,2,non,out,741295
cuirs en croûte de vache,23,non,out,741295
cuirs en échantillons,1,non,out,741295
cuirs en grains,2,non,out,741295
cuirs en grains de vache,16,non,out,741295
cuirs en lest,41,non,,40052
cuirs en poil,482,non,out,741295
cuirs en poil de vache,298,non,out,741295
cuirs en poil salés verts,1,non,out,741295
cuirs en poil tannés,5,non,out,741295
cuirs en poil teints fallon,1,non,out,741295
cuirs en poil verts,48,non,out,741295
cuirs en retail,2,non,out,741295
cuirs en rognures,2,non,out,741295
cuirs en rosette,1,non,out,741295
cuirs en têtes,1,non,out,741295
cuirs et peaux de bœuf et de vache apprêté,54,non,out,741295
cuirs et peaux non apprêtés,18,non,out,741295
cuirs fins en poil,1,non,out,741295
cuirs forts,6,non,out,741295
cuirs forts tannés,23,non,out,741295
cuirs forts tannés entiers,1,non,,40052
cuirs génisse corroyés,1,non,out,741295
cuirs gras,1,non,out,741295
cuirs jaunes,9,non,out,741295
cuirs non apprêtés,134,non,out,741295
cuirs passés en blanc,1,non,out,741295
cuirs petits des Indes en poil,1,non,out,741295
cuirs petits en poil,2,non,out,741295
cuirs porcs,1,non,out,741295
cuirs pour bottes,1,non,out,741295
cuirs pour semelles,10,non,out,741295
cuirs pour soufflets,20,non,out,741295
cuirs pour souliers,1,non,out,741295
cuirs restants,1,non,out,741295
cuirs rouges,2,non,out,741295
cuirs salés,24,non,out,741295
cuirs salés en poil,56,non,out,741295
cuirs salés verts,7,non,out,741295
cuirs secs,11,non,out,741295
cuirs secs en poil,236,non,out,741295
cuirs secs en poil de vache,1,non,out,741295
cuirs secs en poil des Îles,1,non,out,741295
cuirs secs et salés,4,non,out,741295
cuirs secs et tannés,1,non,out,741295
cuirs tannées forts,0,non,out,741295
cuirs tannés,362,non,out,741295
cuirs tannés de vache,465,non,out,741295
cuirs tannés en peaux,1,non,,40052
cuirs tannés et en poil de vache,2,non,,40052
cuirs tannés pour empeignes,239,non,out,741295
cuirs tannés pour semelles,158,non,out,741295
cuirs testaux,5,non,out,741295
cuirs tissés de vache,4,non,out,741295
cuirs verts,10,non,out,741295
cuirs vieux,5,non,out,741295
cuisses,4,non,out,741295
cuisses d'oie,227,non,out,741295
cuisses d'oie à la daube,1,non,out,741295
cuisses d'oie en adobe,10,non,out,741295
cuisses d'oie salées,19,non,out,741295
cuivre,1193,non,out,741295
cuivre à lessive,1,non,out,741295
cuivre à mitraille,1,non,out,741295
cuivre à monnayer rouge,2,non,out,741295
cuivre allié argenté battu laminé ou tiré,4,non,out,741295
cuivre allié argenté filé sur fil,2,non,out,741295
cuivre allié battu doré laminé et tiré,2,non,out,741295
cuivre allié battu doré laminé ou tiré,2,non,out,741295
cuivre allié bronze en masse,2,non,out,741295
cuivre allié d'étain,3,non,out,741295
cuivre allié d'étain brut,1,non,out,741295
cuivre allié doré filé sur fil,4,non,out,741295
cuivre allié doré filé sur soie,1,non,out,741295
cuivre allié et ouvré dont estagnons contenant des liquides,2,non,out,741295
cuivre allié ouvré,1,non,out,741295
cuivre allié ouvré autrement que battu filé laminé ou tiré,2,non,out,741295
cuivre argenté,9,non,out,741295
cuivre argenté battu laminé ou tiré,3,non,out,741295
cuivre argenté et doré,3,oui,out,741295
cuivre argenté et doré et plaqué,37,oui,out,741295
cuivre argenté flambeaux,1,non,out,741295
cuivre argenté ouvré simple,1,non,,40052
cuivre battu,158,non,out,741295
cuivre battu brut,2,non,,40052
cuivre battu laminé,1,non,out,741295
cuivre battu ou laminé à toutes destinations,1,non,out,741295
cuivre bronzé,1,non,out,741295
cuivre brun,19,non,out,741295
cuivre brun et cuivre rouge,8,non,out,741295
cuivre brut,464,non,out,741295
cuivre brut en pain,1,non,out,741295
cuivre brut et rouge,12,non,out,741295
cuivre brut vieux,7,non,,40052
cuivre clous,1,non,out,741295
cuivre commun,1,non,out,741295
cuivre coulé en barres ou plaques régulières,1,non,out,741295
cuivre cru,3,non,out,741295
cuivre cru en blocs,68,non,out,741295
cuivre cru en masses,4,non,out,741295
cuivre cru ou en plates,4,non,out,741295
cuivre d'argent et doré,1,oui,out,741295
cuivre de fer,2,non,out,741295
cuivre de fer en poids,0,non,out,741295
cuivre de fourrure,2,non,out,741295
cuivre de Namur,2,non,out,741295
cuivre de pompe,1,non,out,741295
cuivre de retour,1,non,,40052
cuivre de Russie,1,non,out,741295
cuivre doré,79,non,out,741295
cuivre doré battu filé laminé ou tiré,2,non,out,741295
cuivre doré battu laminé ou tiré,1,non,out,741295
cuivre en bassin estagons neptune,2,non,,40052
cuivre en fond et rouge,1,non,out,741295
cuivre en fonte,1,non,out,741295
cuivre en masse brut mitraille et vieux,1,non,out,741295
cuivre en masse brut ou rouge,1,non,out,741295
cuivre en mitraille et vieux,10,non,out,741295
cuivre en pain,34,non,out,741295
cuivre en planches feuilles ouvré,5,non,,40052
cuivre en plane,1,non,out,741295
cuivre en plats,1,non,out,741295
cuivre en potasse,1,non,out,741295
cuivre en rouleau,2,non,out,741295
cuivre en saumon,1,non,,40052
cuivre en saumons,1,oui,out,741295
cuivre en toupe,1,non,out,741295
cuivre en verdet,1,non,out,741295
cuivre et airain ouvré,1,non,out,741295
cuivre et bronze et laiton,160,non,out,741295
cuivre et pièces de cuivre,1,non,out,741295
cuivre et potin gris,6,non,out,741295
cuivre fer plomb,1,non,out,741295
cuivre forgé,2,non,out,741295
cuivre jaune,96,non,out,741295
cuivre jaune avec calamine,3,non,out,741295
cuivre jaune brun,1,non,out,741295
cuivre jaune brut,10,non,out,741295
cuivre jaune en fourrure,1,non,out,741295
cuivre jaune et rouge,9,non,out,741295
cuivre jaune fondu,7,non,out,741295
cuivre jaune non ouvré,2,non,out,741295
cuivre laiton,1,non,out,741295
cuivre laminé,1,non,out,741295
cuivre neuf,41,non,out,741295
cuivre non ouvré,1,non,out,741295
cuivre non ouvré rouge,2,non,out,741295
cuivre potier,1,non,out,741295
cuivre pur battu ou laminé,7,non,out,741295
cuivre pur coulé en barres et plaques,2,non,out,741295
cuivre pur coulé en barres et plaques régulières,1,non,out,741295
cuivre pur coulé en masses brutes,5,non,out,741295
cuivre pur en barres et plaques régulières,1,non,out,741295
cuivre pur en masses brutes,2,non,out,741295
cuivre rompu,10,non,out,741295
cuivre rosette,3,non,out,741295
cuivre rouge,120,non,out,741295
cuivre rouge brut,1,non,out,741295
cuivre rouge cru ou en bloc pour Namur,2,non,out,741295
cuivre rouge en chaudière,3,non,out,741295
cuivre rouge neuf,4,non,out,741295
cuivre satin,1,non,out,741295
cuivre sur poil,1,non,out,741295
cuivre tangoul,411,non,out,741295
cuivre vieux,522,non,out,741295
cuivrerie,35,non,out,741295
culotte en chemise de toile à nègre,1,oui,,40052
culotte en chemises de toile à nègre,1,non,,40052
culottes,69,non,out,741295
culottes à nègre,1,non,out,741295
culottes d'étamine,1,non,out,741295
culottes de bouras,2,non,out,741295
culottes de chamois,8,non,out,741295
culottes de chamois garnies de boutons d'argent,1,non,out,741295
culottes de cotonnades,2,non,cotton goods,18103
culottes de coutil,2,non,out,741295
culottes de daim,5,non,out,741295
culottes de drap,1,non,out,741295
culottes de fil,1,non,out,741295
culottes de laine,1,non,out,741295
culottes de laine tricotées,2,non,out,741295
culottes de mouton,2,non,out,741295
culottes de panne,2,non,out,741295
culottes de panne ciselée,1,non,out,741295
culottes de peau,122,oui,out,741295
culottes de peau d'élan,1,oui,out,741295
culottes de peau de daim,4,oui,out,741295
culottes de peau de mouton,4,oui,out,741295
culottes de peaux,125,non,out,741295
culottes de peaux d'élan,1,non,,40052
culottes de peaux de daim,4,non,,40052
culottes de peaux de mouton,4,non,,40052
culottes de siamoise,1,non,out,741295
culottes de soie,1,non,out,741295
culottes de toile,17,non,out,741295
culottes de velours,1,non,out,741295
culottes de velours de gueux,1,non,out,741295
culottes piquées,1,non,,40052
culs d'artichaut,12,non,out,741295
cumin,369,non,out,741295
cunier,1,non,out,741295
cuny,0,non,out,741295
curcuma,202,non,out,741295
curcuma en poudre,7,non,out,741295
curcuma en racine,7,non,out,741295
curcuma en racine des entrepôts,0,oui,out,741295
curcuma en racines des entrepôts,0,non,,40052
curcuma moulu,81,non,out,741295
curiosité coquillage,2,non,out,741295
curiosité naturelle,2,non,out,741295
curlas,2,non,out,741295
curous,0,non,out,741295
curtas,5,non,out,741295
cuscutes luzerne,3,non,out,741295
custar,4,non,out,741295
custas,16,non,out,741295
custres,1,non,out,741295
cuve,7,non,out,741295
cuve à vin,1,non,out,741295
cuveaux,2,non,out,741295
cuvette de faïence,1,non,out,741295
cuvette de fer-blanc,1,non,out,741295
cuvette de grès,1,non,out,741295
cuvettes de marbre ouvré,2,non,out,741295
cuviers,5,non,out,741295
cuviers de terre,14,non,out,741295
cygnes,7,non,out,741295
cygnes en vie,1,non,out,741295
cylindre,4,non,out,741295
cylindre de fer,3,non,out,741295
cymbales,4,non,out,741295
dais,2,non,out,741295
dais ou faux,1,non,out,741295
dais pour église,1,non,out,741295
dalles,5,non,out,741295
damas,91,non,out,741295
damas à carreaux mandarine,2,non,out,741295
damas à frange d'argent,2,non,out,741295
damas broché et rayé,2,non,out,741295
damas brodé,1,non,out,741295
damas commun,1,non,out,741295
damas cramoisi,3,non,out,741295
damas cramoisi de Gênes,1,non,out,741295
damas de 20 aunes,1,non,out,741295
damas de coton et fil,2,non,cotton goods,18103
damas de deux couleurs,3,non,out,741295
damas de fil,1,non,out,741295
damas de la Chine,6,non,out,741295
damas de lin,2,non,out,741295
damas de Lucques,1,non,out,741295
damas de Lyon,3,non,out,741295
damas de Pékin,2,non,out,741295
damas de retour,1,non,,40052
damas de retour faute de vente,1,oui,out,741295
Damas de soie,9,oui,out,741295
damas de soie,15,non,out,741295
damas de Tours,2,non,out,741295
damas des Indes,22,non,out,741295
damas faux,1,non,out,741295
damas jaune,2,oui,out,741295
damas noir,1,non,out,741295
damas pour meubles,2,non,out,741295
damas rayé,3,non,out,741295
damas uni,3,non,out,741295
damas vert,2,non,out,741295
damas violet,1,non,out,741295
damasquette,4,non,out,741295
damasquin,1,non,out,741295
damassin,2,non,out,741295
dame-jeannes,343,non,out,741295
dame-jeannes clissées,16,non,out,741295
dame-jeannes clissées et de verres,8,non,out,741295
dame-jeannes cuivré et de verres,1,non,out,741295
dame-jeannes de grès,4,non,out,741295
dame-jeannes de verre,120,non,out,741295
dame-jeannes de verre de 10 pintes,1,non,,40052
dame-jeannes de verre de 4 pots,1,non,out,741295
dame-jeannes garnies d'osier,1,non,out,741295
dame-jeannes non clissées,1,non,out,741295
dame-jeannes vides,16,non,out,741295
damoiselle de bois,1,non,out,741295
darcas,1,non,,40052
dareau de laine,1,non,out,741295
dariabadis,6,non,cotton goods,18103
darins,23,non,out,741295
dattes,337,non,out,741295
dattes et pistaches,31,non,out,741295
dattes sèches,12,non,out,741295
dattes secs et prunes sèches,11,non,out,741295
daubes,1,non,out,741295
dauphine,62,non,out,741295
de haut,2,oui,out,741295
de peu de valeur,2,non,out,741295
de tafia,2,non,out,741295
de ville,2,oui,out,741295
débris de vaisseaux et vieux ouvrages de charpente,8,non,out,741295
déchets d'animaux et sang de bétail,2,non,out,741295
déchets de laine,8,non,out,741295
déchets de laine bourre lanice tontisse,5,oui,out,741295
déchets de laine entière,1,non,out,741295
déchets de laine lanice,1,non,out,741295
déchets de laine tontisse,1,non,out,741295
déchets de laine tontisse et peine,1,non,,40052
déchets de pierre,4,non,out,741295
déchets de poil (rognures et broissiers),1,non,,40052
déchets et débris tourteaux de graine oléagineuse,1,oui,,40052
décorations pour carrosses,3,non,out,741295
dégras,23,non,out,741295
dégras d'huile,3,non,out,741295
dégras de peau,56,non,out,741295
déjeuner de vermeil,1,non,out,741295
delimineas,1,non,out,741295
demi drap de Glaster,2,non,,40052
demi guinée bleue,1,non,,40052
demi-ancres vides,1,non,,40052
demi-barriques cerclées de fer,1,non,out,741295
demi-camelot,1,non,,40052
demi-cuirs de bœuf tannés,16,non,out,741295
demi-cuirs forts tannés,1,non,,40052
demi-cuirs tannés,7,non,,40052
demi-cuirs tannés de vache,0,non,out,741295
demi-drap de Glaster,2,non,,40052
demi-drap de laine,1,non,,40052
demi-écarlatine,2,non,,40052
demi-guinée,2,non,cotton goods,18103
demi-guinée bleue,3,non,cotton goods,18103
demi-indienne,1,non,,40052
demi-meules de moulin,1,non,,40052
demi-peaux de chevreuil,1,non,out,741295
demi-perpétuane,1,non,,40052
demi-picotte,1,non,,40052
demi-planches,5,non,out,741295
demi-planches de Prusse,6,non,,40052
demi-planches de sapin,25,non,,40052
demi-planches de sapin de 3 à 4 pieds de long et de 1 pouce d'épaisseur,2,non,,40052
"demi-planches de sapin de 3 à 5 pieds de long et de 1,25 pouce d'épaisseur",2,non,,40052
"demi-planches de sapin de 3 à 5,5 pieds de long et de 1,5 à 1,35 pouce d'épaisseur",3,non,out,741295
demi-poutres,6,non,out,741295
demi-scarlatine,1,non,,40052
demi-serge d'Aumale,1,non,,40052
demi-siamoise,1,non,,40052
demi-soucis,1,non,out,741295
demi-taffetas,1,non,,40052
demitte,196,non,out,741295
demitte et futaine,153,non,,40052
demoiselle,12,non,out,741295
demoiselle de 25 pieds,1,non,,40052
demoiselle de bois,1,non,,40052
demoiselle de sapin,2,non,out,741295
denrées coloniales,17,non,out,741295
denrées coloniales et épicerie,22,non,out,741295
dentelle,330,non,out,741295
dentelle à peu de soie,3,non,out,741295
dentelle blanche,2,non,out,741295
dentelle blonde de soie,1,non,out,741295
dentelle commune,63,non,out,741295
dentelle d'Alençon,1,non,out,741295
dentelle d'Andelys,1,non,out,741295
dentelle d'argent,22,non,out,741295
dentelle d'argent et d'or,62,non,out,741295
dentelle d'argent et d'or faux,2,non,out,741295
dentelle d'argent faux,5,non,out,741295
dentelle d'argent fin,6,non,out,741295
dentelle d'or,8,non,out,741295
dentelle d'or et d'argent,12,non,out,741295
dentelle d'or et d'argent faux,3,non,out,741295
dentelle d'or et d'argent fin,5,non,out,741295
dentelle d'or faux,4,non,out,741295
dentelle d'or fin,8,non,out,741295
dentelle de Bretagne,2,non,out,741295
dentelle de Caen,24,non,out,741295
dentelle de chanvre et de lin,8,non,out,741295
dentelle de coton et blonde de coton,18,non,cotton goods,18103
dentelle de Dieppe,1,non,out,741295
dentelle de fer,1,non,out,741295
dentelle de fil,462,non,out,741295
dentelle de fil 2 lignes,1,non,out,741295
dentelle de fil blanc,333,non,out,741295
dentelle de fil blanc commune,1,non,out,741295
dentelle de fil blanc de Lille,1,non,out,741295
dentelle de fil commune,71,non,out,741295
dentelle de fil d'Alençon,1,non,out,741295
dentelle de fil d'or faux,1,non,out,741295
dentelle de fil d'or fin,2,non,out,741295
dentelle de fil de ??? et Reims,2,non,out,741295
dentelle de fil de Bergame,1,non,out,741295
dentelle de fil de Caen,9,non,out,741295
dentelle de fil de crin,2,non,out,741295
dentelle de fil de Flandre,10,non,out,741295
dentelle de fil de laine,1,non,out,741295
dentelle de fil de lin,1,non,out,741295
dentelle de fil de Normandie,4,non,out,741295
dentelle de fil de soie,5,non,out,741295
dentelle de fil de Valenciennes,3,non,,40052
dentelle de fil dorure d'argent,2,non,out,741295
dentelle de fil du Puy,70,non,out,741295
dentelle de fil du Puy et ???,2,non,out,741295
dentelle de fil et de soie,10,oui,out,741295
dentelle de fil et soie,61,non,out,741295
dentelle de fil et tulle,31,non,out,741295
dentelle de fil et Valenciennes,3,oui,out,741295
dentelle de fil fine,24,non,out,741295
dentelle de fil grossière,37,non,,40052
dentelle de Flandre,10,non,out,741295
dentelle de France,2,non,out,741295
dentelle de gaze,1,non,out,741295
dentelle de Gisors,2,non,out,741295
dentelle de Lille,2,non,out,741295
dentelle de Malines,3,non,out,741295
dentelle de Normandie,2,non,out,741295
dentelle de pays,2,non,out,741295
dentelle de Rouen,1,non,out,741295
dentelle de soie,528,non,out,741295
dentelle de soie au quart,1,non,out,741295
dentelle de soie blanche,3,non,out,741295
dentelle de soie blonde,190,non,out,741295
dentelle de soie de Rouen,3,non,out,741295
dentelle de soie et de fil,1,oui,out,741295
dentelle de soie noire,1,non,out,741295
dentelle de toute autre sorte que soie,1,non,out,741295
dentelle de toutes sortes,3,oui,,40052
dentelle dorure,5,oui,,40052
dentelle dorure d'argent,12,non,out,741295
dentelle dorure d'argent et d'or,18,non,out,741295
dentelle dorure d'or,7,non,out,741295
dentelle dorure d'or faux,4,non,out,741295
dentelle du Havre,22,non,out,741295
dentelle du pays,2,non,out,741295
dentelle du Puy,199,non,out,741295
dentelle du Puy en soie,1,non,out,741295
dentelle en coiffures et manchettes,1,non,out,741295
dentelle en dorure,5,oui,out,741295
dentelle et blonde,19,non,out,741295
dentelle et galon et passementerie,54,non,out,741295
dentelle et galon et passementerie et ruban,28,non,out,741295
dentelle fine,32,non,out,741295
dentelle grossière,22,non,out,741295
dentelle mi soie,3,non,out,741295
dentelle moyenne,1,non,out,741295
dents d'éléphant,492,non,out,741295
dents d'éléphant d'hippopotame et autres,2,oui,out,741295
dents d'éléphant entières,4,non,out,741295
dents d'éléphant entières des entrepôts,0,non,out,741295
dents d'éléphant sciées,4,non,out,741295
dents d'éléphants d'hippopotame et autres,2,non,,40052
dents d'ivoire,1,non,,40052
dents de cheval marin,4,non,out,741295
dents de chien marin,2,non,out,741295
dents de morphil,103,oui,out,741295
dents de vache marine,15,non,out,741295
dépêche,1,non,,40052
der demi-plat,1,non,out,741295
derle,82,non,out,741295
dés,1,non,out,741295
dés à coudre,39,non,out,741295
dés à coudre de cuivre,6,non,out,741295
dés à coudre de cuivre et fer,1,non,out,741295
dés à coudre de fer,4,non,out,741295
dés à jouer,13,non,out,741295
dés d'acier,6,non,out,741295
dés de cuivre,35,non,out,741295
dés de fer,28,non,out,741295
dés de laiton,10,non,out,741295
déserteur,1,non,,40052
déshabillé,1,non,out,741295
despeigne,1,non,out,741295
dessins de papier,2,non,out,741295
dessus de souliers brodés,2,non,out,741295
dessus de table de marbre,1,non,out,741295
devant d'autel,1,non,out,741295
devant de vestes,48,non,out,741295
devant de vestes de basin,1,non,out,741295
dévidoir,2,non,out,741295
diables de mer,8,non,out,741295
diactamy en fleurs,1,non,out,741295
diagedum,1,non,out,741295
diagrede,1,non,out,741295
dialbequier,1,non,out,741295
diamants,1,non,out,741295
diamants brutes,1,non,out,741295
diamants bruts,3,non,out,741295
diamants fins,2,non,out,741295
diamants perles et pierres fines,50,non,out,741295
diamants perles et pierres fines non montés,13,non,out,741295
diamants taillés,6,non,out,741295
dictame,11,non,out,741295
dictionnaire du commerce,1,non,out,741295
dictionnaire hollandais,1,non,out,741295
digilence comlète,1,oui,,40052
diligence complète,1,non,,40052
dimelle,1,non,out,741295
dimitte et futaine,2,oui,out,741295
dindes,9,non,out,741295
dindonneaux,10,non,out,741295
dindons,40,non,out,741295
dissouchaye,39,non,out,741295
distillats,2,non,out,741295
ditors,2,non,out,741295
divers,9699,non,out,741295
dividivi,1,non,out,741295
doloirs,1,non,out,741295
domino,2,non,out,741295
dominoterie,136,non,out,741295
dominoterie en images,10,non,out,741295
dominoterie et cartes géographiques,2,non,out,741295
doraze,4,non,out,741295
doréas,10,non,cotton goods,18103
doréas brodées en couleur,1,non,cotton goods,18103
doréas de Zurich,2,non,cotton goods,18103
doréas mega,1,non,,40052
dorpins en pierre,0,non,out,741295
dorure,13,non,out,741295
dorure de Zurich,1,non,out,741295
dorure en galon fine,4,non,out,741295
dorure et soie,1,non,out,741295
dorure fausse,78,non,out,741295
dorure fausse en or et argent,5,non,out,741295
dorure fausse en or et argent battu tiré et laminé,8,non,out,741295
dorure fausse en paillettes,1,non,,40052
dorure fausse et fine,1,non,out,741295
dorure fine,790,non,out,741295
dorure fine en galon,2,non,,40052
dorure fine en galon d'or,1,oui,out,741295
dorure fine fil d'or passementerie,1,non,,40052
dorure fine sur soie,1,oui,out,741295
dos gorges et ventres de fouines martes et renard,2,non,out,741295
dos gorges et ventres de petit gris,2,non,out,741295
dospin en pierre,2,non,out,741295
dossiers de chaises,12,non,out,741295
dossiers de lit en satin,2,non,,40052
dossiers de lit en satin brodé,2,non,,40052
doublage de bois de pin,1,non,out,741295
doublures de martre pour habits,3,non,out,741295
doublures de petis gris,1,non,out,741295
douelle de chêne,1,non,,40052
douelles,204,non,out,741295
douelles à barils,17,oui,out,741295
douelles à barricages,2,oui,out,741295
douelles à barriques,83,oui,out,741295
douelles à barriques 3m 1/8,1,oui,out,741295
douelles à barriques neuves,1,oui,out,741295
douelles à barriques vieilles,3,oui,out,741295
douelles à bottes,1,oui,out,741295
douelles à bure,1,oui,,40052
douelles à buses,2,oui,out,741295
douelles à cave,1,oui,out,741295
douelles à cuve,1,oui,out,741295
douelles à fond,12,oui,out,741295
douelles à fonds,9,oui,,40052
douelles à pièce,1,oui,out,741295
douelles à pipes,70,oui,out,741295
douelles à poinçons,1,oui,out,741295
douelles à quart,7,oui,out,741295
douelles à tierçons,3,oui,out,741295
douelles à tonneau,167,oui,out,741295
douelles à tonneau vieilles,1,oui,out,741295
douelles de 4 pieds,1,non,,40052
douelles de 5 pieds,1,non,,40052
douelles de chêne,3,non,out,741295
douelles de chêne de 3 pieds,1,non,,40052
douelles de chêne de 4 pieds,1,non,,40052
douelles de chêne de 5 pieds,1,non,,40052
douelles de sapin,15,non,out,741295
douelles de sapin de 3 pieds,1,non,,40052
douelles en barriques,1,oui,out,741295
douelles fonçaille,2,non,out,741295
douelles fonçaille 2m 1/2,1,oui,out,741295
douelles ganivelles,6,oui,out,741295
douelles merrains à quart,1,oui,,40052
douelles merrains pour quarts,1,oui,,40052
douelles pour barils,53,non,,40052
douelles pour barricages,1,non,,40052
douelles pour barrique,2,non,out,741295
douelles pour barriques,346,non,,40052
douelles pour barriques 3m 1/8,1,non,,40052
douelles pour barriques neuves,1,non,,40052
douelles pour barriques vieilles,3,non,,40052
douelles pour bœuf,2,non,,40052
douelles pour bordage,1,non,,40052
douelles pour bottes,2,non,,40052
douelles pour bure,1,non,,40052
douelles pour buses,3,non,,40052
douelles pour cave,1,non,,40052
douelles pour cuve,1,non,,40052
douelles pour fonds,18,non,out,741295
douelles pour pièce,1,non,,40052
douelles pour pipes,289,non,,40052
douelles pour poinçons,1,non,,40052
douelles pour quarts,51,non,,40052
douelles pour tierçons,16,non,,40052
douelles pour tonneau,11,non,,40052
douelles pour tonneaux,175,non,,40052
douelles pour tonneaux vieilles,1,non,,40052
douelles vieilles,3,non,out,741295
douelles vieilles à barriques,3,oui,out,741295
douelles vieilles pour barriques,3,non,,40052
dousoutis,1,non,,40052
doutis,8,non,out,741295
doutis blancs,2,non,out,741295
doutis bleus,1,non,out,741295
douvain,1,non,out,741295
douvelles,1,non,out,741295
douvelles de sapin,1,non,out,741295
douves,3,non,out,741295
douves à tonneaux,4303,non,out,741295
douves de deux pouces,2,non,out,741295
douves de la foire de Beaucaire,1,non,,40052
douves vielles,1,non,,40052
dracodium,1,non,out,741295
dragées,141,non,out,741295
dragées de Keyser,3,non,out,741295
dragonnes,3,non,out,741295
dragonnes d'épée,1,non,out,741295
drague de bière,2,non,out,741295
drague de soie,1,non,out,741295
drap,1431,non,out,741295
drap ???,1,non,,40052
drap 20 lignes,1,oui,out,741295
drap à doubler,4,non,out,741295
drap à la valeur,1,oui,out,741295
drap à matelot,1,non,out,741295
drap à nègre,2,non,out,741295
drap à sucre,6,non,out,741295
drap anglais,1,non,out,741295
drap au ??? de soie,0,non,,40052
drap au quart de soie,3,non,,40052
drap au sixième de soie,7,non,out,741295
drap avarié,7,non,out,741295
drap blanc,126,non,out,741295
drap blanc d'Espagne,3,non,out,741295
drap blanc de Bremer,4,non,out,741295
drap blanc de douzaine,26,non,out,741295
drap blanc de douzaine aune,1,oui,out,741295
drap blanc de Hollande,1,non,out,741295
drap blanc de laine,1,oui,out,741295
drap blanc du Nord,3,non,out,741295
drap blanc et écarlate,1,non,out,741295
drap blanc fin,2,non,out,741295
drap blanc par aune,2,oui,out,741295
drap bleu,4,non,out,741295
drap bleu gros,1,non,out,741295
drap bouthouchou,1,non,,40052
drap brodé au ciseau en soie,1,non,out,741295
drap brodé de soie,20,non,out,741295
drap brodé en or et argent,5,non,out,741295
drap brodé en soie,3,oui,out,741295
drap buras,1,non,out,741295
drap bure,1,non,out,741295
drap cad ???,1,non,out,741295
drap cammise,2,non,out,741295
drap commun,330,non,out,741295
drap commun d'Angleterre,1,non,out,741295
drap cordeillat,41,oui,out,741295
drap cordeillat de Colmar,2,oui,out,741295
drap cosinis,1,non,out,741295
drap crêpe,2,non,out,741295
drap crêpe de Reims,4,non,out,741295
drap d',3,non,out,741295
drap d'Abbeville,116,non,out,741295
drap d'Abbeville Valenciennes,1,non,out,741295
drap d'Amboise,1,non,out,741295
drap d'Amiens,38,non,out,741295
drap d'Andelys,28,non,out,741295
drap d'Angleterre,36,non,out,741295
drap d'Angleterre aune,1,oui,out,741295
drap d'Angleterre des prises,3,non,out,741295
drap d'Angleterre et drap d'Espagne et drap de Hollande,11,non,out,741295
drap d'Angleterre noir,1,non,out,741295
drap d'argent et d'or et de soie,1,non,out,741295
drap d'Arnetal,12,non,out,741295
drap d'aucrin,1,non,out,741295
drap d'Aumale,2,non,out,741295
drap d'Auvergne,1,non,,40052
drap d'Elbeuf,610,non,out,741295
drap d'Elbeuf de retour,2,non,out,741295
drap d'Elbeuf de velours,1,non,out,741295
drap d'Espagne,18,non,out,741295
drap d'Espagne aune,1,oui,out,741295
drap d'Espagne teint,3,non,out,741295
drap d'estames,1,non,out,741295
drap d'étoupes,1,oui,,40052
drap d'or et d'argent fin,2,non,out,741295
drap Damas,1,non,out,741295
drap dauphine,113,non,out,741295
drap de ?,0,non,out,741295
drap de 20 lignes,1,non,,40052
drap de Beauvais,12,non,out,741295
drap de Bergopzoom,1,non,out,741295
drap de billard,2,non,out,741295
drap de Bolbec,1,non,out,741295
drap de Bourbon,1,non,out,741295
drap de bourbon peint,1,non,out,741295
drap de Carcassonne,221,non,out,741295
drap de Carcassonne de 20 aunes,1,non,,40052
drap de Carcassonne et écarlate,1,non,out,741295
drap de Carcassonne fin,1,non,out,741295
drap de castor,83,non,out,741295
drap de castor par aune,2,oui,out,741295
drap de cave à l'homme,1,non,,40052
drap de cérémonie,2,non,out,741295
drap de Champagne,1,non,out,741295
drap de Cherbourg,1,non,out,741295
drap de Cobras gros,1,non,out,741295
drap de Colmar,7,non,out,741295
drap de cordeillat,3,oui,out,741295
drap de coton,21,non,cotton goods,18103
drap de coton de Rouen,1,non,cotton goods,18103
drap de coton et de fil,2,non,cotton goods,18103
drap de coton et étoffe de coton,25,non,cotton goods,18103
drap de coton et teint,1,non,cotton goods,18103
drap de coton et velours,1,non,cotton goods,18103
drap de coton et velours de coton,5,non,cotton goods,18103
drap de coton imprimé,4,non,cotton goods,18103
drap de Cours,1,non,,40052
drap de Darnétal,54,non,out,741295
drap de dauphine,1,non,out,741295
drap de dorure et soie,1,non,out,741295
drap de douzaine,15,non,out,741295
drap de douzaine et teint,1,oui,out,741295
drap de douzaine teint,13,non,,40052
drap de douzaine teint aune,1,oui,out,741295
drap de droguet,18,oui,out,741295
drap de Falaise,3,non,out,741295
drap de fil rouge,1,non,out,741295
drap de fil vieux,1,non,out,741295
drap de France,92,non,out,741295
drap de Glasier,1,oui,out,741295
drap de Glaster,4,non,out,741295
drap de glaster,0,oui,out,741295
drap de glastes,2,oui,out,741295
drap de Glates,1,oui,out,741295
drap de Glouster,0,oui,out,741295
drap de Hollande,12,non,out,741295
drap de Hollande teint,11,non,out,741295
drap de julienne,21,non,out,741295
drap de Korook,1,non,out,741295
drap de la Bouille,2,non,out,741295
drap de laie,3,oui,,40052
drap de laine,11,non,out,741295
drap de laine ???,1,oui,,40052
drap de laine au ??? de soie,0,oui,out,741295
drap de laine au quart de soie,3,oui,out,741295
drap de laine avarié,1,oui,out,741295
drap de laine brodé de soie,1,oui,out,741295
drap de laine capots capots,1,oui,,40052
drap de laine commun,273,oui,out,741295
drap de laine cordeillat,25,oui,out,741295
drap de laine d'Amiens,10,oui,out,741295
drap de laine d'Andelys,9,oui,out,741295
drap de laine d'Angleterre,2,oui,,40052
drap de laine d'Auvergne,1,oui,,40052
drap de laine d'Elbeuf,212,oui,out,741295
drap de laine de 20 lignes,1,oui,,40052
drap de laine de Beauvais,5,oui,out,741295
drap de laine de Carcassonne,1,oui,,40052
drap de laine de cordeillat,5,oui,out,741295
drap de laine de Cours,1,oui,out,741295
drap de laine de dorure et soie,1,oui,,40052
drap de laine de Lille,15,oui,out,741295
drap de laine de Louviers,123,oui,out,741295
drap de laine de Lyon,2,oui,,40052
drap de laine de Montauban,21,oui,,40052
drap de laine de Nanrabais,4,oui,out,741295
drap de laine de Poitou,1,oui,,40052
drap de laine de Reims,1,oui,,40052
drap de laine de Saint-Maixant,1,non,,40052
drap de laine de Saint-Robert,12,oui,out,741295
drap de laine de Sedan,0,oui,out,741295
drap de laine de Van Robais,51,oui,out,741295
drap de laine de Vir,1,oui,out,741295
drap de laine des prises,1,oui,,40052
drap de laine diverse,0,oui,out,741295
drap de laine draperie diverse,0,oui,out,741295
drap de laine du Languedoc,2,oui,,40052
drap de laine écarlate,7,oui,,40052
drap de laine élastique,1,non,,40052
drap de laine en échantillon et lisères,1,oui,,40052
drap de laine et de soie,1,non,out,741295
drap de laine et petits et étoffe,66,oui,out,741295
drap de laine fin,108,oui,out,741295
drap de laine fin et drap de laine,1,oui,,40052
drap de laine fin ordinaire et petit,1,oui,,40052
drap de laine frac,2,oui,,40052
drap de laine gros,2,oui,out,741295
drap de laine grossier,4,oui,,40052
drap de laine iada,1,oui,,40052
drap de laine layette,5,oui,,40052
drap de laine londrin,79,oui,out,741295
drap de laine molleton,47,oui,,40052
drap de laine motton,8,oui,,40052
drap de laine moutade,1,oui,,40052
drap de laine ordinaire,387,oui,,40052
drap de laine peint,2,oui,,40052
drap de laine petit,704,oui,,40052
drap de laine pour billau,1,oui,,40052
drap de laine pour doublures,3,oui,,40052
drap de laine pour les troupes,4,oui,out,741295
drap de laire grossier,2,oui,,40052
drap de Languedoc,157,non,out,741295
drap de Languedoc de velours,1,non,,40052
drap de Languedoc ordinaire,1,non,out,741295
drap de Languenan,1,non,out,741295
drap de Latte,1,non,out,741295
drap de Lille,34,non,out,741295
drap de Limbourg,16,non,out,741295
drap de Limoux,3,non,out,741295
drap de lin,13,non,out,741295
drap de lin ayant servi,2,non,out,741295
drap de lin vieux,8,non,out,741295
drap de linge commun,1,non,out,741295
drap de lit,70,non,out,741295
drap de lit ayant servi,2,non,out,741295
drap de lit commun,1,non,out,741295
drap de lit de lin,1,non,out,741295
drap de lit neuf,1,non,out,741295
drap de lit ou linceuls,2,non,out,741295
drap de lit toile de lin,1,non,out,741295
drap de lit vieux,35,non,out,741295
drap de Lodève,24,non,out,741295
drap de Londrin,3,oui,out,741295
drap de londrin,82,oui,,40052
drap de Louviers,394,non,out,741295
drap de Louviers au sixième de soie,1,non,out,741295
drap de Lyon,4,non,out,741295
drap de Maroc,1,non,,40052
drap de montagne,7,non,out,741295
drap de Montauban,36,non,out,741295
drap de Montauban petite,1,oui,out,741295
drap de Moucu,3,non,out,741295
drap de Nanrabais,4,non,,40052
drap de Nîmes,1,non,out,741295
drap de Nison,1,non,out,741295
drap de Normandie,2,non,out,741295
drap de pagnon,1,non,out,741295
drap de Panguede,4,non,out,741295
drap de Picardie,71,non,out,741295
drap de Pie,1,oui,out,741295
drap de Pie aune,1,oui,out,741295
drap de Poitou,2,non,out,741295
drap de Reims,1,non,out,741295
drap de Reims fil ???,1,non,out,741295
drap de Rome,1,non,out,741295
drap de Romorantin,1,non,,40052
drap de Romorntin,1,oui,out,741295
drap de Rouen,28,non,out,741295
drap de Saint-Lô,1,non,out,741295
drap de Saint-Robert,12,non,,40052
drap de Sedan,313,non,out,741295
drap de Sedan 220 lignes,1,non,out,741295
drap de Sedan 25 lignes,1,non,out,741295
drap de Sedan 78 lignes,1,non,out,741295
drap de Sedan de retour,1,non,out,741295
drap de Sedan de velours,1,non,out,741295
drap de Ségovie,1,non,out,741295
drap de Silésie,204,non,out,741295
drap de Sir,2,non,out,741295
drap de soie,13,non,out,741295
drap de Soudrain,6,non,out,741295
drap de Souvier,1,non,out,741295
drap de toile de lin,1,non,out,741295
drap de Tours,1,non,out,741295
drap de Van Robais,73,non,out,741295
drap de vere,2,non,out,741295
drap de vigogne,1,non,out,741295
drap de Vir,18,non,out,741295
drap demi fin de laine,1,non,out,741295
drap des prise,11,oui,out,741295
drap des prises,17,non,out,741295
drap divers ???,8,non,out,741295
drap divers de laine,11,oui,,40052
drap drache,9,non,out,741295
drap drapée,4,non,out,741295
drap draperie ???,1,oui,out,741295
drap du Berry,4,non,out,741295
drap du Dauphiné,1,non,out,741295
drap du Languedoc,2,non,out,741295
drap du Languedoc de velours,1,oui,out,741295
drap du Languedoc ordinaire,1,oui,,40052
drap du Nord,12,non,out,741295
drap du Nord teint,6,non,out,741295
drap du pays,1,non,out,741295
drap du Poitou,1,oui,out,741295
drap du sceau,1,non,out,741295
drap écarlate,181,non,out,741295
drap écarlate de France,2,non,out,741295
drap écarlate des prises,1,non,out,741295
drap écarlate et du Languedoc,1,non,out,741295
drap en échantillon et lisères,1,non,out,741295
drap et drap de laine et tricots,2,oui,,40052
drap et draperie,6,oui,out,741295
drap et draperie casinier,2,non,out,741295
drap et draperie de laine,12,non,out,741295
drap et étoffe,3,oui,out,741295
drap et étoffe de laine,9,non,out,741295
drap et mouchoir de soie,1,non,out,741295
drap et petits et étoffe de laine,66,non,,40052
drap et tricots,2,non,out,741295
drap et velours de coton,1,non,cotton goods,18103
drap étranger,3,non,out,741295
drap fin,151,non,out,741295
drap fin blanc,1,non,out,741295
drap fin de la manufacture de France,4,non,out,741295
drap fin divers dit londrin du Languedoc de Carcassonne et Lodève,1,oui,out,741295
drap fin du Languedoc,23,non,out,741295
drap fin du Languedoc londrin de Carcassonne et Lodève,1,oui,,40052
drap fin et drap,1,non,,40052
drap fin et draperie,1,oui,out,741295
drap fin ordinaire et petit,1,non,,40052
drap fin ordinaire et petite,1,oui,out,741295
drap fins de laine,62,non,out,741295
drap frac,2,non,out,741295
drap gaufré,2,non,out,741295
drap gros,4,non,out,741295
drap gros de laine,5,non,out,741295
drap grossier,7,non,out,741295
drap iada,1,non,out,741295
drap imprimé,6,non,out,741295
drap layette,5,non,out,741295
drap londrin,322,non,out,741295
drap londrin ?,1,oui,,40052
drap londrin petit,1,oui,out,741295
drap londrin second,1,non,,40052
drap moine,1,non,,40052
drap molleton,47,oui,out,741295
drap motton,8,non,out,741295
drap moutade,1,non,out,741295
drap native divers,3,non,out,741295
drap naturel commun,3,non,out,741295
drap naturel de Sedan,1,non,out,741295
drap naturel diverses,2,non,out,741295
drap naturel Sirre,2,non,out,741295
drap noir,5,non,out,741295
drap noir de Sedan,1,non,out,741295
drap noir grossier,1,non,,40052
drap ordinaire,395,non,out,741295
drap ordinaires de laine,70,oui,out,741295
drap palencourt,1,non,out,741295
drap peint,2,non,out,741295
drap petit,740,non,out,741295
drap petit de Languedoc,1,non,out,741295
drap petit de mains,1,non,out,741295
drap petit de Montauban,1,non,,40052
drap petit de Sedan,1,non,out,741295
drap petit de Silésie,33,non,out,741295
drap petit londrin,1,non,,40052
drap petit raze de Maroc,12,non,,40052
drap platine,2,non,out,741295
drap pour billau,1,non,out,741295
drap pour doublures,3,non,out,741295
drap pour les troupes,4,non,,40052
drap rouge,1,non,out,741295
drap rouge bariolé,1,non,out,741295
drap teint,323,non,out,741295
drap teint d'Espagne et de Hollande,28,non,out,741295
drap teint d'Espagne et de Hollande aune,1,oui,out,741295
drap teint et mêlé de douzaine,1,oui,out,741295
drap terlaine,1,non,out,741295
drap uni,1,non,out,741295
drap vert,2,non,out,741295
drap vieux,3,non,out,741295
drap vieux pour l'entrepôt pour la Guinée,1,non,out,741295
drape petite,2,non,out,741295
drapeaux,10,non,out,741295
drapeaux vieux,118,non,out,741295
drapeaux vieux pour papeterie,1,non,out,741295
draperie et futaine,8,oui,out,741295
draps d'étoupes,1,non,,40052
draps de laine de Reims,1,non,,40052
drêche,3,non,out,741295
drêche de bière,28,non,out,741295
drilles,3,non,out,741295
drogue médicinale,32,oui,drogues,4400
drogues,2928,non,drogues,4400
drogues ???,2,non,drogues,4400
drogues à peindre,1,non,drogues,4400
drogues à teindre,20,non,drogues,4400
drogues chimiques,16,non,drogues,4400
drogues chimiques et métalliques,22,non,drogues,4400
drogues chimiques et métalliques diverses,1,non,drogues,4400
drogues chimiques et métalliques sublimé,0,non,drogues,4400
drogues colorantes,2,non,drogues,4400
drogues communes,17,non,drogues,4400
drogues composées,3,non,drogues,4400
drogues composées pour médecine ???,2,non,drogues,4400
drogues composées pour médecine précipité,2,oui,drogues,4400
drogues d'apothicaire,69,non,drogues,4400
drogues d'apothicaire communes,2,non,drogues,4400
drogues de misme,1,non,drogues,4400
drogues des Indes,4,non,drogues,4400
drogues diverses,15,non,,40052
drogues diverses citronal,1,non,,40052
drogues diverses composées,2,non,drogues,4400
drogues diverses médicinales,5,oui,drogues,4400
drogues diverses pour peintures et teinture,2,oui,drogues,4400
drogues diverses réunies,635,non,drogues,4400
drogues du Languedoc,1,non,drogues,4400
drogues en plantes,6,non,drogues,4400
drogues et épicerie,12,non,drogues,4400
drogues et épiceries diverses pour peintures et teinture,2,oui,drogues,4400
drogues et graine diverses,5,non,,40052
drogues et graines diverses,5,oui,drogues,4400
drogues et jus et sirop de cerise et de grenade,1,non,drogues,4400
drogues et soie et laine,1,non,drogues,4400
drogues fines,14,non,drogues,4400
drogues galle,1,non,drogues,4400
drogues gomme médicinales diverses,1,non,drogues,4400
drogues gomme métalliques diverses,1,non,drogues,4400
drogues médicales naturelles,15,non,drogues,4400
drogues médicinales,300,non,drogues,4400
drogues médicinales ???,1,non,drogues,4400
drogues médicinales bol,1,non,,40052
drogues médicinales casse en ???,0,non,drogues,4400
drogues médicinales en plantes diverses,11,non,drogues,4400
drogues médicinales en rhubarbe composée,3,non,drogues,4400
drogues métalliques,8,non,drogues,4400
drogues métalliques ???,8,non,drogues,4400
drogues métalliques et chimiques,3,non,drogues,4400
drogues odorantes,2,non,drogues,4400
drogues pour la Compagnie des Indes,1,non,drogues,4400
drogues pour la médecine,1,oui,drogues,4400
drogues pour la teinture,11,non,drogues,4400
drogues pour les peintures et la teinture fnée platte,3,non,drogues,4400
drogues pour les peintures et teinture gande,2,oui,drogues,4400
drogues pour peintures,26,non,drogues,4400
drogues pour peintures et coiffures,5,non,drogues,4400
drogues pour peintures et la teinture,6,oui,drogues,4400
drogues pour peintures et teinture,231,non,drogues,4400
drogues pour peintures et teinture ???,3,non,drogues,4400
drogues pour peintures et teinture composite,1,oui,drogues,4400
drogues pour peintures et teinture diverses,12,oui,drogues,4400
drogues pour peintures et teinture pae ???,1,non,drogues,4400
drogues pour peintures et teinture semence,2,non,drogues,4400
drogues pour teinture,1,non,drogues,4400
droguet,6,non,out,741295
droguet d'Angleterre,2,non,out,741295
droguet de castor,2,non,out,741295
droguet de coton et de soie,1,non,cotton goods,18103
droguet de fil de laine,3,non,out,741295
droguet de fil et de laine,21,non,out,741295
droguet de fil et laine,2,oui,out,741295
droguet de Hollande,8,non,out,741295
droguet de laine,136,non,out,741295
droguet de laine des prises,1,non,out,741295
droguet de laine et fil,2,oui,out,741295
droguet de milan,1,non,out,741295
droguet de soie,24,non,out,741295
droguet des prises,1,non,out,741295
droguet en fil,1,non,out,741295
droguet en laine,1,non,out,741295
droguet et Maroc,2,oui,out,741295
droguet et raze de Maroc,36,non,,40052
droit sur vin de Blaye,1,non,out,741295
droit sur vinaigre,2,non,out,741295
drol et drouel,67,non,out,741295
duc-d'Albe,7,non,out,741295
duc-d'Albe de grés,1,non,out,741295
duc-d'Albe de terre,1,non,out,741295
ducatons,1,non,,40052
duffel,10,non,out,741295
duffel teint,68,non,out,741295
durance grosse étoffe de laine,1,non,,40052
duves,1,non,out,741295
duvet,25,non,out,741295
duvet de plumes,2,non,,40052
duvet de plumes de canard cygne et oie,5,non,out,741295
duvet fin,1,non,,40052
duyvelsteen,1,non,out,741295
duyvelsterck,20,non,out,741295
e ???,2,non,out,741295
eau,21,non,out,741295
eau ???,1,non,,40052
eau à noirir tabac,7,non,out,741295
eau citronnelle,2,non,out,741295
eau coclearia,1,non,out,741295
eau cordiale,8,non,out,741295
eau d'anis,9,non,out,741295
eau d'arc,1,non,out,741295
eau d'arquebusade,35,non,out,741295
eau d'aspic,1,non,out,741295
eau d'Esquebat,2,non,out,741295
eau d'odeur,2,non,out,741295
eau d'orange,1,non,out,741295
eau de balaruc,86,non,out,741295
eau de Barbade,15,non,out,741295
eau de bergamote,3,non,out,741295
eau de Bristol,6,non,out,741295
eau de Bristol des prises,1,non,out,741295
eau de bronze,1,non,out,741295
eau de Bussang,1,non,out,741295
eau de Bussingue,8,non,out,741295
eau de cannelle,4,non,out,741295
eau de Carmes,3,non,out,741295
eau de cédrat,1,non,out,741295
eau de cèdre,7,non,out,741295
eau de cerise,28,non,out,741295
eau de Charente,2,non,out,741295
eau de citron,46,non,out,741295
eau de citron distillée,1,non,out,741295
eau de citronnelle,31,non,out,741295
eau de coclearia,6,non,out,741295
eau de Cologne,24,non,out,741295
eau de composition,1,non,out,741295
eau de Cordoue,4,non,out,741295
eau de feuilles d'orange,5,non,out,741295
eau de fleurs,1,non,out,741295
eau de fleurs d'oranger,540,non,out,741295
eau de fleurs de myrte,2,non,out,741295
eau de fleurs de senteur,1,non,out,741295
eau de fleurs fortes,1,non,out,741295
eau de garance,2,non,out,741295
eau de genièvre,11,non,out,741295
eau de grains,1,non,out,741295
eau de Hongrie,7,non,out,741295
eau de hongrie,2,non,out,741295
eau de jasmin,1,non,out,741295
eau de la Côte,1,non,out,741295
eau de la reine de Hongrie,28,oui,out,741295
eau de lavande,167,non,out,741295
eau de limon,1,non,out,741295
eau de liqueur,1,non,out,741295
eau de Marquette,2,non,out,741295
eau de mélisse,167,non,out,741295
eau de mer,1,non,out,741295
eau de miel,1,non,out,741295
eau de myrrhe,2,non,out,741295
eau de naffle,1,oui,out,741295
eau de naphe,2,non,,40052
eau de Naples,1,oui,out,741295
eau de nard,2,non,out,741295
eau de nard et de naphe,1,non,,40052
eau de Philippine,1,non,out,741295
eau de pin,25,non,out,741295
eau de Plombières,2,non,out,741295
eau de poix,6,non,out,741295
eau de poix raze,1,non,out,741295
eau de raisin,70,non,out,741295
eau de raison,1,non,out,741295
eau de rave,2,oui,out,741295
eau de raze,4,oui,out,741295
eau de résine,8,non,out,741295
eau de Rochefort,1,non,out,741295
eau de romarin,4,non,out,741295
eau de rose,152,non,out,741295
eau de rose essence de térébenthine,2,non,turpentine,2222
eau de Seltzer,7,non,out,741295
eau de senlaw,11,non,out,741295
eau de senteur,464,non,out,741295
eau de senteur alcoolique,3,non,out,741295
eau de senteur alcoolique autre que Cologne et lavande,2,non,out,741295
eau de senteur de bergamote,1,non,out,741295
eau de senteur de citron,1,non,out,741295
eau de senteur de la reine de Hongrie,567,non,out,741295
eau de senteur de lavande,7,non,out,741295
eau de senteur de nard,1,oui,out,741295
eau de senteur en flacons,1,non,out,741295
eau de senteur et essence,2,non,,40052
eau de senteur et quintessence,123,non,out,741295
eau de senteur rose,2,non,out,741295
eau de senteur sans alcool,3,non,out,741295
eau de senteur sans alcool autre que fleurs d'oranger,2,non,out,741295
eau de senteur sans pareille,2,non,out,741295
eau de Spa,26,non,out,741295
eau de tartre,6,non,out,741295
eau de térébenthine,1,non,turpentine,2222
eau de toilette,11,non,out,741295
eau de vertu,1,non,out,741295
eau des Carmes,36,non,out,741295
eau des cavernes,5,non,out,741295
eau des cavernes en fiole,0,non,,40052
eau des farmes,3,non,out,741295
eau distillée,12,non,out,741295
eau distillée alcoolique,2,non,out,741295
eau distillée sans alcool,10,non,out,741295
eau distillée sans alcool autres que fleurs d'oranger,2,non,out,741295
eau diverse,7,non,out,741295
eau divine,6,non,out,741295
eau du Rhône,1,non,out,741295
eau et essence,7,non,out,741295
eau et essence et huile spiritueuse,2,non,,40052
eau et essence spiritueuse,1,non,out,741295
eau et huile spiritueuse,62,non,out,741295
eau ferrée,2,non,out,741295
eau gazeuse,1,non,out,741295
eau magistrale,1,non,,40052
eau médicinale,94,non,out,741295
eau médicinale cordiale,1,non,out,741295
eau médicinale d'arquebusan,2,oui,out,741295
eau médicinale de cannelle,1,non,out,741295
eau médicinale de Chypre,1,non,out,741295
eau médicinale de coclearia,1,non,out,741295
eau médicinale de genièvre,1,non,out,741295
eau médicinale de marquette,1,non,out,741295
eau médicinale de mélisse,10,non,out,741295
eau médicinale de pin,1,non,out,741295
eau médicinale de raisin,2,non,out,741295
eau médicinale de Seltzer,1,non,out,741295
eau médicinale et minérale,24,non,out,741295
eau mélisse,3,non,out,741295
eau minérale,209,non,out,741295
eau minérale de Bristol,1,non,out,741295
eau ocgeniente,1,non,out,741295
eau octaze,3,non,out,741295
eau Plombières,1,oui,out,741295
eau pour la goutte,1,non,out,741295
eau pour remède,1,non,out,741295
eau royale,1,non,out,741295
eau sans pareille,7,non,out,741295
eau sederale,1,non,out,741295
eau spiritueuse,14,non,out,741295
eau spiritueuse et essence,9,non,out,741295
eau vulnéraire,20,non,out,741295
eau-de-vie,11161,non,out,741295
eau-de-vie anisette,1,non,out,741295
eau-de-vie antiscorbutique,1,non,out,741295
eau-de-vie commune,18,non,out,741295
eau-de-vie composée,1,non,out,741295
eau-de-vie d'Espagne,3,non,out,741295
eau-de-vie d'Hendaye,61,non,out,741295
eau-de-vie d'Hendaye et simple,2,non,out,741295
eau-de-vie d'Oléron,3,non,out,741295
"eau-de-vie de ""?"" en pots",3,non,,40052
eau-de-vie de Charente,89,non,out,741295
eau-de-vie de cidre,6,non,out,741295
eau-de-vie de Cognac,13,non,out,741295
eau-de-vie de Dantzig,5,non,out,741295
eau-de-vie de genièvre,62,non,out,741295
eau-de-vie de genièvre et de grains,5,non,out,741295
eau-de-vie de genièvre relifiée,1,non,,40052
eau-de-vie de genièvre simple,5,non,out,741295
eau-de-vie de grains,5,non,out,741295
eau-de-vie de grains autre que genièvre,1,non,out,741295
eau-de-vie de grains et simple,1,non,out,741295
eau-de-vie de lavande et simple,1,non,out,741295
eau-de-vie de Marennes,3,non,out,741295
eau-de-vie de mélasse rhum et tafia,3,non,out,741295
eau-de-vie de Ré,79,non,out,741295
eau-de-vie de Rochefort,20,non,out,741295
eau-de-vie de vin,42,non,out,741295
eau-de-vie de vin au-dessus de 32 degrés,3,non,out,741295
eau-de-vie de vin de 22 degrés à 32,3,non,out,741295
eau-de-vie de vin de 22 degrés ou moins,3,non,out,741295
eau-de-vie de vin par Marseille,1,non,out,741295
eau-de-vie des prises,1,non,out,741295
eau-de-vie diverse,3,non,out,741295
eau-de-vie double,70,non,out,741295
eau-de-vie en bouteille simple,1,non,out,741295
eau-de-vie et liqueurs,41,non,out,741295
eau-de-vie et rhum,6,non,out,741295
eau-de-vie et rhum et tafia,13,non,out,741295
eau-de-vie par Marseille,1,non,out,741295
eau-de-vie raffinée,10,non,out,741295
eau-de-vie rectifiée,5,non,out,741295
eau-de-vie royale,4,non,out,741295
eau-de-vie scorbutique,1,non,out,741295
eau-de-vie simple,338,non,out,741295
eau-de-vie simple de vin,1,non,out,741295
eau-de-vie spiritueuse,1,non,out,741295
eau-de-vie triple,2,non,out,741295
eau-forte,521,non,out,741295
eau-forte huile de vitriol le dania,1,non,out,741295
ébénisterie,1,non,out,741295
écaille,117,non,out,741295
écaille ???,4,non,out,741295
écaille au caret,1,oui,out,741295
écaille cahouanne,1,non,out,741295
écaille d'ablette,1,non,out,741295
écaille de ???,1,non,out,741295
écaille de cahouanne,38,non,out,741295
écaille de caret,14,non,out,741295
écaille de poisson,6,non,out,741295
écaille de tortue,436,non,out,741295
écaille de tortue caret,1,non,out,741295
écaille de tortue en carapace,7,non,out,741295
écaille de tortue en carapace de l'étranger,1,non,out,741295
écaille de tortue et nacre de perle,12,non,out,741295
écaille de tortue onglons,3,non,out,741295
écaille de tortue onglons et rognures,2,non,out,741295
écaille de tortue rognures,3,non,out,741295
écaille octomie,4,non,out,741295
écaille ou caret,4,non,out,741295
écarlate,2,non,out,741295
écarlatine,17,non,out,741295
écarlatine de Beauvais,1,non,out,741295
écarlatine du Languedoc,2,non,out,741295
écarts de bœuf,2,non,out,741295
échalas,38,non,out,741295
échalas de bois,1,non,,40052
échalote,43,non,out,741295
échantillons et morceaux de soie,76,non,out,741295
écharpe de soie,2,non,out,741295
écharpe de taffetas,1,non,out,741295
écharpe et gaze,1,non,out,741295
écharpe pour femme,1,non,out,741295
échaussillons,1,non,out,741295
échelles,5,non,out,741295
échelles anglaises,1,non,out,741295
échelles de 8 pieds,0,non,out,741295
échelles de bois,2,non,out,741295
échelles de bois de 10 pieds,0,non,out,741295
échelles de route,1,non,out,741295
échouements et prises,2,oui,out,741295
éclisses de bois,6,non,out,741295
écluses de fer,1,non,out,741295
écope,0,non,out,741295
écopes,48,non,out,741295
écopes de sapin,2,non,out,741295
écorce,63,non,out,741295
écorce à tan moulue,4,non,out,741295
écorce à tan non moulue,7,non,out,741295
écorce à tanner,62,non,out,741295
écorce autre que citron orange et leurs variété et quinquina,2,non,out,741295
écorce d'arbre,44,non,out,741295
écorce d'arbre de gaïac,1,non,out,741295
écorce d'arbre étoffe,4,non,out,741295
écorce d'arbre rayée,2,non,out,741295
écorce d'orange,107,non,out,741295
écorce d'orange et de citron,3,non,out,741295
écorce d'orange séchée,120,non,out,741295
écorce d'orange sergal,3,non,out,741295
écorce de bergamote,9,non,out,741295
écorce de bois,13,non,out,741295
écorce de bois de fer,3,non,out,741295
écorce de boutard,1,non,out,741295
écorce de cacao,145,non,out,741295
écorce de câpres,1,non,out,741295
écorce de cédrat,6,non,out,741295
écorce de cèdre,3,non,out,741295
écorce de chanvre,4,non,out,741295
écorce de chêne,221,non,out,741295
écorce de chêne moulue,98,non,out,741295
écorce de chêne pilée,1,non,,40052
écorce de citron,100,non,out,741295
écorce de citron confite,12,non,out,741295
écorce de citron et d'orange,16,non,out,741295
écorce de citron et d'orange et de leurs variétés,44,non,out,741295
écorce de citron non épluché,1,non,out,741295
écorce de citron sèche,2,non,out,741295
écorce de gaïac,23,non,out,741295
écorce de grande d'aulne et de bourdaine,5,non,out,741295
écorce de grenade,13,non,out,741295
écorce de limon,3,non,out,741295
écorce de limon sec,1,oui,out,741295
écorce de Magellan,2,non,out,741295
écorce de mandragore,1,non,out,741295
écorce de mélisse,1,non,out,741295
écorce de pin,10,non,out,741295
écorce de pin en poussière,0,oui,out,741295
écorce de pin moulue,8,non,out,741295
écorce de quinquina,58,non,out,741295
écorce de simarouba,1,non,out,741295
écorce de soie,2,non,out,741295
écorce de tilleul,52,non,out,741295
écorce de tilleul pour cordage,2,non,,40052
écorce de tilleul pour cordages,2,oui,out,741295
écorce ou tau en poussière de pin,4,non,,40052
écorce pour tanner,19,non,out,741295
écorce rayée,1,non,out,741295
écorce unie,1,non,out,741295
ecouette,1,non,out,741295
ecouette de nattes,2,non,out,741295
écouvillons,1,non,out,741295
écrans,3,non,out,741295
écrelet,1,non,out,741295
écrevisses,2,non,out,741295
écrevisses de mer,98,non,out,741295
écrevisses de rivière,133,non,out,741295
écritoire,7,non,out,741295
écritoire de chagrin,1,non,out,741295
écritoire de corne,1,non,out,741295
écritoire de maroquin,1,non,out,741295
écritoire garni d'or,2,non,out,741295
écru de cerise,1,non,out,741295
écuelles de terre,1,non,out,741295
écuelles de vermillon,3,non,out,741295
écume de verre,1,non,out,741295
écumoires à sucre,2,non,out,741295
écus à palme,6,non,out,741295
édredon,1,non,out,741295
édredon de plume,8,non,out,741295
édredon et plumes,2,non,,40052
effets,1,oui,,40052
effets de troupes,1,non,out,741295
effilé de fil,14,non,out,741295
effilé de soie,5,non,out,741295
effilé or fil,1,non,out,741295
efforces à tondre,99,non,out,741295
églefins,82,non,out,741295
églefins salés,51,non,out,741295
egoutals,1,non,out,741295
egoutals de bois,1,non,out,741295
égouttoirs,53,non,out,741295
égouttoirs à fondre,1,non,out,741295
égouttoirs de bois,2,non,out,741295
egrat,1,non,out,741295
egueluy,1,non,,40052
elatches,19,non,out,741295
elbots,83,non,out,741295
elbots salés,53,non,out,741295
elegias,2,non,out,741295
élixir,63,non,out,741295
élixir de garus,4,non,out,741295
élixir purgatif,1,non,out,741295
ellébore,7,non,out,741295
ellébore blanc,1,non,out,741295
élocs de fer,2,non,out,741295
émai en grabeaul,1,oui,,40052
émail,67,non,out,741295
émail brut,3,non,out,741295
émail en grabeau,1,non,,40052
émail en pain,1,non,,40052
emballage,2,non,out,741295
embarcations à dépecer,5,non,out,741295
embarcations avec agrès,20,non,out,741295
embarcations en état de servir,2,non,out,741295
embarcations et autres objets de marine,44,non,out,741295
embarcations et voiles de navire,3,non,out,741295
émeraudes brutes,1,non,out,741295
émeraudes et opales taillées,1,non,out,741295
émeraudes taillés,2,non,out,741295
émeri,163,non,out,741295
émeri en pierre,3,non,out,741295
émeri en pierres,11,non,out,741295
émeri en poudre,14,non,out,741295
empeignes,5,non,out,741295
empeignes brodées,1,non,out,741295
empeignes brodées pour souliers,8,non,out,741295
empeignes coupées pour empeignes,3,non,out,741295
empeignes de souliers,11,non,out,741295
empeignes de souliers brodés,1,non,out,741295
empeignes de souliers imprimées,5,non,out,741295
empeignes de toile,12,non,out,741295
empeignes et talons de cuir coupés,2,non,out,741295
empeignes peintes pour souliers,67,non,out,741295
en bâtiments de mer,1,non,out,741295
en pain,1,non,out,741295
enamitte,1,non,out,741295
encens,664,non,out,741295
encens commun,4,non,out,741295
encens des Indes,1,non,out,741295
encens en encens,1,oui,,40052
encens en grabeau,129,non,out,741295
encens en poudre,1,non,out,741295
encens en poussière,4,non,out,741295
enclumes,5,non,out,741295
enclumes de fer,121,non,out,741295
enclumes de fer et étaux de fer,1,non,out,741295
encoignement,1,non,out,741295
encoignures,5,non,out,741295
encoignures de bois vernissé,1,non,out,741295
encre,38,non,out,741295
encre à dessiner en tablettes,3,non,out,741295
encre à écrire,53,non,out,741295
encre à écrire et à imprimer,13,non,out,741295
encre à imprimer,3,non,out,741295
encre commune,22,non,out,741295
encre d'imprimerie,90,non,out,741295
encre de la Chine,60,non,out,741295
encre de la petite vertu,1,non,out,741295
encre de Nankin,2,non,,40052
encre de nankin,2,oui,out,741295
encre glassine,1,non,out,741295
encre liquide à écrire ou à imprimer,4,non,out,741295
encre odorante,1,non,out,741295
encre rouge,4,non,out,741295
encrin,0,non,out,741295
endives,2,non,out,741295
engins,16,non,,40052
engrais,50,non,out,741295
engrais colombine,17,non,out,741295
engrais divers,1,non,out,741295
engrais en court fumier,1,non,out,741295
engrais en fournelle,1,non,out,741295
engrais en fumier de rue,1,non,out,741295
engrais en pourette,1,non,out,741295
engrais gru,1,non,out,741295
entenolles,1,non,out,741295
épagnolette simple,0,non,out,741295
épaulettes,1,non,out,741295
épaulettes d'argent,1,non,out,741295
épaulettes d'or,1,non,,40052
épeautre,118,non,out,741295
épeautre en gerbes,23,non,out,741295
épée,31,non,out,741295
épée à garde d'argent,4,non,out,741295
épée à garde de cuivre doré,1,non,out,741295
épée argentée,1,non,out,741295
épée d'acier,2,non,out,741295
épée d'argent,33,non,out,741295
épée d'argent doré,1,non,out,741295
épée d'argent et de cuivre,2,non,out,741295
épée d'argent et de cuivre doré,1,non,out,741295
épée de cuivre,5,non,out,741295
épée de cuivre doré,5,non,out,741295
épée masquinée,14,non,out,741295
épée montée en acier,98,non,out,741295
épée montée en argent,48,non,out,741295
éperons,6,non,out,741295
éperons et étriers,84,non,out,741295
éperviers,1,non,out,741295
épice,1,non,out,741295
épice de Curons,3,non,out,741295
épicerie,1148,non,out,741295
épicerie commune,13,non,out,741295
épicerie douce,9,non,out,741295
épicerie fine,66,non,out,741295
épices,1,non,out,741295
épices préparées,2,non,out,741295
épices préparées autres que moutarde et poudre de kari,1,non,out,741295
épices préparées autres que moutarde et sauces épicées,2,non,out,741295
epinelle,1,non,out,741295
épines à planter,1,non,out,741295
épinettes,9,non,out,741295
épingles,427,non,out,741295
épingles communes,3,non,out,741295
épingles de laiton,4,non,out,741295
épingles de mercerie fine,17,non,out,741295
épingles en cuivre,2,non,out,741295
épingoles,3,non,out,741295
epiterie,7,non,out,741295
éponges,716,non,out,741295
éponges brutes,1,non,,40052
éponges communes,66,non,out,741295
éponges communes et fines,6,non,out,741295
éponges et tournesol,1,non,out,741295
éponges fines,68,non,out,741295
éponges grosses,1,non,out,741295
épousterie,45,non,out,741295
éprouvette de cuivre,1,non,out,741295
epuigtion,1,non,,40052
équerre,2,non,out,741295
equeurs,0,non,out,741295
équille,2,non,out,741295
équille pour voile pour la Compagnie de Guinée,2,non,out,741295
equine,2,non,out,741295
ergots de bœuf,14,non,out,741295
ergots de caret,1,non,out,741295
érnail,1,non,out,741295
escabelles,2,non,out,741295
escamitte,106,non,cotton goods,18103
escamotte,4,non,out,741295
escaralles,1,non,out,741295
escarasse,31,non,out,741295
escarbille,9,non,out,741295
escargots,3,non,out,741295
escargots et crekels,13,non,out,741295
escarpins,1,non,out,741295
escarpins de chambre,1,non,out,741295
escayolles,373,non,out,741295
esclapes,1,non,out,741295
esclapes de bois,2,non,out,741295
esco,1,oui,out,741295
escope,22,non,out,741295
escortines,5,non,out,741295
escortines à huile,1,non,out,741295
escortines d'espars,5,non,out,741295
escortines de jonc,1,non,out,741295
escosses,1,non,out,741295
escot,7,non,out,741295
escot de bois,1,non,out,741295
escot de fer,6,non,out,741295
escot de laine,3,non,out,741295
escotins de bois,1,non,out,741295
escoubes,1,non,,40052
espadrilles,9,non,out,741295
espagnolette,264,non,out,741295
espagnolette à fleurs,1,non,out,741295
espagnolette croisée,119,non,out,741295
espagnolette croisée et simple,3,non,out,741295
espagnolette de laine,18,non,out,741295
espagnolette de laine croisée,4,non,out,741295
espagnolette de laine lisse,2,non,out,741295
espagnolette de laine simple,1,non,out,741295
espagnolette des prises,2,non,out,741295
espagnolette simple,83,non,out,741295
espars,721,non,out,741295
espars de 10 à 15 pieds,2,non,out,741295
espars de 10 pieds,1,non,out,741295
espars de 11 à 20 pieds,2,non,out,741295
espars de 12 à 15 pieds,1,non,out,741295
espars de 14 à 16 pieds,1,non,out,741295
espars de 14 pieds,1,non,out,741295
espars de 15 à 16 pieds,1,non,,40052
espars de 15 à 20 pieds,3,non,out,741295
espars de 15 à 25 centimètres,3,non,out,741295
espars de 15 centimètres inclusivement à 25 exclusivement,5,non,out,741295
espars de 16 à 36 pieds,1,non,out,741295
espars de 17 pieds,1,non,,40052
espars de 18 à 20 pieds,4,non,out,741295
espars de 18 à 36 pieds,1,non,out,741295
espars de 18 pieds,7,non,out,741295
espars de 20 à 22 pieds,2,non,out,741295
espars de 20 à 25 pieds,4,non,out,741295
espars de 20 à 25 pieds de long,3,non,out,741295
espars de 20 à 26 pieds,1,non,out,741295
espars de 20 à 30 pieds,1,non,out,741295
espars de 20 pieds,3,non,out,741295
espars de 24 à 36 pieds,1,non,out,741295
espars de 24 pieds,2,non,,40052
espars de 25 à 26 pieds,1,non,out,741295
espars de 25 à 30 pieds,5,non,out,741295
espars de 26 à 28 pieds,1,non,out,741295
espars de 26 pieds,2,non,out,741295
espars de 27 pieds,1,non,out,741295
espars de 28 à 30 pieds,1,non,out,741295
espars de 28 à 36 pieds,1,non,out,741295
espars de 28 pieds,1,non,out,741295
espars de 3 à 4 pieds,1,non,,40052
espars de 30 à 35 pieds,1,non,,40052
espars de 30 à 40 pieds,2,non,out,741295
espars de 30 pieds,8,non,out,741295
espars de 35 à 46,1,non,out,741295
espars de 35 pieds,2,non,out,741295
espars de 36 à 40 pieds,1,non,out,741295
espars de 4 à 5 pieds,1,non,out,741295
espars de 40 à 45 pieds,1,non,out,741295
espars de 40 à 50 pieds,3,non,out,741295
espars de 40 pieds,1,non,out,741295
espars de 45 pieds,2,non,out,741295
espars de 5 à 6 pieds,1,non,out,741295
espars de 55 pieds,1,non,out,741295
espars de 56 à 61 pieds,1,non,out,741295
espars de 8 à 9 pieds,1,non,out,741295
espars de différente longueur,5,non,out,741295
espars de nitriol,1,oui,out,741295
espars de sapin,31,non,out,741295
espars de sapin de 15 pieds,1,non,out,741295
espars de sapin de 18 pieds,1,non,out,741295
espars de sapin de 20 pieds,1,non,out,741295
espars de sapin de 24 pieds,1,non,out,741295
espars de sapin de 25 pieds,1,non,out,741295
espars de sapin de 30 pieds,1,non,out,741295
espars de sapin de 37 pieds,0,non,,40052
espars de sapin de 45 pieds,1,non,out,741295
espars divers,1,non,out,741295
espars doubles,11,non,out,741295
espars marmoyées en argent,1,non,out,741295
espars petit,2,non,out,741295
espars petits,1,non,out,741295
espars pour construction,2,non,out,741295
espars simple,4,non,out,741295
espars simples,4,non,out,741295
espèce monnayée ???,1,non,out,741295
espèces,63,non,out,741295
espèces d'argent,4,non,out,741295
espingole,2,non,out,741295
esponton,6,non,out,741295
esprit,0,non,out,741295
esprit d'absinthe,1,non,out,741295
esprit de bergamote,151,non,out,741295
esprit de cédrat,2,non,out,741295
esprit de citron,129,non,out,741295
esprit de coclearia,9,non,out,741295
esprit de corne de cerf,3,non,out,741295
esprit de coton,1,non,out,741295
esprit de feuilles d'orange,1,non,out,741295
esprit de fil,1,non,out,741295
esprit de fleurs d'oranger,9,non,out,741295
esprit de lavande,2,non,out,741295
esprit de limon,4,non,out,741295
esprit de miroly,1,non,out,741295
esprit de myrrhe,1,non,out,741295
esprit de myrthe,1,non,out,741295
esprit de nitre,12,non,out,741295
esprit de romarin,4,non,out,741295
esprit de sel,13,non,out,741295
esprit de sel ammoniac,2,non,out,741295
esprit de sel marin,1,non,out,741295
esprit de soufre,10,non,out,741295
esprit de taffia,2,oui,out,741295
esprit de tafia,2,non,,40052
esprit de tamarin,1,non,out,741295
esprit de vitriol,57,non,vitriol,1211
esprit-de-vin,157,non,out,741295
esprots,3,non,out,741295
esprots fumés,7,non,out,741295
esprots pressés,1,non,,40052
espuirie,0,non,out,741295
esquilles,1,non,,40052
esquine,30,non,out,741295
essandoles,1,non,out,741295
essence,334,non,out,741295
essence aromatique,6,non,out,741295
essence au bruit aromatique,1,non,out,741295
essence d'anis,1,non,out,741295
essence de bergamote,6,non,out,741295
essence de cannelle,6,non,out,741295
essence de cendre de bois,38,non,out,741295
essence de citron,47,non,out,741295
essence de fleurs d'orange,1,non,out,741295
essence de girofle,6,non,out,741295
essence de jasmin,11,non,out,741295
essence de lavande,2,non,out,741295
essence de limon,5,non,out,741295
essence de muscade,1,non,out,741295
essence de paruce,1,non,out,741295
essence de pommade,1,non,out,741295
essence de romarin,1,non,out,741295
essence de rose,8,non,out,741295
essence de soie,1,non,out,741295
essence de térébenthine,36,non,turpentine,2222
essence de térébenthine et huile de térébenthine,85,non,turpentine,2222
essence de thym,1,non,out,741295
essence de vitriol,15,non,vitriol,1211
essence et huile de térébenthine,184,non,turpentine,2222
essence et pommade,3,non,out,741295
essence odorante,2,non,,40052
essence odoriférante,1,non,out,741295
essence ou esprit de citron,1,non,out,741295
essence vitriolique et vitriol huile,9,non,vitriol,1211
essieux,93,non,out,741295
essieux à cabrouets,2,non,out,741295
essieux de fer,71,non,out,741295
estagnons,4,non,out,741295
estagnons de cuivre allié,1,non,out,741295
estampes,342,non,out,741295
estampes en feuilles,1,non,out,741295
estampes encadrées,2,non,out,741295
estampes et cartes géographiques,14,non,out,741295
estampes et gravures,44,non,out,741295
estampes et images,1,non,out,741295
estampes et librairie,13,non,out,741295
estampes et tableaux,336,non,out,741295
estampes sur papier,1,non,out,741295
estampes sur toile,1,non,out,741295
estères,2,non,out,741295
estères de jonc,4,non,out,741295
estette à faire gombessis,1,non,,40052
estrasse de cocons,1,non,out,741295
estrasse de Savoie,1,non,out,741295
estrasse de soie,66,oui,out,741295
esturgeon,114,non,out,741295
esturgeon en adaube,3,non,out,741295
esturgeon mariné,4,non,out,741295
esturgeon salé,43,non,out,741295
étain,505,non,out,741295
étain battu,16,non,out,741295
étain battu ou limé,4,non,out,741295
étain brut,47,non,out,741295
étain brut d'Inde,1,non,out,741295
étain brut d'Inde des entrepôts,0,non,out,741295
étain brut en masses ouvrages brisés et saumons,1,non,out,741295
étain creux,1,non,out,741295
étain d'Angleterre,2,non,out,741295
étain de glaces,36,oui,out,741295
étain de j ???,1,non,out,741295
étain de malgue,1,non,out,741295
étain de Melac,11,non,out,741295
étain de retour,1,non,,40052
étain de retour faute de vente,1,oui,out,741295
étain des Indes,36,non,out,741295
étain du Pérou,2,non,out,741295
étain en bloc,584,non,out,741295
étain en bloc des Indes,1,non,,40052
étain en enclumes de fer,1,non,out,741295
étain en faux,3,non,out,741295
étain en feuilles,12,non,out,741295
étain en lingots,2,non,out,741295
étain en plats,1,oui,out,741295
étain en plomb,1,non,out,741295
étain en saumon,27,non,out,741295
étain et plomb,18,non,out,741295
étain fin,1,non,out,741295
étain fin en bloc,1,non,out,741295
étain neuf,7,non,out,741295
étain non ouvré,16,non,out,741295
étain ouvré fin,2,non,,40052
étain pour glaces,38,non,out,741295
étain pour soudure,2,non,out,741295
étain rouge,1,non,out,741295
étain seringues,2,non,out,741295
étain verni,1,non,out,741295
étain vieux,101,non,out,741295
étais en bois,2,non,out,741295
etalchasse,3,non,out,741295
étamette,29,non,out,741295
étamette dauphine casinettes,8,non,out,741295
étamine,321,non,out,741295
étamine à bluteau,4,non,out,741295
étamine à passer fromage,9,non,out,741295
étamine à pavillon,13,non,out,741295
étamine à peu de soie,4,non,out,741295
étamine au quart de soie,2,non,out,741295
étamine au sixième de soie,1,non,out,741295
étamine aune,1,oui,out,741295
étamine avec soie,2,non,out,741295
étamine avec vingt brins de soie,1,non,out,741295
étamine blanche,1,non,out,741295
étamine burail,85,non,out,741295
étamine buratée de laine,1,non,out,741295
étamine burette,2,non,out,741295
étamine commune,2,non,out,741295
étamine d'Agen,3,non,out,741295
étamine d'Allemagne,6,non,out,741295
étamine d'Amiens,14,non,out,741295
étamine d'argent,2,non,out,741295
étamine d'Auvergne,17,non,out,741295
étamine de Acims,0,non,out,741295
étamine de belzamine,4,non,out,741295
étamine de laine,660,non,out,741295
étamine de laine d'Angleterre,2,non,out,741295
étamine de laine et de soie,6,non,out,741295
étamine de laine fine,1,non,out,741295
étamine de Laval,3,non,out,741295
étamine de Nogent,6,non,out,741295
étamine de Noyau,2,non,out,741295
étamine de Reims,229,non,out,741295
étamine de renvoi,1,non,,40052
étamine de Rouen,1,non,out,741295
étamine de Sainte,1,non,out,741295
étamine de soie,7,non,out,741295
étamine des prises,3,non,out,741295
étamine du Mans,93,non,out,741295
étamine du pays,1,non,out,741295
étamine et serge,6,non,,40052
étamine fine,4,non,,40052
étamine Maine,1,non,out,741295
étamine mi soie,2,non,out,741295
étamine noire,2,non,out,741295
étamine oneraile,1,non,out,741295
étamine ouvrée,1,non,out,741295
étamine piquée de soie,1,non,out,741295
étamine rayée,4,non,out,741295
étamine virée,1,non,out,741295
étampes,0,non,out,741295
étampes de chanvre,1,non,out,741295
etatchasse,6,non,out,741295
étaux,2,non,out,741295
étaux de fer,28,non,out,741295
étaux en bâtit pour serruriers,1,non,out,741295
étaux ouvragés,1,non,out,741295
etaya,1,non,out,741295
étendards,2,non,out,741295
étendards de soie,1,non,,40052
etendelle,3,non,out,741295
éternelle de coton,1,non,cotton goods,18103
etocs,4,non,out,741295
etocs de fer,13,non,out,741295
étocs de fer,12,non,out,741295
étoffe,389,non,out,741295
étoffe à carreaux,1,non,out,741295
étoffe à carreaux et de toile de coutil,1,non,out,741295
étoffe à galon d'or,1,non,out,741295
étoffe à la valeur,2,non,out,741295
étoffe à peu,20,oui,out,741295
étoffe à peu de soie,344,non,out,741295
étoffe au ??? de soie,3,non,out,741295
étoffe au 4/5e de soie,4,non,out,741295
étoffe au filoselle,2,non,out,741295
étoffe au peu de soie,4,non,,40052
étoffe au poil sorge de Rome,1,non,out,741295
étoffe au quart,20,oui,out,741295
étoffe au quart de soie,364,non,out,741295
étoffe au sixième,1,non,out,741295
étoffe au sixième de soie,22,non,out,741295
étoffe au sixième de soie en siamoise,2,non,out,741295
étoffe au sixième de soie siamoise,1,non,out,741295
étoffe au tiers de soie,1,non,out,741295
étoffe au-dessus du sixième de soie,2,non,out,741295
étoffe avec argent et or,2,non,out,741295
étoffe avec un brin de soie,3,non,out,741295
étoffe avec vin brin de soie,1,oui,out,741295
étoffe brochée d'argent et d'or faux de soie,1,non,,40052
étoffe brochée d'argent et d'or faux de soie pure,2,oui,out,741295
étoffe brochée d'argent et d'or fin de soie,2,non,,40052
étoffe brochée d'argent et d'or fin de soie pure,2,oui,out,741295
étoffe brochée d'or ou d'argent faux de soie pure,2,non,,40052
étoffe brochée d'or ou d'argent fin de soie pure,2,non,,40052
étoffe brochée de coton et de fil siamois,1,non,cotton goods,18103
étoffe brochée de pure soie et unies,39,non,,40052
étoffe brochée de soie,2,non,,40052
étoffe brochée de soie de soie pure,2,oui,out,741295
étoffe brochée de soie et unies,70,non,,40052
étoffe brochée de soie pure,2,non,,40052
étoffe brochée et brodée,2,non,out,741295
étoffe brochées d'argent et d'or faux de soie,1,oui,out,741295
étoffe brochées d'argent et d'or fin de soie,2,oui,out,741295
étoffe brochées de pure soie et unies,39,oui,out,741295
étoffe brochées de soie de soie,2,oui,out,741295
étoffe brochées de soie et unies,70,oui,out,741295
étoffe cotonne,1,non,cotton goods,18103
étoffe crêpe,1,non,out,741295
étoffe croisée,1,non,out,741295
étoffe d'Amiens façonnée,1,non,out,741295
étoffe d'argent,10,oui,out,741295
étoffe d'argent d'or et de soie,58,oui,out,741295
étoffe d'argent et d'or,192,oui,out,741295
étoffe d'argent et d'or faux,3,oui,out,741295
étoffe d'argent et d'or fin,4,oui,out,741295
étoffe d'argent et de soie,9,oui,out,741295
étoffe d'argent et soie,1,oui,out,741295
étoffe d'argent fil et soie,1,oui,out,741295
étoffe d'écorce,2,non,out,741295
étoffe d'herbes,5,non,out,741295
étoffe d'or,28,oui,out,741295
étoffe d'or et de soie,9,oui,out,741295
étoffe d'or faux et de soie,1,oui,out,741295
étoffe de bourre de soie,7,non,out,741295
étoffe de bourre de soie façon cachemire,1,non,out,741295
étoffe de cachemire de poil,1,oui,out,741295
étoffe de capiton,4,non,out,741295
étoffe de chanvre,4,non,out,741295
étoffe de chanvre et de fil de lin en toile,12,non,out,741295
étoffe de chanvre et de lin en toile diverse,26,non,out,741295
étoffe de chanvre ou de lin,2,non,out,741295
étoffe de chanvre ou de lin mêlés,1,non,out,741295
étoffe de coton,411,non,cotton goods,18103
étoffe de coton ???,2,non,cotton goods,18103
étoffe de coton au quart de soie,3,non,cotton goods,18103
étoffe de coton au sixième de soie,1,non,,40052
étoffe de coton avec un brin de soie,1,non,,40052
étoffe de coton basin piqués mousselinettes,2,non,cotton goods,18103
étoffe de coton brillant blanc,1,non,cotton goods,18103
étoffe de coton brochée et brodée et imprimée,2,non,,40052
étoffe de coton brochées et brodées et imprimées,2,oui,cotton goods,18103
étoffe de coton brodé,1,non,cotton goods,18103
étoffe de coton de fil,6,non,cotton goods,18103
étoffe de coton de fil et de laine,20,non,cotton goods,18103
étoffe de coton de fil et de soie,9,non,cotton goods,18103
étoffe de coton de fleuret et de soie,1,non,cotton goods,18103
étoffe de coton de laine,3,non,cotton goods,18103
étoffe de coton de laine et de soie,3,non,cotton goods,18103
étoffe de coton de quart de soie,1,non,cotton goods,18103
étoffe de coton de velours,7,non,cotton goods,18103
étoffe de coton des Indes,1,non,cotton goods,18103
étoffe de coton en drap,14,non,cotton goods,18103
étoffe de coton en soie,8,non,cotton goods,18103
étoffe de coton et bonneterie,1,non,cotton goods,18103
étoffe de coton et chapeaux,1,non,cotton goods,18103
étoffe de coton et de fil,232,non,cotton goods,18103
étoffe de coton et de fil de soie,2,non,cotton goods,18103
étoffe de coton et de fil et de laine et de poil chameau,15,non,cotton goods,18103
étoffe de coton et de fil et de laine et de poil de chèvre,16,non,cotton goods,18103
étoffe de coton et de fil mélangés,10,non,cotton goods,18103
étoffe de coton et de fleuret,3,non,cotton goods,18103
étoffe de coton et de laine,23,non,cotton goods,18103
étoffe de coton et de laine diverse,1,non,cotton goods,18103
étoffe de coton et de laine et de filoselle,7,non,cotton goods,18103
étoffe de coton et de laine et de soie mélangés,26,non,cotton goods,18103
étoffe de coton et de laine retour,1,non,cotton goods,18103
étoffe de coton et de soie,318,non,cotton goods,18103
étoffe de coton et de soie des Indes,1,non,cotton goods,18103
étoffe de coton et de soie éternelle,1,non,cotton goods,18103
étoffe de coton et de toile,1,non,cotton goods,18103
étoffe de coton et drap de coton et velours de coton,15,non,cotton goods,18103
étoffe de coton et drap de coton et velours de coton et couvertures de coton,13,non,cotton goods,18103
étoffe de coton et mercerie,1,non,cotton goods,18103
étoffe de coton et pellerie,1,non,cotton goods,18103
étoffe de coton et soie,2,non,,40052
étoffe de coton et velours commun,1,non,cotton goods,18103
étoffe de coton imprimé,2,non,cotton goods,18103
étoffe de coton mélangée,1,oui,cotton goods,18103
étoffe de coton mêlée,1,non,,40052
étoffe de coton mêlée de soie,1,non,cotton goods,18103
étoffe de coton mi soie,2,non,cotton goods,18103
étoffe de coton peint,1,non,cotton goods,18103
étoffe de coton piqué,1,non,cotton goods,18103
étoffe de coton simple,2,non,,40052
étoffe de coton simples,2,oui,cotton goods,18103
étoffe de crin,33,non,out,741295
étoffe de crin et de poils,2,non,out,741295
étoffe de d'argent et d'or et de soie,23,oui,out,741295
étoffe de dorure de laine et de soie,2,non,out,741295
étoffe de fil,8,non,out,741295
étoffe de fil au quart de soie,1,non,out,741295
étoffe de fil de laine,6,non,out,741295
étoffe de fil et bourre de chèvre,1,non,out,741295
étoffe de fil et de laine,184,non,out,741295
étoffe de fil et de laine de retour,1,non,,40052
étoffe de fil et de poil,1,non,out,741295
étoffe de fil et de poil de chèvre,6,non,out,741295
étoffe de fil et de soie,239,non,out,741295
étoffe de fil et moquette,1,non,out,741295
étoffe de fil et poil de chèvre,43,non,out,741295
étoffe de fil et poil de chèvre aune,1,oui,out,741295
étoffe de fil et soie,1,non,,40052
étoffe de filoselle,48,non,out,741295
étoffe de filoselle et de laine,3,non,out,741295
étoffe de filoselle et de soie,37,non,out,741295
étoffe de filoselle et laine,1,oui,,40052
étoffe de Flandre et de poil,2,non,out,741295
étoffe de fleuret,73,non,out,741295
étoffe de fleuret au brin de soie,1,non,out,741295
étoffe de fleuret et de laine,5,non,out,741295
étoffe de fleuret et de soie,10,non,out,741295
étoffe de fleuret et laine,3,non,out,741295
étoffe de fleuret pure,2,non,out,741295
étoffe de galette et de soie,2,non,out,741295
étoffe de laine,582,non,out,741295
étoffe de laine ???,5,non,out,741295
étoffe de laine à faire moufles,9,non,out,741295
étoffe de laine à fil,1,non,out,741295
étoffe de laine à la valeur,1,non,out,741295
étoffe de laine angora,1,non,out,741295
étoffe de laine au quart de soie,1,non,out,741295
étoffe de laine avec dorure,1,non,out,741295
étoffe de laine avec soie,1,non,out,741295
étoffe de laine bêche,1,non,out,741295
étoffe de laine beige,1,non,,40052
étoffe de laine beige 309 lignes,1,non,out,741295
étoffe de laine blanche,3,non,out,741295
étoffe de laine brodée de dorure et de soie,1,non,out,741295
étoffe de laine cannelée,1,non,out,741295
étoffe de laine chaleur,1,non,out,741295
étoffe de laine couterie,1,non,out,741295
étoffe de laine crêpe,2,non,out,741295
étoffe de laine de Rome,1,non,out,741295
étoffe de laine en cachemire,2,non,out,741295
étoffe de laine en croisé,1,non,out,741295
étoffe de laine en quart de soie,1,non,out,741295
étoffe de laine en raz de castor,5,oui,out,741295
étoffe de laine en raze de castor,5,non,,40052
étoffe de laine en sarain,1,non,out,741295
étoffe de laine et de fil,1,non,out,741295
étoffe de laine et de poil,33,non,out,741295
étoffe de laine et de soie,171,non,out,741295
étoffe de laine et de soie aune,1,oui,out,741295
étoffe de laine et de soie brodée,1,non,out,741295
étoffe de laine et de soie diverse,1,non,out,741295
étoffe de laine et de velours d'Utrecht,1,non,out,741295
étoffe de laine et poil,11,non,out,741295
étoffe de laine fabrique de Tournai,3,non,out,741295
étoffe de laine fabriquée à Arras,1,non,out,741295
étoffe de laine fleuret au quart,1,non,out,741295
étoffe de laine fleuret et de soie,2,non,out,741295
étoffe de laine florentine,3,non,out,741295
étoffe de laine grains d'orge,1,non,out,741295
étoffe de laine grosse,1,non,out,741295
étoffe de laine imprimée,4,non,out,741295
étoffe de laine large et serge,2,non,out,741295
étoffe de laine mélangée,1,oui,out,741295
étoffe de laine mêlée,1,non,,40052
étoffe de laine mêlée de soie,3,non,out,741295
étoffe de laine mêlée ou pure,151,non,out,741295
étoffe de laine Minorque,3,non,out,741295
étoffe de laine orientale,1,non,,40052
étoffe de laine piquée,1,non,,40052
étoffe de laine poil et laine,4,non,out,741295
étoffe de laine poil et laine velours,1,non,out,741295
étoffe de laine poil poil et laine,1,non,out,741295
étoffe de laine pour nègre,1,non,out,741295
étoffe de laine pure,143,non,out,741295
étoffe de laine pure aune,1,oui,out,741295
étoffe de laine reste,1,non,out,741295
étoffe de laine retour,1,non,out,741295
étoffe de laine riche,1,non,out,741295
étoffe de laine royale,1,non,out,741295
étoffe de laine satinée,1,non,out,741295
étoffe de laine sayali,1,non,,40052
étoffe de laine serge à doublure,2,non,out,741295
étoffe de laine teinte,9,non,out,741295
étoffe de laine turque,2,non,out,741295
étoffe de laine velverde,1,non,out,741295
étoffe de laine verlastine,1,non,out,741295
étoffe de laine voile noir,1,non,out,741295
étoffe de lin et de chanvre mêlés,1,non,out,741295
étoffe de peluches pour nègre,1,non,out,741295
étoffe de plocq,2,non,out,741295
étoffe de poil,39,non,out,741295
étoffe de poil de chameau,14,non,out,741295
étoffe de poil de laine et de velours d'Utrecht,4,non,out,741295
étoffe de poil et de velour d'Utrecht,1,non,out,741295
étoffe de poil et de velours,2,non,out,741295
étoffe de poil et fil,1,non,out,741295
étoffe de poil et laine velours,2,non,out,741295
étoffe de poil et laine velours d'Utrecht,1,non,out,741295
étoffe de pure soie,2,non,,40052
étoffe de pure soie et unie,3,non,,40052
étoffe de pure soie façonnée,2,non,,40052
étoffe de Reims,1,non,out,741295
étoffe de retour,1,non,,40052
étoffe de riche,1,non,out,741295
étoffe de Rouen,1,non,out,741295
étoffe de soie,3045,non,out,741295
étoffe de soie à fil,1,non,out,741295
étoffe de soie au peu,4,oui,out,741295
étoffe de soie au quart,168,non,out,741295
étoffe de soie aune,1,oui,out,741295
étoffe de soie avec argent et or,1,non,out,741295
étoffe de soie blonde,5,non,out,741295
étoffe de soie brochée,1,non,,40052
étoffe de soie brochée d'argent et d'or faux,1,non,out,741295
étoffe de soie brochée d'argent et d'or fin,1,non,out,741295
étoffe de soie brochée de soie,2,non,out,741295
étoffe de soie brodée,5,non,out,741295
étoffe de soie brodée d'or,2,non,out,741295
étoffe de soie brodée en dorure,1,non,out,741295
étoffe de soie brodée en soie retour,1,non,out,741295
étoffe de soie crêpe,10,non,out,741295
étoffe de soie croisée,1,non,out,741295
étoffe de soie crue,1,non,out,741295
étoffe de soie d'armoisin,1,non,out,741295
étoffe de soie d'or et d'argent faux,3,oui,out,741295
étoffe de soie d'Utrecht,1,non,out,741295
étoffe de soie de crêpe,2,non,out,741295
étoffe de soie de fleuret et soie,4,non,out,741295
étoffe de soie de laine,1,non,out,741295
étoffe de soie de lin,1,oui,out,741295
étoffe de soie de renvoi,2,non,out,741295
étoffe de soie de Saint Bours,1,non,out,741295
étoffe de soie de velours,4,non,out,741295
étoffe de soie des Indes,45,non,out,741295
étoffe de soie dite Florence,1,non,out,741295
étoffe de soie dite milleret,1,non,out,741295
étoffe de soie diverse,2,oui,,40052
étoffe de soie dorure,1,oui,,40052
étoffe de soie dorure d'argent,15,non,,40052
étoffe de soie dorure d'argent d'or,9,oui,,40052
étoffe de soie dorure d'argent et d'or,233,non,,40052
étoffe de soie dorure d'argent et d'or faux,10,non,,40052
étoffe de soie dorure d'argent et d'or fin,2,non,,40052
étoffe de soie dorure d'or,43,non,,40052
étoffe de soie dorure d'or et d'argent faux,3,oui,,40052
étoffe de soie dorure d'or faux,1,non,,40052
étoffe de soie du Levant,12,non,out,741295
étoffe de soie durure d'argent d'or,9,oui,,40052
étoffe de soie en coton,1,non,cotton goods,18103
étoffe de soie en dorure,4,oui,out,741295
étoffe de soie en dorure aune,1,oui,out,741295
étoffe de soie en drap,1,non,out,741295
étoffe de soie en fleurs,1,non,out,741295
étoffe de soie en laine,1,non,out,741295
étoffe de soie en or et argent,1,non,out,741295
étoffe de soie en velours,3,non,out,741295
étoffe de soie et ???,2,non,out,741295
étoffe de soie et d'argent,1,non,out,741295
étoffe de soie et de fil dorure d'argent,1,non,,40052
étoffe de soie et de poil,1,non,out,741295
étoffe de soie et de velours d'Utrecht,22,non,out,741295
étoffe de soie et de velours de Gênes,4,non,out,741295
étoffe de soie et galets,1,non,out,741295
étoffe de soie et prunelle de laine,1,non,out,741295
étoffe de soie et ruban,1,non,out,741295
étoffe de soie et soierie,6,non,out,741295
étoffe de soie fabriquée,1,non,out,741295
étoffe de soie façonnée,4,non,out,741295
étoffe de soie fleuret et soie,1,non,out,741295
étoffe de soie gros de Tours,1,non,,40052
étoffe de soie herbage,1,non,out,741295
étoffe de soie mêlée,2,non,out,741295
étoffe de soie mêlée d'argent et d'or faux,1,oui,out,741295
étoffe de soie mêlée d'argent et d'or fin,1,oui,out,741295
étoffe de soie mêlée de fil,3,non,out,741295
étoffe de soie mêlée de laine ou de coton,1,non,cotton goods,18103
étoffe de soie mi soie,191,non,out,741295
étoffe de soie pays étrangers,6,non,out,741295
étoffe de soie pièce,12,non,out,741295
étoffe de soie pou de soie,1,non,out,741295
étoffe de soie pure,52,non,out,741295
étoffe de soie pure unie,3,oui,out,741295
étoffe de soie raz ??? cir,1,oui,out,741295
étoffe de soie raz ??? fin,2,oui,out,741295
étoffe de soie raz de Sicile,1,non,,40052
étoffe de soie raze ??? cir,1,non,,40052
étoffe de soie raze ??? fin,2,non,,40052
étoffe de soie riche,4,non,out,741295
étoffe de soie unie,4,non,out,741295
étoffe de taffetas,1,non,out,741295
étoffe de velours,18,non,out,741295
étoffe de velours d'Utrecht,6,non,out,741295
étoffe de velours de coton,13,non,cotton goods,18103
étoffe de velours de soie,157,non,out,741295
étoffe de voile,2,non,out,741295
étoffe des Iles,4,non,out,741295
étoffe des Indes,27,non,out,741295
étoffe des Indes et soierie,4,non,,40052
étoffe des Indes vestes brodées,1,non,out,741295
étoffe des prises,2,non,out,741295
étoffe dite calutras de coton et de soie,1,non,cotton goods,18103
étoffe dite pauvre madame,18,non,out,741295
étoffe diverse couvertures et draperie pour le gouvernement,5,non,out,741295
étoffe dorure,24,non,out,741295
étoffe dorure d'argent,28,non,out,741295
étoffe dorure d'argent et d'or,344,non,out,741295
étoffe dorure d'argent et d'or faux,13,non,out,741295
étoffe dorure d'argent et d'or fin,45,non,,40052
étoffe dorure d'argent fin et d'or,41,oui,out,741295
étoffe dorure d'or,77,non,out,741295
étoffe dorure d'or et de soie,5,oui,,40052
étoffe dorure d'or faux,1,non,out,741295
étoffe dorure de soie,1,oui,out,741295
étoffe dorure et de soie,5,non,out,741295
étoffe dorure fausse,1,oui,out,741295
étoffe dorure fine et de soie,1,oui,out,741295
étoffe droguet,22,non,out,741295
étoffe en bours du Levant,1,non,out,741295
étoffe en dorure et galon et passementerie,24,non,out,741295
étoffe en feuilles,8,non,out,741295
étoffe en or mêlée de soie,27,non,out,741295
étoffe et fer en barres,1,non,out,741295
étoffe et galon d'argent et d'or,1,non,out,741295
étoffe et gaze et crêpe et tulle,10,non,out,741295
étoffe et gaze et toile des Indes,1,non,out,741295
étoffe et lainages,1,non,out,741295
étoffe et ouvrages de soie,1,non,out,741295
étoffe et ruban de fleuret,10,non,out,741295
étoffe et ruban de soie,4,non,out,741295
Étoffe étamine fine,4,oui,out,741295
étoffe éternelle,1,non,out,741295
étoffe éternelle au ? de soie,1,non,,40052
étoffe éternelle de laine,2,non,out,741295
étoffe éternelle mélangée de soie,1,oui,out,741295
étoffe éternelle mêlée de soie,1,non,,40052
étoffe étrangère,5,non,out,741295
étoffe étrangère de jude,1,non,out,741295
étoffe façonnée,100,non,out,741295
étoffe façonnée de soie pure,2,oui,out,741295
étoffe façonnés de soie,2,oui,out,741295
étoffe filoselle,4,non,out,741295
étoffe filoselle de soie,1,non,out,741295
étoffe filoselle et laine,3,non,out,741295
étoffe finette,2,non,out,741295
étoffe flamande de mauvaise qualité,1,non,out,741295
étoffe fleuret,6,non,out,741295
étoffe fleuret et de soie,3,non,out,741295
étoffe fleuret et soie,8,non,out,741295
étoffe flotte,2,non,out,741295
étoffe flotte des Indes,1,non,out,741295
étoffe grosse de laine,2,non,out,741295
étoffe herbage,85,non,out,741295
étoffe herbes,1,non,out,741295
étoffe impériale,2,non,out,741295
étoffe laine de soie,1,non,out,741295
étoffe manchettes,1,non,out,741295
étoffe mélangée au ??? soie,5,oui,out,741295
étoffe mélangée de bourre en molleton,1,oui,out,741295
étoffe mélangée de coton et de soie,12,oui,cotton goods,18103
étoffe mélangée de fil et de soie,1,oui,out,741295
étoffe mélangée de fleuret et de soie,1,oui,out,741295
étoffe mélangée de trois matières,3,non,,40052
Étoffe mêlée,15,oui,,40052
étoffe mêlée,26,non,,40052
étoffe mêlée au ??? soie,5,non,,40052
étoffe mêlée de bourre en molleton,1,non,,40052
étoffe mêlée de coton et de soie,1,oui,cotton goods,18103
étoffe mêlée de fil de soie,8,non,out,741295
étoffe mêlée de fil et de soie,1,oui,out,741295
étoffe mêlée de soie,1,non,,40052
étoffe mêlée de soie ?,1,oui,out,741295
étoffe mêlée de soie ???,2,non,out,741295
étoffe mêlée de soie à peu,63,oui,out,741295
étoffe mêlée de soie à peu de soie,111,oui,out,741295
étoffe mêlée de soie peluches,133,non,out,741295
étoffe mêlée de soie peu,13,oui,out,741295
étoffe mêlée diverse,5,oui,,40052
étoffe mêlée éternelle au ? de soie,1,oui,out,741295
étoffe mi soie,145,non,out,741295
étoffe mi-soie,1,oui,,40052
étoffe noire,1,non,out,741295
étoffe peinte,1,non,out,741295
étoffe peluches communes,1,non,out,741295
étoffe peluches de laine,25,non,out,741295
étoffe peluches de laines,18,oui,out,741295
étoffe peluches de prise,1,non,,40052
étoffe peluches de soie,7,non,,40052
étoffe peluches de soies,6,oui,out,741295
étoffe peluchesde laines,18,oui,,40052
étoffe peu de soie,1,oui,out,741295
étoffe poil en panne à long poil,1,non,out,741295
étoffe pour talits,1,non,out,741295
étoffe pure brochée d'or fin,1,non,out,741295
étoffe pure brochée de soie,1,oui,out,741295
étoffe pure façonnée,1,non,out,741295
étoffe pure unie,1,non,out,741295
étoffe pures de fleuret et mouchoirs,1,non,,40052
étoffe pures et mouchoirs de fleuret,1,oui,out,741295
étoffe refoulée,1,non,out,741295
étoffe riche,116,non,out,741295
étoffe riche en or,1,non,out,741295
étoffe riche en or et argent,24,non,out,741295
étoffe riche or et argent,1,non,out,741295
étoffe riche ou or et argent,1,non,out,741295
étoffe royale,1,non,out,741295
étoffe soie au quart,2,oui,out,741295
étoffe soie crêpe,2,non,out,741295
étoffe soie des Indes,1,non,out,741295
étoffe soierie,1,non,out,741295
étoffe taffetas,5,non,out,741295
étoffes dorures et effets de mode,78,non,,40052
étoupes,227,non,out,741295
étoupes à calfater,9,non,out,741295
étoupes blanches,3,non,out,741295
étoupes de chanvre,212,non,out,741295
étoupes de coton,1,non,out,741295
étoupes de filoselle,1,non,out,741295
étoupes de laine,3,non,out,741295
étoupes de lin,17,non,out,741295
étoupes de soie,90,non,out,741295
étoupes de vieux cordage,1,non,,40052
étoupes de vieux cordages,1,oui,out,741295
étoupes et cordes de lin,106,non,out,741295
étoupes noires,10,non,out,741295
étriers,8,non,out,741295
étrille de fer,16,non,out,741295
étrilles,1,non,out,741295
étuis,13,non,out,741295
étuis à cachets,1,non,out,741295
étuis à cure-dents,2,non,out,741295
étuis à lunettes,1,non,out,741295
étuis d'or,2,non,out,741295
étuis d'or en burgos,1,non,out,741295
étuis de bergamote,2,non,out,741295
étuis de bois et étuis de paille et boîtes de papier,2,non,out,741295
étuis de carton,1,non,out,741295
étuis de chapeaux,2,non,out,741295
étuis de chirurgie,1,non,out,741295
étuis de ciseaux garnis d'argent,1,non,out,741295
étuis de mathématique,1,non,out,741295
étuis et tabatières et autres bijouteries garnies d'argent et d'or,11,non,out,741295
étuis et tabatières garnis d'argent,5,non,out,741295
étuis et tabatières garnis d'argent et d'or,3,non,out,741295
étuis et tabatières garnis d'or,11,non,out,741295
étuis garnis,2,non,out,741295
étuis pour plumes à écrire,2,non,out,741295
étuve,3,non,out,741295
étuve commune,1,non,out,741295
étuve de cuivre,2,non,out,741295
étuve de fer,130,non,out,741295
étuve de fer à sucre,2,non,out,741295
euphorbe,42,non,out,741295
éventails,243,non,out,741295
éventails à brin d'ivoire et écaille,1,non,out,741295
éventails à brin d'os et écaille,1,non,out,741295
éventails à feuille de soie,1,non,out,741295
éventails à feuilles communes,2,non,out,741295
éventails communs,123,non,out,741295
éventails d'écaille et d'ivoire et de nacre,15,non,out,741295
éventails d'ivoire,23,non,out,741295
éventails d'ivoire fin,1,non,out,741295
éventails d'or,1,non,out,741295
éventails d'os,3,non,out,741295
éventails de la Chine,2,non,out,741295
éventails de nacre,1,non,out,741295
éventails de paille,3,non,out,741295
éventails de palme,16,non,out,741295
éventails de papier,5,non,out,741295
éventails de plume,3,non,out,741295
éventails de porcelaine,2,non,out,741295
éventails de taffetas,116,non,out,741295
éventails des Indes,2,non,out,741295
éventails et papier dito,114,non,out,741295
éventails fins,157,non,out,741295
éventails fins et d'ivoire,1,non,out,741295
éventails incrustés d'or et de nacre de perles,1,non,out,741295
éventails par douzaines,1,non,out,741295
éventails sur écaille,1,non,out,741295
éviers,1,non,out,741295
export,0,non,,40052
extrait ???,0,non,out,741295
extrait d'absinthe,2,non,,40052
extrait d'aspic,1,non,out,741295
extrait d'odeur,6,non,out,741295
extrait de citron,7,non,out,741295
extrait de genièvre,19,non,out,741295
extrait de lavande,14,non,out,741295
facheaux de bois à brûler,1,oui,out,741295
facheaux de bois pour brûler,1,non,,40052
fagots,189,non,out,741295
fagots de bois,21,non,out,741295
fagots de bois à brûler,16,oui,out,741295
fagots de bois pour brûler,16,non,,40052
faïence,2212,non,fayence,2366
faïence à miette,1,non,fayence,2366
faïence anglaise,4,non,,40052
faïence commune,5,non,fayence,2366
faïence d'Oneille,1,non,fayence,2366
faïence de Delft,3,non,fayence,2366
faïence de Rouen,3,non,fayence,2366
faïence de Versailles,2,non,fayence,2366
faïence diverse,7,non,fayence,2366
faïence du Faubourg Saint-Antoine,3,non,fayence,2366
faïence en ???,1,non,fayence,2366
faïence et porcelaine et poterie,12,non,fayence,2366
faïence et poterie,31,non,fayence,2366
faïence et poterie de grès et de terre,68,non,fayence,2366
faïence et poterie et verrerie,15,non,fayence,2366
faïence noire,2,non,,40052
faïence pour cheminée,1,non,fayence,2366
faïence pour jardin,1,non,fayence,2366
failles de laine,7,non,out,741295
faire la course aux fraudeurs,1,non,,40052
faire la pêche au poisson frais,0,oui,,40052
fais vieux,1,non,out,741295
faisans,10,non,out,741295
faisceaux,1,non,,40052
faîteaux,2,non,out,741295
faitiers,1,non,out,741295
falquieres de mulet,4,non,out,741295
faltranck suisse,2,non,out,741295
fanailes,0,non,out,741295
fanal de navire,2,non,out,741295
fanal de vaisseaux,1,non,out,741295
fanal de verre,1,non,out,741295
faneaux de fer-blanc,1,non,out,741295
fanon,2,non,out,741295
fanon de baleine,16,non,out,741295
fanon de baleine apprêté,4,non,out,741295
fanon de baleine brut,4,non,out,741295
fanon de baleine brut de pêche étrangère,0,non,out,741295
fanon de baleine brut de pêche française,1,non,out,741295
farces à drapier,0,oui,out,741295
fard rouge,1,non,out,741295
farine,2494,non,out,741295
farine d'avoine,3,non,out,741295
farine d'orge,1,non,out,741295
farine d'orge et gruau,2,non,out,741295
farine de bouquette,4,non,out,741295
farine de fleurs,1,non,out,741295
farine de froment,65,non,out,741295
farine de froment fleur,1,non,out,741295
farine de grains blé,6,non,out,741295
farine de grains blé d'Inde,2,non,out,741295
farine de grains blé et froment,12,non,out,741295
farine de grains blé froment et méteil,1,non,out,741295
farine de maïs menus grains et seigle,1,non,out,741295
farine de manioc,5,non,out,741295
farine de millet,1,non,,40052
farine de pois,1,non,,40052
farine de pois sec et fève,1,non,out,741295
farine de sarrasin,6,non,out,741295
farine de seigle,8,non,out,741295
farine de terre à sucre ?,1,non,,40052
farine en déchet,1,non,out,741295
farine en douelles,1,non,,40052
farine en fleurs,4,non,out,741295
farine en gruau,47,non,out,741295
farine et biscuit,12,non,out,741295
farine et biscuit de mer,206,non,out,741295
farine et biscuit de mer et pâte,10,non,out,741295
farine et biscuit de mer et pâte d'Italie,16,non,out,741295
farine et biscuit et gruau,5,non,out,741295
farine et biscuit et pâte,73,non,out,741295
farine et gruau,8,non,,40052
farine et gruau et pâte,23,non,out,741295
farine et pâte d'Italie,52,non,out,741295
farine et pâte d'Italie et vermicelle,13,non,out,741295
farine et pâte et vermicelle,42,non,out,741295
farine fleurs de froment,1,non,out,741295
farine gruau,13,oui,out,741295
farine ordinaire,37,non,out,741295
farme ???,0,non,out,741295
fascines d'orme,1,non,out,741295
fascines de bois,2,non,out,741295
fasoche,0,non,out,741295
faucilles,48,non,out,741295
faucilles autres instruments aratoires,5,non,out,741295
faucilles autres instruments aratoires que faux,2,non,out,741295
faucilles d'acier,2,non,out,741295
faucilles en fer,1,non,,40052
faucilles et autres instruments aratoires,1,non,out,741295
faucilles et faux,6,non,out,741295
faucilles et faux et fil de laiton et limes,143,non,out,741295
faude de cuir,1,non,out,741295
fauquets,2,non,out,741295
fauquières,1,non,out,741295
fautas,2,non,out,741295
faute,1,non,out,741295
fauteuils de bois,1,non,out,741295
fauteuils de canne,6,non,out,741295
fauteuils de cuir de Russie,1,non,out,741295
fauteuils de jonc,2,non,out,741295
fauteuils de paille,15,non,out,741295
fauteuils de passerame avec leurs harnais,1,non,out,741295
fauteuils de rotin,1,non,out,741295
fauteuils de tapisserie,2,non,out,741295
fauteuils de tapisserie petit point,1,non,out,741295
fauteuils et chaises de canne,1,non,out,741295
fauteuils et chaises de poste,1,non,out,741295
fauteuils et chaises de rotin,2,non,out,741295
faux,66,non,out,741295
faux à faucher,322,non,out,741295
faux à revers,1,non,,40052
faux d'acier et de fer,5,non,out,741295
faux de fer,2,non,out,741295
faux et fannelles de fer et d'acier,2,non,,40052
faux et faucilles,245,non,out,741295
faux et ferailles,13,non,out,741295
favelottes,112,non,out,741295
favelottes en gerbe,13,non,out,741295
fayoles,13,oui,out,741295
fayots,2,oui,out,741295
fébrifuge,1,non,out,741295
fen en bandes et en barres,4,non,out,741295
fenêtre de noyer,1,non,out,741295
fenouil,37,non,out,741295
fenouil de Florence,2,non,out,741295
fenugrec,6,non,out,741295
fer,3381,non,out,741295
fer à carder,1,non,,40052
fer à cardes,1,non,out,741295
fer à cheval,5,non,out,741295
fer à coiffer,5,non,out,741295
fer à faire feu,1,non,out,741295
fer à friser,1,non,out,741295
fer à la valeur,17,non,out,741295
fer à lames,1,non,out,741295
fer à moulins,1,non,out,741295
fer à mulets,1,non,out,741295
fer à nègre,24,non,out,741295
fer à repasser,14,non,out,741295
fer battu,76,non,out,741295
fer battu et fondu,1,non,out,741295
fer battu et ouvrages de fer,145,non,out,741295
fer blanc en feuille ouvrée,1,oui,,40052
fer blanc en feuilles ouvré,7,non,,40052
fer bleu,1,non,out,741295
fer brut,4,non,out,741295
fer brut de fonte,5,non,out,741295
fer carré,16,non,out,741295
fer caverges,4,non,out,741295
fer coudé,2,non,out,741295
fer coulé,327,non,out,741295
fer coulé en fonte,1,non,out,741295
fer coulé en gueuse,11,non,out,741295
fer coulé et battu,1,non,,40052
fer coulé et de fonte,6,non,out,741295
fer coulé figuré,1,non,out,741295
fer coulé ou de fonte,15,non,out,741295
fer courbe,1,non,out,741295
fer d'Espagne,4,non,out,741295
fer de calibre de 24 livres,1,non,,40052
fer de captifs,1,non,out,741295
fer de charrues,2,non,out,741295
fer de fonte,72,non,out,741295
fer de fonte brut ouvré,11,non,,40052
fer de fonte en gueuse,5,non,out,741295
fer de fonte ouvert,2,non,out,741295
fer de lin cierge,1,non,out,741295
fer de mulets,2,non,out,741295
fer de Sibérie,1,non,out,741295
fer de tôle,1,non,out,741295
fer de toutes sortes,13,non,out,741295
fer de traite,1,non,out,741295
fer de voyage,1,non,out,741295
fer dhipsium,1,non,out,741295
fer divers en barres feuillards,11,non,,40052
fer en ?,9,non,out,741295
fer en balle,2,non,out,741295
fer en ballon,5,non,out,741295
fer en bandes,37,non,out,741295
fer en barils,2,non,out,741295
fer en barre et fer ouvré,4,non,,40052
fer en barres,3032,non,out,741295
fer en barres à frire,1,non,out,741295
fer en barres blanc,3,non,out,741295
fer en barres d'Espagne,5,non,out,741295
fer en barres de Suède,4,non,out,741295
fer en barres et en verges,1,non,,40052
fer en barres et feuillards,3,non,,40052
fer en barres et feuilles,1,non,,40052
fer en barres étiré,2,non,out,741295
fer en batterie,92,non,out,741295
fer en bottes,27,non,out,741295
fer en boue,1,non,out,741295
fer en casse,18,non,out,741295
fer en caverge,1,non,out,741295
fer en chaudronnerie,7,non,out,741295
fer en choux,6,non,out,741295
fer en clous,6,oui,,40052
fer en crapaudines,5,non,out,741295
fer en culture,1,non,out,741295
fer en écopes,9,non,out,741295
fer en fafion,1,non,out,741295
fer en feuilles doubles,2,non,out,741295
fer en fichu,1,non,out,741295
fer en fonte,10,non,out,741295
fer en fourrure,1,non,out,741295
fer en grappes,1,non,out,741295
fer en grenades,2,non,out,741295
fer en grenaille,19,non,out,741295
fer en grilles,1,non,,40052
fer en grillons,3,non,out,741295
fer en grosses,1,non,out,741295
fer en guéné,1,non,out,741295
fer en gueuse,131,non,out,741295
fer en haches,1,non,out,741295
fer en laine,1,non,out,741295
fer en laiton,3,non,out,741295
fer en lamelles,1,non,out,741295
fer en lest,1,non,,40052
fer en liens,1,non,out,741295
fer en limaille,1,non,out,741295
fer en metumes,1,non,out,741295
fer en mine,0,non,out,741295
fer en mitraille,5,non,out,741295
fer en palme,1,non,out,741295
fer en paquet,7,non,out,741295
fer en paquets,6,oui,,40052
fer en planches,1,non,out,741295
fer en plançons,1,non,out,741295
fer en plane,0,non,out,741295
fer en plaques,301,non,out,741295
fer en platines,195,non,out,741295
fer en platures,1,non,out,741295
fer en plomb,1,non,out,741295
fer en pocle,1,non,out,741295
fer en potin,1,non,out,741295
fer en quincaille,3,non,out,741295
fer en sablerie,1,non,out,741295
fer en sol,2,non,out,741295
fer en suc,1,non,out,741295
fer en taillanderie,23,non,out,741295
fer en tôle et en feuilles,0,non,out,741295
fer en tôle feuilles doubles,1,non,,40052
fer en tôle feuilles simples,1,non,,40052
fer en truffe,10,non,out,741295
fer en verges et lattes,123,non,out,741295
fer en vrilles,1,non,out,741295
fer et canons de fer,1,non,out,741295
fer et étain,1,non,out,741295
fer et ferrements à nègre,3,non,out,741295
fer et ferrure,1,non,out,741295
fer figuré,4,non,out,741295
fer floud,1,non,out,741295
fer fondu,4,non,out,741295
fer fondu en grillons,1,non,out,741295
"fer fondu en Hambourg et planques, poêles et chaudière",1,non,,40052
"fer fondu en Hambourg et planques, poêles et chaudières",1,oui,out,741295
fer fondu et coulé,135,non,out,741295
fer forgé en massiaux ou prismes,3,non,out,741295
fer laminé,1,non,out,741295
fer maqua,6,non,out,741295
fer marchand,1900,non,out,741295
fer marth,1,non,out,741295
fer moulé autre que pour projectiles de guerre,2,non,out,741295
fer neuf,1,non,out,741295
fer noir,269,non,out,741295
fer noir de 450 feuilles,3,non,out,741295
fer noir de feuilles,24,non,out,741295
fer noir double,3,non,out,741295
fer noir en feuilles doubles,6,non,out,741295
fer noir en feuilles simples,7,non,out,741295
fer noir et en tôle,5,non,out,741295
fer noir et simple de 450 feuilles,2,non,out,741295
fer noir simple,20,non,out,741295
fer noirci,1,non,out,741295
fer ou fer fondu,3,non,out,741295
fer plat,49,non,out,741295
fer plat en barres,1,non,,40052
fer pour foyer,2,non,out,741295
fer pour liquarer et en verge,3,non,out,741295
fer pour moulins à sucre,1,non,out,741295
fer préparé pour canons de fusils et pistolets,1,non,out,741295
fer préparé pour forces à tondre le drap,1,non,out,741295
fer rond,51,non,out,741295
fer roue,1,non,out,741295
fer roulé,1,non,,40052
fer spaté,14,non,out,741295
fer tôle,2,non,out,741295
fer vieux,479,non,out,741295
fer vieux ouvré,1,non,out,741295
fer-blanc,1539,non,out,741295
fer-blanc brut,2,non,out,741295
fer-blanc de 450 feuilles,4,non,out,741295
Fer-blanc de 600 feuilles,1,non,out,741295
fer-blanc double,21,non,out,741295
fer-blanc double de 450 feuilles,1,non,out,741295
fer-blanc en bottes,1,non,out,741295
fer-blanc en feuilles,276,non,out,741295
fer-blanc en quart,1,oui,out,741295
fer-blanc en tôle,6,non,out,741295
fer-blanc et de 600 feuilles,2,non,out,741295
fer-blanc étamé laminé ou platiné,6,non,out,741295
fer-blanc laminé ou platiné,2,non,out,741295
fer-blanc par barils de 450 feuilles,1,non,out,741295
fer-blanc par barils de 600 feuilles,1,non,out,741295
fer-blanc simple,85,non,out,741295
fer-blanc simple de 450 feuilles,3,non,out,741295
fer-blanc simple pour la Compagnie des Indes,2,non,out,741295
fer-blanc vieux,2,non,out,741295
ferblanterie,12,non,out,741295
ferrachon,7,non,out,741295
ferraille,23,non,out,741295
ferraille et mitraille,2,non,out,741295
ferraille limaille mitraille et paille de fer,2,non,out,741295
ferraille vieille,126,non,out,741295
ferrandine,5,non,out,741295
ferrements,157,non,out,741295
ferrements à chirurgie,1,non,out,741295
ferrements à menuisier,1,non,out,741295
ferrements à nègre,18,non,out,741295
ferrements à sucre,6,non,out,741295
ferrés,1,non,out,741295
ferrières,1,non,out,741295
ferronnerie,1,non,out,741295
ferrure,7,non,out,741295
feu,2,non,out,741295
feu argenté,2,non,out,741295
feuillards,240,non,,40052
feuillards d'acier et de fer,1,non,,40052
feuillards d'acier et de fer blanc,1,non,,40052
feuillards de 2 à 4 mètres exclusivement,2,non,out,741295
feuillards de 2 de longueur et au-dessous,1,non,out,741295
feuillards de 4 mètres et au-dessus,1,non,out,741295
feuillards de bois,187,non,out,741295
feuillards de bois à barriques,4,oui,out,741295
feuillards de bois à boucaud,4,oui,out,741295
feuillards de bois de 2 à 4 mètres,2,non,out,741295
feuillards de bois de 2 à 4 mètres exclusivement,6,non,out,741295
feuillards de bois de 2 mètres et au-dessous,8,non,out,741295
feuillards de bois de 2 mètres et au-dessus,1,non,out,741295
feuillards de bois de 4 mètres,2,non,out,741295
feuillards de bois de 4 mètres et au-dessus,4,non,out,741295
feuillards de bois en cordes,1,non,out,741295
feuillards de bois et osier,3,non,,40052
feuillards de bois merrains,10,non,out,741295
feuillards de bois pipage,5,oui,out,741295
feuillards de bois pour barriques,4,oui,,40052
feuillards de bois pour boucaud,4,non,,40052
feuillards de fer,126,non,out,741295
feuillards de fer et cercles de fer,0,non,out,741295
feuillards de fer et tôle de fer,5,non,out,741295
feuillards de fer ou ???,0,non,out,741295
feuillards ou cercles,1,non,out,741295
feuillards pour barriques,2,non,out,741295
feuillards reste de,1,non,,40052
feuilles,67,non,out,741295
feuilles à poing,1,non,out,741295
feuilles autres que médicinales,2,non,out,741295
feuilles d'argent,2,non,out,741295
feuilles d'argent battu et d'or,2,non,out,741295
feuilles d'argent et d'or,1,non,out,741295
feuilles d'or,5,non,out,741295
feuilles d'or battu,10,non,out,741295
feuilles d'oranger,32,non,out,741295
feuilles d'oranger et fleurs d'oranger,11,non,out,741295
feuilles de bois,1,non,out,741295
feuilles de cartes à chaperonnier,1,non,out,741295
feuilles de carton,4,non,out,741295
feuilles de carton et autres,1,non,out,741295
feuilles de carton et ouvrages de carton,31,non,out,741295
feuilles de cire blanche,122,non,out,741295
feuilles de coralier,1,non,out,741295
feuilles de cornes,7,non,out,741295
feuilles de cuivre,219,non,out,741295
feuilles de cuivre et planches de cuivre,18,non,out,741295
feuilles de cuivre et planches de cuivre et ???,5,non,out,741295
feuilles de cuivre planches de cuivre et ouvrages de cuivre,2,non,out,741295
feuilles de cuivre rouge,16,non,out,741295
feuilles de fer,98,non,out,741295
feuilles de fer feuillards de fer et tôle de fer,6,non,out,741295
feuilles de fer pour cercles,2,non,out,741295
feuilles de fer simples et doubles,1,non,out,741295
feuilles de fer-blanc,1,non,out,741295
feuilles de laiton,1,non,out,741295
feuilles de laurier,4,non,out,741295
feuilles de séné,27,non,out,741295
feuilles de séné entières ou en grabeau,25,non,out,741295
feuilles de séné et séné,84,non,out,741295
feuilles de tabac,886,non,tobacco,4232
feuilles des prises de tabac,1,non,tobacco,4232
feuilles et herbes à teindre,19,non,out,741295
feuillure,1,oui,,40052
feutres pour doublage,1,non,out,741295
feutres pour filtrer semelles et autres ouvrages,2,non,out,741295
feuves,1,non,out,741295
fèverolles,11,oui,out,741295
fèves,1538,non,out,741295
fèves blanches,2,non,out,741295
fèves de cacao,1,non,,40052
fèves de marais,17,non,out,741295
fèves de Rome,1,non,out,741295
fèves de Saint-Ignace,1,non,out,741295
fèves en barils,1,non,out,741295
fèves en gerbes,33,non,out,741295
fèves et coques de cacao brut,1,non,out,741295
fèves et grenaille,1,non,,40052
fèves et haricots et pois,2,non,,40052
fèves et pois,19,non,out,741295
fèves noires et haricots,1,non,,40052
fèves odorantes de Tonka,2,non,out,741295
fèves petites,2,non,,40052
fèves plates,2,non,out,741295
fèves pour mulets,5,non,,40052
fèves sèches,1,non,out,741295
fiasques,1,non,out,741295
fiasques de carton,1,non,out,741295
ficelle,330,non,out,741295
ficelle en botte,1,non,,40052
fiches,1,non,out,741295
fichus,5,non,out,741295
fichus brodés de soie en couleur,1,non,out,741295
fichus de gaze,2,non,,40052
fichus de gaze de soie,6,non,out,741295
fichus de mousseline,1,non,out,741295
fichus de mousseline brodée de couleur,1,non,,40052
fichus de mousseline brodés de couleur,1,oui,out,741295
fichus de soie,8,non,out,741295
fichus de soie des Indes,1,non,out,741295
fichus divers,1,non,out,741295
fichus rayés,4,non,out,741295
fideau,428,non,out,741295
fideau de retour,1,non,,40052
fiente de pigeon,2,non,,40052
fifres et flageolets,2,non,out,741295
fifres flageolets et flûtes,2,non,out,741295
figue,1123,non,out,741295
figue et raisin,1,non,out,741295
figue et raisin sec pruneaux et poires tapées,2,oui,,40052
figue et raisin secs pruneaux et poires tapées,2,oui,out,741295
figue et sumac,2,non,out,741295
figue fraîche et fruits verts,7,non,out,741295
figue prune et raisin,2,non,out,741295
figue sèche,82,non,out,741295
figues,1,non,,40052
figuier,1,non,out,741295
figures,6,non,out,741295
figures d'albâtre,2,non,out,741295
figures d'albâtre petites,1,non,,40052
figures d'ivoire,1,non,out,741295
figures d'une vierge en bois,1,non,out,741295
figures de bronze,3,non,out,741295
figures de cire,74,non,out,741295
figures de cire habillées,5,non,out,741295
figures de cuivre,1,non,out,741295
figures de fer,1,non,out,741295
figures de marbre,2,non,out,741295
figures de pierres,1,non,,40052
figures de pierres brutes,1,non,,40052
figures de plâtre,9,non,out,741295
figures de terre,2,non,out,741295
figures en plâtre,1,non,out,741295
figures sur bois,3,non,out,741295
fil,858,non,out,741295
fil à brin marin,1,non,out,741295
fil à brocher,1,non,out,741295
fil à broder,10,non,out,741295
fil à câble,3,non,out,741295
fil à carder,16,non,out,741295
fil à corder,1,oui,out,741295
fil à cordonnier,15,non,out,741295
fil à coudre,454,non,out,741295
fil à coudre bis,1,non,out,741295
fil à coudre blanc en écheveaux,1,non,,40052
fil à coudre bleu,5,non,,40052
fil à coudre commun,15,non,out,741295
fil à coudre d'Épinal,34,non,out,741295
fil à coudre d'épreuve,1,non,out,741295
fil à coudre de Bretagne,8,non,out,741295
fil à coudre de chanvre,18,non,out,741295
fil à coudre de coton,1,non,cotton yarn,1672
fil à coudre de couleur,96,non,out,741295
fil à coudre de couteau,1,non,out,741295
fil à coudre de ménage,1,non,out,741295
fil à coudre de Rennes,32,oui,out,741295
fil à coudre de ritte,1,non,out,741295
fil à coudre divers,70,non,out,741295
fil à coudre du fin,11,non,out,741295
fil à coudre du Piémont,1,non,out,741295
fil à coudre en masses,1,non,out,741295
fil à coudre en poignées,1,non,out,741295
fil à coudre gris,1,non,out,741295
fil à coudre moyen,1,non,out,741295
fil à coudre pour voile,10,non,out,741295
fil à dentelle,75,non,out,741295
fil à dentelle blanc,8,non,out,741295
fil à dentelle commun,8,non,out,741295
fil à dentelle cru,1,non,out,741295
fil à dentelle fin,6,non,out,741295
fil à dentelle mi fin,5,non,out,741295
fil à dentelle moyen,1,non,out,741295
fil à dentelle sain,1,non,out,741295
fil a doyne,1,non,,40052
fil à esturgeon,2,non,out,741295
fil à femme,3,non,out,741295
fil à fille,1,non,out,741295
fil à flotte,1,non,out,741295
fil à folle,11,non,out,741295
fil à fondre,1,non,out,741295
fil à forme,2,non,out,741295
fil à gants,2,non,out,741295
fil à gargousses,3,non,out,741295
fil à laine,4,non,out,741295
fil à lignes,2,non,out,741295
fil à loup marin,1,non,out,741295
fil à marquer,9,non,out,741295
fil à mèche,1,non,out,741295
fil à papillon,22,non,out,741295
fil à pêche,3,non,out,741295
fil à ralingue,4,non,out,741295
fil à reine,1,non,out,741295
fil à rets,38,non,out,741295
fil à rouet,1,non,out,741295
fil à sapillon,1,non,out,741295
fil à sardineaux,2,non,out,741295
fil à selle,1,non,out,741295
fil à sennes,48,non,out,741295
fil à sol,5,non,out,741295
fil à table,1,non,out,741295
fil à tisserand,7,non,out,741295
fil à tisserand de chenette,1,non,out,741295
fil à tisserand divers,2,non,out,741295
fil à toile,8,non,out,741295
fil à tricoter,147,non,out,741295
fil à voile,414,non,,40052
fil auville,1,non,out,741295
fil blanc,272,non,out,741295
fil blanc à corder,1,oui,out,741295
fil blanc à coudre,314,non,out,741295
fil blanc bas prix,17,non,out,741295
fil blanc commun,1,non,out,741295
fil blanc d'Épinal,9,non,out,741295
fil blanc de chanvre,7,non,out,741295
fil blanc de lin,2,non,out,741295
fil blanc de lin d'Épinal,1,non,out,741295
fil blanc de Rennes,3,non,out,741295
fil blanc et couleur,1,non,out,741295
fil blanc fin,5,non,out,741295
fil blanc haut prix,18,non,out,741295
fil blanc retors,9,non,out,741295
fil cardé,5,non,out,741295
fil chèvre,1,non,out,741295
fil commun,6,non,out,741295
fil corailleur,2,non,out,741295
fil crin,2,non,out,741295
fil cru,152,non,out,741295
fil cru à toile,5,non,out,741295
fil cru en masse,1,non,,40052
fil cru simple,1,non,out,741295
fil d'acier,10,non,out,741295
fil d'arbalètes,1,non,out,741295
fil d'archal,4,non,out,741295
fil d'argent,14,non,out,741295
fil d'argent et d'or,26,non,out,741295
fil d'argent et d'or faux,2,non,out,741295
fil d'argent et d'or fin,4,non,out,741295
fil d'argent faux,1,non,out,741295
fil d'argent fin,1,non,out,741295
fil d'Auvergne,1,non,out,741295
fil d'emballage,1,non,out,741295
fil d'Épinal,2,non,out,741295
fil d'Épinal de Silésie,96,non,out,741295
fil d'Épinal gris,3,non,out,741295
fil d'Épinal simple,1,non,out,741295
fil d'Epinay,1,non,out,741295
fil d'épreuve,10,non,out,741295
fil d'Espagne,1,non,out,741295
fil d'espars,2,non,out,741295
fil d'Espinay,6,non,out,741295
fil d'estame,5,non,out,741295
fil d'étoupes,130,non,out,741295
fil d'étoupes de chanvre,1,non,out,741295
fil d'étoupes de lin,1,non,out,741295
fil d'or,44,non,out,741295
fil d'or faux,5,non,out,741295
fil d'or fin,9,non,out,741295
fil d'or sur soie,3,non,out,741295
fil d'or surdoré,1,non,out,741295
fil d'or vrai,2,non,out,741295
fil de Bergagne,1,non,out,741295
fil de Bieustons,2,non,out,741295
fil de Bourgogne,31,non,out,741295
fil de Bretagne,29,non,out,741295
fil de canette,1,non,out,741295
fil de caret,35,non,out,741295
fil de caret ou de voile,1,non,out,741295
fil de chanvre,137,non,out,741295
fil de chanvre cru,4,non,out,741295
fil de chanvre d'étoupes,1,non,,40052
fil de chanvre écru,5,non,out,741295
fil de chanvre ou de lin,261,non,out,741295
fil de chanvre ou de lin à coudre retors et teint,28,non,out,741295
fil de chanvre ou de lin bis ou herbé écru d'étoupes simple,2,non,out,741295
fil de chanvre ou de lin bis ou herbé écru de mulquinerie simple,1,non,out,741295
fil de chanvre ou de lin bis ou herbé écru simple autre que pour voile,2,non,out,741295
fil de chanvre ou de lin bis ou herbé écru simple pour voile,2,non,out,741295
fil de chanvre ou de lin blanchi à dentelle ou bis herbé retors,2,non,out,741295
fil de chanvre ou de lin blanchi à dentelle retors,2,non,out,741295
fil de chanvre ou de lin blanchi autre qu'à dentelle ou bis herbé retors,2,non,out,741295
fil de chanvre ou de lin blanchi retors,5,non,out,741295
fil de chanvre ou de lin blanchi simple,9,non,out,741295
fil de chanvre ou de lin écru d'étoupes simple,6,non,out,741295
fil de chanvre ou de lin écru de mulquinerie simple,3,non,out,741295
fil de chanvre ou de lin écru pour voile,2,non,out,741295
fil de chanvre ou de lin écru retors,9,non,out,741295
fil de chanvre ou de lin écru retors autre que pour voile,2,non,out,741295
fil de chanvre ou de lin écru retors pour voile,4,non,out,741295
fil de chanvre ou de lin écru simple,5,non,out,741295
fil de chanvre ou de lin écru simple pour voile,6,non,out,741295
fil de chanvre ou de lin pour dentelle écru retors,2,non,out,741295
fil de chanvre ou de lin retors teint,8,non,out,741295
fil de chanvre ou de lin simple teint,4,non,out,741295
fil de chanvre pour voile,1,non,out,741295
fil de chanvre retors,1,non,,40052
fil de chanvre riz,1,non,out,741295
fil de charrettes,14,non,out,741295
fil de chèvre,471,non,out,741295
fil de chevrette,2,non,out,741295
fil de corailleur,42,non,out,741295
fil de cordonnier,2,non,out,741295
fil de coton,1495,non,cotton yarn,1672
fil de coton blanc,8,non,cotton yarn,1672
fil de coton bleu,1,non,cotton yarn,1672
fil de coton commun,32,non,cotton yarn,1672
fil de coton de Boza,1,non,cotton yarn,1672
fil de coton de retour,1,non,cotton yarn,1672
fil de coton des Îles et des Îndes,1,non,,40052
fil de coton des Indes,33,non,cotton yarn,1672
fil de coton du Levant,64,non,cotton yarn,1672
fil de coton étranger,1,non,cotton yarn,1672
fil de coton fin,6,non,cotton yarn,1672
fil de coton fin d'once,17,non,cotton yarn,1672
fil de coton pur ou mélangé,1,non,cotton yarn,1672
fil de coton rouge,7,non,cotton yarn,1672
fil de coton teint,4,non,cotton yarn,1672
fil de couleur,28,non,out,741295
fil de couleur à coudre,2,non,out,741295
fil de couleur de Rennes,4,oui,out,741295
fil de couleurs,3,non,out,741295
fil de couture,2,non,out,741295
fil de crin,3,non,out,741295
fil de cuivre,2,non,out,741295
fil de cuivre argenté,2,non,out,741295
fil de cuivre doré,1,non,out,741295
fil de cuivre en barreaux ronds,1,non,out,741295
fil de cuivre pour fabrication d'épingles,1,non,out,741295
fil de cuivre pur,2,non,out,741295
fil de cuivre pur non-teint,4,non,out,741295
fil de cuivre pur teint,1,non,out,741295
fil de de soie,2,oui,out,741295
fil de dorure,2,non,out,741295
fil de fer,1035,non,out,741295
fil de fer à carder,49,non,out,741295
fil de fer de Couty,1,non,out,741295
fil de fer gros,41,non,out,741295
fil de fer même étamé,7,non,out,741295
fil de fer ordinaire,8,non,out,741295
fil de fer passe perles,41,non,out,741295
fil de fer passepoil,1,non,out,741295
fil de fer pour la Compagnie des Indes,4,non,out,741295
fil de filoselle,8,non,out,741295
fil de Flandre,2,non,out,741295
fil de Flandre fin,1,non,out,741295
fil de fleuret,2,non,out,741295
fil de forêt,2,non,out,741295
fil de France,1,non,out,741295
fil de Hollande,2,non,out,741295
fil de laine,30,non,out,741295
fil de laine à broder,1,non,out,741295
fil de laine à coudre,1,non,out,741295
fil de laine blanc,101,non,out,741295
fil de laine commune,340,non,out,741295
fil de laine en masse,1,non,,40052
fil de laine fine,18,non,out,741295
fil de laine fine et teinte,13,non,out,741295
fil de laine grasse,2,oui,out,741295
fil de laine lavé,1,non,,40052
fil de laine ou sayette blanche,33,non,out,741295
fil de laine ou sayette teinte,2,non,out,741295
fil de laine pour tenture,3,non,out,741295
fil de laine teint,130,non,out,741295
fil de laine teinte,5,non,out,741295
fil de laine teinte pour broder,1,non,out,741295
fil de laiton,765,non,out,741295
fil de laiton argenté,3,non,out,741295
fil de laiton et laiton,23,non,out,741295
fil de laiton fourrure rosette et monnaie,2,non,,40052
fil de laiton jaune,111,non,out,741295
fil de laiton jaune et noir,12,non,out,741295
fil de laiton jaune et noir pour épingle,20,non,out,741295
fil de laiton non poli,1,non,out,741295
fil de laiton poli,5,non,out,741295
fil de laiton poli pour cordes d'instrument,1,non,out,741295
fil de laiton poli pour instrument,1,non,out,741295
fil de laiton pour cordes d'instrument,3,non,out,741295
fil de latez,1,non,out,741295
fil de layette,1,non,out,741295
fil de lignes,1,non,,40052
fil de lin,95,non,out,741295
fil de lin à coudre,6,non,out,741295
fil de lin bis,15,non,out,741295
fil de lin bis blanc,10,non,out,741295
fil de lin bis retors,1,non,out,741295
fil de lin bis simple,1,non,out,741295
fil de lin blanc,213,non,out,741295
fil de lin blanc de 10 à 12 florins la livre,3,non,out,741295
fil de lin blanc de 5 à 8 florins la livre,2,non,out,741295
fil de lin blanc et cru pour dentelle,3,non,out,741295
fil de lin blanc non tordu,2,non,out,741295
fil de lin blanc pour dentelle,6,non,out,741295
fil de lin blanc retors,8,non,out,741295
fil de lin blanc simple,4,non,out,741295
fil de lin cru,131,non,out,741295
fil de lin cru à toile,2,non,out,741295
fil de lin cru de 10 à 12 florins la livre,2,non,out,741295
fil de lin cru de bas prix,6,non,out,741295
fil de lin cru haut prix,3,non,out,741295
fil de lin cru pour dentelle,5,non,out,741295
fil de lin cru simple,2,non,out,741295
fil de lin d'Épinal,2,non,out,741295
fil de lin de couleur,1,non,out,741295
fil de lin divers,6,non,out,741295
fil de lin écru,16,non,out,741295
fil de lin écru audelis,1,non,out,741295
fil de lin fin,3,non,out,741295
fil de lin fin retors,1,non,out,741295
fil de lin gris,2,non,out,741295
fil de lin gris retors,1,non,out,741295
fil de lin gris simple,3,non,out,741295
fil de lin non retors,1,non,out,741295
fil de lin retors,40,non,out,741295
fil de lin simple,6,non,out,741295
fil de lin simple commun,1,non,out,741295
fil de lin teint,139,non,out,741295
fil de lin teint à coudre,1,non,out,741295
fil de lin teint retors,1,non,out,741295
fil de lin tors cru et simple cru,5,non,out,741295
fil de literie,1,non,out,741295
fil de loupe,1,non,out,741295
fil de ménage,8,non,out,741295
fil de Morlaix,1,non,out,741295
fil de mulquinerie,3,non,out,741295
fil de Niort,27,non,out,741295
fil de palamard,10,non,out,741295
fil de palangre,4,non,out,741295
fil de palme,1,non,out,741295
fil de plocq,6,non,out,741295
fil de poil de bœuf,1,non,out,741295
fil de poil de cheval,1,non,out,741295
fil de poil de chèvre,216,non,out,741295
fil de poils autres que chèvre laine et plocq,1,non,out,741295
fil de poils divers,1,non,out,741295
fil de remsal,1,non,out,741295
fil de Rennes,208,non,out,741295
fil de ritte,9,non,out,741295
fil de Rouen,3,non,out,741295
fil de sayette,9,non,out,741295
fil de sennes,45,oui,out,741295
fil de Silésie,9,non,out,741295
fil de soie,5,non,out,741295
fil de téton,5,non,out,741295
fil de tisserand,30,non,out,741295
fil de toile,1,non,out,741295
fil de Turquie blanc,3,non,out,741295
fil de Turquie cru,2,non,out,741295
fil de Turquie teint,2,non,out,741295
fil de verre,1,non,out,741295
fil de ville,1,non,out,741295
fil de voile,6,non,out,741295
fil divers,24,non,out,741295
fil dorure ??? fin,3,non,out,741295
fil dorure d'argent,21,non,out,741295
fil dorure d'argent et d'or,20,non,out,741295
fil dorure d'argent et d'or faux,16,non,out,741295
fil dorure d'argent et d'or fin,17,non,out,741295
fil dorure d'or,49,non,out,741295
fil du Piémont,39,non,out,741295
fil écru,7,non,out,741295
fil en gueule,1,non,out,741295
fil en laiton,2,oui,out,741295
fil en lin,2,non,out,741295
fil en masse,74,non,out,741295
fil en peignée,1,non,out,741295
fil en pelotte,1,non,,40052
fil en poignée,10,non,out,741295
fil et laiton,1,oui,out,741295
fil et planches de laiton,13,non,out,741295
fil et soie,1,non,out,741295
fil et toile,1,non,out,741295
fil everda,1,non,out,741295
fil fin,1,non,out,741295
fil gris,7,non,out,741295
fil gris simple,4,non,out,741295
fil gros,6,non,out,741295
fil grossier,1,non,out,741295
fil lessivé,1,non,out,741295
fil neuf,1,non,out,741295
fil noir,1,non,out,741295
fil non retors,1,non,out,741295
fil or et rang fin,5,non,out,741295
fil ordinaire,2,non,out,741295
fil ouvré,1,non,out,741295
fil passe perle,2,non,out,741295
fil plat,5,non,out,741295
fil pour voile,2,non,out,741295
fil pour voile pour la Compagnie des Indes,1,non,out,741295
fil retors,20,non,out,741295
fil retors à coudre,6,non,out,741295
fil roux,1,non,out,741295
fil simple,7,non,out,741295
fil superfin,2,non,out,741295
fil teint,14,non,out,741295
fil teuil,1,non,out,741295
fil tors,8,non,out,741295
filasse,14,non,out,741295
filasse apprêtée,1,non,out,741295
filasse d'aloès,1,non,out,741295
filets,165,non,out,741295
filets à pêcher,299,non,out,741295
filets à pêcher éperviers,1,non,out,741295
filets à pêcher le poisson frai,1,non,,40052
filets à pêcher par Marseille,1,non,out,741295
filets à pêcher petit poisson,2,non,out,741295
filets à pêcher sardineaux,1,oui,out,741295
filets à pêcher vieux,2,non,out,741295
filets à petit poisson,1,non,out,741295
filets à sardineaux,36,non,out,741295
filets à sardines,8,non,out,741295
filets à sennes,3,non,out,741295
filets d'auf,5,non,out,741295
filets d'espars,265,non,out,741295
filets d'espars à pêcher,1,non,out,741295
filets de chanvre,1,non,out,741295
filets de chasse,1,non,,40052
filets de palme,6,non,out,741295
filets de patines,1,non,out,741295
filets de sardineaux,1,oui,out,741295
filets et lignes à pêcher,17,non,,40052
filets et ustensiles de pêche,13,non,out,741295
filets pour la chasse et la pêche,77,non,out,741295
filets vieux,4,non,out,741295
filières,3,non,out,741295
filières d'agate,2,non,out,741295
filières de corail,1,non,out,741295
filin,102,non,out,741295
filin à cordage,3,non,out,741295
filoers ou safran sauvage,37,non,out,741295
filoselle,172,non,out,741295
filoselle et bourre de soie,11,non,out,741295
filoselle et fleuret,1,non,out,741295
filoselle et fleuret et bourre de soie,31,non,out,741295
filoselle et gilets de coton,1,non,cotton goods,18103
filoselle et soie,170,non,out,741295
fils à coudre et autre,5,oui,,40052
fine,1,non,out,741295
fine fleur de farine,1,non,,40052
finette,5,non,out,741295
finette de laine,2,non,out,741295
finette des prises,3,non,out,741295
finette étoffe,1,non,out,741295
fioles,2,non,out,741295
fioles de verre,3,non,out,741295
fioles de verre blanc,1,non,out,741295
fioles pour apothicaire,94,non,out,741295
fioles vides,1,non,out,741295
flacons,10,non,out,741295
flacons à virole d'étain,1,non,out,741295
flacons canettes,1,non,out,741295
flacons d'osier,1,non,out,741295
flacons de crème,1,non,out,741295
flacons de cristal,1,non,out,741295
flacons de rechange,3,non,out,741295
flacons de terre,2,non,out,741295
flacons de verre,52,non,out,741295
flacons de verre à virole,1,non,out,741295
flacons de verre sans virole,1,non,out,741295
flacons de verres,4,non,out,741295
flacons florentins,1,non,out,741295
flacons peints,1,non,out,741295
flacons pour caves garnies,1,non,out,741295
flacons vides,2,non,out,741295
flambeaux,29,non,out,741295
flambeaux argentés,1,non,out,741295
flambeaux argentés de cuivre,1,non,out,741295
flambeaux d'harpoise,8,non,out,741295
flambeaux de cire,6,non,out,741295
flambeaux de cire blanche,3,non,out,741295
flambeaux de cire rouge,2,non,out,741295
flambeaux de mer,4,non,out,741295
flanelle,287,non,out,741295
flanelle à fleurs,43,non,out,741295
flanelle aune,1,oui,out,741295
flanelle blanche,14,non,out,741295
flanelle commune,1,non,,40052
flanelle coton à fleurs,3,non,cotton goods,18103
flanelle de coton,1,non,cotton goods,18103
flanelle de laine,95,non,out,741295
flanelle de laine 900 lignes,1,non,out,741295
flanelle de laine de saisie,1,non,,40052
flanelle de laine grosse,1,non,,40052
flanelle de laine imprimée,2,non,out,741295
flanelle de santé autorisation spéciales,1,non,out,741295
flanelle des prises,2,non,out,741295
flanelle du Béarn,2,non,out,741295
flanelle et Bergopzoom,72,non,out,741295
flanelle fil et laine,1,non,out,741295
flanelle fine,4,non,out,741295
flanelle imprimée,41,non,out,741295
flanelle peinte,10,non,out,741295
flanelle rayée,3,non,out,741295
flanelle simple,1,non,out,741295
flasques à repasser,1,non,out,741295
fléaux à poids de fer,1,non,out,741295
fléaux de balance,2,non,out,741295
fléaux de balance de fer,89,non,out,741295
fléaux de fer,104,non,out,741295
fléaux de fer avec garniture,1,non,,40052
fléaux de fer et leur bassin,1,non,out,741295
fléaux de fer et poids,2,non,out,741295
fléaux de soufre,1,non,out,741295
fléaux et balance,1,non,out,741295
fléaux et leur garniture,1,non,out,741295
fléaux et poids de fer,1,non,out,741295
fléaux pour faucher,1,non,out,741295
flèches,9,non,out,741295
flèches à prendre des huîtres,1,non,out,741295
flèches de marine,1,non,out,741295
flèches de métal,1,non,out,741295
flèches en quart de nonante,2,non,out,741295
flèches et compas,1,non,out,741295
flèches marines,24,non,out,741295
fleuret,75,non,out,741295
fleuret à coudre,1,non,out,741295
fleuret à faire des armes,2,non,out,741295
fleuret et filoselle,1,non,out,741295
fleuret et lames de fleuret,72,non,out,741295
fleuret et soie,7,non,out,741295
fleurs,40,non,out,741295
fleurs à cailler le lait,4,non,,40052
fleurs aromatiques,18,non,out,741295
fleurs artificielles,743,non,out,741295
fleurs artificielles avec argent,1,non,,40052
fleurs artificielles de jasmin,1,non,out,741295
fleurs artificielles des Indes,1,non,out,741295
fleurs artificielles et aigrettes,118,non,out,741295
fleurs artificielles et ouvrages de modes,32,non,out,741295
fleurs autres que de lavande et d'oranger,27,non,out,741295
fleurs autres que médicinales,2,non,out,741295
fleurs cannelle,1,non,out,741295
fleurs d'aspic,81,non,out,741295
fleurs d'avoine,1,non,out,741295
fleurs d'esquinante,3,non,out,741295
fleurs d'estima,1,non,out,741295
fleurs d'iris,1,non,out,741295
fleurs d'oranger,49,non,out,741295
fleurs d'oranger et de lavande,6,non,out,741295
fleurs d'oranger et de rose,2,non,out,741295
fleurs de ???,1,non,out,741295
fleurs de balauste,3,non,out,741295
fleurs de benjoin,9,non,out,741295
fleurs de bœuf,1,non,,40052
fleurs de bouquets,1,non,out,741295
fleurs de busam,1,non,out,741295
fleurs de cannelle,35,non,out,741295
fleurs de chardon,1,non,out,741295
fleurs de Chine,2,non,out,741295
fleurs de dictame,11,non,out,741295
fleurs de fer,2,non,out,741295
fleurs de froment,1,non,,40052
fleurs de grenade,1,non,out,741295
fleurs de houblon,1,non,out,741295
fleurs de jardin,2,non,out,741295
fleurs de jasmin,2,non,out,741295
fleurs de laurier,1,non,out,741295
fleurs de lavande,12,non,out,741295
fleurs de lavande et d'oranger,49,non,out,741295
fleurs de moutarde,3,non,out,741295
fleurs de mouton,5,non,out,741295
fleurs de muscade,25,non,out,741295
fleurs de pin,4,non,out,741295
fleurs de poix,1,non,out,741295
fleurs de romarin,9,non,out,741295
fleurs de rose,5,non,out,741295
fleurs de siascade,1,non,out,741295
fleurs de souffle,1,oui,out,741295
fleurs de soufre,189,non,out,741295
fleurs de soufre et soufre,2,non,,40052
fleurs de verre,2,non,out,741295
fleurs de violette,99,non,out,741295
fleurs sèches,4,non,out,741295
fleurs violettes,1,non,out,741295
florentine,1,non,out,741295
flûtes,10,non,out,741295
flûtes de bois de buis,1,non,out,741295
flûtes douces,3,non,out,741295
flûtes douces et hautbois et traversières,49,non,out,741295
flûtes hautbois et traversières,5,non,out,741295
flûtes traversières,2,non,out,741295
foie,1,non,out,741295
foin,328,non,out,741295
foin et paille,1,non,out,741295
foin paille et herbes de pâturage,3,non,out,741295
foin paille herbes et pâturage,1,non,out,741295
folas,2,non,out,741295
folicule,2,oui,,40052
folium,3,non,out,741295
folium geriofilalum,2,non,out,741295
folium indi,1,non,out,741295
folium indicum,1,non,out,741295
folle,1,non,out,741295
follicule,5,oui,out,741295
follicule de séné,178,non,out,741295
follicule de séné et séné,18,non,out,741295
fonçaille,98,non,,40052
fonçaille à barriques,4,oui,,40052
fonçaille à pipes,4,oui,,40052
fonçaille de 2.5m,1,non,,40052
fonçaille pour barriques,7,non,,40052
fonçailles pour pipes,5,non,,40052
fondette de corail,20,non,out,741295
fonds ?,453,non,out,741295
fonds à meule blancs,1,non,out,741295
fonds de bassin,1,non,out,741295
fonds de bassines,1,non,out,741295
fonds de bateau ?,1,non,out,741295
fonds de cuivre,19,non,out,741295
fonds de cuivre vieux,1,non,,40052
fonds de cuve,1,non,out,741295
fonds et fourrure de cuivre,3,non,out,741295
fontaine de cuivre,1,non,out,741295
fontaine de faïence,2,non,out,741295
fontaine de faïence et sa cuvette,1,non,out,741295
fontaine de fer-blanc,16,non,out,741295
fontaine de fer-blanc de peint,1,non,out,741295
fontaine de fer-blanc et sa cuvette,1,non,out,741295
fontaine de fer-blanc peinte et son bassin,1,non,out,741295
fontaine de marbre,1,non,out,741295
fontaine de verres,1,non,out,741295
fonte,4,non,out,741295
fonte brute,4,non,out,741295
fonte brute en blocailles,1,non,out,741295
fonte brute en gueuses,1,non,out,741295
fonte brute en gueuses de 400 kilogrammes au moins,3,non,out,741295
fonte de cloche,1,non,out,741295
fonte de cuir pour pistolets,1,non,out,741295
fonte de cuivre,1,non,out,741295
fonte de métal,2,non,out,741295
fonte de pistolet,20,non,out,741295
fonte de pistolets de cuir de Russie,1,non,out,741295
fonte en gueuses,1,non,out,741295
fonte en gueuses et blocaille,2,non,out,741295
fonte épurée,1,non,out,741295
fonte moulée,7,non,out,741295
fonte moulée à la vapeur et estagnons,1,non,out,741295
fonte moulée pour modèles,2,non,out,741295
fonte moulée pour projectiles de guerre,1,non,out,741295
fonte pour cloches,1,non,out,741295
fonte vieille,3,non,out,741295
forces à drapier,47,non,out,741295
forces à drapiers,1,oui,out,741295
forces à tondre,3,non,out,741295
forme,2,non,out,741295
forme à cendre,1,non,out,741295
forme à chapeaux,3,non,out,741295
forme à cordonnier,4,non,out,741295
forme à pot à fleur,1,non,out,741295
forme à soulier,12,non,out,741295
forme à sucre,27,non,out,741295
forme à sucre de terre,62,non,out,741295
forme à sucre et pots,11,non,out,741295
forme à sucre et pots de terre,7,non,out,741295
forme de bois,1,non,out,741295
forme de cuivre,1,non,out,741295
forme de terre,3,non,out,741295
forme de terre à faire,1,non,,40052
forme de terre à sucre,3,oui,out,741295
forme de terre et fabrique de fer,3,non,out,741295
forme et pots à fèves,1,non,out,741295
forme ou pot de terre pour sucre,2,non,out,741295
formes et pots,2,non,,40052
fort en diable,8,non,out,741295
forte-piano,7,non,out,741295
forte-piano à la valeur,2,non,out,741295
forte-piano à queue,1,non,out,741295
forte-piano au nombre,4,non,out,741295
forte-piano carré,1,non,out,741295
fotail,1,non,out,741295
fotalis,3,non,out,741295
fotamora,2,non,out,741295
fotas,1,non,out,741295
fottes,96,non,cotton goods,18103
foudarg,1,non,out,741295
foudre à vin,1,non,out,741295
fouets,6,non,out,741295
fouets et guêtres,1,non,out,741295
fouets et manches de fouets,76,non,out,741295
fougères,2,non,out,741295
fougons,6,non,out,741295
foulard,7,non,out,741295
foulard des prises,1,non,out,741295
foulas,5,non,out,741295
fouleries,4,non,out,741295
four,1,non,out,741295
fourches de fer,1,non,out,741295
fourchettes d'acier,1,non,out,741295
fourchettes d'étain,1,non,,40052
fourneaux,2,non,out,741295
fourneaux de brique,20,non,out,741295
fourneaux de fer,13,non,out,741295
fourneaux de fer de 60 livres,1,non,out,741295
fourneaux de fonte de fer,1,non,out,741295
fourneaux de mane,1,non,out,741295
fourneaux de pierre,5,non,out,741295
fourneaux de plâtre,8,non,out,741295
fourneaux de terre,9,non,out,741295
fourneaux de tuffau,1,non,out,741295
fourneaux en fonte,1,non,,40052
fourniments,1,non,out,741295
fourrages,189,non,out,741295
fourrages d'horlogerie,1,non,out,741295
fourrages de son,17,non,out,741295
fourrages en fagots,1,non,,40052
fourrages et pâturage,0,non,out,741295
fourré,26,non,out,741295
fourreaux d'épée,55,non,out,741295
fourreaux d'épée et de sabre,3,non,out,741295
fourreaux de baïonnette,4,non,out,741295
fourreaux de baïonnette de cuir,2,non,out,741295
fourreaux de pistolets,3,non,out,741295
fourreaux depissetés faux,1,non,out,741295
fourrure,182,non,out,741295
fourrure de cuivre,50,non,out,741295
fourrure de cuivre et mozette de cuivre,15,non,out,741295
fourrure de martre,2,non,out,741295
fourrure de panthère,1,non,out,741295
fourrure de peaux de mouton,1,non,,40052
fourrure de petit gris,7,non,out,741295
fourrure de soie,114,non,out,741295
fourrure dos gorge nappe queue ventre,2,non,out,741295
fourrure peaux entières,2,non,out,741295
fraises à l'eau-de-vie,5,non,out,741295
fraises de Chypre,1,non,out,741295
fraisset de vermillon,18,non,out,741295
frange d'argent,2,non,out,741295
frange d'argent faux,1,non,out,741295
frange d'argent fin,1,non,out,741295
frange d'or,3,non,out,741295
frange d'or et d'argent,8,non,out,741295
frange d'or et d'argent faux,4,non,out,741295
frange d'or faux,5,non,out,741295
frange d'or vieille,1,non,out,741295
frange de fil pour vestes par garniture,1,non,out,741295
frange de raiseau d'argent et d'or,1,non,out,741295
frange de soie,19,non,out,741295
freisseit de vermillon,1,non,out,741295
frequins,3,non,out,741295
fressel de vermichel,1,non,out,741295
fretilles,1,non,out,741295
freze,1,non,out,741295
frions,3,non,out,741295
friperie,41,non,out,741295
friperie vieille,1,non,out,741295
fris,1,non,out,741295
frisade,36,non,out,741295
frisade aune,1,oui,out,741295
frisade blanche,31,non,out,741295
frisade blanche aune,1,oui,out,741295
frisade de laine,1,non,out,741295
frisade et Bergopzoom,34,non,out,741295
frisade teinte,27,non,out,741295
frisade teinte aune,1,oui,out,741295
frise,8,non,out,741295
frise à la gode,8,non,out,741295
frise des prises,1,non,out,741295
frise sèche,1,non,out,741295
frises de laine,1,non,out,741295
frisette de laine,1,non,out,741295
frisons d'Angleterre,6,non,out,741295
frisons de laine,2,non,out,741295
froc,1,non,out,741295
froc de Bolbec,2,non,out,741295
froc de laine,3,non,out,741295
froc de Lisieux,1,non,out,741295
fromage,2814,non,out,741295
fromage à moitié avarié,1,non,out,741295
fromage au quart avarié,1,non,out,741295
fromage commun,557,non,out,741295
fromage cru,6,non,out,741295
fromage d'Angleterre,75,non,out,741295
fromage d'Auvergne,49,non,out,741295
fromage d'herbes,1,non,out,741295
fromage d'Irlande,3,non,out,741295
fromage de Brie,27,non,out,741295
fromage de Chassenay,1,non,out,741295
fromage de Chester,14,non,out,741295
fromage de chèvre,15,non,out,741295
fromage de Comté,25,non,out,741295
fromage de Gruyère,311,non,out,741295
fromage de Hollande,291,non,out,741295
fromage de Hollande et doux,131,non,out,741295
fromage de lait doux,17,non,out,741295
fromage de Livarot,1,non,out,741295
fromage de Majorque,1,non,out,741295
fromage de Maroilles,37,non,out,741295
fromage de Milan,1,non,out,741295
fromage de Normandie,9,non,out,741295
fromage de Parme,62,non,out,741295
fromage de parmesan,32,non,out,741295
fromage de Roquefort,55,non,out,741295
fromage de Sardaigne,17,non,out,741295
fromage de Sassenage,4,non,out,741295
fromage de Suisse,8,non,out,741295
fromage du pays,6,non,out,741295
fromage en boite,1,non,out,741295
fromage en jambon,1,non,out,741295
fromage en pièces de 50 livres,1,non,,40052
fromage et sulfure,1,non,out,741295
fromage étranger,1,non,,40052
fromage fin,1,non,out,741295
fromage Hollande,1,non,out,741295
fromage moutarde etc.,1,non,out,741295
fromage national,1,non,,40052
fromage pour l'entrepôt de la Compagnie des Indes,1,non,out,741295
froment,40,non,,40052
frottoir,1,non,out,741295
fruits,914,non,out,741295
fruits ?,1,non,out,741295
fruits à dénommer,2,non,out,741295
fruits à distiller,1,non,out,741295
fruits à l'eau-de-vie,2,non,out,741295
fruits apprêtés,1,non,out,741295
fruits au vinaigre,22,non,out,741295
fruits au vinaigre et cornichons,16,non,out,741295
fruits casse sans apprêts,39,non,out,741295
fruits confits,19,non,out,741295
fruits confits à l'eau-de-vie,453,non,out,741295
fruits confits à l'eau-de-vie et au sucre,14,non,out,741295
fruits confits au sucre,44,non,out,741295
fruits confits divers,33,non,out,741295
fruits confits en confitures des Îles,1,non,out,741295
fruits confits en vinaigre,38,non,out,741295
fruits confits fins,1,non,out,741295
fruits crus secs et à l'eau-de-vie,5,non,out,741295
fruits cuits,97,non,out,741295
fruits cuits secs,3,non,out,741295
fruits de Corinthe,1,non,out,741295
fruits de table confits,7,non,out,741295
fruits de table conflits à l'eau-de-vie,2,non,out,741295
fruits de table exotiques frais,2,non,out,741295
fruits de table frais autres que citron orange et leurs variétés,2,non,out,741295
fruits de table frais indigènes,2,non,out,741295
fruits de table secs et tapés,5,non,out,741295
fruits de table secs et tapés autres que pistache,2,non,out,741295
fruits des Îles et des Indes,3,non,out,741295
fruits divers et graine,1,non,,40052
fruits divers et graines,1,oui,out,741295
fruits en confitures,7,oui,out,741295
fruits et légumes confits au vinaigre,33,non,out,741295
fruits et légumes confits et marinés,67,non,out,741295
fruits frais,1173,non,out,741295
fruits frais de table,3,non,out,741295
fruits frais en barils,0,oui,out,741295
fruits frais vendangés,1,non,out,741295
fruits médicinaux,2,non,out,741295
fruits médicinaux et herbes médicinaux et plantes médicinaux et racines médicinaux,52,non,out,741295
fruits mirobolant confit,4,oui,out,741295
fruits moulus divers,7,non,out,741295
fruits myrobolan confit,4,non,,40052
fruits oléagineux,4,non,out,741295
fruits prunes et pruneaux,1,non,out,741295
fruits rudes,11,non,out,741295
fruits salés,2,non,out,741295
fruits salés marinés,1,non,out,741295
fruits secs,1252,non,out,741295
fruits secs confits,1,non,out,741295
fruits secs et à l'eau-de-vie,4,non,out,741295
fruits secs et à l'eau-de-vie amandes cassées et en corps et prunes ???,5,non,out,741295
fruits secs et confits,9,non,out,741295
fruits tamarin confit dans le sucre,26,non,out,741295
fruits verts,50,non,out,741295
fruits verts en crus et châtaignes,3,non,out,741295
fruittes,1,non,out,741295
fumier,92,non,out,741295
fumier commun,112,non,out,741295
fumier de pigeon et autres,104,non,out,741295
fumier de pigeons,5,non,out,741295
funin,4,non,out,741295
funin ou fouets,1,non,out,741295
furets,6,non,out,741295
furgons,1,non,out,741295
fuseaux,32,non,out,741295
fusée à bombes,1,non,out,741295
fusée volante,1,non,,40052
fusée volantes ?,0,non,out,741295
fusils,303,non,out,741295
fusils à deux coups,3,non,out,741295
fusils à double canons,1,non,out,741295
fusils communs,1,non,out,741295
fusils damasquinés,2,non,out,741295
fusils de boucaniers,75,non,out,741295
fusils de boucaniers fins,1,non,out,741295
fusils de chasse,30,non,out,741295
fusils de chasse à deux coups,3,non,out,741295
fusils de maître,12,non,out,741295
fusils de munitions,1,non,out,741295
fusils de traite,95,non,out,741295
fusils démontés,116,non,out,741295
fusils et carabines,133,non,out,741295
fusils et leurs baïonnettes,1,non,out,741295
fusils et pistolets,1,non,out,741295
fusils neufs,4,non,out,741295
fusils ordinaires,3,non,out,741295
fusils pour l'entrepôt pour la Guinée,1,non,out,741295
fusils vieux,3,non,out,741295
fustages,1,non,out,741295
fustet,1,non,out,741295
futaillerie,40,non,out,741295
futaillerie de bois,1,non,out,741295
futaillerie de Saint-Claude,24,non,out,741295
futaillerie des Flandres,7,non,out,741295
futaillerie grossière,5,non,out,741295
futaillerie Saint-Claude,1,non,out,741295
futailles,432,non,out,741295
futailles ???,1,non,out,741295
futailles à l'eau,1,non,out,741295
futailles cerclées de bois montées vides,5,non,out,741295
futailles cerclées de fer,3,non,out,741295
futailles cerclées de fer montées vides,4,non,out,741295
futailles de bois,2,non,out,741295
futailles de bois cerclées de fer montées vides,1,non,out,741295
futailles de bois cerclées montées vides,1,non,out,741295
futailles de bois démontées vides,2,non,out,741295
futailles de bois montées vides,2,non,out,741295
futailles de tonnelier,1,oui,out,741295
futailles démontées vides,5,non,out,741295
futailles diverses,1,non,out,741295
futailles en barriques vieilles ???,4,oui,out,741295
futailles en bottes,1,non,,40052
futailles en petits barils,1,non,out,741295
futailles et beurre,0,non,,40052
futailles petites,1,non,out,741295
futailles vides,313,non,out,741295
futailles vides de tonnelier,2,non,out,741295
futailles vides en lest,1,non,,40052
futailles vides ou autres ustensiles de pêche,5,non,,40052
futailles vieilles,21,non,out,741295
futaine,71,non,cotton goods,18103
futaine blanche,16,non,cotton goods,18103
futaine de 20 aunes,1,non,cotton goods,18103
futaine de coton,7,non,cotton goods,18103
futaine de laine,5,non,cotton goods,18103
futaine de Tournai,2,non,cotton goods,18103
futaine de toutes sortes,11,non,cotton goods,18103
futaine et velours,1,non,cotton goods,18103
futaine peinte,6,non,cotton goods,18103
fûts,131,non,,40052
fûts à sas,4,non,out,741295
fûts de Grenois,1,non,out,741295
fûts de Nantes,1,non,,40052
fûts et merrains,1,non,,40052
futte,1,non,out,741295
g ???,1,non,out,741295
gablanan,1,non,out,741295
gaffes,0,non,out,741295
gaffes de 11 à 20 pieds,1,non,,40052
gaffes de sapin,1,non,out,741295
gaïac,13,non,out,741295
gaine,1,non,out,741295
gaine à couteaux,4,non,out,741295
gaine bleue,1,non,out,741295
gaine de chaudière,1,non,,40052
gaine de couteau,10,non,out,741295
gaine de couteau de papier,1,non,out,741295
gaine de limon,1,oui,out,741295
gaine jaune,1,non,out,741295
galanga,71,non,out,741295
galanga des Indes,1,non,out,741295
galanterie,7,non,out,741295
galbanum,70,non,out,741295
galbes,1,non,out,741295
galets,11,non,out,741295
galette de genièvre,1,non,out,741295
galette de porcelaine,1,non,out,741295
galette et gaufrettes,3,non,out,741295
galette rouge,1,non,out,741295
galins,1,non,out,741295
galipot,49,non,out,741295
galipot en grabeau,1,non,,40052
galipot ou poix,4,non,out,741295
galle,850,non,out,741295
galle alepine,1,non,out,741295
galle d'Alep,38,non,out,741295
galle d'Italie,1,non,,40052
galle du Levant,51,non,out,741295
galle en sorte,2,non,out,741295
galle entière légère pulvérisée,1,non,out,741295
galle légère,41,non,out,741295
galle romaine,4,non,out,741295
gallule,1,non,,40052
gallus,1,non,,40052
galoches,15,non,out,741295
galon,8,non,out,741295
galon à peu de soie,3,non,out,741295
galon au quart de soie,3,non,out,741295
galon brûlé,22,non,out,741295
galon d'argent,97,non,out,741295
galon d'argent brûlé,1,non,,40052
galon d'argent et d'or,132,non,out,741295
galon d'argent et d'or faux,22,non,out,741295
galon d'argent et d'or fin,25,non,out,741295
galon d'argent et or,1,non,out,741295
galon d'argent et or vieux,1,non,out,741295
galon d'argent faux,3,non,out,741295
galon d'argent fin,5,non,out,741295
galon d'argent vieux,1,non,out,741295
galon d'or,134,non,out,741295
galon d'or en bord,2,non,out,741295
galon d'or et d'argent,3,non,out,741295
galon d'or et d'argent faux,111,non,out,741295
galon d'or et d'argent fin,129,non,out,741295
galon d'or faux,45,non,out,741295
galon d'or fin,40,non,out,741295
galon de fil,55,non,out,741295
galon de fil d'or,1,non,out,741295
galon de fil et de soie,5,non,out,741295
galon de fil noir,1,non,,40052
galon de filoselle,25,non,out,741295
galon de fleuret,37,non,out,741295
galon de laine,23,non,out,741295
galon de livrée,13,non,out,741295
galon de livrée de soie,1,non,out,741295
galon de livrée du roi,1,non,out,741295
galon de peau,3,non,out,741295
galon de sistème,1,non,out,741295
galon de soie,52,non,out,741295
galon de soie et fil,1,oui,out,741295
galon de soie et or,1,non,out,741295
galon de Tours,1,non,out,741295
galon divers,10,non,out,741295
galon dorure d'argent,55,non,out,741295
galon dorure d'argent et d'or,62,non,out,741295
galon dorure d'argent et d'or faux,17,non,out,741295
galon dorure d'argent et d'or fin,17,non,out,741295
galon dorure d'or,82,non,out,741295
galon dorure d'or faux,11,non,out,741295
galon dorure d'or fin,18,non,out,741295
galon dorure de fil,1,non,out,741295
galon dorure fausse,7,oui,out,741295
galon en ruban de fil,1,non,out,741295
galon en ruban de laine,1,non,out,741295
galon et fil d'or,1,non,out,741295
galon et fleuret et frange,1,non,out,741295
galon et point d'Espagne d'argent et d'or,1,non,out,741295
galon fin,2,non,out,741295
galon pilé,3,non,out,741295
galon soie et fil,2,oui,out,741295
galon vieux,1,non,out,741295
galop,0,non,out,741295
galots de cuivre,1,non,out,741295
galou pilé,1,non,out,741295
galyson,1,non,,40052
gamelles à jeter l'eau,1,non,out,741295
gamelles de bois,5,non,out,741295
gan ??? commune,0,non,out,741295
ganaga,1,non,,40052
ganepot,1,non,out,741295
ganivelles,26,non,,40052
ganses,1,non,out,741295
ganses d'or,3,non,out,741295
ganses de fleuret,11,non,out,741295
ganses de laine,3,non,out,741295
gants,37,non,out,741295
gants à large ruban,8,non,out,741295
gants à petit ruban,5,non,out,741295
gants blancs,1,non,out,741295
gants bordés de soie,5,non,,40052
gants bordés de soie par paires,5,oui,out,741295
gants brodés de soie,2,non,out,741295
gants brodés de soie et or,1,non,out,741295
gants chamois,2,non,out,741295
gants communs,461,non,out,741295
gants communs de peau,1,non,out,741295
gants communs par paires,0,oui,out,741295
gants d'argent,1,non,out,741295
gants d'étame,1,non,out,741295
gants de bonneterie,3,non,out,741295
gants de castor,26,non,out,741295
gants de chamois,81,non,out,741295
gants de chamois par paire,0,oui,out,741295
gants de chanvre,3,non,out,741295
gants de coton,114,non,cotton goods,18103
gants de cuir,4,non,out,741295
gants de daim,1,non,out,741295
gants de femme,3,non,out,741295
gants de fer,1,non,out,741295
gants de fil,108,non,out,741295
gants de fil et coton,28,non,cotton goods,18103
gants de fil et de soie,2,non,out,741295
gants de fil fins,8,non,out,741295
gants de fil par paires,0,oui,out,741295
gants de filoselle,6,non,out,741295
gants de fleuret,8,non,out,741295
gants de frangipane,5,non,out,741295
gants de garnis de soie,5,non,out,741295
gants de Grenoble,64,non,out,741295
gants de Grenoble de peau,1,oui,out,741295
gants de laine,181,non,out,741295
gants de peau,553,non,out,741295
gants de peau communs,143,non,,40052
gants de peau de cabri,2,oui,out,741295
gants de peau de cabris,2,non,,40052
gants de peau de daim,2,non,out,741295
gants de peau de Grenoble,1,non,,40052
gants de peau divers,4,oui,,40052
gants de peau et autre,16,oui,out,741295
gants de peau fins,7,non,out,741295
gants de peau garnis de soie,2,non,out,741295
gants de peau lisérés de soie,1,oui,out,741295
gants de peau pour femme,11,non,out,741295
gants de peau pour homme,1,non,out,741295
gants de peaux,2,non,out,741295
gants de poil,1,non,out,741295
gants de poil de lapin,2,non,out,741295
gants de renard,1,non,out,741295
gants de Rome,3,non,out,741295
gants de senteur,6,non,out,741295
gants de soie,114,non,out,741295
gants de soie et mêlées de soie,2,non,,40052
gants de veau,0,non,out,741295
gants de velours,3,non,out,741295
gants dits moufles,17,non,out,741295
gants divers,22,non,out,741295
gants en soie,1,non,out,741295
gants et mitaines bordés de soie par paires,0,oui,out,741295
gants et mitaines brodés de soie,2,non,,40052
gants et mitaines de filoselle,70,non,out,741295
gants et mitaines de soie,133,non,out,741295
gants et mitaines garnis de soie par paires,0,oui,out,741295
gants et ouvrages de peau,2,non,,40052
gants et pantoufles de coton,5,non,cotton goods,18103
gants et pantoufles de laine,5,non,out,741295
gants garni de ruban,3,non,out,741295
gants garnis de soie,6,non,out,741295
gants garnis de soie et or,1,non,out,741295
gants glacés,1,non,out,741295
gants liserés,20,non,out,741295
gants liserés de soie,50,non,out,741295
gants parfumés,1,non,out,741295
gants pour homme,2,non,out,741295
ganuers,1,non,,40052
ganvette à faire des ancres,1,non,out,741295
garage,0,non,out,741295
garance,1185,non,madder,1683
garance billons,36,non,madder,1683
garance blanche,1,non,madder,1683
garance commune,54,non,madder,1683
garance diverse,18,non,madder,1683
garance en grappe,2,non,madder,1683
garance en herbes,2,non,,40052
garance fine,1,non,madder,1683
garance grappe,29,non,madder,1683
garance moulue,2,non,madder,1683
garance moulue et en paille,2,non,madder,1683
garance moulue ou en paille,5,non,madder,1683
garance non préparée,2,non,madder,1683
garance non robée,51,non,madder,1683
garance préparée,116,non,madder,1683
garance racines vertes,3,non,madder,1683
garance robée,1,non,madder,1683
garancine,6,non,madder,1683
garans fort,1,non,out,741295
garas,82,non,out,741295
garas blanc,34,non,cotton goods,18103
garas bleu,29,non,cotton goods,18103
garde d'épée de cuivre doré,1,non,out,741295
garde-feu,3,non,out,741295
garde-feu de fer,2,non,out,741295
garde-meuble,2,non,out,741295
garde-robe,8,non,out,741295
garde-robe de noyer,1,non,out,741295
gardes d'épée,4,non,out,741295
gardes d'épée argentée,1,non,out,741295
gardes d'épée communes,14,non,out,741295
gardes d'épée d'argent,19,non,out,741295
gardes d'épée d'argent dorée,1,non,out,741295
gardes d'épée de cuivre et de fer,7,non,out,741295
gardes d'épée en acier,71,non,out,741295
gardes d'épée et tabatières d'argent,1,non,out,741295
garenne,2,non,out,741295
gargousses,1,non,out,741295
garnas,1,non,out,741295
garniture,2,non,out,741295
garniture de blonde,1,non,out,741295
garniture de bride,1,non,out,741295
garniture de cabrouets,1,non,out,741295
garniture de carrosses,1,non,out,741295
garniture de commode,4,non,out,741295
garniture de dentelle,1,non,out,741295
garniture de fauteuil,1,non,out,741295
garniture de fusils,8,non,out,741295
garniture de fusils et platines de fusils,91,non,out,741295
garniture de gaze,2,non,out,741295
garniture de gaze noire,1,non,out,741295
garniture de lin,1,non,out,741295
garniture de lit,3,non,out,741295
garniture de lit ayant servi,1,non,out,741295
garniture de lit de soie des Indes,1,non,out,741295
garniture de lit vieille,1,non,out,741295
garniture de pierres fines,1,non,out,741295
garniture de ragoût,2,non,out,741295
garniture de robes,1,non,out,741295
garniture de robes de femme,1,non,out,741295
garniture de toilettes,2,non,out,741295
garniture des fusils,2,non,out,741295
garniture des pistolets et platines des pistolets,3,non,out,741295
garniture en velours de deux fauteuils,1,non,,40052
garniture Îles,1,non,out,741295
garnitures de selles,1,non,out,741295
garonne,2,non,out,741295
garos,1,non,out,741295
garou et quercitron,3,non,out,741295
garras,5,non,out,741295
garras bleu,1,non,out,741295
garres,5,non,out,741295
garres de terre,2,non,out,741295
gâteaux de fleurs d'oranger,2,non,out,741295
gâteaux de miel,3,non,out,741295
gatte noire,1,non,out,741295
gaude,34,non,dye other,2652
gaude de sapin,1,non,dye other,2652
gaude et pastel,5,non,dye other,2652
gaude herbes,1,oui,dye other,2652
gaude pastel et sarette,2,non,dye other,2652
gaude pour teinture,6,non,dye other,2652
gaufres,2,non,out,741295
gaufriers,10,non,out,741295
gaules,34,non,out,741295
gaules de 30 pieds,1,non,out,741295
gaules de 36 pieds,0,non,out,741295
gaules de bois,5,non,out,741295
gaules de pêche,1,non,out,741295
gaules de sapin,35,non,out,741295
gaules moyennes de sapin,1,non,out,741295
gaules petites,0,non,out,741295
gaules petites de sapin,1,non,out,741295
gaules pour mâts à bateaux,2,non,out,741295
gayet,1,non,out,741295
gayet brut,3,non,out,741295
gaze,67,non,out,741295
gaze à fleurs,1,non,out,741295
gaze à peu de soie,28,non,out,741295
gaze au bas de soie,1,non,out,741295
gaze au quart,22,oui,out,741295
gaze au quart de soie,37,non,out,741295
gaze au sixième de soie,13,non,out,741295
gaze blanche,1,non,out,741295
gaze crêpe et mouchoirs de soie,142,non,out,741295
gaze crêpe et ruban de soie,57,non,out,741295
gaze crêpe et tulle de soie,12,non,out,741295
gaze crêpe mouchoirs et ruban de soie,7,non,out,741295
gaze crêpse et tulles de soie,2,oui,,40052
gaze d'argent,5,non,out,741295
gaze d'argent et d'or faux,2,non,out,741295
gaze d'argent et d'or fin,1,non,out,741295
gaze d'argent et de soie,1,non,out,741295
gaze d'argent faux,3,non,out,741295
gaze d'argent faux et de soie,1,non,out,741295
gaze d'argent fin or fin et soie,1,non,out,741295
gaze d'argent or et soie,1,non,out,741295
gaze d'or et d'argent faux et de soie,1,non,out,741295
gaze d'or et de soie,3,non,,40052
gaze d'or faux,1,non,out,741295
gaze d'or fin et de soie,1,non,out,741295
gaze de coton,10,non,cotton goods,18103
gaze de coton et crêpe de coton et tulle de coton,16,non,cotton goods,18103
gaze de coton et fil,2,non,cotton goods,18103
gaze de coton et tulle de coton,3,non,cotton goods,18103
gaze de fil,116,non,out,741295
gaze de fil brodée,1,non,,40052
gaze de fil et coton,12,non,cotton goods,18103
gaze de fil et de soie,93,non,out,741295
gaze de fil sur soie,4,oui,out,741295
gaze de fleuret,1,non,out,741295
gaze de soie,618,non,out,741295
gaze de soie brodée,4,non,out,741295
gaze de soie de renvoi,2,non,out,741295
gaze de soie et crêpe de soie et mouchoirs de soie,58,non,out,741295
gaze de soie et dorure,1,non,out,741295
gaze de soie et fil,85,oui,out,741295
gaze de soie plâtrée,4,non,out,741295
gaze de soie pure,3,non,out,741295
gaze de toute autre sorte que soie pure,2,non,out,741295
gaze dorure de soie,2,oui,out,741295
gaze dorure et soie,1,oui,out,741295
gaze en crêpe,10,non,out,741295
gaze en crêpe de soie,5,non,out,741295
gaze et linon,4,non,,40052
gaze et Marly,25,non,out,741295
gaze et Marly de fil,53,non,out,741295
gaze et Marly de soie,49,non,out,741295
gaze et Marly de soie mêlée de fil d'or faux,5,non,out,741295
gaze et mouchoir de soie,7,non,out,741295
gaze et mouchoirs et ruban de soie,40,non,out,741295
gaze et tulle de coton,2,non,cotton goods,18103
gaze fond argent,1,non,out,741295
gaze gaufrée,1,non,,40052
gaze mélangée de soie,1,oui,out,741295
gaze mêlée de soie,1,non,,40052
gaze mi soie,23,non,out,741295
gaze or et argent,11,non,out,741295
gaze paille,1,non,out,741295
gaze peinte,4,non,out,741295
gaze pour mouchoirs,2,non,out,741295
gaze tricots de Berling et tulle de coton,1,non,cotton goods,18103
geernaerts,1,oui,out,741295
gélatine,114,non,out,741295
gelée de ???,1,non,out,741295
gélinottes,2,non,out,741295
gemmes,1,non,out,741295
gemmes autres que diamants opales et rubis,2,non,out,741295
gemmes brutes,3,non,out,741295
gemmes taillées,4,non,out,741295
gemmes taillées autres que diamants émeraudes et rubis,2,non,out,741295
genaux de chêne,1,non,out,741295
gencive,0,non,out,741295
gene fin,1,non,out,741295
genêpes,1,non,,40052
genestrole,6,non,out,741295
genêts,2,non,out,741295
genêts pour salade,3,non,out,741295
genettes,3,non,out,741295
genièvre,2404,non,out,741295
genièvre de Cologne,2,non,out,741295
genièvre en coquelerrie,1,non,out,741295
genin,1,non,out,741295
genina,3,non,out,741295
génisses,64,non,out,741295
génisses et taureaux et vache,31,non,out,741295
génisses et vache,5,non,out,741295
gentes,2,non,out,741295
gentes de bois,2,non,out,741295
gentes de fer,1,non,out,741295
gentes de terre,1,non,out,741295
gentes pour roues,1,non,out,741295
gentiane,15,non,out,741295
gerbes de lin,10,non,out,741295
gerles de chêne,2,non,out,741295
gerles de terre,53,non,out,741295
geziga,1,non,,40052
gibecières,3,non,out,741295
gibecières par douzaines,1,non,out,741295
gibernes,1,non,,40052
gibernes avec les baudriers,1,non,out,741295
gibernes et ceinturons,3,non,out,741295
gibernes et havresacs,41,non,out,741295
gibier,278,non,out,741295
gibier divers,5,non,out,741295
gibier et volailles,37,non,out,741295
giboyer,1,non,,40052
gilets,15,non,out,741295
gilets à nègre,4,non,out,741295
gilets de coton,1,non,cotton goods,18103
gilets de coton en filoselle,1,non,cotton goods,18103
gilets de coton et de fil,2,non,cotton goods,18103
gilets de coton et filoselle,1,non,cotton goods,18103
gilets de demitte,2,non,out,741295
gilets de laine,15,non,out,741295
gilets de molleton,3,non,out,741295
gilets de soie,5,non,out,741295
gilets de soie en dorure,1,non,out,741295
gilets de soie et coton,1,non,cotton goods,18103
gilets de toile,3,non,out,741295
gimblette,2,non,out,741295
gingan nationale,5,oui,out,741295
gingembre,1035,non,out,741295
gingembre confit,14,non,out,741295
gingembre cru,1,non,out,741295
gingembre et piment et poivre,13,non,out,741295
gingembre sec,40,non,out,741295
ginseng,40,non,out,741295
ginza,2,non,out,741295
girandoles,2,non,out,741295
girandoles de cuir,1,non,out,741295
girandoles de verre,1,non,out,741295
girofle,1013,non,out,741295
girofle confite,2,non,out,741295
girofle et muscade,14,non,out,741295
girofle griffes et pédicules,2,non,out,741295
girouettes,1,non,out,741295
gites de 4 pouces carrés,123,non,out,741295
gites de 4 pouces sur 14 pieds de longueur,2,non,out,741295
gites de 4 pouces sur 33 pieds de longueur,2,non,out,741295
gites de 4 pouces sur 7 pieds de longueur,2,non,out,741295
gites de 5 à 7 pouces sur 56 pieds de longueur,2,non,out,741295
gites de bois,1,non,out,741295
gites de sapin,2,non,out,741295
gites ou côtes de sommier,6,non,out,741295
gites ou côtes de sommier de 1 pouce,2,non,out,741295
gites ou côtes de sommier de 2 pouces,2,non,out,741295
glacé,33,non,out,741295
glaces,147,non,out,741295
glaces ???,1,non,out,741295
glaces au tain,2,non,out,741295
glaces avec cadres dorés,5,non,out,741295
glaces d'1 aune et en dessus,1,non,out,741295
glaces d'en dessous 1 aune,1,non,out,741295
glaces d'en dessous de 1/4 aune ou petits miroirs,3,non,out,741295
glaces de ??? cru ???,2,non,out,741295
glaces de ??? d'œuf ???,1,non,out,741295
glaces de 1 1/2 aunes de hauteur,3,non,out,741295
glaces de 1 1/4 aunes de hauteur,3,non,out,741295
glaces de 1 1/8 aunes de hauteur,2,non,out,741295
glaces de 1 aune de hauteur,3,non,out,741295
glaces de 1/2 aune de hauteur,2,non,out,741295
glaces de 1/4 aune de hauteur,2,non,out,741295
glaces de 2 1/2 aunes de hauteur,2,non,out,741295
glaces de 3/4 aune de hauteur,3,non,out,741295
glaces de 3/8 aune de hauteur,2,non,out,741295
glaces de 5/8 aune de hauteur,2,non,out,741295
glaces de 7/8 aune de hauteur,2,non,out,741295
glaces de carrosses,2,non,out,741295
glaces de la manufacture de Paris,2,non,out,741295
glaces de miroirs,169,non,out,741295
glaces de miroirs d'1 aune et en dessus,6,non,out,741295
glaces de miroirs de 13 pouces,1,non,out,741295
glaces de miroirs de 3 pieds,1,non,out,741295
glaces de miroirs grandes,1,non,out,741295
glaces en dessous d'1 aune,9,non,out,741295
glaces en dessus d'1 aune,4,non,out,741295
glaces en valeur,10,non,out,741295
glaces encadrées,7,non,out,741295
glaces et meubles,281,non,out,741295
glaces et miroirs,322,non,out,741295
glaces faux teint,1,non,out,741295
glaces nues,7,non,out,741295
glaces petites et miroirs,13,non,out,741295
glaces petits miroirs,1,non,out,741295
glaces pour carrosses,33,non,out,741295
glaces pour estampes,2,non,out,741295
glaces pour miroirs,109,non,out,741295
glands,3,non,out,741295
glands d'or,1,non,out,741295
glands de chêne,28,non,out,741295
glu,72,non,out,741295
gobelets,8,non,out,741295
gobelets à boire,1,non,out,741295
gobelets à boire de verres,1,non,out,741295
gobelets à boire en verre,1,non,,40052
gobelets de bière,1,non,out,741295
gobelets de cristal,42,non,out,741295
gobelets de cristal de Rouen,2,non,out,741295
gobelets de cuivre,1,non,out,741295
gobelets de faïence,1,oui,out,741295
gobelets de grès,1,non,out,741295
gobelets de hêtre,1,non,,40052
gobelets de porcelaine,1,non,out,741295
gobelets de terre,3,non,out,741295
gobelets de verre,54,non,out,741295
gobelets de verre communs,4,non,,40052
gobelets en verre de cristal,1,non,out,741295
gobelets et lampes de verre,6,non,out,741295
gobelets et verres,21,non,out,741295
gobelets et verres à boire,1,non,out,741295
gobelets et verres de cristal,3,non,out,741295
gobelets peints,1,non,out,741295
goëmon et sable,6,non,,40052
gogorans,89,oui,out,741295
gomme,714,non,gum,3947
gomme à ???,1,non,gum,3947
gomme adragant,355,non,gum,3947
gomme amandes,1,non,gum,3947
gomme ammoniac,113,non,gum,3947
gomme animée,7,non,gum,3947
gomme animée ou courbaril,1,non,gum,3947
gomme arabique,656,non,gum,3947
gomme arabique par Marseille,1,non,gum,3947
gomme atimaix,1,non,gum,3947
gomme blanche,1,non,,40052
gomme brique,2,non,gum,3947
gomme carans,2,non,gum,3947
gomme chimique,6,non,gum,3947
gomme clinique,1,non,gum,3947
gomme commune,107,non,gum,3947
gomme conviola,2,non,gum,3947
gomme copale,222,non,gum,3947
gomme couperose,1,non,gum,3947
gomme d'acacia,11,non,gum,3947
gomme d'acacia acajou adragante et arabique,1,non,gum,3947
gomme d'acajou,4,non,gum,3947
gomme d'adragant,1,non,gum,3947
gomme d'amandier,62,non,gum,3947
gomme d'ambrette,2,non,gum,3947
gomme d'Amérique,1,non,gum,3947
gomme d'ammoniac,1,non,gum,3947
gomme d'élémi,2,oui,gum,3947
gomme de Barbarie,85,non,gum,3947
gomme de caragne,1,non,gum,3947
gomme de cèdre,27,non,gum,3947
gomme de Cenzier,1,non,gum,3947
gomme de cerisier,1,non,gum,3947
gomme de cochenille,1,non,gum,3947
gomme de Copahu,1,non,gum,3947
gomme de dragon,1,non,gum,3947
gomme de gaïac,67,non,gum,3947
gomme de galbanum,2,non,gum,3947
gomme de geda,5,non,gum,3947
gomme de giette,1,non,gum,3947
gomme de gutte,1,non,gum,3947
gomme de palme,1,non,gum,3947
gomme de palmier,1,non,gum,3947
gomme de pays,6,non,gum,3947
gomme de sandarac,6,oui,gum,3947
gomme de seraza,2,non,gum,3947
gomme de toute espèce,113,non,gum,3947
gomme demi,1,non,gum,3947
gomme des Indes,2,non,gum,3947
gomme dite laque,13,non,gum,3947
gomme du Levant,1,non,gum,3947
gomme du Levant thurique,1,non,gum,3947
gomme du pays,6,non,gum,3947
gomme du Sénégal,314,non,gum,3947
gomme ederée,11,non,gum,3947
gomme élastique,11,non,gum,3947
gomme élémi,104,non,gum,3947
gomme elemy,1,non,gum,3947
gomme émeri,2,non,gum,3947
gomme en feuilles,2,non,gum,3947
gomme en grabeau,20,non,gum,3947
gomme en pâte,2,non,gum,3947
gomme esquinante,1,non,gum,3947
gomme et or,32,non,,40052
gomme euphorbe,3,non,gum,3947
gomme exotique,8,non,gum,3947
gomme galanga,1,non,gum,3947
gomme galle,5,non,gum,3947
gomme gedda,13,non,gum,3947
gomme gutte,143,non,gum,3947
gomme herbes grandes,1,non,gum,3947
gomme keraque,1,non,gum,3947
gomme laque,317,non,gum,3947
gomme laque en bois,1,non,gum,3947
gomme laque en feuilles,3,non,gum,3947
gomme laque plate,1,non,gum,3947
gomme myrrhe,2,non,gum,3947
gomme odorie,1,non,gum,3947
gomme opoponax,4,non,gum,3947
gomme pour peintures et teinture,1,non,gum,3947
gomme pure d'amandier et de cerisier,2,non,gum,3947
gomme pure exotique,4,non,gum,3947
gomme pure exotique des entrepôts,0,non,gum,3947
gomme quile,1,non,gum,3947
gomme racines d'alizari,1,non,gum,3947
gomme rouge,6,non,gum,3947
gomme sagapenum,5,non,gum,3947
gomme sandaraque,155,non,gum,3947
gomme séraphine,9,non,gum,3947
gomme séraphique,8,non,gum,3947
gomme sercacole,1,non,,40052
gomme tacamaca,8,non,gum,3947
gomme tandarac,2,non,gum,3947
gomme thurique,154,non,gum,3947
gomme topal,1,non,gum,3947
gomme verdet,1,non,gum,3947
gondole de faïence,1,non,out,741295
gonds,1,non,out,741295
goudron,2574,non,out,741295
goudron de Suède,0,non,out,741295
goudron en gomme,2,non,,40052
goudron et poix,561,non,out,741295
goudron et poix et résines,6,non,out,741295
goules,0,non,out,741295
goupil,1,non,out,741295
gourde,1,non,out,741295
gourgouran,93,non,,40052
gournable,21,non,out,741295
gournable de chêne,3,non,out,741295
gournable de sapin,1,non,out,741295
gournables de bois,1,non,out,741295
gousses,3,non,out,741295
gousses ???,1,non,out,741295
gousses arabiques,21,non,out,741295
gousses de sandaraque,1,non,out,741295
gousses du Sénégal,2,non,out,741295
gousses gatte,1,non,out,741295
gousses lagne,2,non,out,741295
gouttières ou goulots,3,non,out,741295
gouvernail vieux,3,non,out,741295
grabeau d'aspic,1,oui,out,741295
grabeau d'émail,1,oui,out,741295
grabeau d'encens,115,oui,out,741295
grabeau d'indigo,99,oui,indigo,6635
grabeau d'ivoire,2,oui,out,741295
grabeau de canefice,12,oui,out,741295
grabeau de cire,105,oui,out,741295
grabeau de cochenille,97,oui,cochenille,1463
grabeau de corail,30,oui,out,741295
grabeau de galipot,1,oui,out,741295
grabeau de gomme,18,oui,out,741295
grabeau de jalap,1,oui,out,741295
grabeau de mine,1,oui,out,741295
grabeau de mioche,1,oui,out,741295
grabeau de myrthe,4,oui,out,741295
grabeau de quinquina,3,oui,out,741295
grabeau de rhubarbe,1,oui,out,741295
grabeau de sel ammoniac,7,oui,out,741295
grabeau de séné,135,oui,out,741295
grabeau de storax,1,oui,out,741295
grabeau de tartre,26,oui,out,741295
grabeau de vermillon,1,oui,out,741295
grabeau encens,1,oui,out,741295
grabeau manelle,1,oui,out,741295
grai gras,1,oui,out,741295
graine,126,non,out,741295
graine ???,2,non,out,741295
graine à chapelets,24,non,out,741295
graine à chapelets pour l'entrepôt pour Guinée,2,non,out,741295
graine à chapelier,1,non,out,741295
graine à chapelles,2,non,out,741295
graine à couteaux,1,non,out,741295
graine alpiste,1,non,out,741295
graine arabique,1,non,out,741295
graine blanche,2,non,out,741295
graine commune,1,non,out,741295
graine d'abrus,1,non,out,741295
graine d'absinthe,1,non,out,741295
graine d'acacia,1,non,out,741295
graine d'alipiste,1,non,out,741295
graine d'alizari,6,non,out,741295
graine d'alpiste,24,non,out,741295
graine d'ambrette,29,non,out,741295
graine d'ameas,1,non,out,741295
graine d'amome,3,non,out,741295
graine d'angélique,2,non,out,741295
graine d'anis,69,non,out,741295
graine d'anis carvi coriandre etc.,119,non,out,741295
graine d'anis vert,3,non,out,741295
graine d'artichaut,1,non,out,741295
graine d'asperges,2,non,out,741295
graine d'aspic,46,non,out,741295
graine d'aspic et de lavande,3,non,,40052
graine d'Avignon,165,non,out,741295
graine d'écarlate,2,non,out,741295
graine d'encens,1,non,out,741295
graine d'eparette,1,non,out,741295
graine d'épicerie,1,non,out,741295
graine d'escayolle,1,non,out,741295
graine d'esparceil,9,non,out,741295
graine d'étain,1,non,out,741295
graine d'Inde,1,non,out,741295
graine d'indigo,7,non,indigo,6635
graine d'ivoire,2,non,out,741295
graine d'oignon,33,non,out,741295
graine d'oiseau,9,non,out,741295
graine d'oliette,18,non,out,741295
graine d'oliette et de fenugrec,38,non,out,741295
graine de,1,non,out,741295
graine de beau,1,non,out,741295
graine de becs,1,non,out,741295
graine de bois,1,non,out,741295
graine de bois d'Inde,7,non,out,741295
graine de bois de hêtre,6,non,out,741295
graine de bois des Indes,10,non,out,741295
graine de bois du Brésil,1,non,out,741295
graine de bouquette,2,non,out,741295
graine de brim,1,non,out,741295
graine de brion,1,non,out,741295
graine de brocoli,1,non,out,741295
graine de buisson,26,non,out,741295
graine de caillou,1,non,out,741295
graine de campêche,4,non,out,741295
graine de canarico,2,non,out,741295
graine de canaris,159,non,out,741295
graine de cardamome,4,non,out,741295
graine de carotte,1,non,out,741295
graine de carrombe,1,non,out,741295
graine de cassave,1,non,out,741295
graine de chanvre,372,non,out,741295
graine de chanvre colza navette et oliette,1,non,out,741295
graine de chanvre et de trèfle,1,non,out,741295
graine de chapelets,25,non,out,741295
graine de chenery,1,non,,40052
graine de choux,105,non,out,741295
graine de choux-fleurs,11,non,out,741295
graine de citron,1,non,out,741295
graine de clave,1,non,out,741295
graine de cochenille,13,non,cochenille,1463
graine de cocon,1,non,out,741295
graine de colza,20,non,out,741295
graine de colza et ?,102,non,out,741295
graine de coriandre,2,non,out,741295
graine de coton,15,non,raw cotton,3133
graine de coton et de garance,2,non,raw cotton,3133
graine de cumin,56,non,out,741295
graine de diverse,4,non,out,741295
graine de fenouil,41,non,out,741295
graine de fenugrec,9,non,out,741295
graine de foin,49,non,out,741295
graine de foin de luzerne et de trèfle,2,non,out,741295
graine de forestale,2,non,out,741295
graine de France,9,non,out,741295
graine de genièvre,350,non,out,741295
graine de genièvre graine comestible,1,non,out,741295
graine de grenier,3,non,out,741295
graine de houblon,1,non,out,741295
graine de houx,1,non,out,741295
graine de jardin,1227,non,out,741295
graine de jardin et de fleurs,4,non,out,741295
graine de kin,1,non,out,741295
graine de l ???,2,non,,40052
graine de laitue,7,non,out,741295
graine de lapin,1,non,out,741295
graine de laurier,4,non,out,741295
graine de laurier dite bekelaers,45,non,out,741295
graine de léen,6,non,out,741295
graine de légumes,2,non,out,741295
graine de lin,788,non,out,741295
graine de lin à battre huile,117,non,out,741295
graine de lin et à semer,116,non,out,741295
graine de lin et grasse,18,non,out,741295
graine de lin vieille,2,non,out,741295
graine de longue,13,non,out,741295
graine de lupin,4,non,out,741295
graine de lupin et légumes secs,2,non,,40052
graine de luzerne,107,non,out,741295
graine de luzerne et de trèfle,131,non,out,741295
graine de melon,4,non,out,741295
graine de moutarde,402,non,out,741295
graine de mûriers,1,non,out,741295
graine de musc,2,non,out,741295
graine de muscade,1,non,out,741295
graine de navette,168,non,out,741295
graine de pain,1,non,out,741295
graine de Palma Christi,1,oui,out,741295
graine de paradis,10,non,out,741295
graine de pécan,1,non,out,741295
graine de perles,4,non,out,741295
graine de perroquet,14,non,out,741295
graine de Perse,1,non,out,741295
graine de pigeon,1,non,out,741295
graine de pirrette,1,oui,out,741295
graine de pivoine,1,non,out,741295
graine de prairie,35,non,out,741295
graine de prairie et de trèfle et luzerne,22,non,out,741295
graine de pré,4,non,out,741295
graine de pyrèthre,1,non,,40052
graine de rabette,8,non,out,741295
graine de ricin,1,non,,40052
graine de rosette,1,non,out,741295
graine de safranum,1,non,out,741295
graine de sagou,1,non,out,741295
graine de sainfoin,48,non,out,741295
graine de Saint-Domingue,1,non,out,741295
graine de sapin,41,non,out,741295
graine de sapotille,1,non,out,741295
graine de scammonée,1,non,out,741295
graine de semaille,1,non,out,741295
graine de silvestre,2,non,out,741295
graine de soude,2,oui,out,741295
graine de soudes,2,non,,40052
graine de tasse,1,non,out,741295
graine de trèfle,467,non,out,741295
graine de trèfle et de luzerne,1,non,out,741295
graine de tremaine,10,non,out,741295
graine de trioter,1,non,out,741295
graine de truelle,1,non,out,741295
graine de truffe,5,non,out,741295
graine de vermillon,4,non,out,741295
graine de vermillon ou d'eolatte,1,non,out,741295
graine de vers à soie,37,non,out,741295
graine de vesse,4,non,out,741295
graine de zedoria,1,non,out,741295
graine des Canaries,33,oui,out,741295
graine des Îles,2,non,out,741295
graine des Indes,1,non,out,741295
graine diverse,434,non,out,741295
graine diverse et de jardin,25,non,out,741295
graine douce,2,non,out,741295
graine du jardin,2,non,out,741295
graine du soucrillon,1,non,out,741295
graine écarlate,7,non,out,741295
graine et graine de lin,10,non,out,741295
graine et semence froide,6,non,out,741295
graine fenouil,2,non,out,741295
graine fermentale,1,non,out,741295
graine forestale,2,non,out,741295
graine forestale et de pastel et de garance,2,non,madder,1683
graine grainette,2,non,out,741295
graine grasse,73,non,out,741295
graine huile d'olive,1,non,out,741295
graine jaune,234,non,out,741295
graine jaune d'Avignon,68,non,out,741295
graine jaune d'Avignon ou nerprun,19,non,out,741295
graine jaune de laitue,1,non,out,741295
graine jaune dit wauwe,82,non,out,741295
graine jaune longue,1,non,out,741295
graine longue,76,non,out,741295
graine menue,1,non,out,741295
graine metillon,1,non,out,741295
graine potagère,1,non,,40052
graine pour teinture,21,non,out,741295
graine rouge,3,non,out,741295
graine triole,1,non,out,741295
graine truffe,1,non,out,741295
graine vermillon,1,non,out,741295
graine verte,2,non,out,741295
graine vieille de lin,2,non,out,741295
graines de lupin et légumes secs,2,oui,out,741295
grainette,4,non,out,741295
grainette d'Avignon,2,non,out,741295
grainette jaune,2,non,out,741295
grains,8,non,out,741295
grains à chapelets,3,non,out,741295
grains ails,3,non,out,741295
grains autre que céréales,2,non,out,741295
grains avoine,85,non,out,741295
grains avoine et froment,1,non,out,741295
grains baillarge,2,non,out,741295
grains blé,3340,non,out,741295
grains blé de Turquie,3,non,out,741295
grains blé et autre grains,141,non,out,741295
grains blé et autres,56,non,out,741295
grains blé et froment,14,non,out,741295
grains blé et riz,9,non,rice,3697
grains blé mercit,1,non,out,741295
grains blé mescli,1,non,out,741295
grains blé orge,1,non,,40052
grains blé seigle,1,non,,40052
grains comestibles,1,non,,40052
grains cuscute,2,non,out,741295
grains d'Avignon,1,non,out,741295
grains d'Espagne,35,non,out,741295
grains d'Inde,126,non,out,741295
grains de cire,23,non,out,741295
grains de cire blanche,4,non,out,741295
grains de coton,1,non,out,741295
grains de la Corse,1,non,out,741295
grains de lin,5,non,out,741295
grains de millet gros,1,oui,out,741295
grains de plomb,20,oui,out,741295
grains de prune,2,non,out,741295
grains de Riga,2,non,out,741295
grains de séné,1,non,out,741295
grains de trèfle,1,non,out,741295
grains de verre,29,non,out,741295
grains de verre à chapelet,1,non,out,741295
grains divers,460,non,out,741295
grains dur à tailler,2,non,out,741295
grains en advestures de toute espèce,102,non,out,741295
grains épeautre,3,non,out,741295
grains et farine de maïs,1,non,,40052
grains farine fromage etc.,1,non,out,741295
grains froment,3701,non,out,741295
grains froment de la Corse,1,non,out,741295
grains froment en gerbe,18,non,out,741295
grains froment et méteil,1,non,out,741295
grains froment par Bayonne et Marseille,1,non,out,741295
grains froment par Marseille,3,non,out,741295
grains froment seigle,1,non,out,741295
grains grenaille,2,non,out,741295
grains maïs,128,non,out,741295
grains maïs par Marseille,1,non,out,741295
grains maïs seigle,2,non,out,741295
grains menu,1,non,out,741295
grains méteil,52,non,out,741295
grains métillon,116,non,out,741295
grains métillon en gerbe,9,non,out,741295
grains millet,439,non,out,741295
grains millet gros,3,oui,out,741295
grains millet ordinaire,1,non,out,741295
grains mondé et perlé,8,non,out,741295
grains orge,109,non,out,741295
grains orge en gerbe,2,oui,out,741295
grains orge et soucrion,131,oui,out,741295
grains orge et soucrion en gerbe,17,oui,out,741295
grains orge germé,2,non,out,741295
grains orge paillarge,1,oui,out,741295
grains orge par Marseille,1,non,out,741295
grains orge perlé et mondé,149,oui,out,741295
grains petits,1,non,out,741295
grains riz,251,non,rice,3697
grains sarrasin,70,non,out,741295
grains seigle,2193,non,out,741295
grains seigle avarié,1,non,out,741295
grains seigle en gerbe,1,non,out,741295
grains seigle en gerbes,21,non,out,741295
grains seigle et blé,1,non,out,741295
grains seigle par Marseille,1,non,out,741295
grains soucrillon,7,non,out,741295
graisse,351,non,out,741295
graisse à chapeler,1,non,out,741295
graisse blanche,2,non,out,741295
graisse d'autruche,1,non,out,741295
graisse d'oint,1,non,out,741295
graisse d'ours,2,non,out,741295
graisse de baleine,2,non,out,741295
graisse de bœuf,4,non,,40052
graisse de boucherie,52,non,out,741295
graisse de cacao,1,non,out,741295
graisse de chanvre,3,non,out,741295
graisse de cheval d'ours et de pied de bœuf,3,non,out,741295
graisse de cire,1,non,out,741295
graisse de cochon,7,non,out,741295
graisse de gras de peau,6,non,out,741295
graisse de jardin,1,non,out,741295
graisse de mouton,6,non,out,741295
graisse de pied de bœuf,1,non,out,741295
graisse de poisson,12,non,out,741295
graisse de poisson de pêche étrangère,0,non,out,741295
graisse de poisson de pêche française,1,non,out,741295
graisse de poisson des pays hors d'Europe,0,non,out,741295
graisse de porcs,116,non,out,741295
graisse de tasson et autres,10,non,out,741295
graisse de toutes sortes sauf graisse de bœuf d'ours de gras de peau et suif brut,2,non,out,741295
graisse de toutes sortes sauf graisse de cheval d'ours de gras de peau et suif brut,1,non,out,741295
graisse de toutes sortes sauf gras de peau et suif brut,2,non,out,741295
graisse douce,3,non,out,741295
graisse douce de cochon,1,non,out,741295
graisse et chair salée de porcs,1,non,out,741295
graisse et suif,1,non,out,741295
graisse fine,2,non,out,741295
graisse fondue,1,non,out,741295
graisse salée,1,non,out,741295
grande voile de vaisseaux,2,non,out,741295
grandes pentes de lit en satin,2,non,,40052
grandes pentes de lit en satin brodé,2,non,,40052
granille de cochenille,47,non,cochenille,1463
granit,1,non,out,741295
grannette de coton,1,non,out,741295
graphite,7,non,out,741295
grappins,5,non,out,741295
grappins de fer,56,non,out,741295
gras,0,non,,40052
gras de tours,1,non,out,741295
gras rouge,1,non,out,741295
gras-double,8,non,out,741295
grattes,1,non,out,741295
grattes en fer,2,non,out,741295
grattoirs,3,non,out,741295
grattoirs de fer,1,non,out,741295
gravelée,167,non,out,741295
gravelée potasse et védasse,139,non,out,741295
gravelle,17,non,out,741295
gravures,2,non,out,741295
gravures encadrées,1,non,out,741295
gravures et lithographies,2,non,out,741295
gravures noires ou coloriées,6,non,out,741295
gravures peintures et sculptures,54,non,out,741295
gréements,3,non,,40052
gréements de navires,1,non,,40052
gréements vieux,1,non,,40052
grèles,1,non,out,741295
grèles à café,1,non,out,741295
grelin,6,non,out,741295
grelots,52,non,out,741295
grelots de cuivre,60,non,out,741295
grelots de laiton,1,non,out,741295
grelots et sonnettes,1,non,out,741295
grenade,38,non,out,741295
grenade à feu,1,non,out,741295
grenade de coton,1,non,out,741295
grenade de fer,14,non,out,741295
grenade de Florence,1,non,out,741295
grenade étoffe,2,non,out,741295
grenade fruit,7,non,out,741295
grenade pour la Compagnie des Indes,1,non,out,741295
grenades de fonte,0,non,out,741295
grenades fraîches,1,non,,40052
grenadier et laurier et jasmin etc,93,non,out,741295
grenaille,7,non,out,741295
grenaille d'acier et de fer,2,non,out,741295
grenaille de C ?,1,non,,40052
grenaille de cochenille,3,oui,out,741295
grenat,15,non,out,741295
grenat et rubis,1,non,out,741295
grenat faux,4,non,out,741295
grenat faux et autres pierres fausses non montées,3,non,out,741295
grenat fin,3,non,out,741295
grenat fin monté,4,non,out,741295
grenat fin non monté,3,non,out,741295
grès,30,non,out,741295
grès à laver,4,non,out,741295
grès en pavé,12,non,out,741295
grès rouge,1,non,out,741295
grignon,5,oui,,40052
grignons,5,oui,out,741295
grillages,1,non,out,741295
grillages de fer,2,non,out,741295
grillages en fer,1,non,out,741295
grilles,1,non,out,741295
grilles de fer,57,non,out,741295
grilles de fer à moulins à sucre,1,non,out,741295
grilles de fer de fonte,4,non,out,741295
grilles de fer pour moulins à sucre,1,non,out,741295
grilles et platines de fer,1,non,,40052
grilles et tambours de fer,1,non,out,741295
grillons,1,non,out,741295
grillons de fonte,1,non,out,741295
grinza,0,non,out,741295
gris,3,non,out,741295
grisette,61,non,out,741295
grisette de Flandre,1,non,out,741295
grisette de laine,2,non,out,741295
grisette de soie,10,non,out,741295
grison,2,non,out,741295
grison et tuffeau,1,non,,40052
grison pour sucrerie,2,non,,40052
grives,6,non,out,741295
groisil,1,non,out,741295
groisil de verre,66,non,out,741295
groison,2,non,out,741295
gros de Naples,1,non,out,741295
gros de Tours,5,non,out,741295
gros rouge,6,non,out,741295
gros tors,2,non,out,741295
groseille,2,non,out,741295
grosgrain,1,non,out,741295
grosil,24,non,out,741295
grosse de soie,1,non,out,741295
gruau,295,non,out,741295
gruau d'avoine,3,non,out,741295
gruau de grains comestible,7,non,out,741295
gruau de grains sarrasin,3,non,out,741295
gruau de millet,3,non,out,741295
gruau et fécule,6,non,out,741295
gruyère,3,non,out,741295
guajocum utilisé pour traiter la syphilis,7,non,out,741295
guéridon,6,non,out,741295
guéridon de sapin,2,non,out,741295
guéridon et tables,1,non,out,741295
guéridon peint,2,non,out,741295
guêtres,18,non,out,741295
guêtres de coton,1,non,cotton goods,18103
guêtres de cuir,3,non,out,741295
guêtres de toile,7,non,out,741295
gueuse de fer,1,non,out,741295
guftas,1,non,out,741295
guidive des prises,1,non,out,741295
guignolet en ratafia,4,non,out,741295
guignolet en ratafia de cerise,3,non,out,741295
guildive,16,non,out,741295
guin ???,1,non,out,741295
guina,1,non,out,741295
guincastafs,2,non,out,741295
guindeaux,2,non,out,741295
guinée,186,non,cotton goods,18103
guinée blanche,106,non,cotton goods,18103
guinée blanche des Indes,3,non,cotton goods,18103
guinée blanche et bleue,1,non,cotton goods,18103
guinée blanche et bleue des Indes,3,non,cotton goods,18103
guinée blanche ordinaire,2,non,cotton goods,18103
guinée bleue,214,non,cotton goods,18103
guinée bleue de coton,1,non,cotton goods,18103
guinée bleue des Indes,0,non,cotton goods,18103
guinée bleue imitant celle des Indes,1,non,cotton goods,18103
guinée de coton,2,oui,cotton goods,18103
guinée des Indes,1,non,cotton goods,18103
guinée imitant celle des Indes,2,non,cotton goods,18103
guinée masulipatan,1,non,cotton goods,18103
guinée Sénégal,1,non,cotton goods,18103
guinée tachée,1,non,cotton goods,18103
guingans,10,oui,out,741295
guingans blanc,1,oui,out,741295
guingans bleu,1,oui,out,741295
guingans de Bengale,2,oui,out,741295
guingans de coton,1,oui,cotton goods,18103
guingans de fil,8,oui,out,741295
guingans de Grenade,2,oui,out,741295
guingans de lin,13,oui,out,741295
guingans de Madras,23,oui,out,741295
guingans de Masulipatan,1,oui,out,741295
guingans de Pondichéry,26,oui,out,741295
guingans de Pondichéry et de Madras,1,oui,out,741295
guingans de Rouen,3,oui,out,741295
guingans des Indes,1,oui,out,741295
guingans des prises,1,oui,out,741295
guingans du Bengale,8,oui,out,741295
guingans en Madras,1,oui,out,741295
guingans peint,2,oui,out,741295
guingans pièces,1,oui,out,741295
guinimos,1,non,out,741295
guipon,6,non,out,741295
guisine,1,non,out,741295
guitare,12,non,out,741295
guitare de fer,3,non,out,741295
gullots,1,non,out,741295
habassis,5,non,out,741295
habillement de drap noir,1,non,out,741295
habillés,1,non,out,741295
habits,560,non,out,741295
habits à nègre,1,non,out,741295
habits brodés d'argent et d'or,1,non,out,741295
habits brodés d'or,15,non,out,741295
habits brodés de soie,6,non,out,741295
habits complets,3,non,out,741295
habits complets et neufs,2,non,out,741295
habits d'argent et d'or,1,non,out,741295
habits d'étamine,1,non,out,741295
habits d'or,3,non,out,741295
habits d'un commissaire ordonateur,1,non,,40052
habits de camelot,1,non,out,741295
habits de camelot complet,1,non,out,741295
habits de cour,1,non,out,741295
habits de drap,12,non,out,741295
habits de drap d'Elbeuf,1,non,out,741295
habits de drap galonné,1,non,out,741295
habits de drap galonnés d'argent et d'or,1,non,out,741295
habits de drap neuf,1,non,out,741295
habits de drap uni,2,non,out,741295
habits de droguet,1,non,out,741295
habits de droguet de soie,1,non,out,741295
habits de gogorans,2,oui,out,741295
habits de gourgourans,2,non,,40052
habits de la 11e 1/2 brigade d'infanterie,1,non,,40052
habits de laine,1,non,out,741295
habits de laine pour nègre,1,non,out,741295
habits de livrée,1,non,out,741295
habits de livrée et ornements d'église,2,non,out,741295
habits de nègre,1,non,out,741295
habits de nègre en étoffe,1,non,out,741295
habits de négresse,1,non,out,741295
habits de peau,4,non,out,741295
habits de peau complets,1,non,out,741295
habits de peau de mouton,1,non,,40052
habits de peaux de mouton,1,oui,out,741295
habits de Pékin brodés,1,non,out,741295
habits de pelleterie,1,non,out,741295
habits de pinchina,1,non,out,741295
habits de retour,1,non,,40052
habits de satin brodé,1,non,out,741295
habits de soie,38,non,out,741295
habits de soldat,2,non,out,741295
habits de toile,1,non,out,741295
habits de toile de chanvre,1,non,out,741295
habits de troupes,2,non,out,741295
habits de velours,1,non,out,741295
habits divers,93,non,out,741295
habits du régiment de l'Île de France,1,non,,40052
habits enrichis,1,non,out,741295
habits et lingerie,581,non,out,741295
habits et lingerie et effets militaires,38,non,out,741295
habits et matériel de ménage,1,non,,40052
habits et meubles,3,non,out,741295
habits et ornements d'Eglise,1,non,out,741295
habits et taffetas,1,non,out,741295
habits et vestes brodés,1,non,out,741295
habits et vestes vieux,1,non,out,741295
habits militaires,4,non,,40052
habits neufs,3,non,out,741295
habits pour femme,5,non,out,741295
habits pour homme,6,non,out,741295
habits pour homme avec argent et or,2,non,out,741295
habits pour homme brodés d'or,1,non,out,741295
habits pour homme complets,1,non,out,741295
habits pour homme et pour femme,1,non,out,741295
habits pour nègre,3,non,out,741295
habits provenant d'un naufrage,3,non,,40052
habits riches,1,non,out,741295
habits supportés,4,non,out,741295
habits supportés à la valeur,1,non,out,741295
habits supportés au kilogramme,2,non,out,741295
habits uniformes,1,non,out,741295
habits unis,1,non,out,741295
habits vieux,6,non,out,741295
haches,58,non,out,741295
haches d'arme,1,oui,,40052
haches d'armes,2,non,out,741295
haches de fer,25,non,out,741295
haches de fer et d'acier,5,non,out,741295
haches de fer et houes de fer et serpes de fer,3,non,out,741295
haches et houe et serpes,1,non,out,741295
haches et houes,4,non,out,741295
haches et houes de fer,1,non,out,741295
haches et houes et serpes,76,non,out,741295
haches et serpes,2,non,out,741295
haches paille,1,non,out,741295
haillons de laine,2,non,out,741295
hallebardes,8,non,out,741295
haltsays,1,non,out,741295
hamacs,169,non,out,741295
hamacs de coton,8,non,cotton goods,18103
hamacs de retour,0,non,,40052
hamacs de retour faute de vente,0,oui,out,741295
hameçons,55,non,out,741295
hameçons cassés,1,non,out,741295
hameçons petits,1,non,,40052
hamiracontans,1,non,,40052
hampes de plumes,1,non,out,741295
harancades,38,non,out,741295
haras,1,non,out,741295
hardes,104,non,out,741295
hardes à usage,8,non,out,741295
hardes capillaire,1,non,out,741295
hardes de gens de mer,8,non,,40052
hardes diverses,6,oui,,40052
hardes et habits,4,non,out,741295
hardes neuves,17,non,out,741295
hardes perelle,1,non,out,741295
hardes pour nègre,2,non,out,741295
hardes vieilles,40,non,out,741295
hareng de Nantes,1,oui,,40052
harengs,157,non,out,741295
harengs blancs,688,non,out,741295
harengs blancs demi-feuillettes,2,non,out,741295
harengs blancs feuillettes,2,non,out,741295
harengs blancs marinés et salés,16,non,out,741295
harengs blancs salés,0,non,out,741295
harengs blancs salés et marinés,1,oui,out,741295
harengs bleus,1,non,out,741295
harengs cades,2,non,out,741295
harengs de la Baltique petits,1,non,out,741295
harengs de la pêche nationale,28,non,out,741295
harengs de Nantes,0,non,,40052
harengs et maquereaux salés,4,non,out,741295
harengs et saumons salés,1,non,out,741295
harengs frais,20,non,out,741295
harengs frais et merlan frais,1,non,out,741295
harengs fumés,77,non,out,741295
harengs marinés et salés,3,non,out,741295
harengs marinés et salés et saurs,8,non,out,741295
harengs pecs,3,non,out,741295
harengs salés,161,non,out,741295
harengs salés et sardines salées,4,non,out,741295
harengs salés et sardines salées et saumon salé,6,non,out,741295
harengs salés et saurs,3,non,,40052
harengs saurs,555,non,out,741295
harengs secs,11,non,out,741295
haricots,259,non,out,741295
haricots blancs,1,non,,40052
haricots confits,2,non,out,741295
haricots en fèves,1,non,out,741295
haricots en fil,1,non,out,741295
haricots et lentilles et pois secs,3,non,out,741295
haricots marinés,1,non,out,741295
harmonica et orgues portatives,2,non,out,741295
harnais,83,non,out,741295
harnais de carrosses,1,non,out,741295
harnais de chaise,23,non,out,741295
harnais de chevaux,21,non,out,741295
harnais de chevaux de cuir,8,non,out,741295
harnais de cuir,2,non,out,741295
harnais de cuir et cellerie,4,oui,,40052
harnais de cuir et sellerie,4,non,,40052
harnais de sellier,2,non,out,741295
harnais et chaises roulantes,1,non,out,741295
harnais et housses de chevaux,1,non,out,741295
harnais et housses de mulet,1,non,out,741295
harnais et phaéton,1,non,out,741295
harnais et selles,11,non,out,741295
harnais pour chaise de cuir,1,non,out,741295
harpe,1,non,,40052
harpes,11,non,out,741295
harpes et guitare,51,non,out,741295
harpes et guitare et psalterions,3,non,out,741295
harpes et orgues d'église,2,non,out,741295
harpins,1,non,out,741295
harpons de scies,1,non,out,741295
hartreuse,1,non,out,741295
hautbois,3,non,out,741295
hebichets de fil de fer,1,non,out,741295
helateas,2,non,out,741295
hellébore,1,oui,out,741295
hemitacortum,2,non,out,741295
herbages,82,oui,out,741295
herbes,61,non,out,741295
herbes à charpentier,3,non,out,741295
herbes à col,1,non,out,741295
herbes à teindre,122,non,out,741295
herbes à teindre ou terre jaune,2,non,out,741295
herbes aromatiques,2,non,out,741295
herbes d'absinthe,2,non,out,741295
herbes d'acacia,1,non,out,741295
herbes d'acacia à teindre,1,non,out,741295
herbes d'orseille,110,non,out,741295
herbes d'oseille,26,non,out,741295
herbes de sarriette,1,non,out,741295
herbes de violette,1,non,out,741295
herbes émollientes,1,non,out,741295
herbes et plantes et racines,6,non,out,741295
herbes et racines,1,non,out,741295
herbes et trèfle,12,non,out,741295
herbes fleurs,1,oui,,40052
herbes gaude,73,non,out,741295
herbes mauves,1,non,out,741295
herbes médicinales,15,non,out,741295
herbes médicinales et plantes médicinales,58,non,out,741295
herbes médicinales et plantes médicinales et racines médicinales,35,non,out,741295
herbes pérelle,119,non,out,741295
herbes plantes racines fleurs etc.,14,non,out,741295
herbes qacrette,3,non,out,741295
herbes vaudes,28,non,out,741295
herbes véroniques,1,non,out,741295
herbes vulnéraires,25,non,out,741295
hermine,37,non,out,741295
herminettes,2,non,out,741295
hermodatte,57,non,out,741295
herse,1,non,out,741295
hesses et hirondelles,1,non,out,741295
hêtre en blocs,1,non,out,741295
hipocide,4,non,out,741295
hipouditte,1,non,out,741295
histoire naturelle,18,non,out,741295
histoire naturelle coquillages,1,non,out,741295
homme d'équipage,7,non,,40052
homme d'équipage hollandais,2,non,,40052
homme d'équipage prisonnier suédois,1,non,,40052
Hondschoote blanche,3,non,out,741295
Hondschoote peinte,5,non,out,741295
hôpitaux,2,non,out,741295
hôpitaux à café,1,non,out,741295
hôpitaux de cuivre,68,non,out,741295
horloge,53,non,out,741295
horloge à réveils,1,non,out,741295
horloge commune,5,non,out,741295
horloge d'église,3,non,out,741295
horloge de bois,94,non,out,741295
horloge de fer,13,non,out,741295
horloge de mer,1,non,out,741295
horloge de sable,23,non,out,741295
horloge de tables,4,non,out,741295
horloge neuve,1,non,out,741295
horlogerie,819,non,out,741295
horlogerie boîtes d'argent,6,non,out,741295
horlogerie boîtes d'or,4,non,out,741295
horlogerie boîtes de montre d'argent,1,oui,out,741295
horlogerie boîtes de montre d'or,1,oui,out,741295
horlogerie boîtes de pendule,3,oui,out,741295
horlogerie cadrans,1,non,out,741295
horlogerie cadrans d'émail,1,non,out,741295
horlogerie carillon,1,non,out,741295
horlogerie carillon au-dessous d'une hectogramme,1,non,out,741295
horlogerie chaînes d'argent,1,non,out,741295
horlogerie chaînes d'or,3,non,out,741295
horlogerie chaînes de cuivre,1,non,out,741295
horlogerie clefs de montre,1,oui,out,741295
horlogerie d'or,2,non,out,741295
horlogerie et carillon,4,non,out,741295
horlogerie fournitures,6,non,out,741295
horlogerie horloge de fer,12,oui,out,741295
horlogerie monom à montre,1,oui,out,741295
horlogerie monom à pendule,2,oui,out,741295
horlogerie montres d'argent,12,oui,out,741295
horlogerie montres d'or,14,oui,out,741295
horlogerie montres de cuivre,3,oui,out,741295
horlogerie montres de métal,1,oui,out,741295
horlogerie montres maillées,1,oui,out,741295
horlogerie mouvements de montre,7,oui,out,741295
horlogerie mouvements de pendule,5,oui,out,741295
horlogerie outils d'horloge,2,oui,out,741295
horlogerie pendule,36,oui,out,741295
horlogerie pendule de cuivre,2,oui,out,741295
horlogerie pendule et réveils,259,oui,out,741295
horlogerie ressorts de montre,2,oui,out,741295
horlogerie ressorts de pendule,3,oui,out,741295
horlogerie réveils,2,oui,out,741295
horlogerie timbres,1,non,out,741295
hôtes,1,non,out,741295
hôtes d'osier,4,non,out,741295
houblon,443,non,out,741295
houes,12,non,out,741295
houes de fer,17,non,out,741295
houes et serpes,22,non,out,741295
houes haches et serpes,4,non,out,741295
houille,4,non,out,741295
houille frontières,2,non,out,741295
houille par Ardennes et Meuse,2,non,out,741295
houille par mer,3,non,out,741295
houille par mer à Baisieux,2,non,out,741295
houille par terre,1,non,out,741295
houille par terre Ardennes et autre,2,non,out,741295
houppe de cygne,5,non,out,741295
housses,8,non,out,741295
housses de chevaux,26,non,out,741295
housses de chevaux enrichie,1,non,out,741295
housses de chevaux et faux,1,non,out,741295
housses de chevaux et faux et fourreaux garnis de soie,1,non,out,741295
housses de chevaux garnies d'argent et d'or,1,non,out,741295
housses de drap,11,non,out,741295
housses de drap et de velours,2,non,out,741295
housses de lit,2,non,out,741295
housses de selles,1,non,out,741295
housses de velours,1,non,out,741295
housses et faux fourreaux,3,non,out,741295
housses et faux fourreaux garnis d'argent,1,non,out,741295
housses et selles de chevaux,1,non,out,741295
housses galonnées,2,non,out,741295
housses galonnées d'or,4,non,out,741295
housses galonnées d'or et d'argent,1,non,out,741295
housses garnies d'or,2,non,out,741295
hubalingue,1,non,out,741295
hubellimeus,1,non,out,741295
huide de codde,1,non,out,741295
huile,4787,non,out,741295
huile à ???,1,non,out,741295
huile à brûler,58,non,out,741295
huile à brûler de graine,1,non,out,741295
huile à brûler et de poisson,12,non,out,741295
huile ambrée,1,non,out,741295
huile antique et huile volatile ambrée,1,non,out,741295
huile blanche,1,non,out,741295
huile carabée,1,non,out,741295
huile chimique,1,non,out,741295
huile citron orange et leurs variétés,2,non,out,741295
huile commune,4,non,out,741295
huile commune d'olive,1,non,out,741295
huile concrète de cacao et de laurier,2,non,out,741295
huile d'absinthe,2,non,out,741295
huile d'Aix,2,non,out,741295
huile d'amande,4,oui,,40052
huile d'amandes,81,non,out,741295
huile d'amandes douces,20,non,out,741295
huile d'ambre,12,non,out,741295
huile d'anis,56,non,out,741295
huile d'anis carvi et fenouil,1,non,out,741295
huile d'anis et fenouil,2,non,out,741295
huile d'aspic,59,non,out,741295
huile d'ébène,1,non,,40052
huile d'élite dite keurolie,10,non,out,741295
huile d'enc,2,non,out,741295
huile d'étain,1,non,out,741295
huile d'œillette,31,oui,out,741295
huile d'œillette de noix de pavots,18,non,,40052
huile d'œillette ou de pavot,13,non,,40052
huile d'olive,3612,non,out,741295
huile d'olive à manger,17,non,out,741295
huile d'olive blanche de Gênes,0,non,out,741295
huile d'olive comestible,7,non,out,741295
huile d'olive commune,18,non,out,741295
huile d'olive Corse pour la France,1,non,out,741295
huile d'olive de fèce ou fie d'huile,2,non,out,741295
huile d'olive et autres pour fabrique,21,non,out,741295
huile d'olive fine,144,non,out,741295
huile d'olive importée en grande partie à Marseille,1,non,out,741295
huile d'olive pour fabrique,249,non,out,741295
huile d'olive pour fabrique de la Corse,1,non,out,741295
huile d'ours,1,non,out,741295
huile de baleine,115,non,out,741295
huile de baleine et de morue,16,non,,40052
huile de baleine et spirituelle,1,non,out,741295
huile de baume,1,non,out,741295
huile de benedie,2,non,out,741295
huile de benjoin,1,non,out,741295
huile de blanc de baleine,5,oui,,40052
huile de brique,1,non,out,741295
huile de cacao,2,non,out,741295
huile de cacao et palme,1,non,out,741295
huile de cachalot,1,non,,40052
huile de cade,4,non,out,741295
huile de cahouanne,3,non,out,741295
huile de cannelle,17,non,out,741295
huile de cannelle macis muscade de Rhodes et rose,2,non,out,741295
huile de carabe,8,non,out,741295
huile de carde,3,non,out,741295
huile de casse cède cédrin genièvre,2,non,out,741295
huile de castor,1,non,out,741295
huile de chanvre,12,non,out,741295
huile de chien de mer,2,non,out,741295
huile de chimie,1,non,out,741295
huile de chimie ?,1,non,out,741295
huile de citron bergamote et orange,1,non,out,741295
huile de coco,1,non,out,741295
huile de colza,0,non,,40052
huile de copahu,56,non,out,741295
huile de cordes,1,non,out,741295
huile de corne de cerf,1,non,out,741295
huile de crabette,1,non,out,741295
huile de crème,1,non,out,741295
huile de cumin,1,non,out,741295
huile de dégras,0,non,out,741295
huile de faine et de noix,9,non,out,741295
huile de farde,1,non,out,741295
huile de farine,1,non,,40052
huile de Flandre,1,non,out,741295
huile de flanelle,1,non,out,741295
huile de Florence,1,non,out,741295
huile de gaïac,1,non,out,741295
huile de Garonne,1,non,out,741295
huile de genièvre,18,non,out,741295
huile de girofle,49,non,out,741295
huile de girofle à huile aromatique,1,non,,40052
huile de girofle et sassafras,1,non,out,741295
huile de girofle et spirituelle,1,non,out,741295
huile de graine,635,non,out,741295
huile de graine autres que de lin d'oeillettes ou de pavots,2,non,,40052
huile de graine d'anis,1,non,out,741295
huile de graine d'oeillettes ou de pavots,2,non,,40052
huile de graine d'olive,1,non,out,741295
huile de graine de cannelle,1,non,out,741295
huile de graine de colza lin navette etc. et de noix,2,non,out,741295
huile de graine de girofle,1,non,out,741295
huile de graine de lin,5,non,out,741295
huile de graine de macis,1,non,out,741295
huile de graine de moutarde,1,non,out,741295
huile de graine de navette,1,non,out,741295
huile de graine de navette et de chanvre,0,non,out,741295
huile de graine de poisson,1,non,out,741295
huile de graine de Rhodes,1,non,out,741295
huile de graine de térébenthine,1,non,turpentine,2222
huile de graine et de lin,6,non,out,741295
huile de graine et de noix,38,non,out,741295
huile de graine grasse,3,oui,out,741295
huile de graine oléagineuse,5,non,,40052
huile de grains,11,non,out,741295
huile de grains à peinures,1,non,out,741295
huile de graisse,2,non,out,741295
huile de graisse de poisson,1,non,out,741295
huile de gras,1,non,out,741295
huile de gras et de traens pour tanneurs,8,non,out,741295
huile de gras pour tanneurs,7,non,out,741295
huile de Haarlem,23,non,out,741295
huile de hareng,1,non,out,741295
huile de jasmin,19,non,out,741295
huile de jasmin et autres fleurs,3,non,out,741295
huile de jayet,1,non,out,741295
huile de laine,1,non,out,741295
huile de laurier,106,non,out,741295
huile de lavande,7,non,out,741295
huile de lin,921,non,out,741295
huile de lin et de rabette,3,non,,40052
huile de lin et spirituelle,6,non,out,741295
huile de lin pour l'entrepôt pour la Compagnie des Indes,1,non,out,741295
huile de loifon,0,non,out,741295
huile de loup marin,7,non,out,741295
huile de maïs,1,non,out,741295
huile de Majorque,1,non,out,741295
huile de marjolaine et sauge,1,non,out,741295
huile de menthe,1,non,out,741295
huile de morne,2,non,out,741295
huile de morue,98,non,out,741295
huile de morue de France,1,oui,,40052
huile de morue étrangère,1,non,,40052
huile de morue française,1,non,,40052
huile de muscade,27,non,out,741295
huile de navette,189,non,out,741295
huile de noisettes,2,non,out,741295
huile de noix,262,non,out,741295
huile de Palma Christi,9,oui,out,741295
huile de palme,36,non,out,741295
huile de palmier,1,non,out,741295
huile de parfum,4,non,out,741295
huile de peintures,1,non,out,741295
huile de pierre,4,non,out,741295
huile de pignon de palme,2,non,,40052
huile de pignon et ricin,2,non,out,741295
huile de pin,1,non,out,741295
huile de plantes,1,non,out,741295
huile de poissen,2,non,,40052
huile de poisson,2038,non,out,741295
huile de poisson de France,5,non,,40052
huile de poisson des Indes,1,non,out,741295
huile de poisson et de lin,1,non,out,741295
huile de poisson et poix,1,non,out,741295
huile de poisson étranger,3,non,,40052
huile de poix,9,non,out,741295
huile de rabette,110,non,out,741295
huile de rave,2,non,out,741295
huile de Rhodes,14,non,out,741295
huile de rhue,1,non,out,741295
huile de ricin,13,non,,40052
huile de romarin,4,non,out,741295
huile de rose,4,non,out,741295
huile de salmus,1,non,out,741295
huile de sardines,2,non,,40052
huile de sassafras,2,non,out,741295
huile de saturne,1,non,out,741295
huile de scorpion,6,non,out,741295
huile de sein,1,non,out,741295
huile de semence,137,non,out,741295
huile de senteur,100,non,out,741295
huile de soldat,3,non,out,741295
huile de soufre,2,non,out,741295
huile de spermaceti,6,non,out,741295
huile de storax,8,non,out,741295
huile de tamarin,2,non,out,741295
huile de tartre,2,non,out,741295
huile de térébenthine,362,non,turpentine,2222
huile de verre,2,non,out,741295
huile de vialle,2,non,out,741295
huile de vitriol,403,non,vitriol,1211
huile de vitriol et vitriol,24,non,vitriol,1211
huile dellevette,2,non,out,741295
huile diverse,41,non,out,741295
huile diverse à la valeur,1,non,out,741295
huile du Pérou,4,non,out,741295
huile du Sénégal,1,non,,40052
huile en bouteille,1,non,,40052
huile en crasse,4,non,out,741295
huile en crasse ou degnes ???,0,non,out,741295
huile en crasse ou degras et ???,2,non,,40052
huile en degens,1,non,,40052
huile en dignar,1,non,out,741295
huile en zégnar,1,non,,40052
huile essencée,1,non,out,741295
huile essentielle ou volatile de citron girofle menthe rose etc.,2,non,out,741295
huile et essence de térébenthine,24,non,turpentine,2222
huile et provisions,5,non,out,741295
huile et rabete,1,non,out,741295
huile et sirop,12,non,out,741295
huile fine,3,non,out,741295
huile grap indigo,1,non,indigo,6635
huile grasse d'amandes,4,oui,out,741295
huile grasse d'olive comestible,4,oui,out,741295
huile grasse d'olive pour fabrique,4,oui,out,741295
huile grasse de faine et noix,4,oui,out,741295
huile grasse de graines autres que lin œillette et pavot,2,oui,out,741295
huile grasse de graines d'œillette ou pavot,2,oui,out,741295
huile grasse de graines de lin,2,oui,out,741295
huile grasse de graines grasses,2,oui,out,741295
huile grasse de palme,2,oui,out,741295
huile grasse de palme et pignon,2,oui,out,741295
huile grasse de ricin,4,oui,out,741295
huile marc d'olive ou amurca,1,non,out,741295
huile médicinale,14,non,out,741295
huile pétrole,19,non,out,741295
huile pour étranger de poisson,1,oui,out,741295
huile pour France de poisson,3,oui,out,741295
huile pour lampe,1,non,out,741295
huile rabette,1,non,out,741295
huile spirituelle d'olive,8,non,out,741295
huile spirituelle de poisson,1,non,out,741295
huile stale,1,non,out,741295
huile succin,3,non,out,741295
huile superfine,1,non,out,741295
huile térébenthine,12,oui,turpentine,2222
huile vierge,1,non,out,741295
huile vitriol,3,non,vitriol,1211
huile volatile,2,non,out,741295
huile volatile d'anis fenouil marjolaine romarin et sauge,2,non,out,741295
huile volatile de cade cèdre ou oxycèdre et gaïac,2,non,out,741295
huile volatile de cannelle girofle macis muscade et sassafras,2,non,out,741295
huile volatile de citron orange et leurs variétés,2,non,out,741295
huile volatile de genièvre,1,non,out,741295
huile volatile de jasmin et autres fleurs d'odeur fugace,2,non,out,741295
huile volatile de lavande,2,non,out,741295
huile volatile de rose et de Rhodes,2,non,out,741295
huitres,98,oui,,40052
huîtres,389,non,out,741295
huîtres à la daube,70,non,out,741295
huîtres à la daube ou marinée,1,non,out,741295
huîtres à mariner,1,non,out,741295
huîtres en écaille,20,non,out,741295
huîtres en pierres,2,non,out,741295
huîtres fraîches,15,non,out,741295
huîtres fraîches et salées,18,non,out,741295
huîtres marines,1,non,out,741295
humains,24,non,out,741295
humains de Guinée,18,non,,40052
humains de Sénégal,27,non,,40052
hydromel,123,non,out,741295
hypochetia,1,non,out,741295
hypocristis,1,non,out,741295
igname,5,non,out,741295
images,17,non,out,741295
images à cadres dorés,1,non,out,741295
images de cire,1,non,out,741295
images de corne,1,non,out,741295
images de livres,1,non,,40052
images de papier,38,non,out,741295
images de papier et estampes et cartes géographiques,220,non,out,741295
images de parchemin,73,non,out,741295
images de parchemin de corne,2,non,out,741295
images de vélin,6,non,out,741295
images des Indes,1,non,out,741295
images et cartes géographiques,2,non,out,741295
images peintes,2,non,out,741295
images sur papier,1,non,out,741295
impériale,9,non,out,741295
impériale de laine,1,non,out,741295
inde,5,non,out,741295
inde de Java,10,non,out,741295
inde fine,28,non,out,741295
inde florée,1,non,out,741295
inde flottante,15,non,out,741295
inde Java,3,oui,out,741295
inde plate,120,non,out,741295
indienne,861,non,cotton goods,18103
indienne ???,1,non,cotton goods,18103
indienne commune,6,non,cotton goods,18103
indienne de coton,21,non,cotton goods,18103
indienne de coton et de fil,1,non,cotton goods,18103
indienne de coton et siamoise de coton et toile de coton imprimée et toile de coton peinte et toile de coton teinte,25,non,cotton goods,18103
indienne de coton et siamoise de coton et toile de coton peinte,16,non,cotton goods,18103
indienne de coton et toile de coton peinte,65,non,cotton goods,18103
indienne de coton peinte,2,non,cotton goods,18103
indienne de différentes qualités,1,non,cotton goods,18103
indienne de France,6,non,cotton goods,18103
indienne de Suisse,1,non,,40052
indienne des Indes,4,non,cotton goods,18103
indienne des Indes et toile peinte,5,non,cotton goods,18103
indienne en coupon,1,non,,40052
indienne et sitz,143,non,cotton goods,18103
indienne et toile perse,1,non,cotton goods,18103
indienne étrangère,5,non,cotton goods,18103
indienne étrangère et toile peinte,3,non,cotton goods,18103
indienne française,1,non,cotton goods,18103
indienne nationale et toile peinte,5,non,cotton goods,18103
indienne peinte,30,non,cotton goods,18103
indigo,6595,non,indigo,6635
indigo commun,2,non,indigo,6635
indigo de Guatemala,6,non,,40052
indigo de retour,3,non,indigo,6635
indigo des Îles françaises,1,non,indigo,6635
indigo des Indes,1,non,indigo,6635
indigo en gr ???,1,non,indigo,6635
indigo en grabeau,106,non,,40052
indigo et sucre,1,non,indigo,6635
indigo floré,13,non,indigo,6635
indigo guatimalo,8,non,indigo,6635
indigo inde-plate boules de bleu,1,non,indigo,6635
indigo par Bordeaux Nantes Le Havre et Dunkerque,1,non,indigo,6635
injubes,3,non,out,741295
insectes,4,non,out,741295
instruments,110,non,out,741295
instruments d'artillerie,1,non,,40052
instruments d'arts libéraux,7,non,out,741295
instruments d'astronomie,5,non,out,741295
instruments d'optique lunettier,1,non,,40052
instruments d'optiques,13,non,out,741295
instruments d'optiques et ouvrages ditto,34,non,out,741295
instruments d'orfèvrerie,1,non,out,741295
instruments de b??? mêlés,1,non,out,741295
instruments de chimie,3,non,out,741295
instruments de chirurgie,48,non,out,741295
instruments de jardinage,1,non,out,741295
instruments de marine,18,non,out,741295
instruments de mathématique,85,non,out,741295
instruments de mathématique et de musique,9,non,out,741295
instruments de mathématique et instruments de chirurgie,49,non,out,741295
instruments de mécanique,3,non,out,741295
instruments de mer,2,oui,out,741295
instruments de mesure,1,non,,40052
instruments de musique,504,non,out,741295
instruments de musique ???,1,non,out,741295
instruments de musique et autres,11,non,out,741295
instruments de navigation,3,non,out,741295
instruments de physique,24,non,out,741295
instruments de pilotage,4,non,out,741295
instruments épinettes,1,non,out,741295
instruments machine et mécanique,3,non,out,741295
instruments machine et mécanique propres aux arts et aux sciences,11,non,out,741295
instruments pour hôpitaux militaires,1,non,,40052
instruments pour la pêche,10,non,out,741295
instruments pour les arts et les sciences,181,non,out,741295
instruments propres aux arts libéraux,10,non,out,741295
instruments propres aux science,2,non,out,741295
ipécacuanha,311,non,out,741295
iranis,1,non,out,741295
iris,186,non,out,741295
iris de citron,1,non,out,741295
iris de Florence,60,non,out,741295
irtaine,1,oui,out,741295
isaris d'auf,1,non,out,741295
isatis,5,non,out,741295
issarions de palme,4,non,out,741295
istarions d'espars,1,non,out,741295
ita à planter,1,non,out,741295
Itaine de laine,1,non,out,741295
ivies,1,non,out,741295
ivoire,87,non,out,741295
ivoire brûlé,2,non,out,741295
ivoire brut,81,non,out,741295
ivoire de Dieppe,1,non,out,741295
ivoire en grabeau,2,non,,40052
ivoire en morceaux,2,non,out,741295
ivoire et or,10,non,,40052
ivoire noir,1,non,out,741295
ivoire ou morphil,1,oui,out,741295
jaillet,2,non,out,741295
jais,144,non,out,741295
jais brut,1,non,out,741295
jais de chêne,1,non,out,741295
jais ou ouvrages de jais,1,non,out,741295
jalap,489,non,out,741295
jalap en grabeau,1,non,,40052
jamard,2,non,out,741295
jamavar,21,non,out,741295
jambon,1398,non,out,741295
jambon de Bayonne,11,non,out,741295
jambon de Mayence,6,non,out,741295
jambon du pays,1,non,out,741295
jambon et lard,1,non,out,741295
jambon et lard salé,1,non,out,741295
jambon et saucissons,1,non,out,741295
jambon fumé,28,non,out,741295
jambon lard et saucissons,1,non,out,741295
jambon non fumé,2,non,out,741295
jambon pour l'entrepôt de la Compagnie,1,non,out,741295
jambon salé,100,non,out,741295
jambons,8,oui,out,741295
jantes,100,non,out,741295
jantes et rais,5,non,out,741295
japonis,1,non,,40052
jardinage divers,1,non,out,741295
jardinage jasmin,2,non,out,741295
jarres,234,non,out,741295
jarres de grès,1,non,,40052
jarres de terre,27,non,out,741295
jarres et dame-jeannes,61,non,,40052
jarres vides,1,non,out,741295
jarretières,3,non,out,741295
jarretières d'argent,4,non,out,741295
jarretières d'argent et d'or,1,non,out,741295
jarretières d'argent et d'or et de soie,1,non,out,741295
jarretières de fil,3,non,out,741295
jarretières de filoselle,2,non,out,741295
jarretières de fleuret,12,non,out,741295
jarretières de laine,11,non,out,741295
jarretières de soie,23,non,out,741295
jarretières et ruban de laine,1,non,out,741295
jarretières et tresse de laine,1,non,out,741295
jas,1,non,out,741295
jaspe,3,non,out,741295
jatape,1,non,out,741295
jattes de bois,3,non,out,741295
jaune commun,64,non,out,741295
jaune de Cassel,1,non,out,741295
jaune de chrome,2,non,out,741295
jaune de Naples,87,non,out,741295
jaune doré,7,non,out,741295
jaune gros,1,non,out,741295
jaune paille,2,non,out,741295
jaune royal,2,non,out,741295
jeanette de laine,1,non,,40052
jeanne,1,non,out,741295
jeanne gros,1,non,out,741295
jet de bière,10,non,out,741295
jet et lie de bière,136,non,out,741295
jetons d'argent,1,non,out,741295
jetons de cuivre,2,non,out,741295
jets de canettes,2,non,out,741295
jets de canettes de grès,3,non,,40052
jets de cannes,3,non,out,741295
jets de cannes à poignée d'ambre,1,non,out,741295
jets de creusets,2,non,,40052
jets de grès,1,non,out,741295
jets de terre,1,non,out,741295
jets de voile,43,oui,out,741295
jeux d'échecs,1,non,out,741295
jeux d'écrevisse,1,non,out,741295
jeux d'orgues,1,non,out,741295
jeux de camagnolle,2,non,out,741295
jeux de moulins,19,non,out,741295
jeux de moulins à sucre,10,non,out,741295
jeux de quadrilles,1,non,,40052
jeux de voile,107,non,out,741295
jeux de voile en toile de Bretagne,1,non,,40052
joaillerie,1,non,out,741295
jolités de cristal garnis de cuivre,2,non,out,741295
jolités en pinsbeck,3,non,out,741295
jolités mêlées,135,non,out,741295
joncs,78,non,out,741295
joncs à faire des cannes,4,non,out,741295
joncs à joncher les volailles,3,non,out,741295
joncs communs,4,non,out,741295
joncs de cannes,1,non,out,741295
joncs des Indes,1,non,out,741295
joncs des marais,3,non,,40052
joncs en blocs,1,non,out,741295
joncs en herbes,1,non,out,741295
joncs entés,17,non,out,741295
joncs et roseaux,32,non,out,741295
joncs et roseaux des jardins,2,non,out,741295
joncs et roseaux des marais d'Europe Presle et Sparte brut,2,non,out,741295
joncs et roseaux exotiques bambous et joncs forts à cannes,2,non,out,741295
joncs et roseaux exotiques rotins de petit calibre,3,non,out,741295
joncs odorants,2,non,out,741295
joncs ou auf,3,non,out,741295
joncs pour cannes,1,non,out,741295
joncs pour cannes et bambou et rotin,19,non,out,741295
joncs pour cannes et bambou et ruban,8,non,out,741295
joncs pour chaises,4,non,out,741295
joncs pour couvrir,87,non,out,741295
joncs pour couvrir bottes,2,non,out,741295
joncs pour couvrir toits,85,non,out,741295
joncs pour faire ???,2,non,out,741295
joncs pour faire chaises,51,non,out,741295
joncs pour faire des vertugadins,3,non,out,741295
joncs pour faire les chaises des Indes,1,non,out,741295
joncs pour faire voile,1,non,out,741295
joncs pour joncher les volailles,1,non,out,741295
joncs pour joncher voiles,2,non,out,741295
joncs pour voile,25,non,out,741295
joncs rotin,3,non,out,741295
joncs Sparte brut et autres communs,1,non,out,741295
joncs travaillés et paille travaillée,92,non,out,741295
joncs vernis,1,non,out,741295
jonquilles,1,non,,40052
jonquine,16,non,out,741295
Joséphine de laine et de soie,1,non,out,741295
jouets,6,non,out,741295
jouets d'enfance,1,non,out,741295
jouets d'enfant,12,non,out,741295
jougs de bœuf,5,non,out,741295
joujoux d'enfants,9,non,out,741295
juifs qui payent le droit corporel à la sortie,64,non,out,741295
jujubes,98,non,out,741295
julaux,1,non,out,741295
julienne,2,oui,out,741295
juments,41,non,out,741295
juments de somme,3,non,out,741295
juments et poulains,8,non,out,741295
juments ou mulets,1,non,out,741295
jupes,7,non,out,741295
jupes d'indiennes,1,non,,40052
jupes de basin brodée en soie,1,non,out,741295
jupes de calmande,1,non,out,741295
jupes de cirsaca,1,non,,40052
jupes de coton,2,non,cotton goods,18103
jupes de laine et de soie,1,non,out,741295
jupes de molleton,2,non,out,741295
jupes de satin brodée,1,non,out,741295
jupes de toile peinte,5,non,out,741295
jupes et tabliers de toile peinte,1,non,out,741295
jupes peintes,1,non,out,741295
jupes piquées,5,non,out,741295
jupons,24,non,out,741295
jupons brodés,2,non,out,741295
jupons d'étoffe et soie brodés,1,non,,40052
jupons de basin brodés,1,non,out,741295
jupons de Pékin brodé en soie or et argent,1,non,out,741295
jupons de satin,2,non,out,741295
jupons de taffetas,3,non,out,741295
jupons de toile,1,non,out,741295
jupons de toile peinte,2,non,out,741295
jupons peints,1,non,out,741295
jupons piqués,5,non,out,741295
jus,2,non,out,741295
jus d'orange,2,non,out,741295
jus de cerise,1,non,out,741295
jus de citrate calcaire,1,non,out,741295
jus de citron,405,non,out,741295
jus de citron et de limon,10,non,out,741295
jus de citron et de limonade,2,non,out,741295
jus de Florence,1,non,out,741295
jus de griotte,1,non,out,741295
jus de limon,36,non,out,741295
jus de réglisse,854,non,out,741295
jus et sirop de cerise et de grenade,7,non,out,741295
jus et sirop de cerise et de grenade avec nourritures,69,non,out,741295
kalmouk,10,non,out,741295
kalmouk de mauvaise qualité,1,non,,40052
kalmouk de Sedan 20 lignes,1,non,out,741295
kalmouk de Sedan 350 lignes,1,non,out,741295
kichorchais,8,non,out,741295
kicoutis,2,non,out,741295
killis,1,oui,out,741295
kirschwasser,6,non,out,741295
korola des Indes,2,non,out,741295
l? de fer,1,non,,40052
labdanum,3,non,out,741295
lac commun,57,non,out,741295
lacets,6,non,out,741295
lacets d'argent et de soie,1,non,out,741295
lacets de fil,30,non,out,741295
lacets de filoselle,14,non,out,741295
lacets de filoselle et de soie,1,non,out,741295
lacets de fleuret,19,non,out,741295
lacets de laine,2,non,out,741295
lacets de peau,3,non,out,741295
lacets de soie,21,non,out,741295
lackière,1,non,out,741295
lacoris,1,non,out,741295
ladanum,1,non,out,741295
lagias,12,non,out,741295
laimes,1,non,out,741295
laimois,1,non,out,741295
lain,1,non,out,741295
lainage couvertures,53,oui,out,741295
laine,1102,non,out,741295
laine à broder,19,non,out,741295
laine à laver,1,non,out,741295
laine à lisières,2,non,out,741295
laine à matelas,3,non,out,741295
laine à tapis fine,1,non,out,741295
laine à tapisserie,111,non,out,741295
laine à tricoter,1,non,out,741295
laine apprêtée pour perruques,10,non,out,741295
laine bâtarde,5,non,out,741295
laine blanche,4,non,out,741295
laine blanche et fine et filée et teinte,13,non,out,741295
laine blanche non filée,1,non,out,741295
laine bourre et déchets de laine,2,non,out,741295
laine brute,520,non,out,741295
laine brute fine,6,non,out,741295
laine brute surfine,5,non,out,741295
laine cardée,4,non,out,741295
laine chevron,8,oui,out,741295
laine commune,127,non,out,741295
laine commune brute,6,non,out,741295
laine commune d'Espagne,2,non,out,741295
laine commune épurée,1,non,out,741295
laine commune et lavée et en suint,8,non,out,741295
laine commune lavée à chaud,4,non,out,741295
laine commune lavée à froid,6,non,out,741295
laine commune sans distinction,1,non,out,741295
laine crottelins,1,non,out,741295
laine crue,2,non,out,741295
laine d'agnelin,111,non,out,741295
laine d'agnelin en suint,2,non,out,741295
laine d'Allemagne,103,non,out,741295
laine d'alpaca,2,non,out,741295
laine d'Angleterre,2,non,out,741295
laine d'Ardenny,2,non,out,741295
laine d'Arles,1,non,out,741295
laine d'Arménie,1,non,out,741295
laine d'Autriche,32,non,out,741295
laine d'Écosse,2,non,out,741295
laine d'écrue,5,non,out,741295
laine d'Espagne,655,non,out,741295
laine d'Espagne fine,2,non,out,741295
laine d'Espagne fine par Rouen et Marseille,1,non,out,741295
laine d'Espagne grossière,1,non,out,741295
laine d'Espagne lavée,1,non,out,741295
laine d'Espagne non filée,2,non,out,741295
laine d'Estrémadure lavée,2,non,out,741295
laine d'Italie,17,non,out,741295
laine de ???,1,non,out,741295
laine de Barbarie,11,non,out,741295
laine de Bayonne,1,non,out,741295
laine de Bologne,3,non,out,741295
laine de Brême,2,non,out,741295
laine de Carmenie,40,non,out,741295
laine de chamois,1,non,out,741295
laine de chèvre,395,non,,40052
laine de chèvre et poil de chameau,43,non,,40052
laine de chèvre et poil de chameau et vigogne,24,non,,40052
laine de chèvre et poil de lapin,5,non,,40052
laine de chèvre non filée,1,non,,40052
laine de chevron,363,oui,out,741295
laine de chevrons et poil de chameau,43,oui,out,741295
laine de chevrons et poil de chameau et vigogne,24,oui,out,741295
laine de chevrons et poil de lapin,5,oui,out,741295
laine de chevrons non filée,1,oui,out,741295
laine de Constantinople,2,non,out,741295
laine de farumie,2,non,out,741295
laine de fer,1,non,out,741295
laine de fil,1,non,out,741295
laine de France,1,non,out,741295
laine de Hollande,7,non,out,741295
laine de Moscou,1,non,out,741295
laine de pelade,1,non,out,741295
laine de Perse,10,non,out,741295
laine de Pologne,34,non,out,741295
laine de Pologne et autre laine étrangère,7,non,out,741295
laine de Poméranie,2,non,out,741295
laine de Prusse,2,non,out,741295
laine de Smyrne,1,non,out,741295
laine de Suède,1,non,out,741295
laine de surge,2,oui,out,741295
laine de tan,1,non,out,741295
laine de vigogne,146,non,out,741295
laine demi fine,1,non,,40052
laine demi lavée,14,non,out,741295
laine du Béarn,19,non,out,741295
laine du Brabant,1,non,out,741295
laine du Danemark,11,non,out,741295
laine du Levant,20,non,out,741295
laine du Nord,22,non,out,741295
laine du pays,8,non,out,741295
laine du Portugal,42,non,out,741295
laine écrue,5,non,out,741295
laine écrue lavée,1,non,out,741295
laine en ???,2,non,out,741295
laine en boules,2,non,,40052
laine en côtes,6,non,out,741295
laine en crin,2,non,out,741295
laine en flotte,1,non,out,741295
laine en lain,2,non,out,741295
laine en masses,4,non,out,741295
laine en pelote,1,non,,40052
laine en poil de chameau,8,non,out,741295
laine en rames,38,non,out,741295
laine en Renne,1,non,out,741295
laine en ronces,1,non,,40052
laine en suint,101,non,out,741295
laine en toison,35,non,out,741295
laine épurée surfine,1,non,out,741295
laine et filoselle,1,non,out,741295
laine fine,38,non,out,741295
laine fine de Rome,1,non,out,741295
laine fine en rames,3,non,out,741295
laine fine en suint,1,non,out,741295
laine fine épurée,1,non,out,741295
laine fine et de chèvre,9,non,,40052
laine fine et de chevron,9,oui,out,741295
laine fine lavée,1,non,out,741295
laine fine lavée à chaud,4,non,out,741295
laine fine lavée à froid,6,non,out,741295
laine fine mérinos en suint,10,non,out,741295
laine fine mérinos lavée,14,non,out,741295
laine grasse,506,non,out,741295
laine grasse de Barbarie,2,non,out,741295
laine grasse et fil de laine,2,non,,40052
laine grasse ou en suin,4,oui,out,741295
laine gromures,1,non,out,741295
laine grosse,35,non,out,741295
laine l'ance,1,non,out,741295
laine lavée,753,non,out,741295
laine lavée à chaud surfine,4,non,out,741295
laine lavée à froid surfine,4,non,out,741295
laine lavée et grasse,1,non,,40052
laine lavée mérinos et métis,1,non,out,741295
laine lavée pelade,1,non,out,741295
laine lavée surge,1,oui,out,741295
laine mêlée,1,non,out,741295
laine menue,3,non,out,741295
laine mérinos en suint,6,non,out,741295
laine mérinos et lavée et en suint,28,non,out,741295
laine mérinos lavée,23,non,out,741295
laine noire,3,non,,40052
laine non filée,56,non,out,741295
laine non filée lavée,5,non,out,741295
laine non peignée,49,non,out,741295
laine ordinaire,69,non,out,741295
laine ordinaire en masse,30,non,out,741295
laine panorme,1,non,out,741295
laine par Abbeville,1,non,out,741295
laine par Cherbourg et Granville et Morlaix,1,non,out,741295
laine par Marseille,1,non,out,741295
laine peignée,286,non,out,741295
laine peignée et filée,1,non,out,741295
laine pelade,134,non,out,741295
laine pelade et grasse,1,non,,40052
laine pelade et serge,1,oui,out,741295
laine pelleterie,1,non,out,741295
laine peluches ???,2,oui,out,741295
laine petite,1,non,out,741295
laine place,2,non,out,741295
laine pour chapeliers,11,non,out,741295
laine pour navire de Hollande avec certificats de consul,1,non,out,741295
laine pour tapisserie,2,non,out,741295
laine rousse,3,non,out,741295
laine seconde,1,non,,40052
laine suin,2,non,out,741295
laine tannée,2,non,out,741295
laine teinte,18,non,out,741295
laine toison,3,non,out,741295
laine tressée,1,non,out,741295
laine vivante,1,non,out,741295
lainerie,1,non,out,741295
lait battu,11,non,out,741295
lait de Virginie,1,non,out,741295
lait doux,20,non,out,741295
laiton,261,non,out,741295
laiton battu,1,non,,40052
laiton battu ou coulé ou laminé,2,non,out,741295
laiton battu ou laminé,5,non,out,741295
laiton braisé,5,non,out,741295
laiton brun,3,non,out,741295
laiton brut,4,non,out,741295
laiton coulé en barres ou plaques,1,non,out,741295
laiton coulé en barres ou plaques régulières,1,non,out,741295
laiton coulé en masses brutes,3,non,out,741295
laiton cuivré,2,non,out,741295
laiton en barres ou plaques régulières,2,non,out,741295
laiton en feuilles,67,non,out,741295
laiton en masses brutes,3,non,out,741295
laiton en planches pour les fabrique,1,non,out,741295
laiton en rouleau,1,non,out,741295
laiton et cuivre,6,non,out,741295
laiton gratté,69,non,out,741295
laiton gravé,2,non,out,741295
laiton gravé ou gratté,2,non,out,741295
laiton neuf,3,non,out,741295
laiton noir,1,non,out,741295
laiton non gratté,1,non,out,741295
laiton vieux,18,non,out,741295
lakmoes,130,non,out,741295
lakuires,0,non,out,741295
lama,1,non,out,741295
lambris,1,non,out,741295
lames,1,non,out,741295
lames d'acier,6,non,out,741295
lames d'argent,2,non,out,741295
lames d'épée,71,non,out,741295
lames d'épée et de fleuret,4,non,out,741295
lames d'épée et de sabres,102,non,out,741295
lames d'or,1,non,out,741295
lames d'or par Marseille,1,non,out,741295
lames de couteaux,1,non,out,741295
lames de couteaux de chasse,2,non,out,741295
lames de coutelas,2,non,out,741295
lames de cuivre,2,non,out,741295
lames de fer,1,non,out,741295
lames de fleuret,7,non,out,741295
lames de rasoirs,1,non,out,741295
lames de sabre,27,non,out,741295
lames de sabres,4,non,out,741295
lames en fer,45,non,out,741295
lampareille de laine,3,non,out,741295
lampareille de Lille,2,non,out,741295
lampareille de poil,88,non,out,741295
lampareille et polimi,13,non,out,741295
lampas,0,non,out,741295
lampas de soie,1,non,out,741295
lampas pièces larges,3,non,out,741295
lampes,55,non,out,741295
lampes à air en cuivre de la manufacture royale à Versoix,1,non,,40052
lampes à la quinpot,1,non,out,741295
lampes d'argent,2,non,out,741295
lampes de cristal,1,non,out,741295
lampes de cuivre,3,non,out,741295
lampes de fer,10,non,out,741295
lampes de fer-blanc,4,non,out,741295
lampes de laiton,1,non,out,741295
lampes de terre,1,non,out,741295
lampes de verre,2,non,out,741295
lampes de verres,1,non,out,741295
lampes économiques,1,non,out,741295
lampions de fer,1,non,out,741295
lamproies,72,non,out,741295
lances,865,non,out,741295
lances et beauprés,1,non,out,741295
lances et mâts,2,non,out,741295
lancets à arroser voile,1,non,out,741295
lanchez,1,non,out,741295
langues,27,non,out,741295
langues de bœuf,82,non,out,741295
langues de bœuf en saumure,1,non,out,741295
langues de bœuf et langues de vache,101,non,out,741295
langues de bœuf fourrées,14,non,out,741295
langues de bœuf salées,30,non,out,741295
langues de cabillaud,5,non,out,741295
langues de cochon,2,non,out,741295
langues de morue,55,non,out,741295
langues de mouton,12,non,out,741295
langues de porcs,2,non,out,741295
langues de porcs saléses,5,non,out,741295
langues et noix de morue,5,oui,out,741295
langues et noves,1,oui,out,741295
langues et noves de morue,13,non,out,741295
langues et têtes de morue,1,non,,40052
langues et yeux de cerf,1,non,out,741295
langues fumées,71,non,out,741295
langues salées,221,non,out,741295
lanières de cuirs de bœuf,1,non,,40052
lanillas,25,non,out,741295
lanillas de laine,1,non,out,741295
lanillas de poil,20,non,out,741295
lanis à cacheter,0,non,out,741295
lanternes,129,non,out,741295
lanternes d'escalier,1,non,out,741295
lanternes de corne,1,non,out,741295
lanternes de cristal,2,non,out,741295
lanternes de fer-blanc,2,non,out,741295
lanternes de verre,8,non,out,741295
lanternes de verre décoré,1,non,out,741295
lanternes magiques,1,non,out,741295
lapereaux,1,non,out,741295
lapines,1,non,out,741295
lapins,19,non,out,741295
lapis,2,non,out,741295
lapis lazuli,6,non,out,741295
laque,13,non,out,741295
laque de Florence,58,non,out,741295
laque de Venise,13,non,out,741295
laque en bois,5,non,out,741295
laque en feuilles,4,non,out,741295
laque en graine,2,non,,40052
laque en graines,2,oui,out,741295
laque en poudre,1,non,out,741295
laque fausse,1,non,out,741295
laque fine,1,non,out,741295
laque naturelle,7,non,out,741295
laque pale,1,non,out,741295
laque plane,3,non,out,741295
laque plate,162,non,out,741295
laque préparée,5,non,out,741295
laque ronde,7,non,out,741295
laque rouge,2,non,out,741295
laque sans bois,4,non,out,741295
lard,1126,non,out,741295
lard à larder,2,non,out,741295
lard du pays,1,non,out,741295
lard et petit salé,1,non,,40052
lard et porcs salés,2,non,out,741295
lard fumé,3,non,out,741295
lard grillé,2,non,out,741295
lard pour l'entrepôt,1,non,out,741295
lard salé,198,non,out,741295
lardoires de fer,1,non,out,741295
lattes,171,non,out,741295
lattes à ardoise,2,non,out,741295
lattes de bois,4,non,out,741295
lattes de bois pour couvrir,1,non,out,741295
lattes de chêne,1,non,out,741295
lattes de hêtre,6,non,out,741295
lattes de hêtre façonnées,3,non,out,741295
lattes de hêtre non sciées,5,non,out,741295
lattes de sapin,7,non,out,741295
lattes dites du nord,6,non,out,741295
lattes dites Solververen,60,non,out,741295
lattes doubles,2,non,out,741295
lattes et perches,1,non,out,741295
lattes pour couvreurs de paille et plâtreurs,66,non,out,741295
lattes pour couvreurs de tuile,84,non,out,741295
lattes pour cuve,1,non,out,741295
lattes pour cuve de brassage,1,non,out,741295
lattes sciées,100,non,out,741295
lattes sciées en planches,6,non,out,741295
laudanum,2,non,out,741295
laurier,6,non,out,741295
lauroi de fléaux de fer,1,non,out,741295
lauze,7,non,out,741295
lavande,1,non,out,741295
lavande et hysope,2,non,out,741295
lave-place,12,non,out,741295
lèchefrite,3,non,out,741295
lèchefrite de fer,4,non,out,741295
lecrenan,9,oui,,40052
lecrenan de 50 aunes,2,oui,,40052
legatine sur coton,1,non,cotton goods,18103
legatine sur laine,1,non,out,741295
légumes,2486,non,out,741295
légumes confits et secs,2,non,out,741295
légumes en adobe,108,non,out,741295
légumes marinés,1,non,out,741295
légumes pois,33,non,out,741295
légumes salés ou confits,7,non,out,741295
légumes secs,59,non,out,741295
légumes secs et racine d'igname,2,oui,out,741295
légumes secs et racines d'igname,2,non,,40052
légumes verts,7,non,out,741295
légumes verts et secs,25,non,out,741295
lelarge,0,non,out,741295
lemeneas,1,oui,out,741295
lentilles,173,non,out,741295
leole,1,non,out,741295
lerfage de laine,1,non,out,741295
lessive grasse,3,non,out,741295
lest,9925,non,out,741295
lest de cuir,8,oui,,40052
lest en fer,0,oui,,40052
lest pour la pêche à la morue,0,non,,40052
lest pour la pêche aux moule,3,oui,,40052
lest pour la pêche aux moules,3,non,,40052
lettres de changes imprimées,1,non,out,741295
letz en planches,1,oui,out,741295
leviers,3,non,out,741295
leviers ferrés,2,non,out,741295
levure de bière,6,non,out,741295
Li ???,1,non,,40052
liagne,1,non,out,741295
liatte,12,non,,40052
liatte départ,1,non,,40052
libans,3,non,out,741295
libar,1,non,,40052
librairie,2170,non,out,741295
librairie brochée,13,non,out,741295
librairie commune,2,non,out,741295
librairie en blanc,3,non,out,741295
librairie en brochures,0,non,out,741295
librairie reliée,13,non,out,741295
lic,1,non,out,741295
licanias,3,non,out,741295
lichens,2,non,out,741295
lichens autres que pour la teinture,3,non,out,741295
lichens médicinaux,42,non,out,741295
lichens tinctoriaux,6,non,out,741295
licols,3,non,out,741295
licols de cuirs,1,non,out,741295
licols en sangles,1,non,out,741295
licols et sangles,2,non,out,741295
licopodes,1,non,,40052
lie d'huile,3,non,out,741295
lie de bière,2,non,out,741295
lie de vin,124,non,out,741295
liège,905,non,out,741295
liège commun,1,non,out,741295
liège d'Espagne et du Portugal,30,non,out,741295
liège en bois,94,non,out,741295
liège en bouchons,1342,non,out,741295
liège en bouchons et en planches,18,non,out,741295
liège en catalant,1,non,out,741295
liège en feuilles,27,non,out,741295
liège en manches,10,non,out,741295
liège en planches,341,non,out,741295
liège en table,1,non,,40052
liège et provisions,17,non,out,741295
liège fin,6,non,out,741295
liège grossier,1,non,out,741295
liens de chanvre,5,non,out,741295
liens de fer,2,non,out,741295
liens de fil,28,non,out,741295
liens et fil,1,non,out,741295
lier,1,non,,40052
liettus,1,non,out,741295
lièvres,11,non,out,741295
ligature,33,non,out,741295
ligature de fil et soie,4,non,out,741295
ligature de poil,0,non,out,741295
ligature de soie,2,non,out,741295
ligature ou droguet de fil et laine,3,non,out,741295
lignes,6,non,out,741295
lignes à pêcher,125,non,out,741295
lignes à pêcher pour l'entrepôt,1,non,out,741295
lignes d'acier,1,non,out,741295
lignes d'Allemagne,1,non,out,741295
lignum,1,non,out,741295
lillas,11,non,out,741295
limaces et sangsues et vipères,2,non,out,741295
limaille,4,non,out,741295
limaille d'argent,2,non,out,741295
limaille de cuivre,9,non,out,741295
limaille de cuivre et vieux cuivre brisé,1,non,out,741295
limaille de fer,2,non,out,741295
limaille de laiton,2,non,out,741295
limaille et paille de fer,1,non,out,741295
limaille mâche-fer et paille,2,non,out,741295
limancais,15,non,cotton goods,18103
limburis,1,non,,40052
limea,3,non,out,741295
limeneas,304,non,cotton goods,18103
limeneas bleues,1,non,cotton goods,18103
limeneas des Indes,2,non,cotton goods,18103
limeneas larges,1,non,cotton goods,18103
limes,239,non,out,741295
limes d'acier,95,non,out,741295
limes d'acier et de fer,2,non,out,741295
limes d'acier et fer,4,non,,40052
limes d'Autriche,1,non,out,741295
limes de fer,79,non,out,741295
limes de fer pour l'entrepôt de la Compagnie des Indes,1,non,out,741295
limes en feuilles,1,non,out,741295
limes et râpes à polir dites fines,1,non,out,741295
limes et râpes communes,6,non,out,741295
limes et râpes empaillées,1,non,out,741295
limes et râpes fines,7,non,out,741295
limes grosses,1,non,out,741295
limes petites,1,non,out,741295
limon,63,non,out,741295
limon frais,7,non,out,741295
limon ou citron,5,oui,out,741295
limon salé,47,non,,40052
limon salés,47,oui,out,741295
lin,1495,non,out,741295
lin ???,2,non,out,741295
lin à filer,1,non,out,741295
lin apprêté,13,non,out,741295
lin brut,1,non,out,741295
lin commun,9,non,out,741295
lin cru,624,non,out,741295
lin de Hollande,1,non,out,741295
lin divers,16,non,out,741295
lin du Béarn,5,non,out,741295
lin écru,17,non,out,741295
lin en bottes,4,non,out,741295
lin en car,1,non,out,741295
lin en grosse pliure,1,non,out,741295
lin en pierre,14,non,out,741295
lin en tiges roulées sèches et vertes,3,non,out,741295
lin et pierres,1,non,out,741295
lin et son étoupes,1,non,out,741295
lin non apprêté,4,non,out,741295
lin non battu et vert,56,non,out,741295
lin peigné,635,non,out,741295
lin peigné commun,1,non,,40052
lin peigné en laine,1,non,out,741295
lin préparé,2,non,out,741295
lin prêt à filer,2,non,out,741295
lin sans paille et en potasse,1,non,out,741295
lin sec non roui,23,non,out,741295
lin taillé et étoupes,8,non,out,741295
lin vert roui et non roui,71,non,out,741295
lina,1,non,out,741295
linceuls,5,non,out,741295
linceuls vieux,4,non,out,741295
linge,25,non,out,741295
linge ???,1,non,out,741295
linge à pansements,1,non,out,741295
linge à pansements vieux,5,non,out,741295
linge à papier vieux,3,non,out,741295
linge à serviettes,1,non,out,741295
linge à tapisserie,1,non,out,741295
linge commun à visage d'homme,1,non,out,741295
linge damassé,2,non,out,741295
linge damassé ouvragé et uni,2,non,out,741295
linge de chanvre et de lin damassé en pièce et de table,1,non,out,741295
linge de chanvre et de lin damassé en pièce et de table admis au droit de 5 p. c/o de la valeur par autorisation,1,non,out,741295
linge de chanvre et de lin ouvragé en pièce et de table,2,non,out,741295
linge de lin,1,non,out,741295
linge de lin fin,1,non,out,741295
linge de table,516,non,out,741295
linge de table à nappes,5,non,out,741295
linge de table à serviettes,14,non,out,741295
linge de table canapés,4,non,out,741295
linge de table chemises,1,non,out,741295
linge de table commun,2,non,out,741295
linge de table damassé,6,non,out,741295
linge de table de chanvre et de lin en pièces,2,non,out,741295
linge de table de lin,10,non,out,741295
linge de table de toile,12,non,out,741295
linge de table et serviettes,1,oui,out,741295
linge de table fin,1,non,out,741295
linge de table nappes ouvrées,1,oui,out,741295
linge de table neuf,1,non,out,741295
linge de table ordinaire,1,non,out,741295
linge de table ouvré,25,non,out,741295
linge de table ouvré nappes,1,oui,out,741295
linge de table serviettes ??? nappes,1,non,out,741295
linge de table vieux,1,non,out,741295
linge de toile de lin,2,non,out,741295
linge lessivé,2,non,,40052
linge neuf,2,non,out,741295
linge ouvré de souillé,1,non,out,741295
linge ouvré serviettes,1,oui,out,741295
linge pour papier vieux,2,non,out,741295
linge supporté,5,non,out,741295
linge travaillé,135,non,out,741295
linge uni,2,non,out,741295
linge vieux,135,non,out,741295
linge vieux pour entrepôt,1,non,out,741295
lingerie,178,non,out,741295
lingerie commune,2,non,out,741295
lingerie de chanvre,1,non,out,741295
lingerie de coton,0,non,cotton goods,18103
lingerie de lin,26,non,out,741295
lingerie de lin et de toile guingans,1,oui,out,741295
lingerie de lit et de tables,4,non,out,741295
lingerie de tables,2,non,out,741295
lingerie de toile d'étoupes,1,non,out,741295
lingerie de toile de lin,10,non,out,741295
lingerie de toile de lin guingans,1,non,,40052
lingerie de toutes sortes,6,oui,,40052
lingerie des Indes,1,non,out,741295
lingerie en chanvre,1,non,out,741295
lingerie ouvrée,2,non,out,741295
lingerie pour nègre,1,non,out,741295
lingerie vieille,3,non,out,741295
lingettes,5,non,out,741295
lingots d'or,7,non,out,741295
lingots d'or du Brésil reçus par l'envoi d'Angleterre,1,non,out,741295
lingots d'or venant de Francfort par Strasbourg,1,non,out,741295
lingots de cuivre,1,non,out,741295
lingots de cuivre et planches de cuivre,2,non,out,741295
lingots et monnaies d'argent,2,non,,40052
lingots et monnaies d'or,2,non,,40052
lingots et monnaies étrangères,150,non,out,741295
lingots et monnaies étrangères d'argent et d'or,17,non,out,741295
lingots ou monnaies étrangères d'argent et d'or,14,oui,out,741295
linnieuse,6,non,out,741295
linnieuse de poil,2,non,out,741295
linon,3,oui,out,741295
linon de lin,8,oui,out,741295
lions de faïence,1,non,out,741295
liqueurs,2020,non,out,741295
liqueurs à boire,315,non,out,741295
liqueurs au fiasque,5,non,out,741295
liqueurs communes,42,non,out,741295
liqueurs d'Autriche,1,non,out,741295
liqueurs de bière,1,non,out,741295
liqueurs de côte-rôtie,1,non,out,741295
liqueurs de Dantzig,1,non,out,741295
liqueurs de légumes,1,non,out,741295
liqueurs de Malaga,1,non,out,741295
liqueurs de Marseille,8,non,out,741295
liqueurs de sirop,2,non,out,741295
liqueurs de sirop fin,7,non,,40052
liqueurs de ville,29,non,out,741295
liqueurs distillées,117,non,out,741295
liqueurs diverses,153,non,out,741295
liqueurs en jus de citron,5,non,out,741295
liqueurs en maroquin,1,non,out,741295
liqueurs en sirop,1,non,out,741295
liqueurs en sirop fin,3,non,out,741295
liqueurs et rhum,10,non,out,741295
liqueurs et sirop,182,non,out,741295
liqueurs et sirop fin,37,non,out,741295
liqueurs et sirops,5,oui,,40052
liqueurs fines,5,non,out,741295
liqueurs médicinales,1,non,out,741295
liqueurs rhum,3,non,out,741295
liqueurs sirop,3,non,out,741295
liqueurs sirop fin,19,non,out,741295
liqueurs sirops ou vin étranger,91,non,,40052
lisières,1,non,out,741295
lisières de drap,34,non,out,741295
lisières de velours,4,non,out,741295
lisières et rognures de drap,71,non,out,741295
lisses,1,non,out,741295
lissoirs de verre,1,non,out,741295
listeaux,1,non,out,741295
listeaux de sapin,1,non,out,741295
listonnerie,5,non,out,741295
lit anglais,1,non,,40052
lit d'indienne,3,non,out,741295
lit de bourre,4,non,out,741295
lit de bourre de chèvre,1,non,out,741295
lit de camp,1,non,out,741295
lit de camp de fer,1,non,out,741295
lit de campagne,1,non,out,741295
lit de fer,2,non,out,741295
lit de fil,1,non,out,741295
lit de plume,48,non,out,741295
lit de repos,1,non,out,741295
lit de sangle,1,non,out,741295
lit de satin,0,non,out,741295
lit de satin brodé,4,non,out,741295
lit de satin brodé chantournés,2,oui,out,741295
lit de satin brodé ciels,2,oui,out,741295
lit de satin brodé couvertures,2,oui,out,741295
lit de satin brodé dossiers,2,oui,out,741295
lit de satin brodé grandes pentes,2,oui,out,741295
lit de satin brodé petites,2,oui,out,741295
lit de satin brodé rideaux,2,oui,out,741295
lit de satin brodé tabourets,2,oui,out,741295
lit de satin brodé toilettes,2,oui,out,741295
lit de satin brodé...,1,oui,out,741295
lit de serge garnie,1,non,out,741295
lit de siamoise,1,non,out,741295
lit en 16 pièces,1,non,out,741295
literie,2,non,out,741295
litharge,616,non,out,741295
litharge d'argent et d'or,3,non,out,741295
litharge d'or,32,non,out,741295
litharge dur,1,non,out,741295
litharge jaune ou rouge,3,non,out,741295
litharge pour l'entrepôt,1,non,out,741295
lithium,1,non,out,741295
litières,18,non,out,741295
litières de drap,1,non,out,741295
litrage,1,non,out,741295
livres,77,non,out,741295
livres anglais,1,non,out,741295
livres d'imprimerie,1,non,out,741295
livres de commerce,2,non,out,741295
livres de musique,1,non,out,741295
livres de piété,1,non,out,741295
livres en blanc,43,non,out,741295
livres en blanc et de comptes,1,non,out,741295
livres en feuilles,8,non,out,741295
livres en langue française,5,non,out,741295
livres en langue française et autres ouvrages publiés à l'étranger,1,non,out,741295
livres en langue française imprimés en France,1,non,out,741295
livres en langue française mémoires scientifiques,1,non,out,741295
livres en langue française publiés à l'étranger,1,non,out,741295
livres en langue française réimprimés sur édition françaises,1,non,out,741295
livres en langues étrangères et mortes,1,non,out,741295
livres en langues française et étrangères,2,non,out,741295
livres en langues mortes ou étrangères,6,non,out,741295
livres espagnols,2,non,out,741295
livres estampes et papier,89,non,,40052
livres et registres,1,non,out,741295
livres hébreux,1,non,out,741295
livres imprimés,6,non,out,741295
livres imprimés en France,2,non,out,741295
livres journal en papier blanc,2,non,out,741295
livres non reliés,148,non,out,741295
livres reliés,144,non,out,741295
lizal toile,1,non,out,741295
locrenan,10,non,,40052
locrenan de 50 aunes,2,non,,40052
locronan,14,non,out,741295
locronan pièce de 50 aunes,2,oui,out,741295
lohoria,2,non,out,741295
longs vieux,1,non,out,741295
loques,129,non,out,741295
loriaque,1,non,out,741295
loup marin,1,non,out,741295
loupine,1,non,out,741295
loupins,4,non,out,741295
louveas,2,non,out,741295
lozes,10,non,out,741295
luge,3,non,out,741295
luge en planches,1,non,out,741295
lumières,1,non,out,741295
lunettes,58,non,out,741295
lunettes à charnière d'argent,1,non,out,741295
lunettes d'approche,10,non,out,741295
lunettes d'écaille,2,non,out,741295
lunettes de corne,1,non,out,741295
lunettes de verre,1,non,out,741295
lunettes et microscope,2,non,out,741295
lunettes garnies de corne,1,non,out,741295
luspeck,1,non,out,741295
lustres,182,non,out,741295
lustres d'argent et d'or,1,non,out,741295
lustres de bois doré,1,non,out,741295
lustres de cristal,2,non,out,741295
lustres de cristal et verre,17,non,out,741295
lustres de Venise,67,non,out,741295
lustres vieux,1,non,out,741295
lustrine,12,non,out,741295
luth,5,non,out,741295
luzes,1,non,out,741295
lycopodes,1,non,out,741295
macaron,1,non,out,741295
macaroni,1,non,out,741295
macarons,5,non,out,741295
mâche,1,oui,out,741295
mâchefer,5,non,out,741295
mâches,2,non,,40052
maches de fer,2,non,out,741295
machicot,9,non,out,741295
machine à éteindre le feu,1,non,out,741295
machine à feu,1,non,out,741295
machine à feu pour mine,1,non,out,741295
machine militaire,1,non,out,741295
machine pour fabriquer le tabac,1,non,out,741295
machines et mécaniques,7,non,out,741295
machines pour couper le tabac,1,non,out,741295
macis,92,non,out,741295
macis des entrepôts,0,non,out,741295
Madères,2,non,out,741295
Madras,3,non,cotton goods,18103
Madras mouchoirs,1,non,out,741295
madriers,4,non,out,741295
madriers d'acajou,118,non,out,741295
madriers d'acajou de 10 à 11 pieds,2,non,out,741295
madriers d'acajou de 10 pieds,2,non,out,741295
madriers d'acajou de 11 pieds,2,non,,40052
madriers d'acajou de 12 pieds,3,non,out,741295
madriers d'acajou de 17 pieds,1,non,,40052
madriers d'acajou de 5 pieds,1,non,,40052
madriers d'acajou de 6 à 8 pieds,1,non,out,741295
madriers d'acajou de 6 pieds,3,non,,40052
madriers d'acajou de 7 à 6 pieds,1,non,out,741295
madriers d'acajou de 7 à 8 pieds,1,non,out,741295
madriers d'acajou de 7 pieds,2,non,,40052
madriers d'acajou de 8 à 10 pieds,1,non,out,741295
madriers d'acajou de 8 à 9 pieds,1,non,,40052
madriers d'acajou de 8 pieds,2,non,out,741295
madriers d'acajou de 9 à 10 pieds,1,non,,40052
madriers d'acajou de 9 à 19 pieds,1,oui,,40052
madriers d'acajou de 9 à 8 pieds,1,non,out,741295
madriers d'acajou de 9 pieds,3,non,out,741295
madriers de acajou,15,oui,out,741295
madriers de acajou de 10 à 11 pieds,1,oui,out,741295
madriers de acajou de 10 pieds,1,oui,out,741295
madriers de acajou de 11 pieds,1,oui,out,741295
madriers de acajou de 12 pieds,1,oui,out,741295
madriers de acajou de 5 pieds,1,oui,out,741295
madriers de acajou de 6 pieds,1,oui,out,741295
madriers de acajou de 9 pieds,1,oui,out,741295
madriers de bois,2,non,out,741295
madriers de bois à meuble,2,oui,,40052
madriers de bois d'acajou de 9 à 19 pieds,1,non,,40052
madriers de bois de cayenne,1,non,out,741295
madriers de bois de cèdre,1,non,,40052
madriers de bois de chêne,4,non,,40052
madriers de bois de Chypre,1,non,,40052
madriers de bois de couleur,1,non,out,741295
madriers de bois de férole,1,non,,40052
madriers de bois de tilleul,1,non,,40052
madriers de bois pour meuble,2,oui,,40052
madriers de bois pour meubles,2,non,,40052
madriers de chêne,5,non,out,741295
madriers de chêne de 12 pieds,2,non,out,741295
madriers de chêne de 15 pieds,1,non,out,741295
madriers de chêne de 22 pieds,1,non,out,741295
madriers de chêne de 24 pieds,1,non,out,741295
madriers de chêne de 8 pieds,2,non,out,741295
madriers de gaïac de 9 pieds,1,non,out,741295
madriers de marbre,1,non,out,741295
madriers de merisier,3,non,out,741295
madriers de noyer,10,non,out,741295
madriers de noyer de 10 pieds,1,non,out,741295
madriers de noyer de 15 pieds,1,non,out,741295
madriers de Prusse,1,non,out,741295
madriers de sapin,4,non,out,741295
madriers en planche ou poutrelles,1,non,,40052
maêts de misaine,0,oui,,40052
mages de fer,1,non,out,741295
magnésie,2,non,out,741295
magnol,1,non,out,741295
magots,1,non,out,741295
mahaleb,1,non,out,741295
maiclais,0,non,out,741295
mailles de paille,2,non,,40052
maillicot,11,non,out,741295
maines,1,non,out,741295
maines avec leurs fers,1,non,out,741295
maïs et seigle de Corse grains,1,non,out,741295
maïs et seigle farine,5,non,out,741295
maïs et seigle grains,5,non,out,741295
maïs gros,2,non,,40052
malbroug,5,non,out,741295
malemole,9,non,cotton goods,18103
malemole de 12 aunes,1,non,cotton goods,18103
malemole dome,1,non,cotton goods,18103
malles,16,non,out,741295
malles ???,1,non,out,741295
malles d'étoffe d'or,1,oui,out,741295
malles d'étoffe or,1,non,,40052
malles de cuir,3,non,out,741295
malles et valises et coffres,38,non,out,741295
malles travaillées,9,non,out,741295
malles vides,1,non,out,741295
mallettes travaillées,1,non,out,741295
mallons,1,non,out,741295
mallons ???,1,non,out,741295
mallons de brique,1,non,out,741295
malreaux,3,non,out,741295
malt,3,non,out,741295
mambres de chêne de 10 pieds,1,non,out,741295
mamoudis,1,non,out,741295
mana,0,non,out,741295
manades,1,non,out,741295
manche de gaffe de 11 centimètre inclusivement à 15 exclusivement,2,non,out,741295
manche de gaffe de 6 à 11 centimètres,2,non,out,741295
manche de gaffe de 6 centimètres inclusivement à 11 exclusivement,2,non,out,741295
manches à balais,11,non,out,741295
manches à lave-place,10,non,out,741295
manches brodées,3,non,out,741295
manches d'alènes,1,non,out,741295
manches de bois blanc,1,non,out,741295
manches de bois de gaffes,11,non,out,741295
manches de bois pour brosse,1,non,out,741295
manches de brosses,1,non,out,741295
manches de café,2,non,out,741295
manches de couteau,1,non,out,741295
manches de couteau de bois,1,non,out,741295
manches de fouets,1,non,out,741295
manches de gaffes,92,non,out,741295
manches de gaffes de 11 à 15 centimètres,1,non,out,741295
manches de gaffes de 12 pieds,1,non,out,741295
manches de gaffes de 14 à 16 pieds,1,non,out,741295
manches de gaffes de 18 pieds,1,non,out,741295
manches de gaffes et livardes,1,non,out,741295
manches de mail,26,non,out,741295
manches de pelles,2,non,,40052
manches de pinceau,1,non,out,741295
manches de sapin,1,non,out,741295
manches pour fourches et pour balais,2,non,out,741295
manches pour pioches,5,non,out,741295
manchettes,9,non,out,741295
manchettes brodée,157,non,out,741295
manchettes d'acier,1,non,out,741295
manchettes d'or,1,non,out,741295
manchettes de batiste,1,non,out,741295
manchettes de coton,2,non,cotton goods,18103
manchettes de dentelle,23,non,out,741295
manchettes de mousseline,3,non,out,741295
manchettes de mousseline brodée,1,non,out,741295
manchettes et mouchoirs brodés,14,non,out,741295
manchettes et mouchoirs de mousseline,6,non,out,741295
manchons,69,non,out,741295
manchons communs,86,non,out,741295
manchons de chèvre angora,1,non,,40052
manchons de grèbe,1,non,,40052
manchons de laine,3,non,out,741295
manchons de loup et d'ours,3,non,,40052
manchons de martre,29,non,out,741295
manchons de peau de grèbe,1,oui,out,741295
manchons de peau de loup et d'ours,3,oui,out,741295
manchons de plume,29,non,out,741295
manchons de prix,1,non,out,741295
manchons de renard,3,non,out,741295
manchons de tigre,4,non,out,741295
manchons de velours,1,non,out,741295
manchons et platines,1,non,out,741295
manchons façon de martre,1,non,out,741295
manchons fins,1,non,out,741295
manchons pour femme,1,non,out,741295
mandarine,11,non,out,741295
mandes et berces d'osier,98,non,out,741295
mandragore,1,non,out,741295
manelle en grabeau,1,non,,40052
maneque,1,non,out,741295
manganèse,42,non,out,741295
mangarbine,2,non,out,741295
manicot,4,non,out,741295
maniguette,88,non,out,741295
manille,4,non,out,741295
manilles en bracelets de cuivre,1,non,,40052
manivelles,1,non,out,741295
manivelles de fer,1,non,out,741295
manne,1015,non,out,741295
manne d'osier,1,non,out,741295
manne de Calabre,103,non,out,741295
manne fine,1,non,out,741295
manne vide,1,non,out,741295
mannequins,2,non,out,741295
manœuvre en grelin,1,non,out,741295
manoudis,1,non,out,741295
manouf,1,non,out,741295
mansonque brodé,1,non,out,741295
manteaux,11,non,out,741295
manteaux à nègre,2,non,out,741295
manteaux courts,1,non,out,741295
manteaux d'écarlate,2,non,out,741295
manteaux d'écarlate brodés d'or et d'argent,1,non,out,741295
manteaux de drap,1,non,out,741295
manteaux galonnés,3,non,out,741295
manteaux unis,1,non,,40052
manteaux vieux,2,non,out,741295
mantelets,10,non,out,741295
mantelets courts,4,non,out,741295
mantelets de drap écarlate,1,non,out,741295
mantelets de soie,3,non,out,741295
mantelets écarlates,1,non,,40052
mantelets pour femme,1,non,out,741295
mantes,1,non,out,741295
mantilles d'écarlate brodées d'or,1,non,out,741295
maquereaux,65,non,out,741295
maquereaux frais,2,non,out,741295
maquereaux salés,49,non,out,741295
maquereaux salés ou marinés,1,non,out,741295
maquet,84,non,out,741295
marbre,244,non,out,741295
marbre à broyer,1,non,out,741295
marbre à jouer,71,non,out,741295
marbre à marbrer couleurs,1,non,out,741295
marbre bâtard,0,non,out,741295
marbre bille,2,non,out,741295
marbre blanc,3,non,out,741295
marbre brun,12,non,out,741295
marbre brut,256,non,out,741295
marbre brut en morceaux,1,non,out,741295
marbre brut en pierres,47,non,out,741295
marbre brut équarri en marbre statuaire ébauché,7,non,out,741295
marbre brut et ouvré,1,non,out,741295
marbre chique,2,non,out,741295
marbre de Calabre,1,non,out,741295
marbre en blocs,112,non,out,741295
marbre en carreaux,3,non,out,741295
marbre en pièces,1,non,out,741295
marbre en pierre,25,non,out,741295
marbre en sable,1,non,out,741295
marbre et mortiers,3,non,out,741295
marbre mortiers,4,non,out,741295
marbre moulé poli ou sculpté,7,non,out,741295
marbre noir travaillé,3,non,out,741295
marbre relevé,1,non,,40052
marbre rond,1,non,out,741295
marbre rouge et gris,5,non,out,741295
marbre scié sans autre main-d'œuvre ayant d'épaisseur 10 centimètres et plus,1,non,out,741295
marbre scié sans autre main-d'œuvre ayant d'épaisseur 16 centimètres et plus,2,non,out,741295
marbre scié sans autre main-d'œuvre ayant d'épaisseur moins de 10 centimètres,1,non,out,741295
marbre scié sans autre main-d'œuvre ayant d'épaisseur moins de 16 centimètres,3,non,out,741295
marbre travaillé,221,non,out,741295
marc d'olive,275,non,out,741295
marc de brede,1,non,,40052
marc de raisin,9,non,out,741295
marcassin,2,non,out,741295
marcassite,4,non,out,741295
marchandises,9178,non,out,741295
marchandises (sauf blé et grains),2,non,,40052
marchandises à l'estimation,1000,non,out,741295
marchandises anglaises,2,non,,40052
marchandises blanches,28,non,out,741295
marchandises blanches ???,2,non,out,741295
marchandises blanches de la Compagnie des Indes,4,non,out,741295
marchandises coloniales,1,non,,40052
marchandises coloniales pour ré-exportation,1,non,,40052
marchandises de Chine,37,non,,40052
marchandises de détail,1,non,out,741295
marchandises de Flandre,2,non,out,741295
marchandises de foire,2,non,,40052
marchandises de fonte,1,non,,40052
marchandises de l'Inde,1,non,out,741295
marchandises de la compagnie des Indes,1,non,out,741295
marchandises de la Côte,2,non,out,741295
marchandises de la foire de Beaucaire,85,non,,40052
marchandises de la foire de retour,2,non,,40052
marchandises de la vente,1,non,,40052
marchandises de Marseille,1,non,,40052
marchandises de modes,148,non,out,741295
marchandises de Montauban,27,non,out,741295
marchandises de Paris,1,non,out,741295
marchandises de retour,7,non,out,741295
marchandises des Îles,309,non,,40052
marchandises des Indes,10,non,out,741295
marchandises des Indes en petits articles,1,non,out,741295
marchandises des prises,2,non,out,741295
marchandises dont le plus fort article n'excède pas 10000 livres,15,non,out,741295
marchandises en articles de moindre importance,21,non,out,741295
marchandises exportées par les port et pays du royaume traités comme étrangers,8,non,out,741295
marchandises hors espèces,45,non,out,741295
marchandises mêlées des prises anglaises,1,non,out,741295
marchandises non classifiées,0,non,out,741295
marchandises permises,51,non,,40052
marchandises pour Cherbourg,1,non,,40052
marchandises pour la traite,5,non,,40052
marchandises prises à Cette,1,non,,40052
marchandises prohibées,24,non,out,741295
marchandises provenant d'un naufrage,3,non,,40052
marchandises sèches,29,non,out,741295
marchandises sèches comme toiles chapeaux bas souliers,2,non,,40052
marchandises sèches et mercerie,16,non,,40052
marchandises sèches mercerie et quincaillerie,1,non,,40052
marchandises susceptibles,1,non,,40052
marchandises venant de l'étranger pour être réexportées aux colonies françaises principalement en armes fer en barres toile Guinée viande salée etc.,10,non,out,741295
marche de fer blanche,1,oui,out,741295
marche de fer-blanc,1,non,,40052
marche de pierre de grison,1,non,out,741295
marcottes d'œillets,1,non,out,741295
maréchauderie,4,non,out,741295
marée,1,non,out,741295
marée fraiche,6,non,out,741295
marègue,47,non,out,741295
mares,2,non,out,741295
mares divers,5,non,out,741295
marete,1,non,out,741295
mareule,2,non,out,741295
marine,1,non,out,741295
marine d'alizari,1,non,out,741295
marinouttes,2,non,out,741295
marjolaine,2,non,out,741295
marle,82,non,out,741295
Marly,3,non,out,741295
Marly broché,2,non,out,741295
Marly de fil,3,non,out,741295
Marly de soie,2,non,out,741295
Marly plâtrée,1,non,out,741295
marmelade,6,non,out,741295
marmites,170,non,out,741295
marmites de composition,1,non,out,741295
marmites de cuivre,6,non,out,741295
marmites de fer,147,non,out,741295
marmites de fer coulé,2,non,out,741295
marmites de fer de fonte,7,non,out,741295
marmites de fer grandes,1,non,out,741295
marmites de fer moyennes,1,non,out,741295
marmites de fer petites,1,non,out,741295
marmites de feu,1,non,out,741295
marmites de fonte,4,non,out,741295
marmites de potier,1,non,out,741295
marmites en fer,282,non,out,741295
marmondis,1,non,,40052
marne,19,non,out,741295
Maroc,54,oui,out,741295
Maroc aune,1,oui,out,741295
Maroc de laine,2,oui,out,741295
Maroc raz de marron,1,oui,out,741295
Maroc teint de douzaine,2,oui,out,741295
maronic,1,non,out,741295
maroquin,19,non,,40052
maroquin et peaux tannés,67,non,,40052
maroquin et peaux tannés mortiers de marbre,1,non,,40052
maroquins,19,oui,out,741295
marques,1,non,,40052
marquise,1,non,out,741295
marraye,2,non,out,741295
marregues,22,non,out,741295
marrons,144,non,out,741295
marrons crus,1,non,out,741295
marrons secs,3,non,out,741295
marseille,0,non,out,741295
marsouin,2,non,out,741295
marteaux,3,non,out,741295
marteaux d'ouvriers,1,non,,40052
marteaux de forge,3,non,out,741295
martinet de fer,3,non,out,741295
martinets à tonnelier,1,non,out,741295
martre,0,non,out,741295
marue,2,non,out,741295
masques,117,non,out,741295
masques communs,3,non,out,741295
masques de cire,1,non,out,741295
masques de Venise,24,non,out,741295
masques fins,5,non,out,741295
massepain,3,non,out,741295
masses,2,non,out,741295
masses de bois,1,non,out,741295
masses de coton,27,non,raw cotton,3133
masses de cuivre,13,non,out,741295
masses de cuivre rouge pour être raffiné,3,non,out,741295
masses de fer,11,non,out,741295
masses de lin,145,non,out,741295
masses de mail,3,non,out,741295
massicot,47,non,out,741295
massicot citron,1,non,out,741295
massicot fond d'or,1,non,out,741295
massicot jonquille,1,non,out,741295
massie,1,oui,out,741295
massis,2,oui,out,741295
massy,1,oui,out,741295
mastaquy,1,non,out,741295
mastic,136,non,out,741295
mastic en larmes,9,non,out,741295
mastie,1,non,out,741295
mastrre,1,non,out,741295
masulipatan,5,non,cotton goods,18103
mateaux,1,non,out,741295
matelas,130,non,out,741295
matelas de coton,1,non,cotton goods,18103
matelas de crin,3,non,out,741295
matelas de crin et de noppes,1,non,out,741295
matelas de laine,129,non,out,741295
matelas de lit,1,non,out,741295
matelas de toile de coton et de fil,1,non,cotton goods,18103
matelas vieux,1,non,out,741295
matelot,3,non,,40052
matelot ligurien,1,non,,40052
matelots,1,oui,,40052
mâtereaux,168,non,out,741295
mâtereaux à barques,1,non,out,741295
mâtereaux communs,1,non,,40052
mâtereaux communs de 30 pieds,1,non,out,741295
mâtereaux d'acajou de 7 à 8 pieds,1,non,out,741295
mâtereaux de 11 à 13 palmes,1,non,out,741295
mâtereaux de 12 palmes,1,non,out,741295
mâtereaux de 12 pieds,1,non,out,741295
mâtereaux de 14 palmes,1,non,out,741295
mâtereaux de 14 pieds,1,non,out,741295
mâtereaux de 15 à 20 pieds,1,non,out,741295
mâtereaux de 16 à 18 pieds,1,non,out,741295
mâtereaux de 16 pieds,1,non,out,741295
mâtereaux de 18 à 19 pieds,1,non,out,741295
mâtereaux de 18 pieds,2,non,,40052
mâtereaux de 19 pieds,1,non,out,741295
mâtereaux de 20 à 22 pieds,1,non,out,741295
mâtereaux de 20 à 24 pieds,1,non,out,741295
mâtereaux de 20 pieds,2,non,out,741295
mâtereaux de 22 à 26 pieds,1,non,out,741295
mâtereaux de 22 pieds,3,non,out,741295
mâtereaux de 24,1,non,out,741295
mâtereaux de 24 pieds,2,non,,40052
mâtereaux de 24 pieds 6 pouces,1,non,out,741295
mâtereaux de 25 à 28 pieds,1,non,out,741295
mâtereaux de 25 à 30 pieds,10,non,out,741295
mâtereaux de 25 à 40 centimètres,1,non,out,741295
mâtereaux de 25 centimètres à 40,2,non,out,741295
mâtereaux de 25 centimètres inclusivement à 40 exclusivement,5,non,out,741295
mâtereaux de 25 pieds,5,non,out,741295
mâtereaux de 26 à 28 pieds,1,non,out,741295
mâtereaux de 26 à 30 pieds,1,non,out,741295
mâtereaux de 26 à 36 pieds,1,non,,40052
mâtereaux de 26 pieds,3,non,,40052
mâtereaux de 27 pieds,1,non,out,741295
mâtereaux de 28 à 30 pieds,2,non,out,741295
mâtereaux de 28 pieds,2,non,out,741295
mâtereaux de 30 à 32 pieds,2,non,out,741295
mâtereaux de 30 à 34 pieds,1,non,out,741295
mâtereaux de 30 à 35 pieds,1,non,out,741295
mâtereaux de 30 à 36 pieds,3,non,out,741295
mâtereaux de 30 à 40 pieds,2,non,out,741295
mâtereaux de 30 à 50 pieds,1,non,,40052
mâtereaux de 30 ou 40 pieds,1,non,,40052
mâtereaux de 30 pieds,12,non,out,741295
mâtereaux de 32 à 33 pieds,1,non,out,741295
mâtereaux de 32 à 34 pieds,1,non,out,741295
mâtereaux de 32 à 36 pieds,1,non,,40052
mâtereaux de 32 pieds,4,non,out,741295
mâtereaux de 33 pieds,2,non,out,741295
mâtereaux de 34 à 36 pieds,1,non,out,741295
mâtereaux de 34 pieds,4,non,out,741295
mâtereaux de 35 à 37 pieds,1,non,out,741295
mâtereaux de 35 à 40 pieds,1,non,out,741295
mâtereaux de 35 à 45 pieds,1,non,out,741295
mâtereaux de 35 pieds,8,non,out,741295
mâtereaux de 36 à 37 pieds,1,non,,40052
mâtereaux de 36 à 38 pieds,2,non,out,741295
mâtereaux de 36 à 45 pieds,1,non,out,741295
mâtereaux de 36 pieds,8,non,out,741295
mâtereaux de 36 pieds 9 pouces,1,non,out,741295
mâtereaux de 37 à 38 pieds,1,non,out,741295
mâtereaux de 38 à 40 pieds,1,non,,40052
mâtereaux de 38 pieds,4,non,out,741295
mâtereaux de 40 à 44 pieds,1,non,out,741295
mâtereaux de 40 à 45 pieds,2,non,out,741295
mâtereaux de 40 à 50 pieds,2,non,,40052
mâtereaux de 40 à 60 pieds,1,non,,40052
mâtereaux de 40 ou 45 pieds,1,non,,40052
mâtereaux de 40 pieds,12,non,out,741295
mâtereaux de 42 à 47 pieds,1,non,out,741295
mâtereaux de 42 pieds,2,non,,40052
mâtereaux de 43 pieds,1,non,,40052
mâtereaux de 44 pieds,3,non,,40052
mâtereaux de 45 à 50 pieds,2,non,out,741295
mâtereaux de 45 ou 50 pieds,1,non,,40052
mâtereaux de 45 pieds,6,non,out,741295
mâtereaux de 46 à 60 pieds,1,non,out,741295
mâtereaux de 46 pieds,1,non,,40052
mâtereaux de 47 à 48 pieds,1,non,out,741295
mâtereaux de 47 à 49 pieds,1,non,out,741295
mâtereaux de 48 à 50 pieds,1,non,out,741295
mâtereaux de 48 pieds,3,non,out,741295
mâtereaux de 50 à 55 pieds,2,non,out,741295
mâtereaux de 50 pieds,1,non,,40052
mâtereaux de 54 à 60 pieds,1,non,out,741295
mâtereaux de 54 pieds,3,non,,40052
mâtereaux de 55 pieds,3,non,,40052
mâtereaux de 6 à 7 pieds,1,non,out,741295
mâtereaux de 60 pieds,4,non,out,741295
mâtereaux de 62 pieds,1,non,,40052
mâtereaux de 7 à 11 palmes,1,non,out,741295
mâtereaux de 7 à 13 palmes,1,non,out,741295
mâtereaux de 7 à 9 palmes,1,non,out,741295
mâtereaux de 80 pieds,1,non,,40052
mâtereaux de 9 à 12 palmes,1,non,out,741295
mâtereaux de bois,3,non,out,741295
mâtereaux de chaloupe,1,non,out,741295
mâtereaux de différente longueur,2,non,out,741295
mâtereaux de sapin,6,non,out,741295
mâtereaux de sapin de 14 à 15 pieds,1,non,,40052
mâtereaux de sapin de 20 pieds,1,non,out,741295
mâtereaux de sapin de 25 à 28 pieds,1,non,,40052
mâtereaux de sapin de 25 à 40 pieds,1,non,,40052
mâtereaux de sapin de 25 pieds,1,non,out,741295
mâtereaux de sapin de 28 pieds,1,non,out,741295
mâtereaux de sapin de 30 à 40 pieds,1,non,,40052
mâtereaux de sapin de 30 pieds,2,non,out,741295
mâtereaux de sapin de 44 pieds,1,non,,40052
mâtereaux de sapin de 47 à 50 pieds,1,non,,40052
mâtereaux et mâts,1,non,out,741295
mâtereaux petits,3,non,out,741295
matériaux,3,non,out,741295
matériaux de bois,9,non,out,741295
matériaux de construction,101,non,out,741295
matériaux de sapin,2,non,out,741295
matériaux moellons sable etc.,3,non,out,741295
matériaux pour la rade,168,non,,40052
matériaux pour la rade du roi,5,non,,40052
matériaux pour le havre,3,non,,40052
matériel de ménage,4,oui,,40052
matières de verre composées,1,non,out,741295
matières grasses pour la fabrication du sel d'ammoniac,1,non,,40052
matières minérales,2,non,out,741295
matières premières,105,non,out,741295
matis,1,non,out,741295
matocaux,1,non,out,741295
mats,1,oui,,40052
mâts,1489,non,out,741295
mâts à bateau,2,non,out,741295
mâts à chaloupe,13,non,out,741295
mâts à chaloupe de 15 à 25 pieds,1,non,,40052
mâts assortis,17,non,out,741295
mâts au-dessous de 6 paumes,1,non,out,741295
mâts bouts de 3 à 4 pieds,1,non,out,741295
mâts communs,6,non,out,741295
mâts communs de 50 pieds,1,non,out,741295
mâts de 12 à 13 palmes,1,non,out,741295
mâts de 13 à 20 palmes,1,non,out,741295
mâts de 13 à 25 palmes,1,non,out,741295
mâts de 14 palmes,1,non,out,741295
mâts de 16 à 18 pieds,1,non,out,741295
mâts de 18 pieds,1,non,out,741295
mâts de 20 à 25 palmes,1,non,out,741295
mâts de 20 à 30 pieds,1,non,out,741295
mâts de 20 pieds,1,non,out,741295
mâts de 24 a 30,1,non,out,741295
mâts de 24 pieds,1,non,out,741295
mâts de 25 palmes,1,non,out,741295
mâts de 25 pieds,1,non,,40052
mâts de 28 à 32 pieds,1,non,out,741295
mâts de 30 à 36 pieds,1,non,,40052
mâts de 30 à 40 pieds,1,non,out,741295
mâts de 30 pieds,7,non,out,741295
mâts de 31 à 36 pieds,1,non,out,741295
mâts de 32 pieds,1,non,,40052
mâts de 33 à 43 pieds,1,non,out,741295
mâts de 35 à 40 pieds,1,non,out,741295
mâts de 35 à 45 pieds,1,non,out,741295
mâts de 36 à 38 pieds,1,non,out,741295
mâts de 38 à 40 pieds à barque,1,non,out,741295
mâts de 39 à 40 pieds,1,non,out,741295
mâts de 4 paumes,1,non,out,741295
mâts de 40 à 45 pieds,4,non,out,741295
mâts de 40 à 50 pieds,3,non,out,741295
mâts de 40 à 70 pieds,0,non,out,741295
mâts de 40 centimètres de diamètre et au-dessus,7,non,out,741295
mâts de 40 ou 42 pieds,1,non,,40052
mâts de 40 pieds,3,non,out,741295
mâts de 42 à 48 pieds,2,non,out,741295
mâts de 45 à 50 pieds,2,non,out,741295
mâts de 45 pieds,6,non,out,741295
mâts de 48 à 50 pieds,2,non,out,741295
mâts de 50 à 52 pieds,1,non,out,741295
mâts de 50 à 53 pied,1,non,out,741295
mâts de 50 à 55 pieds,2,non,out,741295
mâts de 50 à 56 pieds,1,non,out,741295
mâts de 50 à 60 pieds,2,non,out,741295
mâts de 50 à 80 pieds,1,non,,40052
mâts de 50 ou 60 pieds,1,non,,40052
mâts de 50 pieds,5,non,out,741295
mâts de 52 à 55 pieds,1,non,out,741295
mâts de 52 pieds,1,non,,40052
mâts de 55 à 56 pieds,1,non,out,741295
mâts de 55 à 60 pieds,2,non,out,741295
mâts de 55 ou 60 pieds,1,non,,40052
mâts de 55 pieds,1,non,out,741295
mâts de 56 pieds,1,non,out,741295
mâts de 59 à 60 pieds,1,non,out,741295
mâts de 6 à 9 palmes,1,non,out,741295
mâts de 60 à 63 pieds,1,non,,40052
mâts de 60 à 65 pieds,2,non,out,741295
mâts de 60 à 66 pieds,1,non,out,741295
mâts de 60 à 70 pieds,2,non,out,741295
mâts de 60 à 80 pieds,1,non,out,741295
mâts de 60 pieds,1,non,out,741295
mâts de 66 à 55 pieds,1,non,out,741295
mâts de 66 à 70 pieds,1,non,out,741295
mâts de 66 à 72 pieds,1,non,out,741295
mâts de 66 pieds,1,non,out,741295
mâts de 68 à 70 pieds,1,non,out,741295
mâts de 68 pieds de long,1,non,out,741295
mâts de 7 pouces de diamètre,0,non,out,741295
mâts de 70 pieds,1,non,out,741295
mâts de 72 pieds,1,non,out,741295
mâts de 75 à 78 pieds,1,non,out,741295
mâts de barque,1,non,out,741295
mâts de beauprés,5,non,out,741295
mâts de beauprés de 35 pieds,1,non,out,741295
mâts de beauprés de 38 pieds,1,non,out,741295
mâts de beauprés de 40 pieds,1,non,out,741295
mâts de beauprés de 42 à 45 pieds,1,non,out,741295
mâts de bois petits,2,non,out,741295
mâts de chaloupe,12,oui,out,741295
mâts de chêne,2,non,out,741295
mâts de diverse grandeur,3,non,out,741295
mâts de drapeaux,13,non,out,741295
mâts de hune,1,non,out,741295
mâts de misaine,0,non,,40052
mâts de navire,6,non,out,741295
mâts de navire de 10 palmes,2,non,out,741295
mâts de navire de 11 à 18 palmes,0,non,out,741295
mâts de navire de 12 palmes,2,non,out,741295
mâts de navire de 12 paumes de diamètre,1,non,out,741295
mâts de navire de 18 pieds,1,non,out,741295
mâts de navire de 22 pieds,1,non,out,741295
mâts de navire de 24 pieds,1,non,out,741295
mâts de navire de 25 pieds,1,non,out,741295
mâts de navire de 27 à 30 pieds,2,non,out,741295
mâts de navire de 27 pieds,2,non,out,741295
mâts de navire de 28 à 31 pieds,1,non,out,741295
mâts de navire de 30 à 36 pieds,2,non,,40052
mâts de navire de 30 pieds,11,non,out,741295
mâts de navire de 34 pieds,2,non,out,741295
mâts de navire de 35 pieds,3,non,out,741295
mâts de navire de 36 pieds,3,non,out,741295
mâts de navire de 38 à 40 pieds,1,non,,40052
mâts de navire de 38 pieds,2,non,out,741295
mâts de navire de 40 pieds,9,non,out,741295
mâts de navire de 42 à 65 pieds,1,non,,40052
mâts de navire de 42 pieds,1,non,out,741295
mâts de navire de 45 pieds,8,non,out,741295
mâts de navire de 46 pieds,2,non,out,741295
mâts de navire de 48 pieds,1,non,out,741295
mâts de navire de 49 pieds,1,non,out,741295
mâts de navire de 50 pieds,18,non,out,741295
mâts de navire de 52 pieds,1,non,out,741295
mâts de navire de 54 pieds,1,non,,40052
mâts de navire de 55 pieds,11,non,out,741295
mâts de navire de 56 pieds,1,non,out,741295
mâts de navire de 58 pieds,1,non,out,741295
mâts de navire de 6 palmes,1,non,out,741295
mâts de navire de 60 pieds,10,non,out,741295
mâts de navire de 61 pieds,1,non,out,741295
mâts de navire de 65 pieds,3,non,out,741295
mâts de navire de 66 pieds,1,non,out,741295
mâts de navire de 69 pieds,1,non,out,741295
mâts de navire de 7 palmes,1,non,out,741295
mâts de navire de 7 paumes,1,non,out,741295
mâts de navire de 70 pieds,2,non,out,741295
mâts de navire de 76 pieds,1,non,out,741295
mâts de navire de 78 pieds,1,non,out,741295
mâts de navire de 8 palmes,2,non,out,741295
mâts de navire de 8 pieds,1,non,out,741295
mâts de navire de 80 pieds,1,non,out,741295
mâts de navire de 9 palmes,1,non,out,741295
mâts de navire et mâtereaux de 24 à 25 pieds,1,non,,40052
mâts de navire et mâtereaux de 30 pieds,1,non,,40052
mâts de navire et mâtereaux de 46 pieds,1,non,,40052
mâts de navire et mâtereaux de 48 pieds,1,non,,40052
mâts de navire et mâtereaux de 54 pieds,1,non,,40052
mâts de navire moyens,1,non,out,741295
mâts de navire petits,1,non,out,741295
mâts de passementerie,2,non,out,741295
mâts de petit navire,1,non,out,741295
mâts de sapin,42,non,out,741295
mâts de sapin à bateau,0,non,out,741295
mâts de sapin de 10 à 11 pieds,0,non,out,741295
mâts de sapin de 10 à 17 palmes,0,non,out,741295
mâts de sapin de 10 palmes,1,non,out,741295
mâts de sapin de 11 palmes,1,non,out,741295
mâts de sapin de 12 à 14 paumes,2,non,out,741295
mâts de sapin de 12 à 16 palmes,0,non,out,741295
mâts de sapin de 12 à 16 paumes,11,non,out,741295
mâts de sapin de 12 palmes,1,non,out,741295
mâts de sapin de 12 paumes de diamètre,1,non,out,741295
mâts de sapin de 13 à 11 pieds,1,non,,40052
mâts de sapin de 13 à 15 palmes,0,non,out,741295
mâts de sapin de 14 paumes,45,non,out,741295
mâts de sapin de 14 pieds de long et de 3 pieds de diamètre,1,non,out,741295
mâts de sapin de 15 à 17 pouces de diamètre,0,non,out,741295
mâts de sapin de 15 à 20 palmes,0,non,out,741295
mâts de sapin de 15 palmes,1,non,out,741295
mâts de sapin de 16 à 17 paumes de diamètre,1,non,out,741295
mâts de sapin de 16 paumes,5,non,out,741295
mâts de sapin de 20 palmes,0,non,out,741295
mâts de sapin de 20 pieds de long et de 3 pieds de diamètre,2,non,out,741295
mâts de sapin de 24 à 25 pieds de long et de 4 à 5 pieds de diamètre,1,non,out,741295
mâts de sapin de 24 pieds,1,non,out,741295
mâts de sapin de 25 à 30 pieds,1,non,out,741295
mâts de sapin de 25 à 34 pieds,1,non,out,741295
mâts de sapin de 26 pieds de long et de 4 pieds de diamètre,1,non,out,741295
mâts de sapin de 28 pieds de long et de 4 pieds de diamètre,2,non,out,741295
mâts de sapin de 3 paumes,31,non,out,741295
mâts de sapin de 30 pieds,2,non,out,741295
mâts de sapin de 30 pieds à 40 pieds de long et de 9 pieds de diamètre,1,non,out,741295
mâts de sapin de 30 pieds de long et de 10 pieds de diamètre,1,non,out,741295
mâts de sapin de 30 pieds de long et de 3 pieds de diamètre,2,non,out,741295
mâts de sapin de 30 pieds de long et de 6 à 8 pieds de diamètre,1,non,out,741295
mâts de sapin de 30 pieds de long et de 6 pieds de diamètre,1,non,out,741295
mâts de sapin de 30 pieds de long et de 9 pieds de diamètre,1,non,out,741295
mâts de sapin de 35 pieds,1,non,out,741295
mâts de sapin de 36 pieds,2,non,out,741295
mâts de sapin de 36 pieds de long et de 5 pieds de diamètre,1,non,out,741295
mâts de sapin de 36 pieds de long et de 6 pieds de diamètre,1,non,out,741295
mâts de sapin de 36 pieds de long et de 7 pieds de diamètre,1,non,out,741295
mâts de sapin de 37 pieds de long et de 6 pieds de diamètre,1,non,out,741295
mâts de sapin de 38 à 40 pieds de long et de 7 pieds de diamètre,1,non,out,741295
mâts de sapin de 38 pieds de long et de 6 pieds de diamètre,1,non,out,741295
mâts de sapin de 38 pieds de long et de 7 pieds de diamètre,1,non,out,741295
mâts de sapin de 4 à 8 paumes,60,non,out,741295
mâts de sapin de 40 à 50 pieds,1,non,,40052
mâts de sapin de 40 pieds,1,non,out,741295
mâts de sapin de 40 pieds de long et de 10 pieds de diamètre,2,non,out,741295
mâts de sapin de 40 pieds de long et de 11 pieds de diamètre,1,non,out,741295
mâts de sapin de 40 pieds de long et de 12 pieds de diamètre,1,non,out,741295
mâts de sapin de 40 pieds de long et de 18 pieds de diamètre,1,non,out,741295
mâts de sapin de 40 pieds de long et de 6 pieds de diamètre,1,non,out,741295
mâts de sapin de 42 à 40 pieds,1,non,,40052
mâts de sapin de 42 pieds de long et de 11 pieds de diamètre,1,non,out,741295
"mâts de sapin de 44 pieds de long et de 13,5 pieds de diamètre",1,non,out,741295
mâts de sapin de 45 à 50 pieds de long et de 15 pieds de diamètre,1,non,out,741295
mâts de sapin de 45 pieds,2,non,out,741295
mâts de sapin de 45 pieds de long et de 4 pieds de diamètre,1,non,out,741295
mâts de sapin de 45 pieds de long et de 7 à 8 pieds de diamètre,1,non,out,741295
mâts de sapin de 45 pieds de long sans mention de diamètre,1,non,out,741295
mâts de sapin de 46 pieds de long et de 12 pieds de diamètre,1,non,out,741295
mâts de sapin de 48 pieds,0,non,out,741295
mâts de sapin de 48 pieds de long et de 6 à 7 pieds de diamètre,1,non,out,741295
mâts de sapin de 48 pieds de long et de 8 pieds de diamètre,1,non,out,741295
mâts de sapin de 48 pieds de long et de 9 pieds de diamètre,1,non,out,741295
mâts de sapin de 5 palmes,1,non,out,741295
mâts de sapin de 5 paumes,3,non,out,741295
mâts de sapin de 50 à 55 pieds,1,non,out,741295
mâts de sapin de 50 pieds,4,non,out,741295
mâts de sapin de 50 pieds de long et de 10 à 12 pieds de diamètre,1,non,out,741295
mâts de sapin de 50 pieds de long et de 16 pieds de diamètre,1,non,out,741295
mâts de sapin de 54 pieds,1,non,,40052
mâts de sapin de 54 pieds de long et de 15 pieds de diamètre,1,non,out,741295
mâts de sapin de 54 pieds de long et de 16 pieds de diamètre,1,non,out,741295
mâts de sapin de 55 pieds,3,non,out,741295
mâts de sapin de 6 à 7 paumes de grosseur,1,non,out,741295
mâts de sapin de 6 palmes,1,non,out,741295
mâts de sapin de 60 à 70 pieds,1,non,,40052
mâts de sapin de 60 pieds,1,non,out,741295
mâts de sapin de 60 pieds de long et 5 pieds de diamètre,0,non,out,741295
mâts de sapin de 60 pieds de long et de 10 pieds de diamètre,1,non,out,741295
mâts de sapin de 60 pieds de long et de 12 pieds de diamètre,1,non,out,741295
mâts de sapin de 7 palmes,1,non,out,741295
mâts de sapin de 78 pieds,0,non,out,741295
mâts de sapin de 8 à 12 paumes,45,non,out,741295
mâts de sapin de 9 palmes,1,non,out,741295
mâts de sapin et vergues de sapin,0,non,out,741295
mâts de sapin gros,0,non,out,741295
mâts de sapin moyens,1,non,out,741295
mâts de vaisseaux,22,non,out,741295
mâts de vaisseaux assortis,1,non,out,741295
mâts de vaisseaux beaupré,0,non,out,741295
mâts de vaisseaux de 71 pieds,0,non,out,741295
mâts de vaisseaux de chêne,0,non,out,741295
mâts de vaisseaux de misenne,0,oui,out,741295
mâts doubles,1,non,out,741295
mâts en dessous de 8 paumes,5,non,out,741295
mâts espars,0,non,out,741295
mâts et espars de bois,2,non,out,741295
mâts et mâtereaux,2,non,,40052
mâts et mâtereaux de 16 à 23 pieds,1,non,,40052
mâts et mâtereaux de 17 pieds,1,non,,40052
mâts et mâtereaux de 20 à 25 pieds,1,non,,40052
mâts et mâtereaux de 20 à 30 pieds,1,non,,40052
mâts et mâtereaux de 23 pieds,1,non,,40052
mâts et mâtereaux de 25 à 40 pieds,1,non,,40052
mâts et mâtereaux de 28 à 30 pieds,1,non,,40052
mâts et mâtereaux de 30 à 35 pieds,2,non,,40052
mâts et mâtereaux de 30 à 38 pieds,1,non,,40052
mâts et mâtereaux de 30 à 40 pieds,1,non,,40052
mâts et mâtereaux de 30 pieds,1,non,,40052
mâts et mâtereaux de 32 à 42 pieds,1,non,,40052
mâts et mâtereaux de 35 à 56 pieds,1,non,,40052
mâts et mâtereaux de 36 à 40 pieds,1,non,,40052
mâts et mâtereaux de 36 pieds,2,non,,40052
mâts et mâtereaux de 38 pieds,1,non,,40052
mâts et mâtereaux de 40 à 42 pieds,1,non,,40052
mâts et mâtereaux de 40 à 50 pieds,2,non,,40052
mâts et mâtereaux de 40 à 60 pieds,1,non,,40052
mâts et mâtereaux de 42 à 45 pieds,1,non,,40052
mâts et mâtereaux de 45 à 70 pieds,1,non,,40052
mâts et mâtereaux de 46 à 53 pieds,1,non,,40052
mâts et mâtereaux de 50 à 60 pieds,2,non,,40052
mâts et mâtereaux de 50 pieds,2,non,,40052
mâts et mâtereaux de 52 à 53 pieds,1,non,,40052
mâts et mâtereaux de 64 pieds,1,non,,40052
mâts et mâtereaux de 65 pieds,1,non,,40052
mâts et mâtereaux mats,1,oui,,40052
mâts et mâtereaux mâts,1,non,,40052
mâts et mâtereaux mats doubles,1,oui,,40052
mâts et mâtereaux mâts doubles,1,non,,40052
mâts et matériaux de bois,2,non,out,741295
mâts et planches de bois,0,non,out,741295
mâts et poutres,1,non,,40052
mâts façonnés,7,non,out,741295
mâts grands,5,non,out,741295
mâts gros,1,non,out,741295
mâts mâtereaux,15,non,out,741295
mâts matières,4,non,out,741295
mâts mâts de barques de 50 pieds,1,non,,40052
mâts mâtures,26,non,out,741295
mâts peints,2,non,out,741295
mâts petits,52,non,out,741295
mâts pour galère,2,non,out,741295
mâts verts de 45 pieds,1,non,out,741295
mâts...,2,non,out,741295
matu,6,non,out,741295
mâtures,14,non,out,741295
mâtures complètes,9,non,out,741295
mâtures complètes d'un grand vaisseau,1,non,out,741295
mâtures complètes en 21 pièces,0,non,out,741295
mâtures de navire de ???,1,non,,40052
mâtures en 56 pièces,0,non,out,741295
maugrebine,51,non,out,741295
maune,1,non,out,741295
maurelle,3,non,out,741295
mauris,1,non,cotton goods,18103
maurs,2,non,out,741295
mautes à mulets,1,non,out,741295
Mazamet,5,non,out,741295
mazon,0,non,out,741295
mèches,70,non,out,741295
mèches à canons,54,non,out,741295
mèches à chandelle,7,non,out,741295
mèches à flambeau,1,non,out,741295
mèches à mousquet,1,non,out,741295
mèches d'étoupes de chanvre ou de lin,4,non,out,741295
mèches d'étoupes de fil de chanvre ou en lin,2,non,out,741295
mèches de chandelles flambeaux et lampes,3,non,out,741295
mèches de coton,1,non,out,741295
mèches de coton pour chandelle,126,non,out,741295
mèches de lampe,1,non,out,741295
mèches de soufre,1,non,out,741295
mèches de tarière et herminettes,1,non,out,741295
mèches et soufre,124,non,out,741295
mèches soufrées,55,non,out,741295
mechoacam,15,non,out,741295
médailles,4,non,out,741295
médailles antiques,1,non,out,741295
médailles d'argent,2,non,out,741295
médailles de laiton,1,non,,40052
médaillons de terre,2,non,out,741295
médicament composés,67,oui,out,741295
médicaments,365,non,out,741295
médicaments composés,89,non,out,741295
médicaments composés autre qu'eau distillée au poids,1,non,out,741295
médicaments composés autres qu'eau distillée à la valeur,1,non,out,741295
médicaments composés déclarés à la valeur,1,non,out,741295
médicaments composés déclarés au poids,2,non,out,741295
meffles,4,non,out,741295
megelanne,1,non,out,741295
mélangées,2,oui,out,741295
mélasse,23,non,sugar,12509
mélasse des colonies françaises,1,non,sugar,12509
mélasse du Royaume,1,non,,40052
mélasse et rhum et sirop et tafia,22,non,,40052
mélasse et sirop,1,non,sugar,12509
mêlées,2,non,,40052
meles a faure,1,non,,40052
melle,1,non,out,741295
melon,13,non,out,741295
melon d'eau,2,non,out,741295
membrures,2,non,out,741295
membrures de 7 pieds,1,non,out,741295
ménage,6,non,out,741295
menie,3,non,out,741295
menottes de cuivre,3,non,out,741295
menottes de fer,1,non,out,741295
mentes à moulir,1,non,out,741295
mentes à taillandier,1,non,out,741295
menu charbon de terre,126,non,out,741295
menu charbon de terre dit sméegruys,98,non,out,741295
menuiserie,3,non,out,741295
menus grains,3,non,out,741295
menus sommiers,5,non,out,741295
menutés,146,non,out,741295
mercerie,4026,non,out,741295
mercerie ???,3,non,out,741295
mercerie à la valeur,5,non,out,741295
mercerie bimbeloterie,66,non,out,741295
mercerie commune,245,non,out,741295
mercerie cru,1,non,out,741295
mercerie d'Allemagne,1,non,out,741295
mercerie d'étoupe de lin,1,non,out,741295
mercerie de bois,5,non,out,741295
mercerie de cordonnier à laine,2,non,out,741295
mercerie de crin,2,non,out,741295
mercerie de cuivre,7,non,out,741295
mercerie de Nuremberg,69,non,out,741295
mercerie de quincaille,1,non,out,741295
mercerie de renvoi,2,non,out,741295
mercerie en lignets et hameçons,1,non,out,741295
mercerie en peigne d'ivoire,0,non,out,741295
mercerie en peignes de bois,0,non,out,741295
mercerie épingles,2,non,out,741295
mercerie et quincaillerie,28,non,out,741295
mercerie étrangère,1,non,out,741295
mercerie fine,308,non,out,741295
mercerie fort,1,non,out,741295
mercerie grosse,9,non,out,741295
mercerie grossière,62,non,out,741295
mercerie mêlée en lisière de drap,1,non,out,741295
mercerie ordinaire,41,non,out,741295
mercerie peignes de bois,1,non,out,741295
mercerie peignes de corne,1,non,out,741295
mercerie quincaille et armes à feu,100,non,,40052
mercerie très commune,1,non,out,741295
mercerie très fine,1,non,out,741295
merciers,1,non,out,741295
mercure,721,non,out,741295
mercure corrosif,1,non,out,741295
mercure coulant,2,non,out,741295
mercure doux,21,non,out,741295
mercure natif,5,non,out,741295
mercure précipité,9,non,out,741295
mercure sublimé,1,non,,40052
meriers,12,non,out,741295
meriers à faire échelles,1,non,out,741295
meriers petits,1,non,out,741295
meriezes,1,non,out,741295
merlan,2,non,out,741295
merlan salé,1,non,out,741295
merles,1,non,out,741295
merlin,49,non,out,741295
merluche,101,non,out,741295
merluche salée,0,non,out,741295
merlus,1,non,out,741295
merlus salés,1,non,,40052
merrains,805,non,out,741295
merrains ???,1,non,out,741295
merrains à barils,17,oui,out,741295
merrains à barriques,236,oui,out,741295
merrains à barriques bûches,0,oui,out,741295
merrains à barriques douves,1,oui,out,741295
merrains à barriques et fonçaille,1,oui,out,741295
merrains à bœuf,0,oui,out,741295
merrains à bottes,9,oui,out,741295
merrains à boucaud,1,oui,out,741295
merrains à buses,4,oui,out,741295
merrains à buses douelles,1,oui,out,741295
merrains à fonçaille,10,oui,out,741295
merrains à fond,89,oui,out,741295
merrains à fonds,8,oui,out,741295
merrains à futailles,2,oui,out,741295
merrains à muid,1,oui,out,741295
merrains à pipes,93,oui,out,741295
merrains à pipes bûches,0,oui,out,741295
merrains à pipes de 4 à 5 pieds à 1 pouce 1/2 d'épaisseur,1,oui,out,741295
merrains à pipes de 4 pieds,1,oui,out,741295
merrains à poinçon,1,oui,out,741295
merrains à quart,6,oui,out,741295
merrains à tierçons,11,oui,out,741295
merrains à tonneaux,108,oui,out,741295
merrains à tortue,2,oui,out,741295
merrains au-dessous de 974 millimètres,2,non,out,741295
merrains autres que de chêne,2,non,out,741295
merrains autres que de chêne de toutes dimensions à la valeur,1,non,out,741295
merrains autres que de chêne de toutes dimensions au nombre,1,non,out,741295
merrains barillage,1,non,out,741295
merrains barricages,1,oui,out,741295
merrains barriques douelles,1,non,out,741295
merrains bourdilles,2,non,out,741295
merrains bourdillons,1,non,out,741295
merrains cartage,1,non,out,741295
merrains communs,1,non,out,741295
merrains de 1 mètre 299 millimètres de longueur et au-dessus,2,non,out,741295
merrains de 1299mm de longueur et au-dessus,1,non,out,741295
merrains de 1299mm exclus à 974 inclus,1,non,out,741295
merrains de 4 pieds,0,non,out,741295
merrains de 5 pieds,1,non,out,741295
merrains de chêne,7,non,out,741295
merrains de chêne au-dessous de 974 millimètres,2,non,out,741295
merrains de chêne de 1 mètre 299 millimètres de long et au-dessus,1,non,out,741295
merrains de chêne de 1 mètre 299 millimètres inclusivement à 974 exclusivement,1,non,out,741295
"merrains de chêne de 1,299 mètres à 974 millimètres de long",1,non,out,741295
"merrains de chêne de 1,299 mètres de long et au-dessus",1,non,out,741295
merrains de douves,2,non,out,741295
merrains de maille,1,non,out,741295
merrains de sapin,14,non,out,741295
merrains douelles,4,oui,out,741295
merrains en barriques,0,non,out,741295
merrains en fonçaille,3,oui,out,741295
merrains en pipes,0,oui,out,741295
merrains et feuillards,6,non,out,741295
merrains fonçaille,1,non,out,741295
merrains futaille,2,oui,out,741295
merrains ganivelles,0,oui,out,741295
merrains petits,1,non,out,741295
merrains pour barils,20,non,,40052
merrains pour barriques,239,non,,40052
merrains pour barriques bûches,0,non,,40052
merrains pour bœuf,0,non,,40052
merrains pour bottes,9,non,,40052
merrains pour boucaud,1,non,,40052
merrains pour buses,4,non,,40052
merrains pour buses douelles,1,non,,40052
merrains pour faire des douves de fûts,11,non,out,741295
merrains pour ferraille,1,non,out,741295
merrains pour fonçaille,16,non,,40052
merrains pour fonds,101,non,,40052
merrains pour futaille,2,oui,,40052
merrains pour futailles,4,non,,40052
merrains pour muid,1,non,,40052
merrains pour pipe,7,non,,40052
merrains pour pipes,88,non,,40052
merrains pour pipes bûches,0,non,,40052
merrains pour pipes de 4 à 5 pieds à 1 pouce 1/2 d'épaisseur,1,non,,40052
merrains pour pipes de 4 pieds,1,non,,40052
merrains pour poinçon,1,non,,40052
merrains pour quarts,8,non,,40052
merrains pour tierçons,11,non,,40052
merrains pour tonneaux,110,non,,40052
merrains pour tonnellerie,3,non,out,741295
merrains pour tortue,2,non,,40052
merrains quartage douelles,2,non,out,741295
merrains Scott,1,non,out,741295
mervillon,45,non,out,741295
mesat de clocher,0,non,out,741295
mesures d'étain,2,non,out,741295
métal,105,non,out,741295
métal argenté doré vernissé etc.,2,non,out,741295
métal composé,1,non,out,741295
métal des Indes,1,non,out,741295
métal moulu,3,non,out,741295
métal ou ???,1,non,out,741295
métal pour horlogerie,1,non,out,741295
métaux,145,non,out,741295
méteil,1,non,,40052
méteil ou seigle,1,non,,40052
methe,1,non,out,741295
métiers,3,non,out,741295
métiers à faire bas,20,non,out,741295
métiers à faire tapisserie,3,non,out,741295
métiers à filer,1,non,out,741295
métiers de drapier,1,non,out,741295
métiers de tisserand,5,non,out,741295
métiers presse et bluteaux et cribles de moulin,129,non,out,741295
meubles,16,non,out,741295
meubles ???,1,non,out,741295
meubles à bijouterie,0,non,out,741295
meubles à coutelier,2,non,out,741295
meubles à moulins,2,non,out,741295
meubles à taillandier,18,non,out,741295
meubles affiloires,1,non,out,741295
meubles de bois,9,non,out,741295
meubles de maison,2,non,,40052
meubles divers,6,oui,,40052
meubles et effets,3,non,out,741295
meubles et miroirs,130,non,out,741295
meubles et ornements,17,non,out,741295
meubles et pierres,32,non,out,741295
meubles glaces et miroirs,13,oui,out,741295
meubles habits et bijoux,1,non,out,741295
meubles matelas,5,non,out,741295
meubles miroirs de toilettes,1,non,out,741295
meubles ornements,1,non,out,741295
meulardeaux,14,non,out,741295
meulardeaux à coutelier,1,non,out,741295
meulardes,2,non,out,741295
meules,38,non,out,741295
meules à aiguiser,232,non,out,741295
meules à aiguiser au-dessus de 1218 millimètres en diamètre,1,non,out,741295
meules à aiguiser bâtardes,1,non,out,741295
meules à aiguiser de 1083 à 920 millimètres inclusivement en diamètre,2,non,out,741295
meules à aiguiser de 1218 à 1083 millimètres inclusivement en diamètre,2,non,out,741295
meules à aiguiser de 541 à 406 millimètres inclusivement en diamètre,3,non,out,741295
meules à aiguiser de 677 à 541 millimètres inclusivement en diamètre,3,non,out,741295
meules à aiguiser de 920 à 677 millimètres inclusivement en diamètre,3,non,out,741295
meules à aiguiser de moins de 406 millimètres inclusivement en diamètre,3,non,out,741295
meules à aiguiser grandes,1,non,out,741295
meules à aiguiser moyennes,1,non,out,741295
meules à aiguiser petites,1,non,out,741295
meules à callandre,2,non,out,741295
meules à coutelier,51,non,out,741295
meules à coutelier petites,1,non,out,741295
meules à Couteliers,1,non,out,741295
meules à couture,2,non,out,741295
meules à faire,22,non,out,741295
meules à faux,4,non,out,741295
meules à favre,33,non,out,741295
meules à gagne-petit,1,non,out,741295
meules à huile,2,non,out,741295
meules à moudre de 1949 millimètres à 1299 en diamètre,2,non,out,741295
meules à moudre de moins de 1299 millimètres en diamètre,3,non,out,741295
meules à moudre de plus de 1949 millimètres en diamètre,2,non,out,741295
meules à sabres,2,non,out,741295
meules à sucre,3,non,out,741295
meules à taillandier,199,non,out,741295
meules à taillandier d'1 à 2 pieds,1,non,out,741295
meules à taillandier de 2 pieds,1,non,out,741295
meules à taillandier de 3 à 4,1,non,out,741295
meules à taillandier de 4 à 5,1,non,out,741295
meules à taillandier de 4 à 5 pouces,1,non,out,741295
meules à taillandier de 4 pieds,1,non,out,741295
meules à Talandier,2,non,out,741295
meules acoustiques,1,non,out,741295
meules affiloires,7,non,out,741295
meules assorties,1,non,out,741295
meules au-dessous de 4 pouces,1,non,out,741295
meules au-dessus de 4 pouces,1,non,out,741295
meules bâtardes,34,non,out,741295
meules brodées,1,non,out,741295
meules coutier,1,non,out,741295
meules de 4 pieds,1,non,out,741295
meules de coutelier,2,non,out,741295
meules de différents modules à aiguiser,4,non,out,741295
meules de différents modules à moudre,4,non,out,741295
meules de pierre,14,non,out,741295
meules en têtes de renne,1,non,out,741295
meules ordinaires et à taillandier,1,non,out,741295
meules petites,2,non,out,741295
meules pour moulin,7,non,out,741295
meules pour moulins,279,non,out,741295
meules pour moulins de 4 pieds 1/2,1,non,out,741295
meules pour moulins de 55 pieds,1,non,out,741295
meules pour moulins de 6 pieds,1,non,out,741295
meules pour moulins de haute catégorie,7,non,out,741295
meules pour moulins dites grand loup d'Angleterre,7,non,out,741295
meules pour moulins dites petit loup d'Angleterre,4,non,out,741295
meules pour moulins du poids de 1200 à 1800 livres,65,non,out,741295
meules pour moulins du poids de 2000 à 2800 livres,79,non,out,741295
meules pour moulins du poids de 300 à 1000 livres,97,non,out,741295
meules pour moulins du poids de 3000 à 4000 livres,82,non,out,741295
meules pour moulins du poids de 5000 à 6000 livres,15,non,out,741295
meules pour moulins grosses,1,non,out,741295
meules pour moulins petites,3,non,out,741295
meulières,1,non,out,741295
meuniers,8,non,out,741295
Mi ???,1,non,,40052
microscope,1,non,out,741295
miel,1439,non,out,741295
miel blanc,123,non,out,741295
miel brouche,103,non,out,741295
miel brun,129,non,out,741295
miel brut,5,non,out,741295
miel commun,1,non,out,741295
miel cru,4,non,out,741295
miel cuit,4,non,out,741295
miel de Narbonne,7,non,out,741295
miel façonné,7,non,out,741295
miel vert,1,non,,40052
mignonette,1,non,out,741295
mignonette au quart de soie,1,non,out,741295
mignonette avec un brin de soie,1,non,out,741295
mignonette de laine,1,non,,40052
mignonette de soie,1,non,out,741295
mignonette des prises,2,non,out,741295
mignonette étoffe,10,non,out,741295
mignonnette,39,non,out,741295
mignotte étoffe,4,non,out,741295
migon,19,non,out,741295
mil,3,non,out,741295
militaires,15,non,,40052
militaires de la division française de Rome,1,non,,40052
militaires français ou romains de la division de Rome,1,non,,40052
militaires ou patriotes romains,1,non,,40052
mille gants,3,non,out,741295
milleret,1,non,out,741295
millet,10,non,out,741295
millet gros,126,non,,40052
millet gros et petit,3,non,,40052
millet petit,75,non,,40052
mine,3,non,out,741295
mine d'alquifoux,1,non,out,741295
mine d'asphalte,1,non,out,741295
mine de borde,1,non,out,741295
mine de cuivre,4,non,out,741295
mine de cuivre rouge,2,non,out,741295
mine de fer,184,non,out,741295
mine de plomb,397,non,out,741295
mine de plomb noire,2,non,out,741295
mine de plomb rouge,2,non,out,741295
mine de Prusse,1,non,out,741295
mine de roche,3,non,out,741295
mine en grabeau,1,non,,40052
mine lavée,1,non,out,741295
minerai de fer brut ou lavé,2,non,out,741295
minerai de fer chromaté,2,non,out,741295
minerai de fer sulfuré,1,non,out,741295
minerai de plomb,9,non,out,741295
minéraux,2,non,out,741295
minium,375,non,out,741295
minium et mine orange,4,non,out,741295
minium rouge divisé,3,non,out,741295
minot,12,non,,40052
minutier,3,non,out,741295
miny,260,oui,out,741295
mioche en grabeau,1,non,,40052
mireau,2,non,out,741295
mirke,1,non,out,741295
mirobolant,47,oui,out,741295
miroirs,213,non,out,741295
miroirs à bordures dorées,6,non,out,741295
miroirs à bordures dorées et grands,1,non,out,741295
miroirs à bordures dorées et petits,1,non,out,741295
miroirs à cadres dorés,10,non,out,741295
miroirs à cadres dorés de 2 pieds de haut,1,non,,40052
miroirs communs,3,non,out,741295
miroirs d'1 pied et demi,1,non,out,741295
miroirs d'Allemagne,1,non,out,741295
miroirs de 2 pieds,1,non,out,741295
miroirs de 25 pieds de haut et 1 de large,1,non,out,741295
miroirs de poche,3,non,out,741295
miroirs de toilette,7,non,out,741295
miroirs de traite,5,non,out,741295
miroirs de Venise,3,non,,40052
miroirs encadrés,238,non,out,741295
miroirs grands,5,non,out,741295
miroirs grands de plus de 3 millimètres d'épaisseurs,2,non,out,741295
miroirs petits,221,non,out,741295
miroirs petits sans distinction,2,non,out,741295
mistelle,2,non,out,741295
mistre,0,non,,40052
mitaines,1,non,out,741295
mitaines bordées de soie par paires,0,oui,out,741295
mitaines brodées,1,non,out,741295
mitaines brodées de soie,3,non,,40052
mitaines de peau,3,non,out,741295
mitaines de peau garnies de soie,1,non,,40052
mitaines de peau lisérées de soie,1,oui,out,741295
mitaines de soie,2,non,out,741295
mitaines de taffetas,2,non,out,741295
mitaines garnies de ruban,1,non,out,741295
mitaines garnies de soie,9,non,out,741295
mitaines liserées,1,non,out,741295
mitons à pierres fausses par paires de velours,1,oui,out,741295
mitons de soie,3,non,out,741295
mitons de velours à pierres fausses,1,non,,40052
mitraille,2,non,out,741295
mitraille de cuivre,109,non,out,741295
mitraille vieille en batterie de cuisine,1,non,out,741295
mitrailles de cuivre,117,non,out,741295
mitrailles de cuivre pur vieux,1,non,out,741295
mittes,2,non,out,741295
mittes de soie,9,oui,out,741295
mittières de fer,1,non,out,741295
mixture des céréales et de légumineuses,16,non,,40052
mobilier,1024,non,out,741295
mobilier vieux,17,non,out,741295
mocs de brode,1,non,,40052
mode de bœuf,1,non,out,741295
modèle de château de carton,1,non,out,741295
modèle de plâtre,2,non,out,741295
modèle de sculpture,1,non,out,741295
modes de cordonnier,1,non,,40052
modes de Montauban,1,non,out,741295
modes de plâtre,1,non,,40052
modes de porcelaine,1,non,,40052
"modes, peaux, porcelaine, ruban 16 onces",1,non,out,741295
moelle,1,non,out,741295
moelle de bœuf,10,non,out,741295
moellons,6,non,out,741295
moellons à faire chaux,92,non,out,741295
moellons à faire des bâtiments,2,non,out,741295
moellons de brique,2,non,out,741295
moellons pierres meulières etc.,2,non,out,741295
mogette,2,non,,40052
moines ???,2,non,,40052
moines garnis de fer-blanc,1,non,out,741295
moire,3,non,out,741295
moire blanche,2,non,out,741295
moire d'argent,2,non,out,741295
molenaers,30,non,out,741295
molleton,215,non,out,741295
molleton aune,1,oui,out,741295
molleton de capiton,4,non,out,741295
molleton de coton,24,non,cotton goods,18103
molleton de coton et de fil,1,non,,40052
molleton de laine,79,non,out,741295
molleton de laine imprimé,2,non,out,741295
molleton de soie,1,non,out,741295
molleton et taffetas de laine,3,non,out,741295
molleton frisé,1,non,out,741295
mollues,1,non,out,741295
momade,0,non,out,741295
momie,7,non,out,741295
moncayard,5,non,out,741295
mongette,45,non,out,741295
mongistere,7,non,out,741295
monnaies,1,non,,40052
monnaies au type étranger,95,non,out,741295
monnaies d'argent,32,non,out,741295
monnaies d'argent en espèces coursables,3,non,out,741295
monnaies d'argent et d'or et au type étranger,7,non,out,741295
monnaies d'argent par Calais,2,non,out,741295
monnaies d'argent par Strasbourg et Metz,1,non,out,741295
monnaies d'argent par Valenciennes,1,non,out,741295
monnaies d'or,18,non,out,741295
monnaies d'or par Calais,1,non,out,741295
monnaies d'or quadruple,3,non,out,741295
monnaies de billon,3,non,out,741295
monnaies de cuivre,54,non,out,741295
monnaies de cuivre de Suède,4,non,out,741295
monnaies de cuivre jaune,1,non,out,741295
monnaies de cuivre ouvré,1,non,out,741295
monnaies de cuivre pur,4,non,out,741295
monnaies du Portugal,1,non,out,741295
montichon,3,non,out,741295
montres,2,non,out,741295
montres d'argent,21,non,out,741295
montres d'argent et d'or,1,non,out,741295
montres d'or,25,non,out,741295
montres d'or à répétition,2,non,out,741295
montres d'or ordinaires,2,non,out,741295
montres de cuivre,5,non,out,741295
montres de mer,2,non,,40052
montres de métal,1,non,,40052
montres de poche,6,non,out,741295
montres de poche à caisse d'argent,126,non,out,741295
montres de poche à caisse d'or,126,non,out,741295
montres de poches à caisse de pinsbeck,37,non,out,741295
montres et pendule,1,oui,out,741295
montres et pendules,1,non,,40052
montres maillées,1,non,,40052
moques de grès,1,non,out,741295
moquette,199,non,out,741295
moquette de fil et de laine,4,non,out,741295
moquette de fil et laine,1,non,out,741295
moquette de laine,2,non,out,741295
moquette de laine et de fil,1,non,out,741295
moquette grasse de laine et fil,1,non,out,741295
moquette rouge,2,non,out,741295
moquette verte,1,non,out,741295
morceaux,1,non,,40052
morceaux cousus,2,non,out,741295
morceaux cousus de hamsters,2,non,out,741295
morceaux cousus de lapins et lièvres,2,non,out,741295
morceaux cousus dos et ventre de petits-gris,2,non,out,741295
morceaux d'espars,1,non,out,741295
morceaux de bois,1,oui,out,741295
morceaux de bois ordinaire de 6 à 7 pieds,1,non,out,741295
morceaux de bois puant de 6 pieds,1,non,out,741295
morceaux de planches,1,non,out,741295
morceaux de sapin,4,non,out,741295
morceaux despars,1,oui,,40052
morenine de soie,1,non,out,741295
moresque,1,oui,,40052
morilles,17,non,out,741295
morilles et mousserons et truffes,1,non,out,741295
morilles et mousserons frais,1,non,out,741295
morilles et mousserons secs ou marinés,2,non,out,741295
morilles et truffes,1,non,out,741295
mors de brides,124,non,out,741295
mors de brides dorés,1,non,out,741295
mors et brides,3,non,out,741295
mortiers,2,non,out,741295
mortiers à bombe,1,non,,40052
mortiers de bois,1,non,out,741295
mortiers de bronze,1,non,out,741295
mortiers de fer,6,non,out,741295
mortiers de fonte,6,non,out,741295
mortiers de marbre,152,non,out,741295
mortiers de marbre ordinaires,1,non,,40052
mortiers de marbre petits,1,non,,40052
mortiers de métal,1,non,out,741295
mortiers de métal et pilon,1,non,out,741295
mortiers de pierre,31,non,out,741295
mortiers de terre,1,non,out,741295
mortiers et pilon,1,non,out,741295
morue,627,non,out,741295
morue ???,1,non,out,741295
morue avariée,1,non,out,741295
morue avec harengs des prises,1,non,out,741295
morue blanche,1,non,out,741295
morue de Hollande,5,non,out,741295
morue de pêche française,12,non,out,741295
morue de Terre Neuve,1,oui,,40052
morue douce,1,non,out,741295
morue en pacotille,24,non,,40052
morue en pavé,1,non,out,741295
morue en saumure,4,non,out,741295
morue et stockfish,185,non,out,741295
morue joues sèche,1,non,out,741295
morue marinée et salée,5,non,out,741295
morue note alang,1,oui,out,741295
morue par Bayonne,1,non,out,741295
morue salée,69,non,out,741295
morue salée d'Islande,1,non,out,741295
morue salée et marinée,1,oui,out,741295
morue salée et verte,2,oui,,40052
morue salée sèche,1,oui,out,741295
morue salée verte,1,oui,out,741295
morue sèche,1177,non,out,741295
morue sèche et salée et stockfish salé suivant l'état des primes,6,non,out,741295
morue séchée,1050,oui,out,741295
morue stockfish,9,oui,out,741295
morue têtes,1,oui,out,741295
morue verte,637,non,out,741295
morue verte avariée,1,non,,40052
morue verte cabillaud,1,non,out,741295
morue verte cap et queues,6,non,out,741295
morue verte de Terre Neuve,30,non,,40052
morue verte des Îles,1,non,out,741295
morue verte en tonneaux,0,non,,40052
morue verte et salée,3,oui,out,741295
morue verte grande et moyenne,1,non,out,741295
morue verte salée,1,oui,out,741295
motte de lin,1,non,out,741295
mottes à brûler,8,non,out,741295
moucherons,1,non,out,741295
mouches à miel,123,non,out,741295
mouches cantharides,15,non,out,741295
mouches de soie,110,oui,out,741295
mouches de taffetas,6,non,out,741295
mouchoirs,265,non,out,741295
mouchoirs ??? de fil de France,0,non,out,741295
mouchoirs à carreaux,1,non,out,741295
mouchoirs à la valeur,1,non,out,741295
mouchoirs à peu de soie,1,non,out,741295
mouchoirs à toile peinte,1,non,out,741295
mouchoirs à vignettes,1,non,out,741295
mouchoirs au brin de soie,1,non,out,741295
mouchoirs baffetas,1,non,out,741295
mouchoirs bandanas,2,non,out,741295
mouchoirs batiste peint,1,non,out,741295
mouchoirs blancs,2,non,out,741295
mouchoirs blancs brodés en fil de chanvre ou de lin,3,non,out,741295
mouchoirs blancs de chanvre et de lin,2,non,out,741295
mouchoirs blancs et bleus,1,non,out,741295
mouchoirs blancs et teints,27,non,out,741295
mouchoirs bleus,3,non,out,741295
mouchoirs brodés,13,non,out,741295
mouchoirs brodés de soie,1,non,out,741295
mouchoirs communs,4,non,out,741295
mouchoirs coupés,3,non,out,741295
mouchoirs d'Alep,2,non,out,741295
mouchoirs d'indienne,96,non,out,741295
mouchoirs d'organdis,3,non,out,741295
mouchoirs de ???,1,non,out,741295
mouchoirs de batiste,28,non,out,741295
mouchoirs de batiste de Saint-Quentin,2,non,out,741295
mouchoirs de Bengale,107,non,out,741295
mouchoirs de Betton,1,non,out,741295
mouchoirs de Champafaris,2,non,out,741295
mouchoirs de chanvre et de lin blancs,2,non,out,741295
mouchoirs de chanvre et de lin imprimés teints rayés par le tissage,3,non,out,741295
mouchoirs de chanvre et de lin rayés teints ou imprimés,2,non,out,741295
mouchoirs de chasse,1,non,out,741295
mouchoirs de chocolat,2,non,out,741295
mouchoirs de Cholet,146,non,out,741295
mouchoirs de coton,908,non,cotton goods,18103
mouchoirs de coton blanc,3,non,cotton goods,18103
mouchoirs de coton blancs,1,non,cotton goods,18103
mouchoirs de coton brin de soie,2,non,cotton goods,18103
mouchoirs de coton communs,5,non,cotton goods,18103
mouchoirs de coton de France,22,non,cotton goods,18103
mouchoirs de coton de l'étranger,2,non,cotton goods,18103
mouchoirs de coton découpés,119,non,cotton goods,18103
mouchoirs de coton des Indes,14,non,cotton goods,18103
mouchoirs de coton en coupon,1,non,,40052
mouchoirs de coton en soie,1,oui,cotton goods,18103
mouchoirs de coton et de fil,546,non,cotton goods,18103
mouchoirs de coton et de fil découpés,93,non,cotton goods,18103
mouchoirs de coton et de soie,1,non,cotton goods,18103
mouchoirs de coton et fil,25,non,cotton goods,18103
mouchoirs de coton et fil de coton,16,non,cotton goods,18103
mouchoirs de coton et soie,16,non,cotton goods,18103
mouchoirs de coton et soie de France,1,non,cotton goods,18103
mouchoirs de coton étranger,6,oui,,40052
mouchoirs de coton étrangers,9,non,cotton goods,18103
mouchoirs de coton fins,5,non,cotton goods,18103
mouchoirs de coton gros,1,non,cotton goods,18103
mouchoirs de coton grossiers,1,non,cotton goods,18103
mouchoirs de coton peints,8,non,cotton goods,18103
mouchoirs de Craité,0,non,out,741295
mouchoirs de demi soie,1,non,out,741295
mouchoirs de différentes qualités en coton,3,non,cotton goods,18103
mouchoirs de différentes quantités,6,non,out,741295
mouchoirs de fil,382,non,out,741295
mouchoirs de fil commun,1,non,out,741295
mouchoirs de fil de ??? de Cholet et ???,3,non,out,741295
mouchoirs de fil de Cholet,2,non,out,741295
mouchoirs de fil de France,12,non,,40052
mouchoirs de fil de lin,1,non,out,741295
mouchoirs de fil de lin imprimé,1,non,out,741295
mouchoirs de fil de Rouen,2,non,out,741295
mouchoirs de fil du Béarn,3,non,out,741295
mouchoirs de fil en coton de France,6,non,,40052
mouchoirs de fil et de batiste,1,non,out,741295
mouchoirs de fil et de coton,89,non,cotton goods,18103
mouchoirs de fil et de lin,1,non,out,741295
mouchoirs de fil et de pitre,1,non,out,741295
mouchoirs de fil étranger,4,oui,,40052
mouchoirs de fil étrangers,4,non,,40052
mouchoirs de fil fin,1,non,out,741295
mouchoirs de fil organdi,15,non,out,741295
mouchoirs de fil peint,1,non,out,741295
mouchoirs de filoselle,2,non,out,741295
mouchoirs de fleuret,5,non,out,741295
mouchoirs de foulard,3,non,out,741295
mouchoirs de France,1,non,out,741295
mouchoirs de gaze,74,non,out,741295
mouchoirs de gaze de soie,3,non,out,741295
mouchoirs de gaze divers,3,oui,out,741295
mouchoirs de gaze grands,1,non,out,741295
mouchoirs de guingans,3,oui,out,741295
mouchoirs de Hollande,2,non,out,741295
mouchoirs de kinfin,1,non,out,741295
mouchoirs de l'hotes,2,non,out,741295
mouchoirs de l'Inde,10,non,,40052
mouchoirs de la Compagnie des Indes,3,non,out,741295
mouchoirs de laine,2,non,out,741295
mouchoirs de laiton,1,non,out,741295
mouchoirs de Laval,1,non,out,741295
mouchoirs de lin,4,non,out,741295
mouchoirs de linon,5,non,out,741295
mouchoirs de Madras,9,non,out,741295
mouchoirs de Masulipatan,17,non,out,741295
mouchoirs de mousseline,30,non,cotton goods,18103
mouchoirs de mousseline brodée,1,non,cotton goods,18103
mouchoirs de Paliacate,10,non,out,741295
mouchoirs de Patras,1,non,out,741295
mouchoirs de pitre,1,non,out,741295
mouchoirs de Pondichéry,165,non,out,741295
mouchoirs de romals,55,oui,cotton goods,18103
mouchoirs de romals et de la Côte,1,oui,cotton goods,18103
mouchoirs de Rouen,101,non,out,741295
mouchoirs de Saumur,1,non,out,741295
mouchoirs de Sénégal,3,oui,out,741295
mouchoirs de siamoise,1,non,out,741295
mouchoirs de soie,852,non,out,741295
mouchoirs de soie de la Chine,4,non,out,741295
mouchoirs de soie de renvoi,1,non,out,741295
mouchoirs de soie de Rouen,1,non,out,741295
mouchoirs de soie des Indes,1,non,out,741295
mouchoirs de soie en coton,1,non,out,741295
mouchoirs de soucis,1,non,out,741295
mouchoirs de taffetas,1,non,out,741295
mouchoirs de toile,73,non,out,741295
mouchoirs de toile ???,1,oui,out,741295
mouchoirs de toile aune,1,oui,out,741295
mouchoirs de toile blanche,1,non,out,741295
mouchoirs de toile de Bretagne,1,non,out,741295
mouchoirs de toile de Cholet,52,non,out,741295
mouchoirs de toile de Hin,1,non,out,741295
mouchoirs de toile découpés,95,non,out,741295
mouchoirs de toile fine,1,non,out,741295
mouchoirs de toile guingans,5,non,,40052
mouchoirs de toile peinte,11,non,out,741295
mouchoirs de toile rayée,2,non,out,741295
mouchoirs de traite,2,non,out,741295
mouchoirs de Zurich,1,non,out,741295
mouchoirs demi soie,18,non,out,741295
mouchoirs des Îles,1,non,out,741295
mouchoirs des Indes,224,non,cotton goods,18103
mouchoirs des Indes communs,1,non,out,741295
mouchoirs des Indes de coton,2,non,cotton goods,18103
mouchoirs des Indes de soie,4,non,out,741295
mouchoirs des Indes dit bandanas,1,non,cotton goods,18103
mouchoirs des Indes dits romals,1,oui,cotton goods,18103
mouchoirs divers mélangés,5,oui,,40052
mouchoirs du Béarn,17,non,out,741295
mouchoirs du Levant,2,non,out,741295
mouchoirs du pays,1,non,out,741295
mouchoirs du Sénégal,3,non,out,741295
mouchoirs écorce d'arbre,1,non,out,741295
mouchoirs en soie,1,oui,out,741295
Mouchoirs et ?? en nattes,1,non,,40052
mouchoirs et ???,0,non,out,741295
mouchoirs et cravates de mousseline,3,non,cotton goods,18103
mouchoirs et cravates de soie mêlée,6,non,out,741295
mouchoirs et fichus de toile peinte,2,non,out,741295
mouchoirs et mouchoirs des Indes,17,non,cotton goods,18103
mouchoirs et mousseline,3,non,cotton goods,18103
mouchoirs et ornements,1,non,out,741295
mouchoirs fabriqués en France,2,non,out,741295
mouchoirs fins,2,non,out,741295
mouchoirs foulards,3,non,out,741295
mouchoirs gros en fil,1,non,out,741295
mouchoirs guingans,1,oui,out,741295
mouchoirs imprimés,3,non,out,741295
mouchoirs imprimés et teints de chanvre et de lin,2,non,out,741295
mouchoirs indienne,5,non,cotton goods,18103
mouchoirs Komel et Renis,1,non,out,741295
mouchoirs linon,2,oui,out,741295
mouchoirs Masulipatan,37,non,out,741295
mouchoirs mousseline et toile de coton,42,non,,40052
mouchoirs peints,88,non,out,741295
mouchoirs peints de France,1,non,out,741295
mouchoirs peints de Hollande,2,non,out,741295
mouchoirs rayés,2,non,out,741295
mouchoirs romals,66,non,cotton goods,18103
mouchoirs romals et de la Côte,1,non,,40052
mouchoirs saserpatis,1,non,out,741295
mouchoirs Tranquebar,2,non,out,741295
moufles,1,non,out,741295
moulage,4,non,out,741295
moulages de fer de fonte,2,non,out,741295
moules,120,non,out,741295
moules (poisson),1,non,out,741295
moules à cercle,1,non,,40052
moules à chandelle,1,non,out,741295
moules à faire,1,non,out,741295
moules de balles,1,non,,40052
moules de boutons,25,non,out,741295
moules de boutons de bois,3,non,out,741295
moules de fer à galette,1,non,out,741295
moules de pierre pour sucre,2,non,out,741295
moules de plâtre,3,non,out,741295
moules de plâtre à faire figures,2,non,out,741295
moules de terre,1,non,out,741295
moules pour chandelle,2,non,out,741295
moules pour sucre,1,non,out,741295
moulinets à chocolat,1,non,out,741295
moulinets à filer,1,non,out,741295
moulins,2,non,out,741295
moulins à beurre,1,non,out,741295
moulins à blé,2,non,out,741295
moulins à blé et à bras,1,non,out,741295
moulins à bras,12,non,out,741295
moulins à café,518,non,out,741295
moulins à café doux,1,non,out,741295
moulins à confitures,1,non,,40052
moulins à dessécher,1,non,out,741295
moulins à dévider soie,1,non,out,741295
moulins à filer,5,non,out,741295
moulins à grains,2,non,out,741295
moulins à lapidaire,1,non,out,741295
moulins à maïs,12,non,out,741295
moulins à moudre grains,5,non,out,741295
moulins à moutarde,2,non,out,741295
moulins à poivre,17,non,out,741295
moulins à poivre et à café,1,non,out,741295
moulins à retordre,1,non,out,741295
moulins à sarrasin,1,non,out,741295
moulins à sucre,28,non,out,741295
moulins à tabac,5,non,out,741295
moulins à tordre fil,3,non,out,741295
moulins complets à sucre,2,non,out,741295
moulins de bois,2,non,out,741295
moulins de fer,5,non,out,741295
moulins de fer à sucre,14,non,out,741295
moulins de maïs,1,non,out,741295
moulins de poivre,1,oui,out,741295
moulins de soie,1,non,out,741295
moulins et presses à tabac,3,non,out,741295
moulons et kibbelinck,48,non,out,741295
moulures dorées,1,non,out,741295
mouquette,10,non,out,741295
moureaux,14,non,out,741295
moureaux de mules,1,non,out,741295
moureaux de mulets,3,non,out,741295
mousquetaire,1,oui,out,741295
mousqueterie,1,oui,,40052
mousquetons,1,non,out,741295
mousquets,3,non,out,741295
mousse,13,non,out,741295
mousse de bois,3,non,out,741295
mousse de lin,1,non,out,741295
mousse de mer,8,non,out,741295
mousse de mer et herbes à teindre,4,non,out,741295
mousse de roche,1,non,out,741295
mousseline,975,non,cotton goods,18103
mousseline aune,1,oui,cotton goods,18103
mousseline blanche,1,non,cotton goods,18103
mousseline brochée,1,non,cotton goods,18103
mousseline brochée de coton,1,non,cotton goods,18103
mousseline brodée,12,non,cotton goods,18103
mousseline brodée de coton,1,non,cotton goods,18103
mousseline brodée en couleur,1,non,cotton goods,18103
mousseline brodée en soie de couleur,1,non,cotton goods,18103
mousseline de coton,107,non,cotton goods,18103
mousseline de coton et des Indes,3,non,cotton goods,18103
mousseline de coton et Nankin,11,non,,40052
mousseline de coton et nankin,11,oui,cotton goods,18103
mousseline de coton et Nankin des Indes,21,non,,40052
mousseline de coton et nankin des Indes,21,oui,cotton goods,18103
mousseline de coton unie et brûlée,14,non,,40052
mousseline de coton unie et peinte,17,non,,40052
mousseline de coton unies et brûlées,14,oui,cotton goods,18103
mousseline de coton unies et peintes,17,oui,cotton goods,18103
mousseline de France,6,non,cotton goods,18103
mousseline de l'étranger,1,non,cotton goods,18103
mousseline de l'Inde,5,non,,40052
mousseline de l'Inde dite Casses,1,non,,40052
mousseline de la Compagnie,2,non,cotton goods,18103
mousseline de Suisse et siamoise à ligne de soie,4,non,cotton goods,18103
mousseline de Zurich,5,non,cotton goods,18103
mousseline des Indes,28,non,cotton goods,18103
mousseline en nattes,1,non,,40052
mousseline et mouchoirs,1,non,cotton goods,18103
mousseline et mousselinette de coton,0,non,cotton goods,18103
mousseline et toile de coton,5,non,cotton goods,18103
mousseline et toile de coton blanc,15,non,cotton goods,18103
mousseline et toile des Indes,1,non,cotton goods,18103
mousseline étrangère,7,non,,40052
mousseline étrangères,7,oui,,40052
mousseline fine,6,non,,40052
mousseline fines,6,oui,cotton goods,18103
mousseline grosse,1,non,,40052
mousseline imprimée,1,non,,40052
mousseline imprimées,1,oui,cotton goods,18103
mousseline nationale,4,non,cotton goods,18103
mousseline rayée,2,non,,40052
mousseline rayée à fleurs,1,non,,40052
mousseline rayées,2,oui,cotton goods,18103
mousseline rayées à fleurs,1,oui,cotton goods,18103
mousseline siamoise et de Suisse à la ligne de soie,2,non,cotton goods,18103
mousseline toile de coton mouchoirs et batiste,17,non,,40052
mousseline unie,4,non,cotton goods,18103
mousselinette,2,non,cotton goods,18103
mousselinette de coton,1,non,cotton goods,18103
mousserons,45,non,out,741295
mousserons et morilles,1,non,out,741295
mousserons et truffes,3,non,out,741295
mousserons secs,5,non,out,741295
moussets et mousserons frais,1,non,out,741295
moussets et mousserons secs ou marinés,3,non,out,741295
moustiquaire de fil,3,non,out,741295
moutarde,294,non,out,741295
moutardelle,1,non,out,741295
moutardière de terre anglaise,1,non,,40052
moutichoux,2,non,out,741295
mouton,427,non,out,741295
mouton commun,1,non,out,741295
mouton et brebis,137,non,out,741295
mouton gras,1,non,out,741295
mouton petit,1,non,out,741295
mouton vivant,1,non,,40052
mouvements à montre,1,non,,40052
mouvements à pendules,2,non,,40052
mouvements de montre,11,non,out,741295
mouvements de pendule,2,oui,out,741295
mouvements de pendules,7,non,,40052
moyeux,74,non,out,741295
muce de plomb,1,non,out,741295
mufle à chandelle,0,non,out,741295
mules,31,non,out,741295
mules à coutelier,1,non,out,741295
mules à moulin,2,non,out,741295
mules brodées,3,non,out,741295
mules brodées et souliers brodées,2,non,out,741295
mules brodées pour femme,2,non,out,741295
mules de 6 mois,1,non,out,741295
mules de femme,1,non,out,741295
mules de labour,1,non,,40052
mules de nattes,2,non,out,741295
mules et mulets,197,non,out,741295
mules et mulets adultes,5,non,out,741295
mules et mulets avec dents de lait,1,non,out,741295
mules et mulets d'1 an,2,non,out,741295
mules et mulets et ânes,1,non,out,741295
mules et mulets n'ayant pas encore de dents adultes,1,non,out,741295
mules moyennes,1,non,,40052
mules ou mulets,1,non,out,741295
mules pour femmes,1,non,out,741295
mulets,124,non,out,741295
mulets à moyen prix,1,non,out,741295
mulets de moyenne taille,2,non,out,741295
mulets jeunes,2,non,out,741295
mulets mulets,3,non,out,741295
mulets petits,2,non,out,741295
mulets poulains,2,non,out,741295
mulets vieux,2,non,out,741295
mungistere,1,non,out,741295
munitions de guerre,2,non,out,741295
munitions de guerre et projectiles,2,non,out,741295
muriate d'étain et de potasse,1,non,out,741295
mûriers,1,non,out,741295
musc,29,non,out,741295
musc castoreum et civette,2,non,out,741295
musc civette castoreum et ambre gris,2,non,out,741295
muscades,610,non,out,741295
muscades confites,3,non,out,741295
muscades d'Inde,2,non,out,741295
muscades de perles,3,non,out,741295
muscades des entrepôts,0,non,out,741295
muscades en noix,1,non,out,741295
muscades et macis,18,non,out,741295
muscades et poivre,8,non,out,741295
muscades feuilles et noix,112,non,out,741295
muscades longues,1,non,out,741295
muscades rondes,4,non,out,741295
muse,4,non,out,741295
muse en grains ?,1,non,out,741295
musettes organisées,1,non,out,741295
musique,21,non,out,741295
musique gravée,8,non,out,741295
myrobolan,50,non,,40052
myrrhe,122,non,out,741295
myrrhe en grabeau,1,non,out,741295
myrrhe en larmes,1,non,out,741295
myrthe en grabeau,24,non,,40052
nacelles,8,non,out,741295
nacre,15,non,out,741295
nacre de coquille,1,non,,40052
nacre de perles,143,non,out,741295
nacre de perles argentée brute,1,non,out,741295
nacre de perles argentée sciée,1,non,out,741295
nacre de perles dépouillée de sa croûte et sciée,4,non,out,741295
nacre de perles en coquille brute,3,non,out,741295
nacre de perles en coquille brute et en sa coquille bâtarde,2,non,out,741295
nacre de perles noire,1,non,out,741295
nacre de perles ouvrée,1,non,out,741295
nacre de Perse,1,non,out,741295
nacre en coquille,12,non,out,741295
nacre et perles,1,non,out,741295
namouques,2,non,out,741295
Nankin,420,non,cotton goods,18103
nankin,200,oui,cotton goods,18103
Nankin à l'aune,1,oui,cotton goods,18103
Nankin blanche,1,non,,40052
nankin blanche,1,oui,cotton goods,18103
Nankin des Indes,10,non,,40052
nankin des Indes,10,oui,cotton goods,18103
Nankin jaune,1,non,,40052
naphte,3,non,out,741295
nappes,44,non,out,741295
nappes damassées,1,non,out,741295
nappes de tables,3,non,out,741295
nappes de toile,2,non,,40052
nappes de toile ouvrées,2,non,out,741295
nappes en toile,1,non,,40052
nappes et serviettes,3,non,out,741295
nappes et serviettes de lin,1,non,out,741295
nappes et serviettes de toile,1,non,,40052
nappes et serviettes ouvrées,1,non,out,741295
nappes faites,14,non,out,741295
nappes fines et ouvrées,1,non,out,741295
nappes ouvrées,8,non,out,741295
nappes ouvrées de toile,2,non,,40052
nappes unies,1,non,out,741295
natron,11,non,out,741295
natron en couffe,1,non,,40052
natron et soude,1,oui,out,741295
natron et soudes,1,non,,40052
nattes,254,non,out,741295
nattes communes,2,non,out,741295
nattes communes à paqueter,53,non,out,741295
nattes d'emballage,4,non,out,741295
nattes d'espars,9,non,out,741295
nattes de balles,1,non,out,741295
nattes de jonc,135,non,out,741295
nattes de jonc à pot emballage,2,non,out,741295
nattes de jonc et de paille et larges,68,non,out,741295
nattes de jonc et paille et étroites,71,non,out,741295
nattes de jonc large,3,non,out,741295
nattes de jonc rondes pour les pieds,25,non,out,741295
nattes de moscovie,4,non,out,741295
nattes de paille,67,non,out,741295
nattes de paille et de jonc,13,non,out,741295
nattes de Russie,1,non,out,741295
nattes de Silésie,1,non,,40052
nattes et tresse de paille d'écorce et de sparte fines,4,non,out,741295
nattes et tresse de paille d'écorce et de sparte grossières,5,non,out,741295
nattes et tresse fines,3,non,out,741295
nattes et tresse grossières,3,non,out,741295
nattes fines,1,non,out,741295
nattes moyennes,2,non,out,741295
nattes petites,3,oui,out,741295
nattes pour grenier,2,non,out,741295
nattes rondes,6,non,out,741295
nature de baleine,5,non,out,741295
naurougue,1,non,out,741295
naveaux,4,non,out,741295
naves de portes,1,non,out,741295
navets,38,non,out,741295
navettes,1,non,out,741295
navettes à drapier,4,non,out,741295
navettes d'écaille,1,non,out,741295
navettes de buis à tisserand,1,non,out,741295
navire,1,non,out,741295
navires marchands,1,non,out,741295
nécessaires,2,non,out,741295
nécessaires de cuivre,1,non,out,741295
nécessaires garnis en argent,1,non,out,741295
nèfles,6,non,out,741295
nèfles frais,1,non,out,741295
neganepeau,184,non,cotton goods,18103
neganepeau grand,1,non,cotton goods,18103
neganepeau imitant celles des Indes,1,non,,40052
nègres,45,oui,,40052
nelis,41,non,cotton goods,18103
nepres,8,non,out,741295
neptune,1,non,out,741295
neptune de cuivre,14,non,out,741295
nerfs de bœuf,8,non,out,741295
nerprun,5,non,out,741295
nervures,130,non,out,741295
niaals des Indes,1,non,out,741295
nicanéas,222,non,out,741295
nicanéas étroits,1,non,out,741295
nicanéas fins,1,non,out,741295
nicanéas grands,23,non,out,741295
nicanéas larges,2,non,out,741295
nicanéas longs,1,non,out,741295
nicanéas petite,1,non,out,741295
nicanéas petits,21,non,out,741295
nid d'oiseau,1,non,out,741295
nina,2,non,out,741295
nina de poil,1,non,out,741295
nippes,160,non,out,741295
nippes de femme,8,non,out,741295
nippes et atours,92,non,out,741295
nœuds d'épée,1,non,out,741295
nœuds d'épée avec or,1,non,out,741295
nœuds d'épée et cordons de montres,3,non,out,741295
nœuds de cannes,1,non,out,741295
nogat,1,non,out,741295
nogat en piastre forte,1,non,out,741295
noir,5,non,out,741295
noir à broyer,1,non,out,741295
noir à noircir,3,non,out,741295
noir commun,156,non,out,741295
noir commun de fumée et autres,13,non,out,741295
noir d'animal d'ivoire,2,non,out,741295
noir d'animal d'ivoire d'os,2,non,out,741295
noir d'animal de corne d'os etc.,2,non,out,741295
noir d'Espagne,2,non,out,741295
noir d'ivoire,46,non,out,741295
noir d'os,8,non,out,741295
noir de capajou,1,non,out,741295
noir de Chypre,1,non,out,741295
noir de fumée,551,non,out,741295
noir de fumée pour souliers,2,non,out,741295
noir de galle,18,non,out,741295
noir de noircir,1,non,out,741295
noir de sapin,0,non,out,741295
noir de sapin de 36 pieds,0,non,,40052
noir de sapin de 42 à 50 pieds,0,non,,40052
noir de sapin de 60 à 70 pieds,0,non,,40052
noir minéral naturel,4,non,out,741295
noir pour imprimer,10,non,out,741295
noir pour imprimer en traille douce dit d'Allemagne,1,non,out,741295
noir pour noircir,31,non,out,741295
noir pour souliers,2,non,out,741295
noisette sèches,13,non,out,741295
noisettes,686,non,out,741295
noisettes et noix,13,non,out,741295
noisettes faînes,2,non,out,741295
noisettes pistaches et ???,1,non,out,741295
noix,511,non,out,741295
noix d'acajou,24,non,,40052
noix d'ivoire,2,non,out,741295
noix de cajou,24,oui,out,741295
noix de coco,54,non,out,741295
noix de galle,507,non,,40052
noix de galle légère,7,non,out,741295
noix de galle pesante,9,non,out,741295
noix de galle pesante des entrepôts,0,non,out,741295
noix de marrons,2,non,out,741295
noix de muscade,18,non,out,741295
noix de pipes,25,non,out,741295
noix de ravensara,1,non,out,741295
noix en coquilles,1,non,out,741295
noix épillées,3,non,out,741295
noix et riz,2,non,rice,3697
noix grosses,125,non,out,741295
noix mondées,3,non,out,741295
noix moutarde,1,non,out,741295
noix ou noyaux,1,non,out,741295
noix pour peintures,6,non,out,741295
noix sèches,28,non,out,741295
noix venimeuses,4,non,out,741295
noix vomiques,61,non,out,741295
noronges,1,non,out,741295
nougat,19,non,out,741295
nousouque,1,non,out,741295
noves de morue,2,non,out,741295
noves et langues de morue des Îles,1,non,out,741295
noyaux,10,non,out,741295
noyaux d'olives,1,non,out,741295
noyaux de noix,3,non,out,741295
noyaux de pêche,2,non,out,741295
noyaux de pêches,3,non,out,741295
noyer et cerisier,10,non,out,741295
numéraire en assignats,1,non,out,741295
numéraire en assignats par la Cure,1,non,out,741295
O ???,1,non,,40052
objets à la valeur,1,non,out,741295
objets d'art,6,non,out,741295
objets d'art et d'histoire naturelle,59,non,out,741295
objets d'histoire naturelle,2,non,out,741295
objets de collection,5,non,out,741295
objets de collection hors de commerce,3,non,out,741295
objets de peu d'importance,6,oui,out,741295
objets de peu de valeur,121,non,out,741295
objets des Indes,1,non,out,741295
objets des Indes et de peu importance,5,non,out,741295
objets divers,2,non,out,741295
objets divers dont la valeur du plus fort n'excède pas 25000 livre,5,oui,out,741295
objets divers dont le plus fort article n'excède pas 2400 livres,4,oui,,40052
objets divers dont les plus forts articles n'excèdent pas 10000 livres,3,oui,out,741295
objets manufacturés réunis,187,non,out,741295
obliques,1,non,out,741295
obusiers de fonte,2,non,out,741295
ocre,536,non,out,741295
ocre broyé,1,non,out,741295
ocre brun,2,non,out,741295
ocre brun jaune ou rouge,1,non,out,741295
ocre de toute espèce,107,non,out,741295
ocre en pierre,3,non,out,741295
ocre en poudre,3,non,out,741295
ocre et brun rouge,4,non,out,741295
ocre jaune,43,non,out,741295
ocre jaune et rouge,1,non,out,741295
ocre noir,3,non,out,741295
ocre ou craie blanche,1,non,out,741295
ocre rouge,36,non,out,741295
octant,1,non,out,741295
odautes,1,non,out,741295
odeure,1,non,out,741295
œil de bœuf,11,non,out,741295
œil de bœuf garni de cuivre,3,non,out,741295
œillards,1,non,out,741295
œillards de Brie,1,non,out,741295
œillets,4,non,out,741295
œufs,360,non,out,741295
œufs 15 ou 16 au kilogramme,4,non,out,741295
œufs d'autruche,1,non,out,741295
œufs de composition,1,non,out,741295
œufs de faisan,1,non,out,741295
œufs de gibier et de volaille,2,non,out,741295
œufs de perdrix rouge,1,non,out,741295
œufs de poisson,1,non,out,741295
œufs de poule,2,non,out,741295
œufs de thon,1,non,out,741295
œufs de thon salés,1,non,,40052
œufs de volaille,1,non,out,741295
œufs et volaille,19,non,out,741295
ogarie,0,non,out,741295
oies,5,non,out,741295
oies salées,1,non,out,741295
oignons,198,non,out,741295
oignons communs,6,non,out,741295
oignons d'esquilles,18,non,out,741295
oignons d'hyacinthe,2,non,out,741295
oignons de ???,1,non,out,741295
oignons de Barbarie,2,non,out,741295
oignons de fleurs,381,non,out,741295
oignons de fleurs et plantes,122,non,out,741295
oignons de jonquilles,4,non,out,741295
oignons de narcisse,1,non,out,741295
oignons de narcisses,2,non,out,741295
oignons de squille,4,oui,out,741295
oignons de tubéreuse,10,non,out,741295
oignons ordinaires,1,non,out,741295
oint,2,non,out,741295
oint vieux,6,non,out,741295
oiseau à l'eau-de-vie,1,non,out,741295
oiseaux,2,non,out,741295
oiseaux de proie,1,non,out,741295
oiseaux petits,140,non,out,741295
oleane ou rocou,47,non,out,741295
olives,1058,non,out,741295
olives au vinaigre,10,non,out,741295
olives confites,3,non,out,741295
olives d'Espagne,1,non,out,741295
olives et picholines confites,2,non,out,741295
olives fraîches,2,non,out,741295
olives fraîches et arachis,2,non,out,741295
olives marinées,6,non,out,741295
olives salées,43,non,out,741295
olives salées au vinaigre,5,non,out,741295
olives salées et au vinaigre,0,non,out,741295
olivettes,1,non,out,741295
olivier,2,non,out,741295
onetes de coton,0,non,out,741295
ongles d'écaille de tortue,5,non,out,741295
ongles de bœuf,2,non,out,741295
ongles de caret,8,non,out,741295
onguent,5,non,out,741295
onguent de laurier,2,non,out,741295
opales brutes,1,non,out,741295
opiat et pilules,1,non,out,741295
opiats,3,non,out,741295
opium,240,non,out,741295
opoponax,25,non,out,741295
optiques,1,non,out,741295
or à dorer,2,non,out,741295
or battu,20,non,out,741295
or battu et fin,1,non,out,741295
or brut brisé en lingots en masse,1,non,out,741295
or brut en barres bijoux cassés lingots masse poudre,2,non,out,741295
or en baissette,1,non,out,741295
or en coquille,1,non,out,741295
or en feuilles,8,non,out,741295
or en lingot,1,non,out,741295
or en poudre,1,non,out,741295
or et argent,7,non,out,741295
or et argent balles,2,non,out,741295
or et argent battu,32,non,out,741295
or et argent en barres et lingot,32,non,out,741295
or et argent en feuilles,11,non,out,741295
or et argent en fil,100,non,out,741295
or et argent en fil et cantille et paillette,9,non,out,741295
or et argent en lingot,3,non,out,741295
or et argent faux,100,non,out,741295
or et argent faux battu en livret de 24 feuilles,79,non,out,741295
or et argent fin battu en livret de 24 feuilles,57,non,out,741295
or et argent monnayés,57,non,out,741295
or et argent paillette,1,non,out,741295
or et argent trait,1,non,out,741295
or faux,5,non,out,741295
or faux battu,1,non,out,741295
or laminé ou tiré,3,non,out,741295
or massif,3,non,out,741295
or pur,1,non,out,741295
or travaillé,3,non,out,741295
orange,703,non,out,741295
orange aigre,84,non,out,741295
orange chinoise,7,non,out,741295
orange confite,2,non,out,741295
orange de Malte,1,non,out,741295
orange douce,99,non,out,741295
orange du Portugal,2,non,out,741295
orange en caisse,1,non,out,741295
orange et citron,258,non,out,741295
orange et limon,2,non,,40052
orange fraîche,17,non,out,741295
orange ordinaire,1,non,out,741295
orange petite,1,non,out,741295
orange sèche,6,non,out,741295
orange séchée à faire chapelets,1,non,out,741295
orangelets,4,non,out,741295
orangelets secs,6,non,out,741295
orangers,19,non,out,741295
orangers à planter,1,non,out,741295
orangers petits,6,non,out,741295
orbe,2,non,out,741295
orcanette,18,non,out,741295
orcillons à faire colle,1,non,out,741295
oreillers,1,non,out,741295
oreilles et oreillons à faire colle,101,non,out,741295
oreillons,69,non,out,741295
orfèvrerie,260,non,out,741295
orfèvrerie d'argent,54,non,out,741295
orfèvrerie d'argent et d'or,34,non,out,741295
orfèvrerie d'or,10,non,out,741295
orfèvrerie d'or et d'argent,14,non,out,741295
orfèvrerie d'or ou de vermeil,7,non,out,741295
orfèvrerie de platine,1,non,out,741295
organdis,4,non,cotton goods,18103
organeaux,4,non,out,741295
orge,1082,non,,40052
orge de ???,1,non,out,741295
orge de retour,1,non,,40052
orge en gerbe,19,non,,40052
orge germé,17,non,,40052
orge jaune,1,non,out,741295
orge mondé,187,non,out,741295
orge moulu,3,non,out,741295
orge non germé,2,non,out,741295
orge paillarge,1,non,,40052
orge perlé,47,non,out,741295
orge perlé et mondé,149,non,,40052
orgue d'Allemagne,1,oui,out,741295
orgues,37,non,out,741295
orgues d'Allemagne,1,non,,40052
orgues d'église,1,non,out,741295
orgues de bois,1,non,out,741295
orgues de savoyard,3,non,out,741295
orgues portatives,5,non,out,741295
origan,28,non,out,741295
origine inconnue,1,non,out,741295
ormeaux,1,non,,40052
ormeaux à planter,2,non,out,741295
ormes à planter,1,non,out,741295
ornements d'église,122,non,out,741295
ornements de dessert,2,non,out,741295
ornements de fer,2,non,out,741295
ornements de table,2,non,out,741295
orobes,2,non,out,741295
orpiment,335,non,out,741295
orpiment broyé,4,non,out,741295
orpiment en pierre,1,non,out,741295
orpin,81,non,out,741295
orpin broyé,1,non,out,741295
orpin rouge,2,non,out,741295
orseille,63,non,out,741295
orseille apprêtée,10,non,out,741295
orseille bleu cendré tournesol en pâte,5,non,out,741295
orseille en drapeaux,1,non,out,741295
orseille en herbes,6,non,out,741295
orseille ou tournesol préparé,11,non,out,741295
orseille sèche,86,non,out,741295
orseille violette cud beard,4,non,out,741295
orties,1,non,out,741295
ortites de menuisier,1,non,out,741295
orviétan,1,non,out,741295
os de bétail,2,non,out,741295
os de bœuf,60,non,out,741295
os de bœuf et vache,1,non,out,741295
os de cœur de bœuf,1,non,out,741295
os de cœur de cerf et de seiche,2,non,out,741295
os de mouton,1,non,out,741295
os de seiche,9,non,out,741295
os de seiche serpia officinalis,7,non,out,741295
os desséchés,2,non,out,741295
os et sabots de bétail,2,non,out,741295
oseille,1,non,out,741295
oseille apprêtée,1,non,out,741295
osier,415,non,out,741295
osier d'en dessous de 7 paumes,9,non,out,741295
osier de 10 à 11 paumes,123,non,out,741295
osier de 12 à 14 paumes,91,non,out,741295
osier de 7 à 9 paumes,27,non,out,741295
osier de fer-blanc,3,non,out,741295
osier en bottes brut,7,non,out,741295
osier en bottes fendu et pelé,2,non,out,741295
osier en bottes fendu ou pelé,2,non,out,741295
osier en dessous de 10 paumes,35,non,out,741295
osier fendu ou pelé,3,non,out,741295
osier torches,8,non,out,741295
osserie de Dieppe,19,non,out,741295
ouate,105,non,out,741295
ouate d'étoupes,38,non,out,741295
ouate de coton,103,non,cotton goods,18103
ouate de laine,12,non,out,741295
ouate de soie,58,non,out,741295
outes ?,1,non,,40052
outil d'acier pur,1,oui,out,741295
outils,196,non,out,741295
outils à battre l'or,1,non,out,741295
outils à faire cartes et moules,3,non,out,741295
outils à soutirer le vin,5,non,out,741295
outils à sucre,1,non,out,741295
outils à tirer le vin,1,non,,40052
outils à tirer le vin au claire,2,non,out,741295
outils d'acier,1,oui,,40052
outils d'acier et de fer,5,non,out,741295
outils d'acier pur,8,non,out,741295
outils d'agriculture,1,non,out,741295
outils d'horloge,2,non,,40052
outils d'horlogerie,3,non,out,741295
outils d'imprimerie,10,non,,40052
outils d'imprimerie et de marbre,1,non,out,741295
outils de cuisine,7,non,out,741295
outils de cuivre ou de laiton,6,non,out,741295
outils de fer,21,non,out,741295
outils de fer à forgeron,1,non,out,741295
outils de fer de forgeron,1,non,out,741295
outils de fer pur,8,non,out,741295
outils de fer rechargé d'acier,8,non,out,741295
outils de frecatage,1,non,out,741295
outils de la pêche,301,non,,40052
outils de la pêche à corail,1,non,,40052
outils de labourage,3,non,out,741295
outils de lapidaire,1,non,out,741295
outils de maréchal,1,non,,40052
outils de marine,1,non,out,741295
outils de ménage,10,non,out,741295
outils de menuiserie,18,non,out,741295
outils de menuisier,1,non,out,741295
outils de moulins,1,non,out,741295
outils de moulins à papier,2,non,out,741295
outils de moulins de fer,4,non,out,741295
outils de pêche,326,non,out,741295
outils de pêche à la morue,4,non,,40052
outils de pêche à la morue verte,37,non,,40052
outils de pêche au poisson frais,2,non,,40052
outils de pêche aux moules,25,non,,40052
outils de pêche par Marseille,1,non,out,741295
outils menuisier,3,non,out,741295
outils pour boulanger,1,non,out,741295
outils pour charpentier,12,non,out,741295
outils pour ferblantier,2,non,out,741295
outils pour la pêche,115,oui,,40052
outils pour laboureur,3,non,out,741295
outils pour marchands de vin,2,non,out,741295
outils pour miroitier,2,non,out,741295
outils pour orfèvre,3,non,out,741295
outils pour ouvrier,1,non,out,741295
outils pour sécheurs,10,non,out,741295
outils pour tisserand,3,non,out,741295
outremer,1,non,out,741295
outres de peau pleines,2,non,,40052
outres vides,2,non,out,741295
outres vieilles,1,non,,40052
ouvrages,95,non,out,741295
ouvrages ???,2,non,out,741295
ouvrages ??? à couvrir,1,non,out,741295
ouvrages brisés et vieux ouvrages de laiton,1,non,out,741295
ouvrages d'acier,13,non,out,741295
ouvrages d'acier et de fer,1,non,,40052
ouvrages d'agate,4,non,out,741295
ouvrages d'agate et agate chique,1,non,out,741295
ouvrages d'airain,16,non,out,741295
ouvrages d'albâtre,6,non,out,741295
ouvrages d'albâtre et ouvrages de bois et ouvrages de marbre,8,non,out,741295
ouvrages d'ambre,1,non,out,741295
ouvrages d'ambre jaune,1,non,out,741295
ouvrages d'architecture,1,non,out,741295
ouvrages d'argent,2,non,out,741295
ouvrages d'argent et d'or,5,non,out,741295
ouvrages d'argent et d'or et de soie,24,non,out,741295
ouvrages d'argent et d'or faux,2,non,out,741295
ouvrages d'argent et de soie,2,non,out,741295
ouvrages d'argent fil et soie,1,non,out,741295
ouvrages d'argent fin d'or et de soie,1,non,out,741295
ouvrages d'argent or et soie,1,non,out,741295
ouvrages d'argent plaqué,1,non,out,741295
ouvrages d'auf,50,non,out,741295
ouvrages d'auf bandeaux,1,non,out,741295
ouvrages d'auf en cousses,1,non,out,741295
ouvrages d'auf et de jonc,2,non,out,741295
ouvrages d'écaille,1,non,out,741295
ouvrages d'étain,1007,non,out,741295
ouvrages d'horlogerie,13,oui,out,741295
ouvrages d'horlogerie montés,7,non,out,741295
ouvrages d'industrie,301,non,out,741295
ouvrages d'industrie étrangers,54,non,out,741295
ouvrages d'ivoire,110,non,out,741295
ouvrages d'opium,1,non,out,741295
ouvrages d'optiques,5,non,out,741295
ouvrages d'or,1,non,out,741295
ouvrages d'or faux,3,non,out,741295
ouvrages d'orfèvrerie,6,non,out,741295
ouvrages d'osier,20,non,out,741295
ouvrages d'osserie,2,non,,40052
ouvrages de bergamotes,1,non,out,741295
ouvrages de bois,870,non,out,741295
ouvrages de bois de noyer,1,non,out,741295
ouvrages de bois de Saint-Claude,1,non,out,741295
ouvrages de bois de sapin,1,non,out,741295
ouvrages de bois doré,17,non,out,741295
ouvrages de bois en atelier de coluses,1,non,out,741295
ouvrages de bois en plaqué,2,non,out,741295
ouvrages de bois et ouvrages d'osier,10,non,out,741295
ouvrages de bois et ouvrages de cuir,18,non,out,741295
ouvrages de bois et ouvrages de cuivre,16,non,out,741295
ouvrages de bois et ouvrages de fer-blanc,5,non,out,741295
ouvrages de bois et ouvrages de modes et fleurs artificielles,18,non,out,741295
ouvrages de bois et ouvrages de passementerie,12,non,out,741295
ouvrages de bois et ouvrages de peau,10,oui,out,741295
ouvrages de bois et ouvrages en terre cuite et ouvrages en brique,13,non,out,741295
ouvrages de bois et pelleterie,10,non,,40052
ouvrages de bois et vannerie d'osier,10,non,out,741295
ouvrages de bois gros,118,non,out,741295
ouvrages de bois menus,86,non,out,741295
ouvrages de bois non doré,4,non,out,741295
ouvrages de bois peint,1,non,out,741295
ouvrages de bois pour bâtir,1,non,out,741295
ouvrages de bois pour charpente,1,non,out,741295
ouvrages de bois pour le bâtiment,1,non,out,741295
ouvrages de bois sculpté et doré,44,non,out,741295
ouvrages de bois simple,30,non,out,741295
ouvrages de bois simple et doré,25,non,out,741295
ouvrages de bois simples en grilles de sapin,1,non,out,741295
ouvrages de bois verni,2,non,out,741295
ouvrages de bronze,7,non,out,741295
ouvrages de buis,7,non,out,741295
ouvrages de carreaux et tuiles,2,non,out,741295
ouvrages de carton,36,non,out,741295
ouvrages de carton assemblé coupé et moulé,2,non,out,741295
ouvrages de chanvre,1,non,out,741295
ouvrages de chanvre en masse,1,non,out,741295
ouvrages de chanvre en rames,1,non,out,741295
ouvrages de charpentier,68,non,out,741295
ouvrages de charron,9,non,out,741295
ouvrages de charronnage,17,non,out,741295
ouvrages de chêne,1,non,out,741295
ouvrages de cire,4,non,out,741295
ouvrages de cire blanche,68,non,out,741295
ouvrages de cire jaune,3,non,out,741295
ouvrages de corail,396,non,out,741295
ouvrages de corail brut,1,non,out,741295
ouvrages de corail fin,2,non,out,741295
ouvrages de corail rouge,2,non,,40052
ouvrages de cordonnerie de peaux,1,non,out,741295
ouvrages de cordonnier,8,non,out,741295
ouvrages de cordonnier de cuir,1,non,out,741295
ouvrages de cordonnier de soie,2,non,out,741295
ouvrages de corne et d'ivoire,1,non,out,741295
ouvrages de coton,3,non,cotton goods,18103
ouvrages de coton et de laine et de fil et de filoselle,9,non,cotton goods,18103
ouvrages de coudrier,60,non,out,741295
ouvrages de coutellerie,105,non,out,741295
ouvrages de coutellerie argenterie,1,non,out,741295
ouvrages de crin,1,non,out,741295
ouvrages de crin de cheval,86,non,out,741295
ouvrages de cristal,105,non,out,741295
ouvrages de cuir,179,non,out,741295
ouvrages de cuir ?,1,non,,40052
ouvrages de cuir ???? en soie pour femme,2,non,out,741295
ouvrages de cuir argenté et doré,5,non,out,741295
ouvrages de cuir blanc,1,non,out,741295
ouvrages de cuir doré,3,non,out,741295
ouvrages de cuir et bonnets de soie,4,non,out,741295
ouvrages de cuir et peaux,2,non,out,741295
ouvrages de cuisse,1,non,out,741295
ouvrages de cuivre,1254,non,out,741295
ouvrages de cuivre argenté,23,non,out,741295
ouvrages de cuivre argenté et dor,5,non,,40052
ouvrages de cuivre argenté et doré et plaqué,37,non,,40052
ouvrages de cuivre doré,10,non,out,741295
ouvrages de cuivre doré et argenté,344,non,out,741295
ouvrages de cuivre et argent,1,non,out,741295
ouvrages de cuivre garnis en argent,1,non,out,741295
ouvrages de cuivre jaune,154,non,out,741295
ouvrages de cuivre plaqué,1,non,,40052
ouvrages de cuivre potin,1,non,out,741295
ouvrages de cuivre rouge,142,non,out,741295
ouvrages de cuivre simples,18,non,out,741295
ouvrages de damier,2,non,out,741295
ouvrages de drap,3,non,out,741295
ouvrages de faïence,258,non,out,741295
ouvrages de fer,1148,non,out,741295
ouvrages de fer de plomb,1,non,out,741295
ouvrages de fer et clous,72,non,,40052
ouvrages de fer et de fonte,1,non,out,741295
ouvrages de fer et ouvrages de jonc,7,non,out,741295
ouvrages de fer grossiers,1,non,out,741295
ouvrages de fer noir,1,non,out,741295
ouvrages de fer pour maréchal,2,non,out,741295
ouvrages de fer simples,1,non,out,741295
ouvrages de fer tôle ou fer-blanc,5,non,out,741295
ouvrages de fer-blanc,203,non,out,741295
ouvrages de fer-blanc et tôle vernie,29,non,out,741295
ouvrages de fer-blanc ou fer tôle,2,non,out,741295
ouvrages de feutres,3,non,out,741295
ouvrages de fil,5,non,out,741295
ouvrages de fil en filoselle,1,non,out,741295
ouvrages de fil en galon,2,non,out,741295
ouvrages de filoselle,8,non,out,741295
ouvrages de filoselle en ruban,1,non,out,741295
ouvrages de filoselle et de soie,1,non,out,741295
ouvrages de fleuret,8,non,out,741295
ouvrages de fleurs,6,non,out,741295
ouvrages de fleurs artificielle,5,oui,out,741295
ouvrages de fondeur,3,non,out,741295
ouvrages de fonte,168,non,out,741295
ouvrages de fourreurs,2,non,out,741295
ouvrages de grès,1,non,out,741295
ouvrages de jais,11,non,out,741295
ouvrages de jaspe,17,non,out,741295
ouvrages de jonc,108,non,out,741295
ouvrages de jonc et de paille,2,non,out,741295
ouvrages de jonc et sparterie,2,non,out,741295
ouvrages de jouets en malles,1,non,out,741295
ouvrages de laine,3,non,out,741295
ouvrages de laine et soie,1,non,out,741295
ouvrages de laiton,128,non,out,741295
ouvrages de liège,11,non,out,741295
ouvrages de linge,6,non,out,741295
ouvrages de mandrier,59,non,out,741295
ouvrages de marbre,420,non,out,741295
ouvrages de marbre à jouer,2,non,out,741295
ouvrages de marbre et cuivre doré,2,non,out,741295
ouvrages de marbre et ouvrages d'albâtre,29,non,out,741295
ouvrages de marqueterie,1,non,out,741295
ouvrages de mécanique,11,non,out,741295
ouvrages de menuiserie,4,non,out,741295
ouvrages de menuiserie simple,62,non,out,741295
ouvrages de menuisier,2,non,out,741295
ouvrages de métal,2,non,out,741295
ouvrages de métal frappé et moulu,14,non,out,741295
ouvrages de mi soie,1,non,out,741295
ouvrages de mode et porcelaine,1,non,out,741295
ouvrages de modes,402,non,out,741295
ouvrages de paille,8,non,out,741295
ouvrages de paille pour chapeaux,3,non,out,741295
ouvrages de palme,4,non,out,741295
ouvrages de papeterie,1,non,out,741295
ouvrages de pâte,1,non,out,741295
ouvrages de peau,52,oui,out,741295
ouvrages de peaux,3,oui,out,741295
ouvrages de peaux d'oigneaux,1,oui,out,741295
ouvrages de peaux de daim,1,oui,out,741295
ouvrages de peaux diverses,1,oui,out,741295
ouvrages de peaux outres pleines,2,oui,out,741295
ouvrages de physique,1,non,out,741295
ouvrages de pierre,15,non,out,741295
ouvrages de pierre autre que chiques,2,non,out,741295
ouvrages de pierres de jais,1,non,out,741295
ouvrages de pierres de jayet,1,non,out,741295
ouvrages de plâtre,10,non,out,741295
ouvrages de plâtre en figure,119,non,out,741295
ouvrages de plomb,65,non,out,741295
ouvrages de plumes,15,non,out,741295
ouvrages de plumes d'autruche,14,non,out,741295
ouvrages de poterie,2,non,out,741295
ouvrages de potin,1,non,out,741295
ouvrages de sapin,1,non,out,741295
ouvrages de sellier de toutes sortes,130,non,out,741295
ouvrages de serrurerie,67,non,out,741295
ouvrages de serrurerie de fer,65,non,out,741295
ouvrages de serrurerie en ressorts de voiture,1,oui,out,741295
ouvrages de soie,80,non,out,741295
ouvrages de soie et dorure,3,non,out,741295
ouvrages de soulier couverts en étoffe de soie pour femme,4,non,out,741295
ouvrages de Spa,2,non,out,741295
ouvrages de Spa en bois verni,110,non,out,741295
ouvrages de sparterie,44,non,out,741295
ouvrages de sparterie commune cordage de jonc paille roseaux et écorce de bois,10,non,out,741295
ouvrages de sparterie commune et cordage de jonc ...,20,non,out,741295
ouvrages de tabac,17,non,out,741295
ouvrages de tabletterie,101,non,out,741295
ouvrages de taillandier,6,non,out,741295
ouvrages de terre,1,non,out,741295
ouvrages de terre cuite,220,non,out,741295
ouvrages de terre cuite et porcelaine,2,non,,40052
ouvrages de terre en postures,5,non,out,741295
ouvrages de terre vernie,2,non,,40052
ouvrages de toile,18,non,out,741295
ouvrages de toile pour linge de table,1,non,out,741295
ouvrages de tôle,1,non,out,741295
ouvrages de tonnelier,56,non,out,741295
ouvrages de tonnelier en feuilles,1,non,out,741295
ouvrages de tonnellerie,6,non,out,741295
ouvrages de tourneur,39,non,out,741295
ouvrages de vannerie de bois et d'osier,19,non,out,741295
ouvrages de verre,11,non,out,741295
ouvrages de verre en ???,4,non,out,741295
ouvrages de verre en bossage,1,non,out,741295
ouvrages de verre en rassades,9,non,out,741295
ouvrages de verres,21,non,out,741295
ouvrages de zinc,2,non,out,741295
ouvrages devant,0,non,out,741295
ouvrages divers,340,non,out,741295
ouvrages divers d'étain,3,non,out,741295
ouvrages divers en pierre,3,non,,40052
ouvrages dorés,1,non,out,741295
ouvrages dorés argentés et plaqués,20,non,out,741295
ouvrages dorure fausse,58,non,out,741295
ouvrages en argenture et dorure,1,non,out,741295
ouvrages en brique vernissée,1,non,out,741295
ouvrages en cheveux,2,non,out,741295
ouvrages en cuivre plaqué doré et argenté,38,non,out,741295
ouvrages en dorure,5,non,out,741295
ouvrages en dorure argent faux,1,non,out,741295
ouvrages en dorure fil d'argent,1,non,out,741295
ouvrages en dorure fine,34,non,out,741295
ouvrages en dorure fine et galon or et argent,1,non,,40052
ouvrages en dorure sur soie,1,non,out,741295
ouvrages en esparballe,1,non,out,741295
ouvrages en fleurs artificielles,47,non,out,741295
ouvrages en futaillerie et de Saint-Claude,1,non,out,741295
ouvrages en harnais et sellerie,33,non,out,741295
ouvrages en ivoire et écaille,2,non,out,741295
ouvrages en lames à couvrir,1,non,out,741295
ouvrages en marbre,4,non,out,741295
ouvrages en métal,1,non,out,741295
ouvrages en métal et fer,1,non,out,741295
ouvrages en métaux communs argentés dorés plaqués vernissés,4,non,out,741295
ouvrages en métaux communs plaqués,2,non,out,741295
ouvrages en nacre de perle,1,non,out,741295
ouvrages en nattes de bois,0,non,out,741295
ouvrages en nattes de Moscovie,0,non,out,741295
ouvrages en passementerie ordinaire,13,oui,out,741295
ouvrages en pierres,8,non,out,741295
ouvrages en poil autres que le tissu,2,non,out,741295
ouvrages en terre cuite,86,oui,out,741295
ouvrages en tôle vernie,4,non,out,741295
ouvrages et ornements pour une église,1,non,out,741295
ouvrages et outils d'horlogerie,67,non,out,741295
ouvrages pantoufles,2,non,out,741295
ouvrages riches et divers,2,oui,out,741295
ouvrages tricotés pour vestes camisoles et culottes,120,non,out,741295
oxyde d'étain et de fer,4,non,out,741295
oxyde de cuivre,1,non,out,741295
oxyde de manganèse,2,non,out,741295
oxyde de plomb,0,non,out,741295
oxyde de zinc blanc,1,non,out,741295
oxyde de zinc blanc ou gris,2,non,out,741295
oxyde de zinc gris cendré,40,non,out,741295
oxyde de zinc gris cendré (tutie),1,oui,,40052
P ???,1,non,out,741295
packlaeken,15,non,out,741295
packlaeken blanc,6,non,out,741295
packlaeken teint,4,non,out,741295
pacotille,20,non,,40052
padoux,30,non,out,741295
padoux de fil,17,non,out,741295
padoux de fleuret et soie,1,non,out,741295
padoux de laine,1,non,out,741295
paesures,1,non,out,741295
pagas,1,non,out,741295
pagne,11,non,out,741295
paillasses,1,non,out,741295
paillassons et tapis de sol,41,non,out,741295
paille,249,non,out,741295
paille d'herbes,2,non,out,741295
paille de foin,1,non,out,741295
paille de lin,5,non,out,741295
paille dite chaume à couvrir toits,2,non,out,741295
paille et herbes de pâturage,3,non,out,741295
paille hachée,60,non,out,741295
paille pour chaise,3,non,out,741295
paillers d'espars,4,non,out,741295
pailles de bois,1,non,out,741295
paillettes,1,non,,40052
paillettes d' ???,1,oui,out,741295
paillettes d'argent,1,non,out,741295
paillettes d'or,3,non,out,741295
paillettes d'or fin et paillous d'or fin,2,non,out,741295
pain,108,non,out,741295
pain ?,1,non,out,741295
pain à cacheter,31,non,out,741295
pain à castille,2,non,out,741295
pain d'épice,286,non,out,741295
pain d'épice et pâtisserie,2,non,out,741295
pain de cire blanche,2,non,out,741295
pain de colza et de lin et de navette,1,non,out,741295
pain de graine de lin,2,non,out,741295
pain de graine de lin et de navette,2,non,out,741295
pain de navette,288,non,out,741295
pain de navette en poudre,95,non,out,741295
paires de poulets,1,oui,out,741295
palangre,11,non,out,741295
palatine,23,non,out,741295
palatine avec argent,1,non,out,741295
palatine de chenille,1,non,out,741295
palatine de peau de grèbe,1,non,out,741295
palatine de soie,7,non,out,741295
palatine et coiffures de gaze,1,non,out,741295
palenas,1,non,out,741295
paliacates,3,non,out,741295
palins,2,non,out,741295
Palma Christi,1,oui,out,741295
palme,19,non,out,741295
palme en feuilles,79,non,out,741295
palme pour balais,1,non,out,741295
palun,12,non,out,741295
panade,1,non,out,741295
panetons,2,non,out,741295
paniers,7,non,out,741295
paniers à chauffer,1,non,out,741295
paniers à couvrir de terre cuite,1,non,out,741295
paniers à ouvrages,1,non,out,741295
paniers d'espars,1,non,out,741295
paniers d'habit,5,non,out,741295
paniers d'habit de crin,1,non,out,741295
paniers d'olives,1,non,out,741295
paniers d'orseille,1,non,out,741295
paniers d'oseille,1,non,out,741295
paniers d'osier,101,non,out,741295
paniers d'osier petit,1,non,out,741295
paniers de caudré,1,non,out,741295
paniers de coudre,7,non,out,741295
paniers de cuivre,1,non,out,741295
paniers de femme,4,non,out,741295
paniers de fer,1,non,out,741295
paniers de foudre,1,non,out,741295
paniers de jonc,2,non,out,741295
paniers de vannier,2,non,,40052
paniers pour femme,2,non,out,741295
panine,16,non,out,741295
panine de soie,28,non,out,741295
panis à cachette,2,non,out,741295
panne,124,non,out,741295
panne à couvrir,4,non,out,741295
panne ciselée,2,non,out,741295
panne d'Amiens,8,non,out,741295
panne de coton,1,non,cotton goods,18103
panne de fil et de laine,2,non,,40052
panne de laine,33,non,out,741295
panne de laine et de long poil,1,non,out,741295
panne de laine et de poil,4,non,out,741295
panne de laine et peluches de laine,0,non,out,741295
panne de laine et peluchesde laine,1,oui,,40052
panne de laine ficelée,1,non,out,741295
panne de poil,38,non,out,741295
panne de poil longue,1,non,out,741295
panne de soie,95,non,out,741295
panne de velours,1,non,out,741295
panne de velours sur soie,2,non,out,741295
panne des prises,2,non,out,741295
panne écarlate,5,non,out,741295
panne en peluches et tripe,2,oui,,40052
panne en peluches et tripe aune,2,oui,out,741295
panne en poil,5,non,out,741295
panne imprimée,2,non,out,741295
panne laine et poil,2,non,out,741295
panne ordinaire,7,non,out,741295
panne peluches et tripe,2,oui,out,741295
panne poil,1,non,out,741295
panne rouge,1,non,out,741295
"panne, peluches et tripe",234,non,,40052
panneau et carreaux rouges à paver,1,oui,,40052
panneaux,14,non,out,741295
panneaux de bois,1,non,out,741295
panneaux et carreaux rouges à paver,1,non,,40052
pans à couvrir de terre cuite,3,non,out,741295
pantalons,1,non,out,741295
pantalons de soie,1,non,out,741295
pantoufles,5,non,out,741295
pantoufles brodées,2,non,out,741295
pantoufles brodées pour femme,1,non,out,741295
pantoufles de cuir,2,non,out,741295
pantoufles de cuir et de maroquin,4,non,out,741295
paons,6,non,out,741295
papelias,1,non,out,741295
papeterie,5,oui,,40052
papeterie de toutes sortes,5,oui,,40052
papier,2182,non,out,741295
papier ???,5,non,out,741295
papier à bulle,18,non,out,741295
papier à bulle blanc,52,non,out,741295
papier à bulle gros,2,non,out,741295
papier à cartes,1,non,out,741295
papier à cartouche,2,non,out,741295
papier à connaissements,1,non,out,741295
papier à doublage,9,non,out,741295
papier à doublage et peint,3,non,out,741295
papier à écrire,708,non,out,741295
papier à écrire bleu gris,11,non,out,741295
papier à écrire commun,1,non,,40052
papier à écrire toute espèce,5,non,out,741295
papier à écu fin,2,non,out,741295
papier à enveloppe,12,non,out,741295
papier à enveloppe à pâte de couleur,5,non,,40052
papier à envelopper,1,non,out,741295
papier à états,1,non,out,741295
papier à éventail,16,non,out,741295
papier à facture,3,non,out,741295
papier à faire carte,4,non,out,741295
papier à feites,1,non,out,741295
papier à friser,1,non,out,741295
papier à gargousse,1,non,out,741295
papier à grand compte,2,non,out,741295
papier à image,4,non,out,741295
papier à impression,9,non,out,741295
papier à imprimer,16,non,out,741295
papier à imprimer et à faire carte,70,non,out,741295
papier à l'eau,9,non,out,741295
papier à l'eau commun,2,non,out,741295
papier à l'eau fin,3,non,out,741295
papier à l'école,1,non,out,741295
papier à l'écu,40,non,out,741295
papier à l'écu fin,21,non,out,741295
papier à l'étoile,41,non,out,741295
papier à l'étoile commun,6,non,out,741295
papier à l'étoile fin,15,non,out,741295
papier à la cloche,11,non,out,741295
papier à la noblesse,1,non,out,741295
papier à la piperie,2,non,out,741295
papier à lettre,58,non,out,741295
papier à lettres de Hollande,1,non,out,741295
papier à litière,1,non,out,741295
papier à meubler,128,non,out,741295
papier à ministre,1,non,out,741295
papier à musique,3,non,out,741295
papier à paqueter grand format,3,non,out,741295
papier à paqueter petit format,3,non,out,741295
papier à plan,4,non,out,741295
papier à pliage,2,non,out,741295
papier à sucre,40,non,out,741295
papier à tapisserie,3,non,out,741295
papier à toile,1,non,out,741295
papier argenté et doré,6,non,out,741295
papier aux armes,20,non,out,741295
papier bâtard,128,non,out,741295
papier bâtard blanc,1,non,out,741295
papier bâtard fin,95,non,out,741295
papier blanc,1365,non,out,741295
papier blanc à écrire,141,non,out,741295
papier blanc à enveloppe,3,non,out,741295
papier blanc et peint,1,non,,40052
papier blanc Galmes,0,non,out,741295
papier blanc ou rayé pour musique,3,non,out,741295
papier blanc petit format,3,non,out,741295
papier blanc rainé,1,non,out,741295
papier bleu,88,non,out,741295
papier bleu à couvrir,81,non,out,741295
papier bleu de Hollande,1,non,out,741295
papier bleu et gris,1,non,out,741295
papier bleu et gris à enveloppes,2,non,,40052
papier bleu petit format,3,non,out,741295
papier bouet,1,non,out,741295
papier brodé à figures de soie,2,non,out,741295
papier brouillard,8,non,out,741295
papier brun,2,non,out,741295
papier bulle,2,non,out,741295
papier bulle blanc,23,non,out,741295
papier bulle blanche,2,non,out,741295
papier bulle gros,1,non,out,741295
papier buvard,4,non,out,741295
papier buvard fin,4,non,out,741295
papier carré,4,non,out,741295
papier cartier,6,non,out,741295
papier cire à cacheter,5,non,out,741295
papier collé,2,non,out,741295
papier colombier,1,non,out,741295
papier colorié en rames,2,non,out,741295
papier colorié en rames pour reliures,4,non,out,741295
papier commun,140,non,out,741295
papier commun et à enveloppe,4,non,out,741295
papier cornet,2,non,out,741295
papier cornet et petit,1,non,out,741295
papier corue,5,non,out,741295
papier couronne,1,non,out,741295
papier cru fin,4,non,out,741295
papier d'emballage,63,non,out,741295
papier d'emballage gris,49,non,out,741295
papier d'enveloppe,8,oui,out,741295
papier d'enveloppe à pâte de couleur,5,oui,out,741295
papier d'estrasse,41,non,out,741295
papier d'estrasse gris,1,non,out,741295
papier d'étoupe,1,non,out,741295
papier de,1,non,,40052
papier de Charente,4,non,out,741295
papier de Chine,2,non,out,741295
papier de couleur,3,non,out,741295
papier de couleur et peint,46,non,out,741295
papier de Gênes,2,non,out,741295
papier de Gênes commun,6,non,out,741295
papier de Gênes fin,124,non,out,741295
papier de Gênes fin et petit,1,non,out,741295
papier de Gênes peint,1,non,out,741295
papier de Gênes petit,4,non,out,741295
papier de Hollande,25,non,out,741295
papier de Lamballe,7,non,out,741295
papier de marquis,1,non,out,741295
papier de matique,1,non,out,741295
papier de musique,66,non,out,741295
papier de pliage,53,non,out,741295
papier de poste,11,non,out,741295
papier de raisin,11,non,out,741295
papier de soie,4,non,out,741295
papier de tapisserie,13,non,out,741295
papier des Indes,1,non,out,741295
papier dessiné,1,non,out,741295
papier divers ordre,2,non,,40052
papier doré,32,non,out,741295
papier doré et fleuragé et marbré,74,non,out,741295
papier doré et marbré,2,non,out,741295
papier double lys,6,non,out,741295
papier drapé,1,non,out,741295
papier en balle,2,non,out,741295
papier en livres,5,non,,40052
papier en planches,1,non,out,741295
papier estrasse,4,non,out,741295
papier et bois d'éventail,1,non,out,741295
papier étoile,1,non,out,741295
papier étoile fin,3,non,out,741295
papier fin,10,non,out,741295
papier fleuragé et doré,12,non,out,741295
papier gaufré,6,non,out,741295
papier grand carnet,0,non,out,741295
papier grand compte,2,non,out,741295
papier grand cornet,2,non,out,741295
papier grand éléphant,1,non,out,741295
papier grand format,2,non,out,741295
papier grand raisin,1,non,out,741295
papier grandes rames,5,non,out,741295
papier gris,181,non,out,741295
papier gris cassé,1,non,out,741295
papier grossier,15,non,out,741295
papier impérial,2,non,out,741295
papier intissé,1,non,out,741295
papier jaune fin,1,non,out,741295
papier jésier,1,non,out,741295
papier lombard,6,non,out,741295
papier marbré,5,non,out,741295
papier marbré et à meubler,14,non,out,741295
papier métallisé,3,non,out,741295
papier montage,1,non,out,741295
papier musique gravé,12,non,out,741295
papier noir,9,non,out,741295
papier pâte fine,1,non,out,741295
papier peint,390,non,out,741295
papier peint à tapisserie,6,non,out,741295
papier peint de Chine,1,non,out,741295
papier peint en rouleau,2,non,out,741295
papier peint en rouleau pour teinture,5,non,out,741295
papier peint et à meubler,45,non,out,741295
papier peint et à tapisserie,6,non,out,741295
papier peint et de foulards,2,non,out,741295
papier peint pour teinture,2,non,out,741295
papier petit,2,non,out,741295
papier petit fin,1,non,out,741295
papier petit pot,1,non,out,741295
papier pliage,7,non,out,741295
papier point,6,non,out,741295
papier pot,2,non,out,741295
papier pot fin,2,non,out,741295
papier pour éventails,5,non,out,741295
papier pour polir le bois et les métaux,1,non,out,741295
papier pour tapisserie,2,non,out,741295
papier pour tenture,192,non,out,741295
papier raisin,1,non,out,741295
papier registres blancs,1,non,out,741295
papier roux,1,non,out,741295
papier royal,3,non,out,741295
papier tellière,2,non,out,741295
papier tontisse,9,non,out,741295
papier velin,1,non,,40052
papier violet,79,non,out,741295
papillons,1,non,out,741295
papillons secs,1,non,out,741295
paquets,0,non,,40052
paquets de feuillards,1,oui,,40052
parapluies,187,non,out,741295
parapluies autres et caracasse,2,non,out,741295
parapluies caracasse de,2,non,out,741295
parapluies communs,7,non,out,741295
parapluies de soie,13,non,out,741295
parapluies de taffetas,5,non,out,741295
parapluies de toile,8,non,out,741295
parapluies de toile cirée,7,non,out,741295
parapluies et parasols,318,non,out,741295
parasols,338,non,out,741295
parasols de coutil,1,non,out,741295
parasols de peau,1,non,out,741295
parasols de soie,71,non,out,741295
parasols de taffetas,8,non,out,741295
parasols de toile cirée,1,non,out,741295
paravent,28,non,out,741295
paravent de la Chine,2,non,out,741295
paravent peint,2,non,out,741295
paravent vernis,1,non,out,741295
parchemin achevé,2,non,out,741295
parchemin de mouton,1,non,,40052
parchemin et vélin achevés,2,non,out,741295
parchemin et vélin bruts,2,non,out,741295
parchemins,328,non,out,741295
parchemins caficule,1,non,out,741295
parchemins en feuilles,1,non,out,741295
parchemins neufs,112,non,out,741295
parchemins vieux,79,non,out,741295
pareira brava,18,non,out,741295
parement,1,non,out,741295
parfum,2,non,out,741295
parfumerie,851,non,out,741295
parfumerie à la valeur,1,oui,out,741295
parfumerie diverse,5,oui,,40052
parfumerie eau de senteur,70,non,out,741295
parfumerie en essence,5,non,,40052
parfumerie en pommade et poudre,4,non,,40052
parfumerie et eau spiritueuse,16,non,out,741295
parfumerie et gants de peau,101,non,,40052
parfumerie huile et essence,72,non,out,741295
parfumerie mêlée de bois odorant ambre gris musc eau de senteur essence et huile odorante encens myrrhe poudre et pommade,13,non,out,741295
parfumerie musc,3,non,out,741295
parfumerie pommade,130,non,out,741295
parfumerie poudre à poudrer,54,non,out,741295
parfumerie poudre d'odeur,4,non,out,741295
parfumerie rouge,4,non,out,741295
pariera,2,non,out,741295
parrancens,1,non,out,741295
parse,1,non,out,741295
particuliers,2,oui,,40052
particuliers français,1,non,,40052
parun,3,non,out,741295
passager anglais,1,oui,,40052
passager domestique,1,oui,,40052
passager fils du capitaine,1,oui,,40052
passager homme,2,oui,,40052
passager marin disgrâcié,1,oui,,40052
passager matelot,5,oui,,40052
passager matelot disgrâcié,1,oui,,40052
passager Moulha Cassen,1,oui,,40052
passagers,6762,non,,40052
passagers algériens,1,non,,40052
passagers anglais,1,non,,40052
passagers anglais prisonniers,1,non,,40052
passagers disgrâciés,1,non,,40052
passagers domestique,1,non,,40052
passagers équipage disgrâciés des vaissieaux du Roi,2,non,,40052
passagers esclaves corses rachetés,1,non,,40052
passagers fils du capitaine,1,non,,40052
passagers français,1,non,,40052
passagers homme,2,non,,40052
passagers marin disgrâcié,1,non,,40052
passagers marins,1,non,,40052
passagers marins disgrâciés,3,non,,40052
passagers marins disgrâciés des vaisseaux du Roi,1,non,,40052
passagers matelot,5,non,,40052
passagers matelot disgrâcié,1,non,,40052
passagers militaires,2,non,,40052
passagers Moulha Cassen,1,non,,40052
passagers prisonniers français,1,non,,40052
passagers soldats,1,non,,40052
passagers turcs,1,non,,40052
passementerie,297,non,out,741295
passementerie argent faux,1,non,out,741295
passementerie bise écrue ou herbée,1,non,out,741295
passementerie blanche ou mélangée de blanc,1,oui,out,741295
passementerie blanche ou mêlée de blanc,1,non,,40052
passementerie d'argent,1,non,out,741295
passementerie d'argent et d'or faux et de soie,1,non,out,741295
passementerie d'argent et de soie,1,non,out,741295
passementerie d'or,3,non,out,741295
passementerie d'or et d'argent,11,non,out,741295
passementerie d'or et de soie,1,non,out,741295
passementerie de chanvre de fil bis écru herbé et de lin,3,non,out,741295
passementerie de chanvre de fil blanc et mélangé de blanc et de lin,3,non,out,741295
passementerie de chanvre de fil teint en tout et en partie et de lin,2,non,out,741295
passementerie de chanvre de laine blanche et de lin,2,non,out,741295
passementerie de chanvre de laine écrue et de lin,2,non,out,741295
passementerie de chanvre de laine teinte et de lin,2,non,out,741295
passementerie de coton,5,non,cotton goods,18103
passementerie de coton et ruban de coton,2,non,cotton goods,18103
passementerie de crin,5,non,out,741295
passementerie de fil,1,non,out,741295
passementerie de fil de chanvre ou de lin bis écru herbé ou mélangé,2,non,out,741295
passementerie de fil de chanvre ou de lin bis écru ou herbé,2,non,out,741295
passementerie de fil de chanvre ou de lin teint en tout ou partie,2,non,out,741295
passementerie de fil de soie et galon,1,non,out,741295
passementerie de fil en filoselle,3,non,out,741295
passementerie de fil et coton,10,non,cotton goods,18103
passementerie de fil et laine,65,non,out,741295
passementerie de fil et soie,5,non,out,741295
passementerie de fil laine et poil,1,non,out,741295
passementerie de filoselle,1,non,out,741295
passementerie de fleuret,1,non,,40052
passementerie de fleuret et ruban de fleuret,4,non,out,741295
passementerie de laine,121,non,out,741295
passementerie de laine blanche écrue pure,2,non,out,741295
passementerie de laine écrue pure,2,non,out,741295
passementerie de laine mélangée de fil laine et poil,2,oui,out,741295
passementerie de laine mêlée de fil,1,non,out,741295
passementerie de laine mêlée de fil laine et poil,2,non,,40052
passementerie de laine ou sayette,7,non,out,741295
passementerie de laine pure teinte,4,non,out,741295
passementerie de poil de chèvre,50,non,out,741295
passementerie de soie,144,non,out,741295
passementerie de soie d'argent ou d'or faux,2,non,out,741295
passementerie de soie d'argent ou d'or fin,2,non,out,741295
passementerie de soie et laine,10,non,out,741295
passementerie de soie mêlée,1,non,out,741295
passementerie de soie pure,7,non,out,741295
passementerie divers,75,non,out,741295
passementerie en frange de fil,3,non,out,741295
passementerie en soie,1,oui,out,741295
passementerie et ruban de fleuret,2,non,out,741295
passementerie et ruban de laine mêlée de fil,1,non,out,741295
passementerie et ruban de laine teinte,2,non,out,741295
passementerie et ruban de soie pure,2,non,out,741295
passementerie fine en filets d'or,1,non,out,741295
passementerie fine en velours,2,non,out,741295
passementerie mêlé de soie,10,non,out,741295
passementerie mêlée d'argent d'or et de soie,3,non,out,741295
passementerie mêlée d'argent d'or faux et fin et de soie,2,non,out,741295
passementerie mêlée d'argent ou d'or faux ou fin,1,non,out,741295
passementerie mêlées d'autres matières que d'argent ou d'or,2,non,out,741295
passementerie ordinaire,55,non,out,741295
passementerie teinte en tout ou partie,1,non,out,741295
passepierre,8,non,out,741295
passepoil de laine,1,non,out,741295
passes,5,non,out,741295
passetatons de cordonnier,1,non,out,741295
pastel,100,non,out,741295
pastel à teindre,0,non,out,741295
pastel romain,1,non,out,741295
pastèques,3,non,out,741295
pastilles,14,non,out,741295
pastilles odoriférantes à brûler,1,non,out,741295
pastilles odoriférantes du sérail,1,non,out,741295
pataques,9,non,out,741295
patates,31,oui,out,741295
pâte,30,non,out,741295
pâte à fruits,2,non,out,741295
pâte à papier,7,non,out,741295
pâte d'amade,2,non,,40052
pâte d'amandes,156,non,out,741295
pâte d'ancre,2,oui,out,741295
pâte d'asperges,5,non,out,741295
pâte d'Italie,9,non,out,741295
pâte d'Italie et autres granulés,3,non,out,741295
pâte d'Italie et vermicelle,76,non,out,741295
pâte d'Italie macaroni et vermicelle,4,non,out,741295
pâte d'Italie sagou,2,non,out,741295
pâte d'Italie semoule,5,non,out,741295
pâte d'Italie vermicelle macaroni,3,non,out,741295
pâte d'orgeat,1,non,out,741295
pâte d'orgeat et sirop d'orgeat,1,non,out,741295
pâte de cacao,7,non,out,741295
pâte de guimauve,12,non,out,741295
pâte de pastel,3,non,out,741295
pâte de réglisse,1,oui,,40052
pâte de savon,1,non,,40052
pâte de térébenthine,5,non,turpentine,2222
pâté de viande,1,non,out,741295
pâte et savon liquide,2,non,out,741295
pâte et tablette de guimauve,2,non,out,741295
pâte granulée,2,non,out,741295
pâte italienne,1,non,out,741295
pâte macaroni,1,non,out,741295
pâte ou vermicelle,2,non,out,741295
pâte ou vieux chiffons,1,oui,out,741295
pâte sagou,3,non,out,741295
pâte semoule,3,non,out,741295
patenas,3,non,out,741295
patenottes,2,non,out,741295
pâtés,6,non,out,741295
pâtés de canard,1,non,out,741295
pâtés de chèvre et autre,3,non,out,741295
patine,2,non,out,741295
patins,9,non,out,741295
patins ?,1,non,out,741295
patins à glisser,1,non,out,741295
patins de bois,6,non,out,741295
patins pour femme,2,non,out,741295
pâtisserie,141,non,out,741295
patissoye broché,2,non,out,741295
patissoye uni,1,non,out,741295
patte d'oie,1,non,out,741295
pattedrille,1,non,out,741295
patterie,10,non,out,741295
pattes d'ancre,7,non,out,741295
pattes ou vieux chiffons,9,non,out,741295
paturage en gland de Chine,1,non,,40052
paume,1,non,out,741295
paumelle,12,non,out,741295
paumelle germée,5,non,out,741295
paumelle pour voile,1,non,out,741295
pauvre noir,1,non,out,741295
pavé,13,non,out,741295
pavé pour sol,1,non,out,741295
pavillon de toile,1,non,out,741295
pavots,4,non,out,741295
peaux,259,non,out,741295
peaux ???,8,non,out,741295
peaux à faire tambours,1,non,out,741295
peaux à fleurs et de mouton,1,non,out,741295
peaux à l'exergue de veaux,2,non,out,741295
peaux à la valeur,4,non,out,741295
peaux à panches,1,non,out,741295
peaux à poil de veau,134,non,out,741295
peaux à poil de veau sèches,3,non,out,741295
peaux apprêtée d'orignal,5,non,out,741295
peaux apprêtée de buffle,1,non,out,741295
peaux apprêtée de veau,2,non,,40052
peaux apprêtées,128,non,out,741295
peaux apprêtées d'agneau,37,non,out,741295
peaux apprêtées d'agneau et de chevreau,2,non,out,741295
peaux apprêtées d'élan,1,non,out,741295
peaux apprêtées d'hermine et de martre,44,non,out,741295
peaux apprêtées d'ours,10,non,out,741295
peaux apprêtées de ???,1,non,out,741295
peaux apprêtées de bouc,15,non,out,741295
peaux apprêtées de bouc et de chèvre,85,non,out,741295
peaux apprêtées de buffle,1,non,out,741295
peaux apprêtées de castor,7,non,out,741295
peaux apprêtées de cerf,11,non,out,741295
peaux apprêtées de cerf et de daim,67,non,out,741295
peaux apprêtées de chamois,9,non,out,741295
peaux apprêtées de chat,2,non,out,741295
peaux apprêtées de cheval,2,non,out,741295
peaux apprêtées de chèvre,183,non,out,741295
peaux apprêtées de chèvre et chevreau,2,non,out,741295
peaux apprêtées de chevreau,10,non,out,741295
peaux apprêtées de chevreuil,12,non,out,741295
peaux apprêtées de chien de mer,8,non,out,741295
peaux apprêtées de daim,14,non,out,741295
peaux apprêtées de lapin,5,non,out,741295
peaux apprêtées de lapin et de lièvre,4,non,out,741295
peaux apprêtées de lièvre,2,non,out,741295
peaux apprêtées de lièvre et lapin,80,non,out,741295
peaux apprêtées de loup,2,non,out,741295
peaux apprêtées de loup cervier,1,non,out,741295
peaux apprêtées de loup et d'ours et de tigre,53,non,out,741295
peaux apprêtées de marmotte,1,non,out,741295
peaux apprêtées de maroquin,16,non,,40052
peaux apprêtées de maroquins,16,oui,out,741295
peaux apprêtées de mouton,654,non,out,741295
peaux apprêtées de mouton en couleur,49,non,out,741295
peaux apprêtées de mouton en mesquis,10,non,out,741295
peaux apprêtées de mouton et d'agneau,2,non,,40052
peaux apprêtées de petit gris,2,non,out,741295
peaux apprêtées de phoque éjarrées,2,non,out,741295
peaux apprêtées de renard,5,non,out,741295
peaux apprêtées de roussette,1,non,out,741295
peaux apprêtées de sauvagines,4,non,,40052
peaux apprêtées de vache,4,non,out,741295
peaux apprêtées de veau,145,non,out,741295
peaux apprêtées de veau en buffle,2,non,out,741295
peaux apprêtées de veau en chamois,67,non,out,741295
peaux apprêtées de veau marin,1,non,out,741295
peaux apprêtées de veau pour cuir doré,10,non,out,741295
peaux apprêtées en couleurs et de veau,126,non,out,741295
peaux apprêtées en maroquin et de veau,3,non,,40052
peaux apprêtées en maroquins et de veau,3,oui,out,741295
peaux apprêtées et brutes,65,non,out,741295
peaux apprêtées passées en maroquin,1,non,,40052
peaux apprêtées passées en maroquins,1,oui,out,741295
peaux basanées de mouton,4,non,out,741295
peaux blanches,48,non,out,741295
peaux blanches apprêtées,1,non,out,741295
peaux blanches de mouton,11,non,out,741295
peaux blanches de veaux,1,non,out,741295
peaux blanches ou grises de mouton,47,non,out,741295
peaux bronzées,4,non,out,741295
peaux bronzées de veau,20,non,out,741295
peaux brourées de veau,1,non,out,741295
peaux chamoisées de daim,1,non,out,741295
peaux chamoisées ou mégies,4,non,out,741295
peaux chamoisées ou mégissées,1,non,out,741295
peaux communes,1,non,,40052
peaux communes crûes,4,non,,40052
peaux communes de mouton,1,non,out,741295
peaux corroyées,2,non,out,741295
peaux corroyées de chèvre,2,non,out,741295
peaux corroyées de daim,1,non,out,741295
peaux corroyées de maroquin,1,non,out,741295
peaux corroyées de mouton,3,non,out,741295
peaux corroyées de vache,2,non,out,741295
peaux corroyées de veau,698,non,out,741295
peaux corroyées en noir de veau,3,non,out,741295
peaux corroyées en poil et de veau,3,non,out,741295
peaux corroyées et tannées,1,non,out,741295
peaux corroyées et tannées de veau,3,non,out,741295
peaux corroyées ou tannées,5,non,out,741295
peaux crue d'ours,1,non,out,741295
peaux crues,9,non,out,741295
peaux crues d'agneau,114,non,out,741295
peaux crues d'agneau et de chevreau,1,non,out,741295
peaux crues d'agneau ordinaires,1,non,out,741295
peaux crues d'âne,3,non,out,741295
peaux crues d'élan,1,non,out,741295
peaux crues d'ours,2,non,out,741295
peaux crues de bouc,12,non,out,741295
peaux crues de bouc et de chèvre,110,non,out,741295
peaux crues de brebis,1,non,out,741295
peaux crues de brebis et de mouton,98,non,out,741295
peaux crues de castor,1,non,out,741295
peaux crues de cerf,4,non,out,741295
peaux crues de cerf et de daim,63,non,out,741295
peaux crues de chamois,1,non,out,741295
peaux crues de chat,3,non,out,741295
peaux crues de chèvre,10,non,out,741295
peaux crues de chèvre en poil,425,non,out,741295
peaux crues de chèvre et de mouton et de veau,56,non,out,741295
peaux crues de chevreau,8,non,out,741295
peaux crues de chevreuil,1,non,out,741295
peaux crues de daim en poil,3,non,out,741295
peaux crues de daim en vert,1,non,out,741295
peaux crues de lapin,1,non,out,741295
peaux crues de lapin et de lièvre,2,non,out,741295
peaux crues de lièvre,3,non,out,741295
peaux crues de lièvre et lapin,120,non,out,741295
peaux crues de lièvres,4,non,out,741295
peaux crues de loup cervier,1,non,out,741295
peaux crues de loup marin,2,non,out,741295
peaux crues de marmotte,1,non,out,741295
peaux crues de mouton,9,non,out,741295
peaux crues de phoque,4,non,out,741295
peaux crues de porcs,1,non,out,741295
peaux crues de renard de loutre de fouine etc.,41,non,out,741295
peaux crues de tigre,1,non,out,741295
peaux crues de veau,5,non,out,741295
peaux crues fraîches de chien de mer,1,non,out,741295
peaux crues fraîches grandes,5,non,out,741295
peaux crues fraîches petites,7,non,out,741295
peaux crues grandes fraîches,3,non,out,741295
peaux crues grandes sèches,8,non,out,741295
peaux crues petites d'agneau et de chevreaux,2,non,out,741295
peaux crues petites de chien de mer et requin,2,non,out,741295
peaux crues petites sèches,9,non,out,741295
peaux crues sèches de chien de mer,4,non,out,741295
peaux d'agneau,384,non,out,741295
peaux d'agneau en chamois,1,non,out,741295
peaux d'agneau en couleur,1,non,out,741295
peaux d'agneau en laine,152,non,out,741295
peaux d'agneau en mégie,1,non,out,741295
peaux d'agneau en mesquis,1,non,out,741295
peaux d'agneau en poil,5,non,out,741295
peaux d'agneau en tripe,2,non,out,741295
peaux d'agneau et de chevreau,1,non,out,741295
peaux d'agneau et de chevreau en poil,3,non,out,741295
peaux d'agneau et de mouton non apprêtées,1,non,,40052
peaux d'agneau et de mouton passées,1,non,out,741295
peaux d'agneau lavées,5,non,out,741295
peaux d'agneau maroquinées,1,non,,40052
peaux d'agneau ou chevreau apprêtées,55,non,out,741295
peaux d'agneau passées,25,non,out,741295
peaux d'agneau tannées,1,non,out,741295
peaux d'agneau tournées,1,non,out,741295
peaux d'agnelin,1,non,,40052
peaux d'Alexandrie,1,non,out,741295
peaux d'âne,3,non,out,741295
peaux d'angora,2,non,out,741295
peaux d'anguille,4,non,out,741295
peaux d'anguillerie,1,oui,out,741295
peaux d'animaux des Indes,1,non,out,741295
peaux d'astrakan,2,non,out,741295
peaux d'écureuil,3,non,out,741295
peaux d'élan,7,non,out,741295
peaux d'élan en parchemin,1,non,out,741295
peaux d'hayes,62,non,out,741295
peaux d'hermine,73,non,out,741295
peaux d'hermine et de martre,13,non,out,741295
peaux d'hermine et kulonok,2,non,out,741295
peaux d'orignal,146,non,out,741295
peaux d'orignal en croûte,1,non,out,741295
peaux d'orignal en laine,1,non,out,741295
peaux d'ours,509,non,out,741295
peaux d'ours apprêtée et crues,1,non,out,741295
peaux d'ours crue,2,non,out,741295
peaux d'ours en poil,3,non,out,741295
peaux d'ours et d'ourson,3,non,out,741295
peaux d'ours teintes,1,non,out,741295
peaux d'ourson,1,non,out,741295
peaux d'outres,1,non,out,741295
peaux de Barbarie,2,non,out,741295
peaux de Barbarie en poil,1,non,,40052
peaux de Barbarie petites,4,non,out,741295
peaux de Barbarie petites en poil,2,non,out,741295
peaux de barbe en poil,1,oui,out,741295
peaux de barbe petites,2,non,out,741295
peaux de basanes,1,non,out,741295
peaux de basanes apprêtées,1,non,out,741295
peaux de bervesky chiens écureuils mulots taupes,2,non,out,741295
peaux de biche,21,non,out,741295
peaux de blaireau,19,non,out,741295
peaux de blaireaux et de renard,2,non,out,741295
peaux de bœuf,20,non,out,741295
peaux de bœuf à faire du poil,1,non,out,741295
peaux de bœuf en poil,1,non,out,741295
peaux de bœuf passées en buffle,5,non,,40052
peaux de bœuf tannées,2,non,out,741295
peaux de bois cerviers et loups,2,non,out,741295
peaux de bouc,41,non,out,741295
peaux de bouc crues,1,non,out,741295
peaux de bouc et chèvre,4,non,out,741295
peaux de bouc et de chèvre en poil,1,non,out,741295
peaux de bourrique,1,non,out,741295
peaux de brebis,4,non,out,741295
peaux de brebis en laine,1,non,out,741295
peaux de brebis et de mouton,23,non,out,741295
peaux de Buenos-Aires en poil,1,non,out,741295
peaux de buffle,32,non,out,741295
peaux de buffle chamoisées,3,non,out,741295
peaux de buffle et de vache passées,2,non,out,741295
peaux de buffle passées,2,non,out,741295
peaux de cabri,6,non,out,741295
peaux de carcajou,4,non,out,741295
peaux de carcasson,0,non,out,741295
peaux de caribou,1,non,out,741295
peaux de castor,176,non,out,741295
peaux de castor en poil,1,non,out,741295
peaux de castor gras,14,non,out,741295
peaux de castor gras et sec,1,non,out,741295
peaux de castor rases,1,non,out,741295
peaux de castor sec,12,non,out,741295
peaux de castorins genette et putois,2,non,out,741295
peaux de cazeau,5,non,out,741295
peaux de cerf,277,non,out,741295
peaux de cerf en croûte,1,non,out,741295
peaux de cerf en poil,4,non,out,741295
peaux de cerf et chevreuil,26,non,out,741295
peaux de cerf et de daim,4,non,out,741295
peaux de cerf habillées,1,non,out,741295
peaux de cerf passées,2,non,out,741295
peaux de chagrin,135,non,out,741295
peaux de chagrin et Romagne,5,non,out,741295
peaux de chameau,29,non,out,741295
peaux de chameau en poil,6,non,out,741295
peaux de chameau noires,1,non,out,741295
peaux de chameau passées,1,non,out,741295
peaux de chamois,480,non,out,741295
peaux de chamois en poil,1,non,out,741295
peaux de chamois ou de mouton,5,non,out,741295
peaux de chamois passées,6,non,out,741295
peaux de chat,25,non,out,741295
peaux de chat cervier,10,non,out,741295
peaux de chat de mer,5,non,out,741295
peaux de chat domestique et sauvage,2,non,out,741295
peaux de chat putois,6,non,out,741295
peaux de chat sauvage,21,non,out,741295
peaux de cheval,5,non,out,741295
peaux de cheval en poil,1,oui,out,741295
peaux de cheval marin,2,non,out,741295
peaux de cheval passées,1,non,out,741295
peaux de chèvre,247,non,out,741295
peaux de chèvre à poil,11,non,out,741295
peaux de chèvre angora en poil,1,non,,40052
peaux de chèvre apprêtées,2,non,out,741295
peaux de chèvre corroyées,2,non,out,741295
peaux de chèvre corroyées et noires,4,non,out,741295
peaux de chèvre crues,5,non,out,741295
peaux de chèvre de France en poile,1,non,,40052
peaux de chèvre diverses,2,non,out,741295
peaux de chèvre en baudriers,1,non,out,741295
peaux de chèvre en chamois,1,non,out,741295
peaux de chèvre en mégie,1,non,out,741295
peaux de chèvre en poil,3,non,out,741295
peaux de chèvre et de mouton,5,non,out,741295
peaux de chèvre et veau,1,non,out,741295
peaux de chèvre fines,14,non,out,741295
peaux de chèvre habillées,1,non,out,741295
peaux de chèvre maroquinées,3,non,out,741295
peaux de chèvre passées,37,non,,40052
peaux de chèvre tannées,6,non,out,741295
peaux de chèvre teintes,1,non,out,741295
peaux de chèvre vertes,4,non,out,741295
peaux de chevreau,106,non,out,741295
peaux de chevreau en poil,27,non,out,741295
peaux de chevreau mégissées,2,non,out,741295
peaux de chevreau passées,5,non,out,741295
peaux de chevreau tannées,1,non,out,741295
peaux de chevreau vertes,1,non,,40052
peaux de chevreaux,1,non,,40052
peaux de chevreuil,226,non,out,741295
peaux de chevreuil en croûte,2,non,out,741295
peaux de chevreuil en parchemin,2,non,out,741295
peaux de chevreuil en poil,1,non,out,741295
peaux de chevreuil passées,9,non,out,741295
peaux de chevron en poil,2,oui,out,741295
peaux de chevron passées,1,oui,out,741295
peaux de chevrotin,3,non,out,741295
peaux de chien,6,non,out,741295
peaux de chien d'Écosse,2,non,,40052
peaux de chien de mer,273,non,out,741295
peaux de chien de mer passées en noir pour bottines,1,non,out,741295
peaux de chinchilla,2,non,out,741295
peaux de chinchilla et de fouine,1,non,out,741295
peaux de crible,5,non,out,741295
peaux de cuir rouge,1,non,out,741295
peaux de cygne,41,non,out,741295
peaux de cygne apprêtées,1,non,,40052
peaux de cygne et d'oie pour éventails,2,non,out,741295
peaux de cygnes lamas martes pékans et vigognes,2,non,out,741295
peaux de daim,98,non,out,741295
peaux de daim chamoisée,4,non,out,741295
peaux de daim passées,6,non,out,741295
peaux de fauve,2,non,out,741295
peaux de figue écrues,1,non,out,741295
peaux de fouine,48,non,out,741295
peaux de fouine sèches,1,non,out,741295
peaux de génisse,4,non,out,741295
peaux de génisse corroyées,17,non,out,741295
peaux de grèbe,4,non,out,741295
peaux de grèbes marmottes oies et visons,2,non,out,741295
peaux de Guinée,1,non,out,741295
peaux de hamster,1,non,out,741295
peaux de la Louisiane,6,non,out,741295
peaux de lapin,253,non,out,741295
peaux de lapin en poil,11,non,out,741295
peaux de lapin et de lièvre,1,non,out,741295
peaux de lapin séchées,2,non,out,741295
peaux de léopard,3,non,out,741295
peaux de liège,1,non,out,741295
peaux de lièvre,492,non,out,741295
peaux de lièvre crues,1,non,out,741295
peaux de lièvre de moscovie,2,non,out,741295
peaux de lièvre en poil,11,non,out,741295
peaux de lièvre et de lapin,20,non,out,741295
peaux de lièvre et lapin,9,non,out,741295
peaux de lièvre sans poil,43,non,out,741295
peaux de lion once ours ourson,2,non,out,741295
peaux de loup,271,non,out,741295
peaux de loup cervier,258,non,out,741295
peaux de loup d'ours de tigre de chien de mer etc.,1,non,out,741295
peaux de loup de Moscovie,1,non,out,741295
peaux de loup des bois,21,non,out,741295
peaux de loup du Canada,1,non,out,741295
peaux de loup et d'ours et de tigre,86,non,out,741295
peaux de loup marin,69,non,out,741295
peaux de loutre,45,non,out,741295
peaux de loutre en poil,1,non,,40052
peaux de loutre et de renard,5,non,out,741295
peaux de marmotte,8,non,out,741295
peaux de marmotte et renard,1,non,out,741295
peaux de maroquin,662,non,,40052
peaux de maroquin du Levant,1,non,,40052
peaux de maroquin jeunes,1,non,,40052
peaux de maroquin ou vernissées,1,non,,40052
peaux de maroquins,629,oui,out,741295
peaux de maroquins du Levant,1,oui,out,741295
peaux de maroquins jeunes,1,oui,out,741295
peaux de martre,415,non,out,741295
peaux de martre commune et en pointe,4,non,out,741295
peaux de martre du Canada,1,non,out,741295
peaux de martre en queues,1,non,out,741295
peaux de martre et de loutre,1,non,,40052
peaux de martre passées,1,non,out,741295
peaux de martre queues,1,non,out,741295
peaux de martre zibeline,5,non,out,741295
peaux de moke,2,non,out,741295
peaux de mouton,164,non,out,741295
peaux de mouton basane,15,non,out,741295
peaux de mouton basane chamois mégie,1,non,out,741295
peaux de mouton blanc,69,non,out,741295
peaux de mouton brossées,1,non,,40052
peaux de mouton chamoisées,5,non,out,741295
peaux de mouton de passées,1,non,out,741295
peaux de mouton en chamois,127,non,out,741295
peaux de mouton en couleur,13,non,out,741295
peaux de mouton en couleur et passées,2,non,out,741295
peaux de mouton en gris,40,non,out,741295
peaux de mouton en laine,383,non,out,741295
peaux de mouton en mégie,28,non,out,741295
peaux de mouton en noir,1,non,out,741295
peaux de mouton en poil,5,non,out,741295
peaux de mouton en toison,1,non,out,741295
peaux de mouton en tripe,2,non,out,741295
peaux de mouton en vert,2,non,out,741295
peaux de mouton mégie,4,non,out,741295
peaux de mouton passées,273,non,out,741295
peaux de mouton passées en blanc,4,non,out,741295
peaux de mouton prêtées,1,non,out,741295
peaux de mouton rases,1,non,out,741295
peaux de mouton sèches,2,non,out,741295
peaux de mouton tannées,63,non,out,741295
peaux de mouton teintes,8,non,out,741295
peaux de panthère,4,non,out,741295
peaux de pecan,4,non,out,741295
peaux de pécaude,4,non,out,741295
peaux de pelisse,1,non,out,741295
peaux de petit daim,1,non,out,741295
peaux de petit gris,43,non,out,741295
peaux de phoque,1,non,out,741295
peaux de plongeon,1,non,out,741295
peaux de poisson,7,non,out,741295
peaux de porcs,1,non,,40052
peaux de putois,9,non,out,741295
peaux de queues de martre,2,non,out,741295
peaux de raffinerie,1,non,out,741295
peaux de rat,2,non,out,741295
peaux de rat musque,2,non,out,741295
peaux de raton,1,non,out,741295
peaux de renard,203,non,out,741295
peaux de renard de Virginie,1,non,out,741295
peaux de renard rouge,1,non,out,741295
peaux de renard sèche,3,non,out,741295
peaux de renne,3,non,out,741295
peaux de requin,3,non,out,741295
peaux de retour,1,non,,40052
peaux de rose blanche,1,non,out,741295
peaux de roussette,23,non,out,741295
peaux de roussi,2,non,out,741295
peaux de Russie,66,non,out,741295
peaux de sanglier,8,non,out,741295
peaux de sapin,1,non,out,741295
peaux de satois,1,non,out,741295
peaux de sauvagine,20,non,out,741295
peaux de taupe,3,non,out,741295
peaux de tigre,97,non,out,741295
peaux de tigre passées,1,non,out,741295
peaux de vache,3,non,out,741295
peaux de vache de roussi,1,non,out,741295
peaux de vache de Russie,1,non,out,741295
peaux de vache en poil,2,non,out,741295
peaux de vache marine,1,non,out,741295
peaux de vachette,1,non,out,741295
peaux de vautour,1,non,out,741295
peaux de veau,117,non,out,741295
peaux de veau à paqueter,2,non,out,741295
peaux de veau couleurs,1,non,out,741295
peaux de veau dites roussette,3,non,out,741295
peaux de veau en basanes,10,non,out,741295
peaux de veau en blanc,48,non,out,741295
peaux de veau en chamois,9,non,out,741295
peaux de veau en croûte,1,non,out,741295
peaux de veau en grains,1,non,out,741295
peaux de veau en magie,1,non,out,741295
peaux de veau en mégie,2,non,out,741295
peaux de veau en parchemin,3,non,out,741295
peaux de veau en peigne,3,non,out,741295
peaux de veau en pieds,1,non,out,741295
peaux de veau en poil,538,non,out,741295
peaux de veau en vert,5,non,out,741295
peaux de veau habillées,1,non,out,741295
peaux de veau marin,9,non,out,741295
peaux de veau non apprêtées,1,non,,40052
peaux de veau passées,25,non,out,741295
peaux de veau passées en huile,1,non,out,741295
peaux de veau pour cordonnier,126,non,out,741295
peaux de veau sec pour caisse,1,non,out,741295
peaux de veau sèches,1,non,out,741295
peaux de veau sèches pour caisse,1,non,out,741295
peaux de veaux,7,oui,out,741295
peaux de vélin,5,non,out,741295
peaux de veloux,1,non,out,741295
peaux de vison,13,non,out,741295
peaux de volacre,1,non,out,741295
peaux doublures de petit gris,1,non,out,741295
peaux du harnois,1,non,out,741295
peaux en ???,1,non,out,741295
peaux en basanes,4,non,out,741295
peaux en buffle et de cerf,1,non,out,741295
peaux en croûte de vache,1,non,out,741295
peaux en fourrure,2,non,out,741295
peaux en laine,2,non,out,741295
peaux en laine tannées,1,non,out,741295
peaux en maroquin,2,oui,out,741295
peaux en maroquin ou vernissées,1,oui,out,741295
peaux en parchemins,26,non,out,741295
peaux en poil,9,non,out,741295
peaux en poil de Barbarie,2,non,out,741295
peaux en poil de renard,3,non,out,741295
peaux et pelleterie,620,non,out,741295
peaux et pelleterie apprêtées,1,non,out,741295
peaux et pelleterie apprêtées et tannées de mouton,4,non,out,741295
peaux et pelleterie corroyées et tannées de mouton,0,non,out,741295
peaux et pelleterie corroyées et tannées de veau,4,non,out,741295
peaux et pelleterie d'agneau,0,non,out,741295
peaux et pelleterie d'orignal,0,non,out,741295
peaux et pelleterie de bouc,0,non,out,741295
peaux et pelleterie de chamois,1,non,out,741295
peaux et pelleterie de chat,3,non,out,741295
peaux et pelleterie de chèvre,0,non,out,741295
peaux et pelleterie de daim,0,non,out,741295
peaux et pelleterie de maroquin,4,non,,40052
peaux et pelleterie de maroquins,4,oui,out,741295
peaux et pelleterie de mouton,0,non,out,741295
peaux et pelleterie de veau,0,non,out,741295
peaux et poil,1,non,out,741295
peaux étrangères et sauvages,76,non,out,741295
peaux fourrure d'écureuil,21,non,out,741295
peaux grasses de veau,1,non,out,741295
peaux jaunes,5,non,out,741295
peaux marinées de chat,4,non,out,741295
peaux maroquinées de mouton,4,non,out,741295
peaux maroquinées ou vernissées,2,non,out,741295
peaux mégissées,1,non,out,741295
peaux musqué de rat,5,non,out,741295
peaux non tannées de veau,1,non,out,741295
peaux passée,1,non,out,741295
peaux pelisse,8,non,out,741295
peaux pour emballage,14,non,out,741295
peaux pour éventail,2,non,out,741295
peaux pour éventails,1,non,out,741295
peaux pour gants,2,non,out,741295
peaux pour tambour,3,non,out,741295
peaux préparées d'agneau et chevreau en confit en poil et en mégie,2,non,out,741295
peaux préparées de veaux,1,non,out,741295
peaux rases,1,non,out,741295
peaux Russie,2,non,out,741295
peaux sauvages de castor,5,non,out,741295
peaux sauvagines,66,non,out,741295
peaux sauvagines en poil,1,non,out,741295
peaux sèches,2,non,out,741295
peaux sèches de putois,1,non,out,741295
peaux sèches en poil de lièvre et lapin,2,non,out,741295
peaux tannées,12,non,out,741295
peaux tannées de vache,10,non,out,741295
peaux tannées de veau,648,non,out,741295
peaux tapisserie,1,non,out,741295
peaux teintes,2,non,out,741295
peaux teintes de veau,8,non,out,741295
peaux vertes,1,non,,40052
pêche,66,non,,40052
pêche (sortie),250,non,,40052
pêche à la baleine,6,non,,40052
pêche à la morue,341,non,,40052
pêche à la morue de Terre-Neuve,22,non,,40052
pêche à la morue verte,38,non,,40052
pêche à la raie,85,non,,40052
pêche à la raie et aux maquereaux,11,non,,40052
pêche à la sardine,70,non,,40052
pêche à Terre-Neuve,42,non,,40052
pêche annuelle,26,non,,40052
pêche annuelle et au batelage,1,non,,40052
pêche au banc de Terre-Neuve,14,oui,,40052
pêche au cachalot,27,non,,40052
pêche au hareng,519,oui,,40052
pêche au maquereau,492,oui,,40052
pêche au poisson,2,non,,40052
pêche au poisson frais,1120,non,,40052
pêche aux cordes,12,non,,40052
pêche aux folles,52,non,,40052
pêche aux harengs,519,non,,40052
pêche aux huitres,4,non,,40052
pêche aux maquereaux,431,non,,40052
pêche aux maquereaux à la côte,6,non,,40052
pêche aux maquereaux frais,6,non,,40052
pêche aux maquereaux frais à la côte,24,non,,40052
pêche aux maquereaux salés,14,non,,40052
pêche aux moules,44,non,,40052
pêche aux moules et au poisson frais,2,non,,40052
pêche côtière,25,non,,40052
pêche côtière en Bretagne,8,non,,40052
pêche fraîche annuelle,2,non,,40052
pêche salée,2,non,,40052
pêche sèches,7,oui,out,741295
pêchers,1,non,out,741295
pêches,11,non,out,741295
pêches à l'eau-de-vie,3,non,out,741295
pêches fraîches,1,non,out,741295
pêches sèches,8,non,,40052
pêcheur,1,non,,40052
pecuacan,1,non,out,741295
peignes,13,non,out,741295
peignes à chanvre,1,non,out,741295
peignes à chanvre de fer,1,non,,40052
peignes à tisserand,21,non,out,741295
peignes d'écaille,29,non,out,741295
peignes d'étoffe,2,non,out,741295
peignes d'herbes,5,non,out,741295
peignes d'ivoire,50,non,out,741295
peignes d'os,5,non,out,741295
peignes de bois,22,non,out,741295
peignes de buis,330,non,out,741295
peignes de corne,47,non,out,741295
peignes de coton,1,non,out,741295
peignes de fer,2,non,,40052
peignes de griffon,1,non,out,741295
peignes de Rouen,1,non,out,741295
peignes de tisserand,2,non,out,741295
peignes des dieux,3,non,out,741295
peignes pour travailler la laine,1,non,out,741295
peintures,151,non,out,741295
peintures à l'huile,6,non,out,741295
peintures apprêtées,1,non,out,741295
peintures assorties,3,non,out,741295
peintures broyées,19,non,out,741295
peintures communes,7,non,out,741295
peintures et gravures,78,non,out,741295
peintures et tableaux,266,non,out,741295
peintures grossières,6,non,out,741295
peintures jaunes,1,non,out,741295
peintures préparées,1,non,out,741295
Pékin,94,non,out,741295
Pékin à fleur,6,non,out,741295
Pékin à grande fleur,1,non,out,741295
Pékin broché,1,non,out,741295
Pékin broché et rayé,1,non,out,741295
Pékin brodé,2,non,out,741295
Pékin mi soie,1,non,,40052
Pékin mi-soie,1,oui,out,741295
Pékin non peint,1,non,out,741295
Pékin peint,7,non,out,741295
Pékin peint et rayé,1,non,out,741295
Pékin petit,4,non,out,741295
Pékin ramagé,1,non,,40052
Pékin rayé,4,non,out,741295
Pékin uni,12,non,out,741295
pelincuche,1,non,out,741295
pelisse,2,non,out,741295
pelisse commune,13,non,out,741295
pellerie de fer,1,non,out,741295
pelles,2,non,out,741295
pelles à main de bois,1,non,out,741295
pelles à pinceves,1,non,out,741295
pelles à plat de bois,1,non,out,741295
pelles commune,1,non,out,741295
pelles de bois,111,non,out,741295
pelles de bois ailes de fléaux brosses etc,4,non,out,741295
pelles de bois et ailes de fléaux,84,non,out,741295
pelles de bois ferrées,10,non,out,741295
pelles de fer,30,non,out,741295
pelles de sapin,3,non,out,741295
pelles et pinces,2,non,out,741295
pelles ferrées,8,non,out,741295
pelles non ferrées,1,non,out,741295
pelleterie,560,non,out,741295
pelleterie ???,6,oui,out,741295
pelleterie apprêtée,770,non,out,741295
pelleterie apprêtée commune,27,non,out,741295
pelleterie apprêtée de lapin et de lièvre,2,non,out,741295
pelleterie apprêtée de phoque éjarré,2,non,out,741295
pelleterie apprêtée en blanc,1,non,out,741295
pelleterie apprêtée fine,2,non,out,741295
pelleterie apprêtées de sauvagines,4,oui,out,741295
pelleterie blanche,28,non,out,741295
pelleterie blanche et teinte,1,non,out,741295
pelleterie brute d'agneau et de chevreau,1,non,out,741295
pelleterie brute de lapin et de lièvre,1,non,out,741295
pelleterie commune,140,non,out,741295
pelleterie commune crue,18,non,out,741295
pelleterie commune du Canada,15,non,out,741295
pelleterie commune en poil,1,non,out,741295
pelleterie crue,279,non,out,741295
pelleterie crue en poil,2,non,out,741295
pelleterie cuir,2,non,out,741295
pelleterie d'oigneaux,1,non,,40052
pelleterie d'ours,0,non,out,741295
pelleterie de blaireaux onces léopards panthères tigres lions loups ordinaires zèbres cougars,2,non,out,741295
pelleterie de castor,1,non,out,741295
pelleterie de castors castorins chameaux chèvre vigognes lamas loutres,2,non,out,741295
pelleterie de chat,0,non,out,741295
pelleterie de daim,1,non,,40052
pelleterie de Gray,2,non,out,741295
pelleterie de lapin et de lièvre,0,non,out,741295
pelleterie de sauvagines,21,non,out,741295
pelleterie diverse apprêtée,3,non,out,741295
pelleterie du Canada,169,non,out,741295
pelleterie du Canada à passée,1,non,out,741295
pelleterie en parchemins,2,non,out,741295
pelleterie et peaux,40,non,out,741295
pelleterie et peaux apprêtées,9,non,out,741295
pelleterie fine,4,non,out,741295
pelleterie morceaux cousus de marte et petit gris,1,non,out,741295
pelleterie non apprêtée de lièvre,1,non,out,741295
pelleterie ouvrée,36,non,out,741295
pelleterie sans apprêt,186,non,out,741295
pelleterie sauvaigne,1,non,out,741295
pellicules d'alkermès,1,non,out,741295
pelong,1,non,out,741295
pelote de laine,1,oui,,40052
pelote de lin,8,non,out,741295
peluches,237,non,out,741295
peluches d'Amiens,2,non,out,741295
peluches de bois,1,non,out,741295
peluches de coton,4,non,cotton goods,18103
peluches de laine,2,non,out,741295
peluches et panne,1,non,out,741295
peluchon de prises,1,oui,out,741295
pelure de cacao,1,non,out,741295
pendants d'oreille,5,non,out,741295
pendants d'oreille de grena,1,non,out,741295
pendants d'oreilles à perles fausses,2,non,out,741295
penderie,1,non,out,741295
pendules,85,non,out,741295
pendules communes,3,non,out,741295
pendules de 8 livres,1,non,,40052
pendules de bois,2,non,out,741295
pendules de cuivre,2,non,,40052
pendules de cuivre doré,1,non,out,741295
pendules et réveils,259,non,,40052
péniens,1,non,out,741295
penne,1,non,out,741295
penne aguipon,1,non,out,741295
pentures de fer,2,non,out,741295
pépins d'orange,1,non,out,741295
percale,11,non,cotton goods,18103
percale bleue,3,non,cotton goods,18103
percale de,1,non,cotton goods,18103
percale ou coutil pour couette,1,non,out,741295
perceintes,2,non,out,741295
percepierre,25,non,out,741295
percerettes,5,non,out,741295
percerettes de fer,1,non,out,741295
perches,37,non,out,741295
perches à houblon,5,non,out,741295
perches carrées,1,non,out,741295
perches communes,1,non,out,741295
perches communes ou petites de sapin,129,non,out,741295
perches de 10 pieds,1,non,out,741295
perches de 15 à 20 pieds,1,non,out,741295
perches de 20 à 25 pieds,1,non,out,741295
perches de 25 pieds,1,non,out,741295
perches de bois,7,non,out,741295
perches de bois à houblon,1,oui,out,741295
perches de bois et échalas de bois et échasses de bois,9,non,out,741295
perches de bois et échalas de bois et éclisses de bois,7,non,out,741295
perches de bois pour houblon,1,non,,40052
perches de bois pour jardin,1,non,out,741295
perches de lawaire,1,non,out,741295
perches de sapin,32,non,out,741295
perches de sapin de 10 pieds,1,non,,40052
perches de sapin de 15 à 16 pieds,1,non,out,741295
perches de sapin de 15 pieds,1,non,out,741295
perches de sapin de 18 pieds,1,non,,40052
perches de sapin de 25 à 26 pieds,1,non,,40052
perches dites boomse capravens,21,non,out,741295
perches dites waerettes,1,non,out,741295
perches dites waires,1,non,out,741295
perches du warette,1,non,out,741295
perches et plantes et vignes,3,non,out,741295
perches ferrées,1,non,out,741295
perches grande,4,non,out,741295
perches grandes dit juffers,51,non,out,741295
perches moyennes dites capravens,74,non,out,741295
perches petites et échalas petits et étançons petits,45,non,out,741295
perches pour faire des chaises,0,non,,40052
perdreaux,5,non,out,741295
perdrix,47,non,out,741295
perdrix en plumes,1,non,out,741295
perdrix marinées,1,non,out,741295
pereintes en chêne,1,non,out,741295
pérelle,2,non,out,741295
perlasse ???,1,non,out,741295
perlasse et gravelées,1,non,out,741295
perles,3,non,out,741295
perles bleues,1,non,out,741295
perles de verre,4,non,out,741295
perles en semence,2,non,out,741295
perles en semence dite grainelle,5,non,out,741295
perles et pierres fines montées et non montées,52,non,out,741295
perles fausses,117,non,out,741295
perles fausses montées,40,non,out,741295
perles fines,15,non,out,741295
perles fines de toute pêche,4,non,out,741295
pernambouc,3,non,brasilwood,926
perpétuane,86,non,out,741295
perpétuane apprêtée et peinte,4,non,out,741295
perpétuane aune,1,oui,out,741295
perpétuane blanche,8,non,out,741295
perpétuane de laine,4,non,out,741295
perpétuane peinte,3,non,out,741295
perroquets,149,non,out,741295
perruques,227,non,out,741295
perruques à bourses,1,non,out,741295
perruques communes,2,non,out,741295
perruques de cheveux,1,non,out,741295
perruques de cheveux et laine,2,non,out,741295
perruques de laine,2,non,out,741295
perruques de peau d'agneau,1,non,out,741295
perruques de peau de mouton,1,non,out,741295
perruques de poil de chèvre,1,non,out,741295
perruques neuves,1,non,out,741295
perruques vieilles,1,non,out,741295
perses,1,non,out,741295
persienne,3,non,out,741295
persil de macédoine,2,non,out,741295
personnes,1,oui,,40052
pertiolles,5,non,out,741295
pertuisanes,2,non,out,741295
pesetas,1,non,out,741295
petit carré de fer,1,non,out,741295
petit raz de castor,2,oui,out,741295
petit raz refoulé,1,oui,out,741295
petit raze de castor,2,non,,40052
petit raze refoulé,1,non,,40052
petit salé,34,non,out,741295
petit salé et porcs salés,1,non,out,741295
petit son,1,non,out,741295
petite Venise,1,non,out,741295
petites de lit en satin,2,non,,40052
petites de lit en satin brodé,2,non,,40052
petites pièces de pin,1,non,out,741295
petits barils vides,1,non,,40052
petits chênes dits chêneaux,16,non,out,741295
pétrification,2,non,out,741295
pétrole,6,non,out,741295
petum,2,non,out,741295
peury,1,non,out,741295
pevine,1,non,out,741295
phaéton,22,non,out,741295
phiass,1,non,out,741295
philas,1,non,out,741295
philipichine,18,non,out,741295
philipichine de poil,1,non,out,741295
phillipichine,11,non,out,741295
photade,1,oui,out,741295
photas,45,oui,cotton goods,18103
photas des Indes,2,non,cotton goods,18103
piano,2,non,out,741295
piano forte,2,non,out,741295
piastres,127,non,out,741295
piastres d'Espagne,7,non,out,741295
piastres du grand seigneur,2,non,out,741295
piastres et talaris,1,non,out,741295
piastres et talaris par La Cure et Strasbourg,1,non,out,741295
piastres et talaris par Marseille,2,non,out,741295
piastres et talaris par Strasbourg,1,non,out,741295
piastres fortes,1,non,out,741295
piastres gourdes,1,non,out,741295
piastres par approximation,2,non,,40052
piastres par le Havre,1,non,out,741295
piastres par le Pont de Beauvoisin,2,non,out,741295
picotte,21,non,out,741295
picotte de laine,2,non,out,741295
picotte de Lille,4,non,out,741295
picotte de soie,1,non,out,741295
pièce vide,2,oui,,40052
pièces à eau,4,non,out,741295
pièces couvertures de laine,3,non,out,741295
pièces d'argent de 28,1,non,,40052
pièces d'argent et d'or d'Espagne,1,non,out,741295
pièces d'or d'Espagne,1,non,out,741295
pièces de ???,0,non,,40052
pièces de bois,0,non,,40052
pièces vides,2,non,,40052
pied d'huile,1,non,out,741295
pied d'huile de poisson,1,non,out,741295
piedmento,2,non,out,741295
pieds d'élan,6,non,out,741295
pieds d'ormes,1,non,,40052
pieds de bœuf,3,non,out,741295
pieds de bœuf et sang de bétail,2,non,out,741295
pieds de cochon,1,non,out,741295
pieds de gite de bois scié,4,non,out,741295
pieds de vide,1,non,out,741295
pieds doré,1,non,out,741295
pieds et têtes,1,non,out,741295
pienne de fil,1,non,out,741295
pierre à paver,6,oui,,40052
pierre à plâtre ou plâtre brut,2,oui,out,741295
pierre d'ailx,1,oui,out,741295
pierre d'algazon,1,oui,out,741295
pierre de calcaire,1,oui,,40052
pierrerie,1,non,out,741295
pierrerie fausse,1,non,out,741295
pierrerie fausse et fine,1,non,out,741295
pierres,635,non,out,741295
pierres ???,1,non,out,741295
pierres à,1,non,out,741295
pierres à affiler,1,non,out,741295
pierres à affiler de 1 à 2 1/2 pieds,87,non,out,741295
pierres à affiler de 3 à 4 pieds,17,non,out,741295
pierres à affiler de 5 à 6 pieds,85,non,out,741295
pierres à affiler milanaises ou fiquets,11,non,out,741295
pierres à aiguiser,552,non,out,741295
pierres à aiguiser et en meules et à taillandier,30,non,out,741295
pierres à aiguiser et tendres,1,non,out,741295
pierres à aiguiser milanaise ou fiquets,1,non,out,741295
pierres à aiguiser ou fiquets,96,non,out,741295
pierres à bâtir,195,non,out,741295
pierres à bâtir brutes,47,non,out,741295
pierres à bâtir chaux et plâtre,51,non,out,741295
pierres à bâtir communes,142,non,out,741295
pierres à bâtir communes de 3 à 7 pieds,2,non,out,741295
pierres à bâtir dites tuffeaux,3,non,out,741295
pierres à bâtir et à paver,15,non,out,741295
pierres à broyer couleurs,2,non,out,741295
pierres à broyer couleurs et moudre tabac,1,non,out,741295
pierres à broyer couleurs et tabac,2,non,out,741295
pierres à broyer le cacao,1,non,out,741295
pierres à calfeutrer,1,non,out,741295
pierres à chaux,154,non,out,741295
pierres à détacher,1,non,out,741295
pierres à diguer,104,non,out,741295
pierres à distiller d'eau,1,non,out,741295
pierres à éviers,2,non,out,741295
pierres à faire chaux,16,oui,out,741295
pierres à faucher,1,non,out,741295
pierres à faux,223,non,out,741295
pierres à faux et à polir,13,non,out,741295
pierres à feu,7,non,out,741295
pierres à feu autres qu'agates,2,non,out,741295
pierres à filtrer,5,non,out,741295
pierres à filtrer l'eau,23,non,out,741295
pierres à fouler le blé,1,non,out,741295
pierres à four,4,non,out,741295
pierres à foyer,9,non,out,741295
pierres à fusils,1088,non,out,741295
pierres à fusils et autres,1,non,out,741295
pierres à hamatilles,1,non,out,741295
pierres à huile,15,non,out,741295
pierres à manganèse,1,oui,out,741295
pierres à meubles,3,non,out,741295
pierres à meuler,1,non,out,741295
pierres à meules,31,non,out,741295
pierres à mordre,1,non,out,741295
pierres à mordre moutarde de 1 1/2 à 3 pieds,2,non,out,741295
pierres à mordre tabac,2,non,out,741295
pierres à moules,1,non,out,741295
pierres à moutarde travaillées,15,non,out,741295
pierres à passer,1,non,out,741295
pierres à paver,146,non,out,741295
pierres à paver d'1 pied carré,55,non,out,741295
pierres à paver d'en dessus d'1 pied carré,16,non,out,741295
pierres à paver de 12 à 13 pouces,2,non,out,741295
pierres à paver de 3 à 9 pouces,3,non,out,741295
pierres à paver de 9 pouces,4,non,out,741295
pierres à paver non polies,6,non,out,741295
pierres à paver polies,11,non,out,741295
pierres à plaque,1,non,out,741295
pierres à plâtre ou plâtre brut,6,non,out,741295
pierres à polir,2,non,out,741295
pierres à polir et ponce,76,non,out,741295
pierres à rasoir,46,non,out,741295
pierres à repasser,4,non,out,741295
pierres à taillandier,31,non,out,741295
pierres à tombe,1,non,out,741295
pierres à vin,1,non,,40052
pierres antiques,1,non,out,741295
pierres bant et de jais,1,non,out,741295
pierres bas de malle,1,non,out,741295
pierres blanches,17,non,out,741295
pierres blanches à bâtir,4,non,out,741295
pierres blanches à carreler,1,non,out,741295
pierres blanches en longues pièces à paver,42,non,out,741295
pierres bleues,25,non,out,741295
pierres bleues à paver,2,non,out,741295
pierres bleues brûlées,1,non,out,741295
pierres bleues en blocs,8,non,out,741295
pierres bleues en carreaux,1,non,out,741295
pierres bleues travaillées,1,non,out,741295
pierres calamines,4,non,out,741295
pierres calcaires,1,non,,40052
pierres caprades blanches,2,non,out,741295
pierres carrées à bâtir,1,non,out,741295
pierres carrées à paver,8,non,out,741295
pierres carrées à paver de 8 à 9 pouces,49,non,out,741295
pierres chaux et plâtre,24,oui,out,741295
pierres codes,104,non,out,741295
pierres cornaline,1,non,out,741295
pierres d'absinthe,1,non,out,741295
pierres d'agate,13,non,out,741295
pierres d'agate travaillées,1,non,out,741295
pierres d'ailx,1,non,,40052
pierres d'aimant,15,non,out,741295
pierres d'algazon,1,non,,40052
pierres d'architecture,119,non,out,741295
pierres d'ardoise,45,non,out,741295
pierres d'arquebuse,2,non,out,741295
pierres d'asphalte,1,non,out,741295
pierres d'autel,17,non,out,741295
pierres d'écrevisses,1,non,out,741295
pierres d'élan,1,non,out,741295
pierres d'émeraude,3,non,out,741295
pierres d'émeri,81,non,out,741295
pierres d'éponges,2,non,out,741295
pierres d'hyacinthe,1,non,out,741295
pierres de ??? à paver,1,non,out,741295
pierres de barre,1,oui,out,741295
pierres de barres,1,non,,40052
pierres de barriques,1,non,out,741295
pierres de bas de meule,1,non,out,741295
pierres de Bentem,2,non,out,741295
pierres de Bidache,7,non,out,741295
pierres de Bidache en carreaux,2,non,out,741295
pierres de bleu,1,non,out,741295
pierres de Briançon,1,non,out,741295
pierres de chaussée ou de grès,118,non,out,741295
pierres de chaux,6,oui,out,741295
pierres de composition,7,non,out,741295
pierres de construction,1,oui,,40052
pierres de corail,1,non,,40052
pierres de coument,1,non,out,741295
pierres de faux,2,non,out,741295
pierres de fer,1,non,out,741295
pierres de fonte,1,non,out,741295
pierres de four,40,non,out,741295
pierres de fusils,3,non,out,741295
pierres de grès,22,non,out,741295
pierres de grés à paver,5,non,out,741295
pierres de grison,41,non,out,741295
pierres de jacinthe,1,non,,40052
pierres de jais,5,non,out,741295
pierres de jais brut,1,non,out,741295
pierres de jais et ???,5,non,out,741295
pierres de jaspe,2,non,out,741295
pierres de laine,4,non,out,741295
pierres de Malte,56,non,out,741295
pierres de marbre,9,non,out,741295
pierres de marbre brut,1,non,out,741295
pierres de marbre ouvré,7,non,out,741295
pierres de matte,2,non,out,741295
pierres de meubles,1,oui,out,741295
pierres de meules,3,non,out,741295
pierres de Milan,3,non,out,741295
pierres de mine,1,non,out,741295
pierres de molasse,1,non,out,741295
pierres de mole,2,non,out,741295
pierres de mouches,2,non,out,741295
pierres de moulage,11,non,out,741295
pierres de moulin,1,non,,40052
pierres de Namur,6,non,out,741295
pierres de roche,2,non,out,741295
pierres de Saint-Cast,23,non,out,741295
pierres de seuil,4,non,out,741295
pierres de Suisse,8,non,out,741295
pierres de taille,68,non,out,741295
pierres de taille à effiler,1,non,out,741295
pierres de taille de 5 pieds de longueur sur 3 pieds de largueur,2,non,out,741295
pierres de taille en lest,1,non,,40052
pierres de tombe,10,non,out,741295
pierres de tombe de 4 à 6 pieds,45,non,out,741295
pierres de tombe de 7 à 9 pieds,31,non,out,741295
pierres de tombe de haute catégorie,6,non,out,741295
pierres de tombe de moindre classe,48,non,out,741295
pierres de touche,2,non,out,741295
pierres de tuiles,1,non,out,741295
pierres de verre,5,non,out,741295
pierres de vin,109,non,out,741295
pierres des Indes,1,non,out,741295
pierres éclatantes,8,non,out,741295
pierres éclatantes et de verre,1,non,out,741295
pierres éclatantes et fausses,4,non,out,741295
pierres éclatantes ou de verre,1,non,out,741295
pierres en ???,1,non,out,741295
pierres en blocs,4,non,out,741295
pierres en blocs et brutes,3,non,out,741295
pierres en borne-frontière,1,non,out,741295
pierres en carreaux,9,non,out,741295
pierres en carreaux à mouler,1,non,out,741295
pierres en cheminée et statue,2,non,out,741295
pierres en cheminée et travaillées,1,non,out,741295
pierres en cippes,2,non,out,741295
pierres en grès taillés meules,25,non,out,741295
pierres en longues pièces à paver,56,non,out,741295
pierres en masses et en blocs,47,non,out,741295
pierres en meules,11,non,out,741295
pierres en mortier,2,non,out,741295
pierres en pièces grandes,1,non,out,741295
pierres en quartiers,14,non,out,741295
pierres en quartiers à bâtir,1,non,out,741295
pierres et chanvre,1,non,out,741295
pierres et grès taillés,28,non,out,741295
pierres et meules à aiguiser,18,non,out,741295
pierres et plâtre,6,non,out,741295
pierres et terres à bâtir,1,non,out,741295
pierres et terres servant aux arts et métiers,2,non,out,741295
pierres et tuffeaux,1,non,,40052
pierres façonnées d'architecte,1,non,out,741295
pierres fausses,72,non,out,741295
pierres fausses et fines,2,non,out,741295
pierres fausses et montées,35,non,out,741295
pierres fausses et pur métal,1,non,out,741295
pierres fausses non montées,5,non,out,741295
pierres ferrugineuses,4,non,out,741295
pierres fines,1,non,out,741295
pierres froides,67,non,out,741295
pierres fusil,3,non,out,741295
pierres jaunes,1,non,out,741295
pierres lithographiques,3,non,out,741295
pierres lithographiques et autres,3,non,out,741295
pierres maclous de brique,1,non,,40052
pierres maguisses minérales pour la fabrique de Tournai,3,non,out,741295
pierres manganèse,7,non,out,741295
pierres marcassite,2,non,out,741295
pierres meules,7,non,out,741295
pierres minérales,3,non,out,741295
pierres noires,32,non,out,741295
pierres ponces,249,non,out,741295
pierres pour faire sucre,3,non,out,741295
pierres pour la bâtisse,9,non,out,741295
pierres pour la fortification de la rade,1,non,,40052
pierres pour la rade,142,non,,40052
pierres pour les fortifications,2,non,,40052
pierres pour les travaux du roi,2,non,,40052
pierres pour piliers,2,non,out,741295
pierres pourries,5,non,out,741295
pierres serpentine,2,non,out,741295
pierres signons,1,non,,40052
pierres taillées,15,non,out,741295
pierres taillées à bâtir,1,non,out,741295
pierres taillées en auge,2,non,out,741295
pierres tendres,1,non,out,741295
pierres travaillées,49,non,out,741295
pierres travaillées en banc balcon goulots etc.,125,non,out,741295
pierrestre,2,oui,out,741295
pierrette,2,non,out,741295
pierreuve,1,non,out,741295
pierriers,20,non,out,741295
pierriers de fer,13,non,out,741295
pierriers de fonte,1,non,out,741295
pierriers garnis de leurs boites,2,non,out,741295
pigaras,1,non,out,741295
pigeons,11,non,out,741295
pigeons sauvages,1,non,out,741295
pignes de fer à cordes,1,non,out,741295
pignons,26,non,out,741295
pignons cassés,61,non,out,741295
pignons d'épine,135,non,out,741295
pignons d'Inde,43,non,out,741295
pignons de pin,11,non,out,741295
pignons doux,1,non,,40052
pignons en coques,1,non,,40052
pigouilles,2,non,out,741295
pigouilles de 11 à 15,2,non,out,741295
piharge,4,non,out,741295
piles de bois,1,non,out,741295
piliers de frêne,0,non,,40052
pilotis,2,non,out,741295
pilules,1,non,out,741295
pilules de Belloste,1,non,out,741295
piment,526,non,out,741295
piment des entrepôts,0,non,out,741295
piment en grains,6,non,,40052
piment et poivre,90,non,out,741295
pinasse,34,non,out,741295
pince de fer,5,non,out,741295
pinceaux,150,non,out,741295
pinceaux ???,1,non,out,741295
pinceaux à blanchir,1,non,out,741295
pinceaux à dorer,1,non,out,741295
pinceaux à goudron,5,non,out,741295
pinceaux à goudronner,21,non,out,741295
pinceaux à peindre,4,non,out,741295
pinceaux de fer,1,non,out,741295
pincettes,2,non,out,741295
pincettes de fer,1,non,out,741295
pinche,1,non,out,741295
pinchinat,50,non,out,741295
pinchinat de laine,16,non,out,741295
pinchinat gris,1,non,out,741295
pinen,1,non,out,741295
pinques,1,non,out,741295
pioches de fer,4,non,out,741295
pipes,28,non,out,741295
pipes à cordée,1,non,out,741295
pipes à cuivre,1,non,out,741295
pipes à fumer,905,non,out,741295
pipes à fumer ???? pour la Hollande,1,non,out,741295
pipes à fumer de terre,4,oui,out,741295
pipes à fumer de terre cuite,39,non,out,741295
pipes à fumer grosses,1,non,out,741295
pipes à tabac,122,non,out,741295
pipes cerclées de fer,1,non,out,741295
pipes céréalier de fer,0,non,out,741295
pipes de bois à fumer,2,oui,out,741295
pipes de bois pour fumer,2,non,,40052
pipes de side,1,oui,out,741295
pipes de terre,12,non,out,741295
pipes de terre cuite,8,oui,out,741295
pipes de terre cuite et porcelaine,3,non,,40052
pipes de vide,1,oui,out,741295
pipes en bottes,6,non,out,741295
pipes et porcelaines,3,oui,,40052
pipes et tuiles,2,non,,40052
pipes garnies,1,non,,40052
pipes muid,3,non,out,741295
pipes sans émail à fumer de terre,1,non,out,741295
pipes vides,26,non,out,741295
pipes vieilles,2,non,out,741295
pipes vieilles et vides,7,non,out,741295
piphout en blocs,7,non,out,741295
piques,4,non,out,741295
piques de fer,1,non,out,741295
pissuron,1,non,out,741295
pistache,3,non,out,741295
pistaches,333,non,out,741295
pistaches cassées,2,non,out,741295
pistaches en coques,1,non,out,741295
pistaches non cassées,1,non,out,741295
pistaches sèches,10,non,out,741295
pistolets,107,non,out,741295
pistolets à feu,1,non,out,741295
pistolets d'arçon,1,non,out,741295
pistolets Damas ?,1,non,,40052
pistolets de maître,1,non,out,741295
pistolets de traite,7,non,out,741295
pistolets démontés,38,non,out,741295
pistolets garnis d'argent,1,non,out,741295
pistolets montés,123,non,out,741295
pistolets par paire,1,oui,out,741295
pistolets vieux,1,non,out,741295
pivoine,2,non,out,741295
pivots de fer,9,non,out,741295
plaids,85,non,out,741295
plaids ou châles,16,non,out,741295
plaire,5,non,out,741295
plaisses et solles sec et fumés,64,non,out,741295
plan d'habitation,1,non,out,741295
plancards,10,non,out,741295
planchenier,1,non,out,741295
planches,5071,non,out,741295
planches à bâtir,1,non,out,741295
planches alcalines,5,non,out,741295
planches communes,6,non,out,741295
planches communes de chêne et hêtre,4,non,out,741295
planches communes de hêtre,73,non,out,741295
planches communes de sapin,50,non,out,741295
planches communes de sapin ou pin,2,non,out,741295
planches communes et bois,44,non,out,741295
planches d'acajou,41,non,out,741295
planches d'acajou de 10 pieds,3,non,,40052
planches d'acajou de 12 pieds,1,non,,40052
planches d'acajou de 4 pieds,1,non,,40052
planches d'acajou de 5 à 10 pieds,1,non,,40052
planches d'acajou de 5 pieds,1,non,,40052
planches d'acajou de 6 pieds,1,non,,40052
planches d'acajou de 8 pieds,4,non,out,741295
planches d'acajou de 9 pieds,1,non,out,741295
planches d'arbres,4,non,out,741295
planches d'ardoise,1,non,out,741295
planches d'aunis,1,non,out,741295
planches d'orme,4,non,out,741295
planches d'orme de 80 pieds de longueur sur 3 pouces d'épaisseur,2,non,out,741295
planches de 12 à 18 pieds,2,non,out,741295
planches de 15 à 16 pieds,2,non,out,741295
planches de 18 pieds,1,non,out,741295
planches de 20 pied sur 1 pouce,3,non,out,741295
planches de 24 à 30 pieds,1,non,out,741295
planches de 3 à 12 pieds,1,non,out,741295
planches de 3 pieds dites pakdragers,2,non,out,741295
planches de 4 pieds,1,non,out,741295
planches de 7 pieds,1,non,out,741295
planches de 9 à 10 pieds,1,non,out,741295
planches de 9 pieds,1,non,out,741295
planches de bois,134,non,out,741295
planches de bois blanc,6,non,out,741295
planches de bois d'acajou de 10 pieds,1,oui,,40052
planches de bois d'acajou de 4 pieds,1,oui,,40052
planches de bois d'acajou de 5 à 10 pieds,1,oui,,40052
planches de bois d'acajou de 8 pieds,1,oui,,40052
planches de bois de 10 à 15 pieds,1,non,out,741295
planches de bois de faïence,1,non,,40052
planches de bois de hêtre de 8 pieds,1,non,,40052
planches de bois de rose,0,non,out,741295
planches de bois de rose de 8 à 9 pieds,1,non,,40052
planches de bois des Îles,1,non,out,741295
planches de bois des Indes,1,non,out,741295
planches de bois du Nord,12,non,out,741295
planches de bois et à barils,1,non,out,741295
planches de bois falquettes,2,non,out,741295
planches de bois fortes,1,non,out,741295
planches de bois jaune,1,non,,40052
planches de bois melliaises,1,non,out,741295
planches de bois minces,1,non,out,741295
planches de bois pour bordage,2,non,out,741295
planches de bois pour construction,3,non,out,741295
planches de bois rouge,1,non,,40052
planches de bois vernies,1,non,out,741295
planches de charme,0,non,out,741295
planches de charme de 10 pieds,1,non,,40052
planches de châtaignier,7,non,out,741295
planches de châtaignier de 16 pieds,1,non,out,741295
planches de châtaignier de 5 pieds,1,non,,40052
planches de chêne,354,non,out,741295
planches de chêne 24 pieds,2,non,out,741295
planches de chêne 26 pieds,1,non,out,741295
planches de chêne 6 pieds,1,non,out,741295
planches de chêne à 6,1,non,out,741295
planches de chêne à 9,1,non,out,741295
planches de chêne bouts,1,non,out,741295
planches de chêne communes,15,non,out,741295
planches de chêne d'un pouce et en dessous,136,non,out,741295
planches de chêne de 1 1/2 pouces,3,non,out,741295
planches de chêne de 1 1/4 pouces,2,non,out,741295
planches de chêne de 1/2 pouce,3,non,out,741295
planches de chêne de 1/4 pouce,2,non,out,741295
planches de chêne de 10 12 à 14 pieds,1,non,out,741295
planches de chêne de 10 à 11 pieds,2,non,out,741295
planches de chêne de 10 à 12 pieds,2,non,out,741295
planches de chêne de 10 à 12 pieds et de 1 pouce d'épaisseur,1,non,out,741295
planches de chêne de 10 pieds,23,non,out,741295
"planches de chêne de 10 pieds de long et de 0,75 pouce d'épaisseur",2,non,out,741295
"planches de chêne de 10 pieds et de 0,5 pouces d'épaisseur",1,non,out,741295
planches de chêne de 11 à 12 pieds,2,non,out,741295
planches de chêne de 11 pieds,3,non,out,741295
planches de chêne de 11 pieds de long et de 2 pouces d'épaisseur,1,non,out,741295
planches de chêne de 12 pieds,25,non,out,741295
planches de chêne de 13 à 14 pieds,1,non,,40052
planches de chêne de 13 pieds,2,non,out,741295
planches de chêne de 14 pieds,4,non,out,741295
planches de chêne de 15 à 20 pieds,1,non,out,741295
planches de chêne de 15 pieds,7,non,out,741295
planches de chêne de 16 pieds,3,non,out,741295
planches de chêne de 18 pieds,11,non,out,741295
planches de chêne de 18 pieds de long et de 1 pouce d'épaisseur,1,non,out,741295
"planches de chêne de 19,5 pieds de long et de 2 pouces d'épaisseur",1,non,out,741295
planches de chêne de 2 pouces et en dessus,109,non,out,741295
"planches de chêne de 2,5 pouces",2,non,out,741295
planches de chêne de 20 à 30 pieds,1,non,,40052
planches de chêne de 20 pieds,7,non,out,741295
planches de chêne de 21 pieds,1,non,,40052
planches de chêne de 22 pieds,3,non,out,741295
planches de chêne de 24 pieds,3,non,out,741295
planches de chêne de 25 à 30 pieds,1,non,,40052
planches de chêne de 25 pieds,6,non,out,741295
planches de chêne de 27 pieds,3,non,out,741295
planches de chêne de 28 pieds,4,non,out,741295
planches de chêne de 3 pouces et en dessus,96,non,out,741295
planches de chêne de 30 pieds,6,non,out,741295
planches de chêne de 32 pieds,3,non,out,741295
planches de chêne de 35 pieds,6,non,out,741295
planches de chêne de 36 pieds,2,non,out,741295
planches de chêne de 38 pieds,1,non,out,741295
planches de chêne de 4 pieds,1,non,out,741295
planches de chêne de 4 pouces,3,non,out,741295
planches de chêne de 40 pieds,4,non,out,741295
planches de chêne de 42 pieds,1,non,out,741295
planches de chêne de 5 pouces,2,non,out,741295
planches de chêne de 6 à 7 pieds,1,non,,40052
planches de chêne de 6 pieds,9,non,out,741295
planches de chêne de 7 à 8 pieds,1,non,out,741295
planches de chêne de 7 pieds,3,non,out,741295
planches de chêne de 8 à 9 pieds,2,non,out,741295
planches de chêne de 8 pieds,11,non,out,741295
planches de chêne de 8 pieds et demi,1,non,out,741295
planches de chêne de 9 à 10 pieds,4,non,out,741295
planches de chêne de 9 à 12 pieds,1,non,out,741295
planches de chêne de 9 pieds,8,non,out,741295
planches de chêne de 9 pieds et demi,1,non,out,741295
planches de chêne et planches de sapin,1,non,out,741295
planches de chêne pour bordage,10,non,out,741295
planches de chêne pour bordage de 21 pieds,0,non,out,741295
planches de chênes de 20 pieds,1,non,out,741295
planches de chênes pour bordage,1,non,out,741295
planches de citronnier,2,non,out,741295
planches de Coperwick,5,non,out,741295
planches de cuivre,433,non,out,741295
planches de cuivre battu,1,non,out,741295
planches de cuivre gravées,1,non,out,741295
planches de cuivre jaune,4,non,out,741295
planches de cuivre neuf,1,non,out,741295
planches de cuivre rouge,21,non,out,741295
planches de cyprès,2,non,out,741295
planches de Danemark Prusse et Poméranie,9,non,out,741295
planches de futeau,2,non,out,741295
planches de hêtre,5,non,out,741295
planches de hêtre de 6 pieds,2,non,,40052
planches de jacaranda,1,non,out,741295
planches de laiton,14,non,out,741295
planches de lard,3,non,out,741295
planches de liège,1,non,,40052
planches de liège petites,1,non,out,741295
planches de lin,1,non,out,741295
planches de Lorient,1,non,out,741295
planches de merisier,1,non,out,741295
planches de mûrier,1,non,out,741295
planches de noyer,46,non,out,741295
planches de noyer d'un pouce de 1/2,1,non,out,741295
planches de noyer de 1 pied,1,non,,40052
planches de noyer de 12 pieds,2,non,out,741295
planches de noyer de 3 pieds,1,non,out,741295
planches de noyer de 4 pieds,1,non,,40052
planches de noyer de 5 à 7 pieds,1,non,,40052
"planches de noyer de 5 à 7 pieds de long de 1 à 1,5 pieds de large et de 1 à 3 pouce d'épaisseur",1,non,out,741295
"planches de noyer de 5,5 pieds de long de 0,5 pieds de large et de 1 pouce d'épaisseur",1,non,out,741295
planches de noyer de 6 pieds,1,non,out,741295
"planches de noyer de 6 pieds de long de 0,5 pieds de large et de 1 pouce d'épaisseur",1,non,out,741295
planches de papier communes,1,non,out,741295
planches de peuplier,1,non,out,741295
planches de pin,28,non,out,741295
planches de piphout,75,non,out,741295
planches de plomb,88,non,out,741295
planches de plomb et grains de plomb,5,non,out,741295
planches de plomb et plomb en saumon et plomb en rouleau,6,non,out,741295
planches de plomb gravées,2,non,out,741295
planches de poirier cerisier etc,4,non,out,741295
planches de pont de barque,1,non,out,741295
planches de Prusse,176,non,out,741295
planches de Prusse 28 pieds,1,non,out,741295
planches de Prusse communes,7,non,out,741295
planches de Prusse de 10 à 12 pieds,2,non,out,741295
planches de Prusse de 10 pieds,1,non,out,741295
planches de Prusse de 11 à 12 pieds,1,non,out,741295
planches de Prusse de 12 a 13 pieds et de 1 pouce d'épaisseur,1,non,out,741295
planches de Prusse de 12 pieds,1,non,out,741295
planches de Prusse de 13 à 16 pieds,1,non,out,741295
planches de Prusse de 13 pieds,1,non,out,741295
planches de Prusse de 15 pieds,2,non,out,741295
"planches de Prusse de 18 à 30 pieds et de 1,75 à 2 pouces d'épaisseur",1,non,out,741295
planches de Prusse de 18 pieds,3,non,out,741295
planches de Prusse de 18 pieds à 41 pieds à 1 pouce 1/2 4 pouces d'épaisseur,1,non,out,741295
planches de Prusse de 20 pieds,2,non,out,741295
planches de Prusse de 21 à 22 pieds,1,non,out,741295
planches de Prusse de 22 pieds,2,non,out,741295
planches de Prusse de 24 pieds,4,non,out,741295
planches de Prusse de 25 pieds,3,non,out,741295
planches de Prusse de 26 à 27 pieds,1,non,out,741295
planches de Prusse de 26 ou 27 pieds,1,non,,40052
planches de Prusse de 26 pieds,1,non,,40052
planches de Prusse de 27 à 28 pieds,1,non,out,741295
planches de Prusse de 27 pieds,6,non,out,741295
planches de Prusse de 28 à 30 pieds,3,non,out,741295
planches de Prusse de 28 pieds,4,non,out,741295
planches de Prusse de 30 à 32 pieds,1,non,,40052
planches de Prusse de 30 à 40 pieds,1,non,out,741295
planches de Prusse de 30 ou 32 pieds,1,non,,40052
planches de Prusse de 30 pieds,7,non,out,741295
planches de Prusse de 32 pieds,1,non,,40052
planches de Prusse de 33 à 35 pieds,1,non,out,741295
planches de Prusse de 33 pieds,3,non,out,741295
planches de Prusse de 34 à 35 pieds et de 2 pouces d'épaisseur,1,non,out,741295
planches de Prusse de 35 pieds,3,non,out,741295
planches de Prusse de 36 pieds,3,non,out,741295
planches de Prusse de 37 pieds,1,non,out,741295
planches de Prusse de 38 pieds,1,non,,40052
planches de Prusse de 4 pieds,1,non,,40052
planches de Prusse de 40 à 41 pieds à 3 pouces d'épaisseur,1,non,out,741295
planches de Prusse de 40 pieds,2,non,out,741295
planches de Prusse de 42 pieds,0,non,out,741295
planches de Prusse de 5 pieds,1,non,out,741295
planches de Prusse de 7 à 9 pieds,1,non,out,741295
planches de Prusse de 8 à 12 pieds,1,non,out,741295
planches de Prusse de 8 à 9 pieds,1,non,out,741295
planches de Prusse de 8 pieds,1,non,out,741295
planches de Prusse de 9 à 10 pieds,1,non,out,741295
planches de Prusse de 9 pieds,1,non,out,741295
planches de Prusse demie,1,oui,out,741295
planches de Prusse diverses,2,non,,40052
planches de Prusse en bouts,1,non,,40052
planches de Prusse petites,2,non,out,741295
planches de Pui,5,non,out,741295
planches de rebut,3,non,out,741295
planches de sapin,2031,non,out,741295
planches de sapin 1/2 planches,1,non,out,741295
planches de sapin 10 à 11 pieds,3,non,out,741295
planches de sapin 10 à 13 pieds,1,non,out,741295
planches de sapin 11 à 12 pieds,1,non,out,741295
planches de sapin 12 à 14 pieds,1,non,out,741295
planches de sapin 12 à 15 pieds,1,non,out,741295
planches de sapin 12 pieds,7,non,out,741295
planches de sapin 13 à 14 pieds,1,non,out,741295
planches de sapin 15 à 18 pieds,2,non,out,741295
planches de sapin 15 pieds,2,non,out,741295
planches de sapin 18 pieds,14,non,out,741295
planches de sapin 19 à 20 pieds,1,non,out,741295
planches de sapin 26 à 27 pieds,1,non,out,741295
planches de sapin 26 à 29 pieds,1,non,out,741295
planches de sapin 27 pieds,1,non,out,741295
planches de sapin 30 pieds,2,non,out,741295
planches de sapin 32 à 33 pieds,1,non,out,741295
planches de sapin 32 à 34 pieds,1,non,out,741295
planches de sapin 35 pieds,1,non,out,741295
planches de sapin 36 pieds,1,non,out,741295
planches de sapin 4 pieds,1,non,out,741295
planches de sapin 6 à 7 pieds,1,non,out,741295
planches de sapin 6 pieds,1,non,out,741295
planches de sapin 7 à 11 pieds,1,non,out,741295
planches de sapin 7 à 8 pieds,1,non,out,741295
planches de sapin 8 à 12 pieds,1,non,out,741295
planches de sapin 8 pieds,1,non,out,741295
planches de sapin 9 à 10 pieds,2,non,out,741295
planches de sapin 9 à 10 pieds à 15 sous,1,non,out,741295
planches de sapin 9 pieds,1,non,out,741295
planches de sapin au grand compte,4,non,out,741295
planches de sapin boîtes,1,non,out,741295
planches de sapin commun,275,non,out,741295
planches de sapin d'un demi-pied,1,non,,40052
planches de sapin de ???,1,non,,40052
planches de sapin de ??? pieds,0,non,out,741295
planches de sapin de 1 1/4 pouce,2,non,out,741295
planches de sapin de 1 pouce,4,non,out,741295
planches de sapin de 1/2 pouce,2,non,out,741295
planches de sapin de 10 à 11 pieds,38,non,out,741295
planches de sapin de 10 à 11 pieds à 20 sous,1,non,out,741295
planches de sapin de 10 à 12 pieds,30,non,out,741295
"planches de sapin de 10 à 12 pieds à 1 pouce 1,5 pouce d'épaisseur",1,non,out,741295
planches de sapin de 10 à 12 pieds à 30 sous,1,non,out,741295
planches de sapin de 10 à 13 pieds,3,non,out,741295
planches de sapin de 10 à 14 pieds,2,non,out,741295
planches de sapin de 10 à 15 pieds,3,non,out,741295
"planches de sapin de 10 a 16 pieds et de 1 à 1,25 pouce d'épaisseur",2,non,out,741295
planches de sapin de 10 à 18 pieds,1,non,out,741295
planches de sapin de 10 à 20 pieds,1,non,out,741295
planches de sapin de 10 aunes ?,1,non,,40052
planches de sapin de 10 pieds,67,non,out,741295
planches de sapin de 10 pieds à 20 sous,2,non,out,741295
planches de sapin de 10 pieds et 1 1/2 pouce,3,non,out,741295
planches de sapin de 11 à 12,1,non,out,741295
planches de sapin de 11 à 12 pieds,4,non,out,741295
planches de sapin de 11 à 14 pieds,1,non,out,741295
planches de sapin de 11 a 20 pieds de long et de 1 pouce d'épaisseur,1,non,out,741295
planches de sapin de 11 pieds,21,non,out,741295
planches de sapin de 12 à 13 pieds,3,non,out,741295
planches de sapin de 12 à 14 pieds,3,non,out,741295
planches de sapin de 12 à 15 pieds,4,non,out,741295
planches de sapin de 12 à 16 pieds,3,non,out,741295
planches de sapin de 12 à 18 pieds,1,non,out,741295
planches de sapin de 12 à 20 pieds,2,non,out,741295
planches de sapin de 12 pieds,56,non,out,741295
planches de sapin de 13 à 14 pieds,4,non,out,741295
"planches de sapin de 13 a 17 pieds et de 1 à 1,5 pouce d'épaisseur",2,non,out,741295
planches de sapin de 13 à 18 pieds,1,non,,40052
planches de sapin de 13 pieds,16,non,out,741295
"planches de sapin de 13 pieds et de 1,25 pouce d'épaisseur",1,non,out,741295
planches de sapin de 14 à 15 pieds,1,non,out,741295
planches de sapin de 14 à 16 pieds,3,non,out,741295
planches de sapin de 14 pieds,11,non,out,741295
planches de sapin de 15 à 16 pieds,1,non,out,741295
planches de sapin de 15 a 17 pieds de long et de 1 pieds d'épaisseur,1,non,out,741295
planches de sapin de 15 à 18 pieds,3,non,,40052
planches de sapin de 15 à 20 pieds,3,non,out,741295
planches de sapin de 15 à 30 pieds,1,non,out,741295
planches de sapin de 15 pieds,23,non,out,741295
planches de sapin de 16 à 17 pieds,3,non,out,741295
planches de sapin de 16 à 18 pieds,2,non,out,741295
planches de sapin de 16 a 20 pieds et de 1 a 2 pouces d'épaisseur,2,non,out,741295
planches de sapin de 16 pieds,23,non,out,741295
planches de sapin de 17 à 18 pieds,1,non,out,741295
planches de sapin de 17 à 20 pieds,3,non,out,741295
planches de sapin de 17 pieds,2,non,out,741295
planches de sapin de 18 à 20 pieds,6,non,out,741295
planches de sapin de 18 à 21 pieds,1,non,out,741295
planches de sapin de 18 à 22 pieds,1,non,out,741295
planches de sapin de 18 pieds,58,non,out,741295
planches de sapin de 20 à 22 pieds,2,non,out,741295
planches de sapin de 20 à 24 pieds,2,non,out,741295
planches de sapin de 20 à 25 pieds,3,non,out,741295
planches de sapin de 20 à 26 pieds,1,non,out,741295
planches de sapin de 20 à 27 pieds,2,non,out,741295
planches de sapin de 20 à 30 pieds,4,non,out,741295
planches de sapin de 20 pieds,33,non,out,741295
planches de sapin de 21 à 22 pieds,2,non,out,741295
planches de sapin de 21 à 24 pieds,1,non,out,741295
planches de sapin de 21 pieds,4,non,out,741295
planches de sapin de 22 à 23 pieds,1,non,out,741295
planches de sapin de 22 pieds,20,non,out,741295
planches de sapin de 23 pieds,4,non,out,741295
planches de sapin de 24 à 26 pieds,1,non,out,741295
planches de sapin de 24 à 27 pieds,1,non,out,741295
planches de sapin de 24 à 30 pieds,2,non,out,741295
planches de sapin de 24 à 36 pieds,1,non,out,741295
planches de sapin de 24 pieds,22,non,out,741295
planches de sapin de 25 à 26 pieds,2,non,out,741295
planches de sapin de 25 pieds,20,non,out,741295
planches de sapin de 26 à 27 pieds,6,non,out,741295
planches de sapin de 26 à 30 pieds,1,non,out,741295
planches de sapin de 26 pieds,29,non,out,741295
planches de sapin de 27 à 28 pieds,3,non,out,741295
"planches de sapin de 27 a 28 pieds et de 1,5 pouce d'épaisseur",1,non,out,741295
planches de sapin de 27 à 29 pieds,2,non,,40052
planches de sapin de 27 à 30 pieds,4,non,out,741295
planches de sapin de 27 pieds,25,non,out,741295
planches de sapin de 28 à 29 pieds,1,non,,40052
planches de sapin de 28 à 30 pieds,5,non,out,741295
planches de sapin de 28 à 32 pieds,1,non,,40052
planches de sapin de 28 pieds,16,non,out,741295
planches de sapin de 29 à 30 pieds,1,non,out,741295
planches de sapin de 29 à 32 pieds,1,non,,40052
planches de sapin de 29 pieds,1,non,out,741295
planches de sapin de 3 à 4 pieds,9,non,out,741295
planches de sapin de 3 à 6 pieds,2,non,out,741295
planches de sapin de 3 pieds,2,non,out,741295
planches de sapin de 3/4 pouce,2,non,out,741295
planches de sapin de 30 à 32 pieds,3,non,out,741295
planches de sapin de 30 à 33 pieds,1,non,out,741295
planches de sapin de 30 à 34 pieds,3,non,out,741295
planches de sapin de 30 à 35 pieds,1,non,,40052
planches de sapin de 30 à 36 pieds,2,non,out,741295
planches de sapin de 30 à 38 pieds,1,non,out,741295
planches de sapin de 30 à 40 pieds,1,non,out,741295
planches de sapin de 30 pieds,45,non,out,741295
planches de sapin de 31 pieds,3,non,out,741295
planches de sapin de 32 à 33 pieds,3,non,out,741295
planches de sapin de 32 pieds,8,non,out,741295
planches de sapin de 33 à 34 pieds,1,non,out,741295
planches de sapin de 33 pieds,5,non,out,741295
planches de sapin de 34 à 35 pieds,1,non,,40052
planches de sapin de 34 pieds,1,non,,40052
planches de sapin de 35 pieds,4,non,out,741295
planches de sapin de 36 pieds,9,non,out,741295
planches de sapin de 38 pieds,2,non,out,741295
planches de sapin de 4 à 5 pieds,26,non,out,741295
planches de sapin de 4 à 5 pieds à 4 sous,1,non,out,741295
planches de sapin de 4 à 6 pieds,1,non,,40052
planches de sapin de 4 pieds,8,non,out,741295
planches de sapin de 4 pieds à 6 pouces,0,non,out,741295
planches de sapin de 40 pieds,5,non,out,741295
planches de sapin de 44 à 50 pieds,1,non,,40052
planches de sapin de 45 pieds,1,non,out,741295
planches de sapin de 48 pieds,3,non,out,741295
planches de sapin de 5 à 12 pieds à 1 pouce 1 pouce 1/2 d'épaisseur,1,non,out,741295
planches de sapin de 5 à 6 pieds,21,non,out,741295
planches de sapin de 5 à 6 pieds à 4 sous,1,non,out,741295
planches de sapin de 5 à 7 pieds,2,non,out,741295
planches de sapin de 5 à 8 pieds,1,non,,40052
planches de sapin de 5 pieds,12,non,out,741295
planches de sapin de 50 pieds,3,non,out,741295
planches de sapin de 6 a 10 pieds et de 1 pouce d'épaisseur,2,non,out,741295
planches de sapin de 6 à 15 pieds,1,non,out,741295
planches de sapin de 6 à 7 pieds,12,non,out,741295
planches de sapin de 6 à 8 pieds,1,non,out,741295
planches de sapin de 6 pieds,12,non,out,741295
planches de sapin de 6 pieds et de 1 pouce d'épaisseur,1,non,out,741295
"planches de sapin de 6,5 pieds",1,non,,40052
planches de sapin de 7 à 10 pieds,1,non,out,741295
planches de sapin de 7 à 12 pieds,1,non,out,741295
planches de sapin de 7 à 8 pieds,26,non,out,741295
planches de sapin de 7 à 8 pieds à 6 sous,1,non,out,741295
planches de sapin de 7 à 9 pieds,2,non,out,741295
planches de sapin de 7 pieds,14,non,out,741295
planches de sapin de 75 pieds,1,non,out,741295
planches de sapin de 8 à 10 pieds,7,non,out,741295
planches de sapin de 8 à 10 pieds à 10 sous,1,non,out,741295
planches de sapin de 8 à 11 pieds,1,non,,40052
"planches de sapin de 8 a 11 pieds et de 1 a 1,5 pouce d'épaisseur",3,non,out,741295
planches de sapin de 8 à 12 pieds,2,non,out,741295
"planches de sapin de 8 a 12 pieds et de 1 a 1,5 pouce d'épaisseur",5,non,out,741295
planches de sapin de 8 à 13 pieds,1,non,out,741295
planches de sapin de 8 à 36 pieds,1,non,,40052
planches de sapin de 8 à 7 pieds,1,non,out,741295
planches de sapin de 8 à 9 pieds,46,non,out,741295
planches de sapin de 8 à 9 pieds à 10 sous,1,non,out,741295
planches de sapin de 8 à 9 pieds à 12 sous,1,non,out,741295
planches de sapin de 8 pieds,41,non,out,741295
planches de sapin de 8 pieds à 12 sous,1,non,out,741295
"planches de sapin de 8,5 pieds",1,non,,40052
planches de sapin de 85 pieds,1,non,out,741295
planches de sapin de 9 à 10,1,non,out,741295
planches de sapin de 9 à 10 pieds,50,non,out,741295
planches de sapin de 9 à 10 pieds à 15 sous,1,non,out,741295
planches de sapin de 9 à 10-11 pieds,1,non,out,741295
planches de sapin de 9 à 11 pieds,5,non,out,741295
planches de sapin de 9 à 12 pieds,2,non,out,741295
planches de sapin de 9 à 13 pieds,1,non,out,741295
planches de sapin de 9 à 15 pieds,2,non,out,741295
planches de sapin de 9 pieds,41,non,out,741295
planches de sapin de 9 pieds de longueur,2,non,out,741295
"planches de sapin de 9 pieds et de 1,25 pouce d'épaisseur",1,non,out,741295
planches de sapin de Coperwick,0,non,out,741295
planches de sapin de Norvège,66,non,out,741295
planches de sapin de Poméranie,18,non,out,741295
planches de sapin de Prusse,0,non,out,741295
planches de sapin de rebut,6,non,out,741295
planches de sapin de rebut de 75 pieds,1,non,out,741295
planches de sapin demi planches,8,non,out,741295
planches de sapin duicroco,1,non,out,741295
planches de sapin en bouts,7,non,,40052
planches de sapin et rebut,2,non,out,741295
planches de sapin fendues,2,non,out,741295
planches de sapin grand,8,non,out,741295
planches de sapin moyennes,1,non,,40052
planches de sapin pour bordage,1,non,out,741295
planches de sapin pour grenier,5,non,out,741295
planches de sapin rebut,3,non,out,741295
planches de sapin rebut de 10 pieds,1,non,out,741295
planches de sapin rebut de 26 pieds,1,non,out,741295
planches de sapin refendues,5,non,out,741295
planches de sapin resciées,3,non,out,741295
planches de sapin rouge,2,non,out,741295
planches de sapin rouge de 9 pieds,0,non,out,741295
planches de sapin vieilles,1,non,,40052
planches de serva,1,non,out,741295
planches de Suisse,1,non,out,741295
planches de vathout,51,non,out,741295
planches de wagheschot,89,non,out,741295
planches demies,2,oui,,40052
planches dites feuillet,2,non,out,741295
planches dites feuillet et quartiers,3,non,out,741295
planches dites genoux de bateaux,32,non,out,741295
planches dites Noordschedelen de 11 à 12 pieds,2,non,out,741295
planches dites Noordschedelen de 15 à 16 pieds,3,non,out,741295
planches du Danemark,3,non,out,741295
planches en faux,2,non,out,741295
planches en lest,1,non,,40052
planches en poutres,2,non,out,741295
planches et poutrelles de bois de passementerie,3,non,out,741295
planches et rouleau en laiton,1,non,,40052
planches fendues,1,non,out,741295
planches laquées,1,non,out,741295
planches lourdes,64,non,out,741295
planches moyennes,1,non,out,741295
planches petites,3,non,out,741295
planches petites de sapin,12,non,out,741295
planches pour faux,1,non,out,741295
planches pour grenier,5,non,out,741295
planches pour grenier de 16 pieds,1,non,,40052
planches pour grenier de 18 pieds,1,non,,40052
planches pour grenier de 27 pieds,1,non,,40052
planches pour grenier de 30 pieds,1,non,,40052
planches pour grenier de 34 pieds,1,non,,40052
planches pour grenier de 36 pieds,1,non,,40052
planches refendues,2,non,out,741295
planches sciées,8,non,out,741295
planches sciées de long,7,non,out,741295
plançons,5,non,out,741295
plançons courbes,1,non,out,741295
plançons de chêne,2,non,out,741295
plantes d'asperges et jets de houblon,6,non,out,741295
plantes de jasmin,5,non,out,741295
plantes de romarin,24,non,out,741295
plantes diverses,22,non,out,741295
plantes herbes racines etc.,23,non,out,741295
plants ???,1,non,out,741295
plants d'arbres,49,non,out,741295
plants d'arbres à fruits,3,non,out,741295
plants d'argent,1,non,out,741295
plants d'artichauts,2,non,out,741295
plants d'asperges,23,non,out,741295
plants d'oignon,3,non,out,741295
plants d'oignons,1,non,out,741295
plants d'oranger,60,non,out,741295
plants de bois,1,non,out,741295
plants de bois sauvages,1,non,out,741295
plants de cédrat,3,non,out,741295
plants de chinois et fleurs,1,non,out,741295
plants de choux,1,non,out,741295
plants de citronnier,8,non,out,741295
plants de fleurs,31,non,out,741295
plants de jardin,1,non,out,741295
plants de jasmin,9,non,out,741295
plants de mûriers,22,non,out,741295
plants de rouge d'Espagne,1,non,out,741295
plants de tabac,5,non,out,741295
plants de vigne,103,non,out,741295
plaques,955,non,out,741295
plaques de bois,1,non,out,741295
plaques de cheminée,5,non,out,741295
plaques de cheminées en fer,4,non,out,741295
plaques de cornes,1,non,out,741295
plaques de cuivre,45,non,out,741295
plaques de cuivre rouge,2,non,out,741295
plaques de fer,58,non,out,741295
plaques de fer battu,1,non,out,741295
plaques de fer de fonte,2,non,out,741295
plaques de four,1,non,out,741295
plaques en tôle,1,non,out,741295
plaques et ouvrages de cuivre,9,non,,40052
plastic de soie,1,non,,40052
plat de grès,17,non,out,741295
plat de terre anglais,1,non,,40052
plateaux,4,non,out,741295
plateaux argentés,1,non,out,741295
plateaux de bois,3,non,out,741295
plateaux de bois pour peser,1,non,out,741295
plateaux de bordure de cuivre,1,non,out,741295
plateaux de cuivre,3,non,out,741295
plateaux de fer,1,non,out,741295
plateaux de fer vernis,2,non,out,741295
plateaux de noyer,1,non,out,741295
plateaux pour fléaux,1,non,out,741295
plateaux vernis,1,non,out,741295
plateaux vernis et de cote,1,non,out,741295
plates de cuivre,11,non,out,741295
plates de cuivre ciselées et gravées,2,non,out,741295
plates de cuivre jaune,23,non,out,741295
plates de cuivre rouge,87,non,out,741295
plates de fer,20,non,out,741295
platies,2,non,out,741295
platille,348,non,out,741295
platille de lin,7,non,out,741295
platille de lin de Silésie,3,non,out,741295
platille de retour,1,non,,40052
platille de retour faute de vente,1,oui,out,741295
platille des Indes,6,non,out,741295
platille pour Guinée,1,non,out,741295
platille roussie,1,non,out,741295
platines,4,non,out,741295
platines à cassave,13,non,out,741295
platines à verdet,1,non,out,741295
platines de cuivre,108,non,out,741295
platines de cuivre et plaques de cuivre,0,non,out,741295
platines de fer,11,non,out,741295
platines de fer coulé de fonte,1,non,out,741295
platines de fer-blanc,1,non,out,741295
platines de ferrure,2,non,out,741295
platines de fusils,11,non,out,741295
platines en lingots,2,non,out,741295
platines minerai,1,non,out,741295
platon,1,non,,40052
plâtre,565,non,out,741295
plâtre brut,1,non,out,741295
plâtre calciné ou brut,2,non,out,741295
plâtre calciné ou moulé préparé,2,non,out,741295
plâtre calciné ou moulé soit préparé,4,non,out,741295
plâtre de pierres,2,non,out,741295
plâtre et pierres ditto,118,non,out,741295
plâtre et pierres ditto par livre,10,non,out,741295
plâtre gris,2,non,out,741295
plâtre moulu,2,non,out,741295
plâtre moulu soit préparé,1,non,out,741295
plats d'étain,3,non,,40052
plats de boire,1,non,out,741295
plats de bois,8,non,out,741295
plats de d'étain,1,non,out,741295
plats de faïence,1,non,out,741295
plats de fer,15,non,out,741295
plats de sapin,1,non,out,741295
plats et pots d'étain,1,non,out,741295
plawens,4,non,out,741295
plawens ou codde,11,non,out,741295
plesny,1,non,out,741295
pleviers,2,non,out,741295
plies sèches,4,non,out,741295
plocq,106,non,out,741295
plomb,490,non,out,741295
plomb à gibier,8,non,out,741295
plomb à tirer,2,oui,out,741295
plomb argenté,1,non,out,741295
plomb battu ou laminé,7,non,out,741295
plomb brut,15,non,out,741295
plomb brut en pain,1,non,out,741295
plomb de caisse de thé,1,non,out,741295
plomb de chasse,79,non,out,741295
plomb de cuivre battu,4,non,out,741295
plomb de pêche,1,non,out,741295
plomb de soude,1,oui,out,741295
plomb de soudes,1,non,,40052
plomb de toutes sortes,7,oui,,40052
plomb divers,30,oui,out,741295
plomb en barre,22,oui,out,741295
plomb en barres,23,non,,40052
plomb en bloc,127,non,out,741295
plomb en feuilles,5,non,out,741295
plomb en grenaille,981,non,out,741295
plomb en lingot,8,non,out,741295
plomb en masse,1,non,out,741295
plomb en pain,27,non,out,741295
plomb en plaque,18,non,out,741295
plomb en poids,2,non,out,741295
plomb en rolles et travaillé,128,non,out,741295
plomb en rouleau,111,non,out,741295
plomb en rouleau et en tables,2,non,out,741295
plomb en rouleau lingots,4,non,out,741295
plomb en rouleau lingots etc.,2,non,out,741295
plomb en rouleau lingots tables,1,non,out,741295
plomb en saumon,1364,non,out,741295
plomb en saumon d'Allemagne,2,non,out,741295
plomb en saumon et grenaille,9,non,,40052
plomb en saumon et rouleau,6,non,,40052
plomb en saumon et table,6,non,,40052
plomb en saumon pour grenaille,1,non,,40052
plomb en saumon pour table,3,non,,40052
plomb en saumon rouleau,2,oui,,40052
plomb en saumon salé,1,non,,40052
plomb et toutenague,93,non,out,741295
plomb giboyer,1,oui,out,741295
plomb laminé,49,non,out,741295
plomb laminé rouleau,1,non,out,741295
plomb pour filets à pêcher,1,non,out,741295
plomb sable,0,non,out,741295
plomb thé,1,non,out,741295
plomb tuyaux d'orgues,2,non,out,741295
plomb vieux,34,non,out,741295
plombagine,4,non,out,741295
plumes,223,non,out,741295
plumes à cure-dents,15,non,out,741295
plumes à écrire,757,non,out,741295
plumes à écrire d'oie,3,non,out,741295
plumes à écrire et à lit,164,non,out,741295
plumes à écrire et à lit duvet et édredon,15,non,out,741295
plumes à écrire non travaillées,2,non,out,741295
plumes à lit,534,non,out,741295
plumes à lit brutes,1,non,out,741295
plumes à lit vives,119,non,out,741295
plumes à manchon,10,non,out,741295
plumes à phants,1,non,out,741295
plumes à plumet,1,non,out,741295
plumes à volant,14,non,out,741295
plumes apprêtées,3,non,out,741295
plumes apprêtées à écrire,19,non,out,741295
plumes apprêtées blanches de parure,2,non,out,741295
plumes apprêtées blanches grandes de parure,2,non,out,741295
plumes apprêtées d'autruche,361,non,out,741295
plumes apprêtées de coq,1,non,out,741295
plumes apprêtées de parure,2,non,out,741295
plumes apprêtées grandes de parure,2,non,out,741295
plumes apprêtées noires de parure,4,non,out,741295
plumes apprêtées petites de parure,2,non,out,741295
plumes blanches brutes de parure,2,non,out,741295
plumes blanches brutes grandes de parure,2,non,out,741295
plumes brutes,3,non,out,741295
plumes brutes à écrire,24,non,out,741295
plumes brutes à genice,4,non,out,741295
plumes brutes de parure,28,non,out,741295
plumes brutes grandes de parure,3,non,out,741295
plumes brutes noires de parure,4,non,out,741295
plumes brutes petites de parure,3,non,out,741295
plumes communes à lit,1,non,out,741295
plumes cordons gris et jaunes et rouges et à écrire,6,non,out,741295
plumes cordons jaunes à écrire,3,non,out,741295
plumes cordons rouges à écrire,3,non,out,741295
plumes d'aigledon,31,non,out,741295
plumes d'aiglon,5,non,out,741295
plumes d'aiglon en édredon,2,non,,40052
plumes d'autruche,203,non,out,741295
plumes d'autruche à écrire,1,non,out,741295
plumes d'autruche blanches,2,non,out,741295
plumes d'autruche brutes,184,non,out,741295
plumes d'autruche crues,35,non,out,741295
plumes d'autruche crues et noires,1,non,out,741295
plumes d'autruche et autres de parure,66,non,out,741295
plumes d'autruche et de vautour,11,non,out,741295
plumes d'autruche noires,2,non,out,741295
plumes d'édredon,25,non,out,741295
plumes d'oie,141,non,out,741295
plumes d'oie à lit,4,non,out,741295
plumes d'oiseaux,1,non,out,741295
plumes de coq,4,non,out,741295
plumes de duvet,3,non,,40052
plumes de lin,57,oui,out,741295
plumes de lit,57,non,,40052
plumes de poule,50,non,out,741295
plumes de soie,1,non,out,741295
plumes duvet,3,oui,out,741295
plumes en ???,1,non,out,741295
plumes idem,1,non,out,741295
plumes mortes,82,non,out,741295
plumes mortes à lit,2,non,out,741295
plumes noire,3,non,out,741295
plumes pour dévidoir,1,non,out,741295
plumes pour duvet,3,non,out,741295
plumes teintes,2,non,out,741295
plumes vives,2,non,out,741295
plumes vives à lit,2,non,out,741295
plumets,10,non,out,741295
plumets pour chapeaux,112,non,out,741295
plus,1,non,,40052
pluviers,1,non,out,741295
poches de peau,1,non,out,741295
poêles,4,non,out,741295
poêles à chaudron de fer,1,non,out,741295
poêles à chauffer,3,non,out,741295
poêles à feu,40,non,out,741295
poêles à frire,142,non,out,741295
poêles à frire de fer,167,non,out,741295
poêles à frire de fer battu,1,non,out,741295
poêles d'airain,1,non,out,741295
poêles de faïence,5,non,out,741295
poêles de fer,67,non,out,741295
poêles de fer à feu,4,non,out,741295
poêles de fer de fonte,1,non,out,741295
poêles de fer et leurs tuyaux,2,non,out,741295
poêles de fer pesant 600 livres,1,non,,40052
poêles de feu à frire,1,non,out,741295
poêles de terre,1,non,out,741295
poêlons de cuivre,2,non,out,741295
poêlons de fer,1,non,out,741295
poids,9,non,out,741295
poids à peser,2,non,out,741295
poids de 28 ??? de Hollande,1,non,,40052
poids de fer,166,non,out,741295
poids de fer de fonte,1,non,out,741295
poids de fonde,1,non,out,741295
poids de plomb,1,non,out,741295
poignards et sabres de traite,1,non,out,741295
poignées d'épée d'argent,1,non,out,741295
poignées pour sabres,3,non,out,741295
poignets de chemise,3,non,out,741295
poil,140,non,out,741295
poil blanc,1,non,out,741295
poil brossiers et rognures,1,oui,out,741295
poil d'autruche en laine pour faire lisière,1,non,out,741295
poil d'élan et de lièvre,1,non,out,741295
poil d'Espagne d'argent,1,non,out,741295
poil de ???,1,non,out,741295
poil de bœuf,22,non,out,741295
poil de bœuf c'est de la laine,1,non,out,741295
poil de bœuf et de vache,6,non,out,741295
poil de bouc,2,non,out,741295
poil de carton,1,non,out,741295
poil de castor,44,non,out,741295
poil de castor et d'élan,2,non,out,741295
poil de chameau,111,non,out,741295
poil de chameau et de chèvre,49,non,out,741295
poil de chameau et de chèvre et de lièvre,13,non,out,741295
poil de chameau et de lièvre,4,non,out,741295
poil de cheval,1,non,out,741295
poil de chèvre,237,non,out,741295
poil de chèvre et de lapin et de lièvre,200,non,out,741295
poil de chèvre non filé,2,non,out,741295
poil de chèvre simple,22,non,out,741295
poil de chevreau,8,non,out,741295
poil de chevrotin,36,non,out,741295
poil de cochon,1,non,out,741295
poil de coton,1,non,out,741295
poil de laine,4,non,out,741295
poil de lapin,199,non,out,741295
poil de lapin et de lièvre,93,non,out,741295
poil de lièvre,37,non,out,741295
poil de loup,1,non,out,741295
poil de porcs,6,non,out,741295
poil de porcs et poil de sanglier,86,non,out,741295
poil de sanglier,108,non,out,741295
poil de vache,4,non,out,741295
poil et cheveux,40,non,out,741295
poil pour doublage,1,non,out,741295
poil propre à la chapellerie et à la filature,4,non,out,741295
poinade,2,non,out,741295
poinçon neuf et vide,1,non,out,741295
point d'argent et d'or,1,non,out,741295
point d'Espagne,1,non,out,741295
point d'Espagne d'argent,1,non,out,741295
point d'Espagne d'argent et d'or,3,non,out,741295
point d'Espagne d'or,3,non,out,741295
point d'Espagne et ruban or et argent,1,non,out,741295
point d'or,1,non,out,741295
point de Hongrie,27,non,out,741295
pointes de bâts,3,non,out,741295
pointes de bois,5,non,out,741295
pointes de bois pour bâts,6,oui,out,741295
pointes de corne,1,non,out,741295
pointes de Hongrie,2,non,out,741295
pointes de queues de martre,3,non,out,741295
pointes pour bâtir de bois,1,non,out,741295
poireaux,3,non,out,741295
poireaux à planter,1,non,out,741295
poires,76,non,out,741295
poires de coing,15,non,out,741295
poires du bon chrétien,85,non,out,741295
poires du bon chrétien et de coing,3,non,out,741295
poires en pommes,3,non,out,741295
poires et pommes,4,non,out,741295
poires et pommes communes,135,non,out,741295
poires et pommes fraîches,80,non,out,741295
poires et pommes sèches,85,non,out,741295
poires fraîches,3,non,out,741295
poires sèches,8,non,out,741295
pois,254,non,out,741295
pois blancs,5,non,out,741295
pois carrés,3,non,,40052
pois chiches,46,non,out,741295
pois communs,127,non,out,741295
pois confits,1,non,out,741295
pois crus,2,non,out,741295
pois d'Espagne,33,non,out,741295
pois de Bourgogne,107,non,out,741295
pois de Grasse,1,non,out,741295
pois en gerbe,15,non,out,741295
pois et fève et haricot,2,oui,out,741295
pois et fèves,10,oui,out,741295
pois fayolles,2,oui,out,741295
pois haricots,1,oui,out,741295
pois noirs,1,non,,40052
pois pointus,5,non,,40052
pois secs,72,non,out,741295
pois secs et verts,1,non,out,741295
pois verts,114,non,out,741295
poisson,657,non,out,741295
poisson ???,7,non,out,741295
poisson anchois,38,non,out,741295
poisson blanc,1,non,out,741295
poisson blanc et petit,102,non,out,741295
poisson d'eau douce,24,non,out,741295
poisson d'eau douce frais,1,non,out,741295
poisson d'eau douce frais préparé,4,non,out,741295
poisson de mer,39,non,out,741295
poisson de mer 196 lignes,1,non,out,741295
poisson de mer de pêche française,5,non,out,741295
poisson de mer divers,9,non,out,741295
poisson de mer frais,10,non,out,741295
poisson de mer frais fumé salé ou sec,3,non,out,741295
poisson de mer frais salé et sec,1,non,out,741295
poisson de mer mariné à l'huile,7,non,out,741295
poisson de mer salé,2,non,out,741295
poisson de mer salé divers,0,non,out,741295
poisson de mer salé et mariné,19,non,out,741295
poisson de mer salé et mariné ??? blanc,3,non,out,741295
poisson de mer salé ou mariné,10,non,out,741295
poisson de mer sec,1,non,out,741295
poisson dit julienne,2,non,,40052
poisson divers salé,8,non,out,741295
poisson en adobe,90,non,out,741295
poisson en anchois,1,non,out,741295
poisson en daube,2,non,out,741295
poisson frais,367,non,out,741295
poisson frais de mer,9,non,out,741295
poisson frais et gros,12,non,out,741295
poisson frais et mariné et salé,11,non,out,741295
poisson frais et petit,4,non,out,741295
poisson frais et salé,68,non,out,741295
poisson frais menu,1,non,out,741295
poisson frit,123,non,out,741295
poisson frit et gros,1,non,out,741295
poisson frit salé,1,non,out,741295
poisson mariné,13,non,out,741295
poisson salé,1060,non,out,741295
poisson salé de,2,non,,40052
poisson salé et frais,9,non,out,741295
poisson salé et mariné,26,non,out,741295
poisson salé morue accompagnée de ???,3,non,out,741295
poisson sec,12,non,out,741295
poissons salés,8,non,,40052
poissons salés et secs,2,non,,40052
poivre,1829,non,out,741295
poivre à meules,1,non,out,741295
poivre blanc,58,non,out,741295
poivre blanc-noir,0,non,out,741295
poivre brun,2,non,out,741295
poivre commun,52,non,out,741295
poivre concassé,1,non,out,741295
poivre de Bourgogne,1,non,out,741295
poivre de girofle,2,non,out,741295
poivre de Jamaïque,1,non,out,741295
poivre de roussi,1,non,out,741295
poivre des entrepôts,0,non,out,741295
poivre des Indes,4,non,out,741295
poivre dit maniquette,2,non,out,741295
poivre doux,1,non,out,741295
poivre en grabeau,50,non,out,741295
poivre en grains,13,non,out,741295
poivre en poudre,1,non,out,741295
poivre en poussière,4,non,out,741295
poivre giroflé,249,non,out,741295
poivre léger,1,non,out,741295
poivre long,41,non,out,741295
poivre noir,109,non,out,741295
poivre ordinaire,37,non,out,741295
poivre piment,12,non,out,741295
poivre rond,1,non,out,741295
poivre sec,1,non,out,741295
poivre vert,1,non,out,741295
poix,1561,non,out,741295
poix ???,2,non,,40052
poix blanche,11,non,out,741295
poix blanche et noire et résines,6,non,out,741295
poix blanche et résines,4,non,out,741295
poix de Bourgogne,3,non,out,741295
poix et tartre,10,non,out,741295
poix et térébenthine,14,non,turpentine,2222
poix étrangère,1,non,out,741295
poix grasse,9,non,out,741295
poix molle,1,non,out,741295
poix noire,82,non,out,741295
poix noire et poix blanche,0,non,out,741295
poix ou galipot,5,non,out,741295
poix résines,221,non,out,741295
poix terck daguet goudron,123,non,out,741295
polimi,72,non,out,741295
polimi de poil,11,non,out,741295
polimi gris,2,non,out,741295
polonaises,2,non,out,741295
polypode,10,non,out,741295
pomargues,1,non,out,741295
pomelles à voiliers,1,non,out,741295
pomette d'acier,1,non,out,741295
pommade,559,non,out,741295
pommade commune,1,non,out,741295
pommade de senteur,31,oui,out,741295
pommade et poudre,10,non,out,741295
pommade et poudre et savonnettes,2,non,out,741295
pommade et savonnettes,110,non,out,741295
pommeaux de cuivre doré,1,non,out,741295
pommes,221,non,out,741295
pommes crues,1,non,out,741295
pommes d'api,2,non,out,741295
pommes de caille,1,non,out,741295
pommes de cannes,1,non,out,741295
pommes de grenade,22,non,out,741295
pommes de paradis,1,non,out,741295
pommes de rainettes,4,non,out,741295
pommes de terre,82,non,out,741295
pommes elemy,1,non,out,741295
pommes et poires,18,non,out,741295
pommes fraîches,38,non,out,741295
pommes sèches,3,non,out,741295
pompes,13,non,out,741295
pompes à boire,1,non,out,741295
pompes à éteindre le feu,1,non,out,741295
pompes à feu,5,non,out,741295
pompes à Hollande,1,non,out,741295
pompes à incendie,3,non,out,741295
pompes à laver les vitres,1,non,out,741295
pompes à main et petites,1,non,out,741295
pompes à navire,2,non,out,741295
pompes de bois,27,non,out,741295
pompes de cuivre,1,non,out,741295
pompes de fer,1,non,out,741295
pompes de Hollande,1,non,out,741295
pompes de navire,0,non,out,741295
pompes de plomb,1,non,out,741295
pompes de plomb de 20 pieds,1,non,out,741295
pompes pour pompiers,3,non,out,741295
pompons,1,non,out,741295
pompons d'argent et de soie,1,non,out,741295
poncire,70,non,out,741295
ponçure de pin,1,non,out,741295
Pondichéry,1,non,cotton goods,18103
poopee ?,1,non,,40052
popeline,17,non,out,741295
popeline de coton et soie,2,non,cotton goods,18103
popeline de filoselle,1,non,out,741295
popeline de laine,1,non,,40052
popeline de soie,1,oui,out,741295
popeline des prises,1,non,out,741295
populeum,4,non,out,741295
porcelaine,1678,non,out,741295
porcelaine à la valeur,1,non,out,741295
porcelaine commune,133,non,out,741295
porcelaine commune et fine,2,non,out,741295
porcelaine contrefaite,5,non,out,741295
porcelaine de Chine,2,non,out,741295
porcelaine de Hollande,12,non,out,741295
porcelaine de Saint-Cloud,5,non,out,741295
porcelaine de Saxe,10,non,out,741295
porcelaine de Tournai,2,non,out,741295
porcelaine des Indes,63,non,out,741295
porcelaine diverse,4,non,out,741295
porcelaine du Faubourg Saint-Antoine,1,non,out,741295
porcelaine du Japon,1,non,out,741295
porcelaine et faïence,2,non,out,741295
porcelaine fine,9,non,out,741295
porcelaine fine à la valeur,1,non,out,741295
porcelaine fine au kilogramme,2,non,out,741295
porcelaine Hollande,1,non,out,741295
porcelaine soucoupes et tasses,1,non,out,741295
porcelets,86,non,out,741295
porcelets de 6 mois,1,non,,40052
porcelets et porcs,22,non,out,741295
porcs,282,non,out,741295
porcs au-dessous de 6 mois,4,non,out,741295
porcs au-dessus de 6 mois,1,non,out,741295
porcs confits,6,non,out,741295
porcs de 6 mois et au-dessus,4,non,out,741295
porcs de lait,157,non,out,741295
porcs de lait au-dessous de 3 mois,2,non,out,741295
porcs et porcelets,1,oui,out,741295
porcs frais,11,non,out,741295
porcs fumés,1,non,out,741295
porcs gras,295,non,out,741295
porcs gras en vie,1,non,out,741295
porcs gras et maigres,1,non,out,741295
porcs maigres,20,non,out,741295
porcs maigres salés,2,non,out,741295
porcs poulets,2,non,out,741295
porcs salé,0,oui,,40052
porcs salé et petit salé,1,oui,,40052
porcs salés,390,non,out,741295
porcs salés et petit salé,6,non,,40052
porcs tués,1,non,out,741295
porcs tués petits,1,non,out,741295
porphyre,1,non,out,741295
porte de verre,1,non,out,741295
porte la frine,1,non,,40052
portefeuilles,3,non,out,741295
portemanteaux,4,non,out,741295
portemanteaux de cuir,2,non,out,741295
portemanteaux de cuir de Russie,3,non,out,741295
portemanteaux de peau de Russie,1,oui,out,741295
portemanteaux de Russie,1,oui,out,741295
portevoix,1,non,out,741295
portevue,6,non,out,741295
portrait,2,non,out,741295
portrait à cadres dorés,1,non,out,741295
portrait de cour,5,non,out,741295
portrait de famille,3,non,out,741295
portrait et ses bordures,1,non,out,741295
portrait et ses bordures dorées,1,non,out,741295
portrait et ses bordures dorées et en pastel,1,non,out,741295
poste royale,20,non,,40052
pot à fleurs de faïence,1,non,,40052
pot de terre,2,non,out,741295
pot de terre couvert d'étain,2,non,out,741295
potache,4,non,out,741295
potasse,1192,non,out,741295
potasse et védasse,6,non,out,741295
potasse et védasse et gravelée,86,non,out,741295
potasse gravelée et védasse,32,non,out,741295
poterie,140,non,out,741295
poterie à feu,1,non,out,741295
poterie commune,3,non,out,741295
poterie crue,1,non,out,741295
poterie d'orient,0,non,,40052
poterie de cuivre,1,non,out,741295
poterie de Delft,1,non,out,741295
poterie de faïence,263,non,out,741295
poterie de faïence et verrerie,53,non,out,741295
poterie de fer,31,non,out,741295
poterie de grès,243,non,out,741295
poterie de grès barbançons,1,non,out,741295
poterie de grès barbues,1,non,out,741295
poterie de grès cavelle,1,non,out,741295
poterie de grès commune,4,non,out,741295
poterie de grès commune et fine,2,non,out,741295
poterie de grès diverse,32,non,out,741295
poterie de grès fine,2,non,out,741295
poterie de grès moques,1,non,out,741295
poterie de livre,4,non,out,741295
poterie de pierre,70,non,out,741295
poterie de pierre et de terre,262,non,out,741295
poterie de raffinerie,1,non,out,741295
poterie de terraille,1,oui,out,741295
poterie de terre,432,oui,out,741295
poterie de terre barbançons,4,oui,out,741295
poterie de terre cannette,1,oui,out,741295
poterie de terre cruche,1,oui,out,741295
poterie de terre cuite,450,non,out,741295
poterie de terre cuite diverse,57,non,,40052
poterie de terre diverse,57,oui,out,741295
poterie de terre grossière,7,non,out,741295
poterie de terre terraille,43,oui,out,741295
poterie des Indes,1,non,out,741295
poterie diverse,31,non,out,741295
poterie du pays,1,non,,40052
poterie et terre,2,non,out,741295
poterie façon d'Angleterre et de terre,1,non,out,741295
poterie grès,1,non,out,741295
poterie jarre,10,non,out,741295
poterie ordinaire,1,non,out,741295
poterie petite et forme à sucre,1,non,out,741295
poterie terraille,59,oui,out,741295
poterie tuiles et verrerie,3,non,out,741295
potin,101,non,out,741295
potin à plomber pots,6,non,out,741295
potin bleu,1,non,,40052
potin cru,117,non,out,741295
potin gris,18,non,out,741295
potin raffiné,83,non,out,741295
pots,67,non,out,741295
pots à fleurs de faïence,1,non,out,741295
pots à forme à sucre,3,non,out,741295
pots à forme à sucre de terre,4,non,out,741295
pots à huile de terre,1,non,out,741295
pots à moutarde et verres à boire,1,non,out,741295
pots à peintures,1,non,out,741295
pots à raffinerie,2,non,out,741295
pots à rouler du tabac,1,non,out,741295
pots à sucre,1,non,,40052
pots à sucre de terre,9,non,out,741295
pots d'étain,2,non,out,741295
pots de brai en fer,1,non,out,741295
pots de cervier,1,non,out,741295
pots de chaises de commodité,1,non,out,741295
pots de chaises de faïence,1,non,out,741295
pots de chambre de faïence,1,non,out,741295
pots de faïence,2,non,out,741295
pots de faïence à eau,1,non,out,741295
pots de faïence à jardin,1,non,out,741295
pots de faïence de commodité,1,non,out,741295
pots de fer,26,non,out,741295
pots de grès,20,non,out,741295
pots de grès couverts d'étain,1,non,out,741295
pots de grès grands,1,non,out,741295
pots de rechange,2,non,out,741295
pots de rouge,3,non,out,741295
pots de sucre,1,non,out,741295
pots de terre,99,non,out,741295
pots de terre à faire,1,non,,40052
pots de terre et forme de terre à sucre,1,non,out,741295
pots de terre grands,1,non,out,741295
pots de terre pour apothicaire,1,non,out,741295
pots de terre rouge,1,non,out,741295
pots garnis d'étain et de terre,1,non,out,741295
pots non garnis et de terre,1,non,out,741295
pots pour chaises de commodité,2,non,out,741295
pou de soie,1,non,out,741295
poudre,85,non,out,741295
poudre ??? nationales d'après les états du département de poudre et de salpêtre,2,non,out,741295
poudre à cacheter,1,non,out,741295
poudre à canons,250,non,out,741295
poudre à canons de guerre,2,non,out,741295
poudre à canons et à tirer,12,non,out,741295
poudre à cirer,1,non,out,741295
poudre à encre,1,non,out,741295
poudre à fers,1,non,out,741295
poudre à feu,116,non,out,741295
poudre à fusil,3,non,out,741295
poudre à fusil et à tirer,14,non,out,741295
poudre à giboyer,1,non,,40052
poudre à liser,1,non,out,741295
poudre à odeur,2,non,out,741295
poudre à poudrer,710,non,out,741295
poudre à poudrer et de senteur,2,non,out,741295
poudre à poudrer et pommade,1,non,out,741295
poudre à tirer,350,non,out,741295
poudre à tirer d'après les états fournis par le directeur des poudres et salpêtre,5,non,out,741295
poudre à tirer fine,1,non,out,741295
poudre blanche,2,non,out,741295
poudre brillant,2,non,out,741295
poudre bronzante,4,non,out,741295
poudre cosmétique,5,non,out,741295
poudre d'Ailhaud,34,non,out,741295
poudre d'aventurine,2,non,out,741295
poudre d'émeri,1,non,out,741295
poudre d'iris,6,non,out,741295
poudre d'or,1,non,out,741295
poudre d'oxaca,1,non,out,741295
poudre de canons,1,non,out,741295
poudre de capucin,14,non,out,741295
poudre de carène,1,non,out,741295
poudre de chasse,1,non,out,741295
poudre de gouaxaca,1,non,out,741295
poudre de guerre,3,non,out,741295
poudre de marbre,1,non,out,741295
poudre de mine,1,non,out,741295
poudre de plomb,1,non,out,741295
poudre de riz,2,non,rice,3697
poudre de sapin,1,non,out,741295
poudre de terre,3,non,out,741295
poudre de traite,6,non,out,741295
poudre de traite d'Angleterre et de Hollande,1,non,out,741295
poudre en grenaille,1,non,out,741295
poudre en lest,1,non,,40052
poudre en pommade,1,non,out,741295
poudre et pommade,1,non,,40052
poudre et salpêtre,3,non,,40052
poudre et teinture verte,5,non,dye other,2652
poudre fine,1,non,out,741295
poudre jaune,1,non,out,741295
poudre médicinale,8,non,out,741295
poudre noire,1,non,out,741295
poudre précipité,1,non,out,741295
poudre purgative,3,non,out,741295
poudre purgative d'Ailhaud,3,non,out,741295
poudre verte,1,non,out,741295
poulailler de cordonnier,2,non,out,741295
poulains,210,non,out,741295
poulains à zin,1,non,out,741295
poulains de 18 mois,1,non,,40052
poulains de somme,2,non,out,741295
poulains mulards,2,non,out,741295
poulardes,8,non,out,741295
poules,31,non,out,741295
poules d'étain,1,non,out,741295
poules d'Inde,1,non,out,741295
poules de bois,1,non,out,741295
poules des Indes,2,non,out,741295
poules en vie,1,non,out,741295
poules et poulets,1,non,out,741295
poulets,65,non,out,741295
poulets d'Inde,4,non,out,741295
poulets de cane,1,non,out,741295
poulies,20,non,out,741295
poulies de bois,3,non,out,741295
poulies de gaïac,1,non,out,741295
poulies de sapin,1,non,out,741295
poulies de vaisseaux,2,non,out,741295
poulies garnies,2,non,out,741295
poupée,6,non,out,741295
poupée d'enfant,1,non,out,741295
pour la pêche,20,oui,,40052
pour la pêche à la morue,7,oui,,40052
pour la pêche au poisson frais,1,oui,,40052
pour la pêche aux moules,1,oui,,40052
pour la poste royale,13,oui,,40052
pour le cabotage,9,non,,40052
pour les peintures et la teinture,1,non,dye other,2652
pourette,1,non,out,741295
pourette de mûrier,1,non,out,741295
pousses de houblon et vignes,3,non,out,741295
poussière,2,non,out,741295
poussière d'écorce de pin,1,oui,out,741295
poussière d'encens,36,non,out,741295
poussière de barille,1,oui,out,741295
poussière de bourde,2,oui,out,741295
poussière de buis,3,non,out,741295
poussière de foin,3,non,out,741295
poussière de martre,1,non,out,741295
poussière de mûriers,1,non,out,741295
poussière de pin,3,non,out,741295
poussière de raisin,1,non,out,741295
poussière de résines,4,non,out,741295
poussière de soude,7,oui,out,741295
poussière de soudes,7,non,,40052
poussière de tartre,61,non,out,741295
poussière de terre,1,non,out,741295
poussière de vitriol,2,non,vitriol,1211
poussins,3,non,out,741295
poutardes,1,non,out,741295
poutargues,85,non,out,741295
poutines,1,non,out,741295
poutreaux,26,non,out,741295
poutreaux de 12 pieds,0,non,out,741295
poutreaux de 9 pieds,0,non,out,741295
poutreaux de bois,1,non,,40052
poutreaux de chêne,2,non,out,741295
poutreaux de sapin,12,non,out,741295
poutreaux de sapin de 10 pieds,0,non,out,741295
poutreaux de sapin de 24 pieds,0,non,out,741295
poutrelles,12,non,out,741295
poutrelles de frêne,1,non,out,741295
poutrelles de sapin,4,non,out,741295
poutrelles et solives,1,non,out,741295
poutres,2138,non,out,741295
poutres de 16 à 28 pieds,1,non,out,741295
poutres de 60 pieds,1,non,out,741295
poutres de bois,1,non,,40052
poutres de bois pour bâtir,1,non,out,741295
poutres de chêne,5,non,out,741295
poutres de chêne de 20 pieds,1,non,out,741295
poutres de chêne de 24 à 39 pieds,1,non,out,741295
poutres de chêne de 30 pieds,2,non,out,741295
poutres de chêne de 34 pieds,1,non,out,741295
poutres de chêne de 45 pieds,1,non,out,741295
poutres de sapin,54,non,out,741295
poutres de sapin de 12 pieds,1,non,out,741295
poutres de sapin de 14 pieds,2,non,out,741295
poutres de sapin de 22 pieds,3,non,out,741295
poutres de sapin de 24 pieds,4,non,out,741295
poutres de sapin de 25 pieds,3,non,out,741295
poutres de sapin de 26 pieds,2,non,out,741295
poutres de sapin de 27 pieds,1,non,out,741295
poutres de sapin de 28 pieds,1,non,out,741295
poutres de sapin de 30 pieds,3,non,out,741295
poutres de sapin de 32 pieds,1,non,out,741295
poutres de sapin de 34 pieds,1,non,out,741295
poutres de sapin de 35 pieds,2,non,out,741295
poutres de sapin de 36 pieds,2,non,out,741295
poutres de sapin de 40 pieds,3,non,out,741295
poutres de sapin de 45 pieds,4,non,out,741295
poutres de sapin de 55 pieds,2,non,out,741295
poutres et poutrelles,3,non,out,741295
poutres et solives de sapin,1,non,out,741295
poutres grosses,1,non,out,741295
pouzzolane,42,non,out,741295
prastre,2,non,out,741295
preceintes,33,non,out,741295
preceintes de 30 à 40 pieds à 5 à 8 pouces d'épaisseur,1,non,out,741295
preceintes de chêne,5,non,out,741295
precipité,14,non,out,741295
précipité,31,non,out,741295
précipité rouge,7,non,out,741295
preillons à faire colle,1,non,out,741295
prélat de toile,1,non,out,741295
prélat pour navire,1,non,out,741295
préparation de chimie,1,non,out,741295
presse,4,non,out,741295
presse à étoffe,1,non,out,741295
presse à imprimer,4,non,out,741295
presse de bois,1,non,out,741295
presse de bois de mâture,1,non,out,741295
présure,41,non,out,741295
présure en peaux de caillé,1,non,,40052
prêtes,1,non,,40052
pretes torches,2,non,out,741295
primaselle,2,non,out,741295
primula veris,1,non,out,741295
prisonnier,2,non,,40052
prisonnier anglais,15,non,,40052
prisonnier échangé,1,non,,40052
prisonnier français,2,non,,40052
prisonnier français échangé,1,non,,40052
provisions,1434,non,out,741295
provisions à poudrer,1,non,out,741295
provisions de bouche,666,non,out,741295
provisions de Carême,5,non,out,741295
provisions de caserne,20,non,out,741295
provisions diverses principalement en beurre,13,non,out,741295
prumerdants,1,non,,40052
pruneaux,5015,non,out,741295
pruneaux Brignoles,1,non,out,741295
pruneaux communs,26,non,out,741295
pruneaux cuits,1,non,out,741295
pruneaux d'Amont,51,non,out,741295
pruneaux de Bordeaux,1,non,out,741295
pruneaux de Sainte-Catherine,76,non,out,741295
pruneaux de Tours,1,non,out,741295
pruneaux et prunes,7,non,out,741295
pruneaux et raisin sec,3,non,out,741295
pruneaux et sucre,40,non,sugar,12509
pruneaux et verdet,15,non,out,741295
pruneaux noirs,5,non,out,741295
prunelle,19,non,out,741295
prunelle buratée de laine,1,non,out,741295
prunelle de laine,18,non,out,741295
prunelle de laine burail,4,non,out,741295
prunelle de laine burat,2,non,out,741295
prunelle de laine et de soie,1,non,out,741295
prunelle de laine raz de castor,2,oui,out,741295
prunelle de laine raze de castor,2,non,,40052
prunelle de poil,18,non,out,741295
prunelle de renvoi,1,non,,40052
prunelle de soie,2,non,out,741295
prunelle fine,3,non,out,741295
prunelle mêlée de soie,2,non,out,741295
prunes,379,non,out,741295
prunes ???,1,non,,40052
prunes Brignoles,75,non,out,741295
prunes communes,135,non,out,741295
prunes communes sèches,13,non,out,741295
prunes d'ente,5,non,out,741295
prunes de Bordeaux,2,non,out,741295
prunes de Brignoles,1,oui,,40052
prunes de Sainte-Catherine,93,non,out,741295
prunes et figue et raisin,72,non,,40052
prunes et pruneaux,0,non,out,741295
prunes et raisin,1,non,out,741295
prunes fraîches,1,non,out,741295
prunes fraîches de ???,0,non,out,741295
prunes noires,3,non,out,741295
prunes pêches cerises nèfles etc.,125,non,out,741295
prunes sèches,71,non,out,741295
prunes sèches et communes,1,non,,40052
prusses,1,non,out,741295
prusses de 30 pieds,1,non,out,741295
prussiate de potasse,3,non,out,741295
prussiate de potasse cristallisée,2,non,out,741295
prusus,1,non,out,741295
psalterion,5,non,out,741295
pupitre,1,non,out,741295
pyrèthre,16,non,out,741295
pyrèthre racine,17,non,out,741295
pysolles,1,non,,40052
quadrilles,1,non,out,741295
quadruple ou pièce d'or d'Espagne,1,non,out,741295
quarlais bottes etc.,45,non,out,741295
quart,1,oui,out,741295
quart à farine,1,oui,out,741295
quart de fer-blanc,1,non,,40052
quart de nonante,9,non,out,741295
quart de nonante à prendre hauteur,1,non,out,741295
quarteaux,1,non,,40052
quarteaux cerclés de fer,1,non,out,741295
quartiers de réduction,1,non,out,741295
quarts,1,non,,40052
quarts à farine,1,non,,40052
quenouilles,13,non,out,741295
quenouilles de cannes,1,non,out,741295
quenouilles de cannes de peinte,1,non,out,741295
quenouilles de roseaux au peinte,1,non,out,741295
quenouilles ou roseaux,2,non,out,741295
quercas,1,non,out,741295
quercitron,14,non,out,741295
quercitron des entrepôts,0,non,out,741295
queues de fouine et de martre,2,non,out,741295
queues de koquiky et de putois,2,non,out,741295
queues de martre,9,non,out,741295
queues de martre en cordons,1,non,,40052
queues de petit gris,2,non,out,741295
queues de rat musqué,1,non,out,741295
queues de renard,2,non,out,741295
queues de renard et écureuil,2,non,out,741295
queues penne et noppes,88,non,out,741295
quikous chaus,1,non,out,741295
quilles,1,non,out,741295
quilles de hêtre,2,non,out,741295
quilles de navire,1,non,out,741295
quilles de vaisseaux,4,non,out,741295
quincaillerie,1274,non,out,741295
quincaillerie argentée,1,non,,40052
quincaillerie carde,54,non,out,741295
quincaillerie clou,4,non,out,741295
quincaillerie commune,43,non,out,741295
quincaillerie commune de fer,22,non,out,741295
quincaillerie d'acier,38,non,out,741295
quincaillerie d'acier doré,4,non,out,741295
quincaillerie d'acier et de cuivre,1,non,out,741295
quincaillerie d'acier et de cuivre et de fer,25,non,out,741295
quincaillerie d'acier et de fer,1088,non,out,741295
quincaillerie d'acier et de fer en fauty,2,non,out,741295
quincaillerie d'acier et de fonte,1,non,out,741295
quincaillerie d'acier et fine,12,non,out,741295
quincaillerie d'acier ou de fer,1,non,out,741295
quincaillerie de bois,16,non,out,741295
quincaillerie de cuivre,519,non,out,741295
quincaillerie de cuivre clou,9,non,out,741295
quincaillerie de cuivre colorié,1,non,out,741295
quincaillerie de cuivre fil de laiton,3,non,out,741295
quincaillerie de faine,1,non,,40052
quincaillerie de fer,956,non,out,741295
quincaillerie de fer ???,2,non,out,741295
quincaillerie de fer clou,78,non,out,741295
quincaillerie de fer en fil,6,non,out,741295
quincaillerie de fer et acier ???,1,non,out,741295
quincaillerie de fer et grosse,31,non,out,741295
quincaillerie de fer grosse,1,non,out,741295
quincaillerie de fer ordinaire,3,non,out,741295
quincaillerie de fumée,1,non,out,741295
quincaillerie de menu fer,6,non,out,741295
quincaillerie de platine,1,non,out,741295
quincaillerie de retour,1,non,out,741295
quincaillerie de soie,1,non,out,741295
quincaillerie de toutes espèces,6,oui,,40052
quincaillerie en ???,2,non,out,741295
quincaillerie et mercerie,19,non,out,741295
quincaillerie étrangère,7,non,out,741295
quincaillerie faux,14,non,out,741295
quincaillerie fine,25,non,out,741295
quincaillerie française,7,non,out,741295
quincaillerie grosse,12,non,out,741295
quincaillerie sèche,1,non,out,741295
quincaillerie y compris les armes et la ferraille,12,non,out,741295
quinette,4,non,out,741295
quinoa,3,non,out,741295
quinquina,1004,non,out,741295
quinquina de grabeau,3,non,,40052
quinquina des Indes,1,non,out,741295
quinquina en extrait,1,non,out,741295
quinquina en grabeau,3,non,out,741295
quinquina rouge,1,non,,40052
quinquina vrai,4,non,,40052
quintessence,13,non,out,741295
quintessence de bergamote,2,non,out,741295
quintessence de citron,2,non,out,741295
quintessence de rose,1,non,out,741295
quire,1,non,out,741295
rabots,2,non,out,741295
racinages,1,non,out,741295
racine d'alizary,4,oui,,40052
racine de pivoine,1,oui,out,741295
racines,92,non,out,741295
racines à barreau,1,non,out,741295
racines à teindre,1,non,out,741295
racines d' ???,0,oui,out,741295
racines d'alizari,123,non,out,741295
racines d'alizary,4,oui,,40052
racines d'angélique,25,non,out,741295
racines d'Angleterre,1,non,out,741295
racines d'arcanette,5,non,out,741295
racines d'Espagne,1,non,out,741295
racines d'esquine,5,non,out,741295
racines d'ipécacuanha,2,non,out,741295
racines d'iris,1,non,,40052
racines d'iris de Florence,12,non,out,741295
racines d'orcanette,2,non,out,741295
racines d'ortie,1,non,out,741295
racines de ???,0,oui,out,741295
racines de brionc,1,non,out,741295
racines de calamus,1,non,out,741295
racines de chicorée sèche non torréfiées,3,non,out,741295
racines de dictame,6,non,out,741295
racines de fouchet,1,non,out,741295
racines de gaïac,1,non,out,741295
racines de galanga,3,non,out,741295
racines de garance,5,non,logwood,1264
racines de garou,2,non,out,741295
racines de ginseng,1,non,out,741295
racines de guimauve,3,non,out,741295
racines de jalap,8,non,out,741295
racines de jardin,1,non,out,741295
racines de la Chine,1,non,out,741295
racines de lin,1,non,out,741295
racines de mechoacam,1,non,out,741295
racines de paruru brana,1,non,out,741295
racines de persil,1,non,out,741295
racines de pierrestre,6,oui,out,741295
racines de pivoine,1,non,,40052
racines de rhubea,1,non,out,741295
racines de riz,8,non,out,741295
racines de rubea,1,non,out,741295
racines de rutum,1,non,out,741295
racines de salsepareille,3,non,out,741295
racines de sassafras,1,non,out,741295
racines de scammonée,1,non,out,741295
racines de sequin,1,non,out,741295
racines de turbit,1,non,out,741295
racines de violette,2,non,out,741295
racines de vipère,1,non,out,741295
racines de zedoar,6,non,out,741295
racines du pays,1,non,out,741295
racines jalap,12,non,out,741295
racines médicinales,3,non,out,741295
racines rhubarbe,12,non,out,741295
raclure d'alizari,1,non,,40052
raclure de bois de cerf,1,non,out,741295
raclure de carnet,2,non,out,741295
raclure de chamois,2,non,out,741295
raclure de corne,71,non,out,741295
raclure de corne de cerf,19,non,out,741295
raclure de fer,2,non,out,741295
raclures de pieds de mouton,1,non,out,741295
radeau,2,non,out,741295
radis chins,2,non,out,741295
radis dictame,1,non,out,741295
ragot d'or,1,non,,40052
raie,282,non,out,741295
rais,109,non,out,741295
rais à charrettes,2,non,out,741295
rais à charrues,15,non,out,741295
raiseau d'argent et d'or,2,non,out,741295
raiseau d'argent ou d'or,11,non,out,741295
raisin,298,non,out,741295
raisin de Calabre,1,non,out,741295
raisin de Corinthe,65,non,out,741295
raisin de Corinthe et autre,3,oui,out,741295
raisin de Damas,9,non,out,741295
raisin de Galop,1,non,out,741295
raisin de Provence,1,non,out,741295
raisin de Provence sec,2,non,out,741295
raisin en barils,14,non,out,741295
raisin en grappe,11,non,out,741295
raisin en grappes,1,non,out,741295
raisin frais,75,non,out,741295
raisin frais de Corinthe,4,non,out,741295
raisin frais muscat,1,non,out,741295
raisin jalap,4,non,,40052
raisin muscat,1,non,out,741295
raisin muscat à l'eau-de-vie,2,non,out,741295
raisin sec,1217,non,out,741295
raisin sec d'époque,1,non,out,741295
raisin sec d'Espagne,1,non,out,741295
raisin sec de Corinthe,30,non,out,741295
raisiné en pot,1,non,out,741295
raisins frais,5,oui,,40052
raison passe,7,non,out,741295
rames,6,non,out,741295
rames à filer,1,non,out,741295
rames à ramer,2,non,out,741295
rames de bateau,95,non,out,741295
rames de bois,2,non,out,741295
rames de fer,2,non,out,741295
rames de frêne,1,non,out,741295
rames de lin,71,non,out,741295
rames de lin commun,2,non,,40052
rames de morue,1,non,out,741295
ramolaches,2,non,out,741295
rampe de fer,2,non,out,741295
ramure,3,non,out,741295
ramure de sapin,18,non,out,741295
rapatelle,3,non,out,741295
râpes,7,non,out,741295
râpes à tabac,1,non,out,741295
râpes d'ivoire à tabac,1,non,out,741295
raphia,0,non,,40052
raponty,7,non,out,741295
rapsel,1,non,out,741295
raquette,7,non,out,741295
raquette et volants,3,non,out,741295
ras et revêche de ???,2,non,out,741295
rase,5,non,out,741295
rase blanche,1,non,out,741295
rase blanche pour teinture,1,oui,out,741295
rase pour peintures,2,non,out,741295
rasoirs,36,non,out,741295
rasoirs communs,1,non,out,741295
rasoirs de fer-blanc,1,non,out,741295
rasorde,2,non,out,741295
rassade ou verroterie,3,oui,,40052
rassades,331,non,out,741295
rassades de retour,1,non,,40052
rassades de retour faute de vente,1,oui,out,741295
rassades des prises,1,non,out,741295
rassades et verrerie,4,non,,40052
rassades et vitrifications,24,non,out,741295
rassades ou verroterie,9,non,out,741295
ratafia,171,non,out,741295
ratafia de cerise,1,non,out,741295
ratafia de citron,1,non,out,741295
râteaux,4,non,out,741295
râteaux de fer,2,non,out,741295
ratières,1,non,out,741295
ratine,397,non,out,741295
ratine aune,1,oui,out,741295
ratine commune,1,non,out,741295
ratine croisée,6,non,out,741295
ratine d'Angleterre,1,non,out,741295
ratine de Beauvais,1,non,out,741295
ratine de Hollande,1,non,out,741295
ratine de laine,1,non,out,741295
ratine des prises,1,non,out,741295
ratine fine,10,non,out,741295
ratine frisée,3,non,out,741295
ratine grise des prises,1,non,out,741295
ratine petite,3,non,out,741295
ratine teinte,8,non,out,741295
rats de canons,1,non,out,741295
rattes petites,5,non,out,741295
rave,8,non,out,741295
rave à filer,1,non,out,741295
rave à pêche,1,non,out,741295
rave à pêcher,6,non,out,741295
rave à sèches,1,non,out,741295
rave de morue,166,non,out,741295
rave de stockfish,1,non,out,741295
raveaux,1,non,out,741295
rayon,1,non,out,741295
rayon de mouches à miel,69,non,out,741295
raz anglais,1,oui,out,741295
raz croisé,1,oui,out,741295
raz d'Angleterre,1,oui,out,741295
raz de castor,45,oui,out,741295
raz de Fleury,2,oui,out,741295
raz de laine,6,oui,out,741295
raz de morue,1,oui,out,741295
raz de Reims,2,oui,out,741295
raz de Saint-Lô,2,oui,out,741295
raz de Saint-Maur,13,oui,out,741295
raz de soie de Saint-Cyr,4,oui,out,741295
raz de soie de Saint-Maur,2,oui,out,741295
raz de soie de St Cyr,1,oui,out,741295
raz des prises,1,oui,out,741295
raz du Maroc,288,oui,out,741295
raze anglais,1,non,,40052
raze blanche,1,non,out,741295
raze croisé,1,non,,40052
raze d'Angleterre,1,non,,40052
raze de castor,45,non,,40052
raze de Fleury,2,non,,40052
raze de laine,8,non,,40052
raze de Maroc,360,non,,40052
raze de Maroc teint,3,non,,40052
raze de Reims,2,non,,40052
raze de Saint-Lô,2,non,,40052
raze de Saint-Maur,15,non,,40052
raze de Sel,2,non,,40052
raze de soie de Saint-Cyr,5,non,,40052
raze de soie de Saint-Maur,2,non,,40052
raze des prises,1,non,,40052
reagal,27,non,out,741295
rebuts de corail,1,non,out,741295
rechanges à nègre,1,non,out,741295
rechanges de toile à nègres,1,non,out,741295
rechanges de toile de halle,1,non,out,741295
réchaud à café de fer,1,non,,40052
réchaud avec leurs pieds de fer,1,non,out,741295
réchaud de cuivre,4,non,out,741295
réchaud de fer,1,non,out,741295
réchaud de fer-blanc,1,non,,40052
réchaud de terre,2,non,out,741295
réchaud en fer,4,non,out,741295
réchauds à café de fer,1,oui,out,741295
réchauds de cuivre ouvré,1,oui,out,741295
réchauds de fer-blanc,1,oui,,40052
rediné,1,non,out,741295
redingotes,30,non,out,741295
redingotes d'Angleterre et de drap,1,non,out,741295
redingotes de baracan,1,oui,,40052
redingotes de baracon,1,non,,40052
redingotes de drap,1,non,out,741295
redingotes de ratine,1,non,out,741295
redingotes des prises,1,non,out,741295
redingotes habillement ou casaques,63,non,,40052
redon,3,non,out,741295
registres,9,non,out,741295
registres blancs,29,non,out,741295
réglisse,703,non,out,741295
réglisse de bois,3,oui,out,741295
réglisse en bois,10,non,out,741295
réglisse en jus,6,non,out,741295
réglisse en pâte,1,non,,40052
réglisse en poudre,1,non,out,741295
réglisse et autre,2,non,out,741295
réglisse moulu,1,non,out,741295
réglisse par balles de 150 livres,1,non,out,741295
réglisse sur bâne,2,non,out,741295
regrets d'orfèvre,5,non,out,741295
régule d'antimoine,11,non,out,741295
reliquaire,1,non,out,741295
remèdes,77,non,out,741295
remèdes composés,5,non,out,741295
remèdes pour la goutte,1,non,out,741295
remèdes sercé en feuilles,1,non,out,741295
repouty,1,non,out,741295
représentation des Tuileries,1,non,out,741295
représentation du Saint Sépulcre,1,non,out,741295
réseau d'argent,15,non,out,741295
réseau d'or,4,non,out,741295
résidu d'acide vitriolique,1,non,vitriol,1211
résidus d'acide nitrique,1,non,out,741295
résidus d'acide sulfuriques,1,non,out,741295
résines,304,non,out,741295
résines de gaïac,1,non,out,741295
résines de jalap,21,non,out,741295
résines de scammonée,1,non,out,741295
résines et térébenthine,21,non,turpentine,2222
résines exotiques,9,non,out,741295
résines exotiques autres que assa foetida copale jalap et scammonée,2,non,out,741295
résines exotiques des entrepôts,0,non,out,741295
résines exotiques scammonée,12,non,out,741295
résines ou poix,122,non,out,741295
résines scammonée,23,non,out,741295
ressorts,1,non,out,741295
ressorts d'horlogerie,1,non,,40052
ressorts de carrosses,1,non,out,741295
ressorts de montre,2,non,,40052
ressorts de pendules,3,non,,40052
ressorts de voiture,2,non,out,741295
restant de beurre,6,non,,40052
restant de cargaison,2,non,,40052
restant de chaux,1,oui,,40052
restant de fer,1,oui,,40052
restant de futaille,4,oui,,40052
restant de futailles,0,oui,,40052
restant de marchandises,0,non,,40052
restant de planches,1,oui,,40052
restant de sa cargaison,1,non,,40052
restant de sa cargaison pour Cherbourg,1,oui,,40052
restant de sel,2,oui,,40052
restant de sel de sa pêche,1,oui,,40052
restant de vin,6,non,,40052
restes de pierres,1,non,,40052
retaille de carte,1,non,out,741295
retaille de cuir,1,non,out,741295
retaille de peau,6,non,out,741295
retaille de peau de veau corroyée,1,non,out,741295
retaillons de drap,1,non,out,741295
rets,1,non,out,741295
rets pour tisseurs,12,non,out,741295
reuche,2,non,out,741295
revêche,6,non,out,741295
réveil,5,non,out,741295
réveils,2,non,,40052
réverbères,3,non,out,741295
rhubarbe,788,non,out,741295
rhubarbe commune,1,non,out,741295
rhubarbe de Moscovie,35,non,out,741295
rhubarbe des Indes,1,non,out,741295
rhubarbe du Levant,20,non,out,741295
rhubarbe en grabeau,1,non,,40052
rhubarbe et mechoacam,28,non,out,741295
rhubarbe fil,1,non,out,741295
rhum,51,non,out,741295
rhum des prises,1,non,out,741295
rhum et sirop fin,22,non,out,741295
rhum et tafia,44,non,out,741295
rhum et tafia étranger,1,non,out,741295
ricanias des Indes,1,non,out,741295
ricin,1,non,,40052
rideaux de lit en satin,2,non,,40052
rideaux de lit en satin brodé,2,non,,40052
rideaux de soie vieux,1,non,out,741295
rite de chanvre,1,non,out,741295
rivets,1,non,out,741295
riz,3426,non,rice,3697
riz de retour de Beaucaire,1,non,,40052
riz des entrepôts,0,non,rice,3697
riz du Levant,2,non,rice,3697
riz en grabeau,1,non,,40052
riz grains et légumes,89,non,,40052
robes,8,non,out,741295
robes brodées,1,non,out,741295
robes brodées en laine et de femme,1,non,out,741295
robes d'enfant,1,non,,40052
robes d'étoffe d'argent et de soie,1,oui,out,741295
robes d'étoffe de soie dorure d'argent,1,non,,40052
robes d'indienne,1,non,out,741295
robes d'indienne des prises,1,non,out,741295
robes de basin brodées,1,non,out,741295
robes de chambre,10,non,out,741295
robes de chambre d'étoffe de soie,1,non,out,741295
robes de chambre d'indienne,3,non,out,741295
robes de chambre de damas,2,non,out,741295
robes de chambre de la Chine,2,non,out,741295
robes de chambre de Pékin brodé de soie,1,non,out,741295
robes de chambre de soie,4,non,out,741295
robes de chambre des Indes,1,non,,40052
robes de femme,1,non,out,741295
robes de satin brodées,2,non,out,741295
robes de taffetas,1,non,out,741295
robes de toile peinte,1,non,out,741295
robes et jupes de satin,1,non,out,741295
robes fourrées,1,non,out,741295
robinets,4,non,out,741295
robinets à tirer le vin,2,non,out,741295
robinets de bronze,1,non,out,741295
robinets de cuivre,4,non,out,741295
robinets de fonte,4,non,out,741295
rocaille,68,non,out,741295
rocaille de corail,6,non,out,741295
rocaille de cristal,1,non,out,741295
rocaille de verre,18,non,out,741295
roche de corne,9,non,out,741295
roche de diable,3,non,out,741295
rocou,1731,non,out,741295
rocou de Cayenne,2,non,out,741295
rocou des Îles,1,non,out,741295
rodon,1,non,out,741295
rognons de castor,137,non,out,741295
rognons de cerf,1,non,out,741295
rognons de peau,1,non,out,741295
rognons de rat musqué,1,non,out,741295
rognons de stockfish,2,non,out,741295
rognures,25,non,out,741295
rognures d'écaille,9,non,out,741295
rognures d'ivoire,26,non,out,741295
rognures de ???,4,non,out,741295
rognures de baleine,21,non,out,741295
rognures de bois de cerf,38,non,out,741295
rognures de bois de cerf et d'ivoire,2,non,out,741295
rognures de carte,134,non,out,741295
rognures de carterie,2,non,out,741295
rognures de cartes et de papier,84,non,out,741295
rognures de carton,2,non,out,741295
rognures de castor,7,non,out,741295
rognures de cerf et d'ivoire,4,non,out,741295
rognures de chapeau,2,non,out,741295
rognures de corne,32,non,out,741295
rognures de corne de cerf,2,non,out,741295
rognures de corne et de parchemin,44,non,out,741295
rognures de cornes,1,non,,40052
rognures de cornes de bétail sabots de bétail etc.,1,non,out,741295
rognures de cornes de cerf,33,non,out,741295
rognures de cornes de cerf et de snack,10,non,out,741295
rognures de cuir,43,non,out,741295
rognures de cuir et de peau,144,non,out,741295
rognures de dents d'éléphant,4,non,out,741295
rognures de drap,21,non,out,741295
rognures de fer-blanc,22,non,out,741295
rognures de forme,1,non,out,741295
rognures de gaïac,2,non,out,741295
rognures de gants,1,non,out,741295
rognures de mis,3,non,out,741295
rognures de papier,12,non,out,741295
rognures de parchemin,6,non,out,741295
rognures de parchemin en valeur,2,non,out,741295
rognures de peau,62,non,out,741295
rognures de peau pour colle,1,non,out,741295
rogues,118,non,out,741295
rogues de carte,1,non,out,741295
rogues de castor,1,non,out,741295
rogues de macy,2,non,out,741295
rogues de maquereau,3,non,out,741295
rogues de maquereaux,3,non,out,741295
rogues de maquereaux salées et stockfish salé,2,non,out,741295
rogues de morue,78,non,out,741295
rogues de morue salées,0,non,out,741295
rogues de poisson,40,non,out,741295
rogues de stockfish,49,non,out,741295
rogues pour la pêche,1,non,out,741295
rogues salées,2,non,out,741295
roizette,1,non,out,741295
roldor,3,non,out,741295
rollet,35,non,out,741295
rollet aune,1,oui,out,741295
rollet et batiste,69,non,out,741295
rollins,1,non,out,741295
romaine,4,non,out,741295
romals,31,non,out,741295
romals des Indes,3,oui,out,741295
romals pour mouchoirs,29,non,out,741295
romals pour mouchoirs aune,1,oui,out,741295
romals rouges,1,non,out,741295
rond de moulage,1,non,out,741295
roquelance écarlate,1,non,out,741295
roquette,1,non,out,741295
rosaire,4,non,out,741295
rosarde,1,non,out,741295
rose,2,non,out,741295
rose de dictam,1,oui,out,741295
rose de Provins,2,non,out,741295
rose sèche,1,non,out,741295
roseaux,115,non,out,741295
roseaux à tisserands,1,non,out,741295
roseaux champêtres,1,non,out,741295
roseaux coupés,11,non,out,741295
roseaux d'Espagne,102,non,out,741295
roseaux des Indes,3,non,out,741295
roseaux en canon,1,oui,out,741295
roseaux petits,0,non,out,741295
roseaux pour cannes,8,non,out,741295
rosée de vie,2,non,out,741295
rosette de cuivre,280,non,out,741295
rosette de cuivre et mitraille de cuivre,1,non,out,741295
rosette ou plaques de cuivres non ouvré,11,non,out,741295
rossière de toile,1,non,out,741295
rossoli,21,non,out,741295
rossoli de Turin,1,non,out,741295
rotin des Indes,2,non,out,741295
rotins,82,non,out,741295
rotins de petit calibre,3,non,out,741295
rouane,1,non,out,741295
rouault,1,non,out,741295
roudon,1,non,out,741295
rouelles,1,non,out,741295
rouergue,1,non,out,741295
roues,89,non,out,741295
roues ??? de fer,1,non,,40052
roues à cabriolets,2,non,out,741295
roues à cabrouets,33,non,out,741295
roues à chaises,5,non,out,741295
roues à filer,1,non,out,741295
roues de bois,6,non,out,741295
roues de brouette,3,non,out,741295
roues de cabriolet,1,non,out,741295
roues de carrosse,3,non,out,741295
roues de chaise,9,non,out,741295
roues de chaise ferrées,1,non,out,741295
roues de charrettes,15,non,out,741295
roues de charrettes ferrées,1,non,out,741295
roues de voiture,1,non,out,741295
roues en bois,1,non,,40052
roues et cabrouets,1,non,out,741295
roues ferrées,13,non,out,741295
roues neuves,74,non,out,741295
roues non ferrées,5,non,out,741295
rouets,14,non,out,741295
rouets à filer,34,non,out,741295
rouets à filer de bois,1,non,out,741295
rouets de moulins,1,non,out,741295
rouets petits,1,non,out,741295
rouge,6,non,out,741295
rouge à peindre,1,non,out,741295
rouge annatto colorant,117,non,out,741295
rouge brun,40,non,out,741295
rouge clair,2,non,out,741295
rouge commun,14,non,out,741295
rouge commun en poudre,1,non,out,741295
rouge d'Angleterre,20,non,out,741295
rouge d'Espagne,37,non,out,741295
rouge d'Espagne en pains,1,non,,40052
rouge d'Espagne en plats,3,non,,40052
rouge d'Espagne en play,1,oui,,40052
rouge d'Espagne en tasse,6,non,,40052
rouge de Perse,4,non,out,741295
rouge de Perse et de rosse,1,non,out,741295
rouge de rosse,3,non,out,741295
rouge de Venise,1,non,out,741295
rouge des Indes,3,non,out,741295
rouge en pierre,2,non,out,741295
rouge en poudre,4,non,out,741295
rouge fin,2,non,out,741295
rouge gras,4,non,out,741295
rouge grode,1,non,out,741295
rouge gros,6,non,out,741295
rouge minéral,2,non,out,741295
rouge muscat,1,non,out,741295
rouge perse et de rosse,1,non,out,741295
rouge végétal,1,non,out,741295
rouleau de fer,1,non,,40052
rouleau de lit,1,non,out,741295
rouleau de plomb,1,non,out,741295
rouleau pour chauffer le salitre,1,non,out,741295
rouleau rôles,4,non,out,741295
roulette de bois commun à trois rouets,1,non,out,741295
roulette pour enfant,1,non,out,741295
rousols,1,non,out,741295
roussettes,2,non,out,741295
ruban,265,non,out,741295
ruban à jour,2,non,out,741295
ruban à jour de fil,2,non,out,741295
ruban à perruques,2,non,out,741295
ruban au quart,5,non,out,741295
ruban au quart de soie,2,non,out,741295
ruban avec de l'or,2,non,out,741295
ruban bis de fil de lin et de chanvre écru ou herbé,1,non,out,741295
ruban blanc ou mélangé de blanc,1,non,out,741295
ruban blanc ou mélange de blanc de fil de lin et de chanvre,2,non,out,741295
ruban blancs de chanvre et de lin,1,non,out,741295
ruban commune,16,non,out,741295
ruban d'argent,10,non,out,741295
ruban d'argent et d'or,193,non,out,741295
ruban d'argent et d'or et de soie,14,non,out,741295
ruban d'argent et de soie,5,non,out,741295
ruban d'argent faux et d'or faux et de soie,1,non,out,741295
ruban d'étoupes de chanvre,1,non,out,741295
ruban d'étoupes de lin,1,non,out,741295
ruban d'or,11,non,out,741295
ruban d'or et de soie,2,non,out,741295
ruban de chanvre et de lin,4,non,out,741295
ruban de chanvre et de lin écrus,1,non,out,741295
ruban de chanvre et de lin teints,1,non,out,741295
ruban de coton,9,non,cotton goods,18103
ruban de coutil,1,non,out,741295
ruban de crin,1,non,out,741295
ruban de dorrure et de soie,3,oui,,40052
ruban de dorure et de soie,3,non,,40052
ruban de dorure et soie,2,oui,out,741295
ruban de fil,558,non,out,741295
ruban de fil blanc,2,non,out,741295
ruban de fil blanc mêlé d'argent faux,1,non,out,741295
ruban de fil d'argent et d'or,8,non,out,741295
ruban de fil de laine,7,non,out,741295
ruban de fil en laine,2,non,out,741295
ruban de fil et de laine,71,non,out,741295
ruban de fil et de soie,3,non,out,741295
ruban de fil et fleuret,1,non,out,741295
ruban de fil fleuret et laine de soie,1,non,out,741295
ruban de fil teint,3,non,out,741295
ruban de filoselle,152,non,out,741295
ruban de flearn et de soie,1,oui,out,741295
ruban de fleuret,46,non,out,741295
ruban de fleuret et de soie,3,non,out,741295
ruban de fleurs,2,oui,out,741295
ruban de laine,44,non,out,741295
ruban de laine de laine pure teinte,1,non,out,741295
ruban de laine écrue pure,1,non,out,741295
ruban de laine et de soie,1,non,out,741295
ruban de laine mélangée de fil de laine et de poils,1,oui,out,741295
ruban de laine mêlée de fil,4,non,out,741295
ruban de laine mêlée de fil de laine et de poils,1,non,,40052
ruban de laine mêlée de fil teint,1,non,out,741295
ruban de laine pure écrue et blanche,1,non,out,741295
ruban de laine pure teinte,1,non,out,741295
ruban de lin,1,non,out,741295
ruban de Padoue,1,non,out,741295
ruban de soie,1675,non,out,741295
ruban de soie unis et veloutés,2,non,out,741295
ruban de velours,6,non,out,741295
ruban dorure d'argent,14,non,out,741295
ruban dorure d'argent et d'or,42,non,out,741295
ruban dorure d'argent faux et d'or faux,3,non,out,741295
ruban dorure d'argent fin et d'or fin,16,non,out,741295
ruban dorure d'or,10,non,out,741295
ruban du Levant,1,non,out,741295
ruban écru,1,non,out,741295
ruban en dorure,2,non,out,741295
ruban et listonnerie,4,non,out,741295
ruban et passementerie de soie,6,non,out,741295
ruban et passementerie diverse,6,non,out,741295
ruban et passementerie diverses celles de soie et dorure exceptées,35,non,out,741295
ruban et tresse et agrément d'argent et d'or,1,non,out,741295
ruban mi soie,10,non,out,741295
ruban or charger,1,non,out,741295
ruban ordinaire,103,non,out,741295
ruban picard,2,non,out,741295
ruban teint,1,non,out,741295
ruban velouté,3,non,out,741295
rubea,1,non,out,741295
rubea major,20,non,out,741295
rubia tinctorum,9,non,out,741295
rubis bruts,2,non,out,741295
rubis taillés,3,non,out,741295
ruches,25,non,out,741295
ruches à miel renfermant des essaims vivants,6,non,out,741295
ruches de liège,2,non,,40052
ruches de pin,1,non,out,741295
rudon,2,non,out,741295
rusque,5,non,out,741295
rusque de chêne,4,non,out,741295
rusque de pin,26,non,out,741295
rusque de sapin,0,non,out,741295
russel de laine,1,non,out,741295
sabatines,1,non,out,741295
sable,128,non,out,741295
sable à fondeur,1,non,out,741295
sable à mouler,1,non,out,741295
sable à raffinerie,1,non,out,741295
sable blanc,1,non,out,741295
sable commun,1,non,out,741295
sable de mer,1,non,out,741295
sable de verre,10,non,out,741295
sable et goëmon,2,oui,,40052
sable pour les verreries,2,oui,,40052
sablerie,8,non,out,741295
sableuée,1,non,out,741295
sablière de fer de fonte,2,non,out,741295
sablières de cuivre,3,non,out,741295
sabliers,1,non,out,741295
sabliers en compas,3,non,out,741295
sablon,1,non,out,741295
sabots,84,non,out,741295
sabots de bœuf,58,non,out,741295
sabots de bois,8,non,out,741295
sabots et selles de bois,2,non,out,741295
sabres,120,non,out,741295
sabres de traite,16,non,out,741295
sabres de traite et autres,2,non,out,741295
sabres et baïonnettes,1,non,out,741295
sabres fins,1,non,out,741295
sabres garnis d'argent,1,non,out,741295
sabres montés en cuivre doré,1,non,out,741295
sabres ordinaires,2,non,out,741295
sachets,11,non,out,741295
sachets d'odeur,3,non,out,741295
sacquin,1,non,out,741295
sacs,114,non,out,741295
sacs à café,20,non,out,741295
sacs à café neufs,2,non,out,741295
sacs à café vides,1,non,out,741295
sacs à café vieux,3,non,out,741295
sacs à farine,2,non,,40052
sacs à poudre neufs,1,non,out,741295
sacs à tabac de cuir,4,non,out,741295
sacs ayant servi et de toile,1,non,out,741295
sacs de bois et cuir,1,non,out,741295
sacs de lin,2,non,out,741295
sacs de peau d'ours,1,non,out,741295
sacs de poluard,1,non,out,741295
sacs de toile,133,non,out,741295
sacs de toile de halle,1,non,out,741295
sacs de toile vides,3,non,out,741295
sacs de toile vieux,4,non,out,741295
sacs en paquets,1,non,out,741295
sacs en toile de chanvre,2,non,out,741295
sacs gros,10,non,out,741295
sacs vides,1,non,out,741295
sacs vides au service du roi,1,non,,40052
sacs vieux,6,non,out,741295
saffle,66,non,out,741295
saffreau,1,non,out,741295
safisaigne,1,non,out,741295
safran,1549,non,out,741295
safran d'Espagne,1,non,out,741295
safran de Gâtinais,2,non,out,741295
safran du Gâtinais,15,non,out,741295
safran orange,0,non,out,741295
safranum,628,non,out,741295
safranum et tournesol,7,non,out,741295
sagapenum,6,non,out,741295
sagati,3,non,out,741295
sagati de laine,9,non,out,741295
sagne,14,non,out,741295
sagon,2,non,out,741295
sagou,42,non,out,741295
sagou des Indes,2,non,out,741295
sagre,2,non,out,741295
saigne,6,non,out,741295
sailphre,1,non,out,741295
sain,4,non,out,741295
saindoux,59,non,out,741295
saisie de fer,1,non,out,741295
salage,3,non,out,741295
salaisons,231,non,out,741295
salamouris,1,non,out,741295
salemporis,208,non,cotton goods,18103
salemporis blanc,18,non,cotton goods,18103
salemporis blanc et bleu,2,non,cotton goods,18103
salemporis bleu,53,non,cotton goods,18103
salemporis bleu et rouge,3,non,cotton goods,18103
salemporis commun,3,non,cotton goods,18103
salemporis rouge,1,non,cotton goods,18103
salep,5,non,out,741295
salicore,169,non,out,741295
salicore brûlé,1,non,out,741295
salière,1,non,out,741295
salière de cristal,4,non,out,741295
salière de pierre luisante,1,non,,40052
salins,4,non,out,741295
salins pour verrerie,1,non,out,741295
saloir,1,non,out,741295
saloirs de bois,1,non,out,741295
salpêtre,233,non,out,741295
salpêtre brut,5,non,out,741295
salpêtre cru,85,non,out,741295
salpêtre des Indes,6,non,out,741295
salpêtre et soufre,115,non,out,741295
salpêtre raffiné,75,non,out,741295
salsepareille,898,non,out,741295
salsola,1,non,out,741295
sament,19,non,,40052
samoine,1,non,,40052
sanas,16,non,cotton goods,18103
sanas blanc,3,non,cotton goods,18103
sanas bleue,1,non,,40052
sanctuaire,4,non,out,741295
sandale,6,non,out,741295
sandance,1,non,out,741295
sandarac,79,oui,out,741295
sandaraque,79,non,,40052
sang,1,non,out,741295
sang de bétail,1,non,out,741295
sang de bouc,1,non,out,741295
sang de bouc desséché,1,non,out,741295
sang de boudin,1,non,out,741295
sang de bouquetin,2,non,out,741295
sang de dragon,111,non,out,741295
sang de dragon commun,1,non,out,741295
sang de dragon en larmes,1,non,out,741295
sang de dragon fin,4,non,out,741295
sangles,99,non,out,741295
sangles de chanvre,1,non,out,741295
sangles de cheval,1,non,out,741295
sangles de cordes,1,non,out,741295
sangles pour malets,1,non,out,741295
sanglier,5,non,out,741295
sangsues,62,non,out,741295
sangsues et vipères,3,non,out,741295
sanguine,92,non,out,741295
sanitaires,3,non,out,741295
sapan,1,non,out,741295
sapeline,0,non,out,741295
saphirs taillés,1,non,out,741295
sapien violet,1,non,out,741295
sapin,38,non,out,741295
sapin à bâtir,2,non,out,741295
sapin à faire aviron,1,non,out,741295
sapin à faire chevrons,1,non,out,741295
sapin à faire comble,26,non,out,741295
sapin à faire échelles,42,non,out,741295
sapin à faire escabelle,3,non,out,741295
sapin à faire gaffe,26,non,out,741295
sapin à faire gaffe en manches,1,non,,40052
sapin à faire manches de pioches,1,non,out,741295
sapin à pioches,32,non,out,741295
sapin anspects,1,non,out,741295
sapin comble,3,oui,out,741295
sapin en bloc,2,non,out,741295
sapin petit,3,non,out,741295
saquins,3,non,out,741295
sarcelé,1,non,out,741295
sarcelles,1,non,out,741295
sardes,1,non,out,741295
sardi de laine,1,non,out,741295
sardinals,2,non,out,741295
sardines,305,non,out,741295
sardines à l'huile,5,non,out,741295
sardines apprêtées,3,non,out,741295
sardines confites,5,non,out,741295
sardines confites au vinaigre,1,non,out,741295
sardines confites dans l'huile,4,non,out,741295
sardines en grenier,1,non,,40052
sardines en lest,1,non,,40052
sardines en saumure,1,non,out,741295
sardines fraîches,11,non,out,741295
sardines marinées et salées,3,non,out,741295
sardines pressées,36,non,out,741295
sardines pressées de Bretagne,1,non,,40052
sardines pressées et salées,5,non,out,741295
sardines salées,246,non,out,741295
sardines salées et marinée,2,non,,40052
sareaux de toile,3,non,out,741295
sarrions d'espars,2,non,out,741295
sassafars,1,oui,,40052
sassafras,150,non,out,741295
sasses,23,non,out,741295
satin,135,non,out,741295
satin à fleurs,3,non,out,741295
satin blanc,3,non,out,741295
satin broché,3,non,out,741295
satin broché en or,1,non,out,741295
satin brodé,8,non,out,741295
satin brodé couleur de paille,2,non,out,741295
satin brodé de la Chine,2,non,out,741295
satin brodé en or,1,non,out,741295
satin brodé en soie de couleur,2,non,out,741295
satin brodé en soie et or,2,non,out,741295
satin brodé lit complet,2,non,out,741295
satin brodé morceaux,2,non,out,741295
satin brodé tapis,2,non,out,741295
satin brodé toilette,2,non,out,741295
satin de Chine,1,non,out,741295
satin de Florence,1,non,out,741295
satin de Florence et de Gênes,1,non,out,741295
satin de laine,4,non,out,741295
satin de laine de Roubaix,2,non,out,741295
satin de laine et serge,1,non,out,741295
satin de laine turc,18,non,out,741295
satin de laine turc et serge,1,non,out,741295
satin de retour,1,non,,40052
satin de retour faute de vente,1,oui,out,741295
satin de soie,58,non,out,741295
satin des Indes,4,non,out,741295
satin fil,2,non,out,741295
satin gris,1,non,out,741295
satin imprimé de laine,1,non,,40052
satin noir,1,non,out,741295
satin pur coton,2,non,cotton goods,18103
satin pur soie,1,non,out,741295
satin rayé,14,non,out,741295
satin soie en fil,1,oui,out,741295
satin soie et coton,1,non,cotton goods,18103
satin soie et fil,3,non,out,741295
satin turc,9,non,out,741295
satin uni,13,non,out,741295
satin uni et rayé,1,non,out,741295
satinade,4,non,out,741295
satinette,5,non,out,741295
satinette de coton,1,non,cotton goods,18103
satinette de laine,4,non,out,741295
satissoie,1,non,out,741295
satte,1,non,out,741295
Saturne en extrait,1,non,out,741295
saucisses,22,non,out,741295
saucisses de Boulogne,5,non,out,741295
saucissons,432,non,out,741295
saucissons salés,19,non,out,741295
saude,1,oui,out,741295
sauge,2,non,out,741295
saule de fer,2,non,out,741295
saulx,2,non,out,741295
saumon,89,non,out,741295
saumon d'Écosse,4,non,out,741295
saumon en daube,3,non,out,741295
saumon frais,219,non,out,741295
saumon fumé,166,non,out,741295
saumon madré,1,oui,out,741295
saumon mariné,6,non,out,741295
saumon mariné et salé,21,non,out,741295
saumon salé,1089,non,out,741295
saumon salé et mariné,1,oui,out,741295
saumon salé et séché,5,non,out,741295
saumon sec,1,oui,out,741295
saumon séché,1,non,,40052
saumonée,4,oui,out,741295
saumure,108,non,out,741295
saumure salée,1,non,out,741295
sauphas,1,non,out,741295
saur,1,non,out,741295
sauvagines,1,non,out,741295
savine,2,non,out,741295
savoine languine,1,non,out,741295
savon,2513,non,out,741295
savon blanc,98,non,out,741295
savon blanc et marbré,131,non,out,741295
savon blanc noir rouge marbré,2,non,out,741295
savon d'Alicante,23,non,out,741295
savon d'Espagne,1,non,out,741295
savon de Gênes,1,non,out,741295
savon de Marseille,18,non,out,741295
savon de retour,1,non,out,741295
savon de terre,1,non,out,741295
savon et pruneaux,4,non,out,741295
savon et sirop de sucre,1,non,out,741295
savon et sucre,1,non,sugar,12509
savon et verdet,4,non,out,741295
savon gras,2,non,out,741295
savon madré,94,non,out,741295
savon marbré,251,non,out,741295
savon mol,6,non,out,741295
savon noir,215,non,out,741295
savon vert,4,non,out,741295
savonnettes,395,non,out,741295
savonnettes de senteur,13,non,out,741295
sayessa,3,non,out,741295
sayne,15,non,out,741295
scammonée,207,non,out,741295
scapa,1,non,out,741295
scaps,4,non,out,741295
schakos,2,non,out,741295
schakos garnis,2,non,out,741295
schakos sans garniture,2,non,out,741295
scie ?,1,oui,,40052
scielle,1,non,out,741295
scies,114,non,out,741295
scies ?,0,non,,40052
scies à moulu,1,non,out,741295
scies communes,4,non,out,741295
scies de fer,23,non,out,741295
scies de long,1,non,out,741295
scies fines,4,non,out,741295
scies pour la Compagnie des Indes,1,non,out,741295
scille maritime,4,non,out,741295
scinque,1,non,out,741295
scortins d'auf,1,non,out,741295
sculptures,16,non,out,741295
seaux,8,non,out,741295
seaux à l'eau,1,non,out,741295
seaux à l'eau de sapin,1,non,out,741295
seaux cerclés de fer,2,non,out,741295
seaux d'eau,1,non,out,741295
seaux de bois,73,non,out,741295
seaux de bois ferré,1,non,out,741295
seaux de cuir,7,non,out,741295
seaux de faïence,1,non,out,741295
seaux de fer-blanc,1,non,out,741295
seaux de sapin,9,non,out,741295
seaux de veau,1,non,out,741295
seaux de verre,1,non,out,741295
seaux de vin,1,non,out,741295
seaux ferrés,1,non,out,741295
sébeste,50,non,out,741295
sébiles,1,non,,40052
secrétaire,6,non,out,741295
secrétaire d'acajou,4,non,out,741295
secrétaire de noyer,2,non,out,741295
sege de Saint-Louis,2,non,out,741295
segrin,1,non,out,741295
seigle,1,non,out,741295
seil de bois,1,oui,out,741295
seil de grains,3,oui,out,741295
sel,11404,non,out,741295
sel amine,1,non,,40052
sel ammoniac en grabeau,9,non,,40052
sel ammonisé,4,non,out,741295
sel antarctique,8,non,out,741295
sel arcanum,1,non,,40052
sel arctique,2,non,out,741295
sel blanc,144,non,out,741295
sel blanc pour la pêche,2,non,out,741295
sel chimique,304,non,out,741295
sel chimique de Glauber,4,non,out,741295
sel chimique de lait,2,non,out,741295
sel chimique de nitre,2,non,out,741295
sel chimique gemme,5,non,out,741295
sel commun,1,non,out,741295
sel composé,3,non,out,741295
sel d'absinthe (alsem),4,non,out,741295
sel d'alsem,1,non,out,741295
sel d'ammoniac,544,non,out,741295
sel d'ammoniac brut ou en poudre,20,non,out,741295
sel d'ammoniac raffiné,25,non,out,741295
sel d'Angleterre,33,non,out,741295
sel d'antimoine,2,non,out,741295
sel d'Epsom,215,non,out,741295
sel d'Epsom et Glauber,1,non,out,741295
sel d'Espagne,9,non,out,741295
sel d'étain,1,non,out,741295
sel d'Oléron,42,non,out,741295
sel d'Oléron de Ré,1,non,out,741295
sel d'Olonne,2,non,out,741295
sel d'opium,7,non,out,741295
sel d'oseille,12,non,out,741295
sel de,1,non,out,741295
sel de baryte,1,non,out,741295
sel de boue,1,non,out,741295
sel de Bourgneuf,162,non,out,741295
sel de Bretagne,1,non,out,741295
sel de carabé,1,non,out,741295
sel de caret,1,non,,40052
sel de chimie,1,non,out,741295
sel de corne de cerf,1,non,out,741295
sel de fat ???,0,non,out,741295
sel de Franche-Comté,1,non,out,741295
sel de Glauber,58,non,out,741295
sel de gruau,3,non,out,741295
sel de grum,2,non,out,741295
sel de lait,14,non,out,741295
sel de Lorraine,1,non,out,741295
sel de marais,2,non,out,741295
sel de Marennes,21,non,out,741295
sel de mer,21,non,out,741295
sel de mer et de salins,35,non,out,741295
sel de natron,24,non,,40052
sel de natron en couffe,2,non,,40052
sel de nitre,15,non,out,741295
sel de paume,2,non,out,741295
sel de plomb,1,non,out,741295
sel de potasse,4,non,out,741295
sel de prunelle,2,non,out,741295
sel de Prusse,1,non,out,741295
sel de Ré,111,non,out,741295
sel de roche,4,non,out,741295
sel de Rocq,4,non,out,741295
sel de sa pêche,1,non,,40052
sel de Saint-Gilles,1,non,out,741295
sel de Saint-Hubert ou du Portugal,3,non,out,741295
sel de samoine,2,non,out,741295
sel de Saturne,3,non,out,741295
sel de Saturne et autres,7,oui,out,741295
sel de sauvene,5,non,out,741295
sel de Seignette,3,non,out,741295
sel de Seignette policreste et Glauber,5,non,out,741295
sel de tamarin,17,non,out,741295
sel de tartaric,1,non,out,741295
sel de tartre,8,non,out,741295
sel de tartre émétique,1,non,out,741295
sel de verre,14,non,out,741295
sel de vitriol,4,non,vitriol,1211
sel des mines anglaises,1,non,out,741295
sel des prises,3,non,out,741295
sel des sables d'Olonne,2,non,out,741295
sel dit beggere,2,non,out,741295
sel du Croisic,220,non,out,741295
sel du Poulinguen,62,non,out,741295
sel du Sable d'Olonne,0,oui,,40052
sel émétique,1,non,out,741295
sel en boue,6,non,out,741295
sel en gomme,1,non,out,741295
sel en grabeau,1,non,out,741295
sel en grains,4,non,out,741295
sel en lest,1,non,,40052
sel en pain,1,non,out,741295
sel en tonne,29,non,,40052
sel faux,2,non,,40052
sel gemme,47,non,out,741295
sel Glauber,6,non,out,741295
sel gris,84,non,out,741295
sel gruau,1,non,out,741295
sel grum,10,non,out,741295
sel marin de marais,5,non,out,741295
sel marin gemme,3,non,out,741295
sel médicinal,48,non,out,741295
sel médicinal divers,4,non,out,741295
sel minéral,11,non,out,741295
sel misay,1,non,out,741295
sel mistry,23,non,out,741295
sel ordinaire,32,non,out,741295
sel oxalate aide de potasse (sel d'oseille),1,non,out,741295
sel peccain,2,non,out,741295
sel policreste,1,non,out,741295
sel policreste et d'Epsom,18,non,out,741295
sel pour la pêche,3,non,,40052
sel pour la pêche libre,12,non,out,741295
sel purgatif,1,non,out,741295
sel regerat,1,non,out,741295
sel sublimé,2,non,out,741295
sel sucsin,3,non,out,741295
sel sulfates de soude,32,oui,out,741295
sel sulfates de soudes,32,non,,40052
sel teint,1,non,out,741295
sel tonnes,1,non,,40052
sel végétal,3,non,out,741295
sel vieux,2,non,out,741295
sel volatil,5,non,out,741295
sellerie,42,non,out,741295
sellerie commune,1,non,out,741295
sellerie de cuir,54,non,out,741295
sellerie en harnais,1,non,out,741295
selles,217,non,out,741295
selles avec leurs harnais,1,non,out,741295
selles communes,7,non,out,741295
selles de bois,5,non,out,741295
selles de cuir,1,non,out,741295
selles de femme,2,non,out,741295
selles de fer,1,non,out,741295
selles de maître,1,non,out,741295
selles de poste,1,non,out,741295
selles de sapin,1,non,out,741295
selles de velours,117,non,out,741295
selles garnies de velours,1,non,out,741295
selles neuves,1,non,out,741295
selles vieilles,2,non,out,741295
sellet et télescope,1,non,out,741295
selliers,3,non,out,741295
semble de moissar,1,non,,40052
semé,6,oui,out,741295
semelles et talons,1,non,out,741295
semen contra,152,non,out,741295
semen dacy,3,non,out,741295
semence de Caroy,1,non,out,741295
semence de perles,1,non,out,741295
semence écarlate,1,non,out,741295
semence froide,23,non,out,741295
semencine,13,non,out,741295
semenconna,1,non,out,741295
semoirs,1,non,out,741295
semoule,118,non,out,741295
sempiterne,28,non,out,741295
sendaline,2,non,out,741295
séné,670,non,out,741295
séné en follicule,3,oui,out,741295
séné en grabeau,166,non,out,741295
sennes,48,non,out,741295
senobre,4,non,out,741295
sequins,17,non,out,741295
sequins par Marseille,1,non,out,741295
serains,1,non,out,741295
serans,4,non,out,741295
serans à peigner,1,non,out,741295
serans à peigner le lin,4,non,out,741295
séraphine,1,non,out,741295
sercliers,1,non,out,741295
serge,79,non,out,741295
serge ???,2,non,out,741295
serge 1/2 Londres,1,non,out,741295
serge à doubler,90,non,out,741295
serge à doubler et drap,2,non,out,741295
serge à doubler et drapée,7,non,out,741295
serge à draper,2,non,out,741295
serge à fleurs,1,non,out,741295
serge aune blanche,1,oui,out,741295
serge aune commune,1,oui,out,741295
serge aune commune teinte,1,oui,out,741295
serge aune d'Angleterre,1,oui,out,741295
serge aune drapée,1,oui,out,741295
serge aune teinte,1,oui,out,741295
serge blanche,18,non,out,741295
serge bleue,1,non,,40052
serge Blicourt,1,non,out,741295
serge commune,37,non,out,741295
serge commune teinte,23,non,out,741295
serge croisée,2,non,out,741295
serge croisée de laine,1,non,out,741295
serge d'Angleterre,5,non,out,741295
serge d'Arnetal,6,non,out,741295
serge d'Aumale,30,non,out,741295
serge d'Aumale de laine,2,non,out,741295
serge d'Aumale imprimée,2,non,out,741295
serge de ??? commune,0,non,,40052
serge de Blicourt,9,oui,,40052
serge de Bruxelles,1,non,out,741295
serge de fil et de laine,6,non,out,741295
serge de fil et laine,1,non,out,741295
serge de laine,323,non,out,741295
serge de laine ???,4,non,out,741295
serge de laine Blicourt,2,non,out,741295
serge de laine d'Aumale,6,non,out,741295
serge de laine de Blicourt,9,non,out,741295
serge de laine de Rome,1,non,out,741295
serge de laine de Rouen,1,non,out,741295
serge de laine diverse,6,non,out,741295
serge de laine drapée,2,non,out,741295
serge de laine et de soie,1,non,out,741295
serge de laine étroite,2,non,out,741295
serge de laine forte,1,non,out,741295
serge de laine imprimée,3,non,out,741295
serge de laine large,3,non,out,741295
serge de laine Minorque,6,non,out,741295
serge de laine noire,1,non,out,741295
serge de laine sagati,2,non,out,741295
serge de laine voile,6,non,out,741295
serge de Lille,27,non,out,741295
serge de Londres et autres,8,non,out,741295
serge de Montauban,17,non,out,741295
serge de Nîmes,119,non,out,741295
serge de Nîmes aune,1,oui,out,741295
serge de Poitou,2,non,out,741295
serge de Rome,4,non,out,741295
serge de Rouen,1,non,out,741295
serge de Rouen commune,1,non,,40052
serge de Saint-Maixent,6,non,out,741295
serge de Savoie,1,non,out,741295
serge de soie,12,non,out,741295
serge des prises,6,non,out,741295
serge diverse,6,oui,,40052
serge double,4,non,out,741295
serge drap,1,non,out,741295
serge drapée,87,non,out,741295
serge drapée à doubler,3,non,out,741295
serge drapée de laine,1,non,out,741295
serge drapée et de laine,5,non,out,741295
serge du Languedoc,7,non,out,741295
serge du pays,1,non,out,741295
serge écarlate,1,non,out,741295
serge écarlatine,2,non,out,741295
serge et prunelle de laine étroite,3,non,out,741295
serge étroite,2,oui,,40052
serge fil et laine,1,non,out,741295
serge forte,5,non,out,741295
serge imprimée,151,non,out,741295
serge imprimée aune,1,oui,out,741295
serge imprimée d'Aumale,1,non,out,741295
serge large,3,oui,,40052
serge Minorque,3,non,out,741295
serge noire,1,oui,,40052
serge pour les troupes,1,non,,40052
serge sagati,2,oui,,40052
serge sergette,1,non,out,741295
serge teinte,20,non,out,741295
serge verte,1,non,out,741295
serge voile,2,oui,,40052
sergette,12,non,out,741295
sergette de laine,5,non,out,741295
sergette de Montauban,7,non,out,741295
sergette des prises,3,non,out,741295
sergette fine,1,non,out,741295
sergette Maine,2,non,out,741295
serinettes,61,non,out,741295
serinettes ouvrées,1,non,out,741295
seringues,14,non,out,741295
seringues d'étain,19,non,out,741295
serisaffs,1,non,,40052
serlecan brodé,1,non,,40052
serpentera virgina,1,non,out,741295
serpentin à distiller,1,non,out,741295
serpentine,3,non,out,741295
serpentine à distiller l'eau-de-vie,1,non,out,741295
serpents,4,non,out,741295
serpes,13,non,out,741295
serpes de fer,6,non,out,741295
serratille,1,non,out,741295
serrure de bois,3,non,out,741295
serrure de cuivre,8,non,out,741295
serrure de fer,1,non,,40052
serrure petite,1,non,out,741295
serrure pour canevettes,1,non,,40052
serrure pour fossettes,0,non,,40052
serrures de cuivre,6,oui,out,741295
serrures de fer,1,oui,out,741295
serrures pour fossettes,1,oui,out,741295
service de faïence,1,non,,40052
service de garde-côte,3,non,,40052
service de porcelaine,1,non,out,741295
service de roi,2,oui,,40052
service de tables,48,non,out,741295
service de tables argenté et doré et d'osier,1,non,out,741295
serviettes,141,non,out,741295
serviettes à nappes,1,non,out,741295
serviettes communes,6,non,out,741295
serviettes d'étoupes,2,non,out,741295
serviettes de lin,1,non,out,741295
serviettes de table,5,non,out,741295
serviettes de toile,2,non,out,741295
serviettes de toile de ménage,1,non,out,741295
serviettes de toile peinte,1,non,out,741295
serviettes découpées,76,non,out,741295
serviettes et nappes,1,non,out,741295
serviettes et nappes de toile peinte,1,non,out,741295
serviettes et nappes des Indes,1,non,out,741295
serviettes ouvrées,7,non,out,741295
serviettes ouvrées de toile,1,non,,40052
sevagagis,1,non,,40052
sevan de cuir de Russie,1,non,out,741295
Sèvres,1,non,out,741295
shetas des Indes,1,non,out,741295
siagne,3,non,out,741295
siague,1,non,out,741295
siamoise,861,non,siamoises,1338
siamoise à bouquet de coton,1,non,siamoises,1338
siamoise à bouquets de laine de coton et de fil,4,non,siamoises,1338
siamoise à bouquets de laine de fil,1,non,siamoises,1338
siamoise à fleurs,41,non,siamoises,1338
siamoise à fleurs de soie,0,non,siamoises,1338
siamoise à peu de soie,70,non,siamoises,1338
siamoise au quart de soie,2,non,siamoises,1338
siamoise au sixième de soie,9,non,siamoises,1338
siamoise blanche de coton,1,non,siamoises,1338
siamoise blanche de coton et de fil,2,non,siamoises,1338
siamoise brochée de coton et de fil,2,non,siamoises,1338
siamoise commune,18,non,siamoises,1338
siamoise de coton,5,non,siamoises,1338
siamoise de coton au quart de soie,1,non,siamoises,1338
siamoise de coton au sixième de soie,1,non,siamoises,1338
siamoise de coton et de fil,241,non,siamoises,1338
siamoise de coton et de fil et imprimée,2,non,siamoises,1338
siamoise de coton et de fil et teinte,2,non,siamoises,1338
siamoise de coton et de fil imprimée,3,non,siamoises,1338
siamoise de coton et de fil unie,4,non,siamoises,1338
siamoise de coton et toile de coton peinte,16,non,siamoises,1338
siamoise de coton imprimée,5,non,siamoises,1338
siamoise de coton teinte,1,non,siamoises,1338
siamoise de fil imprimée,1,non,siamoises,1338
siamoise de fil peinte,2,non,siamoises,1338
siamoise de fil rayée,1,non,siamoises,1338
siamoise de fil simple,1,non,siamoises,1338
siamoise de fil teinte,2,non,siamoises,1338
siamoise de Rouen,8,non,siamoises,1338
siamoise de soie,9,non,siamoises,1338
siamoise en crin,1,non,siamoises,1338
siamoise fil coton,1,non,siamoises,1338
siamoise fil de coton,1,non,siamoises,1338
siamoise fine,5,non,siamoises,1338
siamoise imprimée,9,non,siamoises,1338
siamoise teinte,4,non,siamoises,1338
sicader,1,non,out,741295
sigle vis de laine,1,non,out,741295
simarouba,17,non,out,741295
simples,1,non,out,741295
sinabre,2,non,out,741295
siné,0,oui,out,741295
singalette,1,non,out,741295
singe,14,non,out,741295
siomedes,1,non,,40052
siragondis,1,non,out,741295
sirop,2216,non,out,741295
sirop à boire,2,non,out,741295
sirop brut,1,non,out,741295
sirop calbasse,1,non,out,741295
sirop d'alkermès,113,non,out,741295
sirop d'altea,1,non,out,741295
sirop d'amont,28,non,out,741295
sirop d'amour,3,non,out,741295
sirop d'orgeat,9,non,out,741295
sirop d'orgeat au fiasque,4,non,out,741295
sirop de Calabre,1,non,out,741295
sirop de calbasse,2,non,out,741295
sirop de capillaire,652,non,out,741295
sirop de capillaire et autre composés,67,non,out,741295
sirop de capitaine,9,non,out,741295
sirop de cédrat,4,non,out,741295
sirop de citron,1,non,out,741295
sirop de coriandre,1,non,out,741295
sirop de framboise,1,non,out,741295
sirop de l'étranger,0,non,out,741295
sirop de limon,58,non,out,741295
sirop de limon des Îles,1,non,,40052
sirop de mélasse,804,non,sugar,12509
sirop de mûre,1,non,out,741295
sirop de raffinerie,3,non,out,741295
sirop de sucre,268,non,sugar,12509
sirop de sucre candi,2,non,sugar,12509
sirop de vinaigre,10,non,out,741295
sirop de violette,2,non,out,741295
sirop des Indes,71,non,out,741295
sirop et sucre,9,non,sugar,12509
sirop fin,53,non,out,741295
sirop fin et mélasse,3,non,sugar,12509
sirop fins et sucre,9,non,sugar,12509
sirop médicinal,1,non,out,741295
sirop mélasse,23,non,sugar,12509
sirop terré,1,non,sugar,12509
sistes condales,1,non,out,741295
sistresaye,15,non,out,741295
sivadille,12,non,out,741295
slatille des Indes,4,oui,out,741295
slin de laine,1,non,out,741295
smalte,5,non,out,741295
soberton,1,non,out,741295
socle de fer,1,non,out,741295
socreton,6,non,cotton goods,18103
socrotour,1,non,out,741295
socs,3,non,out,741295
socs de charrues,6,non,out,741295
socs de fer,3,non,out,741295
soie,643,non,out,741295
soie à broder,2,non,out,741295
soie à coudre,330,non,out,741295
soie à coudre teinte,120,non,out,741295
soie à tricoter,1,non,out,741295
soie apprêtée,404,non,out,741295
soie ardasse,2,non,out,741295
soie ardassine,1,non,out,741295
soie blanche,117,non,out,741295
soie blanche à l'aune,1,oui,out,741295
soie blanche sans apprêt,8,non,out,741295
soie blanche sans apprêt à l'aune,1,oui,out,741295
soie bourre cardée en feuilles et ouates,1,non,out,741295
soie bourre écrue,1,non,out,741295
soie bourre écrue en masse,2,non,out,741295
soie bourre écrue et teinte,1,non,out,741295
soie bourre écrue filée moulinée,1,non,out,741295
soie bourre écrue filée non moulinée,1,non,out,741295
soie bourre en masse teinte,1,non,out,741295
soie bourre filée fleuret écru,1,non,out,741295
soie bourre filée fleuret teint,1,non,out,741295
soie bourre filée-fleuret en masse,1,non,out,741295
soie bourre fleuret écru et teint,1,non,out,741295
soie brousse,5,non,out,741295
soie Canton,1,non,out,741295
soie cendre,1,non,out,741295
soie cocon,1,non,out,741295
soie cocons perus,1,non,out,741295
soie commune,2,non,out,741295
soie crue,576,non,out,741295
soie crue organsine,1,non,out,741295
soie de ???,1,non,,40052
soie de Bruges,7,non,out,741295
soie de charrues,1,non,out,741295
soie de Chypre,1,non,out,741295
soie de fleuret,1,non,out,741295
soie de la chaîne,1,non,out,741295
soie de laine,1,non,out,741295
soie de Liège,6,non,out,741295
soie de Nankin,43,non,out,741295
soie de porcs,298,non,out,741295
soie de porcs ???,2,non,out,741295
soie de porcs et soie de sanglier,91,non,out,741295
soie de porcs étrangère,1,non,out,741295
soie de porcs ouvré,3,non,out,741295
soie de Provence,2,non,out,741295
soie de sanglier,8,non,out,741295
soie de toile,4,non,out,741295
soie de toile vieille,2,non,out,741295
soie de Zagora,1,non,out,741295
soie des Indes,6,non,out,741295
soie des pays étrangers,1,non,out,741295
soie dite filoselle,1,oui,out,741295
soie dite fleuret,1,oui,out,741295
soie du Bengale,2,non,out,741295
soie écrue,11,non,out,741295
soie écrue moulinée,1,non,out,741295
soie écrue moulinée doupion,1,non,out,741295
soie en bourre,1,oui,out,741295
soie en cocon,6,non,out,741295
soie en cocons et en estrasse,0,non,out,741295
soie en estrasse,78,non,out,741295
soie en étoupes,4,non,out,741295
soie en fleuret,5,non,out,741295
soie en force de bassine,1,non,,40052
soie en laine,1,non,,40052
soie en masses,1,non,out,741295
soie en rames,15,non,out,741295
soie en strasse,1,oui,out,741295
soie en suaze,0,non,out,741295
soie étoupes,6,non,out,741295
soie exportée de Marseille,1,non,out,741295
soie fleuret ???,0,non,out,741295
soie floche,3,non,out,741295
soie galette,1,non,out,741295
soie grège,49,non,out,741295
soie grège ???,0,non,out,741295
soie grège autre que doupion,1,non,out,741295
soie grège de Provence,1,non,out,741295
soie grège doupion,3,non,out,741295
soie grège écrue,1,non,out,741295
soie grège écrue doupion,1,non,out,741295
soie grège par Marseille,1,non,out,741295
soie limeneas,1,non,out,741295
soie lorce,1,non,out,741295
soie mauresque,13,non,out,741295
soie mêlée,1,non,,40052
soie mêlée à l'aune,1,oui,out,741295
soie moulinée,3,non,out,741295
soie moulinée autre que doupion,1,non,out,741295
soie moulinée doupion,3,non,out,741295
soie non filée,2,non,,40052
soie ouvrée,49,non,out,741295
soie par Collonges et Strasbourg,1,non,out,741295
soie par Marseille,3,non,out,741295
soie plate,4,non,out,741295
soie siamoise,2,non,out,741295
soie tamis,1,oui,out,741295
soie tani,51,non,out,741295
soie tanier,1,oui,out,741295
soie tapis,3,non,out,741295
soie teinte,204,non,out,741295
soie torse,1,non,out,741295
soie trame ???,1,non,out,741295
soie tricoter,1,non,out,741295
soie tripoline,1,non,out,741295
soierie,202,non,out,741295
soierie brodée,1,non,out,741295
soierie confinant,2,non,out,741295
soierie de fil à fleurs,1,non,out,741295
soierie de lin,1,non,out,741295
soierie de Lyon,5,non,out,741295
soierie de toile,1,non,out,741295
soierie de Tours,2,non,out,741295
soierie des Indes,1,non,out,741295
soierie et coton des Indes,1,non,out,741295
soierie et dorure,12,non,out,741295
soierie et dorure fine,13,non,out,741295
soierie fleuret,1,non,out,741295
soins,1,non,out,741295
solas,1,non,out,741295
soles,2,non,out,741295
soles marinées,1,non,out,741295
soliveaux,111,non,out,741295
soliveaux d'acajou,1,non,out,741295
soliveaux de 10 à 12 pieds et de sapin,2,non,out,741295
soliveaux de 10 pieds et de sapin,5,non,out,741295
soliveaux de 12 pieds et de sapin,8,non,out,741295
soliveaux de 14 à 16 pieds et de 4 pouces de carré,1,non,out,741295
soliveaux de 14 pieds et de sapin,2,non,out,741295
soliveaux de 15 à 20 pieds et de sapin,2,non,out,741295
soliveaux de 15 pieds,0,non,out,741295
soliveaux de 15 pieds et de sapin,4,non,out,741295
soliveaux de 17 pieds et de sapin,2,non,out,741295
soliveaux de 18 à 20 pieds,1,non,out,741295
soliveaux de 18 à 20 pieds et de sapin,2,non,out,741295
soliveaux de 18 pieds,1,non,out,741295
soliveaux de 18 pieds et de sapin,6,non,out,741295
soliveaux de 20 à 22 pieds,1,non,out,741295
soliveaux de 20 à 25 pieds et de sapin,1,non,out,741295
soliveaux de 20 à 30 pieds et de sapin,1,non,out,741295
soliveaux de 20 pieds et de sapin,10,non,out,741295
soliveaux de 21 à 22 pieds et dde sapin,1,non,out,741295
soliveaux de 22 pieds et de sapin,5,non,out,741295
soliveaux de 24 pieds,1,non,out,741295
soliveaux de 24 pieds et de sapin,4,non,out,741295
soliveaux de 25 pieds,1,non,,40052
soliveaux de 25 pieds et de sapin,5,non,out,741295
soliveaux de 26 pieds et de sapin,5,non,out,741295
soliveaux de 29 à 30 pieds et de sapin,1,non,out,741295
soliveaux de 30 pieds et de sapin,3,non,out,741295
soliveaux de 34 pieds et de sapin,1,non,out,741295
soliveaux de 36 pieds et de sapin,3,non,out,741295
soliveaux de 50 pieds et de sapin,1,non,out,741295
soliveaux de 6 à 7 pieds et de sapin,1,non,out,741295
soliveaux de 9 à 18 pieds et de sapin,1,non,out,741295
soliveaux de 9 pieds et de sapin,1,non,out,741295
soliveaux de bois,3,non,out,741295
soliveaux de bois de nache,1,non,out,741295
soliveaux de châtaigner,1,non,out,741295
soliveaux de chêne,31,non,out,741295
soliveaux de chêne de 10 pieds,2,non,out,741295
soliveaux de chêne de 12 à 15 pieds,1,non,out,741295
soliveaux de chêne de 13 pieds,1,non,out,741295
soliveaux de chêne de 15 à 20 pieds,1,non,out,741295
soliveaux de chêne de 16 pieds,1,non,out,741295
soliveaux de chêne de 18 pieds,2,non,out,741295
soliveaux de chêne de 20 pieds,1,non,,40052
soliveaux de chêne de 22 pieds,1,non,,40052
soliveaux de chêne de 24 pieds,1,non,out,741295
soliveaux de cyprès,1,non,out,741295
soliveaux de hêtre,1,non,out,741295
soliveaux de hêtre de 53 pieds,1,non,,40052
soliveaux de hêtre de 7 pieds,1,non,,40052
soliveaux de hêtre de 9 pieds,1,non,,40052
soliveaux de sapin,104,non,out,741295
soliveaux de sapin de 14 à 15 pieds,1,non,,40052
soliveaux de sapin de 14 à 18 pieds,1,non,,40052
soliveaux de sapin de 16 pieds,1,non,out,741295
soliveaux de sapin de 22 à 24 pieds,1,non,,40052
soliveaux de sapin de 24 à 29 pieds,1,non,,40052
soliveaux de sapin de 28 pieds,2,non,out,741295
soliveaux de sapin de 42 à 43 pieds,1,non,,40052
soliveaux de sapin de 5 pieds,1,non,out,741295
soliveaux de sapin de 6 pieds,1,non,out,741295
soliveaux petits,1,non,out,741295
soliveaux petits et de sapin,2,non,out,741295
solives,3,non,out,741295
solives de 16 à 20 pieds,1,non,out,741295
solives de chêne,1,non,,40052
solives de sapin,1,non,out,741295
solles ou langues,79,non,out,741295
sommiers bruts et pour Mannem,2,non,out,741295
sommiers de bois,2,non,out,741295
sommiers de chêne,1,non,out,741295
sommiers façonnés et de chêne,90,non,out,741295
sommiers ou corps d'arbre de sapin,89,non,out,741295
son,450,non,out,741295
son d'Espagne,1,non,out,741295
son de farine,99,non,out,741295
son et vesse de fer,1,non,out,741295
sonde,6,non,out,741295
sonde d'argent,1,non,out,741295
sonde ou soude,1,oui,out,741295
sonde ou soudes,1,non,,40052
sonnettes,27,non,out,741295
sonnettes de bronze,1,non,out,741295
sonnettes de fonte,1,non,out,741295
sonnettes de métal,1,non,,40052
soquet,1,non,out,741295
sorbet,7,non,out,741295
sortes,1,non,out,741295
sotas,1,non,out,741295
soucade,3,non,out,741295
souchais,3,non,,40052
soucis,57,non,out,741295
soucis de soie,1,non,out,741295
soucis pour mouchoirs,3,non,out,741295
soucoupes de faïence,1,non,out,741295
soucoupes et tasses de faïence,2,non,out,741295
soucoupes vernies,1,non,out,741295
soucrillon,2,non,out,741295
soucrillon en gerbes,2,non,out,741295
soude de toutes sortes,6,oui,out,741295
soude soufre,1,oui,out,741295
soudes,1727,non,out,741295
soudes (cendre),1,non,,40052
soudes de toutes sortes,6,non,,40052
soudes et natron et salin,40,oui,out,741295
soudes et potasse,23,non,out,741295
soudes et tartre,1,non,out,741295
soudes natron salins,40,non,,40052
soudes soufre,0,non,,40052
soudure,27,non,out,741295
soudure de cuivre,1,non,out,741295
soufflets,60,non,out,741295
soufflets à bouche,2,non,out,741295
soufflets à feu,12,non,out,741295
soufflets à forge,9,non,out,741295
soufflets à poudre,3,non,out,741295
soufflets à tirer,1,non,out,741295
soufflets à tirer le vin,7,non,out,741295
soufflets à tirer le vin au clair,1,non,out,741295
soufflets à tirer le vin au clair et sa garniture,1,non,out,741295
soufflets à tirer vin au clair,1,non,out,741295
soufflets anglais,1,non,,40052
soufflets d'hermine,1,non,out,741295
soufflets de bois,55,non,out,741295
soufflets de cheminée,7,non,out,741295
soufflets de fer,1,non,out,741295
soufflets de forge,23,non,out,741295
soufflets de maréchal,195,non,out,741295
soufflets petits,5,non,out,741295
soufflets pour orgues,3,non,out,741295
soufre,1507,non,out,741295
soufre ???,1,non,out,741295
soufre à canons,1,non,out,741295
soufre brut,7,non,out,741295
soufre en canons,97,non,out,741295
soufre en canons épuré,1,non,out,741295
soufre en fanon,12,oui,out,741295
soufre en fleurs,32,non,out,741295
soufre en mèche,2,non,out,741295
soufre épuré,7,non,out,741295
soufre raffiné,3,non,out,741295
soufre sublimé en poudre,8,non,out,741295
soufre vif,1,non,out,741295
soulassé de cordonnier,1,non,,40052
souliers,963,non,out,741295
souliers à dessus de soie pour femme,5,non,out,741295
souliers anglais,1,non,out,741295
souliers blancs,3,non,out,741295
souliers brodés,22,non,out,741295
souliers brodés d'argent,4,non,out,741295
souliers brodés d'argent et d'or,8,non,out,741295
souliers brodés d'argent et de soie,1,non,out,741295
souliers brodés d'or,1,non,out,741295
souliers brodés et pour femme,11,non,out,741295
souliers communs,23,non,out,741295
souliers couverts en calmande et pour femme,1,non,out,741295
souliers couverts en étoffe,3,non,out,741295
souliers couverts en étoffe et pour femme,5,oui,out,741295
souliers couverts en étoffe pour femme,5,non,,40052
souliers couverts en soie et pour femme,8,non,out,741295
souliers d'enfant,6,non,out,741295
souliers d'étoffe de soie,7,non,out,741295
souliers d'homme,21,non,out,741295
souliers de chanvre,1,non,out,741295
souliers de cordes,5,non,out,741295
souliers de cordonnier,15,non,out,741295
souliers de cordonnier pour femme,6,non,out,741295
souliers de cordonnier pour homme,12,non,out,741295
souliers de cordonnier vieux,1,non,out,741295
souliers de cuir,53,non,out,741295
souliers de cuir couverts en soie pour femme,5,non,out,741295
souliers de cuir et pour femme,3,non,out,741295
souliers de cuir et pour homme,5,non,out,741295
souliers de cuir et pour homme et femme,1,non,out,741295
souliers de cuir pour homme,6,non,out,741295
souliers de cuir pour homme et femme,5,non,out,741295
souliers de cuir surans,1,non,,40052
souliers de cuir vieux,1,non,,40052
souliers de dame,1,non,out,741295
souliers de maroquin,3,non,out,741295
souliers de soie,13,non,out,741295
souliers en paire,1,oui,,40052
souliers en terre,1,non,,40052
souliers enfant,1,non,out,741295
souliers et bottes de toutes espèces,5,oui,,40052
souliers et mules,1,non,,40052
souliers et mules en paire,1,oui,,40052
souliers neufs,145,non,out,741295
souliers pantoufles et galoches,3,non,out,741295
souliers par paires,0,oui,out,741295
souliers petits,2,non,out,741295
souliers pour enfant,12,non,out,741295
souliers pour femme,42,non,out,741295
souliers pour homme,78,non,out,741295
souliers pour homme et femme,2,non,out,741295
souliers vieux,76,non,out,741295
souline étoffe des Indes,1,non,out,741295
soupières de faïence,1,non,out,741295
souquets de mâts,2,non,out,741295
southoy,1,non,out,741295
soutien,0,non,out,741295
soux de grabanite,1,non,out,741295
soux en feuilles,1,non,out,741295
soyette de fil,1,non,out,741295
spalme,3,non,out,741295
spalte,1,non,out,741295
spardilles,7,non,out,741295
spart brut,3,non,out,741295
spart brut et presle,2,non,out,741295
sparterie,16,non,out,741295
sparterie brute en auf jonc et roseaux,26,non,out,741295
spath,1,non,out,741295
spéculation,2,non,out,741295
spermaceti,63,non,out,741295
sperme,1,non,out,741295
sperme de baleine,15,non,out,741295
spermecely,1,oui,out,741295
sphères,1,non,out,741295
spiante,1,non,out,741295
spicaceltica,51,non,out,741295
spicajudica,1,non,out,741295
spicanardi,16,non,out,741295
spinenardi,1,non,out,741295
spirinck,49,non,out,741295
spode,3,non,out,741295
sprottes,1,non,out,741295
square,1,non,out,741295
squille de grains,4,non,out,741295
squine,159,non,out,741295
stafisagre,33,non,out,741295
stagnon,1,non,out,741295
statue de pierre,10,non,out,741295
statue de plomb,1,non,out,741295
stechas arabique,1,non,out,741295
stephais,1,non,out,741295
sthouchais,1,non,out,741295
stil de bois,1,non,,40052
stil de grain,2,oui,,40052
stil de grains,63,non,out,741295
stil de grains et vermillon,1,non,out,741295
stinkerque,28,non,out,741295
stinkerque à barre,1,oui,out,741295
stinkerque à barres,1,non,,40052
stinkerque brodées,1,non,out,741295
stinkerque brodées de couleur,1,non,out,741295
stinkerque de fil organdis,1,non,out,741295
stirax liquide,1,non,out,741295
stockfish,547,non,out,741295
stockfish et morue,1,oui,out,741295
stockfish mariné et salé,16,non,out,741295
stockfish salé,4,non,out,741295
storax,211,non,out,741295
storax calames,2,non,out,741295
storax calamin,1,non,out,741295
storax en grabeau,1,non,,40052
storax en larme,1,non,out,741295
storax liquide,7,non,out,741295
stragondis,5,non,out,741295
sublimé,145,non,out,741295
sublimé corosif,17,non,out,741295
subsistances,27,non,out,741295
substances et produits chimiques,29,non,out,741295
substances et produits chimiques principalement eau-forte et couperose,14,non,out,741295
substances et produits chimiques principalement en eau-forte et couperose bleue et blanche,12,non,out,741295
suc de réglisse,47,non,out,741295
succade,1,non,out,741295
sucre,3296,non,sugar,12509
sucre à devises et à casser,43,non,sugar,12509
sucre bâtard,1,non,sugar,12509
sucre blanc,1310,non,sugar,12509
sucre blanc brut des entrepôts étranger,0,non,sugar,12509
sucre blanc brut étranger,3,non,sugar,12509
sucre blanc en pain,5,non,sugar,12509
sucre blanc en poudre,1,non,,40052
sucre blanc et sucre terré,49,non,sugar,12509
sucre blanc et sucre terré des Îles françaises de l'Amérique,1,non,sugar,12509
sucre blanc et sucre terré et sucre têtes,9,non,sugar,12509
sucre blanc et tabatières de bergamote,1,non,sugar,12509
sucre blanc terré et têtes,20,non,sugar,12509
sucre brun,110,non,sugar,12509
sucre brun brut,3,non,sugar,12509
sucre brun en pain et terré,1,non,,40052
sucre brun prix bas,15,non,sugar,12509
sucre brut,1730,non,sugar,12509
sucre brut autre que blanc,6,non,sugar,12509
sucre brut autre que blanc des entrepôts étranger,0,non,sugar,12509
sucre brut autre que blanc étranger,4,non,sugar,12509
sucre brut blanc,4,non,sugar,12509
sucre brut blanc ou terré,5,non,sugar,12509
sucre brut des colonies françaises au-delà du Cap,2,non,sugar,12509
sucre brut en forme,1,non,sugar,12509
sucre brut et sucre terré,5,non,sugar,12509
sucre brut par Nantes,1,non,sugar,12509
sucre candi,383,non,sugar,12509
sucre candi en pain et en poudre raffiné,1,non,sugar,12509
sucre candi et en pain,3,non,sugar,12509
sucre candi et sucre en pain par Bayonne Bordeaux Le Havre et Dunkerque,1,non,sugar,12509
sucre candi raffiné,1,non,sugar,12509
sucre carré,1,non,sugar,12509
sucre cassonade,1,non,sugar,12509
sucre commun,25,non,sugar,12509
sucre d'érable,10,non,sugar,12509
sucre d'orge,17,non,sugar,12509
sucre de Brésil et sucre blanc et sucre cru,0,non,sugar,12509
sucre de canne,1,non,sugar,12509
sucre de Cayenne,1,non,sugar,12509
sucre de Cayenne terré,5,non,sugar,12509
sucre de forme,1,non,sugar,12509
sucre de lait,1,non,sugar,12509
sucre de réglisse,2,non,sugar,12509
sucre de têtes,15,non,sugar,12509
sucre des Indes brut,1,non,sugar,12509
sucre des Indes terré,2,non,sugar,12509
sucre des Indes têtes,1,non,sugar,12509
sucre des prises terré,1,non,sugar,12509
sucre dit lompen,3,non,sugar,12509
sucre du Brésil,2,non,,40052
sucre en blanc,1,non,sugar,12509
sucre en dragées,130,non,sugar,12509
sucre en forme terré,1,non,sugar,12509
sucre en lait,1,non,sugar,12509
sucre en pain,1080,non,sugar,12509
sucre en pain blanc,1,non,sugar,12509
sucre en pain et en poudre raffiné,1,non,sugar,12509
sucre en pain et sucre raffiné,15,non,sugar,12509
sucre en pain et sucre raffiné et sucre têtes etc.,1,non,sugar,12509
sucre en pain et sucre terré,2,non,sugar,12509
sucre en pain par Le Havre,1,non,sugar,12509
sucre en pain par Strasbourg,1,non,sugar,12509
sucre en pain par Strasbourg Metz et Riltzeim,1,non,sugar,12509
sucre en pain pour la Compagnie des Indes,1,non,sugar,12509
sucre en pain raffiné,29,non,sugar,12509
sucre en pain sorti avec prime,13,non,sugar,12509
sucre en poudre,2,non,sugar,12509
sucre en poudre blanc,93,non,sugar,12509
sucre en poudre blanc de haut prix,14,non,sugar,12509
sucre en poudre brun,94,non,sugar,12509
sucre et raisin sec,3,non,sugar,12509
sucre et rocou,7,non,sugar,12509
sucre et tabac,11,non,sugar,12509
sucre et verdet,5,non,sugar,12509
sucre ferré,3,non,sugar,12509
sucre fin,3,non,sugar,12509
sucre mélasse,20,non,sugar,12509
sucre mélisse,1,non,sugar,12509
sucre mes ???,1,non,sugar,12509
sucre moscovade,11,non,sugar,12509
sucre noix,1,non,sugar,12509
sucre orianne,1,non,sugar,12509
sucre raffiné,333,non,sugar,12509
sucre rouge,1,non,,40052
sucre roulé,1,non,sugar,12509
sucre royal,2,non,sugar,12509
sucre terré,1490,non,sugar,12509
sucre terré autre que blanc,1,non,sugar,12509
sucre terré autre que blanc des entrepôts étranger,0,non,sugar,12509
sucre terré autre que blanc étranger,3,non,sugar,12509
sucre terré blanc,1,non,sugar,12509
sucre terré blanc des entrepôts étranger,0,non,sugar,12509
sucre terré blanc étranger,7,non,sugar,12509
sucre terré blanc ordinaire et têtes de forme,11,non,sugar,12509
sucre terré brun étranger,3,non,sugar,12509
sucre terré commun,1,non,sugar,12509
sucre terré des colonies françaises au-delà du Cap,0,non,sugar,12509
sucre terré des Indes,1,non,sugar,12509
sucre terré et sucre têtes,36,non,sugar,12509
sucre terré moyen,1,non,sugar,12509
sucre terré par Bayonne Marseille et Nantes,1,non,sugar,12509
sucre terré par Chapareillan,1,non,sugar,12509
sucre terré têtes,19,non,sugar,12509
sucre terré têtes de forme,1,non,sugar,12509
sucre têtes,423,non,sugar,12509
sucre têtes de forme,142,non,sugar,12509
sucre vergeoise,149,non,sugar,12509
sucrerie,19,non,sugar,12509
sucrerie drapée,2,non,sugar,12509
sucrier,4,non,out,741295
sucrier de faïence,2,non,out,741295
sucs d'espèces particulières,2,non,out,741295
suie de cheminée,66,non,out,741295
suif,2388,non,out,741295
suif à chandelle,36,non,out,741295
suif brut,11,non,out,741295
suif de mouton,1,non,out,741295
suif en barils,48,non,,40052
suif en branche,4,non,out,741295
suif en chandelle,6,non,,40052
suif en chandelle et en rames,1,non,out,741295
suif en masse,94,non,out,741295
suif en pain,102,non,out,741295
suif en pain et en rames,2,non,,40052
suif en poil,1,non,out,741295
suif en rames,16,non,out,741295
suif en vessie,1,non,,40052
suif fondu,79,non,out,741295
suif fondu et en chandelle,3,non,,40052
suif pour faire du savon,0,non,out,741295
suif pour raffiner le cuivre,4,non,out,741295
suif soude,9,oui,out,741295
suif soudes,9,non,,40052
suin,1,non,out,741295
suine,0,non,out,741295
sulfate d'alumine,2,non,out,741295
sulfate d'ammoniaque,2,non,out,741295
sulfate de cuivre,5,non,out,741295
sulfate de cuivre de fer et de zinc,2,non,out,741295
sulfate de cuivre et de fer,1,non,out,741295
sulfate de fer,5,non,out,741295
sulfate de magnésie de potasse et de soude,2,oui,out,741295
sulfate de magnésie de potasse et de soudes,2,non,,40052
sulfate de plomb,1,non,out,741295
sulfate de potasse,7,non,out,741295
sulfate de quinine,2,non,out,741295
sulfate de zinc,3,non,out,741295
sulfure d'arsenic jaune et rouge,4,non,out,741295
sulfure de mercure en pierres,3,non,out,741295
sumac,808,non,out,741295
sumac des corroyeurs,45,non,out,741295
sumac et autres feuilles tinctoriales,2,non,out,741295
sumeuille de cuivre,0,non,out,741295
surge de laine,4,oui,out,741295
surons,1,non,out,741295
sutoze,1,non,out,741295
tabac,1478,non,tobacco,4232
tabac à fumer,39,non,tobacco,4232
tabac à mâcher,1,non,tobacco,4232
tabac à râper,4,non,tobacco,4232
tabac à varié,1,non,tobacco,4232
tabac avarié,4,non,tobacco,4232
tabac briquet,5,non,tobacco,4232
tabac brut,1,non,tobacco,4232
tabac commun,15,non,tobacco,4232
tabac commun en feuilles,1,non,tobacco,4232
tabac côte de ???,1,oui,tobacco,4232
tabac d'Espagne,93,non,tobacco,4232
tabac d'Espagne en feuilles,1,non,tobacco,4232
tabac de ???,1,non,tobacco,4232
tabac de Brésil,3,non,tobacco,4232
tabac de caisse,1,non,tobacco,4232
tabac de cantine,21,non,tobacco,4232
tabac de carottes,2,oui,tobacco,4232
tabac de Clairac,1,non,,40052
tabac de coco,1,non,tobacco,4232
tabac de Hollande,12,non,tobacco,4232
tabac de la Ferme,216,non,tobacco,4232
tabac de la Havane,11,non,tobacco,4232
tabac de renvoi,1,non,tobacco,4232
tabac de Séville,2,non,tobacco,4232
tabac de St. Domingue,18,non,tobacco,4232
tabac de St. Vincent,2,non,tobacco,4232
tabac de toutes espèces,4,oui,,40052
tabac de Virginie,30,non,tobacco,4232
tabac de Virginie en feuilles,10,non,tobacco,4232
tabac des Îles françaises,1,non,,40052
tabac des Indes,1,non,tobacco,4232
tabac des prises,7,non,tobacco,4232
tabac divers,2,non,tobacco,4232
tabac du Brésil,71,non,tobacco,4232
tabac du Brésil acheté à Lisbonne,2,non,tobacco,4232
tabac du Brésil acheté à Lisbonne en faisant route pour la Côte d'Or,2,non,tobacco,4232
tabac du Brésil de Virginie,3,non,tobacco,4232
tabac du Brésil pris à Lisbonne par les bâtiments français négriers expédiés des ports de France pour la Côte d'Or,1,non,tobacco,4232
tabac du Brésil pris à Lisbonne par les bâtiments négriers expédiés des côtes de France pour la Côte d'Or,1,non,tobacco,4232
tabac en ???,1,non,tobacco,4232
tabac en andouille,9,non,tobacco,4232
tabac en caisse,5,non,tobacco,4232
tabac en cantine,1,non,tobacco,4232
tabac en carotte,102,non,tobacco,4232
tabac en carotte et en feuilles,1,non,tobacco,4232
tabac en carotte et en feuilles et en côtes,2,non,tobacco,4232
tabac en carotte et en feuilles et râpé,1,non,tobacco,4232
tabac en carotte et fabriqué,6,non,tobacco,4232
tabac en carotte et feuilles côtes,1,oui,tobacco,4232
tabac en carotte et rolles,119,non,tobacco,4232
tabac en carotte par Bayonne,1,non,tobacco,4232
tabac en cordes,17,non,tobacco,4232
tabac en coren ???,0,non,tobacco,4232
tabac en côtes,83,non,tobacco,4232
tabac en côtes et en feuilles,27,non,tobacco,4232
tabac en côtes et en feuilles des entrepôts pour la régie,0,non,tobacco,4232
tabac en côtes et en feuilles pour la régie,6,non,tobacco,4232
tabac en feuille,1,non,tobacco,4232
tabac en feuille des Îles françaises,1,non,,40052
tabac en feuilles,2,non,tobacco,4232
tabac en feuilles de la Louisiane,1,non,tobacco,4232
tabac en feuilles de Virginie,10,non,tobacco,4232
tabac en feuilles et autres,3,non,tobacco,4232
tabac en feuilles et en poudre,1,non,tobacco,4232
tabac en feuilles par Bayonne,1,non,tobacco,4232
tabac en feuilles par Dunkerque,1,non,tobacco,4232
tabac en filé,1,non,tobacco,4232
tabac en graine,1,non,tobacco,4232
tabac en manoque,19,non,tobacco,4232
tabac en poudre,432,non,tobacco,4232
tabac en poudre commun,1,non,tobacco,4232
tabac en poudre commun supérieur,1,non,tobacco,4232
tabac en poudre d'Espagne,1,non,,40052
tabac en poudre de la Ferme,1,non,,40052
tabac en poudre de la Havane,3,non,tobacco,4232
tabac en rolle,14,non,tobacco,4232
tabac en rouleau,12,non,tobacco,4232
tabac et savon,1,non,tobacco,4232
tabac et son d'Espagne,4,non,tobacco,4232
tabac et sucre,2,oui,,40052
tabac fabriqué,53,non,tobacco,4232
tabac fabriqué et préparé,4,non,tobacco,4232
tabac ficelé,6,non,tobacco,4232
tabac filé,77,non,tobacco,4232
tabac fin,2,non,tobacco,4232
tabac frisé,2,non,tobacco,4232
tabac haché,4,non,tobacco,4232
tabac haché et à fumer,125,non,tobacco,4232
tabac pour échantillon,1,non,tobacco,4232
tabac pressé d'Allemagne,6,non,tobacco,4232
tabac râpé,104,non,tobacco,4232
tabac râpé de la Ferme,7,non,tobacco,4232
tabac râpé par Dunkerque,1,non,tobacco,4232
tabac viedé,1,non,tobacco,4232
tabagies,1,non,out,741295
tabatières,114,non,out,741295
tabatières à bergamote,1,oui,out,741295
tabatières communes,4,non,out,741295
tabatières corne,1,non,out,741295
tabatières d'agate,7,non,out,741295
tabatières d'argent,22,non,out,741295
tabatières d'argent émaillées,1,non,,40052
tabatières d'argent et d'or,1,non,out,741295
tabatières d'argent et dorées,1,non,out,741295
tabatières d'argent et petites,2,non,out,741295
tabatières d'écaille,121,non,out,741295
tabatières d'écaille à charnière,1,non,,40052
tabatières d'écaille à charnière d'or,1,non,out,741295
tabatières d'écaille à pitons d'argent,1,non,out,741295
tabatières d'écaille garnies d'argent,1,non,out,741295
tabatières d'écaille incrustées,1,non,,40052
tabatières d'écaille incrustées d'argent,1,non,out,741295
tabatières d'écaille incrustées d'argent et d'or,2,non,out,741295
tabatières d'écaille incrustées d'or,1,non,out,741295
tabatières d'écaille unie,3,non,out,741295
tabatières d'émail,1,non,out,741295
tabatières d'olivier,56,non,out,741295
tabatières d'or,11,non,out,741295
tabatières d'os,1,non,out,741295
tabatières de bergamote,15,non,out,741295
tabatières de bois,51,non,out,741295
tabatières de bois blanc,1,non,out,741295
tabatières de bois d'olivier,8,non,out,741295
tabatières de bois verni,138,non,out,741295
tabatières de buis,4,non,out,741295
tabatières de carton,263,non,out,741295
tabatières de coco,2,non,out,741295
tabatières de composition,2,non,out,741295
tabatières de corne,84,non,out,741295
tabatières de cuir,3,non,out,741295
tabatières de cuivre,1,non,out,741295
tabatières de cuivre jaune,1,non,out,741295
tabatières de fer-blanc,7,non,out,741295
tabatières de forme,1,non,out,741295
tabatières de nacre,1,non,out,741295
tabatières de paille,9,non,out,741295
tabatières de pinsbeck,4,non,out,741295
tabatières de vermeil,1,non,out,741295
tabatières émaillées,5,non,out,741295
tabatières enrichies,5,non,out,741295
tabatières garnies d'or,1,non,out,741295
tabatières incrustées,1,non,,40052
tabatières unies,1,non,out,741295
tabatières vernies,3,non,out,741295
tabernacle,3,non,out,741295
tabernacle de marbre,0,non,out,741295
tabernacle doré,1,non,out,741295
tabernacle en bois d'or,1,non,,40052
table en plomb,64,non,out,741295
tableaux,562,non,out,741295
tableaux à bordures dorées,3,non,out,741295
tableaux à cadres dorés,3,non,out,741295
tableaux à l'huile,1,non,out,741295
tableaux anciens,1,non,out,741295
tableaux avec leurs cadres,2,non,out,741295
tableaux communs,22,non,out,741295
tableaux communs et sur toile,7,non,out,741295
tableaux communs et vieux,1,non,out,741295
tableaux d'optiques,2,non,out,741295
tableaux de famille,4,non,out,741295
tableaux de papier peint,1,non,out,741295
tableaux et thèses,2,non,out,741295
tableaux fins et sur toile,1,non,out,741295
tableaux grossiers,3,non,out,741295
tableaux petits,1,non,,40052
tableaux portraits,1,non,out,741295
tableaux sans bordures,2,non,out,741295
tableaux sans bordures et sur toile,2,non,out,741295
tableaux sur bois,1,non,out,741295
tableaux sur toile,18,non,out,741295
tableaux vieux,4,non,out,741295
tables,5,non,out,741295
tables à café,1,non,out,741295
tables à cannelle,1,non,out,741295
tables à écrire,1,non,out,741295
tables à jouer,7,non,out,741295
tables à thé,7,non,out,741295
tables d'acajou,1,non,out,741295
tables d'ardoises,15,non,out,741295
tables de bois,28,non,out,741295
tables de bois peintes,2,non,out,741295
tables de bois petites,1,non,out,741295
tables de chêne,2,non,out,741295
tables de marbre,181,non,out,741295
tables de marbre avec leurs pieds,1,non,out,741295
tables de marbre et à pieds dorés,2,non,out,741295
tables de marbre ouvré,2,non,out,741295
tables de marbre petites,2,non,out,741295
tables de noyer,2,non,out,741295
tables de nuit,2,non,out,741295
tables de quadrilles,3,non,out,741295
tables de sapin,17,non,out,741295
tables de sapin en forme de commonde,1,non,out,741295
tables de sapin peinte,3,non,out,741295
tables de sapin peintes,12,non,out,741295
tables de sapin vernies,4,non,out,741295
tables de toilette,1,non,out,741295
tables de verre,53,non,out,741295
tables en feuilles,1,non,out,741295
tables en marbre,27,non,out,741295
tables fermées,1,non,out,741295
tables jacinthes,1,non,out,741295
tables peintes,10,non,out,741295
tables vernies,13,non,out,741295
tabletterie,7,non,out,741295
tabletterie et porcelaine,0,non,out,741295
tablettes anisées,1,non,out,741295
tablettes d'ardoise,2,non,out,741295
tablier,4,non,out,741295
tablier brodé,4,non,out,741295
tablier brodé et de taffetas,1,non,out,741295
tablier de peau de chamois,1,non,out,741295
tablier de quadrilles,1,non,out,741295
tablier de soie,1,non,,40052
tablier de taffetas,6,non,out,741295
tablier de toile peinte,3,non,out,741295
tablier peint,2,non,out,741295
tabourets,1,non,out,741295
tabourets d'enfant,1,non,out,741295
tabourets de lit en satin,2,non,,40052
Tabourets de lit en satin brodé,2,oui,,40052
tabourets de lit en satin brodé,2,non,,40052
tacelle de fer,0,non,out,741295
taffetas,244,non,out,741295
taffetas à la bonne femme,2,non,out,741295
taffetas blanc,2,non,out,741295
taffetas bleu,3,non,out,741295
taffetas broché,1,non,out,741295
taffetas chiné,1,non,out,741295
taffetas cirés de soie,1,non,out,741295
taffetas crin,1,non,out,741295
taffetas d'Angleterre,4,non,out,741295
taffetas d'Avignon,2,non,out,741295
taffetas de Florence,2,non,out,741295
taffetas de Léon,2,non,out,741295
taffetas de Lyon,1,non,out,741295
taffetas de Naples,1,non,,40052
taffetas de Pékin,4,non,out,741295
taffetas de soie,35,non,out,741295
taffetas double,1,non,,40052
taffetas foulard,1,non,out,741295
taffetas foulas,7,non,cotton goods,18103
taffetas lustré,2,non,out,741295
taffetas noir,7,non,out,741295
taffetas petit,5,non,out,741295
taffetas rayé,5,non,out,741295
tafia,386,non,out,741295
tafia par Dunkerque et étranger,1,non,out,741295
taillanderie,7,non,out,741295
taille de bois à couvrir,1,oui,out,741295
taille de bois pour couvrir,1,non,,40052
taillole de coton,2,non,cotton goods,18103
taillole de laine,4,non,out,741295
talaris,8,non,out,741295
talc,5,non,out,741295
talc de Venise,2,non,out,741295
talons de bois,37,non,out,741295
talons de bois et forme de bois,1,non,out,741295
talons de cuir,1,non,out,741295
tamarin,333,non,out,741295
tamarin confit dans le sucre,4,non,out,741295
tamarin en gousse,38,non,out,741295
tamarin gousse entière,5,non,out,741295
tamarin gras,1,non,out,741295
tamarindy,2,non,out,741295
tambours,15,non,out,741295
tambours à sucre,5,non,out,741295
tambours d'acier,2,non,out,741295
tambours d'enfant,2,non,out,741295
tambours de cuir,1,non,,40052
tambours de fer,35,non,out,741295
tambours de fer pour moulins à sucre,1,non,out,741295
tambours de fonte,1,non,,40052
tambours de forme,1,non,out,741295
tambours pour moulins à sucre,1,non,out,741295
tamis,58,non,out,741295
tamis à faire et faits,111,non,out,741295
tamis à sucre,2,non,out,741295
tamis à tabac,1,non,out,741295
tamis de crin,4,non,out,741295
tamis de fil de laiton,3,non,out,741295
tamis de laine,1,non,,40052
tamis de soie,1,non,out,741295
tamis de toile de crin,1,non,out,741295
tan,3,non,out,741295
tanabare ???,1,non,out,741295
tanches,2,non,out,741295
tanelles,1,non,out,741295
tanier de laine,1,non,out,741295
tanjebs,7,non,cotton goods,18103
tanquets de terre,1,non,out,741295
tapenade,1,non,,40052
tapetal,0,non,out,741295
tapette,1,non,out,741295
tapette à mouches,1,non,out,741295
tapis,120,non,out,741295
tapis à côtes et à nœuds de laine,2,non,out,741295
tapis à petit point,1,non,out,741295
tapis autres qu'à côtes et à nœuds de laine,1,non,out,741295
tapis brodés,2,non,out,741295
tapis brodés en soie,1,non,out,741295
tapis brodés en surface et de drap,1,non,out,741295
tapis courtepointe,1,non,out,741295
tapis courtepointe de toile peinte,1,non,out,741295
tapis d'Angleterre,3,non,out,741295
tapis d'Aubusson,10,non,out,741295
tapis d'Auvergne,12,non,out,741295
tapis d'indienne,18,non,out,741295
tapis de billard,1,non,out,741295
tapis de chitte,2,non,out,741295
tapis de coton,1,non,cotton goods,18103
tapis de coton et de fil,2,non,cotton goods,18103
tapis de fil et de laine,3,non,out,741295
tapis de Guinée,2,non,out,741295
tapis de laine,117,non,out,741295
tapis de laine à côtes et à nœuds,1,non,out,741295
tapis de laine d'Aubusson,3,non,out,741295
tapis de laine d'Auvergne,1,non,out,741295
tapis de laine simples,4,non,out,741295
tapis de moquette,9,non,out,741295
tapis de palampoux,2,non,out,741295
tapis de Perse,2,non,out,741295
tapis de pieds,4,non,out,741295
tapis de pure laine,3,non,out,741295
tapis de Rouen,1,non,out,741295
tapis de satin,2,non,out,741295
tapis de satin blanc brodé,1,non,out,741295
tapis de satin brodé,8,non,out,741295
tapis de soie,1,non,out,741295
tapis de table,68,non,out,741295
tapis de table pièces,171,non,out,741295
tapis de toile cirée,1,non,out,741295
tapis de toile peinte,14,non,out,741295
tapis de toile rayée,1,non,out,741295
tapis de Turquie,12,non,out,741295
tapis de velours,8,non,out,741295
tapis des Indes,7,non,out,741295
tapis divers,19,non,out,741295
tapis du Caire,3,non,out,741295
tapis du Levant,2,non,out,741295
tapis et courtepointe,1,non,out,741295
tapis et tapisserie,3,non,out,741295
tapis fabrique de Tournai,3,non,out,741295
tapis fil teint,1,non,out,741295
tapis gros point,1,non,out,741295
tapis indienne,1,non,out,741295
tapis peints,7,non,out,741295
tapis peints brodés,1,non,out,741295
tapis vieux de renvoi,1,non,out,741295
tapisserie,201,non,out,741295
tapisserie à l'Aubusson,4,non,out,741295
tapisserie aux aiguilles,3,non,out,741295
tapisserie commune,24,non,out,741295
tapisserie d'Amiens,2,non,out,741295
tapisserie d'Anvers,1,non,out,741295
tapisserie d'Aubusson,112,non,out,741295
tapisserie d'Aubusson en tenture,1,non,,40052
tapisserie d'Aubusson tenture,2,non,out,741295
tapisserie d'Audenarde,17,non,out,741295
tapisserie d'Auvergne,105,non,out,741295
tapisserie d'Auvergne en tentures,1,non,,40052
tapisserie d'Auvergne tentures,1,oui,out,741295
tapisserie d'Elbeuf,13,non,out,741295
tapisserie d'oudenarde,2,non,out,741295
tapisserie d'ouvrage,1,non,out,741295
tapisserie de Bayonne,1,non,out,741295
tapisserie de Beauvais,1,non,out,741295
tapisserie de Bergame,12,non,out,741295
tapisserie de Bruxelles,1,non,out,741295
tapisserie de Bruxelles et autres,5,non,out,741295
tapisserie de coton,1,non,cotton goods,18103
tapisserie de coton imprimé,3,non,cotton goods,18103
tapisserie de coutil,2,non,out,741295
tapisserie de coutil peinte,1,non,out,741295
tapisserie de cuir doré,13,non,out,741295
tapisserie de fil et de laine,3,non,out,741295
tapisserie de fil peint,1,non,out,741295
tapisserie de fil teint,2,non,out,741295
tapisserie de filoselle,1,non,out,741295
tapisserie de Flandre avec argent et or,1,non,out,741295
tapisserie de haut lieu vieille,1,non,out,741295
tapisserie de haute lice,23,non,out,741295
tapisserie de haute lice en tenture,3,non,out,741295
tapisserie de Hongrie,3,non,out,741295
tapisserie de la Marche,1,non,out,741295
tapisserie de laine,8,non,out,741295
tapisserie de laine d'Aubusson,1,non,out,741295
tapisserie de moquette,33,non,out,741295
tapisserie de papier peau,1,non,out,741295
tapisserie de papier peint,1,non,out,741295
tapisserie de point de Hongrie,3,non,out,741295
tapisserie de Rouen,104,non,out,741295
tapisserie de toile cirée,1,non,out,741295
tapisserie de toile peinte,4,non,out,741295
tapisserie de verdure,4,non,out,741295
tapisserie de verdure tentures,1,non,out,741295
tapisserie des Gobelins,21,non,out,741295
tapisserie du Dauphiné,1,non,out,741295
tapisserie en tentures,2,non,,40052
tapisserie fausse et de toile,1,non,out,741295
tapisserie filoselle et laine,1,non,out,741295
tapisserie fine coutil,1,non,out,741295
tapisserie hachée et de laine,2,non,out,741295
tapisserie peinte,15,non,out,741295
tapisserie peinte ??? toile,1,non,out,741295
tapisserie peinte de Hongrie,4,non,out,741295
tapisserie peinte sur coutil,2,non,out,741295
tapisserie peinte sur toile,2,non,out,741295
tapisserie peinte tentures,1,non,out,741295
tapisserie pièce,2,non,out,741295
tapisserie point de Hongrie,3,non,out,741295
tapisserie pour chaises,1,non,out,741295
tapisserie pur ??? coutil,1,non,out,741295
tapisserie simple,2,non,out,741295
tapisserie sur toile,3,non,out,741295
tapisserie tontisse,3,non,out,741295
tapisserie verdure,2,non,out,741295
tapisserie vieille,17,non,out,741295
tapkankanias,1,non,,40052
tapsel,178,non,cotton goods,18103
tapsel des Indes,3,non,cotton goods,18103
tapsel étoffe,1,non,cotton goods,18103
tapsel étroite,1,non,cotton goods,18103
tapsel grand,4,non,cotton goods,18103
tapsel large,1,non,cotton goods,18103
tapsel longue et large,1,non,cotton goods,18103
taques de cheminée,2,non,out,741295
tarnatanes,3,non,cotton goods,18103
tars,1,non,out,741295
tartagogne,1,non,out,741295
tartre,1679,non,out,741295
tartre blanc,9,non,out,741295
tartre brut,3,non,out,741295
tartre de lie de vin désséchée,2,non,out,741295
tartre de lie de vin liquide,1,non,out,741295
tartre de potasse de soude et de potasse,2,oui,out,741295
tartre de potasse de soudes et de potasse,2,non,,40052
tartre de soude et de potasse,1,oui,out,741295
tartre de soudes et de potasse,1,non,,40052
tartre émétique,3,non,out,741295
tartre en grabeau,26,non,,40052
tartre en pierre,1,non,out,741295
tartre en poussière,1,non,out,741295
tartre et lie de vin,22,non,out,741295
tartre et térébenthine,6,non,turpentine,2222
tartre glan,1,non,out,741295
tartre rouge,8,non,out,741295
tartre térébenthine,4,non,turpentine,2222
tartre vitriolé,1,non,vitriol,1211
tase rouge,1,non,out,741295
tasse à café de terre anglaise,1,non,,40052
tasseaux,1,non,out,741295
tasses,4,non,out,741295
tasses de coco,1,non,out,741295
tasses de coraux garnies d'argent,1,non,out,741295
tasses de faïence,2,non,out,741295
tasses de terre blanche,1,non,out,741295
tasses de vermillon,4,non,out,741295
tatie,1,non,out,741295
taulier pour canon,1,non,out,741295
taupine,3,non,out,741295
taupine de coton et de soie,2,non,cotton goods,18103
taureaux,68,non,out,741295
taureaux et vache,6,non,out,741295
tavelle,33,non,out,741295
tavelle de fil et de laine,1,non,out,741295
tavelle de laine,1,non,out,741295
tavelle passement,1,oui,out,741295
tayolles,74,non,out,741295
tayolles de ???,1,non,,40052
tayolles de coton,10,non,cotton goods,18103
tayolles de coton et de fil,1,non,cotton goods,18103
tayolles de coton et de soie,1,non,cotton goods,18103
tayolles de fil,1,non,out,741295
tayolles de laine,12,non,out,741295
tayolles de soie,7,non,out,741295
tegers de cuivre,0,non,out,741295
teinture,289,non,dye other,2652
teinture cerise,2,non,dye other,2652
teinture commune,1,non,dye other,2652
teinture d'herbes,1,non,dye other,2652
teinture jaune,1,non,dye other,2652
teinture pour les filets,1,non,dye other,2652
teinture préparée,1,non,dye other,2652
tejenes de cuivre,1,non,out,741295
télescope,9,non,out,741295
télescope de bois uni,1,non,out,741295
télescope de cuivre poli,1,non,out,741295
temparille,2,non,out,741295
tenaille,3,non,out,741295
tenaille de fer,2,non,out,741295
tenaille grossière,2,non,out,741295
tendeurs pour voile,4,non,out,741295
tenelle d'espars,1,non,out,741295
tenevie,1,non,out,741295
tentes,6,non,out,741295
tentes canonnières,1,non,out,741295
tentes d'officiers vieilles,1,non,,40052
tentes et voile,58,non,out,741295
tentes et voile en rolles ou pièces,6,non,out,741295
tepaye des Indes,1,non,out,741295
tepays,12,non,out,741295
terc,4,non,out,741295
térébenthine,1278,non,turpentine,2222
térébenthine brune,1,non,,40052
térébenthine commune,2,non,turpentine,2222
térébenthine compacte,45,non,turpentine,2222
térébenthine d' ???,1,oui,turpentine,2222
térébenthine de bergamote,1,non,turpentine,2222
térébenthine de Venise,6,non,turpentine,2222
térébenthine en essence et en huile et en pâte,19,non,turpentine,2222
térébenthine en essence et térébenthine en huile et térébenthine en pâte,19,oui,,40052
térébenthine en pâte,20,non,turpentine,2222
térébenthine essence,50,non,turpentine,2222
térébenthine grosse,1,non,turpentine,2222
térébenthine liquide,44,non,turpentine,2222
terendine,5,non,out,741295
terixe,1,non,out,741295
ternilles,1,non,out,741295
terra merita,2,non,out,741295
terraille,519,non,out,741295
terraille blanche,22,non,out,741295
terraille commune,62,non,out,741295
terraille de brin ???,1,non,out,741295
terraille de Gênes,4,non,out,741295
terraille de Gênes noire,2,non,out,741295
terraille de grès,18,non,out,741295
terraille de terre,4,non,out,741295
terraille étrangère,2,non,,40052
terraille grise,1,non,out,741295
terraille grosse,2,oui,out,741295
terraille grossière,5,non,out,741295
terraille minime,1,non,out,741295
terraille noire,14,non,out,741295
terraillon de grès,1,non,out,741295
terraque,1,oui,out,741295
terrasse,1,non,out,741295
terre,81,non,out,741295
terre ?,4,non,out,741295
terre à bâtir,9,non,out,741295
terre à brûler,1,non,out,741295
terre à ciment,20,non,out,741295
terre à cimenter,2,non,out,741295
terre à faïence,24,non,out,741295
terre à faïence commune,1,non,out,741295
terre à fouler,72,non,out,741295
terre à fouler et à potier,16,non,out,741295
terre à foulon,49,non,out,741295
terre à nettoyer,2,non,out,741295
terre à piment,1,non,out,741295
terre à pipes,94,non,out,741295
terre à porcelaine,5,non,out,741295
terre à poterie,1,non,out,741295
terre à potier,180,non,out,741295
terre à pots à sucre,1,non,out,741295
terre à raffiner le sucre,71,non,out,741295
terre à sucre,69,oui,out,741295
terre à teindre,1,non,out,741295
terre blanche,12,non,out,741295
terre ciselée,2,non,out,741295
terre commune,3,non,out,741295
terre d'émeri,3,non,out,741295
terre d'ombre,218,non,out,741295
terre d'ombre de Cologne et de rocou,46,non,out,741295
terre d'ombre et terre pour la peintures,4,non,out,741295
terre d'orfèvre,4,non,out,741295
terre de Bologne,1,non,out,741295
terre de Boulogne,1,non,out,741295
terre de broue,16,non,,40052
terre de ciment,8,non,out,741295
terre de Cologne,42,non,out,741295
terre de corail,2,non,out,741295
terre de creusets,2,non,out,741295
terre de cristal,1,non,out,741295
terre de foulon,4,non,out,741295
terre de graide,1,non,out,741295
terre de grès,10,non,out,741295
terre de Hongrie,1,non,out,741295
terre de marne,7,non,out,741295
terre de marne et argile,7,non,out,741295
terre de marne et engrais,17,non,out,741295
terre de mine,3,non,out,741295
terre de monnaie,1,non,out,741295
terre de mulardeau,4,non,out,741295
terre de myrthe,1,non,out,741295
terre de pipes,28,non,out,741295
terre de plomb,32,non,out,741295
terre de poil,1,non,out,741295
terre de porcelaine,186,non,out,741295
terre de pouzzolane,2,non,out,741295
terre de rocou,5,non,out,741295
terre de Rome,4,non,out,741295
terre de Rouen,4,non,out,741295
terre de satine,2,non,out,741295
terre de Vérone,7,non,out,741295
terre de Vérone verte,1,non,out,741295
terre de verrerie,3,non,out,741295
terre dite souda,88,non,out,741295
terre du Faubourg Saint-Antoine,1,non,out,741295
terre du Limousin,2,non,out,741295
terre glaise,8,non,out,741295
terre grasse,40,non,out,741295
terre houille,187,non,out,741295
terre jaune,36,non,out,741295
terre maganaise,3,non,out,741295
terre maganaize,1,non,out,741295
terre manganèse,14,non,out,741295
terre noire,1,non,out,741295
terre orianne ???,1,non,,40052
terre pour le goudron,1,non,out,741295
terre pour pipes et à potier,49,non,out,741295
terre pour teinture,1,non,out,741295
terre pour verrerie,7,non,out,741295
terre pourrie,3,non,out,741295
terre pouzolanne,8,oui,out,741295
terre pouzzolane,12,non,out,741295
terre rouge,37,non,out,741295
terre sigillée,21,non,out,741295
terre silvestre,1,non,,40052
terre vernie,1,non,out,741295
terre verte,24,non,out,741295
terrementil,0,non,out,741295
terrerie,22,non,out,741295
terrerie blanche,1,non,out,741295
terrerie de grès,2,non,out,741295
terrier de fer,2,non,out,741295
terrine,1,non,out,741295
terrine de grès,1,non,out,741295
têtes à perruques,6,non,out,741295
têtes brodées et de basin,1,non,out,741295
têtes de cabillaud,1,non,out,741295
têtes de carabé,1,non,out,741295
têtes de choux,3,non,out,741295
têtes de clou de girofle,2,non,out,741295
têtes de clous,2,non,out,741295
têtes de cuir,1,non,,40052
têtes de cuir et en poil,20,non,out,741295
têtes de cuivre en poêle,1,non,out,741295
têtes de girofle,8,non,out,741295
têtes de morue,5,non,out,741295
têtes de morue des Indes,1,non,out,741295
têtes de pavot,1,non,out,741295
têtes de pipe,1,non,,40052
thé,2124,non,out,741295
thé ???,2,non,out,741295
the bou,1,non,out,741295
thé bou,71,non,out,741295
thé cambou,15,non,out,741295
thé congo,1,non,,40052
thé de mauvaise qualité,1,non,,40052
thé des entrepôts,0,non,out,741295
thé des Indes,14,non,out,741295
thé du pays,1,oui,,40052
thé en fleurs blanc,1,non,out,741295
thé et porcelaine,1,non,out,741295
thé étranger,1,non,out,741295
thé étranger par Strasbourg,1,non,out,741295
thé filé,1,non,out,741295
thé fin,3,non,,40052
thé haysswen,2,non,out,741295
thé impérial,16,non,out,741295
thé ordinaire,1,non,out,741295
thé par Dunkerque,1,non,out,741295
thé par Pontarlier et Saint-Louis,1,non,out,741295
thé pays,1,non,,40052
thé pékan,7,non,out,741295
thé roux,6,non,out,741295
thé saotchaon,2,non,out,741295
thé saoul,4,non,out,741295
thé souchon,7,non,out,741295
thé tonkay,0,non,out,741295
thé vert,53,non,out,741295
thé vert commun,2,oui,out,741295
thé vert foncé,1,non,,40052
thé vert saoul,9,non,out,741295
théières,3,non,out,741295
théières d'étain,11,non,out,741295
théières de cuivre,5,non,out,741295
théières de fer-blanc,1,non,out,741295
théières de métal,2,non,out,741295
théières de terre noire,1,non,out,741295
theloc,1,non,out,741295
thénique,1,non,,40052
thepays,6,non,out,741295
thériaque,215,non,out,741295
thériaque de Venise,1,non,out,741295
thermomètre,2,non,out,741295
thon,12,non,out,741295
thon à l'huile,3,non,out,741295
thon frais,56,non,out,741295
thon mariné,481,non,out,741295
thon mariné au vinaigre,2,non,out,741295
thon mariné de retour de la foire de Beaucaire,1,non,,40052
thon mariné et salé,9,non,out,741295
thon salé,126,non,out,741295
thon salé et mariné,2,non,,40052
thon sec,1,non,out,741295
thon thonine,24,non,out,741295
thonine,71,non,out,741295
thonine salée,1,non,out,741295
tierçon en jarre,1,non,out,741295
tierçons de bois,2,non,out,741295
tierçons en bottes,1,non,out,741295
tierçons vides,1,non,,40052
tiers à tonneau,1,non,out,741295
tiges de bottes,1,non,out,741295
tigois,1,non,out,741295
tilles à tonnelier,1,non,out,741295
tilleul,3,non,out,741295
timbres,1,non,out,741295
timon,1,non,out,741295
tin canarie,1,non,out,741295
tinettes,2,non,out,741295
tires-bouchons d'acier,1,non,out,741295
tiretaine,14,non,out,741295
tiretaine de laine,2,non,out,741295
tiretaine et miselaine,90,non,out,741295
tiretaine et miselaine aune,1,oui,out,741295
tiretaine grosse de fil,1,non,,40052
tissus de laine,3,non,,40052
tissus de poils,3,non,,40052
tobines,1,non,out,741295
tobines de Hollande,1,non,out,741295
toile,1050,non,out,741295
toile ???,21,non,out,741295
toile ...,0,non,out,741295
toile ..ya,0,non,,40052
toile 3/4,1,non,out,741295
toile a ???,1,non,out,741295
toile à 4 fils,5,non,out,741295
toile à bas,8,non,out,741295
toile à bas prix blanche de lin,5,non,out,741295
toile à bas prix blanche et de coton,6,non,cotton goods,18103
toile à bas prix de chanvre,3,non,out,741295
toile à bas prix de coton et imprimée,11,non,cotton goods,18103
toile à bâts,14,non,out,741295
toile à bluteaux,2,non,out,741295
toile à bouquets de laine de coton,2,non,cotton goods,18103
toile à Bretagne,1,oui,out,741295
toile à camis ???,1,non,,40052
toile à canevas,4,oui,out,741295
toile à carreaux,262,non,out,741295
toile à carreaux de fil et de laine,1,non,out,741295
toile à carreaux de Rouen,2,non,out,741295
toile à carreaux et à matelas,4,non,out,741295
toile à carreaux et de coton,5,non,cotton goods,18103
toile à carreaux et de coutil,56,non,out,741295
toile à carreaux et de lin,11,non,out,741295
toile à carreaux et en pièces de 50 aunes,1,oui,out,741295
toile à carreaux fine et de lin,1,non,out,741295
toile à carreaux grosse et de Lille,1,non,out,741295
toile à carreaux pièces de 50 aunes,1,non,,40052
toile à carreaux pour matelas,8,non,out,741295
toile à cottray,1,non,out,741295
toile à doubler,1,non,out,741295
toile à drap,1,non,out,741295
toile à faire drap de lin,1,non,out,741295
toile à fleurs,4,non,out,741295
toile à halle,1,non,out,741295
toile à image,1,non,out,741295
toile à matelas,74,non,out,741295
toile à matelas et à carreaux,3,non,out,741295
toile à matelot,5,non,out,741295
toile à napon ???,1,non,,40052
toile à nappes,7,non,out,741295
toile à nappes et serviettes,3,non,out,741295
toile à nègre,6,non,out,741295
toile à paillasse,3,non,out,741295
toile à pavillon,4,non,out,741295
toile à peindre,21,non,out,741295
toile à robes,2,non,out,741295
toile à sacquette dite talette,4,non,out,741295
toile à sacs,13,non,out,741295
toile à serpillère,10,oui,out,741295
toile à serviettes,66,non,out,741295
toile à sorties,1,non,out,741295
toile à tamis,117,non,out,741295
toile à tapisser,3,non,out,741295
toile à voile,1562,non,,40052
toile à voile commune,1,non,,40052
toile à voile de 24 aunes,1,non,,40052
toile à voile de fil,1,non,,40052
toile abas,1,non,out,741295
toile abat,33,non,out,741295
toile ajamis,13,non,cotton goods,18103
toile alanea,1,non,out,741295
toile aman,5,oui,,40052
toile amant,3,oui,out,741295
toile anascotes,2,non,out,741295
toile anglaise,1,non,out,741295
toile anglaise des prises,1,non,out,741295
toile Antioche,6,non,out,741295
toile apprêtée de chanvre et de lin écrue de 13 à 20 fils,2,non,out,741295
toile apprêtée de chanvre et de lin écrue de 20 fils et au-dessus,2,non,out,741295
toile apprêtée de chanvre et de lin écrue de 8 à 13 fils,2,non,out,741295
toile apprêtée de chanvre et de lin écrue de moins de 8 fils,2,non,out,741295
toile apprêtée de chanvre et de lin écrue unie,2,non,out,741295
toile apprêtée de chanvre et de lin écrue unie de 13 fils inclusivement à 20 fils exclusivement,1,non,out,741295
toile apprêtée de chanvre et de lin écrue unie de 8 fils inclusivement à 13 fils exclusivement,1,non,out,741295
toile apprêtée de chanvre et de lin écrue unie de moins de 8 fils,1,non,out,741295
toile ardoisée et grise de lin,5,non,out,741295
toile ardoisée et rayée et rayonnée,85,non,out,741295
toile ardoisée et rayonnée,57,non,out,741295
toile ardoisée grise et écrue,3,non,out,741295
toile au lain,1,non,out,741295
toile au lait,7,non,out,741295
toile au lait lin,1,non,out,741295
toile bajas,1,non,out,741295
toile bajouge,1,non,out,741295
toile barrière,2,non,out,741295
toile Barrois,1,non,out,741295
toile bas brin,3,oui,out,741295
toile basin coutil croisée et autre de chanvre et de lin,2,non,out,741295
toile basin coutil croisée et autres,2,non,out,741295
toile basin coutil croisée et autres de chanvre et de lin,3,non,out,741295
toile batiste en carreaux,5,non,,40052
toile batiste et lino,9,oui,,40052
toile batiste et linon,9,oui,,40052
toile beaugrain,8,non,out,741295
toile blancard,124,non,out,741295
toile blancard cirée large,1,non,out,741295
toile blancard de chanvre,1,non,out,741295
toile blancard de lin,8,non,out,741295
toile blancard de Rouen,13,non,out,741295
toile blancard et fleuret,8,non,out,741295
toile blanche,925,non,out,741295
toile blanche à étoupe,1,non,out,741295
toile blanche à imprimer,1,non,out,741295
toile blanche abati,1,non,out,741295
toile blanche aman,2,oui,out,741295
toile blanche bleue et de lin,1,non,out,741295
toile blanche cirée,1,non,out,741295
toile blanche commune,5,non,out,741295
toile blanche d'aman,2,non,,40052
toile blanche damassée de lin pour nappes et serviettes,3,non,out,741295
toile blanche de 13 à 20 fils,2,non,out,741295
toile blanche de 13 fils,2,non,out,741295
toile blanche de 20 aunes,1,non,,40052
toile blanche de 20 fils et au-dessus,2,non,out,741295
toile blanche de chanvre,11,non,out,741295
toile blanche de chanvre 398 lignes,1,non,out,741295
toile blanche de chanvre et de lin,5,non,out,741295
toile blanche de chanvre et de lin de 13 à 20 fils,2,non,out,741295
toile blanche de chanvre et de lin de 20 fils et au-dessus,2,non,out,741295
toile blanche de chanvre et de lin de moins de 13 fils,2,non,out,741295
toile blanche de chanvre et de lin unie,2,non,out,741295
toile blanche de chanvre et de lin unie de 13 fils inclusivement à 20 fil exclusivement,1,non,out,741295
toile blanche de chanvre et de lin unie de 20 fils et au-dessus,1,non,out,741295
toile blanche de chanvre et de lin unie de moins de 13 fils,1,non,out,741295
toile blanche de Cholet,3,non,out,741295
toile blanche de coton,304,non,cotton goods,18103
toile blanche de coton du Levant,1,non,,40052
toile blanche de coton et de ???,1,non,cotton goods,18103
toile blanche de coton et des Indes,6,non,cotton goods,18103
toile blanche de coton et fil,1,non,cotton goods,18103
toile blanche de coton et fine,3,non,cotton goods,18103
toile blanche de coton et nationale,6,non,cotton goods,18103
toile blanche de coton et rayée,1,non,cotton goods,18103
toile blanche de coton pour mouchoirs,8,non,cotton goods,18103
toile blanche de coton saisie,1,non,,40052
toile blanche de fil grosse,1,non,,40052
toile blanche de France,2,non,out,741295
toile blanche de Hollande,2,non,out,741295
toile blanche de la Compagnie,3,non,out,741295
toile blanche de lin,26,non,out,741295
toile blanche de lin ??? à la frontière,0,non,out,741295
toile blanche de lin à 10 sols et en dessus,17,non,out,741295
toile blanche de lin de 12 sols par aune,1,oui,out,741295
toile blanche de lin de 2 sols par aune,1,oui,out,741295
toile blanche de lin de 20 sols par aune,1,oui,out,741295
toile blanche de lin de 30 sols par aune,1,oui,out,741295
toile blanche de lin de 8 sols par aune,1,oui,out,741295
toile blanche de lin en dessous de 10 sols,2,oui,out,741295
toile blanche de lin en dessous de 10 sols par aune,11,non,,40052
toile blanche de lin et haut prix,5,non,out,741295
toile blanche de lin et toile de lin,11,non,out,741295
toile blanche de lin pour nappes et serviettes,6,non,out,741295
toile blanche de ménage,3,non,out,741295
toile blanche de Saint Quentin et Valenciennes,3,non,out,741295
toile blanche de Saint-Quentin,3,non,out,741295
toile blanche demitte,1,non,out,741295
toile blanche en pièces de 20 aunes,1,oui,out,741295
toile blanche escanite,1,non,out,741295
toile blanche et rouge,1,non,out,741295
toile blanche et rousse,54,non,out,741295
toile blanche et rousse guingans,15,non,,40052
toile blanche et teinte,100,non,out,741295
toile blanche étrangère,3,non,out,741295
toile blanche fine,8,non,out,741295
toile blanche fine et de lin,3,non,out,741295
toile blanche guinée,3,non,out,741295
toile blanche large,1,non,out,741295
toile blanche ordinaire,18,non,out,741295
toile blanche ordre,1,non,out,741295
toile blanche peinte,18,non,out,741295
toile blanche pour essuie-mains,5,non,out,741295
toile blanchie,2,non,out,741295
toile bleue,35,non,out,741295
toile bleue de coton,12,non,cotton goods,18103
toile bleue des Indes,1,non,out,741295
toile bleue et rouge,1,non,out,741295
toile bleue peinte,1,oui,out,741295
toile bocadillo,2,non,out,741295
toile boelans,1,non,out,741295
toile bonnets,1,non,out,741295
toile boucassine,21,non,out,741295
toile bougran,112,non,out,741295
toile bougran de chanvre,1,non,,40052
toile bougran gommée,3,non,,40052
toile boulange,1,non,out,741295
toile bourlegambis,6,non,out,741295
toile branle,4,oui,,40052
toile branle imitant celles des Indes,1,oui,,40052
toile brantes des Indes,1,oui,out,741295
toile brauls,4,oui,out,741295
toile brauls des Indes,2,oui,out,741295
toile brauls imitant celles des Indes,1,oui,out,741295
toile brin,2,non,out,741295
toile brin de Dinant,2,non,out,741295
toile brin trois-quart de Combourg,5,non,out,741295
toile brochée,2,non,out,741295
toile brodée,2,non,out,741295
toile brodée en laine et de coton,1,non,cotton goods,18103
toile brodée en soie et de coton,1,non,cotton goods,18103
toile brodée et de coton,5,non,cotton goods,18103
toile bueadille,0,non,out,741295
toile cacanava,2,non,out,741295
toile cachelas des Indes,3,oui,out,741295
toile cadéas,1,non,out,741295
toile caissie,78,non,out,741295
toile caissière,1,non,out,741295
toile calanea,1,non,out,741295
toile calias,1,non,out,741295
toile canevas,154,non,out,741295
toile canevas de chanvre,1,non,,40052
toile canevas de fil,2,non,,40052
toile canevas gommée,3,non,,40052
toile canevas tracé,7,non,,40052
toile carotte,1,non,out,741295
toile carotte double,1,non,out,741295
toile carotte simple,1,non,out,741295
toile carrée,1,non,out,741295
toile casse,1,non,out,741295
toile casselis,4,non,out,741295
toile cassie,2,non,out,741295
toile ce chasse,3,non,out,741295
toile cerda,1,non,out,741295
toile céruse,2,non,out,741295
toile céruse de chanvre,1,non,,40052
toile chapelur,1,non,out,741295
toile chapilas,3,non,out,741295
toile chasselas,225,non,out,741295
toile chebiny,5,non,out,741295
toile chille,1,non,out,741295
toile chitte,3,non,out,741295
toile choilette,1,non,out,741295
toile Cholet,132,oui,out,741295
toile Cholet à carreaux,1,oui,out,741295
toile cholette,11,oui,out,741295
toile cirée,580,non,out,741295
toile cirée commune,1,non,out,741295
toile cirée de 13 à 20 fils,1,non,out,741295
toile cirée de chanvre et de lin de 13 à 20 fils,1,non,out,741295
toile cirée de chanvre et de lin de 20 fils et au-dessus,2,non,out,741295
toile cirée de chanvre et de lin de 8 à 13 fils,1,non,out,741295
toile cirée de chanvre et de lin de moins de 8 fils,2,non,out,741295
toile cirée de chanvre et de lin unie,2,non,out,741295
toile cirée de moins de 8 fils,1,non,out,741295
toile cirée et de crin et gommée,30,non,out,741295
toile cirée et gommée,12,non,out,741295
toile cirée et lustrée,122,non,out,741295
toile cirée et peinte,10,non,out,741295
toile cirée large,8,non,out,741295
toile cirée pour paravent,1,non,out,741295
toile cirée trois-quart,1,non,out,741295
toile cirsaca,7,oui,out,741295
toile claire,1,non,out,741295
toile claire de coton et de fil,2,non,cotton goods,18103
toile cochelis,26,non,out,741295
toile coffres,1,non,out,741295
toile colette,1,non,out,741295
toile commune,315,non,out,741295
toile commune de 25 aunes,1,non,out,741295
toile commune de basin,3,non,cotton goods,18103
toile commune de coton,2,non,cotton goods,18103
toile commune de Dinant,2,non,out,741295
toile commune de Lille,1,non,out,741295
toile commune de lin,41,non,out,741295
toile commune écrue et grosse et de lin,6,non,out,741295
toile commune et fine,4,non,out,741295
toile cordat,42,non,out,741295
toile corne,2,non,,40052
toile corot,169,non,out,741295
toile corot double,2,non,out,741295
toile corot imitant celle des Indes,1,non,out,741295
toile corot simple,1,non,out,741295
toile cotonnade,5,non,cotton goods,18103
toile cotonnade commune,4,non,,40052
toile cotonnade fine,3,non,,40052
toile cotonnade sur fil grossière,1,non,,40052
toile cottray,44,non,out,741295
toile coupis,12,non,out,741295
toile coupis imitant celle des Indes,1,non,out,741295
toile coutil,330,non,out,741295
toile coutil commune,14,non,out,741295
toile coutil croisée,1,non,out,741295
toile coutil de fil,13,non,out,741295
toile coutil de fil et de laine,1,non,out,741295
toile coutil pour lit,1,non,out,741295
toile crée,73,non,out,741295
toile crée de 50 aunes,1,non,,40052
toile crée entrelarge,1,non,out,741295
toile crée gratienne,2,non,out,741295
toile crée large,54,non,out,741295
toile crée large de lin,1,non,out,741295
toile crée margé,1,non,out,741295
toile crée pièces de 50 aunes,1,oui,out,741295
toile crée rayée,2,non,out,741295
toile crée rosconne,3,non,out,741295
toile cretonne,1,non,out,741295
toile crin,2,non,out,741295
toile crise,1,non,out,741295
toile crue,144,non,out,741295
toile crue de 20 aunes,1,non,,40052
toile crue de ménage,3,non,out,741295
toile crue et teinte,2,non,out,741295
toile crue grise et ardoisée,4,non,out,741295
toile crue large,2,non,out,741295
toile crue pièces de 20 aunes,1,oui,out,741295
toile cunbabis,1,non,out,741295
toile custas,3,non,out,741295
toile custas imitant celle des Indes,1,non,out,741295
toile d'abas,1,non,out,741295
toile d'Agen,6,non,out,741295
toile d'Alençon,1,non,out,741295
toile d'Alep,13,non,out,741295
toile d'Allemagne,69,non,out,741295
toile d'Allemagne et toile de Silésie,1,non,out,741295
toile d'aman,166,non,out,741295
toile d'amat,1,oui,out,741295
toile d'Angers,1,non,out,741295
toile d'anne,1,non,out,741295
toile d'antale,27,non,out,741295
toile d'Antioche,146,non,out,741295
toile d'antrain,2,non,out,741295
toile d'Argouges,1,non,out,741295
toile d'Artische,1,non,out,741295
toile d'aune,2,non,out,741295
toile d'Autriche,1,non,out,741295
toile d'auxonne,2,non,out,741295
toile d'azar,13,non,out,741295
toile d'azur,6,non,out,741295
toile d'azur bleue,1,non,out,741295
toile d'ecripe,1,non,out,741295
toile d'emballage,742,non,out,741295
toile d'emballage 2270 lignes,1,non,out,741295
toile d'emballage de lin,1,non,out,741295
toile d'emballage neuve,1,non,out,741295
toile d'emballage vieille,1,non,out,741295
toile d'éponge,1,non,out,741295
toile d'Ernée,1,non,out,741295
toile d'étoupe 7/8,1,non,out,741295
toile d'étoupes,109,non,out,741295
toile d'étoupes 1000 lignes,1,non,out,741295
toile d'étoupes de lin,36,non,out,741295
toile d'eutalogue,1,non,,40052
toile d'Hambrie,1,non,out,741295
toile d'herbes,1,non,out,741295
toile d'Irlande,2,non,out,741295
toile d'Olonne,24,non,out,741295
toile d'Orange,2,non,out,741295
toile damassée,22,non,out,741295
toile damassée de 1 aune,2,non,out,741295
toile damassée de 2 1/2 aunes,2,non,out,741295
toile damassée de 2 aunes,2,non,out,741295
toile damassée de 3 aunes large,2,non,out,741295
toile damassée de Caux,1,non,out,741295
toile de ???,2,non,,40052
toile de ??? lin,1,non,out,741295
toile de 15 aunes de Hollande,8,non,out,741295
toile de 3 aunes de largeur et en dessus,1,non,out,741295
toile de 3 aunes pour nappes,1,non,out,741295
toile de 30 aunes,0,non,out,741295
toile de 30 aunes de Hollande,8,non,out,741295
toile de 36 aunes de Hollande,1,non,out,741295
toile de 4 fils,1,non,out,741295
toile de 7/8,1,non,out,741295
toile de balle,1,non,out,741295
toile de Barbezieux,3,non,out,741295
toile de Barois,1,oui,,40052
toile de Barrois,3,non,out,741295
toile de Barrois et Clinchamp,8,non,out,741295
toile de basin,242,non,cotton goods,18103
toile de basin brodé et de coton et de fil,1,non,cotton goods,18103
toile de basin clair et uni,1,non,cotton goods,18103
toile de basin coton et fil,2,non,cotton goods,18103
toile de basin de coton,4,non,cotton goods,18103
toile de basin de coton commune,5,non,cotton goods,18103
toile de basin de coton et de fil,3,non,cotton goods,18103
toile de basin de coton et de fil et teinte,1,non,cotton goods,18103
toile de basin de Rouen,2,non,cotton goods,18103
toile de basin et de coutil,5,non,cotton goods,18103
toile de basin étranger,4,non,cotton goods,18103
toile de basin fin,4,non,cotton goods,18103
toile de basin gros,6,non,cotton goods,18103
toile de basin national,5,non,cotton goods,18103
toile de basine,1,non,cotton goods,18103
toile de bazouges,1,non,out,741295
toile de Beaufort,2,non,out,741295
toile de Beaujolais,1,non,out,741295
toile de Beauvais,29,non,out,741295
toile de Bernay,1,non,out,741295
toile de Bézier,1,non,out,741295
toile de bleue,1,non,out,741295
toile de Bonbourg,1,non,out,741295
toile de Bretagne,643,non,out,741295
toile de Bretagne ??? brin,1,non,out,741295
toile de Bretagne 3/4,1,non,out,741295
toile de Bretagne 7/8,1,non,out,741295
toile de Bretagne à 4 fils,1,oui,out,741295
toile de Bretagne à carreaux,71,non,out,741295
toile de Bretagne à nègre,1,non,out,741295
toile de Bretagne bas brin,2,oui,out,741295
toile de Bretagne bas brins,13,non,,40052
toile de Bretagne beurrière,1,non,out,741295
toile de Bretagne blancard,1,non,out,741295
toile de Bretagne blanche,36,non,out,741295
toile de Bretagne blanche large,1,non,out,741295
toile de Bretagne cirée,18,non,out,741295
toile de Bretagne cirée large,3,non,out,741295
toile de Bretagne commune,1,non,out,741295
toile de Bretagne cotonnade,1,non,cotton goods,18103
toile de Bretagne cottray,1,non,out,741295
toile de Bretagne crée,39,non,out,741295
toile de Bretagne crée étroite,1,non,out,741295
toile de Bretagne crée large,97,non,out,741295
toile de Bretagne crée large de 40 aunes,1,non,out,741295
toile de Bretagne crue,21,non,out,741295
toile de Bretagne d'aune,5,oui,out,741295
toile de Bretagne d'emballage,4,non,out,741295
toile de Bretagne d'étoupe,1,non,out,741295
toile de Bretagne d'Olonne,45,non,out,741295
toile de Bretagne de ???,1,non,out,741295
toile de Bretagne de ??? fil,6,non,out,741295
toile de Bretagne de 3 aunes,1,non,out,741295
toile de Bretagne de 4 fils,21,non,out,741295
toile de Bretagne de 6 fils,2,non,out,741295
toile de Bretagne de balles,5,non,out,741295
toile de Bretagne de bas brin,6,oui,out,741295
toile de Bretagne de bazot,1,non,out,741295
toile de Bretagne de brin,28,non,out,741295
toile de Bretagne de challe,3,non,out,741295
toile de Bretagne de chanvre,12,non,out,741295
toile de Bretagne de coton,3,non,cotton goods,18103
toile de Bretagne de couleur,16,non,out,741295
toile de Bretagne de couture,1,non,out,741295
toile de Bretagne de fil,2,non,out,741295
toile de Bretagne de halle,9,non,out,741295
toile de Bretagne de haut brin,19,oui,out,741295
toile de Bretagne de ménage,48,non,out,741295
toile de Bretagne de quatre fils,1,oui,out,741295
toile de Bretagne de réforme,1,non,out,741295
toile de Bretagne de rondelette,1,non,out,741295
toile de Bretagne de rosconne,11,non,out,741295
toile de Bretagne de Saint-???,1,oui,out,741295
toile de Bretagne de Savigny,2,non,out,741295
toile de Bretagne de sept huit,1,non,out,741295
toile de Bretagne de serpillère,1,non,out,741295
toile de Bretagne de St. Georges,16,non,out,741295
toile de Bretagne diverse,41,non,out,741295
toile de Bretagne écrue,6,non,out,741295
toile de Bretagne écrue large,1,non,out,741295
toile de Bretagne entre large,48,non,out,741295
toile de Bretagne étroite,215,non,out,741295
toile de Bretagne fine claire,2,non,out,741295
toile de Bretagne fine étroite,2,non,out,741295
toile de Bretagne fine large,2,non,out,741295
toile de Bretagne Fougères,1,non,out,741295
toile de Bretagne gratienne,106,non,out,741295
toile de Bretagne grenade,1,non,out,741295
toile de Bretagne grise,6,non,out,741295
toile de Bretagne gros brin,2,non,out,741295
toile de Bretagne guingans,2,oui,out,741295
toile de Bretagne haut brin,1,oui,out,741295
toile de Bretagne haute louise,1,non,out,741295
toile de Bretagne hauts brins,34,non,,40052
toile de Bretagne hauts brins de Dinan,7,non,,40052
toile de Bretagne jaune,2,non,out,741295
toile de Bretagne lacormen,1,non,out,741295
toile de Bretagne large,190,non,out,741295
toile de Bretagne ouvrée,3,non,out,741295
toile de Bretagne peinte,1,non,out,741295
toile de Bretagne platille,3,non,out,741295
toile de Bretagne pour voile,98,non,out,741295
toile de Bretagne quatre fils,3,oui,out,741295
toile de Bretagne rayée,14,non,out,741295
toile de Bretagne rayée à carreaux,1,non,out,741295
toile de Bretagne reforme,3,non,out,741295
toile de Bretagne rondelette,21,non,out,741295
toile de Bretagne rosconne,95,non,out,741295
toile de Bretagne rouge et bleue,1,non,out,741295
toile de Bretagne rousse,21,non,out,741295
toile de Bretagne royale,2,non,out,741295
toile de Bretagne serpillère,15,non,out,741295
toile de Bretagne verges rayées,2,non,out,741295
toile de Bretagne verges serpillère,2,non,out,741295
toile de Brieu,1,non,out,741295
toile de brin,20,non,out,741295
toile de brin fine,2,non,out,741295
toile de Bruges,6,non,out,741295
toile de caisse,1,non,out,741295
toile de caladaris,1,non,out,741295
toile de Cambrai,200,non,out,741295
toile de Cambrai aune,1,oui,out,741295
toile de Cambrai et de lin,10,non,out,741295
toile de Cambrai et de lin fin,1,non,out,741295
toile de canevas,2,non,out,741295
toile de capiton,1,non,out,741295
toile de carreaux,2,non,out,741295
toile de châles et de lin,1,non,out,741295
toile de challe,4,non,out,741295
toile de chanvre,803,non,out,741295
toile de chanvre ???,0,non,out,741295
toile de chanvre 1400 lignes,1,non,out,741295
toile de chanvre 1500 lignes,1,non,out,741295
toile de chanvre 1700 lignes,1,non,out,741295
toile de chanvre 450 lignes,1,non,out,741295
toile de chanvre à carreaux,2,non,out,741295
toile de chanvre blanche,89,non,out,741295
toile de chanvre blanche écrue,11,non,,40052
toile de chanvre commune et de fil,3,non,out,741295
toile de chanvre coutil,10,non,out,741295
toile de chanvre d'emballage,15,non,out,741295
toile de chanvre d'étoupes,48,non,out,741295
toile de chanvre de ???,0,non,out,741295
toile de chanvre de coutil,15,non,out,741295
toile de chanvre de Halle,2,non,out,741295
toile de chanvre dite coutil,3,non,out,741295
toile de chanvre écrue,22,non,out,741295
toile de chanvre en canevas,1,oui,out,741295
toile de chanvre et de fil d'épreuve,1,non,out,741295
toile de chanvre et de lin,667,non,out,741295
toile de chanvre et de lin apprêtée écrue de 13 à 20 fils,1,non,out,741295
toile de chanvre et de lin apprêtée écrue de 8 à 13 fils,1,non,out,741295
toile de chanvre et de lin apprêtée écrue de fils,1,non,out,741295
toile de chanvre et de lin apprêtée écrue de moins de 8 fils,1,non,out,741295
toile de chanvre et de lin blanches,2,non,out,741295
toile de chanvre et de lin écrue,10,non,,40052
toile de chanvre et de lin écrue pour voile,2,non,out,741295
toile de chanvre et de lin écrues,3,oui,out,741295
toile de chanvre et de lin imprimée de 13 à 20 fils,2,non,out,741295
toile de chanvre et de lin imprimée mi-blanche unie de moins de 8 fils,1,non,out,741295
toile de chanvre et de lin imprimée unie,3,non,out,741295
toile de chanvre et de lin mi-blanche,2,non,out,741295
toile de chanvre et de lin peinte sur enduit pour tapisserie,2,non,out,741295
toile de chanvre et de lin peinte sur enduit unie pour tapisserie,1,non,out,741295
toile de chanvre et de lin pour matelas,2,non,out,741295
toile de chanvre et de lin sans apprêt écrue d'étoupes,1,non,out,741295
toile de chanvre et de lin sans apprêt écrue de 13 à 20 fils,1,non,out,741295
toile de chanvre et de lin sans apprêt écrue de 8 à 13 fils,1,non,out,741295
toile de chanvre et de lin sans apprêt écrue de fils,1,non,out,741295
toile de chanvre et de lin sans apprêt écrue de moins de 8 fils,1,non,out,741295
toile de chanvre et de lin teinte de 13 à 20 fils,2,non,out,741295
toile de chanvre et de lin teinte de 20 fils et au-dessus,1,non,out,741295
toile de chanvre et de lin teinte de 8 à 13 fils,2,non,out,741295
toile de chanvre et de lin teinte de moins de 8 fils,2,non,out,741295
toile de chanvre et de lin unie pour matelas,3,non,out,741295
toile de chanvre et de lin unie teinte,2,non,out,741295
toile de chanvre et de lin unie teinte de 13 fils inclusivement à 20 fils exclusivement,1,non,out,741295
toile de chanvre et de lin unie teinte de 8 fils inclusivement à 13 fils exclusivement,1,non,out,741295
toile de chanvre et de lin unie teinte de moins de 8 fils,1,non,out,741295
toile de chanvre et écrue et de lin,7,oui,out,741295
toile de chanvre étoupes,1,non,out,741295
toile de chanvre étoupes grise,5,non,out,741295
toile de chanvre étoupes grises,3,non,,40052
toile de chanvre étoupes grises aune,1,oui,out,741295
toile de chanvre fine,3,non,out,741295
toile de chanvre grise,7,non,out,741295
toile de chanvre grosse,1,non,out,741295
toile de chanvre ouvrée,2,non,out,741295
toile de chanvre peinte,2,non,out,741295
toile de chanvre pour nègre,1,non,out,741295
toile de chanvre pour voile,73,non,out,741295
toile de chanvre rousse,29,non,out,741295
toile de chanvre teinte,2,non,out,741295
toile de chanvre trillin,1,oui,out,741295
toile de chasse,23,non,out,741295
toile de Château-Gontier,2,non,out,741295
toile de Chauvreau,1,non,out,741295
toile de Cholet,207,non,out,741295
toile de Cholet à carreaux,1,non,,40052
toile de Clisson,1,non,out,741295
toile de Combourg,48,non,out,741295
toile de Comté,6,non,out,741295
toile de corda,1,non,,40052
toile de cordat,2,oui,out,741295
Toile de coton,8,oui,cotton goods,18103
toile de coton,1283,non,cotton goods,18103
toile de coton ???,1,non,cotton goods,18103
toile de coton à bas,1,non,cotton goods,18103
toile de coton à fleurs,13,non,cotton goods,18103
toile de coton à imprimer,12,non,cotton goods,18103
toile de coton ajamis,1,non,cotton goods,18103
toile de coton aman,1,non,cotton goods,18103
toile de coton antoine,1,non,cotton goods,18103
toile de coton basin,39,non,cotton goods,18103
toile de coton bisinette,1,non,cotton goods,18103
toile de coton blanche,4,non,cotton goods,18103
toile de coton blanche de France,7,non,,40052
toile de coton blanche étrangère,10,non,,40052
toile de coton bleu,4,non,cotton goods,18103
toile de coton brochée,2,non,cotton goods,18103
toile de coton cirée de renvoi,1,non,,40052
toile de coton commune,6,non,cotton goods,18103
toile de coton corroyée,1,non,cotton goods,18103
toile de coton d'aman,3,non,,40052
toile de coton d'Angleterre,2,non,cotton goods,18103
toile de coton d'Antioche,1,non,cotton goods,18103
toile de coton de ???,3,non,cotton goods,18103
toile de coton de coton français,4,oui,cotton goods,18103
toile de coton de duvet,1,non,cotton goods,18103
toile de coton de France,2,non,cotton goods,18103
toile de coton de juve,1,non,cotton goods,18103
toile de coton de la Compagnie,1,non,cotton goods,18103
toile de coton de Rouen,4,non,cotton goods,18103
toile de coton demitte,1,non,cotton goods,18103
toile de coton des Indes,99,non,cotton goods,18103
toile de coton des Indes brodée,1,non,cotton goods,18103
toile de coton dite armanie,2,non,cotton goods,18103
toile de coton du Levant,7,non,cotton goods,18103
toile de coton du Piémont,1,non,cotton goods,18103
toile de coton en siamoise,5,non,cotton goods,18103
toile de coton escamitte,1,non,cotton goods,18103
toile de coton et de fil,533,non,cotton goods,18103
toile de coton et de fil à fleurs,14,non,cotton goods,18103
toile de coton et de fil de Cholet à robes,4,non,cotton goods,18103
toile de coton et de fil imprimée,6,non,cotton goods,18103
toile de coton et de fil peinte,2,non,cotton goods,18103
toile de coton et de fil pour mouchoirs,17,non,cotton goods,18103
toile de coton et de fil teinte,6,non,cotton goods,18103
toile de coton et de laine,1,non,cotton goods,18103
toile de coton et de lin,6,non,cotton goods,18103
toile de coton et soie,2,non,cotton goods,18103
toile de coton étranger,1,non,cotton goods,18103
toile de coton étranger et des Indes,1,non,cotton goods,18103
toile de coton étrangère,4,non,cotton goods,18103
toile de coton fine,9,non,cotton goods,18103
toile de coton fine blanche,1,non,,40052
toile de coton forte,1,non,cotton goods,18103
toile de coton français,4,non,,40052
toile de coton haut prix et teinte,4,non,cotton goods,18103
toile de coton imprimée,176,non,cotton goods,18103
toile de coton imprimée aune,1,oui,cotton goods,18103
toile de coton imprimée et à haut prix,8,non,cotton goods,18103
toile de coton imprimée et peigne et peinte,64,non,cotton goods,18103
toile de coton imprimée et peinte,8,non,cotton goods,18103
toile de coton imprimée et teinte,1,non,cotton goods,18103
toile de coton large,1,non,cotton goods,18103
toile de coton mousseline,12,non,cotton goods,18103
toile de coton mousseline de renvoi,1,non,,40052
toile de coton mousseline saisie,1,non,,40052
toile de coton nationale,5,non,cotton goods,18103
toile de coton nationale et peinte,2,non,cotton goods,18103
toile de coton non ???,1,non,cotton goods,18103
toile de coton peinte,104,non,cotton goods,18103
toile de coton peinte de saisie,1,non,,40052
toile de coton peinte et indienne de France,10,non,,40052
toile de coton peinte et indienne étrangère,7,non,,40052
toile de coton persiste,1,non,cotton goods,18103
toile de coton piquée,39,non,cotton goods,18103
toile de coton pointe,1,non,cotton goods,18103
toile de coton pour mouchoirs,9,non,cotton goods,18103
toile de coton pour mouchoirs teinte,4,non,cotton goods,18103
toile de coton pour nègre,1,non,cotton goods,18103
toile de coton quadrillée,1,non,cotton goods,18103
toile de coton rayée,25,non,cotton goods,18103
toile de coton rayée ou unie,2,non,cotton goods,18103
toile de coton Rouen,1,non,cotton goods,18103
toile de coton rousse,2,non,cotton goods,18103
toile de coton saisie,1,non,cotton goods,18103
toile de coton teinte,11,non,cotton goods,18103
toile de coton teinte et bas prix,11,non,cotton goods,18103
toile de coton vieux,1,non,cotton goods,18103
toile de cottray,12,non,cotton goods,18103
toile de couleur,12,non,cotton goods,18103
toile de Courtrai,3,non,out,741295
toile de coutil,53,non,cotton goods,18103
toile de coutil rayée,2,non,cotton goods,18103
toile de crin,285,non,out,741295
toile de crin à tamis,4,non,out,741295
toile de crin cirée,7,non,out,741295
toile de demi large,1,non,out,741295
toile de demi-Hollande,1,non,out,741295
toile de Dinan,6,non,out,741295
toile de Dinant,3,non,out,741295
toile de façon de Hambourg et de Hollande,1,non,out,741295
toile de fil,17,non,out,741295
toile de fil à carreaux,7,non,out,741295
toile de fil blanche,8,non,out,741295
toile de fil commune,3,non,out,741295
toile de fil coutil,4,non,out,741295
toile de fil de ???,1,non,out,741295
toile de fil de coton,28,non,cotton goods,18103
toile de fil de coton siamoise,14,non,cotton goods,18103
toile de fil en coutil,1,non,out,741295
toile de fil et coton,2,non,cotton goods,18103
toile de fil et de laine,3,non,out,741295
toile de fil et de laine de Lille,2,non,out,741295
toile de fil et de soie,1,non,out,741295
toile de fil guingans,8,oui,,40052
toile de fil peinte,2,non,out,741295
toile de fil peinte et teinte,27,non,out,741295
toile de fil teinte,5,non,out,741295
toile de filezie,2,non,out,741295
toile de Flandre,36,non,out,741295
toile de fleuret de Rouen,2,non,out,741295
toile de fleuret et blancard,2,non,out,741295
toile de Fontenoy,1,non,,40052
toile de Fougères,54,non,out,741295
toile de frame,1,oui,out,741295
toile de France,4,non,out,741295
toile de Frise,12,non,out,741295
toile de Galle,1,non,,40052
toile de Gand,1,non,out,741295
toile de Grandville,1,non,out,741295
toile de Grenade,45,non,out,741295
toile de Grenade de lin,5,non,out,741295
toile de Grenoble,3,non,out,741295
toile de gris,1,non,out,741295
toile de guingans,8,oui,,40052
toile de Halle,284,non,,40052
toile de halle,105,oui,out,741295
toile de Hanovre,1,non,out,741295
toile de haut brin,8,oui,out,741295
toile de Hollande,61,non,out,741295
toile de Hollande blanche,2,non,out,741295
toile de Hollande de 15 aunes,4,oui,,40052
toile de Hollande de 30 aunes,4,oui,,40052
toile de Hollande fine,1,non,,40052
toile de Hollande fine de 36 aunes,1,oui,out,741295
toile de Hollande pièces de 15 aunes,1,oui,out,741295
toile de Hollande pièces de 30 aunes,1,oui,out,741295
toile de Killis,49,non,,40052
toile de killis,4,oui,out,741295
toile de l'Inde du commerce étranger,7,non,,40052
toile de l'Inde du commerce français,8,non,,40052
toile de laine,1,non,out,741295
toile de laine dite herbage,1,non,out,741295
toile de laine pour blutoir,2,non,out,741295
toile de laiton,1,non,out,741295
toile de Landerneau,28,non,out,741295
toile de Languenan,62,non,out,741295
toile de Laval,328,non,out,741295
toile de Laval de renvoi,1,non,out,741295
toile de Laval en pierres,1,non,,40052
toile de Léon,49,non,out,741295
toile de Levant,73,non,out,741295
toile de Levant diverse,8,non,out,741295
toile de Lille,2,non,out,741295
toile de Lille à serviettes,2,non,out,741295
toile de lin,719,non,out,741295
toile de lin à ???,0,non,,40052
toile de lin à doubler,2,non,out,741295
toile de lin à matelas,6,non,out,741295
toile de lin à robes,1,non,,40052
toile de lin au lait,14,non,out,741295
toile de lin bas prix et teinte,3,non,out,741295
toile de lin blanche,858,non,out,741295
toile de lin blanche de 12 sols par aune,2,non,,40052
toile de lin blanche de 2 sols par aune,2,non,,40052
toile de lin blanche de 20 sols par aune,3,non,,40052
toile de lin blanche de 30 sols par aune,3,non,,40052
toile de lin blanche de 8 sols par aune,2,non,,40052
toile de lin blanche fine de Lilles et Saint-Quentin,8,non,,40052
toile de lin brochée,4,non,out,741295
toile de lin Cambrai,1,non,out,741295
toile de lin cirée,1,non,out,741295
toile de lin claire,3,non,out,741295
toile de lin claire et gaze,2,non,out,741295
toile de lin coutel,1,non,out,741295
toile de lin coutil,6,non,out,741295
toile de lin crue,3,non,out,741295
toile de lin d'Abbeville,1,non,out,741295
toile de lin d'Alençon,2,non,out,741295
toile de lin d'Amiens,1,non,out,741295
toile de lin d'Anvers,1,non,out,741295
toile de lin d'Arras,1,non,out,741295
toile de lin de 13 aunes,1,non,out,741295
toile de lin de 15 aunes,1,non,out,741295
toile de lin de Beaujolais,1,non,out,741295
toile de lin de Beauvais,92,non,out,741295
toile de lin de Bernay,1,non,out,741295
toile de lin de Cholet,104,non,out,741295
toile de lin de Flandre,15,non,out,741295
toile de lin de Frise,1,non,out,741295
toile de lin de Gand,1,non,out,741295
toile de lin de Hollande,39,non,out,741295
toile de lin de Laval,187,non,out,741295
toile de lin de Lille,8,non,out,741295
toile de lin de linge de tables,2,non,out,741295
toile de lin de linon,6,oui,out,741295
toile de lin de Marigny,2,non,out,741295
toile de lin de ménage,3,non,out,741295
toile de lin de Rouen,171,non,out,741295
toile de lin de Russie,1,non,out,741295
toile de lin de Saint-Quentin,456,non,out,741295
toile de lin de Senlis,1,non,out,741295
toile de lin de Servins,1,non,out,741295
toile de lin de St. Malo,1,non,out,741295
toile de lin de Suisse,1,non,out,741295
toile de lin de Troyes,11,non,out,741295
toile de lin de Valenciennes,120,non,out,741295
toile de lin du pays,2,non,out,741295
toile de lin écrue,4,non,out,741295
toile de lin entre large,1,non,out,741295
toile de lin et de batiste et linon,72,non,out,741295
toile de lin et de chanvre,287,oui,out,741295
toile de lin et mélangée et de couleur,2,oui,out,741295
toile de lin et mêlée et de couleur,2,non,,40052
toile de lin façon de Hollande,2,non,out,741295
toile de lin fil d'épreuve,6,non,out,741295
toile de lin fine à drap,1,non,out,741295
toile de lin fine de ???,0,non,out,741295
toile de lin fine de Hollande,1,non,out,741295
toile de lin fine de Saint-Quentin,7,non,,40052
toile de lin grosse,2,non,out,741295
toile de lin grosse pointe,1,non,out,741295
toile de lin guingans,13,oui,,40052
toile de lin haut prix et teinte,3,non,out,741295
toile de lin imprimée,59,non,out,741295
toile de lin indigo,1,non,out,741295
toile de lin large,2,non,out,741295
toile de lin lingerie,4,non,out,741295
toile de lin linon,24,oui,out,741295
toile de lin linon brodée,1,non,out,741295
toile de lin linon et Cambrai,1,non,out,741295
toile de lin ouvrée,20,non,out,741295
toile de lin peinte,13,non,out,741295
toile de lin pour emballage,1,non,out,741295
toile de lin pour mouchoirs et teinte,2,non,out,741295
toile de lin pour robes et rayée,5,non,out,741295
toile de lin rayée,98,non,out,741295
toile de lin rayée en carreaux,1,non,out,741295
toile de lin rayée et teinte,6,non,out,741295
toile de lin rousse,4,non,out,741295
toile de lin royale,38,non,out,741295
toile de lin teinte,220,non,out,741295
toile de lin toilette,3,non,out,741295
toile de linet,2,non,out,741295
toile de linge de tables,29,non,out,741295
toile de linge de tables et à serviettes,3,non,out,741295
toile de linge vieux,1,non,out,741295
toile de lingerie,1,non,out,741295
toile de linon,8,oui,out,741295
toile de linon de Saint-Quentin,1,oui,out,741295
toile de Lisieux,1,non,out,741295
toile de lisson,0,non,out,741295
toile de Lombourg,3,oui,out,741295
toile de Lyon,3,non,out,741295
toile de Lyon teinte,1,non,out,741295
toile de Marigny,18,non,out,741295
toile de Marigny blanche,2,non,out,741295
toile de Marigny écrue,2,non,out,741295
toile de Mayenne,1,non,out,741295
toile de ménage,161,non,out,741295
toile de millas,1,non,,40052
toile de Moncontour,1,non,out,741295
toile de montagne,15,non,out,741295
toile de Morlaix,161,non,out,741295
toile de Mortagne,148,non,out,741295
toile de Mortagne ???,1,oui,out,741295
toile de Moutier,1,non,out,741295
toile de Moutiers,1,non,out,741295
toile de Noirmoutier,1,non,out,741295
toile de paille,4,non,out,741295
toile de pays,1,non,out,741295
toile de Piémont,19,non,out,741295
toile de plocq,12,non,out,741295
toile de poil de chèvre,1,non,out,741295
toile de Poldavie,38,non,out,741295
toile de Pontigny,1,non,out,741295
toile de Pontivy,36,non,out,741295
toile de Pontorson,2,non,out,741295
toile de Pouldavid,21,non,out,741295
toile de Quintin,25,non,out,741295
toile de réforme,3,non,out,741295
toile de retour,4,non,out,741295
toile de rite,1,non,out,741295
toile de rouanée,1,non,out,741295
toile de Rouen,78,non,out,741295
toile de Russie,4,non,out,741295
toile de Saint-Gail,8,non,out,741295
toile de Saint-Gail ???,1,non,,40052
toile de Saint-Georges,10,non,out,741295
toile de Saint-Jean,6,non,out,741295
toile de Saint-Quentin,3,non,out,741295
toile de Saint-Quentin commune,1,non,out,741295
toile de Saintonge,68,non,out,741295
toile de Saintonge fine,1,non,out,741295
toile de Savigny,2,non,out,741295
toile de senigat,2,non,out,741295
toile de serpillère,3,oui,out,741295
toile de serviette,3,non,out,741295
toile de serviette vieille,1,non,out,741295
toile de Sevigneau,1,non,out,741295
toile de siamoise,3,non,cotton goods,18103
toile de siamoise au sixième de soie,2,non,out,741295
toile de Silésie,37,non,out,741295
toile de soie,5,non,out,741295
toile de Suisse,41,non,out,741295
toile de Surat,1,oui,,40052
toile de Surate,2,non,cotton goods,18103
toile de Suvignan,1,non,out,741295
toile de table,2,non,out,741295
toile de traite,1,non,,40052
toile de treillis,2,non,out,741295
toile de Troyes,12,non,out,741295
toile de Valeby,1,non,,40052
toile de Valenciennes,43,non,out,741295
toile de velours de lin,1,non,,40052
toile de Vigery,1,non,out,741295
toile de ville,1,non,out,741295
toile de Vimoutiers,31,non,out,741295
toile de Vitré,16,non,out,741295
toile de Vitrée,3,non,out,741295
toile de voile,15,oui,out,741295
toile découpée,1,non,out,741295
toile demitte,3,non,out,741295
toile des Flandres,2,non,out,741295
toile des Indes,194,non,out,741295
toile des Indes ???,1,non,out,741295
toile des Indes ??? ??? ??? Indes,1,non,out,741295
toile des Indes commerce français,3,non,out,741295
toile des Indes du commerce étranger,2,non,out,741295
toile des Indes du commerce français,2,non,out,741295
toile des Indes en ??? français,1,non,out,741295
toile des Indes et perles,2,non,out,741295
toile des Indes gastas,1,non,out,741295
toile des Indes guildochées,1,non,,40052
toile des Indes imitant celles des Indes,1,non,out,741295
toile des Indes peinte,10,non,out,741295
toile des Indes peinte de thille,1,non,out,741295
toile des Indes Perse du commerce étranger,1,non,out,741295
toile des prises,1,non,out,741295
toile diverse de l'étranger,10,oui,,40052
toile diverses de chanvre blanche écrue,11,oui,,40052
toile du ???,1,non,,40052
toile du Béarn,10,non,out,741295
toile du Brabant,4,non,out,741295
toile du cerf,1,non,out,741295
toile du commerce de France et des Indes,17,non,out,741295
toile du commerce étranger et des Indes,10,non,out,741295
toile du Levant,1,non,out,741295
toile du Lyonnais,1,non,out,741295
toile du Mans,1,non,out,741295
toile du pays,15,non,out,741295
toile du Piémont,2,non,out,741295
toile dure,12,non,out,741295
toile écrue,69,non,out,741295
toile écrue commune,1,non,out,741295
toile écrue de Languenan,2,non,out,741295
toile écrue de lin,55,non,out,741295
toile écrue et grise de lin,4,non,out,741295
toile écrue et grosse de lin,1,non,out,741295
toile écrue large,1,non,out,741295
toile écrue pour essuie-mains,3,non,out,741295
toile embabis,15,non,out,741295
toile emballée,1,non,out,741295
toile en ???,1,non,out,741295
toile en basin de coton,6,non,cotton goods,18103
toile en basin de coton brodé en soie,1,non,cotton goods,18103
toile en chemises,2,non,out,741295
toile en claire et de lin,1,non,out,741295
toile en fair,2,non,out,741295
toile en rouleau,0,oui,,40052
toile en sacs,9,non,out,741295
toile en serviettes,2,non,out,741295
toile entre large,9,non,out,741295
toile et bonneterie,1,non,out,741295
toile et laine à bouquets de laine,1,non,out,741295
toile et treillis lustrés,32,non,out,741295
toile étoilée,1,non,out,741295
toile étoupes de lin,7,non,out,741295
toile étoupière,5,non,out,741295
toile étrangère,62,non,out,741295
toile étroite,42,non,out,741295
toile étroite de lin,5,non,out,741295
toile étroite et fine,1,non,out,741295
toile façon de Hollande,3,non,out,741295
toile façon de Silésie,1,non,out,741295
toile fil de laine,1,non,out,741295
toile fine,50,non,out,741295
toile fine de Flandre,1,non,out,741295
toile fine de lin,81,non,out,741295
toile fine de lin de Valenciennes,6,non,out,741295
toile fine et large,1,non,out,741295
toile fine rousse,1,non,out,741295
toile forte,1,non,,40052
toile française,4,non,out,741295
toile futaine,3,non,cotton goods,18103
toile galcienne de lin,1,non,out,741295
toile glacée,6,non,out,741295
toile gommée,5,non,out,741295
toile gommée bougron,3,oui,out,741295
toile gommée et de lin,1,non,out,741295
toile gommée et treillis,3,non,out,741295
toile grasse,8,non,out,741295
toile gratienne,26,non,out,741295
toile gratienne rayée,2,non,out,741295
toile grise,107,non,out,741295
toile grise de fil,1,non,,40052
toile grise de laine,1,non,out,741295
toile grise de lin,257,non,out,741295
toile grise de lin à 10 sols et en dessous,1,oui,out,741295
toile grise de lin à 10 sols et en dessus,2,oui,out,741295
toile grise de lin à 30 sols l'aune,1,oui,out,741295
toile grise de lin à bas prix,3,non,out,741295
toile grise de lin de 30 sols l'aune,2,non,,40052
toile grise de lin en dessous de 10 sols l'aune,24,non,out,741295
toile grise de lin en dessous de 20 sols l'aune,2,non,out,741295
toile grise non battue,1,non,out,741295
toile gros brin,2,non,out,741295
toile gros fort,33,non,out,741295
toile grosse,222,non,out,741295
toile grosse ???,0,non,out,741295
toile grosse blanche,1,non,out,741295
toile grosse commune,1,non,out,741295
toile grosse de 50 aunes,1,non,,40052
toile grosse de lin,37,non,out,741295
toile grosse de lin de Saint-Quentin,1,non,out,741295
toile grosse de lin et pour nègre,4,non,out,741295
toile grosse en faces,12,non,out,741295
toile grosse et commune,3,non,,40052
toile grosse et sommiers,6,non,out,741295
toile grosse garnie ??? pour prélat,1,non,out,741295
toile grossière,1,oui,,40052
toile grossière en pièce de 50 aunes,1,oui,out,741295
toile guingans,644,non,,40052
toile guingans blanc,1,non,,40052
toile guingans bleu,1,non,,40052
toile guingans de Bengale,2,non,,40052
toile guingans de fil,17,oui,,40052
toile guingans de fil de coton,1,oui,,40052
toile guingans de Grenade,2,non,,40052
toile guingans de Lille et Rouen,9,non,,40052
toile guingans de lin,6,non,,40052
toile guingans de Madras,24,non,,40052
toile guingans de Masulipatan,1,non,,40052
toile guingans de Pondichéry,26,non,,40052
toile guingans de Pondichéry et de Madras,1,non,,40052
toile guingans de Rouen,3,non,,40052
toile guingans des Indes,2,non,,40052
toile guingans des indes,2,oui,,40052
toile guingans des prises,1,non,,40052
toile guingans du Bengale,8,non,,40052
toile guingans nationale,5,non,,40052
toile hamacs,7,non,,40052
toile hamacs imitant celles des Indes,1,non,,40052
toile haut brin,4,oui,out,741295
toile haut brin de Dinant,3,oui,out,741295
toile hivre,1,non,out,741295
toile hollande,1,non,out,741295
toile Hollande de Paris,2,non,out,741295
toile hollandille,2,non,out,741295
toile hollandille de Paris,4,non,out,741295
toile humaine,3,non,out,741295
toile imitant celle des Indes,2,non,out,741295
toile imitant celle des Indes et de Rouen,6,non,out,741295
toile imitant celle des Indes et nationale,1,non,out,741295
toile imprimée,13,non,out,741295
toile imprimée et de fil et peinte et teinte,4,non,out,741295
toile imprimée et de lin et nationale et peinte,4,non,out,741295
toile imprimée et de lin et peinte,6,non,out,741295
toile imprimée ou peinte,3,non,out,741295
toile imprimée pour tableau,2,non,,40052
toile imprimée pour tableaux,1,non,out,741295
toile indienne,9,non,cotton goods,18103
toile indienne fine,2,non,cotton goods,18103
toile indienne française,5,non,cotton goods,18103
toile indienne grosse,1,non,cotton goods,18103
toile indienne nationale,5,non,cotton goods,18103
toile judieau,3,oui,out,741295
toile kettroy,1,non,out,741295
toile killis,40,oui,out,741295
toile kircochaye,2,non,out,741295
toile lagias,3,non,out,741295
toile laistoufaire,1,non,out,741295
toile Languenan,12,non,out,741295
toile large,38,non,out,741295
toile large de lin,2,oui,out,741295
toile lavée,3,non,out,741295
toile leriote,1,non,,40052
toile lesat,1,non,out,741295
toile linon,94,non,out,741295
toile linon de renvoi,2,non,,40052
toile linon de Saint-Quentin,1,non,,40052
toile livée,1,non,,40052
toile lizat,3,non,out,741295
toile lustrée,12,non,out,741295
toile manche,1,non,out,741295
toile manouf,158,non,out,741295
toile mêlée,7,non,out,741295
toile mêlée de coton et de fil,1,non,cotton goods,18103
toile mêlée ganak,2,non,out,741295
toile mesdin,8,non,out,741295
toile mi-blanche de moins de 8 fils,1,non,out,741295
toile miennel,1,non,out,741295
toile montagne,15,oui,out,741295
toile Morlaix,5,oui,out,741295
toile Mortagne,4,oui,out,741295
toile mouchoirs,4,non,out,741295
toile nationale,5,non,out,741295
toile navale,16,non,out,741295
toile neganepeau et imitant celle des Indes,1,oui,out,741295
toile noire,1,non,out,741295
toile non battue,29,non,out,741295
toile ordre et rousse,1,non,out,741295
toile organdi,1,non,out,741295
toile ouvragée de chanvre et de lin pour linge de table,3,non,out,741295
toile ouvrée chaussettes,2,non,out,741295
toile ouvrée chemises,4,non,out,741295
toile ouvrée nappes,2,non,out,741295
toile ouvrée nappes et serviettes,2,non,out,741295
toile ouvrée serviettes,2,non,out,741295
toile palmite,2,non,out,741295
toile pécate,1,non,out,741295
toile peignée,1,non,out,741295
toile peinte,992,non,out,741295
toile peinte commune,3,non,,40052
toile peinte de Hollande,1,non,out,741295
toile peinte de saisie,1,non,,40052
toile peinte en camaïeu,1,non,out,741295
toile peinte et siamoise,1,non,out,741295
toile peinte et teinte,6,non,out,741295
toile peinte française,1,non,out,741295
toile peinte imprimée,1,non,out,741295
toile peinte indienne,6,non,out,741295
toile peinte peinte,1,non,,40052
toile peinte pour paravent,1,non,out,741295
toile peinte sur enduit pour tapisserie,2,non,out,741295
toile peintes guingans,2,non,,40052
toile petite,5,non,out,741295
toile photas,12,non,out,741295
toile photas imitant celle des Indes,1,non,out,741295
toile pièces étroites,2,non,out,741295
toile pièces larges,2,non,out,741295
toile pignée,3,non,out,741295
toile pignole,2,non,out,741295
toile piquée,89,non,out,741295
toile piquée de Marseille,3,non,out,741295
toile piqûre de Marseille,1,non,out,741295
toile platier de Guinée,1,non,out,741295
toile point,0,non,out,741295
toile Poldavie,2,non,out,741295
toile polonaise,16,non,out,741295
toile Pontivy,1,non,out,741295
toile popote,2,non,,40052
toile poupoulis,2,non,out,741295
toile pour ameublement,30,non,out,741295
toile pour ameublement cirée,28,non,out,741295
toile pour ameublement teinte,30,non,out,741295
toile pour chapeaux,1,non,,40052
toile pour chemise à nègre,1,non,out,741295
toile pour coiffes de chapeaux de lin et teinte,4,non,out,741295
toile pour cribles,1,non,out,741295
toile pour doublure,1,non,out,741295
toile pour emballage,9,non,out,741295
toile pour emballage grise de lin,2,non,out,741295
toile pour essuie-mains,8,non,out,741295
toile pour essuie-mains grise de lin,2,non,out,741295
toile pour faire chemise à nègre,1,non,out,741295
toile pour faire linge,1,non,out,741295
toile pour la Hollande,1,non,out,741295
toile pour matelas,18,non,out,741295
toile pour mouchoirs,15,non,out,741295
toile pour mouchoirs rayée,17,non,out,741295
Toile pour nappes,1,oui,,40052
toile pour nappes,4,non,out,741295
toile pour nappes et serviettes,212,non,out,741295
toile pour serviettes,13,non,out,741295
toile pour tabac,6,non,out,741295
toile pour talliet,2,non,out,741295
toile pour tente,1,non,out,741295
toile pour voile,1507,oui,out,741295
toile pour voile commune,1,oui,out,741295
toile pour voile de 24 aunes,1,oui,out,741295
toile pour voile étrangère,1,oui,out,741295
toile presitte,1,non,out,741295
toile pressée,2,non,out,741295
toile preville,1,non,out,741295
toile prohibée,1,non,out,741295
toile quatre fils,1,non,out,741295
toile quilly,1,non,out,741295
toile ralette de Hambourg,1,non,out,741295
toile ramoise,14,non,out,741295
toile rayée,56,non,out,741295
toile rayée coton et soie,1,non,cotton goods,18103
toile rayée de couleur,2,non,out,741295
toile réforme,1,non,out,741295
toile reploc,1,non,out,741295
toile romals,14,oui,out,741295
toile rondelette,4,non,out,741295
toile rondelle,1,non,out,741295
toile rosconne,49,non,out,741295
toile rouge,5,non,out,741295
toile rousse,53,non,out,741295
toile rousse de fil,1,non,,40052
toile royale,151,non,out,741295
toile royalle,1,oui,out,741295
toile sacs à boîtes,1,non,out,741295
toile Saint-Gal ???,1,oui,,40052
toile salemporis,3,non,out,741295
toile salemporis bleue,1,non,out,741295
toile sanas lustrée,1,non,out,741295
toile sangalette,16,non,out,741295
toile sans apprêt,2,non,out,741295
toile sans apprêt de chanvre et de lin écrue de 13 à 20 fils,2,non,out,741295
toile sans apprêt de chanvre et de lin écrue de 20 fils et au-dessus,2,non,out,741295
toile sans apprêt de chanvre et de lin écrue de 8 à 13 fils,2,non,out,741295
toile sans apprêt de chanvre et de lin écrue de moins de 8 fils,2,non,out,741295
toile sans apprêt de chanvre et de lin écrue unie,2,non,out,741295
toile sans apprêt de chanvre et de lin écrue unie de 13 fils inclusivement à 20 fils exclusivement,1,non,out,741295
toile sans apprêt de chanvre et de lin écrue unie de 20 fils et au-dessus,1,non,out,741295
toile sans apprêt de chanvre et de lin écrue unie de 8 fils inclusivement à 13 fils exclusivement,1,non,out,741295
toile sans apprêt de chanvre et de lin écrue unie de moins de 8 fils,1,non,out,741295
toile sans apprêt écrue de 13 à 20 fils,1,non,out,741295
toile sans apprêt écrue de 20 fils et au-dessus,1,non,out,741295
toile sans apprêt écrue de 8 à 13 fils inclus,1,non,out,741295
toile sans apprêt écrue de moins de 8 fils,1,non,out,741295
toile sempiterne,1,non,out,741295
toile serpillère,114,non,out,741295
toile serpillère commune,1,non,out,741295
toile serpillère de chanvre,1,non,,40052
toile serviettes,3,non,out,741295
toile siamoise,1,non,out,741295
toile sigillée,1,non,out,741295
toile sirsacas,4,oui,out,741295
toile sistresaye,1,non,out,741295
toile socreton,1,non,out,741295
toile socreton bleue,1,non,out,741295
toile solonaise,2,non,out,741295
toile Suisse,1,non,out,741295
toile tapsel,15,non,out,741295
toile tapsel imitant celle des Indes,1,non,out,741295
toile tarnatanes,1,non,out,741295
toile teinte,97,non,out,741295
toile teinte de 13 à 20 fils,2,non,out,741295
toile teinte de 20 fils et au-dessus,3,non,,40052
toile teinte de 8 à 13 fils,2,non,out,741295
toile teinte de moins de 8 fils,2,non,out,741295
toile tellier,1,non,,40052
toile tissée,1,non,out,741295
toile tissée très fin,75,non,out,741295
toile treillis,129,non,out,741295
toile treillis bougrans et canevas,180,non,,40052
toile treillis d'Allemagne,3,non,,40052
toile treillis de chanvre,2,non,,40052
toile treillis gommé,4,non,,40052
toile treillis gommée,1,non,,40052
toile treillis non lustré,7,non,,40052
toile treillis peint,1,non,,40052
toile vernante,13,non,out,741295
toile vernie,1,non,out,741295
toile verte ???,1,non,,40052
toile vide,1,non,,40052
toile Vimoutiers,3,non,out,741295
toile Vitré,2,non,out,741295
toiles à voile,10,oui,,40052
toiles de retour,1,oui,,40052
toilettes,8,non,out,741295
toilettes blanches de lin,149,non,out,741295
toilettes brodées de soie,1,non,out,741295
toilettes d'acajou,1,non,out,741295
toilettes de bois,1,non,out,741295
toilettes de bois de Chine,1,non,out,741295
toilettes de bois verni,1,non,out,741295
toilettes de lit en satin,2,non,,40052
Toilettes de lit en satin brodé,2,oui,,40052
toilettes de lit en satin brodé,2,non,,40052
toilettes de Valenciennes,2,non,out,741295
toilettes façon Chine,1,non,out,741295
toilettes grises de lin,70,non,out,741295
toilettes pour femme,20,non,out,741295
toilettes vernie de Chine,1,non,out,741295
tôle,2,non,out,741295
tôle de fer,614,non,out,741295
tôle de fer laminé ou platiné,2,non,out,741295
tôle de fer noir,1,non,,40052
tôle de fer noir laminé ou platiné,6,non,out,741295
tôle de fer simple,2,non,out,741295
tôle de fer-blanc,96,non,out,741295
tôle de fonte,1,non,,40052
tôle double de fer,2,non,out,741295
tôle en platines vernies,1,non,out,741295
tombas,1,non,out,741295
tombe de marbre,1,non,out,741295
tombeaux,4,non,out,741295
tombeaux de marbre,2,non,out,741295
tombereaux,18,non,out,741295
tombereaux et voitures,3,non,out,741295
tondelle,1,non,out,741295
tondures de drap,4,non,out,741295
tonge,1,non,,40052
tonneaux,8,non,out,741295
tonneaux à l'eau cerclés de fer,2,non,out,741295
tonneaux cercles de bois,17,non,out,741295
tonneaux cercles de fer,8,non,out,741295
tonneaux cerclés de fer,7,non,out,741295
tonneaux cuvelles et futailles,139,non,out,741295
tonneaux neufs,1,non,out,741295
tonneaux vides,22,non,out,741295
tonneaux vieux,1,non,out,741295
topazes bruts,1,non,out,741295
topazes taillés,2,non,out,741295
toques,2,non,out,741295
tortue,6,non,out,741295
tortue marinée et salée,1,non,out,741295
tortues vivantes et volailles,6,non,out,741295
total,0,non,,40052
touques de grès,4,non,out,741295
touques petites,1,non,out,741295
tourbe,125,non,out,741295
toures,1,non,out,741295
tournebres,1,non,out,741295
tournebroche,19,non,out,741295
tournes-viandes,1,non,out,741295
tournesol,299,non,out,741295
tournesol apprêté,2,non,out,741295
tournesol en drapeau,8,non,out,741295
tournesol en herbes,2,non,out,741295
tournesol en pain,13,non,out,741295
tournesol et d'acmail,1,non,out,741295
tourons,41,non,out,741295
tourons d'Espagne,2,non,out,741295
tours,1,non,out,741295
tours à barriques,1,oui,out,741295
tours à filer,15,non,out,741295
tours à filer de bois,1,non,out,741295
tours à guillocher,1,non,out,741295
tours à tonneliers et leurs cordes,1,non,,40052
tours de col,2,non,out,741295
tours de lit de bourre,10,non,out,741295
tours de pin,1,non,out,741295
tours pour barriques,1,non,,40052
tours pour tourneur,3,non,out,741295
tourteaux de graine oléagineuse,6,oui,,40052
tourteaux de graines grasses,4,oui,out,741295
tourteaux de graines oléagineuses,3,oui,out,741295
tourteaux de navette et de lin pour engrais,1,non,,40052
toutenague,2,non,out,741295
toutenague ou zinc,1,non,,40052
trafiquer,123,non,,40052
train de cabriolet,1,non,out,741295
train de carrosses,2,non,out,741295
trait d'argent et d'or,2,non,out,741295
trait d'or,3,non,out,741295
tramail,4,non,out,741295
traques de cuir,1,non,out,741295
traverses,1,non,out,741295
travettes,1,non,out,741295
travettes de bois,1,non,out,741295
travons,8,non,out,741295
travons de sapin,7,non,out,741295
travout,1,non,out,741295
trèfle,1,non,out,741295
treillis,95,oui,out,741295
treillis bougrand et canevas,4,oui,out,741295
treillis d'Allemagne,1,oui,out,741295
treillis gommé,5,oui,out,741295
treillis non lustré,1,oui,out,741295
treillis peint,1,oui,out,741295
tremille,1,non,out,741295
trenelle,12,non,out,741295
trenelle d'Espagne,2,non,out,741295
trenelle d'espars,51,non,out,741295
trenelle de jonc,2,non,out,741295
trépan,1,non,out,741295
trépan de marbre,1,non,out,741295
trépieds,1,non,out,741295
trépieds de fer,1,non,out,741295
tresse d'argent,2,non,out,741295
tresse d'argent et d'or,9,non,out,741295
tresse d'or,5,non,out,741295
tresse de fil,4,non,out,741295
tresse de fleures,1,non,out,741295
tresse de fleuret,6,non,out,741295
tresse de jonc,1,non,out,741295
tresse de laine,3,non,out,741295
tresse de laine 30 lignes,1,non,out,741295
tresse de lin,1,non,out,741295
tresse de soie,15,non,out,741295
tréteaux de chêne de 6 pouces,7,non,out,741295
tricots,4,non,out,741295
tricots chinés,1,oui,,40052
tricots chinés 6 aunes,1,non,,40052
tricots chinés de 6 aunes,1,oui,out,741295
tricots de coton,2,non,cotton goods,18103
tricots de coton et tricots de fil,1,non,cotton goods,18103
tricots de fil,2,non,out,741295
tricots de laine,5,non,out,741295
tricots de laine en bonneterie,2,non,out,741295
tricots de soie,4,non,out,741295
trictrac,4,non,out,741295
triomphante,2,non,out,741295
tripe,6,non,out,741295
tripe d'huîtres,1,non,out,741295
tripe de bœuf salé,1,non,out,741295
tripe de fil et de laine,1,non,out,741295
tripe de laine,2,non,out,741295
tripe de laine et de fil,1,non,out,741295
tripe de Lannoy,1,non,out,741295
tripe de morue,1,non,out,741295
tripe de velours,104,non,out,741295
tripe mêlée de soie et tripe de velours,56,non,out,741295
tripe sur soie,4,non,out,741295
tripes marinées et salées,1,non,out,741295
tripes salées,1,non,out,741295
tripoli,17,non,out,741295
trompes,1,non,out,741295
trompes de fer,2,non,out,741295
trompettes,3,non,out,741295
trompettes de cuivre,4,non,out,741295
trompettes de fer,1,non,out,741295
trot de vin,2,non,out,741295
troupes,5,non,,40052
trousse de fleures,1,non,out,741295
truelles,3,non,out,741295
truelles de fer,2,non,out,741295
truelles de maçon,1,non,,40052
truffe noire,1,non,out,741295
truffes,329,non,out,741295
truffes ??? et culs d'artichauts,1,non,out,741295
truffes à l'huile,2,non,out,741295
truffes culs d'artichauts et autres secs,3,non,out,741295
truffes de fer,2,non,out,741295
truffes de fonte de fer,3,non,out,741295
truffes fraîches,10,non,out,741295
truffes fraîches et marinées,2,non,out,741295
truffes marinées,6,non,out,741295
truffes noires,5,non,out,741295
truffes sèches,63,non,out,741295
truffes vertes,1,non,out,741295
truites,17,non,out,741295
truites séchées,1,non,out,741295
trully,2,non,out,741295
trumeaux de glace,1,non,out,741295
tuffeaux,49,non,out,741295
tuffeaux doubles,1,non,out,741295
tuffeaux simples,3,non,out,741295
tuiles,328,non,out,741295
tuiles courbées,123,non,out,741295
tuiles courbées de terre cuite,1,non,out,741295
tuiles de couverture,2,non,out,741295
tuiles de terre,8,non,out,741295
tuiles de terre cuite,23,non,out,741295
tuiles en lest,1,non,,40052
tuiles plates,97,non,out,741295
tuiles plates de terre cuite,1,non,out,741295
tulle,2,non,out,741295
tulle de chanvre et de lin,4,non,out,741295
tulle de soie,4,non,out,741295
turban,1,non,out,741295
turban de soie,7,non,out,741295
turbit,51,non,out,741295
turbot,85,non,out,741295
turbot salé,2,non,out,741295
turlutaines,2,non,out,741295
turlutaines et turquoise,3,non,out,741295
turquoise,1,non,out,741295
turquoise des prises,1,non,out,741295
tussaux,1,non,out,741295
tutie,35,oui,out,741295
tutilly,3,non,out,741295
tuttie,1,oui,out,741295
tuyaux,1,non,out,741295
tuyaux d'orgue,4,non,out,741295
tuyaux de cuir pour les pompes,1,non,out,741295
tuyaux de fer,1,non,out,741295
tuyaux de fer à vernir,1,non,out,741295
tuyaux de fer de fonte,1,oui,out,741295
tuyaux de fonte,2,non,out,741295
tuyaux de grenade,2,non,out,741295
tuyaux de pipes,2,non,out,741295
tuyaux de plomb,5,non,out,741295
tuyaux en fer,5,non,out,741295
tympanon,1,non,out,741295
urnes de terre,1,non,out,741295
ustensiles d'imprimerie,1,non,out,741295
ustensiles de marine,2,non,out,741295
ustensiles de pêche,2,non,,40052
ustensiles de pêcheur,2,oui,out,741295
ustensiles militaires,1,non,out,741295
vache,659,non,out,741295
vache en vie,20,non,out,741295
vache et veaux,1,non,out,741295
vache grasse et en chair,2,non,out,741295
vache maigre,2,non,out,741295
vache tuée,1,non,out,741295
vache vivante,1,non,,40052
vacquette,32,non,out,741295
vague ???,1,non,,40052
vairon,1,non,out,741295
vaisseaux montés,9,non,out,741295
vaisselle,5,non,out,741295
vaisselle bijoux et meubles,81,non,,40052
vaisselle d'Allemagne d'argent,1,non,out,741295
vaisselle d'argent,333,non,out,741295
vaisselle d'étain,4,non,out,741295
vaisselle d'or,4,non,out,741295
vaisselle d'orfèvrerie,2,non,out,741295
vaisselle de Biarritz,1,non,out,741295
vaisselle de bois,8,non,out,741295
vaisselle de bois verni,1,non,out,741295
vaisselle de faïence,71,non,out,741295
vaisselle de métal,1,non,out,741295
vaisselle de terre,15,non,out,741295
vaisselle de verre pour desserts,113,non,out,741295
vaisselle plate,1,non,out,741295
valeurs de diverses marchandises entrées en franchise de droits à charge de réexportation pour le commerce colonial,9,non,out,741295
valises,1,non,out,741295
valises petites,1,non,out,741295
vallonea,1,oui,out,741295
valtones,1,non,out,741295
valvorette de coton,1,non,cotton goods,18103
vandes,1,non,out,741295
vanille,315,non,out,741295
vanille botte,6,oui,out,741295
vanille en bottes,6,non,,40052
vannerie,16,non,out,741295
vannerie 9050 lignes,0,non,out,741295
vannerie brute,1,non,out,741295
vannerie brute d'espèce,3,non,out,741295
vannerie coupée,1,non,out,741295
vannerie coupée d'espèce,2,non,out,741295
vannerie d'espèce,1,non,out,741295
vannerie d'espèce pelée,3,non,out,741295
vannerie d'osier,11,non,out,741295
vannerie pelée,1,non,out,741295
vannes de coton blanches,1,non,cotton goods,18103
vans à vanner,200,non,out,741295
vans à vanner de bois,1,non,out,741295
vans et verges d'osier,1,non,out,741295
varech,2,non,,40052
vareuse de toile,1,non,out,741295
varlopes,1,non,out,741295
vas du Rhin,0,non,out,741295
vases,4,non,out,741295
vases d'église d'orfèvrerie,1,non,out,741295
vases de brique,1,non,out,741295
vases de faïence,4,non,out,741295
vases de jardin de faïence,1,non,out,741295
vases de pierre,3,non,out,741295
vases de plâtre,2,non,out,741295
vases de terre,3,non,out,741295
vaté,1,non,out,741295
vatons,3,non,out,741295
vaudes,139,non,out,741295
vaudes bottes,0,non,out,741295
veaux,331,non,out,741295
veaux de lait,11,non,out,741295
veaux en vie,6,non,out,741295
veaux gras,3,non,out,741295
veaux maigres,1,non,out,741295
veaux petits,1,non,out,741295
veaux pour ???,1,non,out,741295
védasse,162,non,out,741295
végétal,3,non,out,741295
veiles,2,non,out,741295
velbar,1,non,out,741295
velours,425,non,out,741295
velours à ramage,1,non,out,741295
velours avec argent,1,non,out,741295
velours bleu,2,non,out,741295
velours ciselé à fond d'or,1,non,out,741295
velours commun,9,non,out,741295
velours cramoisi,12,non,out,741295
velours d'Utrecht,8,non,out,741295
velours de Chine,2,non,out,741295
velours de coton,582,non,cotton goods,18103
velours de coton aune,1,oui,cotton goods,18103
velours de coton et de fil,1,non,cotton goods,18103
velours de coton et de laine,1,non,,40052
velours de coton imprimé,1,non,cotton goods,18103
velours de fil et de poil,2,non,out,741295
velours de Gênes,5,non,out,741295
velours de Gênes noir,1,non,out,741295
velours de gueux,19,non,cotton goods,18103
velours de laine,2,non,out,741295
velours de poil d'Utrecht,1,non,out,741295
velours de soie,34,non,out,741295
velours de soie aune,1,oui,out,741295
velours de soie de 30 aunes,1,non,,40052
velours de soie pièces de 30 aunes,1,oui,out,741295
velours de Valence,1,non,,40052
velours gueuse,1,non,out,741295
velours noir,8,non,out,741295
velours noir plein,1,non,,40052
velours ordinaire,4,oui,out,741295
velours uni,1,non,out,741295
velverette de coton,2,non,cotton goods,18103
vendange,3,non,out,741295
vénitienne,2,non,out,741295
ver ???,1,non,out,741295
verdasse,1,non,out,741295
verdes,65,oui,out,741295
verdet,2159,non,out,741295
verdet ???,1,non,,40052
verdet cristallisé,6,non,out,741295
verdet cristallisé et non cristallisé,2,non,out,741295
verdet non cristallisé,4,non,out,741295
verdet non cristallisé sec,3,non,out,741295
verdol,1,non,,40052
verge de fer blanc,2,non,out,741295
verges à moulins,2,non,out,741295
verges d'étain,8,non,out,741295
verges de cuivres,1,non,out,741295
verges de fer,153,non,out,741295
verges de fer et fer en barres et battu de fer,17,non,out,741295
verges de sapin,1,oui,out,741295
vergnes,2,non,out,741295
vergues,49,non,out,741295
vergues à mâture,2,non,out,741295
vergues de 22 pieds,1,non,,40052
vergues de 25 pieds,1,non,out,741295
vergues de 30 à 40 pieds,1,non,,40052
vergues de 30 pieds,1,non,,40052
vergues de 35 pieds sur 8 pouces de diamètre,1,non,out,741295
vergues de 40 à 46 pieds,1,non,,40052
vergues de 40 pieds sur 10 pouces de diamètre,1,non,out,741295
vergues de 44 à 50 pieds,1,non,out,741295
vergues de 44 pieds,1,non,out,741295
"vergues de 47 pieds sur 10,5 pouces de diamètre",1,non,out,741295
vergues de 52 pieds,1,non,,40052
vergues de 53 à 57 pieds,1,non,out,741295
"vergues de 56 pieds sur 10,5 pouces de diamètre",1,non,out,741295
vergues de fer,1,non,out,741295
vergues de navire,2,non,out,741295
vergues de sapin,0,non,out,741295
vergues de sapin de 38 pieds,1,non,,40052
vergues de sapin de 44 pieds,1,non,out,741295
vergues pour navire,2,non,out,741295
verjus,47,non,out,741295
vermeil et vernis,2,non,out,741295
vermeille,3,non,out,741295
vermicelle,636,non,out,741295
vermilles,1,non,out,741295
vermillon,691,non,out,741295
vermillon de tasse,1,non,out,741295
vermillon en grabeau,2,non,,40052
vernis,199,non,out,741295
vernis à peindre,7,non,out,741295
vernis clair,1,non,,40052
vernis de Chine,1,non,,40052
vernis de terre,2,non,out,741295
vernis liquide,1,non,,40052
vernis massé,1,non,out,741295
vernis préparés,21,non,out,741295
vernoix,1,non,out,741295
vernunes,1,non,out,741295
verre pilé,2,non,,40052
verrerie,743,non,out,741295
verrerie à boire,3,non,out,741295
verrerie à vitre,8,non,out,741295
verrerie autres que cristaux,1,non,out,741295
verrerie bouteilles,70,non,out,741295
verrerie cassée,4,non,out,741295
verrerie d'office,2,non,out,741295
verrerie de Baume,1,non,out,741295
verrerie de Bohème,1,non,,40052
verrerie de toutes espèces,6,oui,,40052
verrerie diverse,159,oui,out,741295
verrerie en boucaut,1,non,out,741295
verrerie en bouteilles,14,oui,out,741295
verrerie ordinaire,75,non,,40052
verrerie ouvrée,1,non,,40052
verres,455,non,out,741295
verres ??? d'estampes,2,non,out,741295
verres à boire,555,non,out,741295
verres à boire communs,39,non,out,741295
verres à boire cristallins,3,non,out,741295
verres à boire de cristal,18,non,out,741295
verres à boire de Venise,1,non,out,741295
verres à boire et à vitre,1,non,out,741295
verres à boire gobelets,1,non,out,741295
verres à boire moutardiers etc.,96,non,out,741295
verres à cadran et à lunettes polis et taillés,2,non,out,741295
verres à carreaux,1,non,out,741295
verres à carreaux et vitre,5,non,out,741295
verres à cristal,1,non,out,741295
verres à gobelets,2,non,out,741295
verres à horloge de mer,1,non,out,741295
verres à liqueur,1,non,out,741295
verres à lunettes,4,non,out,741295
verres à vin,2,non,out,741295
verres à vitre,550,non,out,741295
verres à vitre d'Allemagne,27,non,out,741295
verres à vitre de France,34,non,out,741295
verres blancs,27,non,out,741295
verres blancs en assortiment,1,non,out,741295
verres brodés,3,non,out,741295
verres bruts à cadran et à lunettes,2,non,out,741295
verres cassés,132,non,out,741295
verres cassés en groisil,1,non,out,741295
verres chimiques,1,non,out,741295
verres communs,560,non,out,741295
verres communs à boire,43,non,out,741295
verres communs à vitre,2,non,out,741295
verres communs gobelets,2,oui,out,741295
verres cristallins et cuivrés,4,non,out,741295
verres cuivrés en gobeleterie et à boire,2,non,out,741295
verres cuivrés en table,1,non,out,741295
verres d'Allemagne,2,non,out,741295
verres d'Alsace,6,non,out,741295
verres d'ambre,1,non,out,741295
verres d'antimoine,3,non,out,741295
verres d'Étampes,2,non,out,741295
verres d'offre,1,non,out,741295
verres de baromètre,6,non,out,741295
verres de Bohème,11,non,out,741295
verres de Bohème à boire,2,non,out,741295
verres de bois,3,non,out,741295
verres de cristal,382,non,out,741295
verres de lampes,2,non,out,741295
verres de lanternes,1,non,out,741295
verres de Lorraine,6,non,out,741295
verres de mer,2,non,out,741295
verres de Saint Louis,1,non,out,741295
verres de table,1,non,out,741295
verres de toutes sortes,1,non,out,741295
verres de vaisselle,1,non,,40052
verres du Barrois,1,non,out,741295
verres en ???,1,non,out,741295
verres en carreaux et à vitre,96,non,out,741295
verres en fioles,3,non,out,741295
verres en petits carreaux et à vitre,2,non,out,741295
verres et verrerie,10,non,out,741295
verres étamés,1,non,,40052
verres filés,1,non,out,741295
verres moulein,1,non,out,741295
verres ouvrées en gobeleterie avec boîtes,5,non,,40052
verres ouvrés,3,non,out,741295
verres ouvrés en gobeleterie ???,0,non,out,741295
verres peints,1,non,out,741295
verres pour boire,1,non,out,741295
verres pour estampes,4,non,out,741295
verres pour lunettes et montres,9,non,out,741295
verres pour lustre,2,non,out,741295
verres pour montre,64,non,out,741295
verres taillés à cadran et à lunettes,3,non,out,741295
verres verroterie,16,non,out,741295
verroterie,107,non,out,741295
verroterie anglaise,1,non,,40052
verroterie en rassades,5,non,out,741295
verroterie et rassades,5,non,out,741295
verroterie pour l'entrepôt de Guinée,2,non,out,741295
verrunes,36,non,out,741295
vers à soie,124,non,out,741295
verses d'osier,2,non,out,741295
vert,5,non,out,741295
vert d'ambre,1,non,out,741295
vert d'eau,1,non,out,741295
vert d'Espagne,104,non,out,741295
vert de grès,2,non,out,741295
vert de mer,2,non,out,741295
vert de montagne,16,non,out,741295
vert de vessie,25,non,out,741295
vert distillé,16,non,out,741295
vert moulu,1,non,out,741295
vert rouge,1,non,out,741295
verunes,1,non,out,741295
vesces,44,non,out,741295
vesces en gerbes,16,non,out,741295
vessie,10,non,out,741295
vessie de cerf et autres,2,non,out,741295
vestes,34,non,out,741295
vestes blanches,1,non,out,741295
vestes brodée d'argent et d'or et de soie,1,non,out,741295
vestes brodées,19,non,out,741295
vestes brodées d'argent et d'or,5,non,out,741295
vestes brodées d'argent et or et de soie,1,non,out,741295
vestes brodées d'or,2,non,out,741295
vestes brodées d'or et de soie,7,non,out,741295
vestes brodées de soie,1,non,out,741295
vestes brodées et de satin,1,non,out,741295
vestes d'argent d'étoffe et de soie,1,non,out,741295
vestes d'estame des prises,1,non,out,741295
vestes de basin,2,non,out,741295
vestes de basin brodées,5,non,out,741295
vestes de coton,4,non,cotton goods,18103
vestes de coton et fil,5,non,cotton goods,18103
vestes de drap,1,non,out,741295
vestes de drap brodées en or,1,non,out,741295
vestes de drap brodées en or et argent,1,non,out,741295
vestes de drap et chapeaux bordés d'argent,2,non,out,741295
vestes de drap galonnées d'argent,1,non,out,741295
vestes de laine,3,non,out,741295
vestes de peau,1,non,out,741295
vestes de satin,2,non,out,741295
vestes de soie,6,non,out,741295
vestes de soie argent et or,1,non,out,741295
vestes de soie unies,1,non,out,741295
vestes de toile,7,non,out,741295
vestes de toile brodées,3,non,out,741295
vestes de toile grise,1,non,out,741295
vestes de toile guingans,1,non,out,741295
vestes de velours,3,non,out,741295
vestes en dorure de soie,1,non,out,741295
vestes en droguet de soie,1,non,out,741295
vestes et bordures,1,non,out,741295
vestes et culottes à nègre,1,non,out,741295
vestes et gilets de soie,1,non,out,741295
vestes galonnées d'argent,1,non,out,741295
vestes peintes,2,non,out,741295
vestes piquées,1,non,out,741295
vestes vieilles,1,non,out,741295
vétille,1,non,out,741295
viande,39,non,out,741295
viande apprêtée,2,non,out,741295
viande confite,8,non,out,741295
viande de boucherie,1,non,out,741295
viande de boucherie fraîche,4,non,out,741295
viande de boucherie salée,5,non,out,741295
viande de boucherie salée de porcs,2,non,out,741295
viande de boucherie salée de porcs lard compris,2,non,out,741295
viande de cochon,1,non,out,741295
viande de gibier et de volaille,8,non,out,741295
viande de pâte,147,non,out,741295
viande fraîche,4,non,out,741295
viande fumée,5,non,out,741295
viande salée,20,non,out,741295
vide,922,non,,40052
vieille voile de moulins et autres,2,non,out,741295
vièle,2,non,out,741295
vieux clavecin,1,non,out,741295
vieux linge,1,non,,40052
vieux linge lessivé,62,non,,40052
vieux ménage,2,non,,40052
vieux meubles et habits,1,non,,40052
vieux-oint,272,non,out,741295
vilebrequin,1,non,out,741295
villes,1,non,out,741295
vîmes à barriques,2,oui,,40052
vîmes pour barriques,3,non,,40052
vin,20290,non,out,741295
vin anti-scorbutique,1,non,out,741295
vin au muid,4,non,out,741295
vin blan de Lucques,1,non,,40052
vin blanc,374,non,out,741295
vin blanc commun,9,non,,40052
vin blanc d'Espagne,1,non,out,741295
vin blanc de France,138,non,out,741295
vin blanc de la Côte,1,non,,40052
vin blanc de Lucques,1,oui,,40052
vin blanc du Rhin,2,non,,40052
vin blanc en bouteilles,10,non,out,741295
vin commun,35,non,out,741295
vin commun d'Espagne,1,non,out,741295
vin cuit,15,non,out,741295
vin d'absinthe,2,non,out,741295
vin d'Aiguillon,1,non,out,741295
vin d'Alicante,64,non,out,741295
vin d'Alicante en bouteilles,1,non,out,741295
vin d'Alsace,3,non,out,741295
vin d'Alsace et vin de Lorraine,2,non,,40052
vin d'ambrion,1,non,out,741295
vin d'Amont,370,non,out,741295
vin d'amour,5,non,out,741295
vin d'an de ville,9,non,out,741295
vin d'Andelys,9,non,out,741295
vin d'Andrésis,1,non,out,741295
vin d'Anjou,23,non,out,741295
vin d'Anjou et de Touraine,1,non,,40052
vin d'Anjou et de Touraine et de Nantes,1,non,,40052
vin d'Arbois,6,non,out,741295
vin d'Aubagne,87,non,out,741295
vin d'Aument,1,non,out,741295
vin d'Aunis,2,non,out,741295
vin d'Auxerre,10,non,out,741295
vin d'Auxonne,7,non,out,741295
vin d'Égypte,2,non,out,741295
vin d'Épernay,1,non,out,741295
vin d'Espagne,618,non,out,741295
vin d'Espagne de Malvoisie,2,non,out,741295
vin d'Espagne et de liqueur,127,non,out,741295
vin d'Espagne ordinaire,2,non,out,741295
vin d'Espagne tisse,1,non,out,741295
vin d'hors,1,non,,40052
vin d'Inde,1,non,out,741295
vin d'Oléron,13,non,out,741295
vin d'Oléron rouge,1,non,out,741295
vin d'Operto,1,non,out,741295
vin d'orange,2,non,out,741295
vin d'Orléans,44,non,out,741295
vin de ???,1,non,out,741295
vin de Bar,47,non,out,741295
vin de Bar et de Liège et d'Hay...,9,non,out,741295
vin de Bar et vin de Metz,49,non,out,741295
vin de Bar-sur-Aube,1,non,out,741295
vin de Bar-sur-aube,4,non,out,741295
vin de Barcelone,19,non,out,741295
vin de Bastillon,1,non,out,741295
vin de Bayonne,10,non,out,741295
vin de Beaune,133,non,out,741295
vin de Benicarlo dernière récolte,1,non,out,741295
vin de Bergerac,7,non,out,741295
vin de Béziers,2,non,out,741295
vin de Blaye,131,non,out,741295
vin de Blaye et de Bourg,1,non,out,741295
vin de Blois,2,non,out,741295
vin de Bordeaux,1221,non,out,741295
vin de Bordeaux au muid,20,non,out,741295
vin de Bordeaux de Blaye,50,non,out,741295
vin de Bordeaux de haut,252,non,out,741295
vin de Bordeaux de retour,2,non,out,741295
vin de Bordeaux de ville,293,non,out,741295
vin de Bordeaux en bouteilles,4,non,out,741295
vin de Bordeaux en muid,2,non,,40052
vin de Bordeaux et de Guyenne,12,non,,40052
vin de Bordeaux fin,13,non,out,741295
vin de Bordeaux médiocre,1,non,out,741295
vin de Bordeaux ordinaire,41,non,out,741295
vin de Bourbonne,1,non,out,741295
vin de Bourg,53,non,out,741295
vin de Bourgogne,669,non,out,741295
vin de Bourgogne de grand,1,non,out,741295
vin de Bourgogne de Pommard,1,non,out,741295
vin de Bourgogne en bouteilles,19,non,out,741295
vin de Bourgogne en muid,14,non,out,741295
vin de Bourgogne et vin de Champagne,129,non,out,741295
vin de Bourgogne Mâcon,2,non,out,741295
vin de Bretagne,1,non,out,741295
vin de Cabreton,5,non,out,741295
vin de Cahors,20,non,out,741295
vin de Calabre,1,non,out,741295
vin de Carlove,1,non,,40052
vin de Castillon,30,non,out,741295
vin de Catalogne,8,non,out,741295
vin de Cauret,1,non,out,741295
vin de cédrat,1,non,out,741295
vin de Cette,7,non,out,741295
vin de Chablis,2,non,out,741295
vin de Chagny,10,non,out,741295
vin de Châlon,31,non,out,741295
vin de Chalosse,3,non,out,741295
vin de Champagne,679,non,out,741295
vin de Champagne en bouteilles,13,non,out,741295
vin de Champagne en muid,10,non,out,741295
vin de Champagne et liqueurs,1,non,,40052
vin de Charente,26,non,out,741295
vin de Chaumont,2,non,out,741295
vin de Chenôve,1,non,out,741295
vin de Chypre,237,non,out,741295
vin de Chypre en bouteilles,2,non,out,741295
vin de Ciola,1,non,out,741295
vin de Cioutan,1,non,out,741295
vin de Clérac,4,non,out,741295
vin de Clermontois,2,non,out,741295
vin de Cognac,248,non,out,741295
vin de Comté,50,non,out,741295
vin de Condrieux,1,non,out,741295
vin de Constance,20,non,out,741295
vin de Côte,10,non,out,741295
vin de Côte du Rhône,1,oui,out,741295
vin de Côte-Rotie,28,non,out,741295
vin de Coulanges,1,non,out,741295
vin de creverece,1,non,,40052
vin de Damazan,1,non,out,741295
vin de Dauphiné,1,non,out,741295
vin de deviet,1,non,out,741295
vin de Dijon,118,non,out,741295
vin de Domé,8,non,out,741295
vin de Domme,2,non,out,741295
vin de Doures,1,non,out,741295
vin de Faial,3,non,out,741295
vin de fap,1,non,out,741295
vin de ferme,1,non,out,741295
vin de Flacres,0,non,out,741295
vin de Flandre,1,non,out,741295
vin de Fleurance,1,non,out,741295
vin de Florence,2,non,out,741295
vin de forêt,2,non,out,741295
vin de France,396,non,out,741295
vin de France bouteilles,2,non,out,741295
vin de France de Champagne,3,non,out,741295
vin de France de santé en bouteilles,1,non,out,741295
vin de France de santé en muid,2,non,out,741295
vin de France en bouteilles,9,non,out,741295
vin de France-Comté,7,non,out,741295
vin de Frontignan,124,non,out,741295
vin de Fronton,1,non,out,741295
vin de Gaillac,44,non,out,741295
vin de Garonne,3,non,out,741295
vin de Gascogne,0,non,out,741295
vin de Gênes,5,non,out,741295
vin de Gensac,18,non,out,741295
vin de Gevrey,6,non,out,741295
vin de Gilly,2,non,out,741295
vin de Grave,2,non,out,741295
vin de Graves,5,non,out,741295
vin de Grèce,6,non,out,741295
vin de Guacy,1,non,out,741295
vin de Guyenne,4,non,out,741295
vin de haule,1,non,out,741295
vin de haut,517,non,out,741295
vin de haut renvoyé,1,non,out,741295
vin de Hongrie,49,non,out,741295
vin de hors,5,non,out,741295
vin de jauge gros bard,1,non,out,741295
vin de l'Agenais,2,non,out,741295
vin de l'île de Ré,1,non,out,741295
vin de la Charente,1,non,out,741295
vin de la ci-devant province du Languedoc,1,non,out,741295
vin de la Côte de Suisse,2,non,,40052
vin de la Ferté,2,non,out,741295
vin de la foire de Beaucaire,1,non,,40052
vin de la Moselle,2,oui,out,741295
vin de La Rochelle,56,non,out,741295
vin de la Rochelle,28,oui,out,741295
vin de lamalgue,1,non,,40052
vin de Langres,40,non,out,741295
vin de Langres ???,3,non,out,741295
vin de Lantirini,1,non,out,741295
vin de Libourne,2,non,out,741295
vin de Liège d'Hay etc.,81,non,out,741295
vin de lignum,6,non,out,741295
vin de liquan,1,non,out,741295
vin de liqueurs,866,non,out,741295
vin de liqueurs de muscat,29,non,out,741295
vin de liqueurs étranger,19,non,out,741295
vin de Lires,1,non,out,741295
vin de Loge,2,non,out,741295
vin de Lorraine,6,non,out,741295
vin de Lyon,45,non,out,741295
vin de Mâcon,45,non,out,741295
vin de Madère,83,non,out,741295
vin de Malaga,375,non,out,741295
vin de Malaga de Rancio,1,non,out,741295
vin de Malaga en muid,1,non,out,741295
vin de Malvoisie,26,non,out,741295
vin de Manheim,1,non,out,741295
vin de Marennes,18,non,out,741295
vin de Marseille,3,non,out,741295
vin de Médoc,8,non,out,741295
vin de Mercurey,1,non,out,741295
vin de Metz,3,non,out,741295
vin de Meursault,2,non,out,741295
vin de Mezac,1,non,out,741295
vin de Moissac,1,non,out,741295
vin de montagne,76,non,out,741295
vin de Montreuil,2,non,out,741295
vin de Moselle,19,non,out,741295
vin de Mursante,1,non,out,741295
vin de Murville,2,non,out,741295
vin de mus ???,1,non,out,741295
vin de muscat,1006,non,out,741295
vin de muscat de Frontignan,2,non,out,741295
vin de muscat ordinaire,2,non,out,741295
vin de N. Jean,4,non,out,741295
vin de Nantes,551,non,out,741295
vin de Naples,3,non,out,741295
vin de Navarre,12,non,out,741295
vin de Nuits,81,non,out,741295
vin de Pacaret,13,non,out,741295
vin de Paiaret,1,non,out,741295
vin de palme,3,non,out,741295
vin de Paquarat,1,non,out,741295
vin de pays,51,non,out,741295
vin de Peralte,1,non,out,741295
vin de Picardan,1,non,out,741295
vin de poisson,1,non,out,741295
vin de Porto,4,non,out,741295
vin de Porto Rico,2,non,out,741295
vin de Portugal,39,non,out,741295
vin de Pouligny,1,non,out,741295
vin de Prague,2,non,out,741295
vin de Provence,147,non,out,741295
vin de Provence en bouteille,1,non,,40052
vin de Provence en muids,1,non,,40052
vin de Pukaret,1,non,,40052
vin de Querée,2,non,out,741295
vin de Rancio,32,non,out,741295
vin de Ré,154,non,out,741295
vin de Reims,184,non,out,741295
vin de Rezac,1,non,out,741295
vin de Rianco et de Xérès,1,non,out,741295
vin de Ricey,1,non,out,741295
vin de Rivesac,1,non,out,741295
vin de Rivesaltes,1,non,out,741295
vin de rivière,49,non,out,741295
vin de Rochefort,2,non,out,741295
vin de Rome,1,non,out,741295
vin de Rota,18,non,out,741295
vin de Roussillon,1,oui,out,741295
vin de Rouys,1,non,out,741295
vin de Rully,12,non,out,741295
vin de Ruys,2,non,out,741295
vin de Saint-Jean,65,non,out,741295
vin de Saint-Jean d'Angély,2,non,out,741295
vin de Saint-Laurent,7,non,out,741295
vin de Saint-Laurent du Var,1,non,out,741295
vin de Saintonge,96,non,out,741295
vin de Savigny,1,non,out,741295
vin de Savoie,12,non,out,741295
vin de St. Seau,5,non,out,741295
vin de Ste. Foy,14,non,out,741295
vin de Suisse,18,non,out,741295
vin de Syracuse,11,non,out,741295
vin de Tavel,1,non,out,741295
vin de teinte,9,non,out,741295
vin de Ténérife,1,non,out,741295
vin de terre,1,non,out,741295
vin de Tezac,2,non,out,741295
vin de Thiaucourt,2,non,out,741295
vin de Tinto,16,non,out,741295
vin de Tokay,25,non,out,741295
vin de Tonnerre,8,non,out,741295
vin de Touraine,3,non,out,741295
vin de Vienne,1,non,out,741295
vin de ville,748,non,out,741295
vin de ville de Bordeaux,2,non,out,741295
vin de ville de renvoi,2,non,out,741295
vin de ville et de haut,5,non,out,741295
vin de Vougeot,4,non,out,741295
vin de Wermut,1,non,out,741295
vin de Xérès,73,non,out,741295
vin des Canaries,181,non,out,741295
vin des grandes borderies,1,non,out,741295
vin des Îles,1,non,out,741295
vin dit Bleckaert,5,non,out,741295
vin divers,593,non,out,741295
vin doux,5,non,out,741295
vin du Barrois,35,non,out,741295
vin du Béarn et Gascogne,1,non,out,741295
vin du Bugey,28,non,out,741295
vin du Cap,44,non,out,741295
vin du Cap Breton,30,non,out,741295
vin du cap de Bonne Espérance,5,non,out,741295
vin du Cap des Indes,1,non,out,741295
vin du Croisic,12,non,out,741295
vin du Dauphiné,24,non,out,741295
vin du Hainaut,1,non,out,741295
vin du Languedoc,214,non,out,741295
vin du Lyonnais,11,non,out,741295
vin du mont Vésuve,1,non,out,741295
vin du Nantais,14,non,out,741295
vin du Périgord,1,non,out,741295
vin du Portugal,1,non,out,741295
vin du Quercy,61,non,out,741295
vin du Rhen en douelles,1,non,,40052
vin du Rhin,170,non,out,741295
vin du Rhin de retour,1,non,out,741295
vin du Rhin en bouteilles,1,non,out,741295
vin du Rhin en cercles,1,non,out,741295
vin du Rhin et de Moselle,130,non,out,741295
vin du Rhône,3,non,out,741295
vin du Roussillon,26,non,out,741295
vin en bouteille,3,non,out,741295
vin en bouteille commun,1,non,out,741295
vin en bouteille de Franche-Comté,1,non,out,741295
vin en bouteilles,68,non,out,741295
vin en bouteilles autre que de la Gironde ordinaire,2,non,out,741295
vin en bouteilles d'Orléans,3,non,out,741295
vin en bouteilles de Bordeaux,4,non,out,741295
vin en bouteilles de Bordeaux fin,25,non,out,741295
vin en bouteilles de la Gironde,1,non,out,741295
vin en bouteilles de liqueurs,6,non,out,741295
vin en bouteilles de Malaga,3,non,out,741295
vin en bouteilles du Lyonnais,1,non,out,741295
vin en bouteilles muscat,3,non,out,741295
vin en cercles,4,non,out,741295
vin en cercles de liqueurs,5,non,out,741295
vin en futailles,3,non,out,741295
vin en futailles autre que de la Gironde ordinaire,2,non,out,741295
vin en futailles de la Gironde ordinaire,1,non,out,741295
vin en futailles de liqueurs,2,non,out,741295
vin en lest,1,non,,40052
vin en muid,11,non,out,741295
vin en muid muscat,1,non,out,741295
vin et autres boissons bière,6,non,out,741295
vin et autres boissons cidre,3,non,out,741295
vin et autres boissons vin de liqueurs de différente espèce,6,non,out,741295
vin et autres boissons vin divers,6,non,out,741295
vin et autres boissons vin divers de Bordeaux,6,non,out,741295
vin et eau-de-vie,9,non,out,741295
vin et eau-de-vie de vin,9,non,out,741295
vin et fer,3,non,out,741295
vin et vin de liqueurs divers,5,non,out,741295
vin et vinaigre,1,non,out,741295
vin étranger,16,non,out,741295
vin étranger au ???,0,non,out,741295
vin étranger blanc,2,non,out,741295
vin étranger commun,1,non,out,741295
vin étranger de ???,1,non,out,741295
vin étranger de ramis,1,non,,40052
vin étranger de toutes sortes,2,non,out,741295
vin étranger en bouteilles,5,non,out,741295
vin étranger en futailles,1,non,,40052
vin étranger en muid,21,non,out,741295
vin étranger fuo,3,non,out,741295
vin fin,40,non,out,741295
vin fin en bouteilles,20,non,out,741295
vin français,202,non,out,741295
vin Gailleau,1,non,,40052
vin gâté,2,non,out,741295
vin gris,2,non,out,741295
vin hors,60,non,out,741295
vin jauge ??? Paris,1,non,out,741295
vin jauge de Soissons,1,non,out,741295
vin jauge gros bard,42,non,out,741295
vin jauge Paris,6,non,out,741295
vin mousseux,9,non,out,741295
vin Nantes,1,non,out,741295
vin noir,1,non,out,741295
vin ordinaire,469,non,out,741295
vin ordinaire divers,12,non,out,741295
vin ordinaire en bouteilles,7,non,out,741295
vin ordinaire en miel,4,non,out,741295
vin pour lest,1,non,,40052
vin Rancio,5,non,out,741295
vin romali,1,non,,40052
vin Rota,1,non,out,741295
vin rouge,1076,non,out,741295
vin rouge au muids,9,non,,40052
vin rouge commun,65,non,out,741295
vin rouge d'Espagne,2,non,out,741295
vin rouge de France,141,non,out,741295
vin rouge de Marennes,1,non,,40052
vin rouge de Neuchâtel,1,non,,40052
vin rouge de renvoi,3,non,out,741295
vin rouge en bouteilles,6,non,out,741295
vin rouge et blanc,2,non,out,741295
vin rouge gros bard,1,non,out,741295
vin rouge ordinaire,1,non,out,741295
vin rouge très gras,1,non,out,741295
vin Saint-Ange,1,non,out,741295
vin Saint-Laurent,1,non,out,741295
vin soin,1,non,,40052
vin Tinto,20,non,out,741295
vin vendange,2,non,out,741295
vin verdé de Florence,1,non,out,741295
vinaigre,6904,non,out,741295
vinaigre ???,3,non,out,741295
vinaigre de bière,122,non,out,741295
vinaigre de bière cidre et poiré,4,non,out,741295
vinaigre de composition,23,non,out,741295
vinaigre de fruits,118,non,out,741295
vinaigre de vin,133,non,out,741295
vinaigre de vin en bouteille,2,non,out,741295
vinaigre de vin en futaille,2,non,out,741295
vinaigre ordinaire,35,non,out,741295
vinaigre parfumé,2,non,out,741295
vinaterie,26,non,,40052
vinvoin,1,non,out,741295
viole,1,non,out,741295
violende,1,non,out,741295
violette,1,non,out,741295
violon,4,non,out,741295
violoncelle,1,non,out,741295
violons,136,non,out,741295
violons d'enfant,2,non,out,741295
violons gros,1,non,out,741295
violons petits,1,non,out,741295
vipères,17,non,out,741295
vipères sèches,1,non,out,741295
vipères vives,2,non,out,741295
vipérine,8,non,out,741295
vipérine en racine,1,non,out,741295
vipres,1,non,out,741295
virez,4,non,out,741295
vispapan ???,1,non,out,741295
vitre de verre,3,non,out,741295
vitrifications émail,4,non,out,741295
vitrifications en grains percés à broder ou à tricoter,2,non,out,741295
vitrifications en grains percés pour chapelets et colliers,4,non,out,741295
vitrifications en masses à tailler,1,non,out,741295
vitrifications en masses ou en tubes à tailler,3,non,out,741295
vitrifications taillées en grands ou rassades percés,1,non,out,741295
vitrifications taillées en pierres à bijoux,5,non,out,741295
vitriol,550,non,vitriol,1211
vitriol blanc,20,non,vitriol,1211
vitriol bleu,4,non,vitriol,1211
vitriol de Chypre,118,non,vitriol,1211
vitriol en pierre,1,non,,40052
vivres,101,non,,40052
vivres pour l'équipage,1,non,,40052
vivres pour la pêche à la morue,2,non,,40052
vivres pour la pêche au poisson frais,3,non,,40052
vivres pour la pêche aux moules,28,non,,40052
vivvres,1,oui,,40052
vlottes,82,non,out,741295
voëdes,3,non,out,741295
voide,1,non,out,741295
voile,12,non,out,741295
voile brochée,1,non,out,741295
voile brodée,1,non,out,741295
voile de bateaux,2,non,out,741295
voile de laine,1,non,out,741295
voile de navire,3,non,out,741295
voile de novice,1,non,out,741295
voile de serge,7,oui,,40052
voile de serge de laine,3,non,out,741295
voile de soie,24,non,out,741295
voile de vaisseaux,4,non,out,741295
voile du Maroc,1,non,out,741295
voile neuve,6,non,out,741295
voile poil et soie,1,non,out,741295
voilures,1,non,out,741295
vois de pinceaux planches,1,non,out,741295
voitures,162,non,out,741295
voitures à échelles,2,non,out,741295
voitures à ressorts,1,non,out,741295
voitures avec hamais,1,non,out,741295
voitures cabriolets,1,non,out,741295
voitures carriole,1,non,out,741295
voitures complètes,2,non,out,741295
voitures de chafre,1,non,out,741295
voitures de luxe,1,non,,40052
voitures et leurs roues,1,non,out,741295
voitures étrangères,3,non,out,741295
voitures garnies ou peintes à ressorts,5,non,out,741295
voitures neuves,3,non,out,741295
volailles,519,non,out,741295
volailles grasses,2,non,out,741295
volailles oies,1,non,out,741295
volants,5,non,out,741295
volants à boutonnière d'or,1,non,out,741295
volants de camelot,2,non,out,741295
vrille,19,non,out,741295
vulnéraires,4,non,,40052
vulnéraires de Suisse,2,non,out,741295
wagheschot en blocs,4,non,out,741295
wagons,1,non,out,741295
wathout en blocs,8,non,out,741295
wollegoet blanche,3,non,out,741295
wollegoet mêlée,5,non,out,741295
wollegoet teinte,3,non,out,741295
wuinnes,22,non,out,741295
ydienne,1,non,out,741295
yeux d'écrevisses,97,non,out,741295
yeux de homard,1,non,out,741295
zain,26,non,out,741295
zédoaire,30,non,out,741295
zinc,97,non,out,741295
zinc coulé en lingots et en masses,1,non,out,741295
zinc coulé en lingots et en masses pour la refonte,1,non,out,741295
zinc coulé en lingots et en masses pour les fabrique de laiton,1,non,out,741295
zinc coulé en lingots pour la refonte,4,non,out,741295
zinc coulé en plaques pour le laminage,2,non,out,741295
zinc laminé,8,non,out,741295
zinc pour fabriquer le laiton,11,non,out,741295
zingar,6,non,out,741295
zurich,3,non,out,741295
