simplification,nbr_occurences_simpl,obsolete,luxe_dans_SITC,nbr_occurences_luxe_dans_SITC
,883,non,,804091
???,3236,non,,804091
??? blanc,2,non,,804091
??? brun,2,non,,804091
??? d'Anjou et de Touraine,0,non,,804091
??? d'argent,1,non,,804091
??? d'une valeur moindre de deux mille francs chacun,413,non,,804091
??? de boutard,0,non,,804091
??? de fer,2,non,,804091
??? de morue,1,non,,804091
??? de nacre de perle,1,non,,804091
??? des ci-devant provinces d'Alsace,0,non,,804091
??? des ci-devant provinces de Bourgogne,1,non,,804091
??? des ci-devant provinces de Provence,2,non,,804091
??? des ci-devant provinces du Languedoc,1,non,,804091
??? diverses,4,non,,804091
??? fer,1,non,,804091
??? forts de fer,1,non,,804091
??? gras,1,non,,804091
??? particulièrement en chevaux,0,non,,804091
??? pieds,1,non,,804091
??? pruneaux,1,non,,804091
??? raisin sec,1,non,,804091
??? raisin secs,1,oui,,804091
???sse,1,non,,804091
?ufs,0,non,,804091
[non traité],67,oui,,804091
[vide],6248,non,,804091
à l'aventure,46,non,,804091
à son lest,4,oui,,804091
à vide,647,non,,804091
abassis,6,non,,804091
abats,2,non,,804091
abattis de morue,1,non,,804091
abricots,1,non,,804091
abricots confits,1,non,,804091
absinthe,19,non,,804091
acacia,5,non,,804091
acacia germanica,1,non,,804091
acacia vera,1,non,,804091
acajou,6,non,,804091
acétates d'étain,1,non,,804091
acétates de fer,3,non,,804091
acétates de plomb,304,non,,804091
acétates de plomb et autres,7,non,,804091
acétates de plomb sel de Saturne,2,oui,,804091
acétates de potasse et de soudes,2,non,,804091
acétates de sel d'étain,1,non,,804091
achia,7,non,,804091
acide arsénieux,8,non,,804091
acide benzoïque,1,non,,804091
acide benzoïque et phosphorique,2,non,,804091
acide borique,3,non,,804091
acide borique et benzoïque,2,non,,804091
acide citrique,2,non,,804091
acide citrique et muriatique et phosphorique,2,non,,804091
acide citrique et oxalique et tartrique,2,non,,804091
acide de potasse crème de tartre,5,non,,804091
acide de potasse lie de vin desséché et liquide,4,non,,804091
acide de potasse lie de vin desséchée,3,non,,804091
acide de potasse lie de vin liquide,2,non,,804091
acide de potasse tartre brut impur,2,non,,804091
acide muriatique,1,non,,804091
acide muriatique et nitrique et phosphorique,3,non,,804091
acide muriatique et nitro-muriatique,2,non,,804091
acide nitrique,4,non,,804091
acide oxalique,2,non,,804091
acide phosphorique,2,non,,804091
acide succinique,1,non,,804091
acide tartrique,2,non,,804091
acide vitriolique,4,non,,804091
acide vitriolique et huile de vitriol,109,non,,804091
acier,2681,non,,804091
acier battu forgé ou laminé,1,non,,804091
acier brun,1,non,,804091
acier brut,11,non,,804091
acier commun,1,non,,804091
acier en barres,9,non,,804091
acier en bottes,1,non,,804091
acier en bottes pour la Compagnie des Indes,1,non,,804091
acier et clous,9,non,,804091
acier et fer,356,non,,804091
acier fondu en carreaux ou en tôle,5,non,,804091
acier fondu forgé,1,non,,804091
acier forgé,7,non,,804091
acons,1,non,,804091
acons démontés,21,non,,804091
acons démontés en gabare,2,non,,804091
acorus,5,non,,804091
acuirson,0,non,,804091
acume de cuivre,1,non,,804091
adatais,3,non,,804091
affûts,2,non,,804091
affûts de bois,1,non,,804091
affûts de canons,12,non,,804091
affûts de fer,1,non,,804091
affûts de fusils,2,non,,804091
affûts de fûts à canons,1,non,,804091
affûts et canons,1,non,,804091
agaric,156,non,,804091
agaric amadouvier,6,non,,804091
agaric amadouvier brut,4,non,,804091
agaric amadouvier brut et préparé,12,non,,804091
agaric amadouvier préparé,6,non,,804091
agaric brut et préparé,6,non,,804091
agaric de mélèze,4,non,,804091
agaric fin,1,non,,804091
agaric gros,2,non,,804091
agate,13,non,,804091
agate autre que chique et ouvrages,2,non,,804091
agate brute,4,non,,804091
agate en pierres,2,non,,804091
agate fine,1,non,,804091
agate montée,1,non,,804091
agneau,118,non,,804091
agneau commun,7,non,,804091
agneau en vie,6,non,,804091
agneau et cabris,122,non,,804091
agneau mérinos et métis,7,non,,804091
agneau mouton commun,1,non,,804091
agnelines et crottelins,36,non,,804091
agobille,4,non,,804091
agoutals,4,non,,804091
agoutals de bois,5,non,,804091
agrément,15,non,,804091
agrément au quart,3,non,,804091
agrément d'argent,2,non,,804091
agrément d'or,1,non,,804091
agrément d'or et d'argent,5,non,,804091
agrément de fil,9,non,,804091
agrément de fil et de soie,3,non,,804091
agrément de fleur,1,non,,804091
agrément de soie,58,non,haut de gamme,12084
agrément de soie et d'argent,1,non,,804091
agrément de soie or et argent faux,1,non,,804091
agrément pour robes,1,non,,804091
agréments de soie et milleret,13,non,,804091
agréments et milleret,38,non,,804091
agrès,29,non,,804091
agrès apparaux de navire et embarcations,6,non,,804091
agrès apparaux et embarcations,2,non,,804091
agrès de navire et jeux de voile,14,non,,804091
agrès et apparaux,2,non,,804091
agrès et apparaux d'or navire,1,non,,804091
agrès et bâtiments de mer,10,non,,804091
agrès et embarcations,8,non,,804091
agrès et voile de navire,1,oui,,804091
aigles,4,non,,804091
aigre de cèdre,16,non,,804091
aigre de cidre,5,non,,804091
aigre de vitriol,18,non,,804091
aigrettes,11,non,,804091
aigrettes de fil d'or et d'argent,1,non,,804091
aigrettes de soie,1,non,,804091
aigrettes de soie et argent,1,non,,804091
aigrettes de verre,1,non,,804091
aigrettes et bavolets,1,non,,804091
aiguières d'étain,1,non,,804091
aiguilles,355,non,,804091
aiguilles à boîtes,1,non,,804091
aiguilles à coudre,60,non,,804091
aiguilles à coudre voiles,1,non,,804091
aiguilles à ralingue,1,non,,804091
aiguilles à tabac,1,non,,804091
aiguilles à toile,1,non,,804091
aiguilles d'emballage,2,non,,804091
aiguilles de mercerie fine,4,non,,804091
aiguilles epars de sapin,1,non,,804091
aiguilles et épingles,1,non,,804091
aiguilles et épingles de mercerie fine,3,non,,804091
aiguilles et mercerie fine,2,non,,804091
aiguilles grosses,1,non,,804091
aiguilles pour voile,40,non,,804091
aiguillettes,1,non,,804091
aiguillettes de cuir,1,non,,804091
aiguillettes de peau,1,non,,804091
ail,2,oui,,804091
ailes,17,non,,804091
ailes de fléaux,3,non,,804091
ailes de moulins,6,non,,804091
ailor,0,non,,804091
ails,295,non,,804091
ails à fauches,1,non,,804091
ails blancs à casser,1,non,,804091
aimant,1,non,,804091
ains à pêcher,47,non,,804091
ains et lignes à pêcher,2,non,,804091
airain,7,non,,804091
airain non ouvré,4,non,,804091
ajamis,308,non,bas de gamme,18109
ajustements,37,non,,804091
ajustements de femme,5,non,,804091
ajustements de soie,2,non,,804091
alambics,17,non,,804091
alambics d'étain,18,non,,804091
alambics de cuivre,2,non,,804091
alambics de terre,1,non,,804091
alana,2,non,,804091
alazar,2,non,,804091
albâtre,5,non,,804091
albâtre brut,3,non,,804091
albâtre et marbre brut et poli,21,non,,804091
albâtre moulé poli ou sculpté,6,non,,804091
alcalis autre que natron et soudes,2,non,,804091
alcalis salin,1,non,,804091
aleine à cordonnier en acier et en fer,1,non,,804091
alènes,5,non,,804091
alènes à cordonnier en acier et en fer,1,oui,,804091
algue marine,1,non,,804091
ali,0,non,,804091
alibanies,115,non,milieu de gamme,43973
alicot,0,non,,804091
alizari,31,non,,804091
alizari et garance,167,non,,804091
alizari sèche,7,non,,804091
alkermés,1,non,,804091
alkermès en grains,25,non,,804091
allaya,91,non,milieu de gamme,43973
alleaux,1,non,,804091
allumettes,138,non,,804091
allumettes à vin,32,non,,804091
allumettes de coton,1,non,,804091
allumettes de mêche soufrée,1,non,,804091
allumettes droguées,3,non,,804091
allumettes épicée,2,non,,804091
allumettes opérées et soufrées,1,non,,804091
allumettes soufrées,13,non,,804091
almagro ou crayons rouges,2,non,,804091
almanachs,1,non,,804091
almanachs brochés,2,non,,804091
almanachs en blancs,1,non,,804091
almanachs enjolivés,2,non,,804091
almanachs reliés,1,non,,804091
aloès,263,non,,804091
aloès cabalin,5,non,,804091
aloès commun,1,non,,804091
aloès et opium,2,non,,804091
aloès hépatique,1,non,,804091
aloès moyen,2,non,,804091
aloiset,1,non,,804091
alose,8,non,,804091
alose fumée,4,non,,804091
alose salée,5,non,,804091
aloues,1,non,,804091
alouettes,5,non,,804091
alpargate,36,non,,804091
alphabets,1,non,,804091
alpiste,22,non,,804091
alpiste et millet,9,non,,804091
alquifoux,519,non,,804091
alquifoux en galène,2,non,,804091
alquifoux et mine de plomb,36,non,,804091
alquifoux mine de plomb ou graphite,23,non,,804091
alquifoux ou mine de plomb,3,non,,804091
alquifoux sable plombifère,1,non,,804091
alquitra,3,non,,804091
alto basses chapeaux chinois clarinettes cors cymbales fifres et flageolets flûtes guitare haut-bois serinettes serpent tambours trompettes et violons basses,2,non,,804091
alto basses contrebasses guitare lyres violes violons,2,non,,804091
alto bassons guitare violons,3,non,,804091
alun,2534,non,,804091
alun à cordonnier,1,non,,804091
alun autre que brûlé ou calciné,2,non,,804091
alun bon,2,non,,804091
alun brûlé,1,non,,804091
alun commun,1,non,,804091
alun de glace,1,non,,804091
alun de roche,5,non,,804091
alun de Rome,3,non,,804091
alun de Rome fin rosé,1,non,,804091
alun de Rouen,2,non,,804091
alun de Surde,2,non,,804091
alun du Levant,1,non,,804091
alun en dracy,1,non,,804091
alun en rame,1,non,,804091
alun gâté,1,non,,804091
alun ordinaire,1,non,,804091
alvés,0,non,,804091
amadou,344,non,,804091
amadou et agaric amadouvier,7,non,,804091
amandes,2281,non,,804091
amandes à la praline,4,non,,804091
amandes amères,2,non,,804091
amandes arachis noisettes noix noyaux,2,non,,804091
amandes cassée,7,oui,,804091
amandes cassées,456,non,,804091
amandes cassées ou en coque,3,oui,,804091
amandes cassées ou en coques,3,non,,804091
amandes courtes,102,non,,804091
amandes douces,5,non,,804091
amandes en coque,438,oui,,804091
amandes en coques,460,non,,804091
amandes et figue et raisin,33,non,,804091
amandes et noisettes et raisins secs,2,non,,804091
amandes et noix et noisettes,100,non,,804091
amandes et pelures et prunes et raisin,0,non,,804091
amandes et pruneaux,82,non,,804091
amandes et raisin sec,17,non,,804091
amandes et raisin sec et savon,1,non,,804091
amandes et savon,13,non,,804091
amandes et sucre,25,non,,804091
amandes et verdet,33,non,,804091
amandes fraîches,1,non,,804091
amandes longues,65,non,,804091
amandes mondées,2,non,,804091
amandes sèches,64,non,,804091
amandes sèches et figue sèche et ???,0,non,,804091
amandes sèches et figue sèche et raisin sec,135,non,,804091
amarinage,10,non,,804091
amarine,1,non,,804091
ambrain à grande barrique,1,non,,804091
ambre,43,non,,804091
ambre blanc,1,non,,804091
ambre brut,19,non,,804091
ambre carabé,22,non,,804091
ambre carabé jaune,2,non,,804091
ambre en grains,1,non,,804091
ambre et corail,1,non,,804091
ambre gris,40,non,,804091
ambre jaune,90,non,,804091
ambre moulu,3,non,,804091
amer,5,non,,804091
amer de laine,1,non,,804091
amertis,5,non,,804091
ameublement,3,non,,804091
ameublement de chitte,1,non,,804091
ami de toilé,1,non,,804091
amidon,1347,non,,804091
amidon alun,1,non,,804091
amidon en grains,1,non,,804091
amidon en poudre,3,non,,804091
amidon et poudre à poudrer,132,non,,804091
ammoniac,7,non,,804091
ammoniac et sel,26,non,,804091
ammonium,1,non,,804091
amomum,16,non,,804091
amomum et fèves de tonka et noix de ravensara,2,non,,804091
amomum verum,2,non,,804091
amurca,4,non,,804091
anabasse,129,non,,804091
anabasse bajutapau,3,non,,804091
anabasse corat nicaneas platille,2,non,,804091
anacardes,2,non,,804091
anacoste,3,non,,804091
ananas,12,non,,804091
ananas confit,2,non,,804091
ananas et pommes de grenade,8,non,,804091
ananas planté,1,non,,804091
anatomie,1,non,,804091
anatose,3,non,,804091
anches de tonneaux,2,non,,804091
anchois,1185,non,,804091
anchois câpres et olives,10,non,,804091
anchois câpres etc.,1,non,,804091
anchois câpres olives,1,non,,804091
anchois et boutargue,13,non,,804091
anchois et câpres,5,non,,804091
anchois et câpres et olives,1,non,,804091
anchois et sardes,1,non,,804091
anchois et sardines,5,non,,804091
anchois mariné,10,non,,804091
anchois mariné et salé,39,non,,804091
anchois salé,2,non,,804091
anchois salé et mariné,2,non,,804091
anchois salés,4,non,,804091
anchois salés et marinés,9,non,,804091
ancres,56,non,,804091
ancres de chaudon,1,non,,804091
ancres de fer,608,non,,804091
ancres de fer à chaudrons,1,non,,804091
ancres de fer au-dessus de 250 kilogrammes,1,non,,804091
ancres de fer de 250 kilogrammes et au-dessous,1,non,,804091
ancres de fer et embarcations,2,non,,804091
ancres et embarcations,5,non,,804091
ancres et grappins de fer,1,non,,804091
ancres et ouvrages de fer,2,non,,804091
ancres gravelées,1,non,,804091
ancres neuves,3,non,,804091
ancres vides,5,non,,804091
ancres vieilles,1,non,,804091
ancres vieilles vides,1,non,,804091
andolium,5,non,,804091
andouilles,45,non,,804091
andouillette,1,non,,804091
ânes,183,non,,804091
ânes et ânesses,97,non,,804091
ânes et mulets,11,non,,804091
ânesses,1,non,,804091
angélique,29,non,,804091
angélique du Rozème,1,non,,804091
anguilles,26,non,,804091
anguilles et truites,118,non,,804091
anguilles fraîches,1,non,,804091
anguilles marinées,1,non,,804091
anguilles salées,26,non,,804091
anille,1,non,,804091
animaux,5,non,,804091
anis,598,non,,804091
anis et rac et rhum etc.,101,non,,804091
anis et sucre,1,non,,804091
anis vert,99,non,,804091
anis vert à distiller,2,non,,804091
anisette,115,non,,804091
anisette au fiasque,6,non,,804091
anisette de Bordeaux,2,non,,804091
anneau de cuivre,1,non,,804091
anneau de fer,2,non,,804091
anneaux de cuivre,1,non,,804091
anneaux de fer,1,non,,804091
ânon,2,non,,804091
anspects,125,non,,804091
anspects de 3 à 4 pieds,1,non,,804091
anspects de bois,21,non,,804091
anspects de sapin,1,non,,804091
antale,3,non,,804091
antale et cauris,1,non,,804091
antenelle,1,non,,804091
antennes,2,non,,804091
antennes et mâts de bateaux,1,non,,804091
antimoine,294,non,,804091
antimoine cru,28,non,,804091
antimoine métallique et sulfuré,2,non,,804091
antimoine préparé,2,non,,804091
antimoine vert,1,non,,804091
antofle,1,non,,804091
antofle de girofle,11,non,,804091
apasier,1,non,,804091
apier,3,non,,804091
apios,7,non,,804091
apparaux,1,non,,804091
apparaux et bâtiments de mer,38,non,,804091
apprêtée à toiler les livres,2,non,,804091
apprêtée pour parchemins,2,non,,804091
apprêts,0,non,,804091
arachis olives fraîches,1,non,,804091
arains,6,non,,804091
arak,17,non,,804091
arbalètes,7,non,,804091
arbalètrie et cartes marines,1,non,,804091
arbres,51,non,,804091
arbres à fruits,2,non,,804091
arbres à planter,144,non,,804091
arbres à planter pommiers,1,non,,804091
arbres châtaignier,4,non,,804091
arbres d' ???,1,non,,804091
arbres d'auban,1,non,,804091
arbres de sapin,1,non,,804091
arbres et arbrisseaux,25,non,,804091
arbres et arbrisseaux à fruits,134,non,,804091
arbres et arbrisseaux sauvages,138,non,,804091
arbres et arbustes,6,non,,804091
arbres et plants,1,non,,804091
arbres fruitiers,97,non,,804091
arbres marronniers à planter,1,non,,804091
arbres nains,1,non,,804091
arbres tilleul,4,non,,804091
arbrisseaux,10,non,,804091
arbustes,4,non,,804091
arcanette,1,non,,804091
arcanie,2,non,,804091
arcanson,4,non,,804091
arcanum duplicatum,2,non,,804091
archets de violons,19,non,,804091
archets et violon,1,non,,804091
arçons de bas de bois,1,non,,804091
arçons de bois,1,non,,804091
arçons de selles,24,non,,804091
arçons démontés,1,non,,804091
ardoise,390,non,,804091
ardoise à écrire,1,non,,804091
ardoise à piler,1,non,,804091
ardoise commune,215,non,,804091
ardoise dite chérubin et à mortier,63,non,,804091
ardoise dite grande voisine,2,non,,804091
ardoise dite moyenne voisine,3,non,,804091
ardoise dite petite voisine,2,non,,804091
ardoise dite voisine grande moyenne et petite,7,non,,804091
ardoise en carreaux,2,non,,804091
ardoise en carreaux et d'1 pied carré,1,non,,804091
ardoise en carreaux ou en table,7,non,,804091
ardoise en livret,7,non,,804091
ardoise encadrée,2,non,,804091
ardoise encadrée et en livret,71,non,,804091
ardoise non travaillée,8,non,,804091
ardoise pour fenêtre,6,non,,804091
ardoise pour toiture,8,non,,804091
ardoise pour toiture au kilogramme,1,non,,804091
ardoise pour toiture au nombre,2,non,,804091
ardoise verte,1,non,,804091
ardoises,3,non,,804091
ardoises et ciment et chaux et pierres et plâtre et pouzzolane et sable et terre,9,non,,804091
arelles de baleine,1,non,,804091
argent,12,non,,804091
argent battu,1,non,,804091
argent battu et en feuille,2,non,,804091
argent battu filé laminé et tiré,3,non,,804091
argent brisé et en lingots et en masses,1,non,,804091
argent brûlé,9,non,,804091
argent brut,1,non,,804091
argent brut en lingot et en masse ouvrages détruits,2,non,,804091
argent carragoux,2,non,,804091
argent en barils,2,non,,804091
argent en barres,17,non,,804091
argent en lingots,27,non,,804091
argent en lingots par Calais,1,non,,804091
argent et or,237,non,,804091
argent et or billon,8,non,,804091
argent et or et bijouterie,1,non,,804091
argent faux,9,non,,804091
argent faux en fil cantilles etc.,3,non,,804091
argent faux et or faux,54,non,,804091
argent faux et or faux traits,5,non,,804091
argent fin,1,non,,804091
argent monnayé et nogat d'or,4,non,,804091
argent vif,3,non,,804091
argenterie,737,non,,804091
argenterie épée,7,non,,804091
argenterie et bijouterie,21,non,,804091
argenterie et bijouterie et orfèvrerie,1,non,,804091
argenterie et orfèvrerie,122,non,,804091
argenterie et orfèvrerie vermeil,37,non,,804091
argenterie neuve,4,non,,804091
argenterie vieille,11,non,,804091
argenterie vieille en couverts,1,non,,804091
argenterie vieille et bijouterie d'argent,2,non,,804091
argile et terre pour engrais,15,non,,804091
arins,1,non,,804091
aristoloche,78,non,,804091
armement de tables,3,non,,804091
armes,349,non,,804091
armes à feu,358,non,,804091
armes à feu de guerre,2,non,,804091
armes à feu de guerre et de traite,1,non,,804091
armes à feu de guerre portatives,2,non,,804091
armes à feu de luxe,4,non,,804091
armes à feu de luxe ou de traite,3,non,,804091
armes à feu de munitions,2,non,,804091
armes à feu de munitions fines,4,non,,804091
armes à feu de traite,1,non,,804091
armes à feu et artillerie,1,non,,804091
armes à feu et de traite,1,non,,804091
armes à feu et fusils,1,non,,804091
armes armureries,1,non,,804091
armes autres que de guerre à feu,1,non,,804091
armes autres que de guerre blanches,1,non,,804091
armes blanches,192,non,,804091
armes blanches à feu et artillerie,5,oui,,804091
armes blanches de guerre,1,non,,804091
armes blanches de guerre et de traite,1,non,,804091
armes blanches de luxe,2,non,,804091
armes blanches de luxe ou de traite,3,non,,804091
armes blanches de traite,1,non,,804091
armes de chasse ou de luxe à feu,2,non,,804091
armes de chasse ou de luxe blanches,2,non,,804091
armes de guerre,2,non,,804091
armes différentes,1,non,,804091
armes et artillerie artillerie en canons pierriers espingoles et mortiers,3,non,,804091
armes et munitions,9,non,,804091
armes lames,1,non,,804091
armes remontrances,3,non,,804091
armoires,58,non,,804091
armoires ayant servi,1,non,,804091
armoires d'acajou,12,non,,804091
armoires de bois,2,non,,804091
armoires de bois de noyer,1,non,,804091
armoires de bois de sapin peintes,0,non,,804091
armoires de bois des Indes,1,non,,804091
armoires de chêne,10,non,,804091
armoires de chêne ornée,1,non,,804091
armoires de noyer,12,non,,804091
armoires de sapin,4,non,,804091
armoires et commodes,1,non,,804091
armoires vieilles,2,non,,804091
armoisin,51,non,milieu de gamme,43973
armure de fer,1,non,,804091
armure vieille,1,non,,804091
arnas,1,non,,804091
arquebuse,1,non,,804091
arrangas,1,non,,804091
arrosoirs,7,non,,804091
arrosoirs de bois,3,non,,804091
arrosoirs de cuivre,1,non,,804091
arrosoirs de fer,1,non,,804091
arrosoirs de fer-blanc,6,non,,804091
arrosoirs de sapin,1,non,,804091
arrosoirs de terre,1,non,,804091
arrowroot,1,non,,804091
arséniate de potasse,2,non,,804091
arsenic,496,non,,804091
arsenic métallique,6,non,,804091
artichauts,85,non,,804091
artichauts champignons et truffes,2,non,,804091
artichauts confits,70,non,,804091
artichauts frais,21,non,,804091
artichauts marinés,2,non,,804091
artichauts secs,7,non,,804091
artifice,5,non,,804091
artifice fusées etc.,44,non,,804091
artillerie,6,non,,804091
asa fœtida,129,non,,804091
ascrile,1,non,,804091
asperges,9,non,,804091
asperges confites,1,non,,804091
asperges et scorsonères,69,non,,804091
asphaltum,19,non,,804091
aspic en grabeau,1,non,,804091
assiette,2,non,,804091
assiette de Biarritz,1,non,,804091
assiette de bois,1,non,,804091
assiette de faïence,13,non,,804091
assiette de porcelaine,4,non,,804091
assiette de porcelaine des Indes,1,non,,804091
assiette de terre,8,non,,804091
assiette et plats de terre,1,non,,804091
asustum,1,non,,804091
atastes,1,non,,804091
atlas,4,non,,804091
atlas à la feuille d'or,1,non,,804091
atlas et instruments de marine,2,non,,804091
atlas jaspé,1,non,,804091
attaches de cuivre,1,non,,804091
attelles de colliers,14,non,,804091
aube,1,non,,804091
auchinoise,2,non,,804091
auclimes,3,non,,804091
auf,121,non,,804091
augemy,2,non,,804091
auges,3,non,,804091
auges de carreaux,2,non,,804091
augustins,2,non,,804091
aurcsats,1,non,,804091
aurcsats étoile,1,non,,804091
aussière,0,non,,804091
autel de marbre,2,non,,804091
aux travaux du Roi,6,non,,804091
avelanède,62,non,,804091
avelanèdes,59,oui,,804091
avelines,12,non,,804091
avelines et noisettes sèches,22,non,,804091
avelines faînes noisettes noix,1,non,,804091
avelines noisettes noix,5,non,,804091
avirons,696,non,,804091
avirons bruts,17,non,,804091
avirons de 12 pieds,1,non,,804091
avirons de 18 pieds,1,non,,804091
avirons de 30 pieds,1,non,,804091
avirons de 5 pieds,1,non,,804091
avirons de 8 à 12 pieds,1,non,,804091
avirons de bois,60,non,,804091
avirons de bois façonné,1,non,,804091
avirons de chêne,1,non,,804091
avirons de sapin,2,non,,804091
avirons en bois de construction,2,non,,804091
avirons et perches de bois,0,non,,804091
avirons et rames bruts,2,non,,804091
avirons et rames de bois,1,non,,804091
avirons et rames de bois façonné,2,non,,804091
avirons et rames façonnés,5,non,,804091
avirons polis,1,non,,804091
avoine,1045,non,,804091
avoine en gerbes,22,non,,804091
avoine et haricots,1,non,,804091
avoine et orge etc.,1,non,,804091
avoine mondée,1,non,,804091
avoine moulée,1,non,,804091
azur,776,non,,804091
azur commun,341,non,,804091
azur et bleu de Prusse,10,non,,804091
azur et cobalt,20,non,,804091
azur fin,14,non,,804091
azur gros,24,non,,804091
babassis,1,non,,804091
babouches,97,non,,804091
babouches de maroquin,2,non,,804091
bacs d'1 aime,1,non,,804091
bacs de pierre,4,non,,804091
bacs de pierre bleue,2,non,,804091
bacs de pierre d'1 aime,13,non,,804091
bacs de pierre de 4 aimes,2,non,,804091
bacs de pierre de demi d'aime,66,non,,804091
bacs de pierre de moindre classe,85,non,,804091
bacs de pierre de trois-quart d'aime,2,non,,804091
bacs de pierre en dessous d'1 aime,14,non,,804091
bacs de pierre en dessus d'1 aime,54,non,,804091
badiane,62,non,,804091
baffetas,10,non,,804091
baffetas blanc,21,non,milieu de gamme,43973
baffetas bleu,30,non,bas de gamme,18109
baffetas des Indes,4,non,,804091
bafs ?,0,non,,804091
bagages,5,non,,804091
bagarot,1,non,,804091
bagues,5,non,,804091
bagues à pierres fausses,1,non,,804091
bagues d'argent,2,non,,804091
bagues d'or,1,non,,804091
bagues de cuivre,2,non,,804091
bagues de laiton,1,non,,804091
bagues de verre,3,non,,804091
baguettes,7,non,,804091
baguettes à chandelle,1,non,,804091
baguettes à étoffe,2,non,,804091
baguettes d'étain,2,non,,804091
baguettes de bois,1,non,,804091
baguettes de bois doré,1,non,,804091
baguettes de cuivre,3,non,,804091
baguettes de fer à fusil,53,non,,804091
baguettes de fusil,48,non,,804091
bahuts,24,non,,804091
baie de laurier,28,non,,804091
baies de buis,1,non,,804091
baies de genévrier à distiller,2,non,,804091
baies de genièvre,9,non,,804091
baignes,3,non,,804091
baignoires,2,non,,804091
baignoires d'acajou,1,non,,804091
baignoires de cuivre,4,non,,804091
baignoires de sapin,1,non,,804091
baignoires de tôle,2,non,,804091
baigots,1,non,,804091
baillarge,9,non,,804091
bailles,1,non,,804091
baïonnettes,80,non,,804091
bais de bois de chêne,2,non,,804091
bajutapau,259,non,milieu de gamme,43973
bajutapau commun,1,non,,804091
"bajutapau, canelis, etc.",3,non,,804091
balais,155,non,,804091
balais communs,5,non,,804091
balais coupés,3,non,,804091
balais de bois,39,non,,804091
balais de brandes,1,non,,804091
balais de bruyère,12,non,,804091
balais de chanvre,1,non,,804091
balais de crin,12,non,,804091
balais de foyer,1,non,,804091
balais de jonc,55,non,,804091
balais de jonc petits,1,non,,804091
balais de laine à laver les planchers,1,non,,804091
balais de Livourne,18,non,,804091
balais de millet,2,non,,804091
balais de paille,2,non,,804091
balais de paille de riz,6,non,,804091
balais de palme,319,non,,804091
balais de palme petits,2,non,,804091
balais de plumes,3,non,,804091
balais de poil,2,non,,804091
balais de riz,6,non,,804091
balais de soie,7,non,,804091
balais de soie de porcs,18,non,,804091
balais de toile,1,non,,804091
balais du roi,1,non,,804091
balais fins,1,non,,804091
balais grands de palme,3,non,,804091
balais ou ramons,101,non,,804091
balais petits,6,non,,804091
balance,12,non,,804091
balance à la romaine,1,non,,804091
balance complète,1,non,,804091
balance de bois,1,non,,804091
balance de cuivre,8,non,,804091
balance de cuivre jaune,1,non,,804091
balance de fer,4,non,,804091
balance et poids de cuivre,1,non,,804091
balance et romaine,2,non,,804091
balance et ses poids,1,non,,804091
balance ou fléaux en fer,3,non,,804091
balance petite,1,non,,804091
balance romaine,3,non,,804091
balcon de fer,1,non,,804091
baleine,130,non,,804091
baleine apprêtée,1,non,,804091
baleine coupée,806,non,,804091
baleine coupée en fanon,12,non,,804091
baleine coupée et en fanon,12,non,,804091
baleine de sarde,18,non,,804091
baleine en fanon,293,non,,804091
baleine en fanon et de sarde,1,non,,804091
baleine non sciée,75,non,,804091
baleine taillée,2,non,,804091
balles,9,non,,804091
balles à jouer,105,non,,804091
balles d'osier,3,non,,804091
balles de fer et canons de fer,51,non,,804091
balles de fer uni,1,non,,804091
balles de jonc,1,non,,804091
balles de laine,1,non,,804091
balles de palme,1,non,,804091
balles de plomb,9,non,,804091
balles de plumes,1,non,,804091
balles et dragées de plomb,121,non,,804091
balles vides,1,non,,804091
ballons en sapin,1,non,,804091
ballots,69,non,,804091
ballots d'étoffe,1,non,,804091
ballots de joncs,1,non,,804091
ballots de toile,1,non,,804091
balustres,13,non,,804091
bamboches,1,non,,804091
bambous,3,non,,804091
bambous et joncs,2,non,,804091
bambous et joncs forts,5,non,,804091
banastron,1,non,,804091
banc à couper la paille,1,non,,804091
banc de sapin,1,non,,804091
bandages,4,non,,804091
bandages de peaux,5,non,,804091
bandages pour soldats,1,non,,804091
bandanas des Indes,1,non,,804091
bandeaux,4,non,,804091
banderoles,2,non,,804091
banderoles de cuir,2,non,,804091
bandes de cabrouets de fer,3,non,,804091
bandes de charrettes,1,non,,804091
bandes de fer,4,non,,804091
bandes de fer à tombereaux,1,non,,804091
bandes de roues de fer,1,non,,804091
bandes de tulle brodées,1,non,,804091
bandes de tulles brodées,1,oui,,804091
bandoulières garnies d'argent,1,non,,804091
bannes et bannettes d'osier,1,non,,804091
bannettes d'osier,1,non,,804091
bannettes de cuir,1,non,,804091
bannière de Damas,1,non,,804091
banquette,4,non,,804091
baquelets,0,non,,804091
baquets,2,non,,804091
baquets à jeter l'eau,1,non,,804091
baquets de cuivre,5,non,,804091
baquets de fer,1,non,,804091
baquets de rechange,1,non,,804091
baquets de sapin,2,non,,804091
baracan,218,non,bas de gamme,18109
baracan d'Abbeville,1,non,,804091
baracan de laine,15,non,,804091
baracan de laine et de poil,2,non,,804091
baracan de Lille,1,non,,804091
baracan de poil,64,non,milieu de gamme,43973
baracan de renvoi,1,non,,804091
baras,1,non,,804091
barat de laine,1,non,,804091
baratte,1,non,,804091
barbaçons de grès,1,oui,,804091
barbançons,6,non,,804091
barbançons de grès,48,non,,804091
barbançons de terre,21,non,,804091
barbançons de terre de grès,1,oui,,804091
barbançons de verre,1,non,,804091
barbe de baleine,13,non,,804091
barbotine,43,non,,804091
barbues,1,non,,804091
barbues couvertes d'étamine,1,non,,804091
barbues de grès,14,non,,804091
barbues de terre,1,non,,804091
barbues ouvrées et cannettes ouvrées et jarres de terre ouvrées,1,non,,804091
bardes,5,non,,804091
barille,1,non,,804091
barille de retour,1,non,,804091
barilleau,8,non,,804091
barilleau de laine,3,non,,804091
barils,81,non,,804091
barils à poudre,5,non,,804091
barils ancres,1,non,,804091
barils de chêne,1,non,,804091
barils de fer-blanc,1,non,,804091
barils de fer-blanc simples,1,non,,804091
barils de retour,1,non,,804091
barils de sapin,1,non,,804091
barils de tonnelier,3,non,,804091
barils de vin de ???,4,non,,804091
barils doubles de fer-blanc,1,non,,804091
barils en bottes,1,non,,804091
barils neufs,3,non,,804091
barils petits,2,non,,804091
barils pour saler sardines,1,non,,804091
barils vides,123,non,,804091
barils vides pour sardines,3,non,,804091
barils vieux,1,non,,804091
barois,8,non,,804091
baromètre,6,non,,804091
barques,2,non,,804091
barques démontées,1,non,,804091
barques en bottes,1,non,,804091
barquettes,210,non,,804091
barquettes et nacelles,5,non,,804091
barquettes vieilles,5,non,,804091
barreau de laine,2,non,,804091
barreaux,3,non,,804091
barreaux de bois,8,non,,804091
barreaux de bois et planches de bois,6,non,,804091
barreaux de sapin,2,non,,804091
barreaux de sapin de 10 pieds,1,non,,804091
barreaux neufs,2,non,,804091
barres,115,non,,804091
barres à nègre,1,non,,804091
barres carrées de fer étiré,6,non,,804091
barres carrées de fer étiré de 15 inclusivement à 22 millimètres exclusivement,1,non,,804091
barres carrées de fer étiré de 15 inclusivement à 22 millimètres exclusivement sur chaque face,1,non,,804091
barres carrées de fer étiré de 22 millimètres et plus sur chaque face,2,non,,804091
barres carrées de fer étiré de moins de 15 millimètres,1,non,,804091
barres carrées de fer étiré de moins de 15 millimètres sur chaque face,1,non,,804091
barres d'anspects,112,non,,804091
barres d'anspects en bois,6,non,,804091
barres d'anspects et barres de cabestan,134,non,,804091
barres d'étain,3,non,,804091
barres d'étain ou blocs d'étain,2,non,,804091
barres de barrique,1,non,,804091
barres de bois,41,non,,804091
barres de cabestan,73,non,,804091
barres de cabestan en bois,2,non,,804091
barres de chêne,1,non,,804091
barres de chêne petites,1,non,,804091
barres de cuivre,2,non,,804091
barres de cuivre petites,1,non,,804091
barres de futel,1,non,,804091
barres de guindeau,48,non,,804091
barres de sapin,2,non,,804091
barres de sapin de 3 à 4 pieds,1,non,,804091
barres de sapin pour fonçaille,1,non,,804091
barres et cercles de fer,1,non,,804091
barres et clous de fer,1,non,,804091
barres et tôle de fer,2,non,,804091
barres et verges de fer,14,non,,804091
barres fines de fer,2,non,,804091
barres maître-fond,5,non,,804091
barres ouvrées de fer,1,non,,804091
barres plates de fer étiré,6,non,,804091
barres plates de fer étiré de 113 à 366 millimètres ou 42 à 72 lignes inclusivement,1,non,,804091
barres plates de fer étiré de 213 à 366 millimètres de largueur multipliée par l'épaisseur,1,non,,804091
barres plates de fer étiré de moins de 113 millimètres ou 42 lignes,1,non,,804091
barres plates de fer étiré de moins de 213 millimètres de largueur multipliée par l'épaisseur,1,non,,804091
barres plates de fer étiré de plus de 366 millimètres de largeur multipliée par l'épaisseur,1,non,,804091
barres plates de fer étiré de plus de 366 millimètres ou 72 lignes,1,non,,804091
barres pour édifices,1,non,,804091
barres pour édifiées,1,non,,804091
barres rondes de fer étiré,6,non,,804091
barres rondes de fer étiré de 15 millimètres et plus de diamètres,1,non,,804091
barres rondes de fer étiré de 15 millimètres ou 7 lignes et plus de diamètres,1,non,,804091
barres rondes de fer étiré de moins de 15 millimètres de diamètres,1,non,,804091
barres rondes de fer étiré de moins de 15 millimètres ou 7 lignes diamètres,1,non,,804091
barretons d'or,1,non,,804091
barrettes,1,non,,804091
barrettes de cuivre,3,non,,804091
barrettes de fer,1,non,,804091
barriques,67,non,,804091
barriques à eau,4,non,,804091
barriques cerclées de fer,1,non,,804091
barriques cerclées de fer et vides,1,non,,804091
barriques d'eau,1,oui,,804091
barriques d'eau en lest,1,non,,804091
barriques en bœuf,1,non,,804091
barriques neuves,5,non,,804091
barriques vides,204,non,,804091
barriques vides vieilles,48,non,,804091
barriques vieilles,21,non,,804091
barriques vieilles ???,4,non,,804091
bas,84,non,,804091
bas à crin d'or et de soie,1,non,,804091
bas communs,2,non,,804091
bas d'estam,1,oui,,804091
bas d'estame,75,non,,804091
bas d'estame fins,2,non,,804091
bas d'estame grossiers,2,non,,804091
bas d'étoffe,1,non,,804091
bas de bourre de soie,7,non,,804091
bas de Carcassone,1,non,,804091
bas de castor,26,non,,804091
bas de chamois,19,non,,804091
bas de coton,724,non,,804091
bas de coton 1300 lignes,1,non,,804091
bas de coton de femme,1,non,,804091
bas de coton en paires,0,non,,804091
bas de coton et bas de fil,368,non,,804091
bas de coton et bas de fil et bas de soie,1,non,,804091
bas de coton et bas de fil par paires,0,oui,,804091
bas de coton et bas de soie,1,non,,804091
bas de coton et bonnets de coton,35,non,,804091
bas de coton et laine,1,non,,804091
bas de coton pour enfant,1,non,,804091
bas de coton pour femme,1,non,,804091
bas de coton pour homme,1,non,,804091
bas de coutil,1,non,,804091
bas de fil,867,non,,804091
bas de fil commun,21,non,,804091
bas de fil d'or,2,non,,804091
bas de fil divers,1,non,,804091
bas de fil en paire,1,oui,,804091
bas de fil en paires,0,non,,804091
bas de fil et bas de laine,2,non,,804091
bas de fil et bonnets,2,non,,804091
bas de fil et pour femme,2,non,,804091
bas de fil et pour homme,1,non,,804091
bas de fil étrillés,9,non,,804091
bas de fil étrillés communs,1,non,,804091
bas de fil par paires,1,oui,,804091
bas de filoselle,389,non,,804091
bas de Flandre d'homme,1,non,,804091
bas de Flandre de femme,1,non,,804091
bas de flans,1,non,,804091
bas de fleuret,87,non,,804091
bas de laine,1003,non,,804091
bas de laine 40 lignes,1,non,,804091
bas de laine communs,10,non,,804091
bas de laine d'homme,1,non,,804091
bas de laine de Ségovie,3,non,,804091
bas de laine écarlate,2,non,,804091
bas de laine en paires,0,non,,804091
bas de laine et bas de soie,1,non,,804091
bas de laine et bonnets de laine,2,non,,804091
bas de laine et gants de laine et bonnets de laine,2,non,,804091
bas de laine fin,18,non,,804091
bas de laine grossière,28,non,,804091
bas de laine grossière pour enfant,2,non,,804091
bas de laine grossière pour homme,1,non,,804091
bas de laine par paires,0,oui,,804091
bas de laine pour femme,2,non,,804091
bas de laine pour homme,1,non,,804091
bas de mulet,1,non,,804091
bas de peau,23,non,,804091
bas de poil,9,non,,804091
bas de poil et bas de soie,3,non,,804091
bas de Saint-Mexant,7,non,,804091
bas de Ségovie,2,non,,804091
bas de soie,1675,non,,804091
bas de soie à coins d'argent,1,non,,804091
bas de soie à coins d'or,2,non,,804091
bas de soie à coins d'or et bas de soie à coins d'argent,2,non,,804091
bas de soie brodés,1,non,,804091
bas de soie brodés d'or,1,non,,804091
bas de soie brodés d'or et bas de soie brodés d'argent,1,non,,804091
bas de soie de Chine,2,non,,804091
bas de soie de Chine pour femme,2,non,,804091
bas de soie de Chine pour homme,2,non,,804091
bas de soie en paire,1,oui,,804091
bas de soie et gants de soie,1,non,,804091
bas de soie pour femme,32,non,,804091
bas de soie pour homme,33,non,,804091
bas de soie pour teindre,1,non,,804091
bas de soie vieux,3,non,,804091
bas de toile,1,non,,804091
bas des Îles et des Indes,1,non,,804091
bas des Indes de poil,1,non,,804091
bas drapés,1,non,,804091
bas écriers,1,non,,804091
bas et bonnets de castor,1,non,,804091
bas et bonnets de coton,2,non,,804091
bas et bonnets de fil,4,non,,804091
bas et gants de poil,1,non,,804091
bas étrillés,1,non,,804091
bas gants et bonnets de laine fil et coton,16,non,,804091
bas grossiers,4,non,,804091
bas pour femme,2,non,,804091
bas pour homme,2,non,,804091
bas-relief de marbre,1,non,,804091
basanes,47,non,,804091
basanes apprêtées,1,non,,804091
basanes blanc,1,non,,804091
basanes chamoisées,1,non,,804091
basanes de maroquin,1,non,,804091
basanes de mouton,9,non,,804091
basanes de mouton tannées,2,non,,804091
basanes de veau,4,non,,804091
basanes tannées,317,non,,804091
basanes tannées de veau,8,non,,804091
basin,922,non,milieu de gamme,43973
basin argent et or,1,non,,804091
basin blanc,10,non,,804091
basin blanc de 10 aunes,1,non,,804091
basin blanc de 11 aunes,1,non,,804091
basin blanc de fil,1,non,,804091
basin brodé,7,non,,804091
basin brodé de soie,1,non,,804091
basin brodé de soie et d'or,1,non,,804091
basin clair mêlé de coton,1,non,,804091
basin commun,16,non,,804091
basin coton,1,non,,804091
basin de 11 aunes,1,non,,804091
basin de 15 aunes,1,non,,804091
basin de 40 aunes,1,non,,804091
basin de Bruges écru de 115 aunes,1,non,,804091
basin de chanvre,1,non,,804091
basin de coton et basin de fil,2,non,,804091
basin de fil,4,non,,804091
basin de fil et de coton,2,non,,804091
basin de Godelour,0,non,,804091
basin de lin,2,non,,804091
basin de lin peint,1,non,,804091
basin de Rouen,1,non,,804091
basin de soie,1,non,,804091
basin de Troyes,11,non,,804091
basin des Indes,59,non,milieu de gamme,43973
basin en aunes,1,non,,804091
basin et Nankin,99,non,haut de gamme,12084
basin peint,7,non,,804091
basin rayé,2,non,,804091
basin sec fil,1,non,,804091
basin tout coton,1,non,,804091
basin uni et Nankin uni,38,non,haut de gamme,12084
baspormettes,1,non,,804091
basse,10,non,,804091
basse de viole,14,non,,804091
basse et bassons,48,non,,804091
basse et chapeaux chinois,2,non,,804091
bassin à barbe,1,non,,804091
bassin à barbe de cuivre,1,non,,804091
bassin à cassave,1,non,,804091
bassin d'étain,30,non,,804091
bassin de barbe,1,non,,804091
bassin de bois,1,non,,804091
bassin de cuivre,129,non,,804091
bassin de cuivre grand,1,non,,804091
bassin de cuivre jaune,13,non,,804091
bassin de cuivre jaune et chaudron de cuivre jaune,1,non,,804091
bassin de cuivre jaune pour l'entrepôt à la destination de la Compagnie des Indes,1,non,,804091
bassin de cuivre petit,1,non,,804091
bassin de cuivre pour l'entrepôt pour Guinée,1,non,,804091
bassin de fer,8,non,,804091
bassin de marbre,1,non,,804091
bassines de cuivre,5,non,,804091
bassons,7,non,,804091
bassons clarinettes,2,non,,804091
bast et écorce d'arbre et foularde,232,non,,804091
batanomes,163,non,milieu de gamme,43973
batanony,4,non,,804091
bâtardes,1,non,,804091
batavia,8,non,,804091
bateaux,204,non,,804091
bateaux à pêcher,6,non,,804091
bateaux à pêcher petits,1,non,,804091
bateaux neufs,40,non,,804091
bateaux petits,3,non,,804091
bateaux petits démontés,3,non,,804091
bâtiments de mer,22,non,,804091
bâtiments de mer vieux,1,non,,804091
bâtiments naufragés,1,non,,804091
batiste,582,non,haut de gamme,12084
batiste blanche,4,non,,804091
batiste brochée,1,non,,804091
batiste de 12 aunes,1,non,,804091
batiste de fil,12,non,haut de gamme,12084
batiste de lin,15,non,haut de gamme,12084
batiste de lin et linon de lin,14,non,haut de gamme,12084
batiste de Lorient,1,non,,804091
batiste écrue,2,non,,804091
batiste en carreaux,1,non,,804091
batiste et linon,144,non,haut de gamme,12084
batiste et linon de chanvre,2,non,,804091
batiste et linon de chanvre et de lin,7,non,,804091
batiste fine,8,non,,804091
batiste grise,4,non,,804091
bâtons,5,non,,804091
bâtons à chandelle,2,non,,804091
bâtons à étendre le linge,1,non,,804091
bâtons à faire cercles,12,non,,804091
bâtons à frottoir,2,non,,804091
bâtons à gaffes,6,non,,804091
bâtons à lave-place,21,non,,804091
bâtons à œillets,1,non,,804091
bâtons à pinceaux,1,non,,804091
bâtons d'éventails d'ivoire,1,non,,804091
bâtons de bois,4,non,,804091
bâtons de bois peints,1,non,,804091
bâtons de bois vernis,1,non,,804091
bâtons de brosses à goudronner,1,non,,804091
bâtons de cap,1,non,,804091
bâtons de colliers,3,non,,804091
bâtons de fer,1,non,,804091
bâtons de gabares,1,non,,804091
bâtons de gabares de 14 à 16 pieds,1,non,,804091
bâtons de gaffe,1,non,,804091
bâtons de pompes,1,non,,804091
bâtons de saloups,1,non,,804091
bâtons de sapin,40,non,,804091
bâtons de sapin de 30 pieds,1,non,,804091
bâtons de sapin de 4 pieds de long,2,non,,804091
bâtons de sapin peint,1,non,,804091
bâtons peints,2,non,,804091
bâtons vernis,22,non,,804091
bâts,4,non,,804091
bâts à matelas,1,non,,804091
bâts d'ânes,3,non,,804091
bâts de bois,1,non,,804091
bâts de chevaux,5,non,,804091
bâts de mulets,8,non,,804091
batterie d'airain,5,non,,804091
batterie de cuisine,5,non,,804091
batterie de cuisine en cuivre,5,non,,804091
batterie de cuivre,4,non,,804091
batterie de fer,17,non,,804091
batterie de fer à cuisine,2,non,,804091
batterie de fer coulé,2,non,,804091
batterie de fer-blanc,1,non,,804091
batterie en plaque,1,non,,804091
battes à fer,1,non,,804091
battes de jeu de paume,1,non,,804091
battoirs,1,non,,804091
battoirs à lessive,1,non,,804091
baudriers,30,non,,804091
baudriers de cuir,3,non,,804091
baule,1,non,,804091
baumanes,1,non,,804091
baume,151,non,,804091
baume de benjoin,44,non,,804091
baume de Copahu,129,non,,804091
baume de Copahu et du Pérou,3,non,,804091
baume de gaïac,1,non,,804091
baume de l'Amérique,1,non,,804091
baume de la Mecque,15,non,,804091
baume de storax liquide et en pain,2,non,,804091
baume de storax naturel,3,non,,804091
baume de storax préparé,2,non,,804091
baume de storax préparé en grains,1,non,,804091
baume de storax préparé liquide,29,non,,804091
baume de Sucre,2,non,,804091
baume de Tolu,2,non,,804091
baume de vie,14,non,,804091
baume du Canada,1,non,,804091
baume du Levant,2,non,,804091
baume du Pérou,90,non,,804091
baume et élixir,98,non,,804091
baume et sucs d'espèces particulières,2,non,,804091
baume laque,1,non,,804091
baume noir,1,non,,804091
baume rouge,1,non,,804091
baume tranquille,1,non,,804091
bavette,1,non,,804091
bavoirs,1,non,,804091
bayette,146,non,bas de gamme,18109
bayette blanche,141,non,,804091
bayette bleue,7,non,,804091
bayette bleue et rouge,1,non,,804091
bayette de Beauvais,1,non,,804091
bayette de prise,6,non,,804091
bayette des Indes,1,non,,804091
bayette grosse,1,non,,804091
bayette teinte,117,non,,804091
bayoulen,2,non,,804091
bazzitte,1,non,,804091
bdellium,23,non,,804091
beau vert broyé,2,non,,804091
beaudeaux,1,non,,804091
beaupré,134,non,,804091
bécasses,12,non,,804091
bécassines,2,non,,804091
becfigues marinés,1,non,,804091
bêches,2,non,,804091
bêches de fer,1,non,,804091
beige,1,non,,804091
béliers brebis et mouton communs,7,non,,804091
béliers mérinos,2,non,,804091
béliers mérinos et métis,7,non,,804091
belinge,1,non,,804091
benblanc,1,non,,804091
benfletins,1,non,,804091
Bengale,1,non,,804091
bénitier de marbre,3,non,,804091
bénitier de marbre ouvré,2,non,,804091
bénitier de marbre pesant 250 livres,1,non,,804091
benjoin,165,non,,804091
benjoin du Levant,1,non,,804091
bennes,3,non,,804091
bennes vides,2,non,,804091
berce de fer et lit de fer,1,non,,804091
berceau d'enfant,2,non,,804091
berceau d'osier,1,non,,804091
bergamote,2,non,,804091
bergamote sèche,1,non,,804091
bergamotes,111,non,,804091
bergamotes fraîches,1,non,,804091
Bergopzoom,52,non,,804091
berline,6,non,,804091
berline et harnais,3,non,,804091
berline garnie de velours,1,non,,804091
berline garnie de velours et crêpine d'or et harnais riche,1,non,,804091
berline vieille,1,non,,804091
bernes,12,non,,804091
bernes de laine,4,non,,804091
bernes ou tapsel,1,non,,804091
bernic,1,non,,804091
bestiaux,274,non,,804091
bestiaux et bêtes de somme,2,non,,804091
bêtes de somme,165,non,,804091
bêtes de somme et bœuf,1,non,,804091
bêtes de somme et poulains,1,non,,804091
bêtes principalement en mules et mulets,11,non,,804091
bétilles,32,non,haut de gamme,12084
bétilles des Indes,2,non,,804091
betteraves,2,non,,804091
beunne,0,non,,804091
beurre,2738,non,,804091
beurre commun,22,non,,804091
beurre d'Angleterre,2,non,,804091
beurre d'Irlande,21,non,,804091
beurre d'Irlande non comestible,51,non,,804091
beurre d'Irlande salé,12,non,,804091
beurre de Bretagne,21,non,,804091
beurre de cacao,5,non,,804091
beurre de Dixmude,1,non,,804091
beurre de Hollande,1,non,,804091
beurre du pays,10,non,,804091
beurre du pays salé,8,non,,804091
beurre en frequins,1,non,,804091
beurre et fromage,6,non,,804091
beurre fondu,3,non,,804091
beurre frais,19,non,,804091
beurre frais ou fondu,7,non,,804091
beurre frais ou fondu ou salé,2,non,,804091
beurre pour Genève par transit,1,non,,804091
beurre pour l'entrepôt des Îles,5,non,,804091
beurre salé,331,non,,804091
beurre salé de Hollande,1,non,,804091
beurreterie en bar de fil blanc,1,non,,804091
beurrière,64,non,,804091
bezoar,7,non,,804091
bezoar du Ponant,1,non,,804091
bibelots et mercerie,10,non,,804091
bibliothèque,3,non,,804091
bidets,2,non,,804091
bidets de faïence,1,non,,804091
bidets de faïence avec leurs pieds de bois,1,non,,804091
bidets de faïence et leurs pièces,1,non,,804091
bidons,1,non,,804091
bière,1669,non,,804091
bière aigre,1,non,,804091
bière blanche,1,non,,804091
bière cidre et vinaigre,1,non,,804091
bière commune du pays,87,non,,804091
bière d'Angleterre,7,non,,804091
bière d'Hoegaarden,78,non,,804091
bière de Hollande,10,non,,804091
bière de Hollande et d'Angleterre,9,non,,804091
bière de Liège,3,non,,804091
bière de Lübeck,3,non,,804091
bière de Lübeck pour médecine,1,non,,804091
bière dite juypenbier,2,non,,804091
bière dite lumay,5,non,,804091
bière en barrique,1,non,,804091
bière en bouteille,4,non,,804091
bière en muid,5,non,,804091
bière et cidre,102,non,,804091
bière et cidre et vinaigre,15,non,,804091
bière forte,1,non,,804091
bière médicinale de Lübeck,1,non,,804091
bière vétérinaire,1,non,,804091
bigane,1,non,,804091
bigarade,1,non,,804091
bigarade fraîche,0,non,,804091
bignes,3,non,,804091
bignon frais,1,non,,804091
bigons,15,non,,804091
bigornes,1,non,,804091
bigous,0,non,,804091
bigues,6,non,,804091
bijouterie,890,non,,804091
bijouterie d'argent,7,non,,804091
bijouterie d'argent autre qu'ornée en perles fines ou pierres,2,non,,804091
bijouterie d'argent et d'or,1,non,,804091
bijouterie d'argent ornée en perles fines ou pierres,2,non,,804091
bijouterie d'or,8,non,,804091
bijouterie d'or autre qu'ornée en perles fines ou pierres,2,non,,804091
bijouterie d'or ornée en perles fines ou pierres,2,non,,804091
bijouterie en argent,1,oui,,804091
bijouterie et mercerie,1,non,,804091
bijouterie et perles fines,17,non,,804091
bijouterie fine,4,non,,804091
bijouterie fine fausse en pierres faite métal,2,non,,804091
bijouterie pour montres d'argent,1,non,,804091
bijoux,1,non,,804091
bijoux d'or,1,non,,804091
bijoux en croix,1,non,,804091
bijoux en épingles,1,non,,804091
bilardeaux,14,non,,804091
billard,17,non,,804091
billard gaongs,1,non,,804091
billard vieux,1,non,,804091
billes d'ivoire,8,non,,804091
billes de billard,1,non,,804091
billes de bois,4,non,,804091
billes de bois de Cayenne,0,non,,804091
billes de bois de Cayenne de 9 pieds,1,non,,804091
billes de bois de gaïac,1,non,,804091
billes de bois et de marbre,1,non,,804091
billes de bois marbré,5,non,,804091
billes de bois pour meuble,1,oui,,804091
billes de bois pour meubles,3,non,,804091
billets,0,non,,804091
billets de parchemin,7,non,,804091
billons,15,non,,804091
billons de bois,6,non,,804091
billons de bois blanc,3,non,,804091
billons de bois petits,1,non,,804091
billons de pin,1,non,,804091
billons de sapin,4,non,,804091
billons et bois blanc,1,non,,804091
billots,1,non,,804091
billots de chêne pour merrain,1,non,,804091
billots de pin,1,non,,804091
billots de sapin,13,non,,804091
billots de sapin de 20 pieds,1,non,,804091
billots de sapin de 30 à 35 pieds,1,non,,804091
billots pour merrain,1,non,,804091
bimauds,1,non,,804091
bimbeloterie,91,non,,804091
bin,0,non,,804091
binages à pousser,9,non,,804091
birampots,4,non,,804091
birampots bleu,1,non,,804091
birampots des Indes,1,non,,804091
biscottes,1,non,,804091
biscuit,283,non,,804091
biscuit amer,2,non,,804091
biscuit anisé,1,non,,804091
biscuit de mer,183,non,,804091
biscuit de mer et pain,7,non,,804091
biscuit de mer et pâte d'Italie,1,non,,804091
biscuit de munition,45,non,,804091
biscuit en pain,1,non,,804091
biscuit et farine et gruau et pâte,14,non,,804091
biscuit sucré,7,non,,804091
biseaux,1,non,,804091
bismuth,5,non,,804091
bitume,2,non,,804091
bitume de Judée,7,non,,804091
bitume et ambre jaune,2,non,,804091
bitume et bitume de Judée,2,non,,804091
bitume et houille brute,2,non,,804091
bitume et houille coak,1,non,,804091
blagues,3,non,,804091
blagues à tabac,1,non,,804091
blagues de cuir,1,non,,804091
blallst,1,non,,804091
blanc,3,non,,804091
blanc d'écaille,6,non,,804091
blanc d'Espagne,78,non,,804091
blanc d'Espagne craie blanche et moulue,3,non,,804091
blanc d'oriol,1,non,,804091
blanc de ???,0,non,,804091
blanc de baleine,145,non,,804091
blanc de céruse,40,non,,804091
blanc de céruse pour l'entrepôt de la Compagnie des Indes,1,non,,804091
blanc de ferax,9,non,,804091
blanc de ferux,0,oui,,804091
blanc de Herps,3,non,,804091
blanc de Hollande,1,non,,804091
blanc de Marne,1,oui,,804091
blanc de marne,1,non,,804091
blanc de Naples,1,non,,804091
blanc de plomb,53,non,,804091
blanc de plomb et térébenthine,1,non,,804091
blanc de Troyes,23,non,,804091
blanc de Troyes et craie,2,non,,804091
blanc en chevron,1,non,,804091
blanc en pierres,1,non,,804091
blanc simple,2,non,,804091
blanchette,1,non,,804091
blanchissoire,2,non,,804091
blanquette,3,non,,804091
blé,18,non,,804091
blé avarié,3,non,,804091
blé de Hongrie,2,non,,804091
blé de retour,5,non,,804091
blé en gerbe,4,non,,804091
blé en grabeau,1,non,,804091
blé et autres grains,17,non,,804091
blé et orge,1,non,,804091
blé étranger,2,non,,804091
blé roux,1,non,,804091
bleu,19,non,,804091
bleu à l'eau,1,non,,804091
bleu azure,1,oui,,804091
bleu calaminé,1,non,,804091
bleu commun,7,non,,804091
bleu d'Allemagne,1,non,,804091
bleu d'azur,2,non,,804091
bleu de Berlin,95,non,,804091
bleu de Berlin ou de Prusse,1,non,,804091
bleu de paille,57,non,,804091
bleu de Pierre,1,non,,804091
bleu de Prusse,175,non,,804091
bleu de Prusse boules et indique,2,non,,804091
bleu de Prusse et graine jaune,2,non,,804091
bleu de Prusse et lazulite,15,non,,804091
bleu de Saxe,1,non,,804091
bleu de smalt,9,non,,804091
bleu en encre,1,non,,804091
bleu en pierres,4,non,,804091
bleu et vert minéral ou de montagne,1,non,,804091
bleu fin,2,non,,804091
bleu foncé,1,non,,804091
bleu ordinaire,1,non,,804091
bleu ou tournesol,1,non,,804091
Blicourt écarlate,1,non,,804091
bloc de 30 pieds,1,non,,804091
bloc de bois de l'Amérique,1,non,,804091
blocs,4,non,,804091
blocs de cuivre jaune,2,non,,804091
blonde,4,non,,804091
blonde d'argent,2,non,,804091
blonde d'or,1,non,,804091
blonde de fil,1,non,,804091
blonde de soie,130,non,haut de gamme,12084
blonde or et argent,1,non,,804091
blonde visage,2,non,,804091
blondine,1,non,,804091
bluteau de laine,7,non,,804091
bluteaux,3,non,,804091
bobine de cuir,1,non,,804091
bocages en fer,3,non,,804091
bocages en fonte,1,non,,804091
bocard de verre,1,non,,804091
bocau soie,1,non,,804091
bodans,0,non,,804091
boëland,19,non,,804091
bœuf,596,non,,804091
bœuf à l'écarlate,11,non,,804091
bœuf à la mode,7,non,,804091
bœuf d'Irlande,1,non,,804091
bœuf du pays,3,non,,804091
bœuf en daube,60,non,,804091
bœuf et génisses et taureaux et vaches,2,non,,804091
bœuf et génisses et vache,1,non,,804091
bœuf et langue salée,6,non,,804091
bœuf et lard,2,non,,804091
bœuf et mouton et porcs et vache,141,non,,804091
bœuf et mouton et porcs et vache et veaux,55,non,,804091
bœuf et mouton et porcs et vache etc.,7,non,,804091
bœuf et mouton et vache et veaux,6,oui,,804091
bœuf et mouton et vache etc.,1,non,,804091
bœuf et taureaux,105,non,,804091
bœuf et vache,9,non,,804091
bœuf froment,1,non,,804091
bœuf fumé,159,non,,804091
bœuf fumé et salé,3,non,,804091
bœuf gras,2,non,,804091
bœuf gras et en chair,2,non,,804091
bœuf illinois,1,non,,804091
bœuf jeune,1,non,,804091
bœuf maigre,2,non,,804091
bœuf préparé,1,non,,804091
bœuf salé,1841,non,,804091
bœuf salé d'Irlande,38,non,,804091
bœuf salé d'olivier,1,non,,804091
bœuf salé de Bretagne,2,non,,804091
bœuf salé de Hollande,1,non,,804091
bœuf salé du pays,25,non,,804091
bœuf salé pour l'entrepôt des Îles,3,non,,804091
bœuf taureau,5,non,,804091
bœuftins et génisses,120,non,,804091
bois,6492,non,,804091
bois à bâtir,7,oui,,804091
bois à brûler,9,oui,,804091
bois à cannes,1,oui,,804091
bois à fusil,2,oui,,804091
bois à merrains,0,oui,,804091
bois à quart,1,oui,,804091
bois à teindre moulu,17,oui,,804091
bois à tourner,1,oui,,804091
bois à travailler,1,oui,,804091
bois à visser,1,oui,,804091
bois amer,2,non,,804091
bois au daumes,3,non,,804091
bois barres de guindeau,1,non,,804091
bois billots,1,non,,804091
bois blanc,4,non,,804091
bois bordage,53,non,,804091
bois bourdilles,21,non,,804091
bois bourdillons,17,non,,804091
bois boway de chêne,1,non,,804091
bois boway de sapin,1,non,,804091
bois brai,1,non,,804091
bois brandilles,1,non,,804091
bois brun,2,non,,804091
bois commun,1,non,,804091
bois commun de chêne et sans désignation d'espèce et scié,1,non,,804091
bois commun de pin et sapin brut ou équarri à la hache,1,non,,804091
bois commun de pin et sapin de cham et scié,1,non,,804091
bois commun de pin et sapin scié de 34 mm d'épaisseur,1,non,,804091
bois commun de pin et sapin scié de plus de 80 mm d'épaisseur,3,non,,804091
bois corbin,1,non,,804091
bois cordayer,2,non,,804091
bois courbé,1,non,,804091
bois d'acajou,164,non,,804091
bois d'acajou brut,6,non,,804091
bois d'acajou des entrepôts,0,non,,804091
bois d'acajou divers,2,non,,804091
bois d'acajou en bloc,1,non,,804091
bois d'acajou en morceaux,1,non,,804091
bois d'acajou pour madrier,1,non,,804091
bois d'acajou pour planche,1,non,,804091
bois d'acajou scié,4,non,,804091
bois d'acajou scié de 2 à 3 décimètres,1,non,,804091
bois d'aloès,13,non,,804091
bois d'amarante,3,non,,804091
bois d'Angeot,3,non,,804091
bois d'Angola,2,non,,804091
bois d'ansprete,2,non,,804091
bois d'arc,5,non,,804091
bois d'arc et d'arbalètes,6,non,,804091
bois d'arc et de flèches,3,non,,804091
bois d'arc et de fusils,59,non,,804091
bois d'arc et de selles,9,non,,804091
bois d'aspatton,1,non,,804091
bois d'ébène,232,non,,804091
bois d'ébène en bûches,1,non,,804091
bois d'ébénisterie,12,non,,804091
bois d'ébénisterie des entrepôts,0,non,,804091
bois d'ébénisterie et des Indes,32,non,,804091
bois d'ébénisterie scié,2,non,,804091
bois d'écarage,1,non,,804091
bois d'érable,1,non,,804091
bois d'espars,6,non,,804091
bois d'espars de 30 à 40 pieds,1,non,,804091
bois d'espars de 40 pieds,1,non,,804091
bois d'espars de 45 pieds,1,non,,804091
bois d'esquine,4,non,,804091
bois d'Inde,1,non,,804091
bois d'olivier,28,non,,804091
bois d'olivier à brûler,1,non,,804091
bois d'olivier pelé,15,non,,804091
bois d'olivier pelé préceintes,1,non,,804091
bois d'orignal,2,non,,804091
bois d'orme,9,non,,804091
bois d'ormeau,2,non,,804091
bois d'osier,33,non,,804091
bois de ???,2,non,,804091
bois de 5 pieds,0,non,,804091
bois de bordage,5,non,,804091
bois de bordage de chêne,1,non,,804091
bois de bordage de sapin,1,non,,804091
bois de Brésil,650,non,,804091
bois de Brésil en bûche,8,non,,804091
bois de Brésil menu,1,non,,804091
bois de Brésil moulu,1,non,,804091
bois de Brésil râpé,5,non,,804091
bois de Brésil Sainte-Marthe,2,non,,804091
bois de brésillet,8,non,,804091
bois de brochialle,1,non,,804091
bois de bruyère,1,non,,804091
bois de buis,236,non,,804091
bois de buis boule,1,non,,804091
bois de buis en bûches,1,non,,804091
bois de cabestan,2,non,,804091
bois de cail-cédra,3,non,,804091
bois de Caliatour,92,non,,804091
bois de Caliatour en bûche,3,non,,804091
bois de Caliatour moulu,30,non,,804091
bois de Caliatour râpé,4,non,,804091
bois de Campêche,1203,non,,804091
bois de Campêche en bûches,28,non,,804091
bois de Campêche en bûches pour teinture,1,non,,804091
bois de Campêche moulu,50,non,,804091
bois de Campêche pour teinture,3,non,,804091
bois de Campêche râpé,26,oui,,804091
bois de camphre,1,non,,804091
bois de canet,1,non,,804091
bois de cannelle,1,non,,804091
bois de cannelle en morceaux,1,non,,804091
bois de Cayenne,7,non,,804091
bois de cèdre,23,non,,804091
bois de cerf,2,non,,804091
bois de cerisier,3,non,,804091
bois de chacie de noyer,1,non,,804091
bois de chaises,3,non,,804091
bois de charbonnage,1,non,,804091
bois de charouage,1,non,,804091
bois de charpente,52,non,,804091
bois de charpente couvertures de maisons,1,non,,804091
bois de charpente de sapin,2,non,,804091
bois de charron,35,non,,804091
bois de charronnage,27,oui,,804091
bois de châtaignier,3,non,,804091
bois de châtaignier en planches,1,oui,,804091
bois de chêne,125,non,,804091
bois de chêne 30 pieds,1,non,,804091
bois de chêne à poutres,1,non,,804091
bois de chêne à sommiers,2,non,,804091
bois de chêne bourdilles,1,non,,804091
bois de chêne bouts de 6 pieds,1,non,,804091
bois de chêne carré,8,non,,804091
bois de chêne chevrons,1,oui,,804091
bois de chêne courbé pour construction navale,59,non,,804091
bois de chêne d'équarrissage,1,non,,804091
bois de chêne de 30 à 40 pieds,1,non,,804091
bois de chêne de 30 pieds,1,non,,804091
bois de chêne de 40 pieds,1,non,,804091
bois de chêne de charpente,1,non,,804091
bois de chêne de construction,4,oui,,804091
bois de chêne en bouts,2,non,,804091
bois de chêne en bûches,5,non,,804091
bois de chêne en lattes,3,non,,804091
bois de chêne en morceaux,2,non,,804091
bois de chêne en morceaux de 5 pieds,1,non,,804091
bois de chêne en pièces,1,non,,804091
bois de chêne et sapin pour construction,0,non,,804091
bois de chêne pour bordage,2,non,,804091
bois de chêne pour construction,11,non,,804091
bois de chêne pour construction courbe,1,non,,804091
bois de chêne pour construction navale,3,non,,804091
bois de chêne rond,8,non,,804091
bois de chêne scié,2,non,,804091
bois de chevrons,2,non,,804091
bois de Chine,1,non,,804091
bois de Chypre,0,non,,804091
bois de citrin et de quassie et de Rhodes et de santal blanc,2,non,,804091
bois de clafou,1,non,,804091
bois de cleippe,1,non,,804091
bois de coco,2,non,,804091
bois de Constantine,0,non,,804091
bois de construction,6,non,,804091
bois de constuction,6,oui,,804091
bois de cordes,0,non,,804091
bois de coulette de hêtre,1,non,,804091
bois de couleur,35,non,,804091
bois de courbant,1,non,,804091
bois de courbaril,5,non,,804091
bois de coutelier,2,non,,804091
bois de crabe,4,non,,804091
bois de crible,1,non,,804091
bois de faïence,0,non,,804091
bois de fauteuils,5,non,,804091
bois de fauteuils et canapé,1,non,,804091
bois de faux,1,non,,804091
bois de fayard,11,oui,,804091
bois de fer,3,non,,804091
bois de férole,1,non,,804091
bois de figuier,1,non,,804091
bois de flèches,3,non,,804091
bois de Fondal,2,non,,804091
bois de frêne,2,non,,804091
bois de fustel,117,non,,804091
bois de fustel haché,2,non,,804091
bois de fustel pour teinture,2,non,,804091
bois de fustet,63,non,,804091
bois de fustet moulu,1,non,,804091
bois de fustet pour teinture,1,non,,804091
bois de gaïac,386,non,,804091
bois de gaïac des entrepôts,0,non,,804091
bois de gaïac en bûches,5,non,,804091
bois de gaïac râpé,2,non,,804091
bois de gaillard,1,non,,804091
bois de gays,1,non,,804091
bois de genièvre,1,non,,804091
bois de girofle,46,non,,804091
bois de gitte,1,non,,804091
bois de grenadier,5,non,,804091
bois de grenadille,2,non,,804091
bois de grenadille en bûches,1,non,,804091
bois de grignon,9,non,,804091
bois de Hambourg,0,non,,804091
bois de Hambours en bâton,1,non,,804091
bois de hêtre,12,non,,804091
bois de Honduras,1,non,,804091
bois de Honduras en bûches,1,non,,804091
bois de houx,0,non,,804091
bois de houx bûches,1,oui,,804091
bois de houx en bûches,2,non,,804091
bois de jacaranda,20,non,,804091
bois de lettre,6,non,,804091
bois de lin,3,non,,804091
bois de lit,26,non,,804091
bois de lit d'acajou,1,non,,804091
bois de machandises marbré,5,non,,804091
bois de machemillier,6,non,,804091
bois de Magny,1,non,,804091
bois de majambou,1,non,,804091
bois de marbre,2,non,,804091
bois de marguerite,1,non,,804091
bois de marine,1,non,,804091
bois de mariombre,1,non,,804091
bois de marqueterie,86,non,,804091
bois de mazembie,1,non,,804091
bois de melle,1,non,,804091
bois de menuiserie,19,non,,804091
bois de Nantes,0,non,,804091
bois de navire,0,non,,804091
bois de Nicaragua,0,non,,804091
bois de noyer,80,non,,804091
bois de palissandre,46,non,,804091
bois de Pernambouc,248,non,,804091
bois de Pernambouc à teindre,2,non,,804091
bois de Pernambouc arbustes,2,non,,804091
bois de Pernambouc en bûche,7,non,,804091
bois de Pernambouc moulu,7,non,,804091
bois de Pernambouc râpé,2,non,,804091
bois de pin,917,non,,804091
bois de pin de construction,21,non,,804091
bois de pourpre,1,non,,804091
bois de Provence,1,non,,804091
bois de Provence Pernambouc et Campêche,3,non,,804091
bois de quassie,1,non,,804091
bois de raquette,1,non,,804091
bois de réglisse,72,non,,804091
bois de réglisse et jus de réglisse,127,non,,804091
bois de Rhodes,7,non,,804091
bois de Rhodes et sental-citrin etc.,2,non,,804091
bois de romarin,2,non,,804091
bois de rose,76,non,,804091
bois de roseaux,10,non,,804091
bois de rouage,12,non,,804091
bois de rouage et ouvrages de charronnerie,7,non,,804091
bois de roulage,2,non,,804091
bois de Sainte-Lucie,2,non,,804091
bois de Sainte-Marthe,272,non,,804091
bois de Sainte-Marthe en bûches,4,non,,804091
bois de Sainte-Marthe moulu,2,non,,804091
bois de Sainte-Marthe pour teinture,2,non,,804091
bois de santal,248,non,,804091
bois de santal ???,1,non,,804091
bois de santal blanc,4,non,,804091
bois de santal cetrin,1,non,,804091
bois de santal citrin,6,non,,804091
bois de santal en bûches,12,non,,804091
bois de santal moulu,142,non,,804091
bois de santal mouton,1,non,,804091
bois de santal pour teinture,1,non,,804091
bois de santal rouge,4,non,,804091
bois de sap,0,non,,804091
bois de sapin,113,non,,804091
bois de sapin de 18 pieds,1,non,,804091
bois de sapin de 2 à 3 pieds,1,non,,804091
bois de sapin de 20 à 30 pieds,1,non,,804091
bois de sapin de 20 pieds,1,non,,804091
bois de sapin de 22 pieds et 12 pouces,1,non,,804091
bois de sapin de 27 pieds,1,non,,804091
bois de sapin de 4 pieds,1,non,,804091
bois de sapin de 40 pieds,2,non,,804091
bois de sapin de 6 pieds,1,non,,804091
bois de sapin en bûches,1,non,,804091
bois de sapin peint,2,non,,804091
bois de sappan,50,non,,804091
bois de sappan moulu pour teindre,1,non,,804091
bois de sappan pour teindre,1,non,,804091
bois de sassafras,27,non,,804091
bois de sassafras moulu,1,non,,804091
bois de saule,1,non,,804091
bois de saune,1,non,,804091
bois de Sayan,1,non,,804091
bois de sciage,1,non,,804091
bois de selles,3,non,,804091
bois de senteur,1,non,,804091
bois de serrure,1,non,,804091
bois de simarouba,39,non,,804091
bois de sommiers,2,non,,804091
bois de tables doré,1,non,,804091
bois de tamis,1,non,,804091
bois de teinture,132,non,,804091
bois de teinture autres que Pernambouc et moulu,2,non,,804091
bois de teinture des entrepôts,0,non,,804091
bois de teinture en bûches,4,non,,804091
bois de teinture en bûches ou morceaux et autres bois exotiques,3,non,,804091
bois de teinture en bûches ou morceaux et Pernambouc,3,non,,804091
bois de teinture et marqueterie,5,non,,804091
bois de teinture moulu,18,non,,804091
bois de teinture moulu Pernambouc,6,non,,804091
bois de teinture Nicaragua,1,non,,804091
bois de teinture Pernambouc,2,oui,,804091
bois de teure,0,non,,804091
bois de tilleul,1,non,,804091
bois de toctacanot,1,non,,804091
bois de violette,26,non,,804091
bois demi ouvré,1,non,,804091
bois des Îles en bûches,2,oui,,804091
bois des Îles et des Indes,16,non,,804091
bois des Îles et des Indes moulu,3,non,,804091
bois des Îles et des Indes pour teinture et marqueterie,3,non,,804091
bois des Îles et des Judée et du Brésil,3,non,,804091
bois des Indes,519,non,,804091
bois des Indes de teinture,17,non,,804091
bois des Indes de teinture moulu,1,non,,804091
bois des Indes de violette,1,non,,804091
bois des Indes en bûches,21,non,,804091
bois des Indes et d'ébénisterie et de marqueterie,10,non,,804091
bois des Indes jaune,13,non,,804091
bois des Indes moulu,10,non,,804091
bois des Indes moulu en bûches,1,non,,804091
bois des Indes pour marqueterie,4,non,,804091
bois des Indes pour teinture,1,non,,804091
bois des Indes pour teinture et marqueterie,18,non,,804091
bois des Indes râpé,22,non,,804091
bois des Indes rose,1,non,,804091
bois des Indes rouge,5,non,,804091
bois des Sainte-Marthe,1,non,,804091
bois dit à fond,1,oui,,804091
bois dit ricter,5,non,,804091
bois dit schaelen ou rebuts de bois,6,non,,804091
bois dit weres,112,non,,804091
bois doré,12,non,,804091
bois du Honduras de teinture,1,non,,804091
bois du Japon,22,non,,804091
bois du Japon jaune,1,non,,804091
bois du Levant,1,non,,804091
bois du Surinam,1,non,,804091
bois durci,1,non,,804091
bois en ??? à houblon,1,non,,804091
bois en billes pour meuble,2,oui,,804091
bois en bûches,2,non,,804091
bois en bûches pour brûler,10,non,,804091
bois en cordes,5,non,,804091
bois en epriers,1,non,,804091
bois en lest,1,non,,804091
bois en morceaux,3,non,,804091
bois en tranches,18,non,,804091
bois équarri,1,non,,804091
bois et écorces de chêne et de frêne,1,non,,804091
bois et merrains,59,non,,804091
bois et ouvrages de charronerie,61,non,,804091
bois et paniers de coudre,54,non,,804091
bois et papier d'éventail,1,non,,804091
bois et pierre,0,non,,804091
bois exotique d'ébénisterie,1,non,,804091
bois exotique de teinture,1,non,,804091
bois exotique de teinture en morceaux et Pernambouc,1,non,,804091
bois feuillaird en feuilles,1,non,,804091
bois feuillards à barriques,5,non,,804091
bois feuillards à petits barils,1,non,,804091
bois feuillards à quarteaux,2,non,,804091
bois feuillards et osiers,6,non,,804091
bois feuillards pipage,6,non,,804091
bois flotté en étançon rond,1,non,,804091
bois fonçaille,1,non,,804091
bois fond à castor,1,oui,,804091
bois fonds à castor,1,non,,804091
bois fustet,116,non,,804091
bois gaïac,4,non,,804091
bois gros,3,non,,804091
bois jaune,275,non,,804091
bois jaune à teindre,1,non,,804091
bois jaune en bûches,1,non,,804091
bois jaune moulu,2,non,,804091
bois jaune pour teinture,2,non,,804091
bois jaune râpé,3,non,,804091
bois joli,1,non,,804091
bois jonquette,1,non,,804091
bois long,1,non,,804091
bois lourd,359,non,,804091
bois marbré,28,non,,804091
bois marbré de 6 pieds,0,non,,804091
bois marbré en bûches,2,non,,804091
bois marbré en bûches de 6 pieds,1,non,,804091
bois mérain,4,oui,,804091
bois merrains à cardines,1,oui,,804091
bois merrains pour cardines,1,non,,804091
bois moulu,7,non,,804091
bois néphrétique,7,non,,804091
bois odorants,4,non,,804091
bois osier,35,non,,804091
bois palissandre,1,non,,804091
bois perible,2,non,,804091
bois Pernambouc à teindre,1,oui,,804091
bois Pernambouc à teinture,3,non,,804091
bois petit de rouage,2,non,,804091
bois portatif dit neyster,5,non,,804091
bois pour arbalètes,5,non,,804091
bois pour avirons,1,non,,804091
bois pour banquière,2,non,,804091
bois pour barils,17,non,,804091
bois pour barils long,1,non,,804091
bois pour barils non scié,2,non,,804091
bois pour barils ordinaire,1,non,,804091
bois pour barils pour fond,1,oui,,804091
bois pour barils pour fonds,1,non,,804091
bois pour barrique,4,non,,804091
bois pour basse,1,non,,804091
bois pour bâtir,106,non,,804091
bois pour bâtir de 14 pieds de long,1,non,,804091
bois pour bâts,8,non,,804091
bois pour battes de chêne,1,non,,804091
bois pour boîtes,3,non,,804091
bois pour bordage,1,non,,804091
bois pour boucles,1,non,,804091
bois pour brûler,2278,non,,804091
bois pour brûler d'orme,1,non,,804091
bois pour brûler de chêne,1,non,,804091
bois pour brûler de gite,1,non,,804091
bois pour brûler en ???,2,non,,804091
bois pour brûler et autres,2,non,,804091
bois pour brûler et fagots,1,non,,804091
bois pour cabanière,1,non,,804091
bois pour cannes,1,non,,804091
bois pour cercle,2,non,,804091
bois pour chaise,81,non,,804091
bois pour charpente,2,non,,804091
bois pour charron,1,non,,804091
bois pour charrons,1,oui,,804091
bois pour chocolat,1,non,,804091
bois pour comble,1,non,,804091
bois pour construction,847,non,,804091
bois pour construction de 22 pieds,1,non,,804091
bois pour construction de 40 pieds,1,non,,804091
bois pour construction de sapin,2,non,,804091
bois pour construction et planches de bois,1,non,,804091
bois pour construire ayant d'épaisseur 34 à 80 mm,2,non,,804091
bois pour construire ayant d'épaisseur 8 centimètres au moins,4,non,,804091
bois pour construire ayant d'épaisseur 8 centimètres ou moins,2,non,,804091
bois pour construire ayant reçu une première main-d'œuvre impropre à la construction navale,1,non,,804091
bois pour construire brut ou équarri à la hache,8,non,,804091
bois pour construire manche de fouines et pinceaux à goudron,3,non,,804091
bois pour construire scié ayant d'épaisseur moins de 34 et autres,1,non,,804091
bois pour construire scié ayant d'épaisseur moins de 34 mm et planches dites schom,1,non,,804091
bois pour construire scié ayant d'épaisseur plus de 8 centimètres,5,non,,804091
bois pour construire scié ayant d'épaisseur plus de 80 mm,2,non,,804091
bois pour corbeilles,4,non,,804091
bois pour corbin,27,non,,804091
bois pour crible,60,non,,804091
bois pour cribles,2,non,,804091
bois pour étuis,1,non,,804091
bois pour éventail,2,non,,804091
bois pour éventail de nacre de perle,1,non,,804091
bois pour faire sabot,3,non,,804091
bois pour faux,1,non,,804091
bois pour fond,7,oui,,804091
bois pour fonds,8,non,,804091
bois pour fourreau,2,non,,804091
bois pour fourreau d'épée,8,non,,804091
bois pour fusil,18,non,,804091
bois pour futaille,2,non,,804091
bois pour gabares,4,non,,804091
bois pour gaine,3,non,,804091
bois pour instruments,2,non,,804091
bois pour instruments de musique,4,non,,804091
bois pour lattes,4,non,,804091
bois pour lit,1,non,,804091
bois pour mâts,2,non,,804091
bois pour mâture,5,non,,804091
bois pour mâtures,7,non,,804091
bois pour merrains,0,non,,804091
bois pour meuble,12,oui,,804091
bois pour meubles,23,non,,804091
bois pour palissade,5,non,,804091
bois pour palissade et terrasse,4,non,,804091
bois pour paniers,4,non,,804091
bois pour parquet,1,non,,804091
bois pour peintures et teinture,3,oui,,804091
bois pour pipe,7,oui,,804091
bois pour plafond,2,non,,804091
bois pour poinçon,1,non,,804091
bois pour pompe,1,non,,804091
bois pour quarts,1,oui,,804091
bois pour quilles de navire,1,non,,804091
bois pour sommier,5,non,,804091
bois pour talons,1,non,,804091
bois pour tamis,27,non,,804091
bois pour tanin,1,non,,804091
bois pour tapis,1,non,,804091
bois pour teindre,492,non,,804091
bois pour teindre en bûches,16,non,,804091
bois pour teindre moulu,21,non,,804091
bois pour teindre râpé,1,non,,804091
bois pour teinture,2,non,,804091
bois pour tierçon,1,oui,,804091
bois pour tonneaux,18,non,,804091
bois pour tourner,1,non,,804091
bois pour travailler,2,non,,804091
bois pour violon,1,non,,804091
bois pour visser,1,non,,804091
bois préparé pour charpente et autres ouvrages,16,non,,804091
bois préparé pour ouvrages,7,non,,804091
bois râpé,2,non,,804091
bois rosal,1,non,,804091
bois rouge,163,non,,804091
bois rouge des Indes,7,non,,804091
bois rouge en madriers,1,non,,804091
bois rouge en merrains,0,non,,804091
bois rouge en poutres,1,non,,804091
bois rouge pour teinture,2,non,,804091
bois rouge râpé,2,non,,804091
bois royal,1,non,,804091
bois royet,1,non,,804091
bois rozat,3,non,,804091
bois scié,53,non,,804091
bois soutreaux,0,non,,804091
bois sustek,9,non,,804091
bois tes peintes,2,non,,804091
bois tors,10,non,,804091
bois travaillé,13,non,,804091
bois travaillé pour construire une barrique,1,non,,804091
bois tropique,5,non,,804091
bois verni,7,non,,804091
bois vert,2,non,,804091
bois violet,24,non,,804091
bois violet en madriers,1,non,,804091
boisellerie,7,non,,804091
boiseries,4,non,,804091
boisselerie et futailles,12,non,,804091
boissellerie,63,non,,804091
boissons,1,non,,804091
boissons de grains distillées,1,non,,804091
boissons gazeuses à la salsepareille,3,non,,804091
boîtes,12,non,,804091
boites à ??? de bois,1,non,,804091
boîtes assorties,1,non,,804091
boîtes blanches,3,non,,804091
boîtes d'argent,1,non,,804091
boîtes d'étain,1,non,,804091
boîtes d'olivier,1,non,,804091
boîtes de bergamotes,59,non,,804091
boîtes de bergamotes vernies,1,non,,804091
boîtes de bois,58,non,,804091
boites de bois blanc,2,non,,804091
boîtes de bois blanc,5,non,,804091
boîtes de bois d'olivier,1,non,,804091
boîtes de bois musqué,2,non,,804091
boîtes de bois vernies,1,non,,804091
boîtes de bois violet,1,non,,804091
boîtes de carton,3,non,,804091
boîtes de coupure,1,non,,804091
boîtes de fer,1,non,,804091
boîtes de fer-blanc,9,non,,804091
boîtes de fontes,0,non,,804091
boîtes de montre d'argent,1,non,,804091
boîtes de montre d'or,1,non,,804091
boîtes de Nuremberg,4,non,,804091
boîtes de papier,1,non,,804091
boîtes de pendules,3,non,,804091
boîtes de plomb,1,non,,804091
boîtes de quadrilles,5,non,,804091
boites de sapin,1,non,,804091
boîtes de sapin,23,non,,804091
boîtes de sapin blanc,1,non,,804091
boîtes de sapin peintes,13,non,,804091
boîtes et plateaux,1,non,,804091
boîtes peintes,4,non,,804091
boîtes vernies,1,non,,804091
boitiers,1,non,,804091
bol,20,non,,804091
bol blanc,7,non,,804091
bol commun,4,non,,804091
bol d'Arménie,21,non,,804091
bol d'Arménie et terre de Lemnos,2,non,,804091
bol d'arsenic,1,non,,804091
bol de terre anglais,1,non,,804091
bol drogue,1,non,,804091
bol et planches,4,non,,804091
bol fin,1,non,,804091
bolbet de coton,1,non,,804091
boldavid,14,non,,804091
boldes d'Espagne,1,non,,804091
bolsas,2,non,,804091
bombardes,1,non,,804091
bombardes de cuivre,1,non,,804091
bombardes de fer,1,non,,804091
bombasin,22,non,,804091
bombasin de Troyes,1,non,,804091
Bombay,3,non,,804091
bombe,1,oui,,804091
bombes,6,non,,804091
bombes de cuivre,3,non,,804091
bombes de cuivre à thé,1,non,,804091
bombes de fer,1,non,,804091
bombes et boulets,2,non,,804091
bombes et canons,3,non,,804091
bombes et grenade,2,non,,804091
bombets,1,non,,804091
bombets de demitte,2,non,,804091
bombets de demitte et corsets de demitte,1,non,,804091
bonbons,5,non,,804091
bonbons et sorbets,2,non,,804091
bondes de bois,1,non,,804091
bongras ammoniac,1,non,,804091
bongras animal,0,non,,804091
bonneterie,468,non,,804091
bonneterie ???,3,non,,804091
bonneterie commune de coton et bonneterie commune de laine,5,non,,804091
bonneterie d'estam,1,oui,,804091
bonneterie d'estame,1,non,,804091
bonneterie d'Inde de poil,1,non,,804091
bonneterie de bourre de fil,1,non,,804091
bonneterie de bourre de soie,5,non,,804091
bonneterie de chanvre et de lin,5,non,,804091
bonneterie de chanvre et lin,2,non,,804091
bonneterie de coton,180,non,,804091
bonneterie de coton et bonneterie de fil,68,non,,804091
bonneterie de coton et bonneterie de fil et bonneterie de laine,15,non,,804091
bonneterie de coton et bonneterie de laine,1,non,,804091
bonneterie de coton et bonneterie de soie,1,non,,804091
bonneterie de coton et soie,1,non,,804091
bonneterie de fil,101,non,,804091
bonneterie de fil de coton,1,non,,804091
bonneterie de fil et bonneterie de coton,22,oui,,804091
bonneterie de fil et coton en laine,1,non,,804091
bonneterie de filin d'or,3,non,,804091
bonneterie de filoselle,23,non,,804091
bonneterie de fleuret,11,non,,804091
bonneterie de laine,352,non,,804091
bonneterie de laine ???,1,non,,804091
bonneterie de laine et bonneterie de coton,1,non,,804091
bonneterie de laine et bonneterie poil,12,non,,804091
bonneterie de laine et soie,2,non,,804091
bonneterie de laine fine,1,non,,804091
bonneterie de laine grossière,1,non,,804091
bonneterie de laine tricots,1,oui,,804091
bonneterie de lapin de poil,1,non,,804091
bonneterie de poil autre que castor,2,non,,804091
bonneterie de soie,575,non,,804091
bonneterie de soie au sixième,3,non,,804091
bonneterie de soie et dorure,3,non,,804091
bonneterie écarlate,1,non,,804091
bonneterie en bouets,1,non,,804091
bonneterie en fil,1,non,,804091
bonneterie fil et bonneterie de coton,1,oui,,804091
bonnets,17,non,,804091
bonnets à cheveux,1,non,,804091
bonnets à dentelle,2,non,,804091
bonnets à nègre,1,non,,804091
bonnets brodés d'argent,0,non,,804091
bonnets brodés d'or,2,non,,804091
bonnets brodés de fil,2,non,,804091
bonnets brodés de laine,1,non,,804091
bonnets d'enfant,13,non,,804091
bonnets d'enfant de velours et bonnets à la postillonne,3,non,,804091
bonnets d'étoffe,2,non,,804091
bonnets d'homme,1,non,,804091
bonnets de basin,2,non,,804091
bonnets de blonde,2,non,,804091
bonnets de bois,1,non,,804091
bonnets de castor,11,non,,804091
bonnets de castor brodés,1,non,,804091
bonnets de coton,495,non,,804091
bonnets de coton et bonnets de fil,6,non,,804091
bonnets de coton et fil et laine,1,non,,804091
bonnets de dentelle,1,non,,804091
bonnets de femme,1,non,,804091
bonnets de fer-blanc à la turc,1,non,,804091
bonnets de fil,72,non,,804091
bonnets de fil et bas,1,non,,804091
bonnets de fil et bonnets de coton,9,non,,804091
bonnets de filosel,3,non,,804091
bonnets de gaze,1,non,,804091
bonnets de grenadine,1,non,,804091
bonnets de laine,776,non,,804091
bonnets de laine ???,1,non,,804091
bonnets de laine commune,2,non,,804091
bonnets de laine communs,1,non,,804091
bonnets de laine de Ségovie,3,non,,804091
bonnets de laine et bonnets de fil et bonnets de coton,1,non,,804091
bonnets de laine fin,2,non,,804091
bonnets de laine grasse,2,non,,804091
bonnets de laine grosse,1,non,,804091
bonnets de paille,2,non,,804091
bonnets de peau,5,non,,804091
bonnets de postillons,23,non,,804091
bonnets de prêtre,2,non,,804091
bonnets de soie,26,non,,804091
bonnets de taffetas,3,non,,804091
bonnets de taffetas bordés d'argent,1,non,,804091
bonnets de toile,9,non,,804091
bonnets de toile cirée,3,non,,804091
bonnets de velours,11,non,,804091
bonnets de velours brodés,1,non,,804091
bonnets des prises,1,non,,804091
bonnets écarlates,2,non,,804091
bonnets et chaussettes de coton,1,non,,804091
bonnets et soutane,1,non,,804091
bonnets grossiers de laine,4,non,,804091
bonnets montés,1,non,,804091
bonnets piqués,16,non,,804091
bonnets piqués et carcasse et fer à coiffures,12,non,,804091
borax,379,non,,804091
borax brut,10,non,,804091
borax gras,9,non,,804091
borax raffiné,26,non,,804091
bordage,14,non,,804091
bordage de chêne,120,non,,804091
bordage de chêne de 15 pieds,1,non,,804091
bordage de chêne de 24 pieds,1,non,,804091
bordage de chêne de 27 pieds,1,non,,804091
bordage de chêne de 30 à 40 pieds,1,non,,804091
bordage de chêne de 30 à 40 pieds à 3 et 4 pouces d'épaisseur,1,non,,804091
bordage de cyprès,1,non,,804091
bordage de pin,1,non,,804091
bordage de sapin,22,non,,804091
bordage de sapin de 20 pieds,1,non,,804091
bordage et planches,1,oui,,804091
bordage pour navire,1,non,,804091
bordages et planches,1,non,,804091
bordures d'or et de soie,1,non,,804091
bordures de bois doré,2,non,,804091
bordures de tapisseries,2,non,,804091
bordures dorées,3,non,,804091
bottes,37,non,,804091
bottes à matelot,1,non,,804091
bottes à pêcher,1,non,,804091
bottes de bergamote,3,non,,804091
bottes de cavalier,1,non,,804091
bottes de cuir,36,non,,804091
bottes de cuir à matelot,1,non,,804091
bottes de cuir fortes,1,non,,804091
bottes de sapin,2,non,,804091
bottes et bottines,118,non,,804091
bottes et souliers,7,non,,804091
bottes fortes,74,non,,804091
bottes fourrées,1,non,,804091
bottes molles,9,non,,804091
bottes neuves,5,non,,804091
bottines,68,non,,804091
bottines de cuir,4,non,,804091
bottines de peau,1,non,,804091
boucaniers,11,non,,804091
boucassin,67,non,milieu de gamme,43973
boucassin rouge,2,non,,804091
boucaud en bottes,2,non,,804091
boucaud vide,3,non,,804091
bouchie,1,non,,804091
bouchons,102,non,,804091
boucles,8,non,,804091
boucles d'acier,1,non,,804091
boucles d'argent,11,non,,804091
boucles d'oreilles,4,non,,804091
boucles de cuivre,3,non,,804091
boucles de fer,3,non,,804091
boucles de pinsbeck,5,non,,804091
boucles de sapin,2,non,,804091
boucles de souliers à pierres fausses,1,non,,804091
boucles de tombac,1,non,,804091
boucs,22,non,,804091
boucs en vie,1,non,,804091
boucs et chèvre,127,non,,804091
boudins de poisson,5,non,,804091
boudrilles,1,non,,804091
boudrillons,2,non,,804091
bouette de sapin,1,non,,804091
bouge,1,non,,804091
bougie,808,non,,804091
bougie blanche,38,non,,804091
bougie de blanc de baleine,2,non,,804091
bougie de cire,151,non,,804091
bougie de cire blanche,225,non,,804091
bougie de cire blanche et cierges de cire blanche,4,non,,804091
bougie de cire blanche et jaune,3,non,,804091
bougie de cire blanche et jaune et cire blanche et jaune fondue,7,non,,804091
bougie de cire jaune,3,non,,804091
bougie de cire verte,1,non,,804091
bougie de suif,0,non,,804091
bougie de tables,38,non,,804091
bougie de tables et cierges,1,non,,804091
bougie en suif et suif,3,non,,804091
bougie et cierges,103,non,,804091
bougie jaune,9,non,,804091
bougie verte,1,non,,804091
bougies de table,6,non,,804091
bouguette,112,non,,804091
bouilloires de cuivre,2,non,,804091
bouillotte de cuivre,1,non,,804091
boulange,60,non,,804091
boulans,1,non,,804091
boular,1,non,,804091
boules,4,non,,804091
boules d'acier,11,non,,804091
boules de bois,11,non,,804091
boules de buis,13,non,,804091
boules de canons,2,non,,804091
boules de fer,1,non,,804091
boules de mail,10,non,,804091
boules de mais,1,non,,804091
boules de marbre,8,non,,804091
boules de marbre pour jouets d'enfant,2,non,,804091
boules de métal blanc,1,non,,804091
boules de sapin,1,non,,804091
boules de terres,1,non,,804091
boules de verre,3,non,,804091
boules pour jouer,4,non,,804091
boules vulnéraires,10,non,,804091
boulets,10,non,,804091
boulets à têtes et queue,1,non,,804091
boulets de canon de fer,4,non,,804091
boulets de canons,203,non,,804091
boulets de canons de 4 livre,2,non,,804091
boulets de canons de fer,6,non,,804091
boulets de canons et mitraille,1,non,,804091
boulets de fer,8,non,,804091
boulets de fer et canons de fer,8,non,,804091
boulets de marbre,2,non,,804091
boulets de terre,2,non,,804091
boulets et canons,6,non,,804091
boulets et canons de fer de fonte,3,non,,804091
boulettes de marbre,8,non,,804091
bouquets de fleurs artificielles,4,non,,804091
bouquets de papier,1,non,,804091
bouquins à pipes,2,non,,804091
bouracan,1,non,,804091
bouraline,0,non,,804091
bouralisse,11,non,,804091
bouras,34,non,,804091
bouras allaya,1,non,,804091
bouras de coton,1,non,,804091
bouras de soie,1,non,,804091
bouras du Levant,8,non,,804091
bourdes en poussière,1,oui,,804091
bourdilles,119,non,,804091
bourdilles à barriques,3,oui,,804091
bourdilles pour barriques,3,non,,804091
bourdillons,184,non,,804091
bourdillons à barils,3,non,,804091
bourdillons à barriques,3,oui,,804091
bourdillons à quart,2,oui,,804091
bourdillons à quarts,2,non,,804091
bourdillons à tierçons,3,non,,804091
bourdillons de bois,2,non,,804091
bourdillons pour barriques,3,non,,804091
bourlets,1,non,,804091
bourlets de velours,1,non,,804091
bourre,47,non,,804091
bourre à bâtier,180,non,,804091
bourre à bourrer,1,non,,804091
bourre à brûler,1,non,,804091
bourre à cheveux,3,non,,804091
bourre chiquette,2,non,,804091
bourre d'Alep,1,non,,804091
bourre d'étoupes,2,non,,804091
bourre de bœuf,190,non,,804091
bourre de bœuf et bourre de vache,1,non,,804091
bourre de cerf,2,non,,804091
bourre de chèvre,2,non,,804091
bourre de coton,23,non,,804091
bourre de coton et fil,42,non,,804091
bourre de coton et soie,5,non,,804091
bourre de Damas,7,non,,804091
bourre de drap,1,non,,804091
bourre de fil,29,non,,804091
bourre de filoselle,1,non,,804091
bourre de laine,61,non,,804091
bourre de laine entière lanice et tontice,1,non,,804091
bourre de Marseille,3,non,,804091
bourre de Nîmes,6,non,,804091
bourre de soie,236,non,,804091
bourre de soie et filoselle et soie,15,non,,804091
bourre de vache,76,non,,804091
bourre du Levant,84,non,,804091
bourre rouge,1,non,,804091
bourre satiné,2,non,,804091
bourriques,5,non,,804091
bours de poil,11,non,,804091
bours de soie,16,non,,804091
bours du Levant de soie,0,non,,804091
bourse de molleton,5,non,,804091
bourses,2,non,,804091
bourses à cheveux,119,non,,804091
bourses à cheveux de soie,2,non,,804091
bourses à cheveux de taffetas,1,non,,804091
bourses à perruques,3,non,,804091
bourses à ressorts,1,non,,804091
bourses à tabac,4,non,,804091
bourses d'or et bourses d'argent,2,non,,804091
bourses de bœuf,3,non,,804091
bourses de coton,1,non,,804091
bourses de coton et fil,3,non,,804091
bourses de cuir à ressorts,1,non,,804091
bourses de fil,1,non,,804091
bourses de filoselle,1,non,,804091
bourses de laine,2,non,,804091
bourses de perruques,1,non,,804091
bourses de soie,27,non,,804091
bourses de soie et bourses d'or et bourses d'argent,2,non,,804091
bourses de taffetas,2,non,,804091
bourses du Levant,2,non,,804091
bourys ?,1,non,,804091
boussoles,5,non,,804091
boutanne,14,non,,804091
boutanne de toile,3,non,,804091
boutargue,1,non,,804091
bouteilles,97,non,,804091
bouteilles clissées,12,non,,804091
bouteilles d'étain à virole,1,non,,804091
bouteilles d'osier,1,non,,804091
bouteilles de bois,11,non,,804091
bouteilles de composition,1,non,,804091
bouteilles de cristal,4,non,,804091
bouteilles de cristal et carafes,1,non,,804091
bouteilles de grès,16,non,,804091
bouteilles de gros verre vide,1,non,,804091
bouteilles de marbre,1,non,,804091
bouteilles de pierre et pots de pierre,3,non,,804091
bouteilles de terre,9,non,,804091
bouteilles de verre,1354,non,,804091
bouteilles de verre à virole,1,non,,804091
bouteilles de verre à virole d'étain,3,non,,804091
bouteilles de verre avec roseaux,4,non,,804091
bouteilles de verre clissée de quatre pots chacune,1,non,,804091
bouteilles de verre clissées,13,non,,804091
bouteilles de verre garnies de joncs,1,non,,804091
bouteilles de verre gros,13,non,,804091
bouteilles de verre vides,5,non,,804091
bouteilles de verres,118,oui,,804091
bouteilles et verres de faïence,2,non,,804091
bouteilles lissées de retour,1,non,,804091
bouteilles noires,2,non,,804091
bouteilles peintes,1,non,,804091
bouteilles petites à virole d'étain,2,non,,804091
bouteilles pleines,7,non,,804091
bouteilles pleines de verres et vides et dame-jeannes de verre,41,non,,804091
bouteilles vides,29,non,,804091
boutidas,1,non,,804091
bouton de cuivre sur bois et de coco et de corne et d'os,7,non,,804091
boutonnières d'or,3,non,,804091
boutonnières de fil,1,non,,804091
boutons,59,non,,804091
boutons à fusil,2,non,,804091
boutons à pierres fausses,5,non,,804091
boutons à pierres fausses par douzaines,1,non,,804091
boutons anglais,1,non,,804091
boutons avec dorure et nacre,1,non,,804091
boutons blanc étamés,1,non,,804091
boutons blanchis,1,non,,804091
boutons bloc,1,non,,804091
boutons brodés d'or et d'argent,2,non,,804091
boutons brodés de nacre de perles et d'acier,1,non,,804091
boutons communs,1,non,,804091
boutons d'acier,54,non,,804091
boutons d'acier argenté,2,non,,804091
boutons d'argent,29,non,,804091
boutons d'argent et boutons d'or,56,non,,804091
boutons d'argent faux,2,non,,804091
boutons d'argent sur bois,20,non,,804091
boutons d'argent trait,1,non,,804091
boutons d'étain,46,non,,804091
boutons d'or,62,non,,804091
boutons d'or en traits,1,non,,804091
boutons d'or et boutons d'argent,32,non,,804091
boutons d'or et boutons d'argent faux,1,non,,804091
boutons d'or et d'argent sur bois,1,non,,804091
boutons d'or faux,4,non,,804091
boutons d'or filé,3,non,,804091
boutons d'or vrai,4,non,,804091
boutons d'os,14,non,,804091
boutons d'os et de corne,64,non,,804091
boutons d'uniforme,1,non,,804091
boutons de bois,3,non,,804091
boutons de coco,63,non,,804091
boutons de composition,3,non,,804091
boutons de corail,2,non,,804091
boutons de corne,5,non,,804091
boutons de coton,1,non,,804091
boutons de crin,213,non,,804091
boutons de crin 20 lignes,1,non,,804091
boutons de crin et boutons de poil,1,non,,804091
boutons de crin et boutons de poil et boutons de soie,2,non,,804091
boutons de cristal,1,non,,804091
boutons de cuivre,39,non,,804091
boutons de cuivre argenté et doré,67,non,,804091
boutons de cuivre d'or,1,non,,804091
boutons de cuivre doré,15,non,,804091
boutons de cuivre et boutons d'étain,25,non,,804091
boutons de cuivre et boutons d'étain argenté,57,non,,804091
boutons de cuivre et étain,1,non,,804091
boutons de cuivre fin,2,non,,804091
boutons de cuivre petits,1,non,,804091
boutons de cuivre sur bois,10,non,,804091
boutons de dorure d'argent,18,non,,804091
boutons de dorure d'or,59,non,,804091
boutons de dorure d'or et d'argent,68,non,,804091
boutons de dorure d'or faux,4,non,,804091
boutons de dorure d'or fin,13,non,,804091
boutons de fil,127,non,,804091
boutons de fil blanc,17,non,,804091
boutons de fil d'argent,21,non,,804091
boutons de fil d'or,69,non,,804091
boutons de fil d'or et boutons de fil d'argent,78,non,,804091
boutons de fil d'or trait,2,non,,804091
boutons de fil de poil de chèvre,91,non,,804091
boutons de fil et d'argent,1,non,,804091
"boutons de fil, boutons de soie et boutons d'or",1,non,,804091
boutons de forget,1,non,,804091
boutons de gay,2,non,,804091
boutons de jais,28,non,,804091
boutons de jais et collier de jais et dentelle de jais,2,non,,804091
boutons de laiton,4,non,,804091
boutons de livrée,1,non,,804091
boutons de manches,5,non,,804091
boutons de métal,7,non,,804091
boutons de métal doré,21,non,,804091
boutons de nacre,5,non,,804091
boutons de nacre de perle et boutons de jais,3,non,,804091
boutons de nacre de perles,7,non,,804091
boutons de pinsbeck,135,non,,804091
boutons de poil,36,non,,804091
boutons de poil de chèvre,10,non,,804091
boutons de poil de soie,5,non,,804091
boutons de soie,21,non,,804091
boutons de soie en once,1,non,,804091
boutons de tombac,1,non,,804091
boutons de tombac doré,3,non,,804091
boutons de trait d'argent et d'or fin,128,non,,804091
boutons de verre,4,non,,804091
boutons de verre émaillés,1,non,,804091
boutons en médailles,1,non,,804091
boutons et galon d'or,2,non,,804091
boutons et galon d'or et d'argent,1,non,,804091
boutons et galons d'argent et d'or,1,non,,804091
boutons masquinés,3,non,,804091
boutons or trait,3,non,,804091
bouts de chêne,1,non,,804091
bouts de corne,81,non,,804091
bouts de fer blanc petits,1,non,,804091
bouts de planche,1,non,,804091
bouts de planches et planches de sapin,1,non,,804091
bouts de sapin,1,non,,804091
boutty,1,non,,804091
bouvillons,3,non,,804091
bouvillons et génisses,4,non,,804091
bouvillons et génisses et taurillons,2,non,,804091
boyaux,5,non,,804091
boyaux de bœuf,1,non,,804091
boyaux de bœuf salés,2,non,,804091
boyaux de mouton,3,non,,804091
boyaux de mouton salés,4,non,,804091
boyaux de porc salés,1,non,,804091
boyaux et nerfs,2,non,,804091
boyaux préparés et secs,2,non,,804091
boyaux salés,85,non,,804091
bozemin,1,non,,804091
bracelets,2,non,,804091
bracelets de crin,2,non,,804091
bracelles,5,non,,804091
brai,573,non,,804091
brai ???,1,non,,804091
brai ??? brai,1,non,,804091
brai ??? goudron,2,non,,804091
brai ??? goudron résines,1,non,,804091
brai ??? pox noire,1,non,,804091
brai à brasser,110,non,,804091
brai arcanson,1,non,,804091
brai colophane et sec et résines d'huile,2,non,,804091
brai de goudron,10,non,,804091
brai de poix,3,non,,804091
brai de poix blanche et noire,2,non,,804091
brai de poix noire,1,non,,804091
brai de poix résines,3,non,,804091
brai eau de raze,5,oui,,804091
brai et eau de rose,1,non,,804091
brai et goudron,541,non,,804091
brai et goudron et eau de raze,1,oui,,804091
brai et goudron et galipot et résines,23,non,,804091
brai et goudron et poix,1,non,,804091
brai et goudron et poix et résines,99,non,,804091
brai et goudron et résines,549,non,,804091
brai et goudron et térébenthine,8,non,,804091
brai et groudron,1,non,,804091
brai et poix,1,non,,804091
brai et poix blanche,5,non,,804091
brai et poix blanche et poix noire,1,non,,804091
brai et poix noire,1,non,,804091
brai et poix résines,1,non,,804091
brai et résines,26,non,,804091
brai et térébenthine,2,non,,804091
brai galipot,1,non,,804091
brai goudron ???,3,non,,804091
brai goudron et suif,1,non,,804091
brai gras,710,non,,804091
brai gras et goudron,29,non,,804091
brai gras et goudron et résine,5,non,,804091
brai gras et sec,1,non,,804091
brai gras goudron,5,oui,,804091
brai gras goudron et résine,5,oui,,804091
brai gras ou goudron,3,non,,804091
brai gros,12,non,,804091
brai gros et goudron,2,non,,804091
brai poix de Bourgogne,1,non,,804091
brai poix noire,4,non,,804091
brai raffiné,2,non,,804091
brai raze,2,non,,804091
brai sec,680,non,,804091
brai sec colophane résines d'huile,5,non,,804091
brai sec en galipot,3,non,,804091
brai sec et résines,10,non,,804091
brai sec résines d'huile,2,non,,804091
brai térébenthine,5,non,,804091
"brai, goudron et résine",0,non,,804091
brancards,3,non,,804091
brancards de balance de fer,1,non,,804091
brancards de chaises,1,non,,804091
brancards de fer,7,non,,804091
brancards et leurs escales,2,non,,804091
branches de buis,1,non,,804091
brandade,1,non,,804091
brandans,10,non,,804091
brandebourg,1,non,,804091
brandebourg d'or,2,non,,804091
brandebourg de fil,1,non,,804091
brandebourg de soie,1,non,,804091
brandiers,1,non,,804091
brandins,4,non,,804091
branle,95,oui,,804091
branle ???,1,non,,804091
branle ordinaire,1,non,,804091
bras de bois à chandelle,1,oui,,804091
bras de bois pour chandelle,1,non,,804091
bras de cheminée,4,non,,804091
bras de soie,1,non,,804091
braserie,1,non,,804091
brasserie,0,non,,804091
braule,93,oui,,804091
braux,1,non,,804091
brebis,29,non,,804091
brebis en vie,1,non,,804091
brebis et mouton,14,non,,804091
brebis et mouton mérinos et métis,7,non,,804091
breloques et chaînes d'or,1,non,,804091
Brésil,1,non,,804091
bresillet,1,non,,804091
brian,1,non,,804091
brides,4,non,,804091
brides argentées,1,non,,804091
bridons,1,non,,804091
bridons de cuir,1,non,,804091
brigadis,2,non,,804091
Brignoles,104,non,,804091
brins à tours,1,non,,804091
brins d'osier,1,non,,804091
brion,1,non,,804091
brionne,1,non,,804091
brique,537,non,,804091
brique cuites,1,non,,804091
brique de pétrole,1,non,,804091
brique de terre,2,non,,804091
brique en carreaux de terre,1,non,,804091
brique en carreaux de terre et tuiles,2,non,,804091
brique en lest,2,non,,804091
brique en tuiles plates,8,non,,804091
brique et briquettes,135,non,,804091
brique et carreaux,6,non,,804091
brique et carreaux et tuiles,7,non,,804091
brique et chaux et ciment et pierres et plâtre et pouzzolane et sable et terre et tuiles,10,non,,804091
brique et pipe et poterie,1,non,,804091
brique et tuile et carreau de terre,21,non,,804091
brique et tuile et carreau et pipe,27,non,,804091
brique pleine,1,non,,804091
brique vernissée,1,non,,804091
briques,2,oui,,804091
briquet,52,non,,804091
briquet d'acier,2,non,,804091
briquettes,3,non,,804091
bris d'espars,4,non,,804091
brises,1,non,,804091
brocante,1,non,,804091
brocart de soie,1,non,,804091
brocatelle,1,non,,804091
brocatelle de Venise,1,non,,804091
brochets,20,non,,804091
brodamabe,1,non,,804091
broderie,59,non,,804091
bronze,27,non,,804091
bronze airain,2,non,,804091
bronze et cuivre et laiton,34,non,,804091
bronze moulu et métal,2,non,,804091
bronze vieux,1,non,,804091
broole,3,non,,804091
brosses,282,non,,804091
brosses à cirer,1,non,,804091
brosses à goudron,15,non,,804091
brosses à peindre,1,non,,804091
brosses à sucre,1,non,,804091
brosses communes,1,non,,804091
brosses et pinceaux,112,non,,804091
brosses et vergettes,1,non,,804091
brosses ou poutries,1,non,,804091
brossière,1,non,,804091
brou de noix,2,non,,804091
brouettes,21,non,,804091
brouettes et leurs roues,1,non,,804091
brouettes garnies de damas,1,non,,804091
brouettes outillées,1,non,,804091
broulas,1,non,,804091
broule,0,non,,804091
brousse fraîche,5,non,,804091
brousse salée,2,non,,804091
broutes chaderdoral,1,non,,804091
brugnoles,3,non,,804091
bruimes d'espars,2,non,,804091
brûle-café de fer,1,non,,804091
brulis,1,non,,804091
brun,2,non,,804091
brun rouge,499,non,,804091
brustes à tisserand,19,non,,804091
brustes ou bruyère,1,non,,804091
brut,1,non,,804091
bruyère,6,non,,804091
bruyère à vergettes,1,non,,804091
bruyère et racines à vergettes,6,non,,804091
bruyère étrangère non montée,1,non,,804091
bûches,212,non,,804091
bûches de bois rouge de 8 pieds,1,non,,804091
buege de fer,1,non,,804091
bufferie,1,non,,804091
buffets,3,non,,804091
buffets d'acajou,4,non,,804091
buffets de bois,1,non,,804091
buffles,10,non,,804091
buffles de chamois,5,non,,804091
buffletin,1,non,,804091
bugnette,1,non,,804091
buis,1,non,,804091
bulbes et oignons,7,non,,804091
buldan,2,non,,804091
burail,17,non,,804091
burail de laine,3,non,,804091
burail de laine et étamine de laine,8,non,,804091
burat,59,non,bas de gamme,18109
burat d'Auvergne,3,non,,804091
burat de laine,1,non,,804091
burat de laine et de soie,1,non,,804091
bure,9,non,,804091
bure étoffe,1,non,,804091
bureau,41,non,,804091
bureau d'acajou,6,non,,804091
bureau de bois des Indes,1,non,,804091
bureau de chêne,1,non,,804091
bureau de marqueterie,1,non,,804091
bureau de noyer,4,non,,804091
bureau de sapin,10,non,,804091
bureau doré,1,non,,804091
bureau garni de cuivre doré,1,non,,804091
bureau verni,5,non,,804091
bures de sanglier,11,non,,804091
burette,2,non,,804091
burmards et leurs poids,1,non,,804091
buses pour raffiner le sucre,1,non,,804091
busquière d'argent,1,non,,804091
busquière d'or et busquière d'argent,1,non,,804091
bustes de marbre,3,non,,804091
buvie,1,non,,804091
buzes,1,non,,804091
cabans de laine,1,non,,804091
cabans de palme,6,oui,,804091
cabans ou capotes,6,non,,804091
cabans pour café,1,non,,804091
cabarets,20,non,,804091
cabarets de bois vernis,3,non,,804091
cabarets de sapin,3,non,,804091
cabarets de sapin et de chêne,2,non,,804091
cabarets de sapin peints,1,non,,804091
cabarets des Indes,2,non,,804091
cabarets des Indes vernis,3,non,,804091
cabarets façon de la Chine,2,non,,804091
cabarets garnis,1,non,,804091
cabarets peints,4,non,,804091
cabarets pour café,10,non,,804091
cabarets pour thé,1,non,,804091
cabarets vernis,81,non,,804091
cabas,15,non,,804091
cabas d'auf,2,non,,804091
cabas d'espars,1,non,,804091
cabas de jonc,35,non,,804091
cabas de laine,1,non,,804091
cabas de mesure,3,non,,804091
cabas de palme,37,non,,804091
cabas de palme mesure,1,non,,804091
cabas de palme petits,3,non,,804091
cabas de serge,1,non,,804091
cabas vieux,1,non,,804091
cabestan,3,non,,804091
cabillaud,372,non,,804091
cabine de noyer,2,non,,804091
cabine de sapin,3,non,,804091
cabine peinte,3,non,,804091
cabinet,5,non,,804091
cabinet de bois de Faial,1,non,,804091
cabinet de bois de noyer,1,non,,804091
cabinet de bois peint,2,non,,804091
cabinet de bois vernis,1,non,,804091
cabinet de noyer,1,non,,804091
cabinet de sapin,3,non,,804091
cabinet de sapin peint,3,non,,804091
cabinet du Japon,1,non,,804091
cabinet peint,7,non,,804091
cabinet verni,3,non,,804091
cabinet vieux,1,non,,804091
câble,32,non,,804091
câble assorti,1,non,,804091
câble de 12 pouces de grosseur,2,non,,804091
câble de chanvre,1,non,,804091
câble de navire,4,non,,804091
câble de navire moyen,1,non,,804091
câble neuf,4,non,,804091
câble vieux,2,non,,804091
câbleaux,1,non,,804091
caboches,53,non,,804091
caboches de fer,3,non,,804091
caboches de fer et clous,17,non,,804091
caboches de marbre,1,non,,804091
cabochon,1,non,,804091
cabosse,4,non,,804091
cabotage,21,non,,804091
cabriolets,50,non,,804091
cabriolets de velours de Prusse,1,non,,804091
cabrions,1,non,,804091
cabrouets,6,non,,804091
cabrouets complets,1,non,,804091
cacao,2682,non,,804091
cacao avarié,2,non,,804091
cacao broyé,25,non,,804091
cacao brut,10,non,,804091
cacao brut des entrepôts,0,non,,804091
cacao café sucre,1,non,,804091
cacao de Caracas,68,non,,804091
cacao de Guyaquil,3,non,,804091
cacao des Îles,28,non,,804091
cacao du Maranhão,17,non,,804091
cacao en grabeau,1,non,,804091
cacao en graine,16,non,,804091
cacao et café et sucre,12,non,,804091
cacao et chocolat,8,non,,804091
cacao étranger,4,non,,804091
cache,1,non,,804091
cachemire de poil,1,non,,804091
cachets d'argent,1,non,,804091
cachets de cuivre,1,non,,804091
cachets dorés,2,non,,804091
cachou,43,non,,804091
cachou brut,5,non,,804091
cachou marron,1,non,,804091
cadeau,1,non,,804091
cadeligue de laine,1,non,,804091
cadenas,69,non,,804091
cadenas de fer,9,non,,804091
cadenas petits,2,non,,804091
cadis,107,non,bas de gamme,18109
cadis de coton ratiné,1,non,,804091
cadis de Givaudan,1,non,,804091
cadis de Montauban,1,non,,804091
cadis rouge,1,non,,804091
cadisson,1,non,,804091
cadot,2,non,,804091
cadrans d'horloge,3,non,,804091
cadrans de montres,2,non,,804091
cadres,1,non,,804091
cadres de bois,7,non,,804091
cadres de bois doré,2,non,,804091
cadres de bois pleint,1,non,,804091
cadres de miroirs,1,non,,804091
cadres dorés,9,non,,804091
cadres dorés et tableaux,1,non,,804091
cadres neufs,1,non,,804091
cadres petits avec leurs verres,1,non,,804091
cadres pour carder,1,non,,804091
cadres pour tableaux,1,non,,804091
cafas,1,non,,804091
café,5913,non,,804091
café avarié,5,non,,804091
café commun,14,non,,804091
café commun du Levant,2,non,,804091
café d'Amérique,61,non,,804091
café de Bourbon,269,non,,804091
café de Bourbon et bois d'ébène,43,non,,804091
café de la Dominique,1,non,,804091
café de la Martinique,20,non,,804091
café de Moka,258,non,,804091
café de Moka avarié,2,non,,804091
café de Moka et marchandises des Indes,41,non,,804091
café de retour,2,non,,804091
café des entrepôts,0,non,,804091
café des Îles de retour,1,non,,804091
café des Indes,1539,non,,804091
café du Levant,121,non,,804091
café en parchemin,20,non,,804091
café entré par Bordeaux et Le Havre,1,non,,804091
café et cacao,43,non,,804091
café et épicerie,1,non,,804091
café et provisions,15,non,,804091
café et sucre et thé,10,non,,804091
café ordinaire,1,non,,804091
café pour Genève,1,non,,804091
café pur,2,non,,804091
café trié,2,non,,804091
cafetières,52,non,,804091
cafetières d'étain,1,non,,804091
cafetières de cuivre,29,non,,804091
cafetières de cuivre rouge,1,non,,804091
cafetières de fer-blanc,3,non,,804091
cafetières de métal,11,non,,804091
cafetières du Levant,1,non,,804091
cafetières en or,1,non,,804091
cafetou de fer,1,non,,804091
caffart,8,non,,804091
caffart blanc,3,non,,804091
caffart carpette et ligatures,21,non,,804091
caffart de damas,6,non,,804091
caffart de laine,3,non,,804091
caffatines,1,non,,804091
cages,3,non,,804091
cages pour oiseaux,90,non,,804091
cages pour perroquets,2,non,,804091
cages pour poules,1,non,,804091
cahiers de papier fin,1,non,,804091
cahouannes,10,non,,804091
cailles,6,non,,804091
cailloux,1,non,,804091
cailloux à faïence ou porcelaine,2,non,,804091
cailloux et sable à faïence ou porcelaine,2,non,,804091
caisse,5,non,,804091
caisse à carafons,1,non,,804091
caisse à finance,2,non,,804091
caisse de berline et train,1,non,,804091
caisse de carrosses,3,non,,804091
caisse de liège,2,non,,804091
caisse de liège à carafons,11,non,,804091
caisse de sapin,9,non,,804091
caisse du reve de lagne,1,non,,804091
caisse et têtes de carton,2,non,,804091
caisse vide,13,non,,804091
caissettes pour balz,1,non,,804091
cal d'artichaut,1,non,,804091
caladaris,107,non,milieu de gamme,43973
calames,1,non,,804091
calamine,30,non,,804091
calamine grillée,1,non,,804091
calamine grillée pulvérisée ou non et zinc,4,non,,804091
calamine pierres calaminaires et zinc,2,non,,804091
calamus,9,non,,804091
calamus aromaticus,5,non,,804091
calandrine,1,non,,804091
calaurure,0,non,,804091
calbas,4,non,,804091
calebasses vides,1,non,,804091
calèches,2,non,,804091
caleçons,2,non,,804091
calenderis,1,non,,804091
calice d'argent,1,non,,804091
calicot,11,non,,804091
calicot de laine,1,non,,804091
calicot et toile de coton blancs et écrus,1,non,,804091
calicot et toile de coton imprimés et teints,1,non,,804091
calicots et percale de coton blanc,1,non,,804091
calmande,659,non,milieu de gamme,43973
calmande d'Amiens,4,non,,804091
calmande de 30 aunes,1,non,,804091
calmande de laine,48,oui,milieu de gamme,43973
calmande de laine noire,1,oui,,804091
calmande de Lille,2,non,,804091
calmande de poil,140,non,haut de gamme,12084
calmande des prises,3,non,,804091
calmande étroite de laine,3,non,,804091
calmande fine,1,non,,804091
calmande noire,2,non,,804091
calmande ordinaire,1,non,,804091
calmotte,1,non,,804091
calotte,1,non,,804091
calotte de papier,1,non,,804091
calotte de peau divine,1,oui,,804091
calotte de peaux divine,1,non,,804091
calotte de prêtre,3,non,,804091
calotte et sacs de papier,2,non,,804091
calotte hollandaise,1,non,,804091
calpo baljainum,1,non,,804091
cam... ??,1,non,,804091
cambaye,3,non,,804091
cambaye à grands carreaux,1,non,,804091
cambouis,1,non,,804091
camelot,426,non,milieu de gamme,43973
camelot à mi soie,6,non,,804091
camelot à mi-soie,6,oui,,804091
camelot à peu de soie,15,non,bas de gamme,18109
camelot au quart,3,non,,804091
camelot au sixième de soie,3,non,,804091
camelot au-dessous du sixième de soie,1,non,,804091
camelot avec soie,4,non,,804091
camelot burail,6,non,,804091
camelot d'Amiens,24,non,,804091
camelot d'Angleterre,1,non,,804091
camelot d'Angleterre et de Hollande,12,non,,804091
camelot d'angora,1,non,,804091
camelot d'Auvergne,12,non,,804091
camelot de Bruxelles,5,non,,804091
camelot de burail,1,non,,804091
camelot de Chine,2,non,,804091
camelot de coton,1,non,,804091
camelot de Douai,4,non,,804091
camelot de France,5,non,,804091
camelot de Hollande,5,non,,804091
camelot de laine,255,non,milieu de gamme,43973
camelot de laine écru,1,non,,804091
camelot de laine et de poil,2,non,,804091
camelot de laine et de soie,28,non,milieu de gamme,43973
camelot de laine et soie,2,non,,804091
camelot de laine étroit,7,non,,804091
camelot de laine faille,4,non,,804091
camelot de laine large,8,non,,804091
camelot de laine petit dit de Berlin,16,non,,804091
camelot de Lille,14,non,,804091
camelot de Lille de soie,1,non,,804091
camelot de Lille et autres,8,non,,804091
camelot de poil,185,non,milieu de gamme,43973
camelot de poil de chèvre,2,non,,804091
camelot de poil de laine,13,non,,804091
camelot de poil et de soie,11,non,,804091
camelot de poil fin,2,non,,804091
camelot de Smyrne,4,non,,804091
camelot de soie,44,non,milieu de gamme,43973
camelot de terrine,0,non,,804091
camelot des Indes,4,non,,804091
camelot écarlate,11,non,,804091
camelot et burail de laine,2,non,,804091
camelot et étamine,1,non,,804091
camelot et panne de laine,1,non,,804091
camelot fil et soie,1,non,,804091
camelot fin,2,non,,804091
camelot gaufré,1,non,,804091
camelot jaspé,1,non,,804091
camelot petit dit Berlin,10,non,,804091
camelot rayé,0,non,,804091
cameramain,0,non,,804091
camion à garnir voiture,1,non,,804091
camisoles,13,non,,804091
camisoles de laine,3,non,,804091
camisoles de toile,1,non,,804091
camisoles et capuches,1,non,,804091
camisoles et casaques,2,non,,804091
camisoles et redingotes,7,non,,804091
camisoles pour nègre,1,non,,804091
camisolettes,1,non,,804091
camomille,1,non,,804091
Campêche,2,non,,804091
camphre,326,non,,804091
camphre brut,21,non,,804091
camphre brut et raffiné,2,non,,804091
camphre raffiné,44,non,,804091
canades,1,non,,804091
canapé,10,non,,804091
canapé de canne,1,non,,804091
canapé de cuir de Russie,1,non,,804091
canapé de laine,1,non,,804091
canapé de maroquin et tables à jouer,1,non,,804091
canapé de taffetas,1,non,,804091
canardières,1,non,,804091
canards,18,non,,804091
canards en vie,1,non,,804091
canaris,1,non,,804091
canaris ou serins,195,non,,804091
canaux,1,non,,804091
candetas,0,non,,804091
cane,1,non,,804091
cane garnie,2,non,,804091
caneffas,1,non,,804091
canefice,664,non,,804091
canefice des prises,1,non,,804091
canefice en café,1,non,,804091
canefice en grabeau,12,non,,804091
canefice raffiné,1,non,,804091
caneficier,1,non,,804091
canelle (étoffe),1,non,,804091
canena,1,non,,804091
canepre,0,non,,804091
canerelles,1,non,,804091
canettes des Indes,1,non,,804091
canevettes,43,non,,804091
canevettes à flacons,1,non,,804091
canevettes de grès,14,non,,804091
canevettes de grès de 6 flacons,1,non,,804091
canevettes ou caisse de 6 flacons pour la traite,2,non,,804091
canevettes vides,2,non,,804091
canifs,3,non,,804091
caniques,1,non,,804091
cann ??,1,non,,804091
canne ou roseaux en fanon,1,non,,804091
cannelle,1541,non,,804091
cannelle à tonneaux,1,non,,804091
cannelle commune,18,non,,804091
cannelle commune des entrepôts,0,non,,804091
cannelle commune et cassia,1,non,,804091
cannelle commune hors d'Europe,0,non,,804091
cannelle de bois,4,non,,804091
cannelle de bois pour tamis,1,non,,804091
cannelle de Chine,1,non,,804091
cannelle de fleurs,1,non,,804091
cannelle de grès,1,non,,804091
cannelle des Indes,2,non,,804091
cannelle et girofle et poivre,1,non,,804091
cannelle et girofle et poivre etc,1,non,,804091
cannelle et poivre,1,non,,804091
cannelle fine,9,non,,804091
cannelle fine des entrepôts,0,non,,804091
cannelle giroflée,12,non,,804091
cannelle malte,4,non,,804091
cannelle ocyrez,0,non,,804091
cannelle ordinaire,3,non,,804091
cannelle sauvage,6,non,,804091
cannelles de cuivre pour tonneaux,1,non,,804091
cannes,34,non,,804091
cannes à faire chaise,1,non,,804091
cannes à main,105,non,,804091
cannes à pêcher,1,non,,804091
cannes à pommes d'argent,1,non,,804091
cannes à pommes d'or,13,non,,804091
cannes à pommes d'or ayant servi,1,non,,804091
cannes d'Indes,1,non,,804091
cannes de bambous,4,non,,804091
cannes de bois,4,non,,804091
cannes de bois montées et non montées,79,non,,804091
cannes de bois vernis,1,non,,804091
cannes de jonc,104,non,,804091
cannes de jonc ou roseaux,5,non,,804091
cannes de roseaux,9,non,,804091
cannes de terre,2,non,,804091
cannes de terre vernies,1,non,,804091
cannes dites genettes,4,non,,804091
cannes en brochettes,1,non,,804091
cannes en canon,1,non,,804091
cannes et bâtons vernis,80,non,,804091
cannes garnies,1,oui,,804091
cannes vernies,2,non,,804091
cannetilles,3,non,,804091
cannetilles d'argent et d'or,1,non,,804091
cannetilles d'or faux,1,non,,804091
cannette de grès et de terre,1,non,,804091
cannette de terre,1,non,,804091
cannettes,14,non,,804091
cannettes à faïence,1,non,,804091
cannettes d'étain,18,non,,804091
cannettes de ???,1,non,,804091
cannettes de faïence,3,non,,804091
cannettes de grès,189,non,,804091
cannettes de grès couvertes d'étain,2,non,,804091
cannettes de marbre,1,non,,804091
cannettes de sapin,1,non,,804091
cannettes de terre,40,non,,804091
cannettes et leurs flacons,1,non,,804091
cannettes ocyrez,0,non,,804091
cannettes ou marbre,1,non,,804091
cannettes ou marbre pour la Compagnie des Indes,1,non,,804091
canonnières de cantil,2,non,,804091
canons,85,non,,804091
canons de 12 livres,3,non,,804091
canons de 18 livres,1,non,,804091
canons de 2 livres,1,non,,804091
canons de 3 livres,2,non,,804091
canons de 4 livres,6,non,,804091
canons de 6 livres,2,non,,804091
canons de bronze,2,non,,804091
canons de bronze d'une demi livre,1,non,,804091
canons de différents calibres,1,non,,804091
canons de fer,325,non,,804091
canons de fer avec leurs affûts,2,non,,804091
canons de fer brisés et rompus,1,non,,804091
canons de fer de 12 livres,3,non,,804091
canons de fer de 18 à 24 livres,4,non,,804091
canons de fer de 18 et 30 livres,1,non,,804091
canons de fer de 18 livres,1,non,,804091
canons de fer de 2 livres,5,non,,804091
canons de fer de 3 à 4 livres,1,non,,804091
canons de fer de 3 livres,4,non,,804091
canons de fer de 3 livres avec leurs affuts,1,non,,804091
canons de fer de 4 livres,16,non,,804091
canons de fer de 6 livres,6,non,,804091
canons de fer de 8 livres,2,non,,804091
canons de fer de 9 livres,1,non,,804091
canons de fer et balles de fer,1,non,,804091
canons de fer petits,2,non,,804091
canons de fer vieux,3,non,,804091
canons de feu de 4 livres,1,non,,804091
canons de filoselle,2,non,,804091
canons de fonte,20,non,,804091
canons de fonte petit,1,non,,804091
canons de fusils,38,non,,804091
canons de fusils vieux,2,non,,804091
canons de métal,3,non,,804091
canons de vieux mousquets,1,non,,804091
canons et affûts,1,non,,804091
canons vieux,3,non,,804091
canot neuf,2,non,,804091
cantharides,363,non,,804091
cantharides et cloportes,2,non,,804091
cantharides ou mouches d'Espagne,28,non,,804091
cantines,3,non,,804091
cantines de cuir,1,non,,804091
canules,1,non,,804091
canyolore,3,non,,804091
caoutchouc,30,non,,804091
capalme,1,non,,804091
caparaçons,6,non,,804091
caparaçons de peau,3,non,,804091
capeabas,1,non,,804091
caperies,1,non,,804091
capes,10,non,,804091
capes cabas,1,non,,804091
capes de camelot,3,non,,804091
capes du Béarn,1,non,,804091
capies,3,non,,804091
capillaire,30,non,,804091
capillaire du Canada,1,non,,804091
capillaire en herbes,142,non,,804091
capillaire verte,1,non,,804091
capiton,10,non,,804091
capiton de soie,1,non,,804091
capons,2,non,,804091
capot,3,non,,804091
capot et casaques,2,non,,804091
capotes,14,non,,804091
capotes de drap,1,non,,804091
capotes de drap gros,1,non,,804091
capotes de marrègue,1,non,,804091
capotes et chemises casaques,1,non,,804091
capots,152,non,,804091
capots (drap),1,oui,,804091
capots (draps),1,non,,804091
capots à nègre,1,non,,804091
capots de laine,2,non,,804091
câpres,1011,non,,804091
câpres au vinaigre,4,non,,804091
câpres communes,3,non,,804091
câpres communes confits,1,non,,804091
câpres confits,3,non,,804091
câpres confits au vinaigre,3,non,,804091
câpres cornichons et olives,10,non,,804091
câpres d'Espagne,84,non,,804091
câpres et cornichons au vinaigre,5,non,,804091
câpres et olive,4,non,,804091
câpres et olives,1,non,,804091
câpres et olives confits,2,non,,804091
câpres fines,4,non,,804091
câpres gousses,1,non,,804091
câpres grosses,1,non,,804091
câpres marinées,5,non,,804091
câpres non marinées,4,non,,804091
câpres salées et au vinaigre,0,non,,804091
capris,4,non,,804091
capsliattes,4,non,,804091
caput mortum,2,non,,804091
carabé,37,non,,804091
carabé jaune,1,non,,804091
carabine à air comprimé,3,non,,804091
caractères à imprimerie,222,non,,804091
caractères à imprimerie de plomb,4,non,,804091
caractères à imprimerie en langue allemande,2,non,,804091
caractères à imprimerie en langue française,2,non,,804091
caractères à imprimerie hors d'usage,5,non,,804091
caractères à imprimerie neufs,4,non,,804091
carafes de verre,1,non,,804091
carafes de verre blanc,1,non,,804091
carafons,1,non,,804091
caramel,1,non,,804091
carants et lanjents,1,non,,804091
caraterie,1,non,,804091
carbonate d'ammoniaque,4,non,,804091
carbonate de magnésie,7,non,,804091
carbonate de plomb mélangé ou pur,5,non,,804091
carbonate de plomb très pur,3,non,,804091
carcajou,1,non,,804091
carcasse,107,non,,804091
carcasse à peu de soie,2,non,,804091
cardage,2,non,,804091
cardamome,67,non,,804091
cardes,9,non,,804091
cardes à carder,354,non,,804091
cardes à carder le coton en fer,3,non,,804091
cardes à carder neuves,2,non,,804091
cardes à carder vieilles,1,non,,804091
cardes à drapier,1,non,,804091
cardes de bois et de fil de fer,117,non,,804091
cardes de chanvre,1,non,,804091
cardes de fil à étirer,1,non,,804091
cardes et cardons champêtres,97,non,,804091
cardes neuves,7,non,,804091
cardes vieilles,18,non,,804091
cardilletrie,3,non,,804091
cardines,10,non,,804091
cardines de bois,5,non,,804091
cardines de sapin,1,non,,804091
cardon,7,non,,804091
caret,50,non,,804091
cargaison,2,oui,,804091
caril,2,non,,804091
carillon de fer,4,non,,804091
carisé,1,non,,804091
carisé des prises,1,non,,804091
carisel,28,non,bas de gamme,18109
carisel blanc,143,non,,804091
carisel teint,130,non,,804091
carives vieilles,2,non,,804091
carlé,2,non,,804091
carmin,11,non,,804091
carmin commun,3,non,,804091
carmin fin,2,non,,804091
carnasse,18,non,,804091
carnifié,1,non,,804091
carny,2,non,,804091
carols,1,non,,804091
caroots,2,non,,804091
carosses et harnais,1,non,,804091
carotte,13,non,,804091
carotte d'enfant,1,non,,804091
carottes,4,oui,,804091
carou,1,non,,804091
caroube,146,non,,804091
carpe,8,non,,804091
carpe et tanche,1,non,,804091
carpeaux alevins,5,non,,804091
carpes,28,non,,804091
carpes de stockfish,1,non,,804091
carpes et brochets,115,non,,804091
carpette,4,non,,804091
carrabe,2,non,,804091
carré,62,non,,804091
carré de fer plat,12,non,,804091
carreaux,11,non,,804091
carreaux ???,1,non,,804091
carreaux à dentelle,4,non,,804091
carreaux à paver,20,non,,804091
carreaux à paver de pierre,7,non,,804091
carreaux à paver de terre,133,non,,804091
carreaux à vitres,1,non,,804091
carreaux bleus,2,non,,804091
carreaux bleus à paver,1,non,,804091
carreaux brique et tuiles,2,non,,804091
carreaux d'ardoise,6,non,,804091
carreaux d'Île de France,1,non,,804091
carreaux de Bidache,16,non,,804091
carreaux de Bidache de pierre,9,non,,804091
carreaux de brique,53,non,,804091
carreaux de dentelle,1,non,,804091
carreaux de faïence,94,non,,804091
carreaux de genièvre,1,non,,804091
carreaux de marbre,205,non,,804091
carreaux de marbre à paver,72,non,,804091
carreaux de marbre bâtard,4,non,,804091
carreaux de marbre gros,1,non,,804091
carreaux de marbre ouvrés,4,non,,804091
carreaux de marbre pour le Roi,1,non,,804091
carreaux de moulage,1,non,,804091
carreaux de pierre,51,non,,804091
carreaux de pierre de Bidache,1,non,,804091
carreaux de pierre de terre,1,non,,804091
carreaux de pierre noire,1,non,,804091
carreaux de pierres bâtir,1,non,,804091
carreaux de sera,2,non,,804091
carreaux de Suède,1,non,,804091
carreaux de terre,349,oui,,804091
carreaux de terre cuite,376,non,,804091
carreaux de terre d'or pied demi en carré,1,non,,804091
carreaux de terre et tuiles bombées,8,non,,804091
carreaux de terre grands,1,non,,804091
carreaux de verre,16,non,,804091
carreaux de verre à vitre,40,non,,804091
carreaux démoulés,1,non,,804091
carreaux des prises,1,non,,804091
carreaux en nombre,1,oui,,804091
carreaux et ouvrages de terre cuite,0,non,,804091
carreaux façon de marbre,1,non,,804091
carreaux marbre chaux pierres à bâtir,6,non,,804091
carreaux meulage de Brie,1,non,,804091
carreaux meulage de France,2,non,,804091
carreaux moulage,4,non,,804091
carreaux moulage de Brie,7,non,,804091
carreaux moulage de France,8,non,,804091
carreaux noirs,3,non,,804091
carreaux rouges,10,non,,804091
carrelet,1,non,,804091
carres,3,non,,804091
carriole d'enfant,1,non,,804091
carrole et crouge,1,non,,804091
carrosse et chaises roulantes,2,non,,804091
carrosses,202,non,,804091
carrosses et chaises et phaéton,1,non,,804091
carrosses et harnais,1,non,,804091
carrosses grands montés sur leur train et harnais riche,1,non,,804091
carrosses neufs,15,non,,804091
carrosses usés,1,non,,804091
carrosses vieux,21,non,,804091
carrue,1,non,,804091
cartager,1,non,,804091
cartame,1,non,,804091
cartes,8,non,,804091
cartes à chaperonier,1,non,,804091
cartes à jouer,847,non,,804091
cartes à jouer grosse,1,non,,804091
cartes de géographie sur toile,1,non,,804091
cartes de la Martinique,1,non,,804091
cartes des côtes d'Angleterre,1,non,,804091
cartes géographiques,102,non,,804091
cartes géographiques de la Chine,1,non,,804091
cartes géométriques,1,non,,804091
cartes marines,42,non,,804091
cartes marines de pêches,1,non,,804091
carthame,7,non,,804091
cartignette,1,non,,804091
carton,247,non,,804091
carton à drapier,1,non,,804091
carton assemblé et coupé,2,non,,804091
carton en feuilles et lustré à presser le drap,2,non,,804091
carton gracé,1,non,,804091
carton gris,1,non,,804091
carton lustré à presser le drap,2,non,,804091
carton moulé,6,non,,804091
carton peint,1,non,,804091
cartouches,1,non,,804091
caruane,1,non,,804091
carubis,70,non,,804091
carvi,1,non,,804091
carzé,0,non,,804091
casaques,16,non,,804091
casaques à nègre,14,non,,804091
casaques de froc,1,non,,804091
casaques de laine,1,non,,804091
casaques de peau,3,non,,804091
casaques du cuir,1,non,,804091
casaques pour matelot,1,non,,804091
casaquin,3,non,,804091
cascarilles,43,non,,804091
casely,1,non,,804091
casimir,8,non,,804091
casimir de laine,11,non,,804091
casimir de laine et mérinos,1,non,,804091
casimir et mérinos fin de laine,23,non,haut de gamme,12084
casimir fin de laine,10,non,haut de gamme,12084
casimirs et mérinos de laine,1,non,,804091
casques,5,non,,804091
casques à nègre,1,non,,804091
casques et cuirasses,2,non,,804091
cassave,4,non,,804091
casse,110,non,,804091
casse de fer,3,non,,804091
casse de laiton,1,non,,804091
casse des entrepôts,0,non,,804091
casse en bâton,3,non,,804091
casse étoffe,4,non,,804091
casse garnie,1,non,,804091
cassedis,1,non,,804091
casseroles de fer,1,non,,804091
cassi matia,1,non,,804091
cassia fistula,3,non,,804091
cassia lignea,163,non,,804091
cassia sèche,1,non,,804091
cassin bazas,1,non,,804091
cassis,4,non,,804091
cassoles,2,non,,804091
cassonade,212,non,,804091
cassonade des Îles,14,non,,804091
cassonade et sucre,7,non,,804091
cassonade et sucre brut,2,non,,804091
cassube,2,non,,804091
castalogne,19,non,,804091
castine et spath,2,non,,804091
castor,50,non,,804091
castor blanc,1,non,,804091
castor bordé d'argent et d'or,1,non,,804091
castor gras,25,non,,804091
castor sec,27,non,,804091
castoreum,30,non,,804091
castoreum du ???,1,non,,804091
castus doux,1,non,,804091
catadarits,0,non,,804091
Catalogne de laine,1,non,,804091
Catalogne de poil,2,non,,804091
catéchismes,1,non,,804091
catequin,2,non,,804091
catlas,2,non,,804091
caubrune,1,non,,804091
cauride,0,non,,804091
caurie,1,non,,804091
caurier,1,non,,804091
cauris,340,non,,804091
cauris de retour,1,non,,804091
cauris des Indes,1,non,,804091
cauris en sac,1,non,,804091
cauris pour la traite,1,non,,804091
cauris salés et verts,1,non,,804091
cauris vernis,1,non,,804091
causels de bar,10,non,,804091
causels de bois,2,non,,804091
causse de cordes,1,non,,804091
cautardes,1,non,,804091
cavelle,13,non,,804091
cavelle de bois,2,non,,804091
cavelle pour tonneaux,1,non,,804091
caves,14,non,,804091
caves à main,1,non,,804091
caves à tabac,2,non,,804091
caves de ??? flacons,1,non,,804091
caves de 10 flacons,1,non,,804091
caves de 12 flacons,42,non,,804091
caves de 15 flacons,8,non,,804091
caves de 21 flacons,1,non,,804091
caves de 29 flacons,1,non,,804091
caves de 6 flacons,117,non,,804091
caves de 6 flacons pour eau-de-vie,1,non,,804091
caves de 7 flacons,1,non,,804091
caves de 8 flacons,2,non,,804091
caves de 9 flacons,70,non,,804091
caves de flacons,13,non,,804091
caves de l'Amérique,1,non,,804091
caves et canevettes avec leurs flacons,1,non,,804091
caves et canevettes de 6 flacons,3,non,,804091
caves files,1,non,,804091
caves garnies,136,non,,804091
caves garnies de 12 flacons,2,non,,804091
caves garnies de flacons,5,non,,804091
caves garnies de flacons de cristal,1,non,,804091
caves garnies de leurs flacons,4,non,,804091
caves non garnies de flacons,1,non,,804091
caves ou flacons,1,non,,804091
cavettes de bois,3,non,,804091
cavettes de grès,4,non,,804091
cavial,4,non,,804091
caviers de terre,0,non,,804091
cavizé,0,non,,804091
cayette,1,non,,804091
cazé,0,non,,804091
cazin bazar,1,non,,804091
ceaustatille étoffe,1,non,,804091
cédrat,108,non,,804091
cédrat frais,0,non,,804091
cédrat zestes confits,26,non,,804091
cèdre,7,non,,804091
ceintures,12,non,,804091
ceintures brodées,1,non,,804091
ceintures brodées de soie,1,non,,804091
ceintures d'argent et d'or,1,non,,804091
ceintures d'argent fin,1,non,,804091
ceintures d'épée,1,non,,804091
ceintures de coton,7,non,,804091
ceintures de cuir,1,non,,804091
ceintures de laine,37,non,,804091
ceintures de laine et de fil,1,non,,804091
ceintures de maroquin,1,non,,804091
ceintures de robe de chambre,4,non,,804091
ceintures de soie,21,non,,804091
ceintures marines,1,non,,804091
ceintures pour matelot,1,non,,804091
ceintures pour prêtre,9,non,,804091
ceinturons,27,non,,804091
ceinturons brodés,1,non,,804091
ceinturons brodés d'argent,2,non,,804091
ceinturons brodés d'or,1,non,,804091
ceinturons de buffle,3,non,,804091
ceinturons de chamois,1,non,,804091
ceinturons de coton,1,non,,804091
ceinturons de cuir,3,non,,804091
ceinturons de laine,1,non,,804091
ceinturons de peau,1,non,,804091
ceinturons de soie,8,non,,804091
ceinturons et bandoulières,65,non,,804091
ceinturons et bandoulières et gibernes,19,non,,804091
ceinturons et gibernes,1,non,,804091
ceinturons piqués,1,non,,804091
ceinturons pour épée,1,non,,804091
ceinturons unis,3,non,,804091
céleris,35,non,,804091
cendaline,3,non,,804091
cendre,441,non,,804091
cendre ???,2,non,,804091
cendre à engraisser,16,non,,804091
cendre à fumer,5,non,,804091
cendre à fumer terre,29,non,,804091
cendre à houille,1,non,,804091
cendre à orfèvre,24,non,,804091
cendre à savon,1,non,,804091
cendre barille,3,non,,804091
cendre barille de soudes,4,non,,804091
cendre blanche,1,non,,804091
cendre bleue,77,non,,804091
cendre bleue et verte,5,non,,804091
cendre bourde,332,non,,804091
cendre bourre de soudes,4,non,,804091
cendre broyée à l'huile,1,non,,804091
cendre calcinée,2,non,,804091
cendre cassant,8,non,,804091
cendre casseaux,31,non,,804091
cendre commune,271,non,,804091
cendre d'Angleterre,6,non,,804091
cendre d'Égypte,1,non,,804091
cendre d'os,1,non,,804091
cendre de barille,20,non,,804091
cendre de barille en pierre,2,non,,804091
cendre de barille et fonde,1,non,,804091
cendre de bois,436,non,,804091
cendre de bois commune,127,non,,804091
cendre de bois vive,3,non,,804091
cendre de chaux,82,non,,804091
cendre de courbe,3,oui,,804091
cendre de cuivre,1,non,,804091
cendre de Damas,1,non,,804091
cendre de fonde,6,non,,804091
cendre de frène,14,non,,804091
cendre de goëmon,2,non,,804091
cendre de goëmon ou soudes,1,non,,804091
cendre de grignon,4,non,,804091
cendre de griguonia,3,non,,804091
cendre de houille,125,non,,804091
cendre de lessive,51,non,,804091
cendre de Lyon,1,non,,804091
cendre de Malte,3,non,,804091
cendre de mer,18,non,,804091
cendre de monnaie,1,non,,804091
cendre de narc,1,non,,804091
cendre de natron,1,non,,804091
cendre de paille et de tourbe,1,non,,804091
cendre de plomb,45,non,,804091
cendre de Sicile,27,non,,804091
cendre de tabac,2,non,,804091
cendre de tourbe,116,non,,804091
cendre de varech,27,non,,804091
cendre de varet,6,non,,804091
cendre de verre,5,non,,804091
cendre de vitarch,1,non,,804091
cendre des rois,1,non,,804091
cendre du Levant,9,non,,804091
cendre en lest,1,non,,804091
cendre lessivée,2,non,,804091
cendre mature à saveur de soude,1,non,,804091
cendre menuisée,1,non,,804091
cendre poland,1,non,,804091
cendre poreuse,5,non,,804091
cendre pour manufactures,42,non,,804091
cendre pour nettoyer les pots,1,non,,804091
cendre pour verrerie,2,non,,804091
cendre salicor,1,non,,804091
cendre saline,4,non,,804091
cendre soudes,5,non,,804091
cendre soudes d'Égypte ou Natrum,0,non,,804091
cendre verte,9,non,,804091
cendres bourde,1,oui,,804091
cendres de nark,1,oui,,804091
cendres de varech,4,oui,,804091
censes de bâtiments,2,non,,804091
cercles,133,non,,804091
cercles à barils,48,oui,,804091
cercles à barriques,12,oui,,804091
cercles à bobillons,3,oui,,804091
cercles à bottes,2,oui,,804091
cercles à paniers,2,oui,,804091
cercles à pipes,13,oui,,804091
cercles à quart,1,oui,,804091
cercles à quarts,1,oui,,804091
cercles à relier,4,oui,,804091
cercles à tamis,54,oui,,804091
cercles à tamis dits standrepen,0,oui,,804091
cercles à tonneaux,277,oui,,804091
cercles à tonneaux en roues,2,oui,,804091
cercles communs,17,non,,804091
cercles d'osier,85,non,,804091
cercles de 10 à 12 pieds,41,non,,804091
cercles de 12 à 16 pieds,58,non,,804091
cercles de 7 à 11 pieds,17,non,,804091
cercles de 8 à 10 pieds,48,non,,804091
cercles de 9 à 12 pieds,31,non,,804091
cercles de bois,885,non,,804091
cercles de bois à quarts,1,oui,,804091
cercles de bois à tonneaux,20,oui,,804091
cercles de bois et feuillards de bois,40,non,,804091
cercles de bois et osier,1,non,,804091
cercles de bois pour barils,2,non,,804091
cercles de bois pour barriques,3,non,,804091
cercles de bois pour bobillons,1,non,,804091
cercles de bois pour la mire,0,non,,804091
cercles de bois pour pipes,2,non,,804091
cercles de bois pour quarts,1,non,,804091
cercles de bois pour tamis,2,non,,804091
cercles de bois pour tanier,3,non,,804091
cercles de bois pour tonneaux,22,non,,804091
cercles de cuivre de poil,1,non,,804091
cercles de demitte,1,non,,804091
cercles de douves,1,non,,804091
cercles de faux,1,non,,804091
cercles de fer,463,non,,804091
cercles de fer et feuillardes de fer,3,non,,804091
cercles de fers,3,non,,804091
cercles de feuillards,2,non,,804091
cercles de jonc,7,non,,804091
cercles de retour,1,non,,804091
cercles et feuillards,1,non,,804091
cercles ou feuillards de fer,10,non,,804091
cercles pour barils,48,non,,804091
cercles pour barriques,13,non,,804091
cercles pour barriques de bois,1,non,,804091
cercles pour bobillons,3,non,,804091
cercles pour bottes,2,non,,804091
cercles pour paniers,2,non,,804091
cercles pour pipes,13,non,,804091
cercles pour quarts,1,non,,804091
cercles pour relier,4,non,,804091
cercles pour tamis,59,non,,804091
cercles pour tamis dits standrepen,86,non,,804091
cercles pour tonneaux,395,non,,804091
cercles pour tonneaux en roues,2,non,,804091
cercocole,1,non,,804091
céréales,1,non,,804091
cerf-volant,1,non,,804091
cerises,32,non,,804091
cerneaux,1,non,,804091
céruse,944,non,,804091
céruse et blanc de plomb,130,non,,804091
cervelas,99,non,,804091
cervelas salées et cuisses d'oie salées et langues salèes,4,non,,804091
cévadille,11,non,,804091
cha ??,1,non,,804091
chades,1,non,,804091
chafarcani,5,non,,804091
chafarcany,4,oui,,804091
chagrin,4,non,,804091
chagrin de soie,6,non,,804091
chaînes de fer,41,non,,804091
chaînes de laiton,1,non,,804091
chaînes de montres,4,non,,804091
chaînes de montres serties d'or,1,non,,804091
chair,7,non,,804091
chair ???,1,non,,804091
chair cuite,1,non,,804091
chair de bœuf,5,non,,804091
chair de boucherie,6,non,,804091
chair de gibier et de volailles,8,non,,804091
chair de morue,1,non,,804091
chair de porcs,7,non,,804091
chair de volaille et chair de gibier,28,non,,804091
chair et lard enfumé et salé,146,non,,804091
chair et lard frais,133,non,,804091
chair et poisson,1,non,,804091
chair fraîche,4,non,,804091
chair fraîche et salée,15,non,,804091
chair fumée,33,non,,804091
chair salée,955,non,,804091
chair salée de bœuf,4,non,,804091
chair salée de jambon de porcs,1,non,,804091
chair salée de porcs,25,non,,804091
chair salée et chair fraîche,208,non,,804091
chair salée ou lard,1,non,,804091
chaise garnie de cannes,2,non,,804091
chaise garnie de maroquin,2,non,,804091
chaises,20,non,,804091
chaises à deux roues,17,non,,804091
chaises à porteur,5,non,,804091
chaises à rouler les enfants,2,non,,804091
chaises communes,2,non,,804091
chaises d'enfant,1,non,,804091
chaises de bois,16,non,,804091
chaises de bois de sapin,1,non,,804091
chaises de canne,52,non,,804091
chaises de commodité,188,non,,804091
chaises de commodité et leurs pots,6,non,,804091
chaises de commodité et leurs pots de faïence,1,non,,804091
chaises de fer,7,non,,804091
chaises de fer harnais,1,non,,804091
chaises de jonc,42,non,,804091
chaises de laine,1,non,,804091
chaises de maroquin,6,non,,804091
chaises de noyer,3,non,,804091
chaises de paille,488,non,,804091
chaises de paille et canapé,1,non,,804091
chaises de paille et fauteuils de paille,7,non,,804091
chaises de poste,22,non,,804091
chaises de poste et fauteuils de poste,2,non,,804091
chaises de poste et harnais,1,non,,804091
chaises de rotin,16,non,,804091
chaises de rotin et fauteuils,1,non,,804091
chaises de tapisserie,1,non,,804091
chaises et cabriolets,118,non,,804091
chaises et fauteuils,21,non,,804091
chaises et fauteuils de bois,7,non,,804091
chaises et fauteuils de canne,6,non,,804091
chaises et fauteuils de commodité,1,non,,804091
chaises et fauteuils de jonc,3,non,,804091
chaises garnies,5,non,,804091
chaises paillées,1,non,,804091
chaises pliantes,1,non,,804091
chaises pliantes de cuir de Russie,1,non,,804091
chaises pour enfant,1,non,,804091
chaises roulantes,20,non,,804091
chaises roulantes avec harnais,1,non,,804091
chaises roulantes avec leur train,1,non,,804091
chaises roulantes vieilles,1,non,,804091
chalbafs,13,non,,804091
châles brochés et façonnés de laine,2,non,,804091
châles couvertures et tapis de fleuret,1,non,,804091
châles de cachemire de poil,1,non,,804091
châles de laine,43,non,,804091
châles de laine brochés et façonnés,1,non,,804091
châles de laine et de poil,46,non,,804091
châles de percale de coton imprimée,2,non,,804091
châles des Indes,0,non,,804091
châles et mouchoirs,15,non,,804091
châles et mouchoirs de coton,81,non,,804091
châles et mouchoirs de laine,48,non,,804091
châles et mouchoirs de soie,156,non,,804091
chalons,25,non,,804091
chalons blancs,6,non,,804091
chalons blancs soufrés,4,non,,804091
chalons peints,8,non,,804091
chalotte,1,non,,804091
chaloupe,2,non,,804091
chaloupe démontée,3,non,,804091
chambranle de cheminé en marbre,1,non,,804091
chambre d'enfant,1,non,,804091
chamois,1,non,,804091
chamois passé en jaune,6,non,,804091
chamoisure,1,non,,804091
champ fleurs,1,non,,804091
champheuv,1,non,,804091
champignons,101,non,,804091
champignons confits,4,non,,804091
champignons et morilles,2,non,,804091
champignons et morilles et truffes,1,non,,804091
champignons et truffes,1,non,,804091
champignons marinés,1,non,,804091
champignons secs,28,non,,804091
chandal,1,non,,804091
chandeliers d'église en or,1,non,,804091
chandeliers de bois,1,non,,804091
chandeliers de bois de Nuremberg,1,non,,804091
chandeliers de cuivre,14,non,,804091
chandeliers de cuivre argentés,2,non,,804091
chandeliers de fer,1,non,,804091
chandeliers de laiton,3,non,,804091
chandelle,1812,non,,804091
chandelle à porteur,1,non,,804091
chandelle de bois,1,non,,804091
chandelle de canne,4,non,,804091
chandelle de chanvre et suif,7,non,,804091
chandelle de commodité,3,non,,804091
chandelle de jonc,1,non,,804091
chandelle de paille,9,non,,804091
chandelle de résines,1,non,,804091
chandelle de rotin,1,non,,804091
chandelle de sperme de baleine,1,non,,804091
chandelle de suif,386,non,,804091
chandelle de suif et suif,11,non,,804091
chandelle de suif et suif fondu,1,non,,804091
chandelle et suif,3,non,,804091
chandelle moitié cire,1,non,,804091
chandelle moulée,2,non,,804091
chandelle roulante,1,non,,804091
changeant,6,non,,804091
chanoni,1,non,,804091
chantournés de lit en satin,2,non,,804091
chantournés de lit en satin brodé,2,non,,804091
chanvre,4722,non,,804091
chanvre apprêté,13,non,,804091
chanvre battu,56,non,,804091
chanvre brut,55,non,,804091
chanvre chiné,1,non,,804091
chanvre commun,3,non,,804091
chanvre cru,1062,non,,804091
chanvre de masse,9,non,,804091
chanvre de retour,2,non,,804091
chanvre deuxième qualité,1,non,,804091
chanvre dit chenevolle,1,non,,804091
chanvre divers,45,non,,804091
chanvre écru,16,non,,804091
chanvre en masses,45,non,,804091
chanvre en ramade,1,non,,804091
chanvre en rames,154,non,,804091
chanvre en rames (c'est à dire du Nord),1,non,,804091
chanvre en tiges brutes choisie sèches ou vertes,2,non,,804091
chanvre en tiges brutes sèches roules ou vertes,3,non,,804091
chanvre et lin,10,non,,804091
chanvre fin,1,non,,804091
chanvre frisé,1,non,,804091
chanvre peigné,673,non,,804091
chanvre piqué,2,non,,804091
chanvre pour filer,2,non,,804091
chanvre première qualité,4,non,,804091
chanvre préparé,3,non,,804091
chanvre saisir,1,non,,804091
chanvre taillé et étoupes,3,non,,804091
chanvre tillé,1,non,,804091
chanvre tillé et étoupes,7,non,,804091
chanvre treillé,1,non,,804091
chanvre vieux,1,non,,804091
chanvreau,1,non,,804091
chanvrier de cuivre,1,non,,804091
chapeaux,756,non,,804091
chapeaux ? castor,6,non,,804091
chapeaux à border,1,non,,804091
chapeaux a migette,1,non,,804091
chapeaux à nègre,241,non,,804091
chapeaux à page,2,non,,804091
chapeaux anglais,2,non,,804091
chapeaux bâtards,10,non,,804091
chapeaux blancs,1,non,,804091
chapeaux bordés,54,non,,804091
chapeaux bordés argent et or de poil,1,non,,804091
chapeaux bordés avec éléments,1,non,,804091
chapeaux bordés d'argent,0,non,,804091
chapeaux bordés d'argent de castor,1,non,,804091
chapeaux bordés d'argent et d'or,4,non,,804091
chapeaux bordés d'argent et d'or de castor,10,non,,804091
chapeaux bordés d'or,8,non,,804091
chapeaux bordés d'or de castor,10,non,,804091
chapeaux bordés d'or de demi-castor,1,non,,804091
chapeaux bordés d'or et d'argent faux communs,1,non,,804091
chapeaux bordés d'or faux,3,non,,804091
chapeaux bordés d'or faux de laine,2,non,,804091
chapeaux bordés de castor,11,non,,804091
chapeaux bordés de point d'Espagne,1,non,,804091
chapeaux bordés en faux de laine,1,non,,804091
chapeaux brodés,12,non,,804091
chapeaux brodés d'argent,2,non,,804091
chapeaux brodés d'argent de castor,4,non,,804091
chapeaux brodés d'argent et d'or,1,non,,804091
chapeaux brodés d'or,6,non,,804091
chapeaux chinois et grosse caisse,1,non,,804091
chapeaux cirés,1,non,,804091
chapeaux communs,310,non,,804091
chapeaux communs de laine,1,non,,804091
chapeaux communs de laine ou de poil,6,non,,804091
chapeaux communs de paille,197,non,,804091
chapeaux d'écorce,4,non,,804091
chapeaux d'écorce d'arbre,5,non,,804091
chapeaux d'écorce de bois et de paille,151,non,,804091
chapeaux d'écorce de tilleul,1,non,,804091
chapeaux d'écorce et de paille,21,non,,804091
chapeaux d'écorce fins,1,non,,804091
chapeaux d'enfant,1,non,,804091
chapeaux d'enfant garnis de taffetas,1,non,,804091
chapeaux d'osier,1,non,,804091
chapeaux d'ourson,1,non,,804091
chapeaux dauphins,4,non,,804091
chapeaux de bois,11,non,,804091
chapeaux de bois et de paille,2,non,,804091
chapeaux de castor,655,non,,804091
chapeaux de castor brodés,2,non,,804091
chapeaux de castor de feutre fin ou de laine,1,non,,804091
chapeaux de castor de mi-castor et de soie,1,non,,804091
chapeaux de castor et de poil,2,non,,804091
chapeaux de castor fins,1,non,,804091
chapeaux de castor fins et mi castor et de soie,2,non,,804091
chapeaux de castor noir,2,non,,804091
chapeaux de castor unis,11,non,,804091
chapeaux de castor vernis,4,non,,804091
chapeaux de coton,18,non,,804091
chapeaux de coupeau,2,non,,804091
chapeaux de crin,1,non,,804091
chapeaux de cuir,7,non,,804091
chapeaux de demi-castor,604,non,,804091
chapeaux de demi-vigogne,59,non,,804091
chapeaux de femme,3,non,,804091
chapeaux de feutre,46,non,,804091
chapeaux de feutre communs,3,non,,804091
chapeaux de feutre unis,1,non,,804091
chapeaux de laine,421,non,,804091
chapeaux de laine à nègre,10,non,,804091
chapeaux de laine communs,15,non,,804091
chapeaux de laine des prises,4,non,,804091
chapeaux de laine et de poil,824,non,,804091
chapeaux de laine unis,1,non,,804091
chapeaux de loutre,5,non,,804091
chapeaux de mi castor,3,non,,804091
chapeaux de paille,365,non,,804091
chapeaux de paille communs,3,non,,804091
chapeaux de paille de riz,2,non,,804091
chapeaux de paille dits garde-soleils,45,non,,804091
chapeaux de paille et sparterie,31,non,,804091
chapeaux de poil,66,non,,804091
chapeaux de poil de laine,3,non,,804091
chapeaux de poil estain,1,oui,,804091
chapeaux de poil et de laine,36,non,,804091
chapeaux de satin,2,non,,804091
chapeaux de soie,10,non,,804091
chapeaux de taffetas,1,non,,804091
chapeaux de velours,2,non,,804091
chapeaux de vigogne,106,non,,804091
chapeaux demi,1,non,,804091
chapeaux des prises,3,non,,804091
chapeaux en poil et laine,1,non,,804091
chapeaux fins,11,non,,804091
chapeaux fins de castor de laine ou de soie,2,non,,804091
chapeaux fins de laine de castor ou de soie,3,non,,804091
chapeaux fins de laine et de poil,2,non,,804091
chapeaux fins de paille,3,non,,804091
chapeaux fins de soie,2,non,,804091
chapeaux fins des prises,1,non,,804091
chapeaux garnis,2,non,,804091
chapeaux gris,1,non,,804091
chapeaux grossiers,9,non,,804091
chapeaux grossiers d'écorce,1,non,,804091
chapeaux grossiers d'écorce de paille et de sparte,10,non,,804091
chapeaux grossiers d'écorce de sparte,1,non,,804091
chapeaux grossiers de paille,3,non,,804091
chapeaux grossiers ou fins d'écorce de paille et de sparte,1,non,,804091
chapeaux Maine,2,non,,804091
chapeaux neufs,4,non,,804091
chapeaux non brodés de castor,2,non,,804091
chapeaux ordinaires,3,non,,804091
chapeaux perle,1,non,,804091
chapeaux perse,4,non,,804091
chapeaux poil eclayre,1,non,,804091
chapeaux poil laine,2,non,,804091
chapeaux pour nègre,7,non,,804091
chapeaux sortis,1,non,,804091
chapeaux unis,2,non,,804091
chapeaux unis et demi forme,2,non,,804091
chapeaux vieux,46,non,,804091
chapelets,36,non,,804091
chapelets communs,1,non,,804091
chapelets de bois,25,non,,804091
chapelets de coco,7,non,,804091
chapelets de Jérusalem,1,non,,804091
chapelets de verre,5,non,,804091
chapelière de castor,2,non,,804091
chapellerie,6,oui,,804091
chapellerie commune de laine,1,oui,,804091
chapellerie commune de laine ou de poil,1,oui,,804091
chapellerie de castor,1,oui,,804091
chapellerie de castor de feutre fin ou de laine,1,oui,,804091
chapellerie de toutes sortes,6,oui,,804091
chapes de fer,1,non,,804091
chaplas,2,non,,804091
chapons,11,non,,804091
chapons gras,4,non,,804091
chaquelas,8,non,,804091
charbon,404,non,,804091
charbon d'Angleterre de terre,4,non,,804091
charbon de bois,620,non,,804091
charbon de bois et chènevotte,1,non,,804091
charbon de bois et de terre,163,non,,804091
charbon de bois ou de chènevotte,2,non,,804091
charbon de bois ou de chènevotte en hectolitres,2,non,,804091
charbon de bois ou de chènevotte en kilogrammes,2,non,,804091
charbon de boulanger,1,non,,804091
charbon de boulanger et braisette,10,non,,804091
charbon de forge,1,non,,804091
charbon de pierre,62,non,,804091
charbon de pin,10,non,,804091
charbon de terre,1806,non,,804091
charbon de terre cargo,2,non,,804091
charbon de terre en lest,1,non,,804091
charbon de terre grenier,2,non,,804091
charbon de terre pour cuire chaux,14,non,,804091
charbon houille,229,non,,804091
charcanas,1,non,,804091
chardons,13,non,,804091
chardons à drapier,133,non,,804091
chardons cardère,18,non,,804091
chardons cardiers,12,non,,804091
charfarcani,3,non,,804091
chargé,32,non,,804091
charge en fer-blanc,1,non,,804091
charié,1,non,,804091
chariots,14,non,,804091
chariots à feu,1,non,,804091
chariots neufs,1,non,,804091
chariots tombereaux et voitures à échelles,3,non,,804091
charlotonne,2,non,,804091
charnière de marbre,1,non,,804091
charonies,2,non,,804091
charonin,1,non,,804091
charpente,3,non,,804091
charpente démontée,1,non,,804091
charpie,2,non,,804091
charpie et drilles en feuille,2,non,,804091
charrée,6,non,,804091
charrettes,11,non,,804091
charrettes neuves,1,non,,804091
charrettes vieilles,1,non,,804091
charrues,21,non,,804091
charrues de fer,1,non,,804091
chasse-mouches,1,non,,804091
châssis de bois,1,non,,804091
chasuble,9,non,,804091
châtaignes,1016,non,,804091
châtaignes biscuites,11,non,,804091
châtaignes blanches,16,non,,804091
châtaignes confites,1,non,,804091
châtaignes et marrons,108,non,,804091
châtaignes et marrons et noix,8,non,,804091
châtaignes et marrons frais,11,non,,804091
châtaignes et noix,2,non,,804091
châtaignes fraîches,28,non,,804091
châtaignes fraîches et marrons frais,18,non,,804091
châtaignes sèche,18,non,,804091
châtaignes sèches,43,non,,804091
châtaigniers,1,non,,804091
chateis,1,non,,804091
chatons,1,non,,804091
chau ???,1,non,,804091
chaud,1,non,,804091
chaud de cuivre,1,non,,804091
chaudière,2,non,,804091
chaudière à brai,1,non,,804091
chaudière à distiller,2,non,,804091
chaudière à guildives,3,non,,804091
chaudière à nègre,1,non,,804091
chaudière à sucre,6,non,,804091
chaudière de cuivre,70,non,,804091
chaudière de cuivre à sucre,1,non,,804091
chaudière de cuivre et sa serpentine,1,non,,804091
chaudière de cuivre et ustensiles,1,non,,804091
chaudière de cuivre grande,2,non,,804091
chaudière de cuivre jaune,1,non,,804091
chaudière de cuivre rouge et foudre de cuivre rouge,2,non,,804091
chaudière de fer,149,non,,804091
chaudière de fer et marmites de fer,1,non,,804091
chaudière de fonte,31,non,,804091
chaudière de fonte et marmites de fonte,5,non,,804091
chaudière de marmites de potin,2,non,,804091
chaudière de patine,1,non,,804091
chaudière de potier,1,non,,804091
chaudière de potin,4,non,,804091
chaudière et marmites de ???,4,non,,804091
chaudière et marmites et étuve de fonte,5,non,,804091
chaudron,3,non,,804091
chaudron d'airain,2,non,,804091
chaudron de cuivre,179,non,,804091
chaudron de cuivre et bassin de cuivre,1,non,,804091
chaudron de cuivre et neptune de cuivre,1,non,,804091
chaudron de cuivre jaune,4,non,,804091
chaudron de cuivre pour l'entrepôt de la Compagnie de Guinée,1,non,,804091
chaudron de cuivre rouge,3,non,,804091
chaudron de fer,3,non,,804091
chaudron de potin,1,non,,804091
chauffe-pieds,36,non,,804091
chauffe-pieds garnis,1,non,,804091
chaufferettes,2,non,,804091
chaufferettes de bois,1,non,,804091
chauffeur,2,non,,804091
chausse-pieds,35,non,,804091
chausse-pieds avec leurs terrasses,1,non,,804091
chausseterie,1,non,,804091
chaussetterie de laine,1,non,,804091
chaussettes,15,non,,804091
chaussettes de coton,2,non,,804091
chaussettes de fil,120,non,,804091
chaussettes de fil par paire,0,non,,804091
chaussettes de fil par paires,0,oui,,804091
chaussettes de toile,3,non,,804091
chaussons de carisee et drap à laver maison,3,non,,804091
chaussons de fil,2,non,,804091
chaussons de laine,3,non,,804091
chaussons de laine de Ségovie,1,non,,804091
chaussures pour tisserand,1,non,,804091
chaux,693,non,,804091
chaux à bâtir,4,non,,804091
chaux calcinée ou cuite,2,non,,804091
chaux en pierre ou éteinte,1,non,,804091
chaux et cendre,1,non,,804091
chaux et cendre de chaux mêlées,4,non,,804091
chaux et pierres et plâtre,14,oui,,804091
chaux et plâtre et ciment,48,non,,804091
chaux éteinte,15,non,,804091
chaux fondue,4,non,,804091
chaux vive,17,non,,804091
chavonis,3,non,,804091
chelöes,2,non,,804091
cheminée de marbre,5,non,,804091
cheminée de pierre de lierre,1,non,,804091
cheminée en fonte,1,non,,804091
cheminée statues etc.,2,non,,804091
chemise à étoupes,1,non,,804091
chemises,214,non,,804091
chemises à fumer,1,non,,804091
chemises à nègre,83,non,,804091
chemises assorties,2,non,,804091
chemises blanches ouvrées,1,non,,804091
chemises bleues,2,non,,804091
chemises bretonnes,72,non,,804091
chemises bretonnes garnies,1,non,,804091
chemises bretonnes unies,1,non,,804091
chemises brodées,3,non,,804091
chemises communes,73,non,,804091
chemises communes non garnies,1,non,,804091
chemises communes unies,1,non,,804091
chemises d'homme,2,non,,804091
chemises de batiste,1,non,,804091
chemises de Bretagne,4,non,,804091
chemises de chanvre de Riello,1,non,,804091
chemises de coton,2,non,,804091
chemises de fil de coton,1,non,,804091
chemises de grosse toile à nègre,3,non,,804091
chemises de Laval,3,non,,804091
chemises de lin,18,non,,804091
chemises de lin garnies,4,non,,804091
chemises de lin garnies de batiste,1,non,,804091
chemises de lin garnies unies,3,non,,804091
chemises de nègre,1,non,,804091
chemises de siamoise,1,non,,804091
chemises de soldat,1,non,,804091
chemises de toile,8,non,,804091
chemises de toile bleue,1,non,,804091
chemises de toile bretonne,4,non,,804091
chemises de toile communes,2,non,,804091
chemises de toile de Bretagne,11,non,,804091
chemises de toile de Bretagne diverses,1,non,,804091
chemises de toile de Bretagne garnies,2,non,,804091
chemises de toile de Bretagne rayée,1,non,,804091
chemises de toile de coton,4,non,,804091
chemises de toile de Laval,2,non,,804091
chemises de toile de Laval garnies,1,non,,804091
chemises de toile de lin,17,non,,804091
chemises de toile de lin garnies,6,non,,804091
chemises de toile de Morlaix,1,non,,804091
chemises de toile de Saint-Jean,1,non,,804091
chemises de toile garnies,1,non,,804091
chemises de toile guingans,20,non,,804091
chemises de toile rayée,2,non,,804091
chemises fines,37,non,,804091
chemises garnies,245,non,,804091
chemises garnies de Batiste,2,non,,804091
chemises garnies de mousseline,4,non,,804091
chemises garnies de paille,1,non,,804091
chemises garnies et fines,3,non,,804091
chemises garnies pour femme,1,non,,804091
chemises garnies pour homme,1,non,,804091
chemises grosses,1,non,,804091
chemises grosses de toile à nègre,3,non,,804091
chemises moins communes,2,non,,804091
chemises neutres,1,non,,804091
chemises neuves,8,non,,804091
chemises non garnies,4,non,,804091
chemises ordinaires,1,non,,804091
chemises ouvrées,1,non,,804091
chemises pour homme,2,non,,804091
chemises pour homme communes,1,non,,804091
chemises pour soldat,1,non,,804091
chemises royales,1,non,,804091
chemises unies,94,non,,804091
chemises vieilles,9,non,,804091
chemisettes,2,non,,804091
chemisier,1,non,,804091
chemisons garnis,1,non,,804091
chêne en blocs,1,non,,804091
chenets de fer,1,non,,804091
chenille,1,non,,804091
chenille au quart,1,non,,804091
chenille de bois,5,non,,804091
chenille de chêne,3,non,,804091
chenille de flavret,1,non,,804091
chenille de soie,18,non,,804091
cheval de bois,1,non,,804091
chévaque,0,non,,804091
chevaux,700,non,,804091
chevaux à bas prix,20,non,,804091
chevaux à haut prix,11,non,,804091
chevaux à moyen prix,7,non,,804091
chevaux anglais,1,non,,804091
chevaux arabes,1,non,,804091
chevaux d'Espagne,1,non,,804091
chevaux d'un an,1,non,,804091
chevaux de Barbarie,1,non,,804091
chevaux de bois,5,non,,804091
chevaux de labour,101,non,,804091
chevaux de labour et mules et mulets,4,non,,804091
chevaux de remontage,1,non,,804091
chevaux de selle,3,non,,804091
chevaux de service,2,non,,804091
chevaux de trois ans,1,non,,804091
chevaux et ânes,4,non,,804091
chevaux et mulets,2,non,,804091
chevaux et poulains,1,non,,804091
chevaux hongres,10,non,,804091
chevaux petits,1,non,,804091
chevaux poulains de lait,1,non,,804091
chevaux pour enfant,1,non,,804091
chevaux pour le haras,1,non,,804091
chevaux vieux,2,non,,804091
cheveux,347,non,,804091
cheveux à perruques,106,non,,804091
cheveux apprêtés,1,non,,804091
cheveux communs,39,non,,804091
cheville,103,non,,804091
cheville de bois,12,non,,804091
cheville de chêne,2,non,,804091
cheville de fer,3,non,,804091
chevilles et masses de fer,2,non,,804091
chevillières,1,non,,804091
chevillières à tresser,1,non,,804091
chevillières de fil,2,non,,804091
chèvre,184,non,,804091
chevreaux,12,non,,804091
chevreaux à moyen prix,1,non,,804091
chevreuil,3,non,,804091
chevreuil en chamois et peaux de cerf,1,non,,804091
chevrons,81,non,,804091
chevrons d'acajou,10,non,,804091
chevrons de 10 pieds,1,non,,804091
chevrons de 12 pieds,1,non,,804091
chevrons de 16 pieds,1,non,,804091
chevrons de 18 pieds,3,non,,804091
chevrons de 25 pieds,1,non,,804091
chevrons de 26 pieds,1,non,,804091
chevrons de 45 à 50 pieds,1,non,,804091
chevrons de 5 pieds en acajou,1,non,,804091
chevrons de 6 pieds en acajou,1,non,,804091
chevrons de 8 pieds,1,non,,804091
chevrons de 8 pieds en acajou,1,non,,804091
chevrons de 9 pieds,1,non,,804091
chevrons de bois,11,non,,804091
chevrons de bois d'acajou de 8 pieds,1,non,,804091
chevrons de bois de noyer de 12 pieds de long,1,non,,804091
chevrons de cèdre,1,non,,804091
chevrons de chêne,12,non,,804091
chevrons de chêne de 10 pieds,1,non,,804091
chevrons de chêne de 11 pieds,1,non,,804091
chevrons de chêne de 12 à 18 pieds,1,non,,804091
chevrons de chêne de 12 pieds,1,non,,804091
chevrons de chêne de 15 pieds,1,non,,804091
chevrons de chêne de 16 pieds,2,non,,804091
chevrons de chêne de 18 pieds,4,non,,804091
chevrons de chêne de 22 pieds,1,non,,804091
chevrons de chêne de 5 à 6 pieds,1,non,,804091
chevrons de chêne de 6 pieds,1,non,,804091
chevrons de chêne de 7 pieds,1,non,,804091
chevrons de chêne de 8 pieds,1,non,,804091
chevrons de chêne de 9 pieds,1,non,,804091
chevrons de merisier,1,non,,804091
chevrons de noyer,1,non,,804091
chevrons de pin,1,non,,804091
chevrons de planches,1,non,,804091
chevrons de sapin,91,non,,804091
chevrons de sapin 12 pieds,1,non,,804091
chevrons de sapin 24 pieds,1,non,,804091
chevrons de sapin de 10 pieds,2,non,,804091
chevrons de sapin de 12 pieds,3,non,,804091
chevrons de sapin de 14 à 15 pieds,1,non,,804091
chevrons de sapin de 14 pieds,2,non,,804091
chevrons de sapin de 15 à 20 pieds,1,non,,804091
chevrons de sapin de 15 pieds,4,non,,804091
chevrons de sapin de 16 pieds,4,non,,804091
chevrons de sapin de 18 pieds,3,non,,804091
chevrons de sapin de 20 pieds,3,non,,804091
chevrons de sapin de 22 pieds,2,non,,804091
chevrons de sapin de 24 pieds,5,non,,804091
chevrons de sapin de 25 pieds,1,non,,804091
chevrons de sapin de 26 pieds,1,non,,804091
chevrons de sapin de 28 pieds,1,non,,804091
chevrons de sapin de 29 pieds,1,non,,804091
chevrons de sapin de 3 à 4 pieds,1,non,,804091
chevrons de sapin de 30 pieds,1,non,,804091
chevrons de sapin de 36 pieds,3,non,,804091
chevrons de sapin de 40 pieds,2,non,,804091
chevrons de sapin de 6 à 7 pieds,1,non,,804091
chevrons de sapin de 6 à 9 pieds,1,non,,804091
chevrons de sapin de 7 à 8 pieds,1,non,,804091
chevrons de sapin de 7 pieds,1,non,,804091
chevrons de sapin de 8 pieds,2,non,,804091
chevrons de sapin de 9 à 10 pieds,1,non,,804091
chevrons de sapin de 9 pieds,1,non,,804091
chialar,1,non,,804091
chiapatonax,1,non,,804091
chicorée moulue,48,non,,804091
chicorée sèche ou torréfiée,2,non,,804091
chicotin,9,non,,804091
chiendent,1,non,,804091
chiens,44,non,,804091
chiens courants de chasse,120,non,,804091
chiens de chasse,6,non,,804091
chiffons,17,non,,804091
chiffons vieux,1,non,,804091
chillas,50,non,milieu de gamme,43973
chillas palma,1,non,,804091
chima calin,1,non,,804091
chine,2,non,,804091
chinois,3,non,,804091
chiques,4,non,,804091
chiques de pierre,7,non,,804091
chiquette des prises,1,non,,804091
chirederis,1,non,,804091
chise de fourneaux,19,non,,804091
chitte,79,non,haut de gamme,12084
chitte anglaise,1,non,,804091
chitte d'Amedabad,1,non,,804091
chitte étoffe,2,non,,804091
chitte Keabadis,2,non,,804091
chitte patenas,1,non,,804091
chitte rouge,1,non,,804091
chivelles,1,non,,804091
chocolat,1234,non,,804091
chocolat en pâte,1,non,,804091
chocolat et cacao broyé,4,non,,804091
chocolat et sorbet,1,non,,804091
choix de bœuf salé,2,non,,804091
cholas,1,non,,804091
chomettes de terre,1,non,,804091
chouclas des Indes,2,non,,804091
chourales,1,non,,804091
choux,24,non,,804091
choux à planter,28,non,,804091
choux cabus,1,non,,804091
choux confits,4,non,,804091
choux marinés,2,non,,804091
choux salés,10,non,,804091
choux-fleurs,16,non,,804091
choux-fleurs et cabus et artichauts,120,non,,804091
christ d'ivoire,3,non,,804091
christ d'ivoire monté sur velours,1,non,,804091
chromate de plomb,4,non,,804091
chromate de potasse,1,non,,804091
chuclas,1,non,,804091
chuquelas,44,non,milieu de gamme,43973
cidre,520,non,,804091
cidre jaune,1,non,,804091
cidre poiré et verjus,4,non,,804091
ciels de lit en satin,2,non,,804091
ciels de lit en satin brodé,2,non,,804091
cierges,8,non,,804091
cierges de cire blanche,10,non,,804091
cierges de cire et bougie de cire,16,non,,804091
cierges de fer,2,non,,804091
cierges et flambeau,1,non,,804091
cigares,1,non,,804091
cigares par autorisation,1,non,,804091
cigognes à mulet,1,non,,804091
cikous,1,non,,804091
cime,1,non,,804091
ciment,31,non,,804091
ciment et chaux et pierres et plâtre,8,non,,804091
ciment ou tiras,79,non,,804091
cinabre,222,non,,804091
cinabre broyé,27,non,,804091
cinabre de pierres,6,non,,804091
cinabre en roche,1,non,,804091
cinabre et vermillon,61,non,,804091
cinabre fin,1,non,,804091
cinabre naturel,2,non,,804091
ciradille,0,non,,804091
cirage pour chaussures,1,non,,804091
circks,0,non,,804091
cire,612,non,,804091
cire ???,1,non,,804091
cire à cacheter,113,non,,804091
cire alizari,0,non,,804091
cire blanche,627,non,,804091
cire blanche de bougie,1,non,,804091
cire blanche et jaune,504,non,,804091
cire blanche et jaune non ouvrée,23,non,,804091
cire blanche non ouvrée,1,non,,804091
cire brune,1,non,,804091
cire brune non clarifiée,1,non,,804091
cire brune non clarifiée du Sénégal,1,non,,804091
cire brute,1,non,,804091
cire brute blanche,6,non,,804091
cire brute brune ou jaune,2,non,,804091
cire brute jaune,21,non,,804091
cire brute jaune des entrepôts,0,non,,804091
cire d'Espagne,89,non,,804091
cire d'Espagne à cacheter,111,non,,804091
cire de bougie,4,non,,804091
cire de bougie jaune,1,non,,804091
cire diverse,13,non,,804091
cire en branche,2,non,,804091
cire en grabeau,118,non,,804091
cire en pain,7,non,,804091
cire et chandelle de cire,2,non,,804091
cire grasse,1,non,,804091
cire jaune,1493,non,,804091
cire jaune du levant,1,non,,804091
cire jaune en bougie et chandelle,2,non,,804091
cire jaune en cierges et flambeaux,77,non,,804091
cire jaune en pain,131,non,,804091
cire moitié cire et moitié suif,1,non,,804091
cire verte,12,non,,804091
cire vierge,6,non,,804091
cirsaca,77,non,milieu de gamme,43973
cirsaca soie en coton,2,non,,804091
cirsaka,0,oui,,804091
cirsaka de coton et de soie,2,oui,,804091
ciseaux,25,non,,804091
ciseaux à élaguer,2,non,,804091
ciseaux de sculpteur,1,non,,804091
citrate de chaux,1,non,,804091
citron,3,non,,804091
citron aigre,14,non,,804091
citron avarié,2,non,,804091
citron confit,129,non,,804091
citron en saumure,1,non,,804091
citron et limon,1055,non,,804091
citron et orange,368,non,,804091
citron et orange frais,210,non,,804091
citron étranger,2,non,,804091
citron frais,67,non,,804091
citron frais et orange fraîche et amandes sèches et figue sèches et raisin sec,29,non,,804091
citron orange et leurs variétés,7,non,,804091
citron salé,1,non,,804091
citron vert,21,oui,,804091
citronniers,2,non,,804091
citrouilles,1,non,,804091
civadille,102,non,,804091
civette,6,non,,804091
clafou,73,non,,804091
clafou de bois,1,non,,804091
clafou de bois ou merrains de bois,1,non,,804091
clafou en blocs,7,non,,804091
clairons,3,non,,804091
clairons etc.,1,non,,804091
clappes ou douves à barils,164,non,,804091
clappes ou douves à barils de sapin,2,non,,804091
clarges des prises,1,non,,804091
clarifiant,1,non,,804091
clarinette haut-bois,3,non,,804091
clavecin,106,non,,804091
clavecin vieux,1,non,,804091
clavecins épinettes orgues,3,non,,804091
clayes à parquer,1,non,,804091
clefs à vin,1,non,,804091
clefs de fer,2,non,,804091
clefs de montre,1,non,,804091
clinquant d'or faux,1,non,,804091
clinquant en papier,1,non,,804091
cloches,18,non,,804091
cloches de bronze,1,non,,804091
cloches de cuivre,1,non,,804091
cloches de fer,1,non,,804091
cloches de fonte,70,non,,804091
cloches de fonte vieilles,1,non,,804091
cloches de grès,1,non,,804091
cloches de métal,184,non,,804091
cloches de plomb et de zinc,12,non,,804091
cloches de verre,7,non,,804091
cloches vieilles,1,non,,804091
clochettes,12,non,,804091
clochettes de cuivre,6,non,,804091
clochettes de fonte,5,non,,804091
cloportes,2,non,,804091
clous,242,non,,804091
clous à têtes de cuivre doré petits,1,non,,804091
clous de caboche,4,non,,804091
clous de cuivre,15,non,,804091
clous de cuivre doré,9,non,,804091
clous de cuivre jaune,11,non,,804091
clous de fer,1843,non,,804091
clous de fer à barriques,1,oui,,804091
clous de fer à charrettes,1,non,,804091
clous de fer gonds,1,non,,804091
clous de fer neufs,1,non,,804091
clous de fer ordinaires,1,non,,804091
clous de fer pour barriques,1,non,,804091
clous de fer vieux,2,non,,804091
clous de girofle,122,non,,804091
clous de girofle et griffes,3,non,,804091
clous de girofle fleurs,5,non,,804091
clous de girofle fleurs des entrepôts,0,non,,804091
clous de laiton,10,non,,804091
clous dorés,50,non,,804091
clous en fer,6,non,,804091
clous et acier,4,non,,804091
clous vieux,3,non,,804091
cloutaille,1,non,,804091
cloutiers,8,non,,804091
coak,1,non,,804091
coas de soie,1,non,,804091
coati,1,non,,804091
cobalt grillé,4,non,,804091
cobalt métal,3,non,,804091
cobalt métal et minerai,2,non,,804091
cobalt minerai,1,non,,804091
cobalt minéral,1,non,,804091
cocalum,2,non,,804091
cocax,2,non,,804091
cochelis,19,oui,,804091
cochenille,1255,non,,804091
cochenille Campêchane,1,oui,,804091
cochenille Campêche,2,non,,804091
cochenille de retour,1,non,,804091
cochenille en grabeau,102,non,,804091
cochenille et indigo,1,non,,804091
cochenille fil verte,1,non,,804091
cochenille fine,23,non,,804091
cochenille mestèque,75,non,,804091
cochenille mustack,2,non,,804091
cochenille sylvestre,52,non,,804091
cochon,20,non,,804091
cochon de lait,1,non,,804091
cochon en vie,1,non,,804091
cochon petit,2,non,,804091
cochon salé et petit salé,10,non,,804091
cochons de lait,1,non,,804091
coclearia,13,non,,804091
coco,87,non,,804091
coco caroube,2,non,,804091
coco caroubes frais,2,oui,,804091
coco des Indes,2,non,,804091
coco du Levant,3,non,,804091
coco petit,1,non,,804091
coco plate,1,non,,804091
coco vert,3,non,,804091
cocons,6,non,,804091
cocons de soie,144,non,,804091
cocons de vers à soie,3,non,,804091
coctif,1,non,,804091
cocullus,3,non,,804091
coddes blancs,5,non,,804091
coëtif,12,non,,804091
cœurs de bœuf,3,non,,804091
coffres,11,non,,804091
coffres à étuve,2,non,,804091
coffres à garniture de peau,10,non,,804091
coffres à matelots,1,non,,804091
coffres à perruque,1,non,,804091
coffres à thé,1,non,,804091
coffres à vin,1,non,,804091
coffres de bois,25,non,,804091
coffres de chimie,1,non,,804091
coffres de chirurgie,122,non,,804091
coffres de commodité,5,non,,804091
coffres de fer,29,non,,804091
coffres de fer de 300 livres,1,non,,804091
coffres de fer et berses,10,non,,804091
coffres de fonte,1,non,,804091
coffres de gaz,1,non,,804091
coffres de noyer,1,non,,804091
coffres de sapin,4,non,,804091
coffres de sapin peints,1,non,,804091
coffres peints,3,non,,804091
coffres vides,1,non,,804091
coffres vieux,1,non,,804091
coffres-forts,23,non,,804091
coffres-forts de fer,15,non,,804091
coffret à coudre,1,non,,804091
cognac,7,non,,804091
cognées de bois,1,non,,804091
coiffes,2,non,,804091
coiffes à perruque,2,non,,804091
coiffes blondes,6,non,,804091
coiffes blondes et de gaze,1,non,,804091
coiffes blondes et palatine,1,non,,804091
coiffes brodées,1,non,,804091
coiffes de chapeaux,85,non,,804091
coiffes de dentelle,5,non,,804091
coiffes de dentelle de soie,1,non,,804091
coiffes de gaze,11,non,,804091
coiffes de Marly,1,non,,804091
coiffes de tambou,1,non,,804091
coiffes et palatines,2,non,,804091
coiffes pour chapeaux et coiffes de perruques,3,non,,804091
coiffes pour femme,2,non,,804091
coiffures,1,oui,,804091
coiffures à dentelles,4,oui,,804091
coing fruit,1,non,,804091
coïtif,1,non,,804091
çoka,1,oui,,804091
col à femme,1,non,,804091
colins,1,non,,804091
colis,1,non,,804091
colle,232,non,,804091
colle à papetier,13,non,,804091
colle à papier,4,non,,804091
colle à poisson,1,non,,804091
colle claire,2,non,,804091
colle commune,195,non,,804091
colle de Flandre,38,non,,804091
colle de papetier,1,non,,804091
colle de peau d'âne,1,oui,,804091
colle de peaux d'âne,1,non,,804091
colle de poisson,629,non,,804091
colle de poisson forte,1,non,,804091
colle faible,1,non,,804091
colle forte,702,non,,804091
colle forte de Flandre,1,non,,804091
colle forte de poisson,3,non,,804091
colle poisson,1,non,,804091
collets toile de lin,1,non,,804091
colliers d'ambre,1,non,,804091
colliers de chevaux,8,non,,804091
colliers de corail,1,non,,804091
colliers de femme,3,non,,804091
colliers de grenat,7,non,,804091
colliers de grenat faux,1,non,,804091
colliers de jais,3,non,,804091
colliers de nacre de perles,1,non,,804091
colliers de perles,2,non,,804091
colliers de perles fausses,19,non,,804091
colliers de verre,3,non,,804091
colling de laine,1,non,,804091
colombine,285,non,,804091
colonne,2,non,,804091
colonne de bois de faïence,1,non,,804091
colonne de bois violet,1,non,,804091
colonne de noyer,1,non,,804091
colophane ou Spingler,3,non,,804091
coloquinte,172,non,,804091
colorant et verdet,4,non,,804091
cols,1,non,,804091
colza navettes et autres,1,non,,804091
combustible,1,non,,804091
comestibles,84,non,,804091
comestibles saindoux,3,non,,804091
commode,53,non,,804091
commode avec dessus de marbre,9,non,,804091
commode d'acajou,4,non,,804091
commode de bois,5,non,,804091
commode de bois violet,1,non,,804091
commode de marqueterie,1,non,,804091
commode de noyer,8,non,,804091
commode de sapin,11,non,,804091
commode de sapin peinte,1,non,,804091
commode de sapin vernie,0,non,,804091
commode ornée,1,non,,804091
commodes de bois,1,non,,804091
commodes de sapin vernies,1,non,,804091
communes,0,non,,804091
compas,3,non,,804091
compas de cuivre,3,non,,804091
compas de fer,2,non,,804091
compas de mer,5,non,,804091
compas de route,4,non,,804091
compas et cartes de nouveautés,1,non,,804091
compas et horloge de sable,1,non,,804091
comperose,1,non,,804091
composition de chimie,1,non,,804091
composition de verre,4,non,,804091
compotiers de porcelaine,1,non,,804091
compotiers de terre,1,non,,804091
concombre et cornichons,3,non,,804091
concombre et cornichons en adobe,3,non,,804091
conducteur,1,non,,804091
confection,12,non,,804091
confection d'alkermès,3,non,,804091
confection d'hyacinthe,17,non,,804091
confits en confitures,4,non,,804091
confiture et fruits à l'eau-de-vie,100,oui,,804091
confitures,2402,non,,804091
confitures à l'eau-de-vie,5,non,,804091
confitures de cerise,1,non,,804091
confitures de Chine,1,non,,804091
confitures de France,1,non,,804091
confitures de l'étranger,0,non,,804091
confitures de miel,1,non,,804091
confitures et fruit confit au sucre,16,oui,,804091
confitures et fruits à l'eau-de-vie,100,non,,804091
confitures et fruits confits au sucre,33,non,,804091
confitures et succade,245,non,,804091
confitures et sucre,1,non,,804091
confitures fines,4,non,,804091
confitures fluides et sèches,1,non,,804091
confitures fromage moutarde etc.,1,non,,804091
confitures liquides,11,non,,804091
confitures sèches,21,non,,804091
congres,52,non,,804091
congres secs,1,non,,804091
connaissement,1,non,,804091
conserve d'alkermès,1,non,,804091
conserve de rose,8,non,,804091
conserves de fleurs d'oranger,1,non,,804091
contantine,1,non,,804091
conterie,107,non,,804091
contra yerba,32,non,,804091
contrebordé,19,non,,804091
contrebrodé,6,non,,804091
contrefoyer de fer,3,non,,804091
copale,3,non,,804091
copeaux,2,non,,804091
copeaux pour fourreaux d'épée,1,non,,804091
coqs,4,non,,804091
coqs d'Inde,10,non,,804091
coqs du Levant,3,non,,804091
coque,2,non,,804091
coque de coco,5,non,,804091
coque de mouche à miel,1,non,,804091
coque du Levant,122,non,,804091
coquenard de cuivre,1,non,,804091
coquillage,77,non,,804091
coquillage de mer,3,non,,804091
coquillages homards moules,3,non,,804091
coquillages pleins et homards à la valeur,1,non,,804091
coquillages pleins et homards au kilogramme,1,non,,804091
coquilles de mer,130,non,,804091
coquilles de nacre,32,non,,804091
coquilles de Saint-Jacques,1,non,,804091
corail,208,non,,804091
corail blanc,10,non,,804091
corail blanc et rouge ouvré,2,non,,804091
corail brun,4,non,,804091
corail brut,218,non,,804091
corail brut et non monté et taillé,22,non,,804091
corail brut et taillé,23,non,,804091
corail de jardin,56,non,,804091
corail de retour,1,non,,804091
corail de terraille,1,oui,,804091
corail en filières,3,non,,804091
corail en grabeau,34,non,,804091
corail et non monté et taillé,8,oui,,804091
corail faux,13,non,,804091
corail fin,5,non,,804091
corail gros,32,non,,804091
corail non monté taillé,9,non,,804091
corail ouvré,1,non,,804091
corail râpé,1,non,,804091
corail rouge,3,non,,804091
corail rouge ouvré,2,oui,,804091
corail taillé,2,non,,804091
corail terraille,24,non,,804091
coraline,3,non,,804091
corbeilles,9,non,,804091
corbeilles d'auf,1,non,,804091
corbeilles d'osier,122,non,,804091
corbeilles d'osier petites,1,non,,804091
corbeilles garnies,1,non,,804091
corbetons,0,non,,804091
corbetons de 6 pieds,1,non,,804091
corbillons,1,non,,804091
cordage,948,non,,804091
cordage ???,3,non,,804091
cordage à boyaux,1,non,,804091
cordage blanc,4,non,,804091
cordage d'auf,43,non,,804091
cordage d'autre végétaux,6,non,,804091
cordage d'autre végétaux jonc sparte et tilleul,1,non,,804091
cordage d'emballage,6,non,,804091
cordage d'espars,248,non,,804091
cordage de câbles neufs,1,non,,804091
cordage de caret,1,non,,804091
cordage de chanvre,792,non,,804091
cordage de chanvre neuf,4,non,,804091
cordage de chanvre vieux,6,non,,804091
cordage de filin,2,non,,804091
cordage de jonc,15,non,,804091
cordage de satangres,1,non,,804091
cordage de thil,2,non,,804091
cordage de tilleul,11,non,,804091
cordage de vieux,1,non,,804091
cordage dit filin,1,non,,804091
cordage en morceaux,1,non,,804091
cordage et cordes,0,non,,804091
cordage et ficelle,35,non,,804091
cordage faible,1,non,,804091
cordage filets neuf,1,non,,804091
cordage filets neuf ou en état de servir,4,non,,804091
cordage goudronné,13,non,,804091
cordage gros,1,non,,804091
cordage herbes,1,non,,804091
cordage menu,1,non,,804091
cordage neuf,8,non,,804091
cordage noir,4,non,,804091
cordage pourri,2,non,,804091
cordage refait,2,non,,804091
cordage vieux,50,non,,804091
cordat de laine,1,oui,,804091
cordeillat,244,non,bas de gamme,18109
cordeillat d'Oléron,2,non,,804091
cordeillat de Colmar,18,non,,804091
cordeillat de laine,5,oui,,804091
cordeillat de Piémont,1,non,,804091
cordeillat de Provence,2,non,,804091
cordellerie,3,oui,,804091
cordes,4,oui,,804091
cordes à arçons,9,non,,804091
cordes d'auf,16,non,,804091
cordes d'emballage,11,non,,804091
cordes d'espars,5,non,,804091
cordes d'espars petites,1,non,,804091
cordes d'or,1,non,,804091
cordes de bois à brûler,0,oui,,804091
cordes de bois pour brûler,0,non,,804091
cordes de boyau et pour violons,0,non,,804091
cordes de boyaux,252,non,,804091
cordes de chanvre,31,non,,804091
cordes de fil de fer,1,non,,804091
cordes de jonc,6,non,,804091
cordes de luth,1,non,,804091
cordes de roseaux,1,non,,804091
cordes de thil,2,non,,804091
cordes de tilleul,1,non,,804091
cordes du Levant,1,non,,804091
cordes et câble et ficelles,140,non,,804091
cordes et écorce de tilleul,94,non,,804091
cordes et ficelles,12,oui,,804091
cordes ficelle,1,oui,,804091
cordes neuves,1,non,,804091
cordes pour carder,7,non,,804091
cordes pour carder le coton,1,non,,804091
cordes pour corder,1,non,,804091
cordes pour fouets,2,non,,804091
cordes pour guitare,5,non,,804091
cordes pour instruments,10,non,,804091
cordes pour violons,175,non,,804091
cordes pour violons ???,0,non,,804091
cordes vieilles,5,non,,804091
cordial,1,non,,804091
cordonnerie de cuir,34,non,,804091
cordonnerie et sellerie de cuir,200,non,,804091
cordonnet,4,non,,804091
cordonnet de fil,3,non,,804091
cordonnet de poil,2,non,,804091
cordonnet de poil de chèvre,3,non,,804091
cordonnet de soie,1,non,,804091
cordonnet pour cannes,1,non,,804091
cordons,9,non,,804091
cordons d'argent,3,non,,804091
cordons d'argent et d'or,3,non,,804091
cordons d'or,8,non,,804091
cordons d'or et d'argent,1,non,,804091
cordons d'or et de soie,1,non,,804091
cordons de fil,7,non,,804091
cordons de fil de lin,1,non,,804091
cordons de filoselle,3,non,,804091
cordons de fleuret,7,non,,804091
cordons de laine,2,non,,804091
cordons de montre de soie,1,non,,804091
cordons de montres,2,non,,804091
cordons de montres avec or,1,non,,804091
cordons de soie,36,non,milieu de gamme,43973
cordons de soie à canne,2,non,,804091
cordons de soie d'argent,1,non,,804091
cordons de soie d'argent et d'or et de soie,3,non,,804091
cordons dorure d'argent,2,non,,804091
cordons dorure d'argent et d'or,2,non,,804091
cordons dorure d'or,3,non,,804091
cordons pour chapeaux,1,non,,804091
cordouans,123,non,,804091
cordouans en basane,5,non,,804091
cordouans en lest,1,non,,804091
coriandre,147,non,,804091
coriandre et noix,5,non,,804091
coriandre et riz,5,non,,804091
corinthes,110,non,,804091
cornalines,7,non,,804091
cornalines fines,1,non,,804091
cornalines montées en or,2,non,,804091
cornalines pour la Compagnie des Indes,1,non,,804091
corne fine,1,non,,804091
cornes,100,non,,804091
cornes à faire peigner,1,non,,804091
cornes à lanternes,304,non,,804091
cornes à peignes,1,non,,804091
cornes brutes,4,non,,804091
cornes de béliers,1,non,,804091
cornes de bétail,15,non,,804091
cornes de bétail brutes,5,non,,804091
cornes de bétail brutes clapons ou râpées,3,non,,804091
cornes de bétail en feuillets,5,non,,804091
cornes de bétail préparées,4,non,,804091
cornes de bœuf,178,non,,804091
cornes de bœuf et de vache,17,non,,804091
cornes de bœuf et de vache crues,103,non,,804091
cornes de bouc et de chèvre,3,non,,804091
cornes de boucs,1,non,,804091
cornes de cerf,262,non,,804091
cornes de cerf dupié,1,non,,804091
cornes de cerf en morceaux,12,non,,804091
cornes de cerf et de snack,23,non,,804091
cornes de cerf et de snack en morceaux,10,non,,804091
cornes de fer,1,non,,804091
cornes de lanternes,6,non,,804091
cornes de licorne,1,non,,804091
cornes de mouton,489,non,,804091
cornes de plate,1,non,,804091
cornes de rhinocéros,1,non,,804091
cornes de vache,6,non,,804091
cornes de verre,3,non,,804091
cornes plates,35,non,,804091
cornes plates ou en feuilles,1,non,,804091
cornes pour manches de couteaux,1,non,,804091
cornes rondes,2,non,,804091
cornet de soie,1,non,,804091
cornichons,63,non,,804091
cornichons confits,1,non,,804091
cornichons confits au vinaigre,1,non,,804091
coroas,1,non,,804091
corodarix,1,non,,804091
corode,2,non,,804091
corps d'arbre,13,non,,804091
corps d'arbre bruts,55,non,,804091
corps d'arbre de 20 à 30 pieds,121,non,,804091
corps d'arbre de 30 à 40 pieds,82,non,,804091
corps d'arbre de 40 à 50 pieds,10,non,,804091
corps d'arbre de 50 à 60 pieds,4,non,,804091
corps d'arbre en dessous de 20 pieds,81,non,,804091
corps d'arbre réduits en pieds de gittes,96,non,,804091
corps d'enfant,1,non,,804091
corps de femme,1,non,,804091
corps de fille,1,non,,804091
corps de jupes,9,non,,804091
corps piqué,1,non,,804091
corps piqué de jupes,1,non,,804091
cors de chasse,4,non,,804091
cors de chasse et trompettes,37,non,,804091
cors serinettes serpent trompettes,3,non,,804091
cors serinettes trombones trompettes,2,non,,804091
corsane,2,non,,804091
corsets,1,non,,804091
corsets baleinés,3,non,,804091
corsets brodés en soie,1,non,,804091
corsets de demitte,9,non,,804091
corsets de toile,2,non,,804091
cortillaterie,4,non,,804091
corty,1,non,,804091
corvos,0,non,,804091
cosmétiques divers pâtes poudres et savons parfumés etc.,2,non,,804091
costus,9,non,,804091
costus doux,5,non,,804091
costus verus,1,non,,804091
coteaux flamands,1,non,,804091
cotenis,1,non,,804091
côtes de baleine,5,non,,804091
côtes de tabac,8,non,,804091
cotillon de toile piquée,1,non,,804091
coton,2804,non,,804091
coton ???,1,non,,804091
coton à broder,2,non,,804091
coton autres de Méditerranée,0,non,,804091
coton autres de Turquie,1,non,,804091
coton autres longue soie,1,non,,804091
coton bleu,1,non,,804091
coton brut et fil de coton,45,non,,804091
coton brut et fil de coton des Îles,1,non,,804091
coton brut et fil de coton étranger,2,non,,804091
coton cardé,16,non,,804091
coton courte soie,13,non,,804091
coton courte soie des entrepôts,0,non,,804091
coton d'espars,1,non,,804091
coton de laine,41,non,,804091
coton de Malte,1,non,,804091
coton de retour,1,non,,804091
coton de Senirre,1,non,,804091
coton de Smyrne,1,non,,804091
coton des colonies françaises,1,non,,804091
coton des Îles et des Indes,4,non,,804091
coton des Indes,14,non,,804091
coton du Brésil,1,non,,804091
coton du Levant,65,non,,804091
coton en balles et toile,7,non,,804091
coton en feuilles cardées et gommées ouates,2,non,,804091
coton en fil,1,non,,804091
coton en laine,1541,oui,,804091
coton en laine de retour,1,oui,,804091
coton en laine des Indes,1,oui,,804091
coton en laine du Brésil,1,oui,,804091
coton en laine du Levant,48,oui,,804091
coton en ouate,5,non,,804091
coton en rames,18,non,,804091
coton en rames et fil de coton,26,non,,804091
coton imprimé,1,non,,804091
coton longue soie,12,non,,804091
coton longue soie des entrepôts,0,non,,804091
coton par Dunkerque,1,non,,804091
coton rouge,2,non,,804091
coton sitz et mousseline,1,non,,804091
coton sitz et mousseline en balles,1,non,,804091
coton soufré,80,non,,804091
coton teint,11,non,,804091
cotonelle de coton,2,non,,804091
cotonille,34,non,milieu de gamme,43973
cotonille bleue,1,non,,804091
cotonis,7,non,,804091
cotonis rayé,1,non,,804091
cotonnades,138,non,bas de gamme,18109
cotonnades à peu de soie,1,non,,804091
cotonnades bleues,1,non,,804091
cotonnades châles,11,non,,804091
cotonné de coton,84,non,bas de gamme,18109
cotonnée,162,non,bas de gamme,18109
cotonnette,12,non,,804091
cotonnine,53,non,milieu de gamme,43973
cotonnine anglaise,1,non,,804091
cotonnine bleue,1,non,,804091
cotons autres courte soie,1,non,,804091
cotte,1,non,,804091
cou salé,2,non,,804091
couchette,1,non,,804091
couchette garnie,1,non,,804091
coudre bleue,1,non,,804091
coüetis,4,non,,804091
couettes,1,non,,804091
couffins,15,non,,804091
couffins à boulanger,76,non,,804091
couffins d'auf,8,non,,804091
couffins d'auf petits,1,non,,804091
couffins d'espars,40,non,,804091
couffins d'osier,2,non,,804091
couffins de jonc,2,non,,804091
couffins de palme,61,non,,804091
couffins de palme petits,1,non,,804091
couffins petits,2,non,,804091
coulements de terre,3,non,,804091
coules de fer,2,non,,804091
couleurs,94,non,,804091
couleurs à peindre,3,non,,804091
couleurs autrement préparées,2,non,,804091
couleurs composées,5,non,,804091
couleurs et huile,1,non,,804091
couleurs et teinture fabriquées,19,non,,804091
couleurs et teinture préparées,78,non,,804091
couleurs préparées,2,oui,,804091
couleurs préparées à l'huile,2,non,,804091
couleurs rouges,1,non,,804091
couleurs vertes,1,non,,804091
coupe noire,1,non,,804091
couperon,5,oui,,804091
couperon verte,1,oui,,804091
couperose,1221,non,,804091
couperose blanche,49,non,,804091
couperose bleue,2,non,,804091
couperose et vermillon,6,non,,804091
couperose verte,282,non,,804091
coupes,2,non,,804091
coupes de bois,1,non,,804091
coupes de cuivre,4,non,,804091
coupes de fer-blanc,1,non,,804091
coupier,1,non,,804091
coupis,139,non,milieu de gamme,43973
coupis des Indes,1,non,,804091
couplets de cuivre,1,non,,804091
coupon de toile,1,non,,804091
coups,1,non,,804091
courbes,7,non,,804091
courbes de bois,1,non,,804091
courbes de chêne,1,non,,804091
courbes de chêne de 9 pieds,1,non,,804091
courbes de chêne pour bâtir,0,non,,804091
courbes de fer,1,non,,804091
courbes de mauvais bois,1,non,,804091
courbes de sapin de 4 à 5 pieds,1,non,,804091
courgousson,4,non,,804091
courroies,9,non,,804091
courroies de bœuf jeux,1,oui,,804091
courroies de fusils,12,non,,804091
courroies pour bœuf,5,non,,804091
courtepointe,205,non,,804091
courtepointe d'indienne,1,non,,804091
courtepointe de coton,1,non,,804091
courtepointe de coton d'Angleterre,1,non,,804091
courtepointe de toile,1,non,,804091
courtepointe de toile peinte,2,non,,804091
courtepointe jupes et vestes de toile peinte,2,non,,804091
coussin,1,non,,804091
coussin à faire dentelle,3,non,,804091
coussin d'espars,8,non,,804091
coussin de palme,3,non,,804091
coussin de serge,1,non,,804091
cousus,1,non,,804091
couteaux,408,non,,804091
couteaux à couper paille et pour tanneurs,12,non,,804091
couteaux à deux manches,1,non,,804091
couteaux à gaine,18,non,,804091
couteaux à hacher la paille,1,non,,804091
couteaux à indigo,15,non,,804091
couteaux à manches de bois,2,non,,804091
couteaux à manches de faïence,1,non,,804091
couteaux à manches de forme,1,non,,804091
couteaux à manches de gaïac,3,non,,804091
couteaux à manches de porcelaine,1,non,,804091
couteaux à manches longs,1,non,,804091
couteaux à nègre,15,non,,804091
couteaux à tanneurs,1,non,,804091
couteaux à virole d'argent,2,non,,804091
couteaux avec leurs gaines,1,non,,804091
couteaux communs,264,non,,804091
couteaux de Caen,1,non,,804091
couteaux de chasse,10,non,,804091
couteaux de chasse et épée et sabres,105,non,,804091
couteaux de chasse et sabres,1,non,,804091
couteaux de Flandre,1,non,,804091
couteaux de gaïac,2,non,,804091
couteaux de guerre,1,non,,804091
couteaux de tables,16,non,,804091
couteaux de tables avec leurs étuis,1,non,,804091
couteaux de tables communs,1,oui,,804091
couteaux de traite,1,non,,804091
couteaux en gaine,1,non,,804091
couteaux fins,1,non,,804091
couteaux flamands,142,non,,804091
couteaux flamands pour l'entrepôt à la destination de Guinée,1,non,,804091
couteaux garnis en argent,6,non,,804091
coutelas,15,non,,804091
coutellerie,89,non,,804091
coutellerie commune,11,non,,804091
coutellerie de bois,12,non,,804091
coutellerie de traite,2,non,,804091
coutil,806,non,milieu de gamme,43973
coutil 2479 lignes,1,non,,804091
coutil à lit,10,non,,804091
coutil à meubles,1,non,,804091
coutil chiné,1,non,,804091
coutil de fil,1,non,,804091
coutil de Hollande,3,non,,804091
coutil en coupon,1,non,,804091
coutil en pièces de 10 aunes,1,non,,804091
couvercles de fer,6,non,,804091
couvercles de fer de marmites,1,non,,804091
couvertes d'étoupes,133,non,,804091
couvertes d'étoupes de laine,3,non,,804091
couvertes de laine,169,non,,804091
couvertes de lisières,9,non,,804091
couvertes de loques,3,non,,804091
couvertes pour mulets,1,non,,804091
couverts de vermeille,1,non,,804091
couverture de Lille,2,non,,804091
couvertures,102,non,,804091
couvertures à nègre,40,non,,804091
couvertures blanches peignées,1,non,,804091
couvertures chinée de laine,1,oui,,804091
couvertures communes,1,non,,804091
couvertures communes de laine,2,non,,804091
couvertures d'Elbeuf,1,non,,804091
couvertures d'étoupes,17,non,,804091
couvertures d'indienne,18,non,,804091
couvertures de,0,non,,804091
couvertures de B ???,1,non,,804091
couvertures de Bazal,1,non,,804091
couvertures de bourre,3,non,,804091
couvertures de bourre de soie,4,non,,804091
couvertures de capiton,8,non,,804091
couvertures de castalogne,1,non,,804091
couvertures de coton,246,non,,804091
couvertures de coton de lit,1,non,,804091
couvertures de coton et de fil,70,non,,804091
couvertures de coton et de soie,2,non,,804091
couvertures de coton fines,1,non,,804091
couvertures de crin,0,non,,804091
couvertures de fil,3,non,,804091
couvertures de filoselle,12,non,,804091
couvertures de fleur,2,non,,804091
couvertures de fleuret,2,non,,804091
couvertures de gros basin,1,non,,804091
couvertures de laine,1060,non,,804091
couvertures de laine à nègre,1,non,,804091
couvertures de laine commune,2,non,,804091
couvertures de laine de bourre,1,non,,804091
couvertures de laine de Montpellier,1,non,,804091
couvertures de laine et de coton,19,non,,804091
couvertures de laine fine,1,non,,804091
couvertures de laine ordinaire,1,non,,804091
couvertures de Languedoc,2,non,,804091
couvertures de lit,1,non,,804091
couvertures de lit de fil et coton,1,non,,804091
couvertures de lit en satin,2,non,,804091
couvertures de lit en satin brodé,2,non,,804091
couvertures de loquette,1,non,,804091
couvertures de Montpellier,3,non,,804091
couvertures de mulets,4,non,,804091
couvertures de placy,6,non,,804091
couvertures de plocq,72,non,,804091
couvertures de Rouen,4,non,,804091
couvertures de satin,2,non,,804091
couvertures de soie,5,non,,804091
couvertures de toile peinte,2,non,,804091
couvertures de ville,1,non,,804091
couvertures dites pagnes,1,non,,804091
couvertures diverses,5,oui,,804091
couvertures du Béarn,4,non,,804091
couvertures du Levant,1,non,,804091
couvertures et tapis de coton,2,non,,804091
couvertures et tapis de fleuret,1,non,,804091
couvertures et tapis de poil,2,non,,804091
couvertures et tapis et tapisserie de laine,27,non,,804091
couvertures et tapisseries de laine,27,non,,804091
couvertures fil et coton,1,non,,804091
couvertures filets et coton,1,oui,,804091
couvertures grandes,3,non,,804091
couvertures grandes de laine,3,non,,804091
couvertures grosses de laine,3,non,,804091
couvertures grossières,1,non,,804091
couvertures ordinaires,1,non,,804091
couvertures peintes,1,non,,804091
couvertures petites,2,non,,804091
couvertures petites de laine,2,non,,804091
couvertures pour chevaux,5,non,,804091
couvertures pour nuque,1,non,,804091
couvertures rayées,1,non,,804091
couvertures vieilles,2,non,,804091
crabes et crevettes,11,non,,804091
crabes et limaçons,56,non,,804091
craie,191,non,,804091
craie blanche,164,non,,804091
craie de Besançon,3,non,,804091
craie et blanc d'Espagne et ocre jaune et rouge,34,non,,804091
craie et ocre et brun et rouge,31,non,,804091
craie noire,5,non,,804091
craie rouge,7,non,,804091
crapaudines,2,non,,804091
crapaudines de cuivre,1,non,,804091
crapaudines de fer,1,non,,804091
crapaudines de fonte,9,non,,804091
crapaudines de fonte de fer,4,non,,804091
crapaudines de potin,1,non,,804091
crasse,1,non,,804091
crasse d'alquifoux,1,non,,804091
crasse d'amidon,1,non,,804091
crasse d'huile,71,non,,804091
crasse d'huile d'olive,1,non,,804091
crasse de beurre,1,non,,804091
crasse de cire,66,non,,804091
crasse de fer,2,non,,804091
crasse de graisse,2,non,,804091
crasse de plomb,1,non,,804091
crasse de soufre,2,non,,804091
crasse de suif,3,non,,804091
crasse de tan,1,non,,804091
crasse de toile,1,non,,804091
cravates,6,non,,804091
cravates de coton et mouchoirs de coton,11,non,,804091
cravates de soie noire,5,non,,804091
cravates de taffetas noir,2,non,,804091
cravates noires,4,non,,804091
crayons,96,non,,804091
crayons composés et communs,4,non,,804091
crayons composés et communs pour métiers,1,non,,804091
crayons composés et fins,4,non,,804091
crayons composés et fins pour les arts,1,non,,804091
crayons d'Allemagne,9,non,,804091
crayons de bois,2,non,,804091
crayons de pastel,21,non,,804091
crayons et craie,16,non,,804091
crayons fins de pastel,0,non,,804091
crayons fins de pastel et laque et lack-lack des Indes,21,non,,804091
crayons noirs,10,non,,804091
crayons rouges,93,non,,804091
crayons simples de pierre,5,non,,804091
crème,2,non,,804091
crème de tartre,610,non,,804091
crêpe,10,non,,804091
crêpe d'Alençon,1,non,,804091
crêpe de laine,87,non,,804091
crêpe de laine de Reims,11,non,,804091
crêpe de Reims,3,non,milieu de gamme,43973
crêpe de soie,24,non,haut de gamme,12084
crêpe et crépon,3,non,,804091
crêpe et étoffe et gaze et passementerie et ruban de soie,23,non,milieu de gamme,43973
crêpe et étoffe et passementerie et ruban de soie,11,non,milieu de gamme,43973
crêpe et gaze et mouchoirs,6,non,,804091
crêpe et gaze et tulle,29,non,milieu de gamme,43973
crêpe et gaze et tulle de soie,146,non,milieu de gamme,43973
crêpe gaze et tulle de soie,2,oui,,804091
crêpe noir,1,non,,804091
crêpe pour chapeaux,38,non,,804091
crépine de soie,1,non,,804091
crépon,10,non,,804091
crépon de laine,6,non,,804091
crêpure de filoselle,1,non,,804091
creusets,173,non,,804091
creusets d'Allemagne,1,non,,804091
creusets d'orfèvre,4,non,,804091
creusets de grès,1,non,,804091
creusets de mine de plomb,1,non,,804091
creusets de terre,18,non,,804091
creusets de terre cuite,8,non,,804091
creusets et figures de pierre,11,non,,804091
crevette,42,non,,804091
cribles,57,non,,804091
cribles à blé,1,non,,804091
cribles de bois,2,non,,804091
cribles de fil de laiton,1,non,,804091
cribles de laiton à café,1,non,,804091
cribles et bluteaux de moulins,5,non,,804091
cribles petits,1,non,,804091
criblon,1,non,,804091
crics,60,non,,804091
crics de fer,35,non,,804091
crics de fer de navire,1,non,,804091
crin,900,non,,804091
crin à cordonnier,1,non,,804091
crin à pêcher,1,non,,804091
crin apprêté,5,non,,804091
crin apprêté et frisé,5,non,,804091
crin brut,18,non,,804091
crin brut de cheval,1,non,,804091
crin de cheval,220,non,,804091
crin de cheval griporé,1,non,,804091
crin de chèvre,1,non,,804091
crin frisé,86,non,,804091
crin plan,1,non,,804091
crin plat,18,non,,804091
crin pour habit d'homme,1,non,,804091
crin pour la Compagnie des Indes,1,non,,804091
crin tanné,2,non,,804091
crin vieux,1,non,,804091
crinières,2,non,,804091
crise,1,non,,804091
cristal,252,non,,804091
cristal brut,17,non,,804091
cristal cru,27,non,,804091
cristal d'office,14,non,,804091
cristal de roche,4,non,,804091
cristal de roche brut,1,non,,804091
cristal de Rouen,2,non,,804091
cristal de tartot,1,non,,804091
cristal de tartre,22,non,,804091
cristal et verres à boire à vitre,2,non,,804091
cristal fondu,1,non,,804091
cristal minéral,4,non,,804091
cristal taillé,65,non,,804091
cristallin,3,non,,804091
cristaux,4,non,,804091
croc,1,non,,804091
croc de fer à morue,1,non,,804091
crochets de bois,2,non,,804091
crochets de fer,2,non,,804091
crocus,2,non,,804091
croisé de coton,1,non,,804091
croisé noir,1,non,,804091
croisière de douane,1,oui,,804091
croisière de la Ferme générale,5,non,,804091
croix à pierres fausses,2,non,,804091
croix d'argent,4,non,,804091
croix d'argent neuve,1,non,,804091
croix d'argent pour église,1,non,,804091
croix d'ivoire,2,non,,804091
croix d'or,1,non,,804091
croix de cuivre,2,non,,804091
croix de cuivre argenté,1,non,,804091
croix de grenat,1,non,,804091
croix de gresse,1,non,,804091
crons et débris de maison,82,non,,804091
cruche de terre,1,non,,804091
cruches,3,non,,804091
cruches de Cologne,1,non,,804091
cruches de fer,2,non,,804091
cruches de grès,32,non,,804091
cruches de terre,13,non,,804091
crucifix,1,non,,804091
crucifix de bronze,1,non,,804091
crucifix de marbre,1,non,,804091
crustas,1,non,,804091
cubeber,15,non,,804091
cuillères à canons,1,non,,804091
cuillères à sucre,5,non,,804091
cuillères de bois,31,non,,804091
cuillères de bois pour pots,2,non,,804091
cuillères de buis,5,non,,804091
cuillères de fer,29,non,,804091
cuillères de laiton,3,non,,804091
cuillères et fourches d'argent,1,non,,804091
cuillères et fourchettes de cuivre argenté,3,non,,804091
cuirasses,2,non,,804091
cuireaux de mouton à faire colle,2,non,,804091
cuirs,192,non,,804091
cuirs ??? en poil,1,non,,804091
cuirs à pompe,5,non,,804091
cuirs à semelle,1,non,,804091
cuirs à soutirer le vin,1,non,,804091
cuirs apprêtés,310,non,,804091
cuirs apprêtés de bœuf en poil,2,non,,804091
cuirs apprêtés de vache,8,non,,804091
cuirs avariés tannés,1,non,,804091
cuirs bannettes secs en poil,1,non,,804091
cuirs blancs,1,non,,804091
cuirs bruts,1,non,,804091
cuirs bruts tannés,1,non,,804091
cuirs cannelés,4,non,,804091
cuirs cordés,1,non,,804091
cuirs corroyés,14,non,,804091
cuirs corroyés de vache,129,non,,804091
cuirs corroyés et tannés,1,non,,804091
cuirs crus et à poil,118,non,,804091
cuirs d'Amérique d'Afrique et de Barbarie en poil,1,non,,804091
cuirs d'Andrinople,2,non,,804091
cuirs d'âne,14,non,,804091
cuirs d'âne en poil,15,non,,804091
cuirs d'âne tannés,2,non,,804091
cuirs d'empeignes,1,non,,804091
cuirs d'Espagne,2,non,,804091
cuirs d'Espagne dit maroquin,104,non,,804091
cuirs d'Espagne dit maroquins,104,oui,,804091
cuirs d'Inde,2,non,,804091
cuirs d'Irlande,2,non,,804091
cuirs de ??? de poil,1,non,,804091
cuirs de bœuf,33,non,,804091
cuirs de bœuf ???,1,non,,804091
cuirs de bœuf apprêtés,35,non,,804091
cuirs de bœuf apprêtés demi pièce,1,non,,804091
cuirs de bœuf apprêtés et tannés,1,non,,804091
cuirs de bœuf au poil,2,non,,804091
cuirs de bœuf avariés tannés,1,non,,804091
cuirs de bœuf corroyés,11,non,,804091
cuirs de bœuf d'Illinois,1,non,,804091
cuirs de bœuf de Russie,1,non,,804091
cuirs de bœuf en poil,1299,non,,804091
cuirs de bœuf en poil et cuirs de vache en poil,11,non,,804091
cuirs de bœuf en poil et secs,6,non,,804091
cuirs de bœuf en poil et verts,2,non,,804091
cuirs de bœuf en poil tannés,1,non,,804091
cuirs de bœuf en poil têtes,10,non,,804091
cuirs de bœuf en poils,1,non,,804091
cuirs de bœuf et vache apprêtés,1,non,,804091
cuirs de bœuf et vache tannés,6,non,,804091
cuirs de bœuf ou vache,8,non,,804091
cuirs de bœuf passés en Hongrie,3,non,,804091
cuirs de bœuf salé,3,non,,804091
cuirs de bœuf secs,8,non,,804091
cuirs de bœuf tannés,928,non,,804091
cuirs de bœuf tannés entiers,3,non,,804091
cuirs de bœuf tannés et cuir de vache tannés,2,oui,,804091
cuirs de bœuf verts,5,non,,804091
cuirs de buffle,2,non,,804091
cuirs de buffle en lest,1,non,,804091
cuirs de buffle en poil,9,non,,804091
cuirs de buffletin,1,non,,804091
cuirs de cerf en poil,1,non,,804091
cuirs de cheval,9,non,,804091
cuirs de cheval en poil,46,non,,804091
cuirs de cheval tanné,1,non,,804091
cuirs de cheval tannés,97,non,,804091
cuirs de chèvre en poil,1,non,,804091
cuirs de chevreau,1,non,,804091
cuirs de fer et en poil,1,non,,804091
cuirs de génisse,31,non,,804091
cuirs de génisse corroyés,123,non,,804091
cuirs de génisse en poil,9,non,,804091
cuirs de génisse tannés,9,non,,804091
cuirs de Hollande,1,non,,804091
cuirs de Hongrie,38,non,,804091
cuirs de jument tannés,1,non,,804091
cuirs de loup,1,non,,804091
cuirs de moscovie,4,non,,804091
cuirs de mule en poil,1,non,,804091
cuirs de poil,3,non,,804091
cuirs de poil en peaux,1,non,,804091
cuirs de poil et salés,2,non,,804091
cuirs de Prusse,4,non,,804091
cuirs de Russie,628,non,,804091
cuirs de Russie de vache,41,non,,804091
cuirs de Russie en peaux,1,non,,804091
cuirs de Sardaigne de vache,1,non,,804091
cuirs de secs en poil,1,non,,804091
cuirs de Turquie,2,non,,804091
cuirs de vache,40,non,,804091
cuirs de vache ??,1,non,,804091
cuirs de vache accoutrées,1,non,,804091
cuirs de vache apprêtés,7,non,,804091
cuirs de vache en longe,1,non,,804091
cuirs de vache en poil,6,non,,804091
cuirs de vache lissés,16,non,,804091
cuirs de vache passés,1,non,,804091
cuirs de vache petits,1,non,,804091
cuirs de vache tannés,3,non,,804091
cuirs divers,4,oui,,804091
cuirs dorés,138,non,,804091
cuirs dorés vieux,2,non,,804091
cuirs du Portugal,1,non,,804091
cuirs en basanes,2,non,,804091
cuirs en bassin,1,non,,804091
cuirs en blanc,2,non,,804091
cuirs en bœuf verts,1,non,,804091
cuirs en croûte,2,non,,804091
cuirs en croûte de vache,25,non,,804091
cuirs en échantillons,1,non,,804091
cuirs en grains,2,non,,804091
cuirs en grains de vache,16,non,,804091
cuirs en lest,41,non,,804091
cuirs en poil,487,non,,804091
cuirs en poil de vache,300,non,,804091
cuirs en poil salés verts,1,non,,804091
cuirs en poil tannés,5,non,,804091
cuirs en poil teints fallon,1,non,,804091
cuirs en poil verts,56,non,,804091
cuirs en retail,2,non,,804091
cuirs en rognures,2,non,,804091
cuirs en rosette,1,non,,804091
cuirs en têtes,1,non,,804091
cuirs et peaux de bœuf et de vache apprêté,54,non,,804091
cuirs et peaux non apprêtés,18,non,,804091
cuirs fins en poil,1,non,,804091
cuirs forts,6,non,,804091
cuirs forts tannés,23,non,,804091
cuirs forts tannés entiers,1,non,,804091
cuirs génisse corroyés,1,non,,804091
cuirs gras,1,non,,804091
cuirs jaunes,9,non,,804091
cuirs neufs,1,non,,804091
cuirs non apprêtés,134,non,,804091
cuirs passés en blanc,1,non,,804091
cuirs petits des Indes en poil,1,non,,804091
cuirs petits en poil,2,non,,804091
cuirs porcs,1,non,,804091
cuirs pour bottes,1,non,,804091
cuirs pour semelles,10,non,,804091
cuirs pour soufflets,20,non,,804091
cuirs pour souliers,1,non,,804091
cuirs restants,1,non,,804091
cuirs rouges,2,non,,804091
cuirs salés,24,non,,804091
cuirs salés en poil,56,non,,804091
cuirs salés verts,7,non,,804091
cuirs secs,11,non,,804091
cuirs secs en poil,242,non,,804091
cuirs secs en poil de vache,1,non,,804091
cuirs secs en poil des Îles,1,non,,804091
cuirs secs et salés,4,non,,804091
cuirs secs et tannés,1,non,,804091
cuirs tannées forts,0,non,,804091
cuirs tannés,374,non,,804091
cuirs tannés de vache,475,non,,804091
cuirs tannés de veau,6,non,,804091
cuirs tannés en peaux,1,non,,804091
cuirs tannés et en poil de vache,2,non,,804091
cuirs tannés pour empeignes,239,non,,804091
cuirs tannés pour semelles,158,non,,804091
cuirs testaux,5,non,,804091
cuirs tissés de vache,4,non,,804091
cuirs verts,10,non,,804091
cuirs vieux,6,non,,804091
cuisses,4,non,,804091
cuisses d'oie,229,non,,804091
cuisses d'oie à la daube,1,non,,804091
cuisses d'oie en adobe,10,non,,804091
cuisses d'oie salées,19,non,,804091
cuivre,1193,non,,804091
cuivre à lessive,1,non,,804091
cuivre à mitraille,1,non,,804091
cuivre à monnayer rouge,2,non,,804091
cuivre allié argenté battu laminé ou tiré,4,non,,804091
cuivre allié argenté filé sur fil,2,non,,804091
cuivre allié battu doré laminé et tiré,2,non,,804091
cuivre allié battu doré laminé ou tiré,2,non,,804091
cuivre allié bronze en masse,2,non,,804091
cuivre allié d'étain,3,non,,804091
cuivre allié d'étain brut,1,non,,804091
cuivre allié doré filé sur fil,4,non,,804091
cuivre allié doré filé sur soie,1,non,,804091
cuivre allié et ouvré dont estagnons contenant des liquides,2,non,,804091
cuivre allié ouvré,1,non,,804091
cuivre allié ouvré autrement que battu filé laminé ou tiré,2,non,,804091
cuivre argenté,10,non,,804091
cuivre argenté battu laminé ou tiré,3,non,,804091
cuivre argenté et doré,3,oui,,804091
cuivre argenté et doré et plaqué,37,oui,,804091
cuivre argenté flambeaux,1,non,,804091
cuivre argenté ouvré simple,1,non,,804091
cuivre battu,158,non,,804091
cuivre battu brut,2,non,,804091
cuivre battu laminé,1,non,,804091
cuivre battu ou laminé à toutes destinations,1,non,,804091
cuivre blanc,1,non,,804091
cuivre bronzé,1,non,,804091
cuivre brun,19,non,,804091
cuivre brun et cuivre rouge,8,non,,804091
cuivre brut,468,non,,804091
cuivre brut en pain,1,non,,804091
cuivre brut et rouge,12,non,,804091
cuivre brut vieux,7,non,,804091
cuivre clous,1,non,,804091
cuivre commun,1,non,,804091
cuivre coulé en barres ou plaques régulières,1,non,,804091
cuivre cru,3,non,,804091
cuivre cru en blocs,68,non,,804091
cuivre cru en masses,4,non,,804091
cuivre cru ou en plates,4,non,,804091
cuivre d'argent et doré,1,oui,,804091
cuivre de fer,2,non,,804091
cuivre de fer en poids,0,non,,804091
cuivre de fourrure,2,non,,804091
cuivre de Namur,2,non,,804091
cuivre de pompe,1,non,,804091
cuivre de retour,1,non,,804091
cuivre de Russie,1,non,,804091
cuivre doré,79,non,,804091
cuivre doré battu filé laminé ou tiré,2,non,,804091
cuivre doré battu laminé ou tiré,1,non,,804091
cuivre en bassin estagons neptune,2,non,,804091
cuivre en fond et rouge,1,non,,804091
cuivre en fonte,1,non,,804091
cuivre en masse brut mitraille et vieux,1,non,,804091
cuivre en masse brut ou rouge,1,non,,804091
cuivre en mitraille et vieux,10,non,,804091
cuivre en pain,34,non,,804091
cuivre en planches feuilles ouvré,5,non,,804091
cuivre en plane,1,non,,804091
cuivre en plats,1,non,,804091
cuivre en potasse,1,non,,804091
cuivre en rouleau,2,non,,804091
cuivre en saumon,1,non,,804091
cuivre en saumons,1,oui,,804091
cuivre en toupe,1,non,,804091
cuivre en verdet,1,non,,804091
cuivre et airain ouvré,1,non,,804091
cuivre et bronze et laiton,160,non,,804091
cuivre et pièces de cuivre,1,non,,804091
cuivre et potin gris,6,non,,804091
cuivre fer plomb,1,non,,804091
cuivre forgé,2,non,,804091
cuivre jaune,104,non,,804091
cuivre jaune avec calamine,3,non,,804091
cuivre jaune brun,1,non,,804091
cuivre jaune brut,10,non,,804091
cuivre jaune en fourrure,1,non,,804091
cuivre jaune et rouge,9,non,,804091
cuivre jaune fondu,7,non,,804091
cuivre jaune non ouvré,2,non,,804091
cuivre laiton,1,non,,804091
cuivre laminé,1,non,,804091
cuivre neuf,41,non,,804091
cuivre non ouvré,1,non,,804091
cuivre non ouvré rouge,2,non,,804091
cuivre peigné,1,non,,804091
cuivre potier,1,non,,804091
cuivre pur battu ou laminé,7,non,,804091
cuivre pur coulé en barres et plaques,2,non,,804091
cuivre pur coulé en barres et plaques régulières,1,non,,804091
cuivre pur coulé en masses brutes,5,non,,804091
cuivre pur en barres et plaques régulières,1,non,,804091
cuivre pur en masses brutes,2,non,,804091
cuivre rompu,10,non,,804091
cuivre rosette,3,non,,804091
cuivre rouge,127,non,,804091
cuivre rouge brut,1,non,,804091
cuivre rouge cru ou en bloc pour Namur,2,non,,804091
cuivre rouge en chaudière,4,non,,804091
cuivre rouge neuf,4,non,,804091
cuivre satin,1,non,,804091
cuivre sur poil,1,non,,804091
cuivre tangoul,418,non,,804091
cuivre vieux,529,non,,804091
cuivrerie,37,non,,804091
culotte en chemises de toile à nègre,1,non,,804091
culottes,69,non,,804091
culottes à nègre,1,non,,804091
culottes d'étamine,1,non,,804091
culottes de bouras,2,non,,804091
culottes de chamois,8,non,,804091
culottes de chamois garnies de boutons d'argent,1,non,,804091
culottes de cotonnades,2,non,,804091
culottes de coutil,2,non,,804091
culottes de daim,5,non,,804091
culottes de drap,1,non,,804091
culottes de fil,1,non,,804091
culottes de laine,1,non,,804091
culottes de laine tricotées,2,non,,804091
culottes de mouton,2,non,,804091
culottes de panne,2,non,,804091
culottes de panne ciselée,1,non,,804091
culottes de peau,122,oui,,804091
culottes de peau d'élan,1,oui,,804091
culottes de peau de daim,4,oui,,804091
culottes de peau de mouton,4,oui,,804091
culottes de peaux,126,non,,804091
culottes de peaux d'élan,1,non,,804091
culottes de peaux de daim,4,non,,804091
culottes de peaux de mouton,4,non,,804091
culottes de siamoise,1,non,,804091
culottes de soie,1,non,,804091
culottes de toile,19,non,,804091
culottes de velours,1,non,,804091
culottes de velours de gueux,1,non,,804091
culottes piquées,1,non,,804091
culs d'artichaut,12,non,,804091
cumin,376,non,,804091
cunier,1,non,,804091
cuny,0,non,,804091
curcuma,202,non,,804091
curcuma en poudre,7,non,,804091
curcuma en racine,7,non,,804091
curcuma en racine des entrepôts,0,oui,,804091
curcuma en racines des entrepôts,0,non,,804091
curcuma moulu,82,non,,804091
curiosité coquillage,2,non,,804091
curiosité naturelle,2,non,,804091
curlas,2,non,,804091
curous,0,non,,804091
curtas,5,non,,804091
cuscutes luzerne,3,non,,804091
custar,4,non,,804091
custas,16,non,,804091
custres,1,non,,804091
cuve,7,non,,804091
cuve à vin,1,non,,804091
cuveaux,2,non,,804091
cuvette de faïence,1,non,,804091
cuvette de fer-blanc,1,non,,804091
cuvette de grès,1,non,,804091
cuvettes de marbre ouvré,2,non,,804091
cuviers,5,non,,804091
cuviers de terre,14,non,,804091
cygnes,7,non,,804091
cygnes en vie,1,non,,804091
cylindre,5,non,,804091
cylindre de fer,3,non,,804091
cymbales,4,non,,804091
dais,2,non,,804091
dais ou faux,1,non,,804091
dais pour église,1,non,,804091
dalles,5,non,,804091
damas,95,non,bas de gamme,18109
damas à carreaux mandarine,2,non,,804091
damas à frange d'argent,2,non,,804091
damas broché et rayé,2,non,,804091
damas brodé,1,non,,804091
damas commun,1,non,,804091
damas cramoisi,3,non,,804091
damas cramoisi de Gênes,1,non,,804091
damas de 20 aunes,1,non,,804091
damas de coton et fil,2,non,,804091
damas de deux couleurs,3,non,,804091
damas de fil,1,non,,804091
damas de la Chine,6,non,,804091
damas de lin,2,non,,804091
damas de Lucques,1,non,,804091
damas de Lyon,3,non,,804091
damas de Pékin,2,non,,804091
damas de retour,1,non,,804091
damas de retour faute de vente,1,oui,,804091
damas de soie,15,non,,804091
damas de Tours,2,non,,804091
damas des Indes,26,non,bas de gamme,18109
damas faux,1,non,,804091
damas jaune,2,oui,,804091
damas noir,1,non,,804091
damas pour meubles,2,non,,804091
damas rayé,3,non,,804091
damas uni,3,non,,804091
damas vert,2,non,,804091
damas violet,1,non,,804091
damasquette,4,non,,804091
damasquin,1,non,,804091
damassin,2,non,,804091
dame-jeannes,352,non,,804091
dame-jeannes clissées,16,non,,804091
dame-jeannes clissées et de verres,8,non,,804091
dame-jeannes cuivré et de verres,1,non,,804091
dame-jeannes de grès,4,non,,804091
dame-jeannes de verre,120,non,,804091
dame-jeannes de verre de 10 pintes,1,non,,804091
dame-jeannes de verre de 4 pots,1,non,,804091
dame-jeannes garnies d'osier,1,non,,804091
dame-jeannes non clissées,1,non,,804091
dame-jeannes vides,16,non,,804091
damoiselle de bois,1,non,,804091
darcas,1,non,,804091
dareau de laine,1,non,,804091
dariabadis,6,non,,804091
darins,26,non,milieu de gamme,43973
dattes,342,non,,804091
dattes et pistaches,31,non,,804091
dattes sèches,12,non,,804091
dattes secs et prunes sèches,11,non,,804091
daubes,1,non,,804091
dauphine,62,non,bas de gamme,18109
de haut,2,oui,,804091
de peu de valeur,2,non,,804091
de tafia,2,non,,804091
de ville,2,oui,,804091
débris de pain de graine grasse,1,non,,804091
débris de vaisseaux et vieux ouvrages de charpente,8,non,,804091
déchets d'animaux et sang de bétail,2,non,,804091
déchets de laine,8,non,,804091
déchets de laine entière,1,non,,804091
déchets de laine lanice,1,non,,804091
déchets de laine tontisse,1,non,,804091
déchets de laine tontisse et peine,1,non,,804091
déchets de pierre,4,non,,804091
déchets de poil (rognures et broissiers),1,non,,804091
déchets et débris tourteaux de graine oléagineuse,1,oui,,804091
décorations pour carrosses,3,non,,804091
dégras,23,non,,804091
dégras d'huile,3,non,,804091
dégras de peau,56,non,,804091
déjeuner de vermeil,1,non,,804091
delimineas,1,non,,804091
demi drap de Glaster,2,non,,804091
demi guinée bleue,1,non,,804091
demi-ancres vides,1,non,,804091
demi-barriques cerclées de fer,1,non,,804091
demi-camelot,1,non,,804091
demi-cuirs de bœuf tannés,16,non,,804091
demi-cuirs forts tannés,1,non,,804091
demi-cuirs tannés,7,non,,804091
demi-cuirs tannés de vache,0,non,,804091
demi-drap de Glaster,2,non,,804091
demi-drap de laine,1,non,,804091
demi-écarlatine,2,non,,804091
demi-guinée,2,non,,804091
demi-guinée bleue,3,non,,804091
demi-indienne,1,non,,804091
demi-meules de moulin,1,non,,804091
demi-peaux de chevreuil,1,non,,804091
demi-perpétuane,1,non,,804091
demi-picotte,1,non,,804091
demi-planches,5,non,,804091
demi-planches de Prusse,6,non,,804091
demi-planches de sapin,26,non,,804091
demi-planches de sapin de 3 à 4 pieds de long et de 1 pouce d'épaisseur,2,non,,804091
"demi-planches de sapin de 3 à 5 pieds de long et de 1,25 pouce d'épaisseur",2,non,,804091
"demi-planches de sapin de 3 à 5,5 pieds de long et de 1,5 à 1,35 pouce d'épaisseur",3,non,,804091
demi-poutres,6,non,,804091
demi-scarlatine,1,non,,804091
demi-serge d'Aumale,1,non,,804091
demi-siamoise,1,non,,804091
demi-soucis,1,non,,804091
demi-taffetas,1,non,,804091
demitte,201,non,milieu de gamme,43973
demitte et futaine,153,non,,804091
demoiselle,12,non,,804091
demoiselle de 25 pieds,1,non,,804091
demoiselle de bois,1,non,,804091
demoiselle de sapin,2,non,,804091
denrées coloniales,17,non,,804091
denrées coloniales et épicerie,22,non,,804091
dentelle,331,non,haut de gamme,12084
dentelle à peu de soie,3,non,,804091
dentelle blanche,2,non,,804091
dentelle blonde de soie,1,non,,804091
dentelle commune,63,non,milieu de gamme,43973
dentelle d'Alençon,1,non,,804091
dentelle d'Andelys,1,non,,804091
dentelle d'argent,22,non,haut de gamme,12084
dentelle d'argent et d'or,62,non,haut de gamme,12084
dentelle d'argent et d'or faux,2,non,,804091
dentelle d'argent faux,5,non,,804091
dentelle d'argent fin,6,non,,804091
dentelle d'or,8,non,,804091
dentelle d'or et d'argent,12,non,,804091
dentelle d'or et d'argent faux,3,non,,804091
dentelle d'or et d'argent fin,5,non,,804091
dentelle d'or faux,4,non,,804091
dentelle d'or fin,8,non,,804091
dentelle de Bretagne,2,non,,804091
dentelle de Caen,24,non,milieu de gamme,43973
dentelle de chanvre et de lin,8,non,,804091
dentelle de coton et blonde de coton,18,non,milieu de gamme,43973
dentelle de Dieppe,1,non,,804091
dentelle de fer,1,non,,804091
dentelle de fil,462,non,haut de gamme,12084
dentelle de fil 2 lignes,1,non,,804091
dentelle de fil blanc,333,non,haut de gamme,12084
dentelle de fil blanc commune,1,non,,804091
dentelle de fil blanc de Lille,1,non,,804091
dentelle de fil commune,71,non,milieu de gamme,43973
dentelle de fil d'Alençon,1,non,,804091
dentelle de fil d'or faux,1,non,,804091
dentelle de fil d'or fin,2,non,,804091
dentelle de fil de ??? et Reims,2,non,,804091
dentelle de fil de Bergame,1,non,,804091
dentelle de fil de Caen,9,non,,804091
dentelle de fil de crin,2,non,,804091
dentelle de fil de Flandre,10,non,,804091
dentelle de fil de laine,1,non,,804091
dentelle de fil de lin,1,non,,804091
dentelle de fil de Normandie,4,non,,804091
dentelle de fil de soie,5,non,,804091
dentelle de fil de Valenciennes,3,non,,804091
dentelle de fil dorure d'argent,2,non,,804091
dentelle de fil du Puy,70,non,haut de gamme,12084
dentelle de fil du Puy et ???,2,non,,804091
dentelle de fil et soie,61,non,haut de gamme,12084
dentelle de fil et tulle,31,non,haut de gamme,12084
dentelle de fil fine,24,non,,804091
dentelle de fil grossière,37,non,,804091
dentelle de Flandre,10,non,,804091
dentelle de France,2,non,,804091
dentelle de gaze,1,non,,804091
dentelle de Gisors,2,non,,804091
dentelle de Lille,2,non,,804091
dentelle de Malines,3,non,,804091
dentelle de Normandie,2,non,,804091
dentelle de pays,2,non,,804091
dentelle de Rouen,1,non,,804091
dentelle de soie,529,non,haut de gamme,12084
dentelle de soie au quart,1,non,,804091
dentelle de soie blanche,3,non,,804091
dentelle de soie blonde,190,non,haut de gamme,12084
dentelle de soie de Rouen,3,non,,804091
dentelle de soie noire,1,non,,804091
dentelle de toute autre sorte que soie,1,non,,804091
dentelle de toutes sortes,3,oui,,804091
dentelle dorure,5,oui,,804091
dentelle dorure d'argent,12,non,,804091
dentelle dorure d'argent et d'or,18,non,,804091
dentelle dorure d'or,7,non,,804091
dentelle dorure d'or faux,4,non,,804091
dentelle du Havre,22,non,,804091
dentelle du pays,2,non,,804091
dentelle du Puy,204,non,haut de gamme,12084
dentelle du Puy en soie,1,non,,804091
dentelle en coiffures et manchettes,1,non,,804091
dentelle et blonde,19,non,haut de gamme,12084
dentelle et galon et passementerie,54,non,haut de gamme,12084
dentelle et galon et passementerie et ruban,28,non,haut de gamme,12084
dentelle fine,32,non,,804091
dentelle grossière,22,non,,804091
dentelle mi soie,3,non,,804091
dentelle moyenne,1,non,,804091
dents d'éléphant,499,non,,804091
dents d'éléphant entières,4,non,,804091
dents d'éléphant entières des entrepôts,0,non,,804091
dents d'éléphant sciées,4,non,,804091
dents d'éléphants d'hippopotame et autres,2,non,,804091
dents d'ivoire,1,non,,804091
dents de cheval marin,4,non,,804091
dents de chien marin,2,non,,804091
dents de vache marine,16,non,,804091
dépêche,1,non,,804091
der demi-plat,1,non,,804091
derle,82,non,,804091
dés,1,non,,804091
dés à coudre,42,non,,804091
dés à coudre de cuivre,6,non,,804091
dés à coudre de cuivre et fer,1,non,,804091
dés à coudre de fer,4,non,,804091
dés à jouer,13,non,,804091
dés d'acier,6,non,,804091
dés de cuivre,35,non,,804091
dés de fer,28,non,,804091
dés de laiton,10,non,,804091
déserteur,1,non,,804091
déshabillé,1,non,,804091
despeigne,1,non,,804091
dessins de papier,2,non,,804091
dessus de souliers brodés,2,non,,804091
dessus de table de marbre,1,non,,804091
devant d'autel,1,non,,804091
devant de vestes,48,non,,804091
devant de vestes de basin,1,non,,804091
dévidoir,2,non,,804091
diables de mer,8,non,,804091
diactamy en fleurs,1,non,,804091
diagedum,1,non,,804091
diagrede,1,non,,804091
dialbequier,1,non,,804091
diamants,1,non,,804091
diamants brutes,1,non,,804091
diamants bruts,3,non,,804091
diamants fins,2,non,,804091
diamants perles et pierres fines,50,non,,804091
diamants perles et pierres fines non montés,13,non,,804091
diamants taillés,6,non,,804091
dictame,11,non,,804091
dictionnaire,1,non,,804091
dictionnaire du commerce,1,non,,804091
dictionnaire hollandais,1,non,,804091
digilence comlète,1,oui,,804091
diligence complète,1,non,,804091
dimelle,1,non,,804091
dindes,9,non,,804091
dindonneaux,10,non,,804091
dindons,42,non,,804091
dissouchaye,44,non,milieu de gamme,43973
distillats,2,non,,804091
ditors,2,non,,804091
divers,9700,non,,804091
dividivi,1,non,,804091
doloirs,1,non,,804091
domino,2,non,,804091
dominoterie,136,non,,804091
dominoterie en images,10,non,,804091
dominoterie et cartes géographiques,2,non,,804091
doraze,4,non,,804091
doréas,13,non,,804091
doréas brodées en couleur,0,non,,804091
doréas de Zurich,2,non,,804091
doréas mega,1,non,,804091
dorpins en pierre,0,non,,804091
dorure,13,non,,804091
dorure de Zurich,1,non,,804091
dorure en galon fine,4,non,,804091
dorure et soie,1,non,,804091
dorure fausse,79,non,,804091
dorure fausse en or et argent,5,non,,804091
dorure fausse en or et argent battu tiré et laminé,8,non,,804091
dorure fausse en paillettes,1,non,,804091
dorure fausse et fine,1,non,,804091
dorure fine,799,non,,804091
dorure fine en galon,2,non,,804091
dorure fine fil d'or passementerie,1,non,,804091
dos gorges et ventres de fouines martes et renard,2,non,,804091
dos gorges et ventres de petit gris,2,non,,804091
dospin en pierre,2,non,,804091
dossiers de chaises,12,non,,804091
dossiers de lit en satin,2,non,,804091
dossiers de lit en satin brodé,2,non,,804091
doublage de bois de pin,1,non,,804091
doublures de martre pour habits,3,non,,804091
doublures de petis gris,1,non,,804091
douelle de chêne,1,non,,804091
douelles,205,non,,804091
douelles à barils,17,oui,,804091
douelles à barricages,2,oui,,804091
douelles à barriques,83,oui,,804091
douelles à barriques 3m 1/8,1,oui,,804091
douelles à barriques neuves,1,oui,,804091
douelles à barriques vieilles,3,oui,,804091
douelles à bottes,1,oui,,804091
douelles à bure,1,oui,,804091
douelles à buses,2,oui,,804091
douelles à cave,1,oui,,804091
douelles à cuve,1,oui,,804091
douelles à fond,12,oui,,804091
douelles à fonds,9,oui,,804091
douelles à pièce,1,oui,,804091
douelles à pipes,70,oui,,804091
douelles à poinçons,1,oui,,804091
douelles à quart,7,oui,,804091
douelles à tierçons,3,oui,,804091
douelles à tonneau,167,oui,,804091
douelles à tonneau vieilles,1,oui,,804091
douelles de 4 pieds,1,non,,804091
douelles de 5 pieds,1,non,,804091
douelles de chêne,3,non,,804091
douelles de chêne de 3 pieds,1,non,,804091
douelles de chêne de 4 pieds,1,non,,804091
douelles de chêne de 5 pieds,1,non,,804091
douelles de sapin,17,non,,804091
douelles de sapin de 3 pieds,1,non,,804091
douelles en barriques,1,oui,,804091
douelles fonçaille,2,non,,804091
douelles fonçaille 2m 1/2,1,oui,,804091
douelles ganivelles,6,oui,,804091
douelles merrains à quart,1,oui,,804091
douelles merrains pour quarts,1,oui,,804091
douelles pour barils,53,non,,804091
douelles pour barricages,1,non,,804091
douelles pour barrique,2,non,,804091
douelles pour barriques,349,non,,804091
douelles pour barriques 3m 1/8,1,non,,804091
douelles pour barriques neuves,1,non,,804091
douelles pour barriques vieilles,3,non,,804091
douelles pour bœuf,2,non,,804091
douelles pour bordage,1,non,,804091
douelles pour bottes,2,non,,804091
douelles pour bure,1,non,,804091
douelles pour buses,3,non,,804091
douelles pour cave,1,non,,804091
douelles pour cuve,1,non,,804091
douelles pour fonds,20,non,,804091
douelles pour pièce,1,non,,804091
douelles pour pipes,293,non,,804091
douelles pour poinçons,1,non,,804091
douelles pour quarts,51,non,,804091
douelles pour tierçons,16,non,,804091
douelles pour tonneau,11,non,,804091
douelles pour tonneaux,179,non,,804091
douelles pour tonneaux vieilles,1,non,,804091
douelles vieilles,4,non,,804091
douelles vieilles à barriques,3,oui,,804091
douelles vieilles pour barriques,3,non,,804091
dousoutis,1,non,,804091
doutis,9,non,,804091
doutis blancs,2,non,,804091
doutis bleus,1,non,,804091
douvain,1,non,,804091
douvelles,1,non,,804091
douvelles de sapin,1,non,,804091
douves,3,non,,804091
douves à tonneaux,4303,non,,804091
douves de deux pouces,2,non,,804091
douves de la foire de Beaucaire,1,non,,804091
douves vielles,1,non,,804091
dracodium,1,non,,804091
dragées,141,non,,804091
dragées de Keyser,3,non,,804091
dragonnes,3,non,,804091
dragonnes d'épée,1,non,,804091
drague de bière,2,non,,804091
drague de soie,1,non,,804091
drap,1432,non,milieu de gamme,43973
drap ???,1,non,,804091
drap 20 lignes,1,oui,,804091
drap à doubler,4,non,,804091
drap à la valeur,1,oui,,804091
drap à matelot,1,non,,804091
drap à nègre,2,non,,804091
drap à sucre,8,non,,804091
drap anglais,1,non,,804091
drap au ??? de soie,0,non,,804091
drap au quart de soie,3,non,,804091
drap au sixième de soie,7,non,,804091
drap avarié,7,non,,804091
drap blanc,126,non,,804091
drap blanc d'Espagne,3,non,,804091
drap blanc de Bremer,4,non,,804091
drap blanc de douzaine,26,non,,804091
drap blanc de Hollande,1,non,,804091
drap blanc de laine,1,oui,,804091
drap blanc du Nord,3,non,,804091
drap blanc et écarlate,1,non,,804091
drap blanc fin,2,non,,804091
drap bleu,4,non,,804091
drap bleu gros,1,non,,804091
drap bouthouchou,1,non,,804091
drap brodé au ciseau en soie,1,non,,804091
drap brodé de soie,20,non,milieu de gamme,43973
drap brodé en or et argent,5,non,,804091
drap buras,1,non,,804091
drap bure,1,non,,804091
drap cad ???,1,non,,804091
drap cammise,2,non,,804091
drap commun,344,non,milieu de gamme,43973
drap commun d'Angleterre,1,non,,804091
drap cosinis,1,non,,804091
drap crêpe,2,non,,804091
drap crêpe de Reims,4,non,,804091
drap d',3,non,,804091
drap d'Abbeville,116,non,haut de gamme,12084
drap d'Abbeville Valenciennes,1,non,,804091
drap d'Amboise,1,non,,804091
drap d'Amiens,38,non,milieu de gamme,43973
drap d'Andelys,28,non,,804091
drap d'Angleterre,36,non,,804091
drap d'Angleterre des prises,3,non,,804091
drap d'Angleterre et drap d'Espagne et drap de Hollande,11,non,,804091
drap d'Angleterre noir,1,non,,804091
drap d'argent et d'or et de soie,1,non,,804091
drap d'Arnetal,12,non,milieu de gamme,43973
drap d'aucrin,1,non,,804091
drap d'Aumale,2,non,,804091
drap d'Auvergne,1,non,,804091
drap d'Elbeuf,614,non,haut de gamme,12084
drap d'Elbeuf de retour,2,non,,804091
drap d'Elbeuf de velours,1,non,,804091
drap d'Espagne,18,non,,804091
drap d'Espagne teint,3,non,,804091
drap d'estames,1,non,,804091
drap d'étoupes,1,oui,,804091
drap d'or et d'argent fin,2,non,,804091
drap Damas,1,non,,804091
drap dauphine,113,non,bas de gamme,18109
drap de ?,0,non,,804091
drap de 20 lignes,1,non,,804091
drap de Beauvais,12,non,,804091
drap de Bergopzoom,1,non,,804091
drap de billard,2,non,,804091
drap de Bolbec,1,non,,804091
drap de Bourbon,1,non,,804091
drap de bourbon peint,1,non,,804091
drap de Carcassonne,224,non,milieu de gamme,43973
drap de Carcassonne de 20 aunes,1,non,,804091
drap de Carcassonne et écarlate,1,non,,804091
drap de Carcassonne fin,1,non,,804091
drap de castor,83,non,,804091
drap de cave à l'homme,1,non,,804091
drap de cérémonie,2,non,,804091
drap de Champagne,1,non,,804091
drap de Cherbourg,1,non,,804091
drap de Cobras gros,1,non,,804091
drap de Colmar,7,non,,804091
drap de coton,21,non,milieu de gamme,43973
drap de coton de Rouen,1,non,,804091
drap de coton et de fil,2,non,,804091
drap de coton et étoffe de coton,25,non,milieu de gamme,43973
drap de coton et teint,1,non,,804091
drap de coton et velours,1,non,,804091
drap de coton et velours de coton,5,non,,804091
drap de coton imprimé,4,non,,804091
drap de Cours,1,non,,804091
drap de Darnétal,54,non,,804091
drap de dauphine,1,non,,804091
drap de dorure et soie,1,non,,804091
drap de douzaine,15,non,,804091
drap de douzaine teint,13,non,,804091
drap de droguet,18,oui,,804091
drap de Falaise,3,non,,804091
drap de fil rouge,1,non,,804091
drap de fil vieux,1,non,,804091
drap de France,92,non,milieu de gamme,43973
drap de Glasier,1,oui,,804091
drap de Glaster,4,non,,804091
drap de glaster,0,oui,,804091
drap de glastes,2,oui,,804091
drap de Glates,1,oui,,804091
drap de Glouster,0,oui,,804091
drap de Hollande,12,non,,804091
drap de Hollande teint,11,non,,804091
drap de julienne,21,non,milieu de gamme,43973
drap de Korook,1,non,,804091
drap de la Bouille,2,non,,804091
drap de laie,3,oui,,804091
drap de laine,11,non,milieu de gamme,43973
drap de laine ???,1,oui,,804091
drap de laine au ??? de soie,0,oui,,804091
drap de laine au quart de soie,3,oui,,804091
drap de laine avarié,1,oui,,804091
drap de laine brodé de soie,1,oui,,804091
drap de laine capots capots,1,oui,,804091
drap de laine commun,273,oui,,804091
drap de laine d'Amiens,10,oui,,804091
drap de laine d'Andelys,9,oui,,804091
drap de laine d'Angleterre,2,oui,,804091
drap de laine d'Auvergne,1,oui,,804091
drap de laine de 20 lignes,1,oui,,804091
drap de laine de Beauvais,5,oui,,804091
drap de laine de Carcassonne,1,oui,,804091
drap de laine de Cours,1,oui,,804091
drap de laine de dorure et soie,1,oui,,804091
drap de laine de Lille,15,oui,,804091
drap de laine de Louviers,123,oui,haut de gamme,12084
drap de laine de Lyon,2,oui,,804091
drap de laine de Montauban,21,oui,,804091
drap de laine de Nanrabais,4,oui,,804091
drap de laine de Poitou,1,oui,,804091
drap de laine de Reims,1,oui,,804091
drap de laine de Saint-Maixant,1,non,,804091
drap de laine de Saint-Robert,12,oui,haut de gamme,12084
drap de laine de Sedan,0,oui,,804091
drap de laine de Van Robais,51,oui,haut de gamme,12084
drap de laine de Vir,1,oui,,804091
drap de laine des prises,1,oui,,804091
drap de laine diverse,0,oui,,804091
drap de laine draperie diverse,0,oui,,804091
drap de laine du Languedoc,2,oui,,804091
drap de laine écarlate,7,oui,,804091
drap de laine élastique,1,non,,804091
drap de laine en échantillon et lisères,1,oui,,804091
drap de laine et de soie,1,non,,804091
drap de laine et petits et étoffe,66,oui,milieu de gamme,43973
drap de laine fin,108,oui,haut de gamme,12084
drap de laine fin et drap de laine,1,oui,,804091
drap de laine fin ordinaire et petit,1,oui,,804091
drap de laine frac,2,oui,,804091
drap de laine gros,2,oui,,804091
drap de laine grossier,4,oui,,804091
drap de laine iada,1,oui,,804091
drap de laine layette,5,oui,,804091
drap de laine molleton,47,oui,,804091
drap de laine motton,8,oui,,804091
drap de laine moutade,1,oui,,804091
drap de laine ordinaire,387,oui,,804091
drap de laine peint,2,oui,,804091
drap de laine petit,704,oui,,804091
drap de laine pour billau,1,oui,,804091
drap de laine pour doublures,3,oui,,804091
drap de laine pour les troupes,4,oui,,804091
drap de laire grossier,2,oui,,804091
drap de Languedoc,159,non,milieu de gamme,43973
drap de Languedoc de velours,1,non,,804091
drap de Languedoc ordinaire,1,non,,804091
drap de Languenan,1,non,,804091
drap de Latte,1,non,,804091
drap de Lille,34,non,,804091
drap de Limbourg,16,non,,804091
drap de Limoux,3,non,,804091
drap de lin,13,non,,804091
drap de lin ayant servi,2,non,,804091
drap de lin vieux,9,non,,804091
drap de linge commun,1,non,,804091
drap de lit,71,non,,804091
drap de lit ayant servi,2,non,,804091
drap de lit commun,1,non,,804091
drap de lit de lin,1,non,,804091
drap de lit neuf,1,non,,804091
drap de lit ou linceuls,2,non,,804091
drap de lit toile de lin,1,non,,804091
drap de lit vieux,37,non,,804091
drap de Lodève,24,non,,804091
drap de Louviers,394,non,haut de gamme,12084
drap de Louviers au sixième de soie,1,non,,804091
drap de Lyon,4,non,,804091
drap de Maroc,1,non,,804091
drap de montagne,7,oui,,804091
drap de Montauban,36,non,milieu de gamme,43973
drap de Moucu,3,non,,804091
drap de Nanrabais,4,non,,804091
drap de Nîmes,1,non,,804091
drap de Nison,1,non,,804091
drap de Normandie,2,non,,804091
drap de pagnon,1,non,,804091
drap de Panguede,4,non,,804091
drap de Picardie,71,non,,804091
drap de Poitou,2,non,,804091
drap de Reims,1,non,,804091
drap de Reims fil ???,1,non,,804091
drap de Rome,1,non,,804091
drap de Romorantin,1,non,,804091
drap de Rouen,28,non,,804091
drap de Saint-Lô,1,non,,804091
drap de Saint-Robert,12,non,,804091
drap de Sedan,313,non,haut de gamme,12084
drap de Sedan 220 lignes,1,non,,804091
drap de Sedan 25 lignes,1,non,,804091
drap de Sedan 78 lignes,1,non,,804091
drap de Sedan de retour,1,non,,804091
drap de Sedan de velours,1,non,,804091
drap de Ségovie,1,non,,804091
drap de Silésie,204,non,milieu de gamme,43973
drap de Sir,2,non,,804091
drap de soie,13,non,,804091
drap de Soudrain,6,non,,804091
drap de Souvier,1,non,,804091
drap de toile de lin,1,non,,804091
drap de Tours,1,non,,804091
drap de Van Robais,72,non,,804091
drap de vere,2,non,,804091
drap de vigogne,1,non,,804091
drap de Vir,19,non,,804091
drap demi fin de laine,1,non,,804091
drap des prise,11,oui,,804091
drap des prises,17,non,,804091
drap divers ???,8,non,,804091
drap divers de laine,11,oui,,804091
drap drache,9,non,,804091
drap drapée,4,non,,804091
drap draperie ???,1,oui,,804091
drap du Berry,4,non,,804091
drap du Dauphiné,1,non,,804091
drap du Languedoc,2,non,,804091
drap du Languedoc de velours,1,oui,,804091
drap du Languedoc ordinaire,1,oui,,804091
drap du Nord,12,non,,804091
drap du Nord teint,6,non,,804091
drap du pays,1,non,,804091
drap du Poitou,1,oui,,804091
drap du sceau,1,non,,804091
drap écarlate,182,non,milieu de gamme,43973
drap écarlate de France,2,non,,804091
drap écarlate des prises,1,non,,804091
drap écarlate et du Languedoc,1,non,,804091
drap en échantillon et lisères,1,non,,804091
drap et drap de laine et tricots,2,oui,,804091
drap et draperie,6,oui,,804091
drap et draperie casinier,2,non,,804091
drap et draperie de laine,12,non,,804091
drap et étoffe,3,oui,,804091
drap et étoffe de laine,9,non,,804091
drap et mouchoir de soie,1,non,,804091
drap et petits et étoffe de laine,66,non,,804091
drap et tricots,2,non,,804091
drap et velours de coton,1,non,,804091
drap étranger,3,non,,804091
drap fin,151,non,haut de gamme,12084
drap fin blanc,1,non,,804091
drap fin de la manufacture de France,4,non,,804091
drap fin du Languedoc,23,non,milieu de gamme,43973
drap fin et drap,1,non,,804091
drap fin et draperie,1,oui,,804091
drap fin ordinaire et petit,1,non,,804091
drap fin ordinaire et petite,1,oui,,804091
drap fins de laine,62,non,haut de gamme,12084
drap frac,2,non,,804091
drap gaufré,2,non,,804091
drap gros,4,non,,804091
drap gros de laine,5,non,,804091
drap grossier,7,non,,804091
drap iada,1,non,,804091
drap imprimé,6,non,,804091
drap layette,5,non,,804091
drap londrin,333,non,milieu de gamme,43973
drap londrin second,1,non,,804091
drap moine,1,non,,804091
drap molleton,47,oui,milieu de gamme,43973
drap motton,8,non,,804091
drap moutade,1,non,,804091
drap native divers,3,non,,804091
drap naturel commun,3,non,,804091
drap naturel de Sedan,1,non,,804091
drap naturel diverses,2,non,,804091
drap naturel Sirre,2,non,,804091
drap noir,5,non,,804091
drap noir de Sedan,1,non,,804091
drap noir grossier,1,non,,804091
drap ordinaire,395,non,milieu de gamme,43973
drap ordinaires de laine,70,oui,milieu de gamme,43973
drap palencourt,1,non,,804091
drap peint,2,non,,804091
drap petit,754,non,milieu de gamme,43973
drap petit de Languedoc,1,non,,804091
drap petit de mains,1,non,,804091
drap petit de Montauban,1,non,,804091
drap petit de Sedan,1,non,,804091
drap petit de Silésie,33,non,milieu de gamme,43973
drap petit londrin,1,non,,804091
drap petit raze de Maroc,12,non,milieu de gamme,43973
drap platine,2,non,,804091
drap pour billau,1,non,,804091
drap pour doublures,3,non,,804091
drap pour les troupes,4,non,,804091
drap rouge,1,non,,804091
drap rouge bariolé,1,non,,804091
drap teint,323,non,,804091
drap teint d'Espagne et de Hollande,28,non,,804091
drap terlaine,1,non,,804091
drap uni,1,non,,804091
drap vert,2,non,,804091
drap vieux,3,non,,804091
drap vieux pour l'entrepôt pour la Guinée,1,non,,804091
drape petite,2,non,,804091
drapeaux,10,non,,804091
drapeaux vieux,119,non,bas de gamme,18109
drapeaux vieux pour papeterie,1,non,,804091
draperie et futaine,8,oui,,804091
draps d'étoupes,1,non,,804091
draps de laine de Reims,1,non,,804091
drêche,3,non,,804091
drêche de bière,28,non,,804091
drilles,3,non,,804091
drogue médicinale,32,oui,,804091
drogues,2954,non,,804091
drogues ???,2,non,,804091
drogues à peindre,1,non,,804091
drogues à teindre,20,non,,804091
drogues chimiques,16,non,,804091
drogues chimiques et métalliques,22,non,,804091
drogues chimiques et métalliques diverses,1,non,,804091
drogues chimiques et métalliques sublimé,0,non,,804091
drogues colorantes,2,non,,804091
drogues communes,17,non,,804091
drogues composées,3,non,,804091
drogues composées pour médecine ???,2,non,,804091
drogues composées pour médecine précipité,2,oui,,804091
drogues d'apothicaire,69,non,,804091
drogues d'apothicaire communes,2,non,,804091
drogues de misme,1,non,,804091
drogues des Indes,4,non,,804091
drogues diverses,15,non,,804091
drogues diverses citronal,1,non,,804091
drogues diverses composées,2,non,,804091
drogues diverses médicinales,5,oui,,804091
drogues diverses pour peintures et teinture,2,oui,,804091
drogues diverses réunies,635,non,,804091
drogues du Languedoc,1,non,,804091
drogues en plantes,6,non,,804091
drogues et épicerie,12,non,,804091
drogues et épiceries diverses pour peintures et teinture,2,oui,,804091
drogues et graine diverses,5,non,,804091
drogues et jus et sirop de cerise et de grenade,1,non,,804091
drogues et soie et laine,1,non,,804091
drogues fines,14,non,,804091
drogues galle,1,non,,804091
drogues gomme médicinales diverses,1,non,,804091
drogues gomme métalliques diverses,1,non,,804091
drogues médicales naturelles,15,non,,804091
drogues médicinales,300,non,,804091
drogues médicinales ???,1,non,,804091
drogues médicinales bol,1,non,,804091
drogues médicinales casse en ???,0,non,,804091
drogues médicinales en plantes diverses,11,non,,804091
drogues médicinales en rhubarbe composée,3,non,,804091
drogues métalliques,8,non,,804091
drogues métalliques ???,8,non,,804091
drogues métalliques et chimiques,3,non,,804091
drogues odorantes,2,non,,804091
drogues pour la Compagnie des Indes,1,non,,804091
drogues pour la médecine,1,oui,,804091
drogues pour la teinture,11,non,,804091
drogues pour les peintures et la teinture fnée platte,3,non,,804091
drogues pour les peintures et teinture gande,2,oui,,804091
drogues pour peintures,26,non,,804091
drogues pour peintures et coiffures,5,non,,804091
drogues pour peintures et la teinture,6,oui,,804091
drogues pour peintures et teinture,231,non,,804091
drogues pour peintures et teinture ???,3,non,,804091
drogues pour peintures et teinture composite,1,oui,,804091
drogues pour peintures et teinture diverses,12,oui,,804091
drogues pour peintures et teinture pae ???,1,non,,804091
drogues pour peintures et teinture semence,2,non,,804091
drogues pour teinture,1,non,,804091
droguet,6,non,,804091
droguet d'Angleterre,2,non,,804091
droguet de castor,2,non,,804091
droguet de coton et de soie,1,non,,804091
droguet de fil de laine,3,non,,804091
droguet de fil et de laine,21,non,,804091
droguet de Hollande,8,non,,804091
droguet de laine,136,non,milieu de gamme,43973
droguet de laine des prises,1,non,,804091
droguet de milan,1,non,,804091
droguet de soie,24,non,bas de gamme,18109
droguet des prises,1,non,,804091
droguet en fil,1,non,,804091
droguet en laine,1,non,,804091
droguet et raze de Maroc,36,non,,804091
droit sur vin de Blaye,1,non,,804091
droit sur vinaigre,2,non,,804091
drol et drouel,67,non,,804091
duc-d'Albe,7,non,,804091
duc-d'Albe de grés,1,non,,804091
duc-d'Albe de terre,1,non,,804091
ducatons,1,non,,804091
duffel,10,non,,804091
duffel teint,68,non,,804091
durance grosse étoffe de laine,1,non,,804091
duves,1,non,,804091
duvet,25,non,,804091
duvet de plumes,2,non,,804091
duvet de plumes de canard cygne et oie,5,non,,804091
duvet fin,1,non,,804091
duyvelsteen,1,non,,804091
duyvelsterck,20,non,,804091
e ???,2,non,,804091
eau,21,non,,804091
eau ???,1,non,,804091
eau à noirir tabac,7,non,,804091
eau citronnelle,2,non,,804091
eau coclearia,1,non,,804091
eau cordiale,8,non,,804091
eau d'anis,9,non,,804091
eau d'arc,1,non,,804091
eau d'arquebusade,35,non,,804091
eau d'aspic,1,non,,804091
eau d'Esquebat,2,non,,804091
eau d'odeur,2,non,,804091
eau d'orange,1,non,,804091
eau de ???,1,non,,804091
eau de balaruc,88,non,,804091
eau de Barbade,15,non,,804091
eau de bergamote,3,non,,804091
eau de Bristol,6,non,,804091
eau de Bristol des prises,1,non,,804091
eau de bronze,1,non,,804091
eau de Bussang,1,non,,804091
eau de Bussingue,8,non,,804091
eau de cannelle,4,non,,804091
eau de Cap Breton,1,non,,804091
eau de Carmes,3,non,,804091
eau de cédrat,1,non,,804091
eau de cèdre,7,non,,804091
eau de cerise,28,non,,804091
eau de Charente,2,non,,804091
eau de citron,46,non,,804091
eau de citron distillée,1,non,,804091
eau de citronnelle,32,non,,804091
eau de coclearia,8,non,,804091
eau de Cologne,25,non,,804091
eau de composition,1,non,,804091
eau de Cordoue,4,non,,804091
eau de feuilles d'orange,5,non,,804091
eau de fleurs,1,non,,804091
eau de fleurs d'oranger,545,non,,804091
eau de fleurs de myrte,2,non,,804091
eau de fleurs de senteur,1,non,,804091
eau de fleurs fortes,1,non,,804091
eau de garance,2,non,,804091
eau de genièvre,11,non,,804091
eau de grains,1,non,,804091
eau de Hongrie,7,non,,804091
eau de hongrie,2,non,,804091
eau de jasmin,1,non,,804091
eau de la Côte,1,non,,804091
eau de la reine de Hongrie,28,oui,,804091
eau de lavande,171,non,,804091
eau de limon,1,non,,804091
eau de liqueur,1,non,,804091
eau de Marquette,2,non,,804091
eau de mélisse,172,non,,804091
eau de mer,1,non,,804091
eau de miel,1,non,,804091
eau de myrrhe,2,non,,804091
eau de naffle,1,oui,,804091
eau de naphe,2,non,,804091
eau de Naples,1,oui,,804091
eau de nard,2,non,,804091
eau de nard et de naphe,1,non,,804091
eau de Philippine,1,non,,804091
eau de pin,26,non,,804091
eau de Plombières,2,non,,804091
eau de poix,6,non,,804091
eau de poix raze,1,non,,804091
eau de raisin,72,non,,804091
eau de raison,1,non,,804091
eau de rave,2,oui,,804091
eau de raze,4,oui,,804091
eau de résine,8,non,,804091
eau de Rochefort,1,non,,804091
eau de romarin,4,non,,804091
eau de rose,155,non,,804091
eau de rose essence de térébenthine,2,non,,804091
eau de Seltzer,7,non,,804091
eau de senlaw,11,non,,804091
eau de senteur,469,non,,804091
eau de senteur alcoolique,3,non,,804091
eau de senteur alcoolique autre que Cologne et lavande,2,non,,804091
eau de senteur de bergamote,1,non,,804091
eau de senteur de citron,1,non,,804091
eau de senteur de la reine de Hongrie,583,non,,804091
eau de senteur de lavande,7,non,,804091
eau de senteur de nard,1,oui,,804091
eau de senteur en flacons,1,non,,804091
eau de senteur et essence,2,non,,804091
eau de senteur et quintessence,123,non,,804091
eau de senteur rose,2,non,,804091
eau de senteur sans alcool,3,non,,804091
eau de senteur sans alcool autre que fleurs d'oranger,2,non,,804091
eau de senteur sans pareille,2,non,,804091
eau de Spa,28,non,,804091
eau de tartre,8,non,,804091
eau de térébenthine,1,non,,804091
eau de toilette,11,non,,804091
eau de val,1,non,,804091
eau de vertu,1,non,,804091
eau des Carmes,36,non,,804091
eau des cavernes,5,non,,804091
eau des cavernes en fiole,0,non,,804091
eau des farmes,3,non,,804091
eau distillée,12,non,,804091
eau distillée alcoolique,2,non,,804091
eau distillée sans alcool,10,non,,804091
eau distillée sans alcool autres que fleurs d'oranger,2,non,,804091
eau diverse,7,non,,804091
eau divine,6,non,,804091
eau du Rhône,1,non,,804091
eau et essence,7,non,,804091
eau et essence et huile spiritueuse,2,non,,804091
eau et essence spiritueuse,1,non,,804091
eau et huile spiritueuse,62,non,,804091
eau ferrée,2,non,,804091
eau gazeuse,1,non,,804091
eau magistrale,1,non,,804091
eau médicinale,94,non,,804091
eau médicinale cordiale,1,non,,804091
eau médicinale d'arquebusan,2,oui,,804091
eau médicinale de cannelle,1,non,,804091
eau médicinale de Chypre,1,non,,804091
eau médicinale de coclearia,1,non,,804091
eau médicinale de genièvre,1,non,,804091
eau médicinale de marquette,1,non,,804091
eau médicinale de mélisse,10,non,,804091
eau médicinale de pin,1,non,,804091
eau médicinale de raisin,2,non,,804091
eau médicinale de Seltzer,1,non,,804091
eau médicinale et minérale,24,non,,804091
eau mélisse,3,non,,804091
eau minérale,210,non,,804091
eau minérale de Bristol,1,non,,804091
eau ocgeniente,1,non,,804091
eau octaze,3,non,,804091
eau Plombières,1,oui,,804091
eau pour la goutte,1,non,,804091
eau pour remède,1,non,,804091
eau royale,1,non,,804091
eau sans pareille,7,non,,804091
eau sederale,1,non,,804091
eau spiritueuse,14,non,,804091
eau spiritueuse et essence,9,non,,804091
eau vulnéraire,20,non,,804091
eau-de-vie,11204,non,,804091
eau-de-vie anisette,1,non,,804091
eau-de-vie antiscorbutique,1,non,,804091
eau-de-vie commune,18,non,,804091
eau-de-vie composée,1,non,,804091
eau-de-vie d'Espagne,3,non,,804091
eau-de-vie d'Hendaye,61,non,,804091
eau-de-vie d'Hendaye et simple,2,non,,804091
eau-de-vie d'Oléron,3,non,,804091
"eau-de-vie de ""?"" en pots",3,non,,804091
eau-de-vie de Charente,89,non,,804091
eau-de-vie de cidre,6,non,,804091
eau-de-vie de Cognac,13,non,,804091
eau-de-vie de Dantzig,5,non,,804091
eau-de-vie de genièvre,62,non,,804091
eau-de-vie de genièvre et de grains,5,non,,804091
eau-de-vie de genièvre relifiée,1,non,,804091
eau-de-vie de genièvre simple,5,non,,804091
eau-de-vie de grains,5,non,,804091
eau-de-vie de grains autre que genièvre,1,non,,804091
eau-de-vie de grains et simple,1,non,,804091
eau-de-vie de lavande et simple,1,non,,804091
eau-de-vie de Marennes,3,non,,804091
eau-de-vie de mélasse rhum et tafia,3,non,,804091
eau-de-vie de Ré,79,non,,804091
eau-de-vie de Rochefort,20,non,,804091
eau-de-vie de vin,42,non,,804091
eau-de-vie de vin au-dessus de 32 degrés,3,non,,804091
eau-de-vie de vin de 22 degrés à 32,3,non,,804091
eau-de-vie de vin de 22 degrés ou moins,3,non,,804091
eau-de-vie de vin par Marseille,1,non,,804091
eau-de-vie des prises,1,non,,804091
eau-de-vie diverse,3,non,,804091
eau-de-vie double,70,non,,804091
eau-de-vie en bouteille simple,1,non,,804091
eau-de-vie et liqueurs,41,non,,804091
eau-de-vie et rhum,6,non,,804091
eau-de-vie et rhum et tafia,13,non,,804091
eau-de-vie par Marseille,1,non,,804091
eau-de-vie raffinée,10,non,,804091
eau-de-vie rectifiée,5,non,,804091
eau-de-vie royale,4,non,,804091
eau-de-vie scorbutique,1,non,,804091
eau-de-vie simple,338,non,,804091
eau-de-vie simple de vin,1,non,,804091
eau-de-vie spiritueuse,1,non,,804091
eau-de-vie triple,2,non,,804091
eau-forte,529,non,,804091
eau-forte huile de vitriol le dania,1,non,,804091
ébénisterie,1,non,,804091
écaille,117,non,,804091
écaille ???,4,non,,804091
écaille au caret,1,oui,,804091
écaille cahouanne,1,non,,804091
écaille d'ablette,1,non,,804091
écaille de ???,1,non,,804091
écaille de cahouanne,44,non,,804091
écaille de caret,16,non,,804091
écaille de poisson,6,non,,804091
écaille de tortue,442,non,,804091
écaille de tortue caret,1,non,,804091
écaille de tortue en carapace,7,non,,804091
écaille de tortue en carapace de l'étranger,1,non,,804091
écaille de tortue et nacre de perle,12,non,,804091
écaille de tortue onglons,3,non,,804091
écaille de tortue onglons et rognures,2,non,,804091
écaille de tortue rognures,3,non,,804091
écaille octomie,4,non,,804091
écaille ou caret,4,non,,804091
écarlate,2,non,,804091
écarlatine,17,non,,804091
écarlatine de Beauvais,1,non,,804091
écarlatine du Languedoc,2,non,,804091
écarts de bœuf,2,non,,804091
échalas,38,non,,804091
échalas de bois,1,non,,804091
échalote,43,non,,804091
échantillons et morceaux de soie,76,non,,804091
écharpe de soie,2,non,,804091
écharpe de taffetas,1,non,,804091
écharpe et gaze,1,non,,804091
écharpe pour femme,1,non,,804091
échaussillons,1,non,,804091
échelles,5,non,,804091
échelles anglaises,1,non,,804091
échelles de 8 pieds,0,non,,804091
échelles de bois,2,non,,804091
échelles de bois de 10 pieds,0,non,,804091
échelles de route,1,non,,804091
échouements et prises,2,oui,,804091
éclisses de bois,6,non,,804091
écluses de fer,1,non,,804091
écope,0,non,,804091
écopes,50,non,,804091
écopes de sapin,2,non,,804091
écorce,65,non,,804091
écorce à tan moulue,4,non,,804091
écorce à tan non moulue,7,non,,804091
écorce à tanner,62,non,,804091
écorce autre que citron orange et leurs variété et quinquina,2,non,,804091
écorce d'arbre,45,non,,804091
écorce d'arbre de gaïac,1,non,,804091
écorce d'arbre étoffe,4,non,,804091
écorce d'arbre rayée,2,non,,804091
écorce d'orange,108,non,,804091
écorce d'orange et de citron,3,non,,804091
écorce d'orange séchée,121,non,,804091
écorce d'orange sergal,3,non,,804091
écorce de bergamote,9,non,,804091
écorce de bois,15,non,,804091
écorce de bois de fer,3,non,,804091
écorce de boutard,1,non,,804091
écorce de cacao,145,non,,804091
écorce de câpres,1,non,,804091
écorce de cédrat,6,non,,804091
écorce de cèdre,3,non,,804091
écorce de chanvre,4,non,,804091
écorce de chêne,221,non,,804091
écorce de chêne moulue,98,non,,804091
écorce de chêne pilée,1,non,,804091
écorce de citron,100,non,,804091
écorce de citron confite,13,non,,804091
écorce de citron et d'orange,16,non,,804091
écorce de citron et d'orange et de leurs variétés,44,non,,804091
écorce de citron non épluché,1,non,,804091
écorce de citron sèche,2,non,,804091
écorce de gaïac,23,non,,804091
écorce de grande d'aulne et de bourdaine,5,non,,804091
écorce de grenade,13,non,,804091
écorce de limon,3,non,,804091
écorce de limon sec,1,oui,,804091
écorce de Magellan,2,non,,804091
écorce de mandragore,1,non,,804091
écorce de mélisse,1,non,,804091
écorce de pin,10,non,,804091
écorce de pin en poussière,0,oui,,804091
écorce de pin moulue,8,non,,804091
écorce de quinquina,58,non,,804091
écorce de simarouba,1,non,,804091
écorce de soie,2,non,,804091
écorce de tilleul,52,non,,804091
écorce de tilleul pour cordage,2,non,,804091
écorce de tilleul pour cordages,2,oui,,804091
écorce ou tau en poussière de pin,4,non,,804091
écorce pour tanner,19,non,,804091
écorce rayée,1,non,,804091
écorce unie,1,non,,804091
ecouette,1,non,,804091
ecouette de nattes,2,non,,804091
écouvillons,1,non,,804091
écrans,3,non,,804091
écrelet,1,non,,804091
écrevisses,2,non,,804091
écrevisses de mer,98,non,,804091
écrevisses de rivière,133,non,,804091
écritoire,7,non,,804091
écritoire de bois peint,1,non,,804091
écritoire de chagrin,1,non,,804091
écritoire de corne,1,non,,804091
écritoire de maroquin,1,non,,804091
écritoire garni d'or,2,non,,804091
écru de cerise,1,non,,804091
écuelles de terre,1,non,,804091
écuelles de vermillon,3,non,,804091
écume de verre,1,non,,804091
écumoires à sucre,2,non,,804091
écus à palme,6,non,,804091
édredon,1,non,,804091
édredon de plume,8,non,,804091
édredon et plumes,2,non,,804091
effets de troupes,1,non,,804091
effilé de fil,14,non,,804091
effilé de soie,5,non,,804091
effilé or fil,1,non,,804091
efforces à tondre,99,non,,804091
églefins,82,non,,804091
églefins salés,51,non,,804091
egoutals,1,non,,804091
egoutals de bois,1,non,,804091
égouttoirs,53,non,,804091
égouttoirs à fondre,1,non,,804091
égouttoirs de bois,2,non,,804091
egrat,1,non,,804091
egueluy,1,non,,804091
elatches,22,non,,804091
elbots,83,non,,804091
elbots salés,53,non,,804091
elegias,2,non,,804091
élixir,63,non,,804091
élixir de garus,4,non,,804091
élixir purgatif,2,non,,804091
ellébore,7,non,,804091
ellébore blanc,1,non,,804091
élocs de fer,2,non,,804091
émai en grabeaul,1,oui,,804091
émail,67,non,,804091
émail brut,3,non,,804091
émail en grabeau,1,non,,804091
émail en pain,1,non,,804091
emballage,2,non,,804091
embarcations à dépecer,5,non,,804091
embarcations avec agrès,20,non,,804091
embarcations en état de servir,2,non,,804091
embarcations et autres objets de marine,44,non,,804091
embarcations et voiles de navire,3,non,,804091
émeraudes brutes,1,non,,804091
émeraudes et opales taillées,1,non,,804091
émeraudes taillés,2,non,,804091
émeri,163,non,,804091
émeri en pierre,3,non,,804091
émeri en pierres,11,non,,804091
émeri en poudre,14,non,,804091
empeignes,5,non,,804091
empeignes brodées,1,non,,804091
empeignes brodées pour souliers,8,non,,804091
empeignes coupées pour empeignes,3,non,,804091
empeignes de souliers,11,non,,804091
empeignes de souliers brodés,1,non,,804091
empeignes de souliers imprimées,5,non,,804091
empeignes de toile,12,non,,804091
empeignes et talons de cuir coupés,2,non,,804091
empeignes peintes pour souliers,67,non,,804091
en bâtiments de mer,1,non,,804091
en pain,1,non,,804091
enamitte,1,non,,804091
encens,673,non,,804091
encens commun,4,non,,804091
encens des Indes,1,non,,804091
encens en encens,1,oui,,804091
encens en grabeau,133,non,,804091
encens en poudre,1,non,,804091
encens en poussière,4,non,,804091
enclumes,5,non,,804091
enclumes de fer,123,non,,804091
enclumes de fer et étaux de fer,1,non,,804091
encoignement,1,non,,804091
encoignures,5,non,,804091
encoignures de bois vernissé,1,non,,804091
encre,38,non,,804091
encre à dessiner en tablettes,3,non,,804091
encre à écrire,53,non,,804091
encre à écrire et à imprimer,13,non,,804091
encre à imprimer,3,non,,804091
encre commune,22,non,,804091
encre d'imprimerie,90,non,,804091
encre de la Chine,60,non,,804091
encre de la petite vertu,1,non,,804091
encre de Nankin,2,non,,804091
encre glassine,1,non,,804091
encre liquide à écrire ou à imprimer,4,non,,804091
encre odorante,1,non,,804091
encre rouge,4,non,,804091
encrin,0,non,,804091
endives,2,non,,804091
engins,16,non,,804091
engrais,49,non,,804091
engrais colombine,17,non,,804091
engrais divers,1,non,,804091
engrais en court fumier,1,non,,804091
engrais en fournelle,1,non,,804091
engrais en fumier de rue,1,non,,804091
engrais en pourette,1,non,,804091
engrais gru,1,non,,804091
entenolles,1,non,,804091
épagnolette simple,0,non,,804091
épaulettes,1,non,,804091
épaulettes d'argent,1,non,,804091
épaulettes d'or,1,non,,804091
épeautre,118,non,,804091
épeautre en gerbes,23,non,,804091
épée,32,non,,804091
épée à garde d'argent,4,non,,804091
épée à garde de cuivre doré,1,non,,804091
épée argentée,1,non,,804091
épée d'acier,2,non,,804091
épée d'argent,35,non,,804091
épée d'argent doré,1,non,,804091
épée d'argent et de cuivre,2,non,,804091
épée d'argent et de cuivre doré,1,non,,804091
épée de cuivre,5,non,,804091
épée de cuivre doré,6,non,,804091
épée masquinée,14,non,,804091
épée montée en acier,98,non,,804091
épée montée en argent,48,non,,804091
éperons,6,non,,804091
éperons et étriers,84,non,,804091
éperviers,1,non,,804091
épice,1,non,,804091
épice de Curons,3,non,,804091
épicerie,1167,non,,804091
épicerie commune,13,non,,804091
épicerie douce,9,non,,804091
épicerie fine,66,non,,804091
épices,1,non,,804091
épices préparées,2,non,,804091
épices préparées autres que moutarde et poudre de kari,1,non,,804091
épices préparées autres que moutarde et sauces épicées,2,non,,804091
epinelle,1,non,,804091
épines à planter,1,non,,804091
épinettes,9,non,,804091
épingles,427,non,,804091
épingles communes,3,non,,804091
épingles de laiton,4,non,,804091
épingles de mercerie fine,17,non,,804091
épingles en cuivre,2,non,,804091
épingoles,3,non,,804091
epiterie,7,non,,804091
éponges,727,non,,804091
éponges brutes,1,non,,804091
éponges communes,66,non,,804091
éponges communes et fines,6,non,,804091
éponges et tournesol,1,non,,804091
éponges fines,68,non,,804091
éponges grosses,1,non,,804091
épousterie,45,non,,804091
éprouvette de cuivre,1,non,,804091
epuigtion,1,non,,804091
équerre,2,non,,804091
equeurs,0,non,,804091
équille,2,non,,804091
équille pour voile pour la Compagnie de Guinée,2,non,,804091
equine,2,non,,804091
ergots de bœuf,14,non,,804091
ergots de caret,1,non,,804091
érnail,1,non,,804091
escabelles,2,non,,804091
escamitte,106,non,bas de gamme,18109
escamotte,4,non,,804091
escaralles,1,non,,804091
escarasse,33,non,,804091
escarbille,9,non,,804091
escargots,3,non,,804091
escargots et crekels,13,non,,804091
escarpins,1,non,,804091
escarpins de chambre,1,non,,804091
escayolles,380,non,,804091
esclapes,1,non,,804091
esclapes de bois,2,non,,804091
esclapes de pin,1,non,,804091
escope,24,non,,804091
escope cerise,1,non,,804091
escortines,5,non,,804091
escortines à huile,1,non,,804091
escortines d'espars,5,non,,804091
escortines de jonc,1,non,,804091
escosses,1,non,,804091
escot,7,non,,804091
escot de bois,1,non,,804091
escot de fer,6,non,,804091
escot de laine,3,non,,804091
escotins de bois,1,non,,804091
escoubes,1,non,,804091
espadrilles,9,non,,804091
espagnolette,264,non,milieu de gamme,43973
espagnolette à fleurs,1,non,,804091
espagnolette croisée,119,non,milieu de gamme,43973
espagnolette croisée et simple,3,non,,804091
espagnolette de laine,18,non,milieu de gamme,43973
espagnolette de laine croisée,4,non,,804091
espagnolette de laine lisse,2,non,,804091
espagnolette de laine simple,1,non,,804091
espagnolette des prises,2,non,,804091
espagnolette simple,83,non,milieu de gamme,43973
espars,743,non,,804091
espars de 10 à 15 pieds,2,non,,804091
espars de 10 pieds,1,non,,804091
espars de 11 à 20 pieds,2,non,,804091
espars de 12 à 15 pieds,1,non,,804091
espars de 14 à 16 pieds,1,non,,804091
espars de 14 pieds,1,non,,804091
espars de 15 à 16 pieds,1,non,,804091
espars de 15 à 20 pieds,3,non,,804091
espars de 15 à 25 centimètres,3,non,,804091
espars de 15 centimètres inclusivement à 25 exclusivement,5,non,,804091
espars de 16 à 36 pieds,1,non,,804091
espars de 17 pieds,1,non,,804091
espars de 18 à 20 pieds,4,non,,804091
espars de 18 à 36 pieds,1,non,,804091
espars de 18 pieds,7,non,,804091
espars de 20 à 22 pieds,2,non,,804091
espars de 20 à 25 pieds,4,non,,804091
espars de 20 à 25 pieds de long,3,non,,804091
espars de 20 à 26 pieds,1,non,,804091
espars de 20 à 30 pieds,1,non,,804091
espars de 20 pieds,3,non,,804091
espars de 24 à 36 pieds,1,non,,804091
espars de 24 pieds,2,non,,804091
espars de 25 à 26 pieds,1,non,,804091
espars de 25 à 30 pieds,5,non,,804091
espars de 26 à 28 pieds,1,non,,804091
espars de 26 pieds,2,non,,804091
espars de 27 pieds,1,non,,804091
espars de 28 à 30 pieds,1,non,,804091
espars de 28 à 36 pieds,1,non,,804091
espars de 28 pieds,1,non,,804091
espars de 3 à 4 pieds,1,non,,804091
espars de 30 à 35 pieds,1,non,,804091
espars de 30 à 40 pieds,2,non,,804091
espars de 30 pieds,9,non,,804091
espars de 35 à 46,1,non,,804091
espars de 35 pieds,2,non,,804091
espars de 36 à 40 pieds,1,non,,804091
espars de 4 à 5 pieds,1,non,,804091
espars de 40 à 45 pieds,1,non,,804091
espars de 40 à 50 pieds,3,non,,804091
espars de 40 pieds,1,non,,804091
espars de 45 pieds,2,non,,804091
espars de 5 à 6 pieds,1,non,,804091
espars de 55 pieds,1,non,,804091
espars de 56 à 61 pieds,1,non,,804091
espars de 8 à 9 pieds,1,non,,804091
espars de différente longueur,5,non,,804091
espars de sapin,33,non,,804091
espars de sapin de 15 pieds,1,non,,804091
espars de sapin de 18 pieds,1,non,,804091
espars de sapin de 20 pieds,1,non,,804091
espars de sapin de 24 pieds,1,non,,804091
espars de sapin de 25 pieds,1,non,,804091
espars de sapin de 30 pieds,1,non,,804091
espars de sapin de 37 pieds,0,non,,804091
espars de sapin de 45 pieds,1,non,,804091
espars divers,1,non,,804091
espars doubles,12,non,,804091
espars marmoyées en argent,1,non,,804091
espars petit,2,non,,804091
espars petits,1,non,,804091
espars pour construction,2,non,,804091
espars simple,4,non,,804091
espars simples,4,non,,804091
espèce monnayée ???,1,non,,804091
espèces,63,non,,804091
espèces d'argent,4,non,,804091
espingole,2,non,,804091
espions à sardines,6,non,,804091
esponton,6,non,,804091
esprit,0,non,,804091
esprit d'absinthe,1,non,,804091
esprit de bergamote,152,non,,804091
esprit de cédrat,2,non,,804091
esprit de citron,129,non,,804091
esprit de coclearia,9,non,,804091
esprit de corne de cerf,3,non,,804091
esprit de coton,1,non,,804091
esprit de feuilles d'orange,1,non,,804091
esprit de fil,1,non,,804091
esprit de fleurs d'oranger,9,non,,804091
esprit de lavande,3,non,,804091
esprit de limon,4,non,,804091
esprit de miroly,1,non,,804091
esprit de myrrhe,1,non,,804091
esprit de myrthe,1,non,,804091
esprit de nitre,12,non,,804091
esprit de romarin,4,non,,804091
esprit de sel,13,non,,804091
esprit de sel ammoniac,2,non,,804091
esprit de sel marin,1,non,,804091
esprit de soufre,11,non,,804091
esprit de taffia,2,oui,,804091
esprit de tafia,3,non,,804091
esprit de tamarin,1,non,,804091
esprit de vitriol,57,non,,804091
esprit-de-vin,157,non,,804091
esprots,4,non,,804091
esprots fumés,7,non,,804091
esprots pressés,1,non,,804091
espuirie,0,non,,804091
esquilles,1,non,,804091
esquine,31,non,,804091
essandoles,1,non,,804091
essence,336,non,,804091
essence aromatique,6,non,,804091
essence au bruit aromatique,1,non,,804091
essence d'anis,1,non,,804091
essence de bergamote,6,non,,804091
essence de cannelle,6,non,,804091
essence de cendre de bois,38,non,,804091
essence de citron,47,non,,804091
essence de fleurs d'orange,1,non,,804091
essence de girofle,6,non,,804091
essence de jasmin,11,non,,804091
essence de lavande,2,non,,804091
essence de limon,5,non,,804091
essence de muscade,1,non,,804091
essence de paruce,1,non,,804091
essence de pommade,1,non,,804091
essence de romarin,1,non,,804091
essence de rose,8,non,,804091
essence de soie,1,non,,804091
essence de térébenthine,36,non,,804091
essence de térébenthine et huile de térébenthine,85,non,,804091
essence de thym,1,non,,804091
essence de vitriol,15,non,,804091
essence et huile de térébenthine,184,non,,804091
essence et pommade,3,non,,804091
essence odorante,2,non,,804091
essence odoriférante,1,non,,804091
essence ou esprit de citron,1,non,,804091
essence vitriolique et vitriol huile,9,non,,804091
essieux,93,non,,804091
essieux à cabrouets,2,non,,804091
essieux de fer,73,non,,804091
estagnons,4,non,,804091
estagnons de cuivre allié,1,non,,804091
estampes,344,non,,804091
estampes en feuilles,1,non,,804091
estampes encadrées,2,non,,804091
estampes et cartes géographiques,14,non,,804091
estampes et gravures,44,non,,804091
estampes et images,1,non,,804091
estampes et librairie,13,non,,804091
estampes et tableaux,336,non,,804091
estampes sur papier,1,non,,804091
estampes sur toile,1,non,,804091
estères,2,non,,804091
estères de jonc,4,non,,804091
estette à faire gombessis,1,non,,804091
estrasse de cocons,1,non,,804091
estrasse de Savoie,1,non,,804091
estrasse de soie,66,oui,,804091
esturgeon,115,non,,804091
esturgeon en adaube,3,non,,804091
esturgeon mariné,4,non,,804091
esturgeon salé,43,non,,804091
étain,507,non,,804091
étain battu,16,non,,804091
étain battu ou limé,4,non,,804091
étain brut,48,non,,804091
étain brut d'Inde,1,non,,804091
étain brut d'Inde des entrepôts,0,non,,804091
étain brut en masses ouvrages brisés et saumons,1,non,,804091
étain creux,1,non,,804091
étain d'Angleterre,2,non,,804091
étain de glaces,36,oui,,804091
étain de j ???,1,non,,804091
étain de malgue,1,non,,804091
étain de Melac,11,non,,804091
étain de retour,1,non,,804091
étain de retour faute de vente,1,oui,,804091
étain des Indes,36,non,,804091
étain du Pérou,2,non,,804091
étain en bloc,586,non,,804091
étain en bloc des Indes,1,non,,804091
étain en enclumes de fer,1,non,,804091
étain en faux,3,non,,804091
étain en feuilles,12,non,,804091
étain en lingots,2,non,,804091
étain en plats,1,oui,,804091
étain en plomb,1,non,,804091
étain en saumon,30,non,,804091
étain et plomb,18,non,,804091
étain fin,1,non,,804091
étain fin en bloc,1,non,,804091
étain neuf,7,non,,804091
étain non ouvré,16,non,,804091
étain ouvré fin,2,non,,804091
étain pour glaces,38,non,,804091
étain pour soudure,2,non,,804091
étain rouge,1,non,,804091
étain seringues,2,non,,804091
étain verni,1,non,,804091
étain vieux,102,non,,804091
étais en bois,2,non,,804091
etalchasse,2,non,,804091
étamette,29,non,,804091
étamette dauphine casinettes,8,non,,804091
étamine,322,non,bas de gamme,18109
étamine à bluteau,4,non,,804091
étamine à passer fromage,9,non,,804091
étamine à pavillon,13,non,,804091
étamine à peu de soie,4,non,,804091
étamine au quart de soie,2,non,,804091
étamine au sixième de soie,1,non,,804091
étamine avec soie,2,non,,804091
étamine avec vingt brins de soie,1,non,,804091
étamine blanche,1,non,,804091
étamine burail,85,non,milieu de gamme,43973
étamine buratée de laine,1,non,,804091
étamine burette,2,non,,804091
étamine commune,2,non,,804091
étamine d'Agen,3,non,,804091
étamine d'Allemagne,6,non,,804091
étamine d'Amiens,14,non,,804091
étamine d'argent,2,non,,804091
étamine d'Auvergne,17,non,bas de gamme,18109
étamine de Acims,0,non,,804091
étamine de belzamine,4,non,,804091
étamine de laine,674,non,bas de gamme,18109
étamine de laine d'Angleterre,2,non,,804091
étamine de laine et de soie,6,non,,804091
étamine de laine fine,1,non,,804091
étamine de Laval,3,non,,804091
étamine de Nogent,6,non,,804091
étamine de Noyau,2,non,,804091
étamine de Reims,229,non,milieu de gamme,43973
étamine de renvoi,1,non,,804091
étamine de Rouen,1,non,,804091
étamine de Sainte,1,non,,804091
étamine de soie,7,non,,804091
étamine des prises,3,non,,804091
étamine du Mans,93,non,milieu de gamme,43973
étamine du pays,1,non,,804091
étamine et serge,6,non,,804091
étamine fine,4,non,,804091
étamine Maine,1,non,,804091
étamine mi soie,2,non,,804091
étamine noire,2,non,,804091
étamine oneraile,1,non,,804091
étamine ouvrée,1,non,,804091
étamine piquée de soie,1,non,,804091
étamine rayée,4,non,,804091
étamine virée,1,non,,804091
étampes,0,non,,804091
étampes de chanvre,1,non,,804091
etatchasse,8,non,,804091
étaux,2,non,,804091
étaux de fer,31,non,,804091
étaux en bâtit pour serruriers,1,non,,804091
étaux ouvragés,1,non,,804091
etaya,1,non,,804091
étendards,2,non,,804091
étendards de soie,1,non,,804091
etendelle,3,non,,804091
éternelle de coton,1,non,,804091
etocs,4,non,,804091
etocs de fer,13,non,,804091
étocs de fer,12,non,,804091
étoffe,389,non,milieu de gamme,43973
étoffe à carreaux,1,non,,804091
étoffe à carreaux et de toile de coutil,1,non,,804091
étoffe à galon d'or,1,non,,804091
étoffe à la valeur,2,non,,804091
étoffe à peu de soie,346,non,bas de gamme,18109
étoffe au ??? de soie,3,non,,804091
étoffe au 4/5e de soie,4,non,,804091
étoffe au filoselle,2,non,,804091
étoffe au peu de soie,4,non,,804091
étoffe au poil sorge de Rome,1,non,,804091
étoffe au quart de soie,364,non,bas de gamme,18109
étoffe au sixième,1,non,,804091
étoffe au sixième de soie,22,non,bas de gamme,18109
étoffe au sixième de soie en siamoise,2,non,,804091
étoffe au sixième de soie siamoise,1,non,,804091
étoffe au tiers de soie,1,non,,804091
étoffe au-dessus du sixième de soie,2,non,,804091
étoffe avec argent et or,2,non,,804091
étoffe avec un brin de soie,3,non,,804091
étoffe brochée d'argent et d'or faux de soie,1,non,,804091
étoffe brochée d'argent et d'or fin de soie,2,non,,804091
étoffe brochée d'or ou d'argent faux de soie pure,2,non,,804091
étoffe brochée d'or ou d'argent fin de soie pure,2,non,,804091
étoffe brochée de coton et de fil siamois,1,non,,804091
étoffe brochée de pure soie et unies,39,non,haut de gamme,12084
étoffe brochée de soie,2,non,,804091
étoffe brochée de soie et unies,70,non,haut de gamme,12084
étoffe brochée de soie pure,2,non,,804091
étoffe brochée et brodée,2,non,,804091
étoffe cotonne,1,non,,804091
étoffe crêpe,1,non,,804091
étoffe croisée,1,non,,804091
étoffe d'Amiens façonnée,1,non,,804091
étoffe d'écorce,2,non,,804091
étoffe d'herbes,5,non,,804091
étoffe de bourre de soie,7,non,,804091
étoffe de bourre de soie façon cachemire,1,non,,804091
étoffe de capiton,4,non,,804091
étoffe de chanvre,4,non,,804091
étoffe de chanvre et de fil de lin en toile,12,non,milieu de gamme,43973
étoffe de chanvre et de lin en toile diverse,26,non,milieu de gamme,43973
étoffe de chanvre ou de lin,2,non,,804091
étoffe de chanvre ou de lin mêlés,1,non,,804091
étoffe de coton,411,non,milieu de gamme,43973
étoffe de coton ???,2,non,,804091
étoffe de coton au quart de soie,3,non,,804091
étoffe de coton au sixième de soie,1,non,,804091
étoffe de coton avec un brin de soie,1,non,,804091
étoffe de coton basin piqués mousselinettes,2,non,,804091
étoffe de coton brillant blanc,1,non,,804091
étoffe de coton brochée et brodée et imprimée,2,non,,804091
étoffe de coton brodé,1,non,,804091
étoffe de coton de fil,6,non,,804091
étoffe de coton de fil et de laine,20,non,,804091
étoffe de coton de fil et de soie,9,non,,804091
étoffe de coton de fleuret et de soie,1,non,,804091
étoffe de coton de laine,3,non,,804091
étoffe de coton de laine et de soie,3,non,,804091
étoffe de coton de quart de soie,1,non,,804091
étoffe de coton de velours,7,non,,804091
étoffe de coton des Indes,1,non,,804091
étoffe de coton en drap,14,non,,804091
étoffe de coton en soie,8,non,,804091
étoffe de coton et bonneterie,1,non,,804091
étoffe de coton et chapeaux,1,non,,804091
étoffe de coton et de fil,232,non,milieu de gamme,43973
étoffe de coton et de fil de soie,2,non,,804091
étoffe de coton et de fil et de laine et de poil chameau,15,non,,804091
étoffe de coton et de fil et de laine et de poil de chèvre,16,non,,804091
étoffe de coton et de fil mélangés,10,non,bas de gamme,18109
étoffe de coton et de fleuret,3,non,,804091
étoffe de coton et de laine,23,non,milieu de gamme,43973
étoffe de coton et de laine diverse,1,non,,804091
étoffe de coton et de laine et de filoselle,7,non,,804091
étoffe de coton et de laine et de soie mélangés,26,non,bas de gamme,18109
étoffe de coton et de laine retour,1,non,,804091
étoffe de coton et de soie,318,non,bas de gamme,18109
étoffe de coton et de soie des Indes,1,non,,804091
étoffe de coton et de soie éternelle,1,non,,804091
étoffe de coton et de toile,1,non,,804091
étoffe de coton et drap de coton et velours de coton,15,non,milieu de gamme,43973
étoffe de coton et drap de coton et velours de coton et couvertures de coton,13,non,milieu de gamme,43973
étoffe de coton et mercerie,1,non,,804091
étoffe de coton et pellerie,1,non,,804091
étoffe de coton et soie,2,non,,804091
étoffe de coton et velours commun,1,non,,804091
étoffe de coton imprimé,2,non,,804091
étoffe de coton mêlée,1,non,,804091
étoffe de coton mêlée de soie,1,non,,804091
étoffe de coton mi soie,2,non,,804091
étoffe de coton peint,1,non,,804091
étoffe de coton piqué,1,non,,804091
étoffe de coton simple,2,non,,804091
étoffe de crin,33,non,milieu de gamme,43973
étoffe de crin et de poils,2,non,,804091
étoffe de dorure de laine et de soie,2,non,,804091
étoffe de fil,8,non,,804091
étoffe de fil au quart de soie,1,non,,804091
étoffe de fil de laine,6,non,,804091
étoffe de fil et bourre de chèvre,1,non,,804091
étoffe de fil et de laine,184,non,milieu de gamme,43973
étoffe de fil et de laine de retour,1,non,,804091
étoffe de fil et de poil,1,non,,804091
étoffe de fil et de poil de chèvre,6,non,,804091
étoffe de fil et de soie,239,non,bas de gamme,18109
étoffe de fil et moquette,1,non,,804091
étoffe de fil et poil de chèvre,43,non,,804091
étoffe de fil et soie,1,non,,804091
étoffe de filoselle,48,non,bas de gamme,18109
étoffe de filoselle et de laine,3,non,,804091
étoffe de filoselle et de soie,37,non,,804091
étoffe de filoselle et laine,1,oui,,804091
étoffe de Flandre et de poil,2,non,,804091
étoffe de fleuret,73,non,bas de gamme,18109
étoffe de fleuret au brin de soie,1,non,,804091
étoffe de fleuret et de laine,5,non,,804091
étoffe de fleuret et de soie,10,non,,804091
étoffe de fleuret et laine,3,non,,804091
étoffe de fleuret pure,2,non,,804091
étoffe de galette et de soie,2,non,,804091
étoffe de laine,583,non,bas de gamme,18109
étoffe de laine ???,5,non,,804091
étoffe de laine à faire moufles,9,non,,804091
étoffe de laine à fil,1,non,,804091
étoffe de laine à la valeur,1,non,,804091
étoffe de laine angora,1,non,,804091
étoffe de laine au quart de soie,1,non,,804091
étoffe de laine avec dorure,1,non,,804091
étoffe de laine avec soie,1,non,,804091
étoffe de laine bêche,1,non,,804091
étoffe de laine beige,1,non,,804091
étoffe de laine beige 309 lignes,1,non,,804091
étoffe de laine blanche,3,non,,804091
étoffe de laine brodée de dorure et de soie,1,non,,804091
étoffe de laine cannelée,1,non,,804091
étoffe de laine chaleur,1,non,,804091
étoffe de laine couterie,1,non,,804091
étoffe de laine crêpe,2,non,,804091
étoffe de laine de Rome,1,non,,804091
étoffe de laine en cachemire,2,non,,804091
étoffe de laine en croisé,1,non,,804091
étoffe de laine en quart de soie,1,non,,804091
étoffe de laine en raze de castor,5,non,,804091
étoffe de laine en sarain,1,non,,804091
étoffe de laine et de fil,1,non,,804091
étoffe de laine et de poil,33,non,milieu de gamme,43973
étoffe de laine et de soie,171,non,bas de gamme,18109
étoffe de laine et de soie brodée,1,non,,804091
étoffe de laine et de soie diverse,1,non,,804091
étoffe de laine et de velours d'Utrecht,1,non,,804091
étoffe de laine et poil,11,non,,804091
étoffe de laine fabrique de Tournai,3,non,,804091
étoffe de laine fabriquée à Arras,1,non,,804091
étoffe de laine fleuret au quart,1,non,,804091
étoffe de laine fleuret et de soie,2,non,,804091
étoffe de laine florentine,3,non,,804091
étoffe de laine grains d'orge,1,non,,804091
étoffe de laine grosse,1,non,,804091
étoffe de laine imprimée,4,non,,804091
étoffe de laine large et serge,2,non,,804091
étoffe de laine mêlée,1,non,,804091
étoffe de laine mêlée de soie,3,non,,804091
étoffe de laine mêlée ou pure,151,non,,804091
étoffe de laine Minorque,3,non,,804091
étoffe de laine orientale,1,non,,804091
étoffe de laine piquée,1,non,,804091
étoffe de laine poil et laine,4,non,,804091
étoffe de laine poil et laine velours,1,non,,804091
étoffe de laine poil poil et laine,1,non,,804091
étoffe de laine pour nègre,1,non,,804091
étoffe de laine pure,143,non,,804091
étoffe de laine reste,1,non,,804091
étoffe de laine retour,1,non,,804091
étoffe de laine riche,1,non,,804091
étoffe de laine royale,1,non,,804091
étoffe de laine satinée,1,non,,804091
étoffe de laine sayali,1,non,,804091
étoffe de laine serge à doublure,2,non,,804091
étoffe de laine teinte,9,non,,804091
étoffe de laine turque,2,non,,804091
étoffe de laine velverde,1,non,,804091
étoffe de laine verlastine,1,non,,804091
étoffe de laine voile noir,1,non,,804091
étoffe de lin et de chanvre mêlés,1,non,,804091
étoffe de peluches pour nègre,1,non,,804091
étoffe de plocq,2,non,,804091
étoffe de poil,39,non,milieu de gamme,43973
étoffe de poil de chameau,14,non,,804091
étoffe de poil de laine et de velours d'Utrecht,4,non,,804091
étoffe de poil et de velour d'Utrecht,1,non,,804091
étoffe de poil et de velours,2,non,,804091
étoffe de poil et fil,1,non,,804091
étoffe de poil et laine velours,2,non,,804091
étoffe de poil et laine velours d'Utrecht,1,non,,804091
étoffe de pure soie,2,non,,804091
étoffe de pure soie et unie,3,non,,804091
étoffe de pure soie façonnée,2,non,,804091
étoffe de Reims,1,non,,804091
étoffe de retour,1,non,,804091
étoffe de riche,1,non,,804091
étoffe de Rouen,1,non,,804091
étoffe de soie,3078,non,milieu de gamme,43973
étoffe de soie à fil,1,non,,804091
étoffe de soie au quart,168,non,bas de gamme,18109
étoffe de soie avec argent et or,1,non,,804091
étoffe de soie blonde,5,non,,804091
étoffe de soie brochée,1,non,,804091
étoffe de soie brochée d'argent et d'or faux,1,non,,804091
étoffe de soie brochée d'argent et d'or fin,1,non,,804091
étoffe de soie brochée de soie,2,non,,804091
étoffe de soie brodée,5,non,,804091
étoffe de soie brodée d'or,2,non,,804091
étoffe de soie brodée en dorure,1,non,,804091
étoffe de soie brodée en soie retour,1,non,,804091
étoffe de soie crêpe,10,non,,804091
étoffe de soie croisée,1,non,,804091
étoffe de soie crue,1,non,,804091
étoffe de soie d'armoisin,1,non,,804091
étoffe de soie d'Utrecht,1,non,,804091
étoffe de soie de crêpe,2,non,,804091
étoffe de soie de fleuret et soie,4,non,,804091
étoffe de soie de laine,1,non,,804091
étoffe de soie de lin,1,oui,,804091
étoffe de soie de Lyon,2,non,,804091
étoffe de soie de renvoi,2,non,,804091
étoffe de soie de Saint Bours,1,non,,804091
étoffe de soie de velours,4,non,,804091
étoffe de soie des Indes,45,non,milieu de gamme,43973
étoffe de soie dite Florence,1,non,,804091
étoffe de soie dite milleret,1,non,,804091
étoffe de soie diverse,2,oui,,804091
étoffe de soie dorure d'argent,15,non,,804091
étoffe de soie dorure d'argent et d'or,233,non,haut de gamme,12084
étoffe de soie dorure d'argent et d'or faux,10,non,,804091
étoffe de soie dorure d'argent et d'or fin,2,non,,804091
étoffe de soie dorure d'or,43,non,haut de gamme,12084
étoffe de soie dorure d'or faux,1,non,,804091
étoffe de soie du Levant,12,non,,804091
étoffe de soie en coton,1,non,,804091
étoffe de soie en drap,1,non,,804091
étoffe de soie en fleurs,1,non,,804091
étoffe de soie en laine,1,non,,804091
étoffe de soie en or et argent,1,non,,804091
étoffe de soie en velours,3,non,,804091
étoffe de soie et ???,2,non,,804091
étoffe de soie et d'argent,1,non,,804091
étoffe de soie et de fil dorure d'argent,1,non,,804091
étoffe de soie et de poil,1,non,,804091
étoffe de soie et de velours d'Utrecht,22,non,milieu de gamme,43973
étoffe de soie et de velours de Gênes,4,non,,804091
étoffe de soie et galets,1,non,,804091
étoffe de soie et prunelle de laine,1,non,,804091
étoffe de soie et ruban,1,non,,804091
étoffe de soie et soierie,6,non,,804091
étoffe de soie fabriquée,1,non,,804091
étoffe de soie façonnée,4,non,,804091
étoffe de soie fleuret et soie,1,non,,804091
étoffe de soie gros de Tours,1,non,,804091
étoffe de soie herbage,1,non,,804091
étoffe de soie mêlée,2,non,,804091
étoffe de soie mêlée de fil,3,non,,804091
étoffe de soie mêlée de laine ou de coton,1,non,,804091
étoffe de soie mi soie,191,non,bas de gamme,18109
étoffe de soie pays étrangers,6,non,,804091
étoffe de soie pièce,12,non,,804091
étoffe de soie pou de soie,1,non,,804091
étoffe de soie pure,52,non,,804091
étoffe de soie raz de Sicile,1,non,,804091
étoffe de soie raze ??? cir,1,non,,804091
étoffe de soie raze ??? fin,2,non,,804091
étoffe de soie riche,4,non,,804091
étoffe de soie unie,4,non,,804091
étoffe de taffetas,1,non,,804091
étoffe de velours,18,non,,804091
étoffe de velours d'Utrecht,6,non,,804091
étoffe de velours de coton,13,non,,804091
étoffe de velours de soie,157,non,haut de gamme,12084
étoffe de voile,2,non,,804091
étoffe des Iles,4,non,,804091
étoffe des Indes,27,non,haut de gamme,12084
étoffe des Indes et soierie,4,non,,804091
étoffe des Indes vestes brodées,1,non,,804091
étoffe des prises,2,non,,804091
étoffe dite calutras de coton et de soie,1,non,,804091
étoffe dite pauvre madame,18,non,,804091
étoffe diverse couvertures et draperie pour le gouvernement,5,non,,804091
étoffe dorure,24,non,haut de gamme,12084
étoffe dorure d'argent,28,non,,804091
étoffe dorure d'argent et d'or,347,non,haut de gamme,12084
étoffe dorure d'argent et d'or faux,13,non,,804091
étoffe dorure d'argent et d'or fin,45,non,,804091
étoffe dorure d'or,78,non,haut de gamme,12084
étoffe dorure d'or faux,1,non,,804091
étoffe dorure et de soie,5,non,,804091
étoffe droguet,22,non,,804091
étoffe en bours du Levant,1,non,,804091
étoffe en dorure et galon et passementerie,24,non,haut de gamme,12084
étoffe en feuilles,8,non,,804091
étoffe en or mêlée de soie,27,non,haut de gamme,12084
étoffe et fer en barres,1,non,,804091
étoffe et galon d'argent et d'or,1,non,,804091
étoffe et gaze et crêpe et tulle,10,non,milieu de gamme,43973
étoffe et gaze et toile des Indes,1,non,,804091
étoffe et lainages,1,non,,804091
étoffe et ouvrages de soie,1,non,,804091
étoffe et ruban de fleuret,10,non,milieu de gamme,43973
étoffe et ruban de soie,4,non,,804091
Étoffe étamine fine,4,oui,,804091
étoffe éternelle,1,non,,804091
étoffe éternelle au ? de soie,1,non,,804091
étoffe éternelle de laine,2,non,,804091
étoffe éternelle mêlée de soie,1,non,,804091
étoffe étrangère,5,non,,804091
étoffe étrangère de jude,1,non,,804091
étoffe façonnée,100,non,milieu de gamme,43973
étoffe filoselle,4,non,,804091
étoffe filoselle de soie,1,non,,804091
étoffe filoselle et laine,3,non,,804091
étoffe finette,2,non,,804091
étoffe flamande de mauvaise qualité,1,non,,804091
étoffe fleuret,6,non,,804091
étoffe fleuret et de soie,3,non,,804091
étoffe fleuret et soie,8,non,,804091
étoffe flotte,2,non,,804091
étoffe flotte des Indes,1,non,,804091
étoffe grosse de laine,2,non,,804091
étoffe herbage,85,non,,804091
étoffe herbes,1,non,,804091
étoffe impériale,2,non,,804091
étoffe laine de soie,1,non,,804091
étoffe manchettes,1,non,,804091
étoffe mélangée de trois matières,3,non,,804091
Étoffe mêlée,15,oui,,804091
étoffe mêlée,26,non,,804091
étoffe mêlée au ??? soie,5,non,,804091
étoffe mêlée de bourre en molleton,1,non,,804091
étoffe mêlée de fil de soie,8,non,,804091
étoffe mêlée de soie,1,non,,804091
étoffe mêlée de soie ???,2,non,,804091
étoffe mêlée de soie peluches,133,non,bas de gamme,18109
étoffe mêlée diverse,5,oui,,804091
étoffe mi soie,146,non,bas de gamme,18109
étoffe mi-soie,1,oui,,804091
étoffe noire,1,non,,804091
étoffe peinte,1,non,,804091
étoffe peluches communes,1,non,,804091
étoffe peluches de laine,25,non,bas de gamme,18109
étoffe peluches de prise,1,non,,804091
étoffe peluches de soie,7,non,,804091
étoffe poil en panne à long poil,1,non,,804091
étoffe pour talits,1,non,,804091
étoffe pure brochée d'or fin,1,non,,804091
étoffe pure façonnée,1,non,,804091
étoffe pure unie,1,non,,804091
étoffe pures de fleuret et mouchoirs,1,non,,804091
étoffe refoulée,1,non,,804091
étoffe riche,116,non,milieu de gamme,43973
étoffe riche en or,1,non,,804091
étoffe riche en or et argent,24,non,haut de gamme,12084
étoffe riche or et argent,1,non,,804091
étoffe riche ou or et argent,1,non,,804091
étoffe royale,1,non,,804091
étoffe soie crêpe,2,non,,804091
étoffe soie des Indes,1,non,,804091
étoffe soierie,1,non,,804091
étoffe taffetas,5,non,,804091
étoffes dorures et effets de mode,78,non,,804091
étoupes,230,non,,804091
étoupes à calfater,9,non,,804091
étoupes blanches,3,non,,804091
étoupes de chanvre,213,non,,804091
étoupes de coton,1,non,,804091
étoupes de filoselle,1,non,,804091
étoupes de laine,3,non,,804091
étoupes de lin,17,non,,804091
étoupes de soie,90,non,,804091
étoupes de vieux cordage,1,non,,804091
étoupes de vieux cordages,1,oui,,804091
étoupes et cordes de lin,106,non,,804091
étoupes noires,10,non,,804091
étriers,8,non,,804091
étrille de fer,16,non,,804091
étrilles,1,non,,804091
étuis,13,non,,804091
étuis à cachets,1,non,,804091
étuis à cure-dents,2,non,,804091
étuis à lunettes,1,non,,804091
étuis d'or,2,non,,804091
étuis d'or en burgos,1,non,,804091
étuis de bergamote,2,non,,804091
étuis de bois et étuis de paille et boîtes de papier,2,non,,804091
étuis de carton,1,non,,804091
étuis de chapeaux,2,non,,804091
étuis de chirurgie,1,non,,804091
étuis de ciseaux garnis d'argent,1,non,,804091
étuis de mathématique,1,non,,804091
étuis et tabatières et autres bijouteries garnies d'argent et d'or,11,non,,804091
étuis et tabatières garnis d'argent,5,non,,804091
étuis et tabatières garnis d'argent et d'or,3,non,,804091
étuis et tabatières garnis d'or,11,non,,804091
étuis garnis,2,non,,804091
étuis pour plumes à écrire,2,non,,804091
étuve,3,non,,804091
étuve commune,1,non,,804091
étuve de cuivre,2,non,,804091
étuve de fer,131,non,,804091
étuve de fer à sucre,2,non,,804091
euphorbe,42,non,,804091
éventails,246,non,,804091
éventails à brin d'ivoire et écaille,1,non,,804091
éventails à brin d'os et écaille,1,non,,804091
éventails à feuille de soie,1,non,,804091
éventails à feuilles communes,2,non,,804091
éventails communs,123,non,,804091
éventails d'écaille et d'ivoire et de nacre,15,non,,804091
éventails d'ivoire,23,non,,804091
éventails d'ivoire fin,1,non,,804091
éventails d'or,1,non,,804091
éventails d'os,3,non,,804091
éventails de la Chine,2,non,,804091
éventails de nacre,1,non,,804091
éventails de paille,3,non,,804091
éventails de palme,16,non,,804091
éventails de papier,5,non,,804091
éventails de plume,3,non,,804091
éventails de porcelaine,2,non,,804091
éventails de taffetas,116,non,,804091
éventails des Indes,2,non,,804091
éventails et papier dito,114,non,,804091
éventails fins,157,non,,804091
éventails fins et d'ivoire,1,non,,804091
éventails incrustés d'or et de nacre de perles,1,non,,804091
éventails par douzaines,1,non,,804091
éventails sur écaille,1,non,,804091
éviers,1,non,,804091
export,0,non,,804091
extrait ???,0,non,,804091
extrait d'absinthe,2,non,,804091
extrait d'aspic,1,non,,804091
extrait d'odeur,6,non,,804091
extrait de citron,7,non,,804091
extrait de genièvre,19,non,,804091
extrait de lavande,14,non,,804091
facheaux de bois à brûler,1,oui,,804091
facheaux de bois pour brûler,1,non,,804091
fagots,189,non,,804091
fagots de bois,21,non,,804091
fagots de bois à brûler,16,oui,,804091
fagots de bois pour brûler,16,non,,804091
faïence,2248,non,,804091
faïence à miette,1,non,,804091
faïence anglaise,4,non,,804091
faïence commune,5,non,,804091
faïence d'Oneille,1,non,,804091
faïence de Delft,3,non,,804091
faïence de Rouen,3,non,,804091
faïence de Versailles,2,non,,804091
faïence diverse,7,non,,804091
faïence du Faubourg Saint-Antoine,3,non,,804091
faïence en ???,1,non,,804091
faïence et porcelaine et poterie,12,non,,804091
faïence et poterie,31,non,,804091
faïence et poterie de grès et de terre,68,non,,804091
faïence et poterie et verrerie,15,non,,804091
faïence noire,2,non,,804091
faïence pour cheminée,1,non,,804091
faïence pour jardin,1,non,,804091
failles de laine,7,non,,804091
faire la course aux fraudeurs,1,non,,804091
faire la pêche au poisson frais,0,oui,,804091
fais vieux,1,non,,804091
faisans,10,non,,804091
faisceaux,1,non,,804091
faîteaux,2,non,,804091
faitiers,1,non,,804091
falquieres de mulet,4,non,,804091
faltranck suisse,2,non,,804091
fanailes,0,non,,804091
fanal de navire,2,non,,804091
fanal de vaisseaux,1,non,,804091
fanal de verre,1,non,,804091
faneaux de fer-blanc,1,non,,804091
fanon,2,non,,804091
fanon de baleine,16,non,,804091
fanon de baleine apprêté,4,non,,804091
fanon de baleine brut,4,non,,804091
fanon de baleine brut de pêche étrangère,0,non,,804091
fanon de baleine brut de pêche française,1,non,,804091
farces à drapier,0,oui,,804091
fard rouge,1,non,,804091
farine,2520,non,,804091
farine d'avoine,3,non,,804091
farine d'orge,1,non,,804091
farine d'orge et gruau,2,non,,804091
farine de bouquette,4,non,,804091
farine de fleurs,1,non,,804091
farine de froment,65,non,,804091
farine de froment fleur,1,non,,804091
farine de grains blé,6,non,,804091
farine de grains blé d'Inde,2,non,,804091
farine de grains blé et froment,12,non,,804091
farine de grains blé froment et méteil,1,non,,804091
farine de maïs menus grains et seigle,1,non,,804091
farine de manioc,6,non,,804091
farine de millet,1,non,,804091
farine de pois,1,non,,804091
farine de pois sec et fève,1,non,,804091
farine de sarrasin,6,non,,804091
farine de seigle,8,non,,804091
farine de terre à sucre ?,1,non,,804091
farine en déchet,1,non,,804091
farine en douelles,1,non,,804091
farine en fleurs,4,non,,804091
farine en gruau,47,non,,804091
farine et biscuit,12,non,,804091
farine et biscuit de mer,206,non,,804091
farine et biscuit de mer et pâte,10,non,,804091
farine et biscuit de mer et pâte d'Italie,16,non,,804091
farine et biscuit et gruau,5,non,,804091
farine et biscuit et pâte,73,non,,804091
farine et gruau,8,non,,804091
farine et gruau et pâte,23,non,,804091
farine et pâte d'Italie,52,non,,804091
farine et pâte d'Italie et vermicelle,13,non,,804091
farine et pâte et vermicelle,42,non,,804091
farine fleurs de froment,1,non,,804091
farine gruau,13,oui,,804091
farine ordinaire,37,non,,804091
farme ???,0,non,,804091
fascines d'orme,1,non,,804091
fascines de bois,2,non,,804091
fasoche,0,non,,804091
faucilles,49,non,,804091
faucilles autres instruments aratoires,5,non,,804091
faucilles autres instruments aratoires que faux,2,non,,804091
faucilles d'acier,2,non,,804091
faucilles en fer,1,non,,804091
faucilles et autres instruments aratoires,1,non,,804091
faucilles et faux,6,non,,804091
faucilles et faux d'acier et de fer,1,non,,804091
faucilles et faux et fil de laiton et limes,143,non,,804091
faude de cuir,1,non,,804091
fauquets,2,non,,804091
fauquières,1,non,,804091
fautas,2,non,,804091
faute,1,non,,804091
fauteuils de bois,1,non,,804091
fauteuils de canne,6,non,,804091
fauteuils de cuir de Russie,1,non,,804091
fauteuils de jonc,2,non,,804091
fauteuils de laine,1,non,,804091
fauteuils de paille,15,non,,804091
fauteuils de passerame avec leurs harnais,1,non,,804091
fauteuils de rotin,1,non,,804091
fauteuils de tapisserie,2,non,,804091
fauteuils de tapisserie petit point,1,non,,804091
fauteuils et chaises de canne,1,non,,804091
fauteuils et chaises de poste,1,non,,804091
fauteuils et chaises de rotin,2,non,,804091
faux,66,non,,804091
faux à faucher,325,non,,804091
faux à revers,1,non,,804091
faux d'acier et de fer,5,non,,804091
faux de fer,2,non,,804091
faux et fannelles de fer et d'acier,2,non,,804091
faux et faucilles,245,non,,804091
faux et ferailles,13,non,,804091
favelottes,112,non,,804091
favelottes en gerbe,13,non,,804091
fayoles,13,oui,,804091
fayots,2,oui,,804091
fébrifuge,1,non,,804091
fen en bandes et en barres,4,non,,804091
fenêtre de noyer,1,non,,804091
fenouil,38,non,,804091
fenouil de Florence,2,non,,804091
fenugrec,6,non,,804091
fer,3381,non,,804091
fer à carder,1,non,,804091
fer à cardes,1,non,,804091
fer à cheval,5,non,,804091
fer à coiffer,5,non,,804091
fer à faire feu,1,non,,804091
fer à friser,1,non,,804091
fer à la valeur,17,non,,804091
fer à lames,1,non,,804091
fer à moulins,1,non,,804091
fer à mulets,1,non,,804091
fer à nègre,24,non,,804091
fer à repasser,15,non,,804091
fer battu,77,non,,804091
fer battu et fondu,1,non,,804091
fer battu et ouvrages de fer,145,non,,804091
fer blanc en feuille ouvrée,1,oui,,804091
fer blanc en feuilles ouvré,7,non,,804091
fer bleu,1,non,,804091
fer brut,4,non,,804091
fer brut de fonte,5,non,,804091
fer carré,16,non,,804091
fer caverges,4,non,,804091
fer coudé,2,non,,804091
fer coulé,330,non,,804091
fer coulé en fonte,1,non,,804091
fer coulé en gueuse,11,non,,804091
fer coulé et battu,1,non,,804091
fer coulé et de fonte,6,non,,804091
fer coulé figuré,1,non,,804091
fer coulé ou de fonte,15,non,,804091
fer courbe,1,non,,804091
fer d'Espagne,4,non,,804091
fer de calibre de 24 livres,1,non,,804091
fer de canne,1,non,,804091
fer de captifs,1,non,,804091
fer de charrues,2,non,,804091
fer de fonte,72,non,,804091
fer de fonte brut ouvré,11,non,,804091
fer de fonte en gueuse,5,non,,804091
fer de fonte ouvert,2,non,,804091
fer de lin cierge,1,non,,804091
fer de mulets,2,non,,804091
fer de Sibérie,1,non,,804091
fer de tôle,1,non,,804091
fer de toutes sortes,13,non,,804091
fer de traite,1,non,,804091
fer de voyage,1,non,,804091
fer dhipsium,1,non,,804091
fer divers en barres feuillards,11,non,,804091
fer en ?,9,non,,804091
fer en balle,2,non,,804091
fer en ballon,5,non,,804091
fer en bandes,37,non,,804091
fer en barils,2,non,,804091
fer en barre et fer ouvré,4,non,,804091
fer en barres,3092,non,,804091
fer en barres à frire,1,non,,804091
fer en barres blanc,3,non,,804091
fer en barres d'Espagne,5,non,,804091
fer en barres de Suède,4,non,,804091
fer en barres et en verges,1,non,,804091
fer en barres et feuillards,3,non,,804091
fer en barres et feuilles,1,non,,804091
fer en barres étiré,2,non,,804091
fer en batterie,92,non,,804091
fer en bottes,29,non,,804091
fer en boue,1,non,,804091
fer en casse,18,non,,804091
fer en caverge,1,non,,804091
fer en chaudronnerie,7,non,,804091
fer en choux,6,non,,804091
fer en clous,6,oui,,804091
fer en crapaudines,5,non,,804091
fer en culture,1,non,,804091
fer en écopes,9,non,,804091
fer en fafion,1,non,,804091
fer en feuilles doubles,2,non,,804091
fer en fichu,1,non,,804091
fer en fonte,10,non,,804091
fer en fourrure,1,non,,804091
fer en grappes,1,non,,804091
fer en grenades,2,non,,804091
fer en grenaille,19,non,,804091
fer en grilles,1,non,,804091
fer en grillons,3,non,,804091
fer en grosses,1,non,,804091
fer en guéné,1,non,,804091
fer en gueuse,131,non,,804091
fer en haches,1,non,,804091
fer en laine,1,non,,804091
fer en laiton,3,non,,804091
fer en lamelles,1,non,,804091
fer en lest,1,non,,804091
fer en liens,1,non,,804091
fer en limaille,1,non,,804091
fer en metumes,1,non,,804091
fer en mine,0,non,,804091
fer en mitraille,5,non,,804091
fer en palme,1,non,,804091
fer en paquet,8,non,,804091
fer en planches,1,non,,804091
fer en plançons,1,non,,804091
fer en plane,0,non,,804091
fer en plaques,305,non,,804091
fer en platines,198,non,,804091
fer en platures,1,non,,804091
fer en plomb,1,non,,804091
fer en pocle,1,non,,804091
fer en potin,1,non,,804091
fer en quincaille,3,non,,804091
fer en sablerie,1,non,,804091
fer en sol,2,non,,804091
fer en suc,1,non,,804091
fer en taillanderie,23,non,,804091
fer en tôle et en feuilles,0,non,,804091
fer en tôle feuilles doubles,1,non,,804091
fer en tôle feuilles simples,1,non,,804091
fer en truffe,10,non,,804091
fer en verges et lattes,123,non,,804091
fer en vrilles,1,non,,804091
fer et canons de fer,1,non,,804091
fer et étain,1,non,,804091
fer et ferrements à nègre,3,non,,804091
fer et ferrure,1,non,,804091
fer figuré,4,non,,804091
fer floud,1,non,,804091
fer fondu,4,non,,804091
fer fondu en grillons,1,non,,804091
"fer fondu en Hambourg et planques, poêles et chaudière",1,non,,804091
fer fondu et coulé,135,non,,804091
fer forgé en massiaux ou prismes,3,non,,804091
fer laminé,1,non,,804091
fer maqua,6,non,,804091
fer marchand,1900,non,,804091
fer marth,1,non,,804091
fer moulé autre que pour projectiles de guerre,2,non,,804091
fer neuf,1,non,,804091
fer noir,275,non,,804091
fer noir de 450 feuilles,3,non,,804091
fer noir de feuilles,24,non,,804091
fer noir double,3,non,,804091
fer noir en feuilles doubles,6,non,,804091
fer noir en feuilles simples,7,non,,804091
fer noir et en tôle,5,non,,804091
fer noir et simple de 450 feuilles,2,non,,804091
fer noir simple,23,non,,804091
fer noirci,1,non,,804091
fer ou fer fondu,3,non,,804091
fer plat,56,non,,804091
fer plat en barres,1,non,,804091
fer pour foyer,2,non,,804091
fer pour liquarer et en verge,3,non,,804091
fer pour moulins à sucre,2,non,,804091
fer préparé pour canons de fusils et pistolets,1,non,,804091
fer préparé pour forces à tondre le drap,1,non,,804091
fer rond,54,non,,804091
fer roue,1,non,,804091
fer roulé,1,non,,804091
fer spaté,14,non,,804091
fer tôle,2,non,,804091
fer vieux,488,non,,804091
fer vieux ouvré,1,non,,804091
fer-blanc,1557,non,,804091
fer-blanc brut,2,non,,804091
fer-blanc de 450 feuilles,4,non,,804091
Fer-blanc de 600 feuilles,1,non,,804091
fer-blanc double,23,non,,804091
fer-blanc double de 450 feuilles,1,non,,804091
fer-blanc en bottes,1,non,,804091
fer-blanc en feuilles,276,non,,804091
fer-blanc en tôle,6,non,,804091
fer-blanc et de 600 feuilles,2,non,,804091
fer-blanc étamé laminé ou platiné,6,non,,804091
fer-blanc laminé ou platiné,2,non,,804091
fer-blanc par barils de 450 feuilles,1,non,,804091
fer-blanc par barils de 600 feuilles,1,non,,804091
fer-blanc simple,95,non,,804091
fer-blanc simple de 450 feuilles,3,non,,804091
fer-blanc simple pour la Compagnie des Indes,2,non,,804091
fer-blanc vieux,2,non,,804091
ferblanterie,12,non,,804091
ferrachon,7,non,,804091
ferraille,23,non,,804091
ferraille et mitraille,2,non,,804091
ferraille limaille mitraille et paille de fer,2,non,,804091
ferraille vieille,126,non,,804091
ferrandine,5,non,,804091
ferrements,161,non,,804091
ferrements à chirurgie,1,non,,804091
ferrements à menuisier,1,non,,804091
ferrements à nègre,18,non,,804091
ferrements à sucre,6,non,,804091
ferrés,1,non,,804091
ferrières,1,non,,804091
ferronnerie,1,non,,804091
ferrure,9,non,,804091
feu,2,non,,804091
feu argenté,2,non,,804091
feuillards,240,non,,804091
feuillards d'acier et de fer,1,non,,804091
feuillards d'acier et de fer blanc,1,non,,804091
feuillards de 2 à 4 mètres exclusivement,2,non,,804091
feuillards de 2 de longueur et au-dessous,1,non,,804091
feuillards de 4 mètres et au-dessus,1,non,,804091
feuillards de bois,187,non,,804091
feuillards de bois à barriques,4,oui,,804091
feuillards de bois à boucaud,4,oui,,804091
feuillards de bois de 2 à 4 mètres,2,non,,804091
feuillards de bois de 2 à 4 mètres exclusivement,6,non,,804091
feuillards de bois de 2 mètres et au-dessous,8,non,,804091
feuillards de bois de 2 mètres et au-dessus,1,non,,804091
feuillards de bois de 4 mètres,2,non,,804091
feuillards de bois de 4 mètres et au-dessus,4,non,,804091
feuillards de bois en cordes,1,non,,804091
feuillards de bois et osier,3,non,,804091
feuillards de bois merrains,10,non,,804091
feuillards de bois pipage,5,oui,,804091
feuillards de bois pour barriques,4,oui,,804091
feuillards de bois pour boucaud,4,non,,804091
feuillards de fer,131,non,,804091
feuillards de fer et cercles de fer,0,non,,804091
feuillards de fer et tôle de fer,5,non,,804091
feuillards de fer ou ???,0,non,,804091
feuillards ou cercles,1,non,,804091
feuillards pour barriques,2,non,,804091
feuillards reste de,1,non,,804091
feuilles,67,non,,804091
feuilles à poing,1,non,,804091
feuilles autres que médicinales,2,non,,804091
feuilles d'argent,2,non,,804091
feuilles d'argent battu et d'or,2,non,,804091
feuilles d'argent et d'or,1,non,,804091
feuilles d'or,5,non,,804091
feuilles d'or battu,10,non,,804091
feuilles d'oranger,32,non,,804091
feuilles d'oranger et fleurs d'oranger,11,non,,804091
feuilles de bois,1,non,,804091
feuilles de cartes à chaperonnier,1,non,,804091
feuilles de carton,4,non,,804091
feuilles de carton et autres,1,non,,804091
feuilles de carton et ouvrages de carton,31,non,,804091
feuilles de cire blanche,122,non,,804091
feuilles de coralier,1,non,,804091
feuilles de cornes,7,non,,804091
feuilles de cuivre,219,non,,804091
feuilles de cuivre et planches de cuivre,18,non,,804091
feuilles de cuivre et planches de cuivre et ???,5,non,,804091
feuilles de cuivre planches de cuivre et ouvrages de cuivre,2,non,,804091
feuilles de cuivre rouge,17,non,,804091
feuilles de fer,98,non,,804091
feuilles de fer feuillards de fer et tôle de fer,6,non,,804091
feuilles de fer pour cercles,2,non,,804091
feuilles de fer simples et doubles,1,non,,804091
feuilles de fer-blanc,1,non,,804091
feuilles de laiton,1,non,,804091
feuilles de laurier,4,non,,804091
feuilles de séné,27,non,,804091
feuilles de séné entières ou en grabeau,25,non,,804091
feuilles de séné et séné,84,non,,804091
feuilles de tabac,889,non,,804091
feuilles des prises de tabac,1,non,,804091
feuilles et herbes à teindre,19,non,,804091
feuillure,1,oui,,804091
feutres pour doublage,1,non,,804091
feutres pour filtrer semelles et autres ouvrages,2,non,,804091
feuves,1,non,,804091
fèverolles,11,oui,,804091
fèves,1559,non,,804091
fèves ??,1,non,,804091
fèves blanches,2,non,,804091
fèves de cacao,1,non,,804091
fèves de marais,17,non,,804091
fèves de Rome,1,non,,804091
fèves de Saint-Ignace,1,non,,804091
fèves en barils,1,non,,804091
fèves en gerbes,33,non,,804091
fèves et coques de cacao brut,1,non,,804091
fèves et grenaille,1,non,,804091
fèves et haricots et pois,2,non,,804091
fèves et pois,19,non,,804091
fèves noires et haricots,1,non,,804091
fèves odorantes de Tonka,2,non,,804091
fèves petites,2,non,,804091
fèves plates,2,non,,804091
fèves pour mulets,5,non,,804091
fèves sèches,1,non,,804091
fiasques,1,non,,804091
fiasques de carton,1,non,,804091
ficelle,333,non,,804091
ficelle en botte,1,non,,804091
fiches,1,non,,804091
fichus,5,non,,804091
fichus brodés de soie en couleur,1,non,,804091
fichus de gaze,2,non,,804091
fichus de gaze de soie,6,non,,804091
fichus de mousseline,1,non,,804091
fichus de mousseline brodée de couleur,1,non,,804091
fichus de mousseline brodés de couleur,1,oui,,804091
fichus de soie,8,non,,804091
fichus de soie des Indes,1,non,,804091
fichus divers,1,non,,804091
fichus rayés,4,non,,804091
fideau,428,non,,804091
fideau de retour,1,non,,804091
fiente de pigeon,2,non,,804091
fifres et flageolets,2,non,,804091
fifres flageolets et flûtes,2,non,,804091
figue,1149,non,,804091
figue et raisin,1,non,,804091
figue et raisin sec pruneaux et poires tapées,2,oui,,804091
figue et raisin secs pruneaux et poires tapées,2,oui,,804091
figue et sumac,2,non,,804091
figue fraîche et fruits verts,7,non,,804091
figue prune et raisin,2,non,,804091
figue sèche,82,non,,804091
figues,1,non,,804091
figuier,1,non,,804091
figures,6,non,,804091
figures d'albâtre,2,non,,804091
figures d'albâtre petites,1,non,,804091
figures d'ivoire,1,non,,804091
figures d'une vierge en bois,1,non,,804091
figures de bronze,3,non,,804091
figures de cire,74,non,,804091
figures de cire habillées,5,non,,804091
figures de cuivre,1,non,,804091
figures de fer,1,non,,804091
figures de marbre,2,non,,804091
figures de pierres,1,non,,804091
figures de pierres brutes,1,non,,804091
figures de plâtre,10,non,,804091
figures de terre,2,non,,804091
figures en plâtre,1,non,,804091
figures sur bois,3,non,,804091
fil,858,non,,804091
fil à brin marin,1,non,,804091
fil à brocher,1,non,,804091
fil à broder,10,non,,804091
fil à câble,3,non,,804091
fil à carder,16,non,,804091
fil à corder,1,oui,,804091
fil à cordonnier,15,non,,804091
fil à coudre,466,non,,804091
fil à coudre bis,1,non,,804091
fil à coudre blanc en écheveaux,1,non,,804091
fil à coudre bleu,5,non,,804091
fil à coudre commun,15,non,,804091
fil à coudre d'Épinal,34,non,,804091
fil à coudre d'épreuve,1,non,,804091
fil à coudre de Bretagne,8,non,,804091
fil à coudre de chanvre,18,non,,804091
fil à coudre de coton,1,non,,804091
fil à coudre de couleur,96,non,,804091
fil à coudre de couteau,1,non,,804091
fil à coudre de ménage,1,non,,804091
fil à coudre de Rennes,32,oui,,804091
fil à coudre de ritte,1,non,,804091
fil à coudre divers,70,non,,804091
fil à coudre du fin,11,non,,804091
fil à coudre du Piémont,1,non,,804091
fil à coudre en masses,1,non,,804091
fil à coudre en poignées,1,non,,804091
fil à coudre gris,1,non,,804091
fil à coudre moyen,1,non,,804091
fil à coudre pour voile,10,non,,804091
fil à dentelle,75,non,,804091
fil à dentelle blanc,8,non,,804091
fil à dentelle commun,8,non,,804091
fil à dentelle cru,1,non,,804091
fil à dentelle fin,6,non,,804091
fil à dentelle mi fin,5,non,,804091
fil à dentelle moyen,1,non,,804091
fil à dentelle sain,1,non,,804091
fil a doyne,1,non,,804091
fil à esturgeon,2,non,,804091
fil à femme,3,non,,804091
fil à fille,1,non,,804091
fil à flotte,1,non,,804091
fil à folle,11,non,,804091
fil à fondre,1,non,,804091
fil à forme,2,non,,804091
fil à gants,2,non,,804091
fil à gargousses,3,non,,804091
fil à laine,4,non,,804091
fil à lignes,2,non,,804091
fil à loup marin,1,non,,804091
fil à marquer,9,non,,804091
fil à mèche,1,non,,804091
fil à papillon,22,non,,804091
fil à pêche,3,non,,804091
fil à ralingue,4,non,,804091
fil à reine,1,non,,804091
fil à rets,38,non,,804091
fil à rouet,1,non,,804091
fil à sapillon,1,non,,804091
fil à sardineaux,2,non,,804091
fil à selle,1,non,,804091
fil à sennes,48,non,,804091
fil à sol,5,non,,804091
fil à table,1,non,,804091
fil à tisserand,7,non,,804091
fil à tisserand de chenette,1,non,,804091
fil à tisserand divers,2,non,,804091
fil à toile,8,non,,804091
fil à tricoter,147,non,,804091
fil à voile,423,non,,804091
fil auville,1,non,,804091
fil blanc,273,non,,804091
fil blanc à corder,1,oui,,804091
fil blanc à coudre,314,non,,804091
fil blanc bas prix,17,non,,804091
fil blanc commun,1,non,,804091
fil blanc d'Épinal,9,non,,804091
fil blanc de chanvre,7,non,,804091
fil blanc de lin,2,non,,804091
fil blanc de lin d'Épinal,1,non,,804091
fil blanc de Rennes,3,non,,804091
fil blanc et couleur,1,non,,804091
fil blanc fin,5,non,,804091
fil blanc haut prix,18,non,,804091
fil blanc retors,9,non,,804091
fil cardé,5,non,,804091
fil chèvre,1,non,,804091
fil commun,6,non,,804091
fil corailleur,2,non,,804091
fil crin,3,non,,804091
fil cru,152,non,,804091
fil cru à toile,5,non,,804091
fil cru en masse,1,non,,804091
fil cru simple,1,non,,804091
fil d'acier,10,non,,804091
fil d'arbalètes,1,non,,804091
fil d'archal,4,non,,804091
fil d'argent,15,non,,804091
fil d'argent et d'or,26,non,,804091
fil d'argent et d'or faux,2,non,,804091
fil d'argent et d'or fin,4,non,,804091
fil d'argent faux,1,non,,804091
fil d'argent fin,1,non,,804091
fil d'Auvergne,1,non,,804091
fil d'emballage,1,non,,804091
fil d'Épinal,2,non,,804091
fil d'Épinal de Silésie,96,non,,804091
fil d'Épinal gris,3,non,,804091
fil d'Épinal simple,1,non,,804091
fil d'Epinay,1,non,,804091
fil d'épreuve,10,non,,804091
fil d'Espagne,1,non,,804091
fil d'espars,2,non,,804091
fil d'Espinay,6,non,,804091
fil d'estame,5,non,,804091
fil d'étoupes,130,non,,804091
fil d'étoupes de chanvre,1,non,,804091
fil d'étoupes de lin,1,non,,804091
fil d'or,44,non,,804091
fil d'or faux,5,non,,804091
fil d'or fin,9,non,,804091
fil d'or sur soie,3,non,,804091
fil d'or surdoré,1,non,,804091
fil d'or vrai,2,non,,804091
fil de Bergagne,1,non,,804091
fil de Bieustons,2,non,,804091
fil de Bourgogne,31,non,,804091
fil de Bretagne,29,non,,804091
fil de canette,1,non,,804091
fil de caret,38,non,,804091
fil de caret ou de voile,1,non,,804091
fil de chanvre,137,non,,804091
fil de chanvre cru,4,non,,804091
fil de chanvre d'étoupes,1,non,,804091
fil de chanvre écru,5,non,,804091
fil de chanvre ou de lin,261,non,,804091
fil de chanvre ou de lin à coudre retors et teint,28,non,,804091
fil de chanvre ou de lin bis ou herbé écru d'étoupes simple,2,non,,804091
fil de chanvre ou de lin bis ou herbé écru de mulquinerie simple,1,non,,804091
fil de chanvre ou de lin bis ou herbé écru simple autre que pour voile,2,non,,804091
fil de chanvre ou de lin bis ou herbé écru simple pour voile,2,non,,804091
fil de chanvre ou de lin blanchi à dentelle ou bis herbé retors,2,non,,804091
fil de chanvre ou de lin blanchi à dentelle retors,2,non,,804091
fil de chanvre ou de lin blanchi autre qu'à dentelle ou bis herbé retors,2,non,,804091
fil de chanvre ou de lin blanchi retors,5,non,,804091
fil de chanvre ou de lin blanchi simple,9,non,,804091
fil de chanvre ou de lin écru d'étoupes simple,6,non,,804091
fil de chanvre ou de lin écru de mulquinerie simple,3,non,,804091
fil de chanvre ou de lin écru pour voile,2,non,,804091
fil de chanvre ou de lin écru retors,9,non,,804091
fil de chanvre ou de lin écru retors autre que pour voile,2,non,,804091
fil de chanvre ou de lin écru retors pour voile,4,non,,804091
fil de chanvre ou de lin écru simple,5,non,,804091
fil de chanvre ou de lin écru simple pour voile,6,non,,804091
fil de chanvre ou de lin pour dentelle écru retors,2,non,,804091
fil de chanvre ou de lin retors teint,8,non,,804091
fil de chanvre ou de lin simple teint,4,non,,804091
fil de chanvre pour voile,1,non,,804091
fil de chanvre retors,1,non,,804091
fil de chanvre riz,1,non,,804091
fil de charrettes,14,non,,804091
fil de chèvre,479,non,,804091
fil de chevrette,2,non,,804091
fil de corailleur,45,non,,804091
fil de cordonnier,2,non,,804091
fil de coton,1510,non,,804091
fil de coton blanc,8,non,,804091
fil de coton bleu,1,non,,804091
fil de coton commun,32,non,,804091
fil de coton de Boza,1,non,,804091
fil de coton de retour,1,non,,804091
fil de coton des Îles et des Îndes,1,non,,804091
fil de coton des Indes,33,non,,804091
fil de coton du Levant,64,non,,804091
fil de coton étranger,1,non,,804091
fil de coton fin,6,non,,804091
fil de coton fin d'once,17,non,,804091
fil de coton pur ou mélangé,1,non,,804091
fil de coton rouge,7,non,,804091
fil de coton teint,4,non,,804091
fil de couleur,30,non,,804091
fil de couleur à coudre,2,non,,804091
fil de couleur de Rennes,4,oui,,804091
fil de couleurs,3,non,,804091
fil de couture,1,non,,804091
fil de crin,3,non,,804091
fil de cuivre,2,non,,804091
fil de cuivre argenté,2,non,,804091
fil de cuivre doré,1,non,,804091
fil de cuivre en barreaux ronds,1,non,,804091
fil de cuivre pour fabrication d'épingles,1,non,,804091
fil de cuivre pur,2,non,,804091
fil de cuivre pur non-teint,4,non,,804091
fil de cuivre pur teint,1,non,,804091
fil de dorure,2,non,,804091
fil de fer,1052,non,,804091
fil de fer à carder,49,non,,804091
fil de fer de Couty,1,non,,804091
fil de fer et de laiton,1,non,,804091
fil de fer gros,41,non,,804091
fil de fer même étamé,7,non,,804091
fil de fer ordinaire,8,non,,804091
fil de fer passe perles,41,non,,804091
fil de fer passepoil,1,non,,804091
fil de fer pour la Compagnie des Indes,4,non,,804091
fil de filoselle,8,non,,804091
fil de Flandre,2,non,,804091
fil de Flandre fin,1,non,,804091
fil de fleuret,2,non,,804091
fil de forêt,2,non,,804091
fil de France,1,non,,804091
fil de Hollande,2,non,,804091
fil de laine,30,non,,804091
fil de laine à broder,1,non,,804091
fil de laine à coudre,1,non,,804091
fil de laine blanc,101,non,,804091
fil de laine commune,343,non,,804091
fil de laine en masse,1,non,,804091
fil de laine fine,18,non,,804091
fil de laine fine et teinte,13,non,,804091
fil de laine grasse,2,oui,,804091
fil de laine lavé,1,non,,804091
fil de laine ou sayette blanche,33,non,,804091
fil de laine ou sayette teinte,2,non,,804091
fil de laine pour tenture,3,non,,804091
fil de laine teint,130,non,,804091
fil de laine teinte,5,non,,804091
fil de laine teinte pour broder,1,non,,804091
fil de laiton,781,non,,804091
fil de laiton argenté,3,non,,804091
fil de laiton et laiton,23,non,,804091
fil de laiton fourrure rosette et monnaie,2,non,,804091
fil de laiton jaune,111,non,,804091
fil de laiton jaune et noir,12,non,,804091
fil de laiton jaune et noir pour épingle,20,non,,804091
fil de laiton non poli,1,non,,804091
fil de laiton poli,5,non,,804091
fil de laiton poli pour cordes d'instrument,1,non,,804091
fil de laiton poli pour instrument,1,non,,804091
fil de laiton pour cordes d'instrument,3,non,,804091
fil de latez,1,non,,804091
fil de layette,1,non,,804091
fil de lignes,1,non,,804091
fil de lin,95,non,,804091
fil de lin à coudre,6,non,,804091
fil de lin bis,15,non,,804091
fil de lin bis blanc,10,non,,804091
fil de lin bis retors,1,non,,804091
fil de lin bis simple,1,non,,804091
fil de lin blanc,213,non,,804091
fil de lin blanc de 10 à 12 florins la livre,3,non,,804091
fil de lin blanc de 5 à 8 florins la livre,2,non,,804091
fil de lin blanc et cru pour dentelle,3,non,,804091
fil de lin blanc non tordu,2,non,,804091
fil de lin blanc pour dentelle,6,non,,804091
fil de lin blanc retors,8,non,,804091
fil de lin blanc simple,4,non,,804091
fil de lin cru,131,non,,804091
fil de lin cru à toile,2,non,,804091
fil de lin cru de 10 à 12 florins la livre,2,non,,804091
fil de lin cru de bas prix,6,non,,804091
fil de lin cru haut prix,3,non,,804091
fil de lin cru pour dentelle,5,non,,804091
fil de lin cru simple,2,non,,804091
fil de lin d'Épinal,2,non,,804091
fil de lin de couleur,1,non,,804091
fil de lin divers,6,non,,804091
fil de lin écru,16,non,,804091
fil de lin écru audelis,1,non,,804091
fil de lin fin,3,non,,804091
fil de lin fin retors,1,non,,804091
fil de lin gris,2,non,,804091
fil de lin gris retors,1,non,,804091
fil de lin gris simple,3,non,,804091
fil de lin non retors,1,non,,804091
fil de lin retors,40,non,,804091
fil de lin simple,6,non,,804091
fil de lin simple commun,1,non,,804091
fil de lin teint,139,non,,804091
fil de lin teint à coudre,1,non,,804091
fil de lin teint retors,1,non,,804091
fil de lin tors cru et simple cru,5,non,,804091
fil de literie,1,non,,804091
fil de loupe,1,non,,804091
fil de ménage,8,non,,804091
fil de Morlaix,1,non,,804091
fil de mulquinerie,3,non,,804091
fil de Niort,27,non,,804091
fil de palamard,10,non,,804091
fil de palangre,4,non,,804091
fil de palme,1,non,,804091
fil de passe-perle,1,non,,804091
fil de plocq,7,non,,804091
fil de poil de bœuf,1,non,,804091
fil de poil de cheval,2,non,,804091
fil de poil de chèvre,216,non,,804091
fil de poils autres que chèvre laine et plocq,1,non,,804091
fil de poils divers,1,non,,804091
fil de remsal,1,non,,804091
fil de Rennes,214,non,,804091
fil de ritte,9,non,,804091
fil de Rouen,3,non,,804091
fil de sayette,9,non,,804091
fil de sennes,45,oui,,804091
fil de Silésie,9,non,,804091
fil de soie,5,non,,804091
fil de téton,5,non,,804091
fil de tisserand,30,non,,804091
fil de toile,1,non,,804091
fil de Turquie blanc,3,non,,804091
fil de Turquie cru,2,non,,804091
fil de Turquie teint,2,non,,804091
fil de verre,1,non,,804091
fil de ville,1,non,,804091
fil de voile,6,non,,804091
fil divers,24,non,,804091
fil dorure ??? fin,3,non,,804091
fil dorure d'argent,21,non,,804091
fil dorure d'argent et d'or,20,non,,804091
fil dorure d'argent et d'or faux,16,non,,804091
fil dorure d'argent et d'or fin,17,non,,804091
fil dorure d'or,49,non,,804091
fil du Piémont,39,non,,804091
fil écru,7,non,,804091
fil en gueule,1,non,,804091
fil en lin,2,non,,804091
fil en masse,75,non,,804091
fil en peignée,1,non,,804091
fil en pelotte,1,non,,804091
fil en poignée,10,non,,804091
fil et planches de laiton,13,non,,804091
fil et soie,1,non,,804091
fil et toile,1,non,,804091
fil everda,1,non,,804091
fil fin,1,non,,804091
fil gris,7,non,,804091
fil gris simple,4,non,,804091
fil gros,6,non,,804091
fil gros à cordonnier,1,non,,804091
fil grossier,1,non,,804091
fil lessivé,1,non,,804091
fil neuf,1,non,,804091
fil noir,1,non,,804091
fil non retors,1,non,,804091
fil or et rang fin,5,non,,804091
fil ordinaire,2,non,,804091
fil ouvré,1,non,,804091
fil passe perle,2,non,,804091
fil plat,5,non,,804091
fil pour voile,2,non,,804091
fil pour voile pour la Compagnie des Indes,1,non,,804091
fil retors,20,non,,804091
fil retors à coudre,6,non,,804091
fil roux,1,non,,804091
fil simple,7,non,,804091
fil superfin,2,non,,804091
fil teint,14,non,,804091
fil teuil,1,non,,804091
fil tors,8,non,,804091
filasse,15,non,,804091
filasse apprêtée,1,non,,804091
filasse d'aloès,1,non,,804091
filets,165,non,,804091
filets à pêcher,300,non,,804091
filets à pêcher éperviers,1,non,,804091
filets à pêcher le poisson frai,1,non,,804091
filets à pêcher par Marseille,1,non,,804091
filets à pêcher petit poisson,2,non,,804091
filets à pêcher sardineaux,1,oui,,804091
filets à pêcher vieux,2,non,,804091
filets à petit poisson,1,non,,804091
filets à sardineaux,36,non,,804091
filets à sardines,8,non,,804091
filets à sennes,3,non,,804091
filets d'auf,5,non,,804091
filets d'espars,268,non,,804091
filets d'espars à pêcher,1,non,,804091
filets de chanvre,1,non,,804091
filets de chasse,1,non,,804091
filets de palme,6,non,,804091
filets de patines,1,non,,804091
filets de sardineaux,1,oui,,804091
filets et lignes à pêcher,17,non,,804091
filets et ustensiles de pêche,13,non,,804091
filets pour la chasse et la pêche,77,non,,804091
filets vieux,5,non,,804091
filières,3,non,,804091
filières d'agate,3,non,,804091
filières de corail,1,non,,804091
filin,104,non,,804091
filin à cordage,3,non,,804091
filoers ou safran sauvage,37,non,,804091
filoselle,174,non,,804091
filoselle et bourre de soie,11,non,,804091
filoselle et fleuret,1,non,,804091
filoselle et fleuret et bourre de soie,31,non,,804091
filoselle et gilets de coton,1,non,,804091
filoselle et soie,170,non,,804091
fils à coudre et autre,5,oui,,804091
fine,1,non,,804091
fine fleur de farine,1,non,,804091
finette,5,non,,804091
finette de laine,2,non,,804091
finette des prises,3,non,,804091
finette étoffe,1,non,,804091
fioles,2,non,,804091
fioles de verre,3,non,,804091
fioles de verre blanc,1,non,,804091
fioles pour apothicaire,94,non,,804091
fioles vides,1,non,,804091
flacons,10,non,,804091
flacons à virole d'étain,1,non,,804091
flacons canettes,1,non,,804091
flacons d'osier,1,non,,804091
flacons de crème,1,non,,804091
flacons de cristal,1,non,,804091
flacons de rechange,5,non,,804091
flacons de terre,2,non,,804091
flacons de verre,54,non,,804091
flacons de verre à virole,1,non,,804091
flacons de verre sans virole,1,non,,804091
flacons de verres,4,non,,804091
flacons florentins,1,non,,804091
flacons peints,1,non,,804091
flacons pour caves garnies,1,non,,804091
flacons vides,2,non,,804091
flambeaux,29,non,,804091
flambeaux argentés,1,non,,804091
flambeaux argentés de cuivre,1,non,,804091
flambeaux d'harpoise,8,non,,804091
flambeaux de cire,6,non,,804091
flambeaux de cire blanche,3,non,,804091
flambeaux de cire rouge,2,non,,804091
flambeaux de mer,4,non,,804091
flanelle,290,non,bas de gamme,18109
flanelle à fleurs,43,non,bas de gamme,18109
flanelle blanche,14,non,,804091
flanelle commune,1,non,,804091
flanelle coton à fleurs,3,non,,804091
flanelle de coton,1,non,,804091
flanelle de laine,95,non,,804091
flanelle de laine 900 lignes,1,non,,804091
flanelle de laine de saisie,1,non,,804091
flanelle de laine grosse,1,non,,804091
flanelle de laine imprimée,2,non,,804091
flanelle de santé autorisation spéciales,1,non,,804091
flanelle des prises,2,non,,804091
flanelle du Béarn,2,non,,804091
flanelle et Bergopzoom,72,non,,804091
flanelle fil et laine,1,non,,804091
flanelle fine,4,non,,804091
flanelle imprimée,41,non,bas de gamme,18109
flanelle peinte,10,non,,804091
flanelle rayée,3,non,,804091
flanelle simple,1,non,,804091
flasques à repasser,1,non,,804091
fléaux à poids de fer,1,non,,804091
fléaux de balance,2,non,,804091
fléaux de balance de fer,91,non,,804091
fléaux de fer,114,non,,804091
fléaux de fer avec garniture,1,non,,804091
fléaux de fer et leur bassin,1,non,,804091
fléaux de fer et poids,2,non,,804091
fléaux de soufre,1,non,,804091
fléaux et balance,1,non,,804091
fléaux et leur garniture,1,non,,804091
fléaux et poids de fer,1,non,,804091
fléaux pour faucher,1,non,,804091
flèches,11,non,,804091
flèches à prendre des huîtres,1,non,,804091
flèches de marine,1,non,,804091
flèches de métal,1,non,,804091
flèches en quart de nonante,2,non,,804091
flèches et compas,1,non,,804091
flèches marines,24,non,,804091
fleuret,77,non,,804091
fleuret à coudre,1,non,,804091
fleuret à faire des armes,2,non,,804091
fleuret et filoselle,1,non,,804091
fleuret et lames de fleuret,72,non,,804091
fleuret et soie,7,non,,804091
fleurs,40,non,,804091
fleurs à cailler le lait,4,non,,804091
fleurs aromatiques,18,non,,804091
fleurs artificielles,746,non,,804091
fleurs artificielles avec argent,1,non,,804091
fleurs artificielles de jasmin,1,non,,804091
fleurs artificielles des Indes,1,non,,804091
fleurs artificielles et aigrettes,118,non,,804091
fleurs artificielles et ouvrages de modes,32,non,,804091
fleurs autres que de lavande et d'oranger,27,non,,804091
fleurs autres que médicinales,2,non,,804091
fleurs cannelle,1,non,,804091
fleurs d'aspic,86,non,,804091
fleurs d'avoine,1,non,,804091
fleurs d'esquinante,3,non,,804091
fleurs d'estima,1,non,,804091
fleurs d'iris,1,non,,804091
fleurs d'oranger,49,non,,804091
fleurs d'oranger et de lavande,6,non,,804091
fleurs d'oranger et de rose,2,non,,804091
fleurs de ???,1,non,,804091
fleurs de balauste,3,non,,804091
fleurs de benjoin,9,non,,804091
fleurs de bœuf,1,non,,804091
fleurs de bouquets,1,non,,804091
fleurs de busam,1,non,,804091
fleurs de cannelle,35,non,,804091
fleurs de chardon,1,non,,804091
fleurs de Chine,2,non,,804091
fleurs de dictame,12,non,,804091
fleurs de fer,2,non,,804091
fleurs de froment,1,non,,804091
fleurs de grenade,1,non,,804091
fleurs de houblon,1,non,,804091
fleurs de jardin,2,non,,804091
fleurs de jasmin,2,non,,804091
fleurs de laurier,1,non,,804091
fleurs de lavande,12,non,,804091
fleurs de lavande et d'oranger,49,non,,804091
fleurs de moutarde,3,non,,804091
fleurs de mouton,5,non,,804091
fleurs de muscade,25,non,,804091
fleurs de pin,4,non,,804091
fleurs de poix,1,non,,804091
fleurs de romarin,9,non,,804091
fleurs de rose,5,non,,804091
fleurs de siascade,1,non,,804091
fleurs de souffle,1,oui,,804091
fleurs de soufre,193,non,,804091
fleurs de soufre et soufre,2,non,,804091
fleurs de verre,2,non,,804091
fleurs de violette,102,non,,804091
fleurs sèches,4,non,,804091
fleurs violettes,1,non,,804091
florentine,1,non,,804091
flûtes,10,non,,804091
flûtes de bois de buis,1,non,,804091
flûtes douces,3,non,,804091
flûtes douces et hautbois et traversières,49,non,,804091
flûtes hautbois et traversières,5,non,,804091
flûtes traversières,2,non,,804091
foie,1,non,,804091
foin,329,non,,804091
foin et paille,1,non,,804091
foin paille et herbes de pâturage,3,non,,804091
foin paille herbes et pâturage,1,non,,804091
folas,3,non,,804091
folicule,2,oui,,804091
folium,3,non,,804091
folium geriofilalum,2,non,,804091
folium indi,1,non,,804091
folium indicum,1,non,,804091
folle,1,non,,804091
follicule,5,oui,,804091
follicule de séné,179,non,,804091
follicule de séné et séné,18,non,,804091
fonçaille,98,non,,804091
fonçaille à barriques,4,oui,,804091
fonçaille à pipes,4,oui,,804091
fonçaille de 2.5m,1,non,,804091
fonçaille pour barriques,7,non,,804091
fonçailles pour pipes,5,non,,804091
fondette de corail,20,non,,804091
fonds ?,453,non,,804091
fonds à meule blancs,1,non,,804091
fonds de bassin,1,non,,804091
fonds de bassines,1,non,,804091
fonds de bateau ?,1,non,,804091
fonds de cuivre,19,non,,804091
fonds de cuivre vieux,1,non,,804091
fonds de cuve,1,non,,804091
fonds et fourrure de cuivre,3,non,,804091
fontaine de cuivre,1,non,,804091
fontaine de faïence,2,non,,804091
fontaine de faïence et sa cuvette,1,non,,804091
fontaine de fer-blanc,17,non,,804091
fontaine de fer-blanc de peint,1,non,,804091
fontaine de fer-blanc et sa cuvette,1,non,,804091
fontaine de fer-blanc peinte et son bassin,1,non,,804091
fontaine de marbre,1,non,,804091
fontaine de verres,1,non,,804091
fonte,4,non,,804091
fonte brute,4,non,,804091
fonte brute en blocailles,1,non,,804091
fonte brute en gueuses,1,non,,804091
fonte brute en gueuses de 400 kilogrammes au moins,3,non,,804091
fonte de cloche,1,non,,804091
fonte de cuir pour pistolets,1,non,,804091
fonte de cuivre,1,non,,804091
fonte de métal,2,non,,804091
fonte de pistolet,20,non,,804091
fonte de pistolets de cuir de Russie,1,non,,804091
fonte en gueuses,1,non,,804091
fonte en gueuses et blocaille,2,non,,804091
fonte épurée,1,non,,804091
fonte moulée,7,non,,804091
fonte moulée à la vapeur et estagnons,1,non,,804091
fonte moulée pour modèles,2,non,,804091
fonte moulée pour projectiles de guerre,1,non,,804091
fonte pour cloches,1,non,,804091
fonte vieille,3,non,,804091
forces à drapier,47,non,,804091
forces à drapiers,1,oui,,804091
forces à tondre,3,non,,804091
forme,2,non,,804091
forme à cendre,1,non,,804091
forme à chapeaux,3,non,,804091
forme à cordonnier,4,non,,804091
forme à pot à fleur,1,non,,804091
forme à soulier,13,non,,804091
forme à sucre,28,non,,804091
forme à sucre de terre,65,non,,804091
forme à sucre et pots,12,non,,804091
forme à sucre et pots de terre,7,non,,804091
forme de bois,1,non,,804091
forme de cuivre,1,non,,804091
forme de terre,3,non,,804091
forme de terre à faire,1,non,,804091
forme de terre à sucre,3,oui,,804091
forme de terre et fabrique de fer,3,non,,804091
forme et pots à fèves,1,non,,804091
forme ou pot de terre pour sucre,2,non,,804091
formes et pots,2,non,,804091
fort en diable,8,non,,804091
forte-piano,7,non,,804091
forte-piano à la valeur,2,non,,804091
forte-piano à queue,1,non,,804091
forte-piano au nombre,4,non,,804091
forte-piano carré,1,non,,804091
fotail,1,non,,804091
fotalis,3,non,,804091
fotamora,2,non,,804091
fotas,1,non,,804091
fottes,98,non,milieu de gamme,43973
foudarg,1,non,,804091
foudre à vin,1,non,,804091
fouets,6,non,,804091
fouets et guêtres,1,non,,804091
fouets et manches de fouets,76,non,,804091
fougères,2,non,,804091
fougons,6,non,,804091
foulard,7,non,,804091
foulard des prises,1,non,,804091
foulas,5,non,,804091
fouleries,4,non,,804091
four,1,non,,804091
fourches de fer,1,non,,804091
fourchettes d'acier,1,non,,804091
fourchettes d'étain,1,non,,804091
fourneaux,2,non,,804091
fourneaux de brique,20,non,,804091
fourneaux de fer,13,non,,804091
fourneaux de fer de 60 livres,1,non,,804091
fourneaux de fonte de fer,1,non,,804091
fourneaux de mane,1,non,,804091
fourneaux de pierre,5,non,,804091
fourneaux de plâtre,8,non,,804091
fourneaux de terre,9,non,,804091
fourneaux de tuffau,1,non,,804091
fourneaux en fonte,1,non,,804091
fourniments,1,non,,804091
fourrages,189,non,,804091
fourrages d'horlogerie,1,non,,804091
fourrages de son,17,non,,804091
fourrages en fagots,1,non,,804091
fourrages en mervello,2,non,,804091
fourrages et pâturage,0,non,,804091
fourré,26,non,,804091
fourreaux d'épée,55,non,,804091
fourreaux d'épée et de sabre,3,non,,804091
fourreaux de baïonnette,4,non,,804091
fourreaux de baïonnette de cuir,2,non,,804091
fourreaux de pistolets,3,non,,804091
fourreaux depissetés faux,1,non,,804091
fourrure,182,non,,804091
fourrure de cuivre,52,non,,804091
fourrure de cuivre et mozette de cuivre,15,non,,804091
fourrure de martre,2,non,,804091
fourrure de panthère,1,non,,804091
fourrure de peaux de mouton,1,non,,804091
fourrure de petit gris,7,non,,804091
fourrure de soie,114,non,bas de gamme,18109
fourrure dos gorge nappe queue ventre,2,non,,804091
fourrure peaux entières,2,non,,804091
fraises à l'eau-de-vie,5,non,,804091
fraises de Chypre,1,non,,804091
fraisset de vermillon,18,non,,804091
frange d'argent,2,non,,804091
frange d'argent faux,1,non,,804091
frange d'argent fin,1,non,,804091
frange d'or,3,non,,804091
frange d'or et d'argent,8,non,,804091
frange d'or et d'argent faux,4,non,,804091
frange d'or faux,5,non,,804091
frange d'or vieille,1,non,,804091
frange de fil pour vestes par garniture,1,non,,804091
frange de raiseau d'argent et d'or,1,non,,804091
frange de soie,19,non,haut de gamme,12084
freisseit de vermillon,1,non,,804091
frequins,3,non,,804091
fressel de vermichel,1,non,,804091
fretilles,1,non,,804091
freze,1,non,,804091
frions,3,non,,804091
friperie,41,non,,804091
friperie vieille,1,non,,804091
fris,1,non,,804091
frisade,36,non,,804091
frisade blanche,31,non,,804091
frisade de laine,1,non,,804091
frisade et Bergopzoom,34,non,,804091
frisade teinte,27,non,,804091
frise,8,non,,804091
frise à la gode,8,non,,804091
frise des prises,1,non,,804091
frise sèche,1,non,,804091
frises de laine,1,non,,804091
frisette de laine,1,non,,804091
frisons d'Angleterre,6,non,,804091
frisons de laine,2,non,,804091
froc,1,non,,804091
froc de Bolbec,2,non,,804091
froc de laine,3,non,,804091
froc de Lisieux,1,non,,804091
fromage,2849,non,,804091
fromage à moitié avarié,1,non,,804091
fromage au quart avarié,1,non,,804091
fromage commun,559,non,,804091
fromage cru,6,non,,804091
fromage d'Angleterre,75,non,,804091
fromage d'Auvergne,49,non,,804091
fromage d'herbes,1,non,,804091
fromage d'Irlande,3,non,,804091
fromage de Brie,27,non,,804091
fromage de Chassenay,1,non,,804091
fromage de Chester,14,non,,804091
fromage de chèvre,15,non,,804091
fromage de Comté,25,non,,804091
fromage de Gruyère,314,non,,804091
fromage de Hollande,293,non,,804091
fromage de Hollande et doux,131,non,,804091
fromage de lait doux,17,non,,804091
fromage de Livarot,1,non,,804091
fromage de Majorque,1,non,,804091
fromage de Maroilles,37,non,,804091
fromage de Milan,1,non,,804091
fromage de Normandie,9,non,,804091
fromage de Parme,62,non,,804091
fromage de parmesan,32,non,,804091
fromage de Roquefort,55,non,,804091
fromage de Sardaigne,17,non,,804091
fromage de Sassenage,4,non,,804091
fromage de Suisse,8,non,,804091
fromage du pays,6,non,,804091
fromage en boite,1,non,,804091
fromage en jambon,1,non,,804091
fromage en pièces de 50 livres,0,non,,804091
fromage et sulfure,1,non,,804091
fromage étranger,1,non,,804091
fromage fin,1,non,,804091
fromage Hollande,1,non,,804091
fromage moutarde etc.,1,non,,804091
fromage national,1,non,,804091
fromage pour l'entrepôt de la Compagnie des Indes,1,non,,804091
froment,40,non,,804091
frottoir,1,non,,804091
fruits,915,non,,804091
fruits ?,1,non,,804091
fruits à dénommer,2,non,,804091
fruits à distiller,1,non,,804091
fruits à l'eau-de-vie,2,non,,804091
fruits apprêtés,1,non,,804091
fruits au vinaigre,22,non,,804091
fruits au vinaigre et cornichons,16,non,,804091
fruits casse sans apprêts,39,non,,804091
fruits confits,19,non,,804091
fruits confits à l'eau-de-vie,454,non,,804091
fruits confits à l'eau-de-vie et au sucre,14,non,,804091
fruits confits au sucre,44,non,,804091
fruits confits divers,33,non,,804091
fruits confits en confitures des Îles,1,non,,804091
fruits confits en vinaigre,38,non,,804091
fruits confits fins,1,non,,804091
fruits crus secs et à l'eau-de-vie,5,non,,804091
fruits cuits,100,non,,804091
fruits cuits secs,3,non,,804091
fruits de Corinthe,1,non,,804091
fruits de table confits,7,non,,804091
fruits de table conflits à l'eau-de-vie,2,non,,804091
fruits de table exotiques frais,2,non,,804091
fruits de table frais autres que citron orange et leurs variétés,2,non,,804091
fruits de table frais indigènes,2,non,,804091
fruits de table secs et tapés,5,non,,804091
fruits de table secs et tapés autres que pistache,2,non,,804091
fruits des Îles et des Indes,3,non,,804091
fruits divers et graine,1,non,,804091
fruits en confitures,7,oui,,804091
fruits et légumes confits au vinaigre,33,non,,804091
fruits et légumes confits et marinés,67,non,,804091
fruits frais,1176,non,,804091
fruits frais de table,3,non,,804091
fruits frais en barils,0,oui,,804091
fruits frais vendangés,1,non,,804091
fruits médicinaux,2,non,,804091
fruits médicinaux et herbes médicinaux et plantes médicinaux et racines médicinaux,52,non,,804091
fruits moulus divers,7,non,,804091
fruits myrobolan confit,4,non,,804091
fruits oléagineux,4,non,,804091
fruits prunes et pruneaux,1,non,,804091
fruits rudes,11,non,,804091
fruits salés,2,non,,804091
fruits salés marinés,1,non,,804091
fruits secs,1257,non,,804091
fruits secs confits,1,non,,804091
fruits secs et à l'eau-de-vie,4,non,,804091
fruits secs et à l'eau-de-vie amandes cassées et en corps et prunes ???,5,non,,804091
fruits secs et confits,9,non,,804091
fruits tamarin confit dans le sucre,26,non,,804091
fruits verts,50,non,,804091
fruits verts en crus et châtaignes,3,non,,804091
fruittes,1,non,,804091
fumier,92,non,,804091
fumier commun,112,non,,804091
fumier de pigeon et autres,104,non,,804091
fumier de pigeons,6,non,,804091
funin,4,non,,804091
funin ou fouets,0,non,,804091
furets,6,non,,804091
furgons,1,non,,804091
fuseaux,32,non,,804091
fusée à bombes,1,non,,804091
fusée volante,1,non,,804091
fusée volantes ?,0,non,,804091
fusils,308,non,,804091
fusils à deux coups,3,non,,804091
fusils à double canons,1,non,,804091
fusils communs,1,non,,804091
fusils damasquinés,2,non,,804091
fusils de boucaniers,77,non,,804091
fusils de boucaniers fins,1,non,,804091
fusils de chasse,31,non,,804091
fusils de chasse à deux coups,3,non,,804091
fusils de forêt,1,non,,804091
fusils de maître,12,non,,804091
fusils de munitions,1,non,,804091
fusils de traite,95,non,,804091
fusils démontés,116,non,,804091
fusils et carabines,133,non,,804091
fusils et leurs baïonnettes,1,non,,804091
fusils et pistolets,1,non,,804091
fusils neufs,4,non,,804091
fusils ordinaires,3,non,,804091
fusils pour l'entrepôt pour la Guinée,1,non,,804091
fusils vieux,3,non,,804091
fustages,1,non,,804091
fustet,1,non,,804091
futaillerie,40,non,,804091
futaillerie de bois,1,non,,804091
futaillerie de Saint-Claude,24,non,,804091
futaillerie des Flandres,7,non,,804091
futaillerie grossière,5,non,,804091
futaillerie Saint-Claude,1,non,,804091
futailles,432,non,,804091
futailles ???,1,non,,804091
futailles à l'eau,1,non,,804091
futailles cerclées de bois montées vides,5,non,,804091
futailles cerclées de fer,3,non,,804091
futailles cerclées de fer montées vides,4,non,,804091
futailles de bois,2,non,,804091
futailles de bois cerclées de fer montées vides,1,non,,804091
futailles de bois cerclées montées vides,1,non,,804091
futailles de bois démontées vides,2,non,,804091
futailles de bois montées vides,2,non,,804091
futailles de tonnelier,1,oui,,804091
futailles démontées vides,5,non,,804091
futailles diverses,1,non,,804091
futailles en barriques vieilles ???,4,oui,,804091
futailles en bottes,1,non,,804091
futailles en petits barils,1,non,,804091
futailles et beurre,0,non,,804091
futailles petites,1,non,,804091
futailles vides,313,non,,804091
futailles vides de tonnelier,2,non,,804091
futailles vides en lest,1,non,,804091
futailles vides ou autres ustensiles de pêche,5,non,,804091
futailles vieilles,21,non,,804091
futaine,71,non,bas de gamme,18109
futaine blanche,16,non,,804091
futaine de 20 aunes,1,non,,804091
futaine de coton,7,non,,804091
futaine de laine,5,non,,804091
futaine de Tournai,2,non,,804091
futaine de toutes sortes,11,non,,804091
futaine et velours,1,non,,804091
futaine peinte,6,non,,804091
fûts,131,non,,804091
fûts à sas,4,non,,804091
fûts de Grenois,1,non,,804091
fûts de Nantes,1,non,,804091
fûts et merrains,1,non,,804091
futte,1,non,,804091
g ???,1,non,,804091
gablanan,1,non,,804091
gaffes,0,non,,804091
gaffes de 11 à 20 pieds,1,non,,804091
gaffes de sapin,1,non,,804091
gaïac,13,non,,804091
gaine,1,non,,804091
gaine à couteaux,4,non,,804091
gaine bleue,1,non,,804091
gaine de chaudière,1,non,,804091
gaine de couteau,10,non,,804091
gaine de couteau de papier,1,non,,804091
gaine de limon,1,oui,,804091
gaine jaune,1,non,,804091
gaints de chamois en paires,0,non,,804091
galanga,74,non,,804091
galanga des Indes,1,non,,804091
galanterie,7,non,,804091
galbanum,72,non,,804091
galbes,1,non,,804091
galets,11,non,,804091
galette de genièvre,1,non,,804091
galette de porcelaine,1,non,,804091
galette et gaufrettes,3,non,,804091
galette rouge,1,non,,804091
galins,1,non,,804091
galipot,49,non,,804091
galipot en grabeau,1,non,,804091
galipot ou poix,4,non,,804091
galle,868,non,,804091
galle alepine,1,non,,804091
galle d'Alep,38,non,,804091
galle d'Italie,1,non,,804091
galle du Levant,52,non,,804091
galle en sorte,2,non,,804091
galle entière légère pulvérisée,1,non,,804091
galle légère,41,non,,804091
galle romaine,4,non,,804091
gallule,1,non,,804091
gallus,1,non,,804091
galoches,15,non,,804091
galon,8,non,,804091
galon à peu de soie,3,non,,804091
galon au quart de soie,3,non,,804091
galon brûlé,22,non,,804091
galon d'argent,98,non,,804091
galon d'argent brûlé,1,non,,804091
galon d'argent et d'or,133,non,,804091
galon d'argent et d'or faux,22,non,milieu de gamme,43973
galon d'argent et d'or fin,25,non,,804091
galon d'argent et or,1,non,,804091
galon d'argent et or vieux,1,non,,804091
galon d'argent faux,3,non,,804091
galon d'argent fin,5,non,,804091
galon d'argent vieux,1,non,,804091
galon d'or,136,non,,804091
galon d'or en bord,2,non,,804091
galon d'or et d'argent,3,non,,804091
galon d'or et d'argent faux,111,non,,804091
galon d'or et d'argent fin,129,non,,804091
galon d'or faux,45,non,milieu de gamme,43973
galon d'or fin,40,non,,804091
galon de fil,55,non,bas de gamme,18109
galon de fil d'or,1,non,,804091
galon de fil et de soie,5,non,,804091
galon de fil noir,1,non,,804091
galon de filoselle,25,non,bas de gamme,18109
galon de fleuret,37,non,bas de gamme,18109
galon de laine,23,non,milieu de gamme,43973
galon de livrée,13,non,,804091
galon de livrée de soie,1,non,,804091
galon de livrée du roi,1,non,,804091
galon de peau,3,non,,804091
galon de sistème,1,non,,804091
galon de soie,52,non,milieu de gamme,43973
galon de soie et fil,1,oui,,804091
galon de soie et or,1,non,,804091
galon de Tours,1,non,,804091
galon divers,10,non,,804091
galon dorure d'argent,55,non,haut de gamme,12084
galon dorure d'argent et d'or,62,non,haut de gamme,12084
galon dorure d'argent et d'or faux,17,non,,804091
galon dorure d'argent et d'or fin,17,non,,804091
galon dorure d'or,82,non,haut de gamme,12084
galon dorure d'or faux,11,non,,804091
galon dorure d'or fin,18,non,,804091
galon dorure de fil,1,non,,804091
galon en ruban de fil,1,non,,804091
galon en ruban de laine,1,non,,804091
galon et fil d'or,1,non,,804091
galon et fleuret et frange,1,non,,804091
galon et point d'Espagne d'argent et d'or,1,non,,804091
galon fin,2,non,,804091
galon pilé,3,non,,804091
galon soie et fil,2,oui,,804091
galon vieux,1,non,,804091
galop,0,non,,804091
galots de cuivre,1,non,,804091
galou pilé,1,non,,804091
galyson,1,non,,804091
gamelles à jeter l'eau,1,non,,804091
gamelles de bois,5,non,,804091
gan ??? commune,0,non,,804091
ganaga,1,non,,804091
ganepot,1,non,,804091
ganivelles,29,non,,804091
ganses,1,non,,804091
ganses d'or,3,non,,804091
ganses de fleuret,11,non,,804091
ganses de laine,3,non,,804091
gants,38,non,,804091
gants à large ruban,8,non,,804091
gants à petit ruban,5,non,,804091
gants blancs,1,non,,804091
gants bordés de soie,5,non,,804091
gants bordés de soie par paires,5,oui,,804091
gants brodés de soie,2,non,,804091
gants brodés de soie et or,1,non,,804091
gants chamois,2,non,,804091
gants communs,469,non,,804091
gants communs de peau,1,non,,804091
gants communs en paires,0,non,,804091
gants communs par paires,0,oui,,804091
gants d'argent,1,non,,804091
gants d'étame,1,non,,804091
gants de bonneterie,3,non,,804091
gants de castor,26,non,,804091
gants de chamois,81,non,,804091
gants de chamois par paire,0,oui,,804091
gants de chanvre,3,non,,804091
gants de coton,114,non,,804091
gants de cuir,4,non,,804091
gants de daim,1,non,,804091
gants de femme,3,non,,804091
gants de fer,1,non,,804091
gants de fil,108,non,,804091
gants de fil en paires,0,non,,804091
gants de fil et coton,28,non,,804091
gants de fil et de soie,2,non,,804091
gants de fil fins,8,non,,804091
gants de fil par paires,0,oui,,804091
gants de filoselle,6,non,,804091
gants de fleuret,8,non,,804091
gants de frangipane,5,non,,804091
gants de garnis de soie,5,non,,804091
gants de Grenoble,64,non,,804091
gants de Grenoble de peau,1,oui,,804091
gants de laine,181,non,,804091
gants de peau,556,non,,804091
gants de peau communs,143,non,,804091
gants de peau de cabri,2,oui,,804091
gants de peau de cabris,2,non,,804091
gants de peau de daim,2,non,,804091
gants de peau de Grenoble,1,non,,804091
gants de peau divers,4,oui,,804091
gants de peau et autre,16,oui,,804091
gants de peau fins,7,non,,804091
gants de peau garnis de soie,2,non,,804091
gants de peau lisérés de soie,1,oui,,804091
gants de peau pour femme,11,non,,804091
gants de peau pour homme,1,non,,804091
gants de peaux,2,non,,804091
gants de poil,1,non,,804091
gants de poil de lapin,2,non,,804091
gants de renard,1,non,,804091
gants de Rome,3,non,,804091
gants de senteur,6,non,,804091
gants de soie,114,non,,804091
gants de soie et mêlées de soie,2,non,,804091
gants de veau,0,non,,804091
gants de velours,3,non,,804091
gants dits moufles,17,non,,804091
gants divers,22,non,,804091
gants en soie,1,non,,804091
gants et mitaines bordés de soie par paires,0,oui,,804091
gants et mitaines brodés de soie,2,non,,804091
gants et mitaines de filoselle,70,non,,804091
gants et mitaines de soie,133,non,,804091
gants et mitaines garnis de soie par paires,0,oui,,804091
gants et ouvrages de peau,2,non,,804091
gants et pantoufles de coton,5,non,,804091
gants et pantoufles de laine,5,non,,804091
gants garni de ruban,3,non,,804091
gants garnis de soie,6,non,,804091
gants garnis de soie et or,1,non,,804091
gants glacés,1,non,,804091
gants liserés,20,non,,804091
gants liserés de soie,50,non,,804091
gants parfumés,1,non,,804091
gants pour homme,2,non,,804091
ganuers,1,non,,804091
ganvette à faire des ancres,1,non,,804091
garage,0,non,,804091
garance,1205,non,,804091
garance billons,36,non,,804091
garance blanche,1,non,,804091
garance commune,54,non,,804091
garance diverse,18,non,,804091
garance en grappe,2,non,,804091
garance en herbes,2,non,,804091
garance fine,1,non,,804091
garance grappe,29,non,,804091
garance moulue,2,non,,804091
garance moulue et en paille,2,non,,804091
garance moulue ou en paille,5,non,,804091
garance non préparée,2,non,,804091
garance non robée,51,non,,804091
garance préparée,116,non,,804091
garance racines vertes,3,non,,804091
garance robée,1,non,,804091
garancine,6,non,,804091
garans fort,1,non,,804091
garas,84,non,,804091
garas blanc,38,non,bas de gamme,18109
garas bleu,30,non,bas de gamme,18109
garde d'épée de cuivre doré,1,non,,804091
garde-feu,3,non,,804091
garde-feu de fer,2,non,,804091
garde-meuble,2,non,,804091
garde-robe,8,non,,804091
garde-robe de noyer,1,non,,804091
gardes d'épée,4,non,,804091
gardes d'épée argentée,1,non,,804091
gardes d'épée communes,14,non,,804091
gardes d'épée d'argent,19,non,,804091
gardes d'épée d'argent dorée,1,non,,804091
gardes d'épée de cuivre et de fer,7,non,,804091
gardes d'épée en acier,71,non,,804091
gardes d'épée et tabatières d'argent,1,non,,804091
garenne,2,non,,804091
gargousses,1,non,,804091
garnas,1,non,,804091
garniture,2,non,,804091
garniture de blonde,1,non,,804091
garniture de bride,1,non,,804091
garniture de cabrouets,1,non,,804091
garniture de carrosses,1,non,,804091
garniture de commode,4,non,,804091
garniture de dentelle,1,non,,804091
garniture de fauteuil,1,non,,804091
garniture de fusils,8,non,,804091
garniture de fusils et platines de fusils,91,non,,804091
garniture de gaze,2,non,,804091
garniture de gaze noire,1,non,,804091
garniture de lin,1,non,,804091
garniture de lit,3,non,,804091
garniture de lit ayant servi,1,non,,804091
garniture de lit de soie des Indes,1,non,,804091
garniture de lit vieille,1,non,,804091
garniture de pierres fines,1,non,,804091
garniture de ragoût,2,non,,804091
garniture de robes,1,non,,804091
garniture de robes de femme,1,non,,804091
garniture de toilettes,2,non,,804091
garniture des fusils,2,non,,804091
garniture des pistolets et platines des pistolets,3,non,,804091
garniture en velours de deux fauteuils,1,non,,804091
garniture Îles,1,non,,804091
garnitures de selles,1,non,,804091
garonne,2,non,,804091
garos,1,non,,804091
garou et quercitron,3,non,,804091
garras,5,non,,804091
garras bleu,1,non,,804091
garres,5,non,,804091
garres de terre,2,non,,804091
gâteaux de fleurs d'oranger,2,non,,804091
gâteaux de miel,3,non,,804091
gatte noire,1,non,,804091
gaude,34,non,,804091
gaude de sapin,1,non,,804091
gaude et pastel,5,non,,804091
gaude herbes,1,oui,,804091
gaude pastel et sarette,2,non,,804091
gaude pour teinture,6,non,,804091
gaufres,2,non,,804091
gaufriers,10,non,,804091
gaules,34,non,,804091
gaules de 30 pieds,1,non,,804091
gaules de 36 pieds,0,non,,804091
gaules de bois,5,non,,804091
gaules de pêche,1,non,,804091
gaules de sapin,39,non,,804091
gaules moyennes de sapin,1,non,,804091
gaules petites,0,non,,804091
gaules petites de sapin,1,non,,804091
gaules pour mâts à bateaux,2,non,,804091
gayet,1,non,,804091
gayet brut,3,non,,804091
gaze,68,non,milieu de gamme,43973
gaze à fleurs,1,non,,804091
gaze à peu de soie,28,non,bas de gamme,18109
gaze au bas de soie,1,non,,804091
gaze au quart de soie,37,non,milieu de gamme,43973
gaze au sixième de soie,13,non,milieu de gamme,43973
gaze blanche,1,non,,804091
gaze crêpe et mouchoirs de soie,142,non,milieu de gamme,43973
gaze crêpe et ruban de soie,57,non,milieu de gamme,43973
gaze crêpe et tulle de soie,12,non,milieu de gamme,43973
gaze crêpe mouchoirs et ruban de soie,7,non,,804091
gaze crêpse et tulles de soie,2,oui,,804091
gaze d'argent,5,non,,804091
gaze d'argent et d'or faux,2,non,,804091
gaze d'argent et d'or fin,1,non,,804091
gaze d'argent et de soie,1,non,,804091
gaze d'argent faux,3,non,,804091
gaze d'argent faux et de soie,1,non,,804091
gaze d'argent fin or fin et soie,1,non,,804091
gaze d'argent or et soie,1,non,,804091
gaze d'or et d'argent faux et de soie,0,non,,804091
gaze d'or et de soie,3,non,,804091
gaze d'or faux,1,non,,804091
gaze d'or fin et de soie,1,non,,804091
gaze de coton,10,non,,804091
gaze de coton et crêpe de coton et tulle de coton,16,non,milieu de gamme,43973
gaze de coton et fil,2,non,,804091
gaze de coton et tulle de coton,3,non,,804091
gaze de fil,116,non,haut de gamme,12084
gaze de fil brodée,1,non,,804091
gaze de fil et coton,12,non,,804091
gaze de fil et de soie,94,non,,804091
gaze de fleuret,1,non,,804091
gaze de soie,623,non,haut de gamme,12084
gaze de soie brodée,4,non,,804091
gaze de soie de renvoi,2,non,,804091
gaze de soie et crêpe de soie et mouchoirs de soie,58,non,milieu de gamme,43973
gaze de soie et dorure,1,non,,804091
gaze de soie et fil,85,oui,,804091
gaze de soie plâtrée,4,non,,804091
gaze de soie pure,3,non,,804091
gaze de toute autre sorte que soie pure,2,non,,804091
gaze en crêpe,10,non,,804091
gaze en crêpe de soie,5,non,,804091
gaze et linon,4,non,,804091
gaze et Marly,25,non,,804091
gaze et Marly de fil,53,non,,804091
gaze et Marly de soie,49,non,,804091
gaze et Marly de soie mêlée de fil d'or faux,5,non,,804091
gaze et mouchoir de soie,7,non,,804091
gaze et mouchoirs et ruban de soie,40,non,milieu de gamme,43973
gaze et tulle de coton,2,non,,804091
gaze fond argent,1,non,,804091
gaze gaufrée,1,non,,804091
gaze mêlée de soie,1,non,,804091
gaze mi soie,23,non,milieu de gamme,43973
gaze or et argent,11,non,haut de gamme,12084
gaze paille,1,non,,804091
gaze peinte,4,non,,804091
gaze pour mouchoirs,2,non,,804091
gaze tricots de Berling et tulle de coton,1,non,,804091
gélatine,114,non,,804091
gelée de ???,1,non,,804091
gélinottes,2,non,,804091
gemmes,1,non,,804091
gemmes autres que diamants opales et rubis,2,non,,804091
gemmes brutes,3,non,,804091
gemmes taillées,4,non,,804091
gemmes taillées autres que diamants émeraudes et rubis,2,non,,804091
genaux de chêne,1,non,,804091
gencive,0,non,,804091
gene fin,1,non,,804091
genêpes,1,non,,804091
genestrole,6,non,,804091
genêts,2,non,,804091
genêts pour salade,3,non,,804091
genettes,3,non,,804091
genièvre,2404,non,,804091
genièvre de Cologne,2,non,,804091
genièvre en coquelerrie,1,non,,804091
genin,1,non,,804091
genina,3,non,,804091
génisses,64,non,,804091
génisses et taureaux et vache,31,non,,804091
génisses et vache,5,non,,804091
gentes,2,non,,804091
gentes de bois,2,non,,804091
gentes de fer,1,non,,804091
gentes de terre,1,non,,804091
gentes pour roues,1,non,,804091
gentiane,16,non,,804091
gerbes de lin,10,non,,804091
gerles de chêne,2,non,,804091
gerles de terre,55,non,,804091
geziga,1,non,,804091
gibecières,3,non,,804091
gibecières par douzaines,1,non,,804091
gibernes,1,non,,804091
gibernes avec les baudriers,1,non,,804091
gibernes et ceinturons,3,non,,804091
gibernes et havresacs,41,non,,804091
gibier,278,non,,804091
gibier divers,5,non,,804091
gibier et volailles,37,non,,804091
giboyer,1,non,,804091
gilets,15,non,,804091
gilets à nègre,4,non,,804091
gilets de coton,1,non,,804091
gilets de coton en filoselle,1,non,,804091
gilets de coton et de fil,2,non,,804091
gilets de coton et filoselle,1,non,,804091
gilets de demitte,2,non,,804091
gilets de laine,15,non,,804091
gilets de molleton,3,non,,804091
gilets de soie,5,non,,804091
gilets de soie en dorure,1,non,,804091
gilets de soie et coton,1,non,,804091
gilets de toile,3,non,,804091
gimblette,2,non,,804091
gingan nationale,5,oui,,804091
gingembre,1060,non,,804091
gingembre confit,14,non,,804091
gingembre cru,1,non,,804091
gingembre et piment et poivre,13,non,,804091
gingembre sec,40,non,,804091
ginseng,40,non,,804091
ginza,2,non,,804091
girandoles,2,non,,804091
girandoles de cuir,1,non,,804091
girandoles de verre,1,non,,804091
girofle,1029,non,,804091
girofle confite,2,non,,804091
girofle et muscade,14,non,,804091
girofle griffes et pédicules,2,non,,804091
girouettes,1,non,,804091
gites de 4 pouces carrés,123,non,,804091
gites de 4 pouces sur 14 pieds de longueur,2,non,,804091
gites de 4 pouces sur 33 pieds de longueur,2,non,,804091
gites de 4 pouces sur 7 pieds de longueur,2,non,,804091
gites de 5 à 7 pouces sur 56 pieds de longueur,2,non,,804091
gites de bois,1,non,,804091
gites de sapin,2,non,,804091
gites ou côtes de sommier,6,non,,804091
gites ou côtes de sommier de 1 pouce,2,non,,804091
gites ou côtes de sommier de 2 pouces,2,non,,804091
glacé,33,non,,804091
glaces,147,non,,804091
glaces ???,1,non,,804091
glaces au tain,2,non,,804091
glaces avec cadres dorés,5,non,,804091
glaces d'1 aune et en dessus,1,non,,804091
glaces d'en dessous 1 aune,1,non,,804091
glaces d'en dessous de 1/4 aune ou petits miroirs,3,non,,804091
glaces de ??? cru ???,2,non,,804091
glaces de ??? d'œuf ???,1,non,,804091
glaces de 1 1/2 aunes de hauteur,3,non,,804091
glaces de 1 1/4 aunes de hauteur,3,non,,804091
glaces de 1 1/8 aunes de hauteur,2,non,,804091
glaces de 1 aune de hauteur,3,non,,804091
glaces de 1/2 aune de hauteur,2,non,,804091
glaces de 1/4 aune de hauteur,2,non,,804091
glaces de 2 1/2 aunes de hauteur,2,non,,804091
glaces de 3/4 aune de hauteur,3,non,,804091
glaces de 3/8 aune de hauteur,2,non,,804091
glaces de 5/8 aune de hauteur,2,non,,804091
glaces de 7/8 aune de hauteur,2,non,,804091
glaces de carrosses,2,non,,804091
glaces de la manufacture de Paris,2,non,,804091
glaces de miroirs,169,non,,804091
glaces de miroirs d'1 aune et en dessus,6,non,,804091
glaces de miroirs de 13 pouces,1,non,,804091
glaces de miroirs de 3 pieds,1,non,,804091
glaces de miroirs grandes,1,non,,804091
glaces en dessous d'1 aune,9,non,,804091
glaces en dessus d'1 aune,4,non,,804091
glaces en valeur,10,non,,804091
glaces encadrées,7,non,,804091
glaces et meubles,281,non,,804091
glaces et miroirs,324,non,,804091
glaces faux teint,1,non,,804091
glaces nues,7,non,,804091
glaces petites et miroirs,13,non,,804091
glaces petits miroirs,1,non,,804091
glaces pour carrosses,33,non,,804091
glaces pour estampes,2,non,,804091
glaces pour miroirs,109,non,,804091
glands,3,non,,804091
glands d'or,1,non,,804091
glands de chêne,28,non,,804091
glu,73,non,,804091
gobelets,8,non,,804091
gobelets à boire,1,non,,804091
gobelets à boire de verres,1,non,,804091
gobelets à boire en verre,1,non,,804091
gobelets de bière,1,non,,804091
gobelets de cristal,43,non,,804091
gobelets de cristal de Rouen,2,non,,804091
gobelets de cuivre,1,non,,804091
gobelets de faïence,1,oui,,804091
gobelets de grès,1,non,,804091
gobelets de hêtre,1,non,,804091
gobelets de porcelaine,1,non,,804091
gobelets de terre,3,non,,804091
gobelets de verre,56,non,,804091
gobelets de verre communs,4,non,,804091
gobelets en verre de cristal,1,non,,804091
gobelets et lampes de verre,6,non,,804091
gobelets et verres,21,non,,804091
gobelets et verres à boire,1,non,,804091
gobelets et verres de cristal,3,non,,804091
gobelets peints,1,non,,804091
goëmon et sable,6,non,,804091
gogorans,89,oui,,804091
gomme,716,non,,804091
gomme à ???,1,non,,804091
gomme adragant,361,non,,804091
gomme amandes,1,non,,804091
gomme ammoniac,114,non,,804091
gomme animée,7,non,,804091
gomme animée ou courbaril,1,non,,804091
gomme arabique,661,non,,804091
gomme arabique par Marseille,1,non,,804091
gomme atimaix,1,non,,804091
gomme blanche,1,non,,804091
gomme brique,2,non,,804091
gomme carans,2,non,,804091
gomme chimique,7,non,,804091
gomme clinique,1,non,,804091
gomme commune,107,non,,804091
gomme conviola,2,non,,804091
gomme copale,223,non,,804091
gomme couperose,1,non,,804091
gomme d'acacia,11,non,,804091
gomme d'acacia acajou adragante et arabique,1,non,,804091
gomme d'acajou,4,non,,804091
gomme d'adragant,1,non,,804091
gomme d'amandier,62,non,,804091
gomme d'ambrette,2,non,,804091
gomme d'Amérique,1,non,,804091
gomme d'ammoniac,1,non,,804091
gomme d'élémi,2,oui,,804091
gomme de Barbarie,88,non,,804091
gomme de caragne,1,non,,804091
gomme de cèdre,29,non,,804091
gomme de Cenzier,1,non,,804091
gomme de cerisier,1,non,,804091
gomme de cochenille,1,non,,804091
gomme de Copahu,1,non,,804091
gomme de dragon,1,non,,804091
gomme de gaïac,69,non,,804091
gomme de galbanum,2,non,,804091
gomme de geda,5,non,,804091
gomme de giette,1,non,,804091
gomme de gutte,1,non,,804091
gomme de palme,1,non,,804091
gomme de palmier,1,non,,804091
gomme de pays,6,non,,804091
gomme de sandarac,6,oui,,804091
gomme de seraza,2,non,,804091
gomme de toute espèce,113,non,,804091
gomme demi,1,non,,804091
gomme des Indes,2,non,,804091
gomme dite laque,13,non,,804091
gomme du Levant,1,non,,804091
gomme du Levant thurique,1,non,,804091
gomme du pays,6,non,,804091
gomme du Sénégal,328,non,,804091
gomme ederée,11,non,,804091
gomme élastique,11,non,,804091
gomme élémi,104,non,,804091
gomme elemy,1,non,,804091
gomme émeri,2,non,,804091
gomme en feuilles,2,non,,804091
gomme en grabeau,20,non,,804091
gomme en pâte,2,non,,804091
gomme esquinante,1,non,,804091
gomme et or,32,non,,804091
gomme euphorbe,3,non,,804091
gomme exotique,8,non,,804091
gomme galanga,1,non,,804091
gomme galle,5,non,,804091
gomme gedda,13,non,,804091
gomme gutte,143,non,,804091
gomme herbes grandes,1,non,,804091
gomme keraque,1,non,,804091
gomme laque,320,non,,804091
gomme laque en bois,1,non,,804091
gomme laque en feuilles,3,non,,804091
gomme laque plate,1,non,,804091
gomme myrrhe,2,non,,804091
gomme odorie,1,non,,804091
gomme opoponax,4,non,,804091
gomme pour peintures et teinture,1,non,,804091
gomme pure d'amandier et de cerisier,2,non,,804091
gomme pure exotique,4,non,,804091
gomme pure exotique des entrepôts,0,non,,804091
gomme quile,1,non,,804091
gomme racines d'alizari,1,non,,804091
gomme rouge,7,non,,804091
gomme sagapenum,5,non,,804091
gomme sandaraque,155,non,,804091
gomme séraphine,9,non,,804091
gomme séraphique,8,non,,804091
gomme sercacole,1,non,,804091
gomme tacamaca,8,non,,804091
gomme tandarac,2,non,,804091
gomme thurique,157,non,,804091
gomme topal,1,non,,804091
gomme verdet,1,non,,804091
gondole de faïence,1,non,,804091
gonds,1,non,,804091
goudron,2613,non,,804091
goudron de Suède,0,non,,804091
goudron en gomme,2,non,,804091
goudron et poix,561,non,,804091
goudron et poix et résines,6,non,,804091
goules,0,non,,804091
goupil,1,non,,804091
gourde,1,non,,804091
gourgouran,101,non,,804091
gournable,22,non,,804091
gournable de chêne,5,non,,804091
gournable de sapin,1,non,,804091
gournables de bois,1,non,,804091
gousses,3,non,,804091
gousses ???,1,non,,804091
gousses arabiques,21,non,,804091
gousses de sandaraque,1,non,,804091
gousses du Sénégal,2,non,,804091
gousses gatte,1,non,,804091
gousses lagne,2,non,,804091
gouttières ou goulots,3,non,,804091
gouvernail vieux,3,non,,804091
grabeau d'aspic,1,oui,,804091
grabeau d'émail,1,oui,,804091
grabeau d'encens,115,oui,,804091
grabeau d'indigo,99,oui,,804091
grabeau d'ivoire,2,oui,,804091
grabeau de canefice,12,oui,,804091
grabeau de cire,105,oui,,804091
grabeau de cochenille,97,oui,,804091
grabeau de corail,30,oui,,804091
grabeau de galipot,1,oui,,804091
grabeau de gomme,18,oui,,804091
grabeau de jalap,1,oui,,804091
grabeau de mine,1,oui,,804091
grabeau de mioche,1,oui,,804091
grabeau de myrthe,4,oui,,804091
grabeau de quinquina,3,oui,,804091
grabeau de rhubarbe,1,oui,,804091
grabeau de sel ammoniac,7,oui,,804091
grabeau de séné,135,oui,,804091
grabeau de storax,1,oui,,804091
grabeau de tartre,26,oui,,804091
grabeau de vermillon,1,oui,,804091
grabeau encens,1,oui,,804091
grabeau manelle,1,oui,,804091
grai gras,1,oui,,804091
graine,128,non,,804091
graine ???,2,non,,804091
graine à chapelets,25,non,,804091
graine à chapelets pour l'entrepôt pour Guinée,2,non,,804091
graine à chapelier,1,non,,804091
graine à chapelles,2,non,,804091
graine à couteaux,1,non,,804091
graine alpiste,2,non,,804091
graine arabique,1,non,,804091
graine blanche,2,non,,804091
graine commune,1,non,,804091
graine d'abrus,1,non,,804091
graine d'absinthe,1,non,,804091
graine d'acacia,1,non,,804091
graine d'alipiste,1,non,,804091
graine d'alizari,6,non,,804091
graine d'alpiste,24,non,,804091
graine d'ambrette,29,non,,804091
graine d'ameas,1,non,,804091
graine d'amome,3,non,,804091
graine d'angélique,2,non,,804091
graine d'anis,69,non,,804091
graine d'anis carvi coriandre etc.,119,non,,804091
graine d'anis vert,3,non,,804091
graine d'artichaut,1,non,,804091
graine d'asperges,2,non,,804091
graine d'aspic,47,non,,804091
graine d'aspic et de lavande,3,non,,804091
graine d'Avignon,175,non,,804091
graine d'écarlate,2,non,,804091
graine d'encens,1,non,,804091
graine d'eparette,1,non,,804091
graine d'épicerie,1,non,,804091
graine d'escayolle,1,non,,804091
graine d'esparceil,9,non,,804091
graine d'étain,1,non,,804091
graine d'Inde,1,non,,804091
graine d'indigo,7,non,,804091
graine d'ivoire,2,non,,804091
graine d'oignon,33,non,,804091
graine d'oiseau,9,non,,804091
graine d'oliette,18,non,,804091
graine d'oliette et de fenugrec,38,non,,804091
graine de,1,non,,804091
graine de beau,1,non,,804091
graine de becs,1,non,,804091
graine de bois,1,non,,804091
graine de bois d'Inde,9,non,,804091
graine de bois de hêtre,6,non,,804091
graine de bois des Indes,10,non,,804091
graine de bois du Brésil,1,non,,804091
graine de bouquette,2,non,,804091
graine de brim,1,non,,804091
graine de brion,1,non,,804091
graine de brocoli,1,non,,804091
graine de buisson,27,non,,804091
graine de caillou,1,non,,804091
graine de campêche,4,non,,804091
graine de canarico,2,non,,804091
graine de canaris,159,non,,804091
graine de cardamome,4,non,,804091
graine de carotte,1,non,,804091
graine de carrombe,1,non,,804091
graine de cassave,1,non,,804091
graine de chanvre,372,non,,804091
graine de chanvre colza navette et oliette,1,non,,804091
graine de chanvre et de trèfle,1,non,,804091
graine de chapelets,28,non,,804091
graine de chenery,1,non,,804091
graine de choux,107,non,,804091
graine de choux-fleurs,12,non,,804091
graine de citron,1,non,,804091
graine de clave,1,non,,804091
graine de cochenille,13,non,,804091
graine de cocon,1,non,,804091
graine de colza,20,non,,804091
graine de colza et ?,102,non,,804091
graine de coriandre,2,non,,804091
graine de coton,15,non,,804091
graine de coton et de garance,2,non,,804091
graine de cumin,56,non,,804091
graine de diverse,4,non,,804091
graine de fenouil,41,non,,804091
graine de fenugrec,9,non,,804091
graine de foin,50,non,,804091
graine de foin de luzerne et de trèfle,2,non,,804091
graine de forestale,2,non,,804091
graine de France,9,non,,804091
graine de genièvre,350,non,,804091
graine de genièvre graine comestible,1,non,,804091
graine de grenier,3,non,,804091
graine de houblon,1,non,,804091
graine de houx,1,non,,804091
graine de jardin,1239,non,,804091
graine de jardin et de fleurs,4,non,,804091
graine de kin,1,non,,804091
graine de l ???,2,non,,804091
graine de laitue,7,non,,804091
graine de lapin,1,non,,804091
graine de laurier,4,non,,804091
graine de laurier dite bekelaers,45,non,,804091
graine de léen,6,non,,804091
graine de légumes,2,non,,804091
graine de lin,802,non,,804091
graine de lin à battre huile,117,non,,804091
graine de lin et à semer,116,non,,804091
graine de lin et grasse,18,non,,804091
graine de lin vieille,2,non,,804091
graine de longue,13,non,,804091
graine de lupin,4,non,,804091
graine de lupin et légumes secs,2,non,,804091
graine de luzerne,112,non,,804091
graine de luzerne et de trèfle,131,non,,804091
graine de melon,4,non,,804091
graine de moutarde,407,non,,804091
graine de mûriers,1,non,,804091
graine de musc,2,non,,804091
graine de muscade,1,non,,804091
graine de navette,168,non,,804091
graine de pain,1,non,,804091
graine de paradis,10,non,,804091
graine de pécan,1,non,,804091
graine de perles,4,non,,804091
graine de perroquet,14,non,,804091
graine de Perse,1,non,,804091
graine de pigeon,1,non,,804091
graine de pirrette,1,oui,,804091
graine de pivoine,1,non,,804091
graine de prairie,35,non,,804091
graine de prairie et de trèfle et luzerne,22,non,,804091
graine de pré,4,non,,804091
graine de pyrèthre,1,non,,804091
graine de rabette,8,non,,804091
graine de ricin,1,non,,804091
graine de rosette,1,non,,804091
graine de safranum,1,non,,804091
graine de sagou,1,non,,804091
graine de sainfoin,48,non,,804091
graine de Saint-Domingue,1,non,,804091
graine de sapin,41,non,,804091
graine de sapotille,1,non,,804091
graine de scammonée,1,non,,804091
graine de semaille,1,non,,804091
graine de silvestre,2,non,,804091
graine de soudes,2,non,,804091
graine de tasse,1,non,,804091
graine de trèfle,467,non,,804091
graine de trèfle et de luzerne,1,non,,804091
graine de tremaine,10,non,,804091
graine de trioter,1,non,,804091
graine de truelle,1,non,,804091
graine de truffe,6,non,,804091
graine de vermillon,4,non,,804091
graine de vermillon ou d'eolatte,1,non,,804091
graine de vers à soie,37,non,,804091
graine de vesse,4,non,,804091
graine de zedoria,1,non,,804091
graine des Canaries,33,oui,,804091
graine des Îles,2,non,,804091
graine des Indes,1,non,,804091
graine diverse,434,non,,804091
graine diverse et de jardin,25,non,,804091
graine douce,2,non,,804091
graine du jardin,2,non,,804091
graine du soucrillon,1,non,,804091
graine écarlate,7,non,,804091
graine et graine de lin,10,non,,804091
graine et semence froide,6,non,,804091
graine fenouil,2,non,,804091
graine fermentale,1,non,,804091
graine forestale,2,non,,804091
graine forestale et de pastel et de garance,2,non,,804091
graine grainette,2,non,,804091
graine grasse,73,non,,804091
graine huile d'olive,1,non,,804091
graine jaune,239,non,,804091
graine jaune d'Avignon,68,non,,804091
graine jaune d'Avignon ou nerprun,19,non,,804091
graine jaune de laitue,1,non,,804091
graine jaune dit wauwe,82,non,,804091
graine jaune longue,1,non,,804091
graine longue,76,non,,804091
graine menue,1,non,,804091
graine metillon,1,non,,804091
graine potagère,1,non,,804091
graine pour teinture,21,non,,804091
graine rouge,5,non,,804091
graine triole,1,non,,804091
graine truffe,1,non,,804091
graine vermillon,1,non,,804091
graine verte,2,non,,804091
graine vieille de lin,2,non,,804091
grainette,4,non,,804091
grainette d'Avignon,2,non,,804091
grainette jaune,2,non,,804091
grains,8,non,,804091
grains à chapelets,3,non,,804091
grains ails,3,non,,804091
grains autre que céréales,2,non,,804091
grains avoine,85,non,,804091
grains avoine et froment,1,non,,804091
grains baillarge,2,non,,804091
grains blé,3340,non,,804091
grains blé de Turquie,3,non,,804091
grains blé et autre grains,141,non,,804091
grains blé et autres,56,non,,804091
grains blé et froment,14,non,,804091
grains blé et riz,9,non,,804091
grains blé mercit,1,non,,804091
grains blé mescli,1,non,,804091
grains blé orge,1,non,,804091
grains blé seigle,1,non,,804091
grains comestibles,1,non,,804091
grains cuscute,2,non,,804091
grains d'Avignon,1,non,,804091
grains d'Espagne,35,non,,804091
grains d'Inde,134,non,,804091
grains de cire,23,non,,804091
grains de cire blanche,4,non,,804091
grains de coton,1,non,,804091
grains de la Corse,1,non,,804091
grains de lin,5,non,,804091
grains de millet gros,1,oui,,804091
grains de plomb,20,oui,,804091
grains de prune,2,non,,804091
grains de Riga,2,non,,804091
grains de séné,1,non,,804091
grains de trèfle,1,non,,804091
grains de verre,29,non,,804091
grains de verre à chapelet,1,non,,804091
grains divers,461,non,,804091
grains dur à tailler,2,non,,804091
grains en advestures de toute espèce,102,non,,804091
grains épeautre,3,non,,804091
grains et farine de maïs,1,non,,804091
grains farine fromage etc.,1,non,,804091
grains froment,3723,non,,804091
grains froment de la Corse,1,non,,804091
grains froment en gerbe,18,non,,804091
grains froment et méteil,1,non,,804091
grains froment par Bayonne et Marseille,1,non,,804091
grains froment par Marseille,3,non,,804091
grains froment seigle,1,non,,804091
grains grenaille,2,non,,804091
grains maïs,128,non,,804091
grains maïs par Marseille,1,non,,804091
grains maïs seigle,2,non,,804091
grains menu,1,non,,804091
grains méteil,52,non,,804091
grains métillon,116,non,,804091
grains métillon en gerbe,9,non,,804091
grains millet,441,non,,804091
grains millet gros,3,oui,,804091
grains millet ordinaire,1,non,,804091
grains mondé et perlé,8,non,,804091
grains orge,109,non,,804091
grains orge en gerbe,2,oui,,804091
grains orge et soucrion,131,oui,,804091
grains orge et soucrion en gerbe,17,oui,,804091
grains orge germé,2,non,,804091
grains orge paillarge,1,oui,,804091
grains orge par Marseille,1,non,,804091
grains orge perlé et mondé,149,oui,,804091
grains petits,1,non,,804091
grains riz,251,non,,804091
grains sarrasin,70,non,,804091
grains seigle,2213,non,,804091
grains seigle avarié,1,non,,804091
grains seigle en gerbe,1,non,,804091
grains seigle en gerbes,21,non,,804091
grains seigle et blé,1,non,,804091
grains seigle par Marseille,1,non,,804091
grains soucrillon,7,non,,804091
graisse,357,non,,804091
graisse à chapeler,1,non,,804091
graisse blanche,2,non,,804091
graisse d'autruche,1,non,,804091
graisse d'oint,1,non,,804091
graisse d'ours,2,non,,804091
graisse de baleine,2,non,,804091
graisse de bœuf,4,non,,804091
graisse de boucherie,52,non,,804091
graisse de cacao,1,non,,804091
graisse de chanvre,3,non,,804091
graisse de cheval d'ours et de pied de bœuf,3,non,,804091
graisse de cire,1,non,,804091
graisse de cochon,7,non,,804091
graisse de gras de peau,6,non,,804091
graisse de jardin,1,non,,804091
graisse de mouton,6,non,,804091
graisse de pied de bœuf,1,non,,804091
graisse de poisson,12,non,,804091
graisse de poisson de pêche étrangère,0,non,,804091
graisse de poisson de pêche française,1,non,,804091
graisse de poisson des pays hors d'Europe,0,non,,804091
graisse de porcs,116,non,,804091
graisse de tasson et autres,10,non,,804091
graisse de toutes sortes sauf graisse de bœuf d'ours de gras de peau et suif brut,2,non,,804091
graisse de toutes sortes sauf graisse de cheval d'ours de gras de peau et suif brut,1,non,,804091
graisse de toutes sortes sauf gras de peau et suif brut,2,non,,804091
graisse douce,3,non,,804091
graisse douce de cochon,1,non,,804091
graisse et chair salée de porcs,1,non,,804091
graisse et suif,1,non,,804091
graisse fine,2,non,,804091
graisse fondue,1,non,,804091
graisse salée,1,non,,804091
grande voile de vaisseaux,2,non,,804091
grandes pentes de lit en satin,2,non,,804091
grandes pentes de lit en satin brodé,2,non,,804091
granille de cochenille,47,non,,804091
granit,1,non,,804091
grannette de coton,1,non,,804091
graphite,7,non,,804091
grappins,6,non,,804091
grappins de fer,57,non,,804091
grappins de fer pour chaloupe,1,non,,804091
gras,0,non,,804091
gras de tours,1,non,,804091
gras rouge,1,non,,804091
gras-double,8,non,,804091
grattes,1,non,,804091
grattes en fer,2,non,,804091
grattoirs,3,non,,804091
grattoirs de fer,1,non,,804091
gravelée,170,non,,804091
gravelée potasse et védasse,139,non,,804091
gravelle,17,non,,804091
gravures,2,non,,804091
gravures encadrées,1,non,,804091
gravures et lithographies,2,non,,804091
gravures noires ou coloriées,6,non,,804091
gravures peintures et sculptures,54,non,,804091
gréements,3,non,,804091
gréements de navires,1,non,,804091
gréements vieux,1,non,,804091
grèles,1,non,,804091
grèles à café,1,non,,804091
grelin,6,non,,804091
grelots,57,non,,804091
grelots de cuivre,65,non,,804091
grelots de laiton,1,non,,804091
grelots et sonnettes,1,non,,804091
grenade,38,non,,804091
grenade à feu,1,non,,804091
grenade de coton,1,non,,804091
grenade de fer,14,non,,804091
grenade de Florence,1,non,,804091
grenade étoffe,2,non,,804091
grenade fruit,7,non,,804091
grenade pour la Compagnie des Indes,1,non,,804091
grenades de fonte,0,non,,804091
grenades fraîches,1,non,,804091
grenadier et laurier et jasmin etc,93,non,,804091
grenaille,7,non,,804091
grenaille d'acier et de fer,2,non,,804091
grenaille de C ?,1,non,,804091
grenaille de cochenille,3,oui,,804091
grenat,15,non,,804091
grenat et rubis,1,non,,804091
grenat faux,4,non,,804091
grenat faux et autres pierres fausses non montées,3,non,,804091
grenat fin,3,non,,804091
grenat fin monté,4,non,,804091
grenat fin non monté,3,non,,804091
grès,30,non,,804091
grès à laver,4,non,,804091
grès en pavé,12,non,,804091
grès rouge,1,non,,804091
grillages,1,non,,804091
grillages de fer,2,non,,804091
grillages en fer,1,non,,804091
grilles,1,non,,804091
grilles de fer,59,non,,804091
grilles de fer à moulins à sucre,1,non,,804091
grilles de fer de fonte,4,non,,804091
grilles de fer pour moulins à sucre,1,non,,804091
grilles et platines de fer,1,non,,804091
grilles et tambours de fer,1,non,,804091
grillons,1,non,,804091
grillons de fonte,1,non,,804091
grinza,0,non,,804091
gris,3,non,,804091
grisette,62,non,,804091
grisette de Flandre,1,non,,804091
grisette de laine,2,non,,804091
grisette de soie,10,non,,804091
grison,2,non,,804091
grison et tuffeau,1,non,,804091
grison pour sucrerie,2,non,,804091
grives,6,non,,804091
groisil,1,non,,804091
groisil de verre,66,non,,804091
groison,2,non,,804091
gros de Naples,1,non,,804091
gros de Tours,5,non,,804091
gros rouge,6,non,,804091
gros tors,2,non,,804091
groseille,2,non,,804091
grosgrain,1,non,,804091
grosil,24,non,,804091
grosse de soie,1,non,,804091
gruau,312,non,,804091
gruau d'avoine,3,non,,804091
gruau de grains comestible,7,non,,804091
gruau de grains sarrasin,3,non,,804091
gruau de millet,3,non,,804091
gruau et fécule,6,non,,804091
gruyère,3,non,,804091
guajocum utilisé pour traiter la syphilis,7,non,,804091
guéridon,6,non,,804091
guéridon de sapin,2,non,,804091
guéridon et tables,1,non,,804091
guéridon peint,2,non,,804091
guêtres,18,non,,804091
guêtres de basanes,1,non,,804091
guêtres de coton,1,non,,804091
guêtres de cuir,3,non,,804091
guêtres de toile,7,non,,804091
gueuse de fer,1,non,,804091
guftas,1,non,,804091
guidive des prises,1,non,,804091
guignolet en ratafia,4,non,,804091
guignolet en ratafia de cerise,3,non,,804091
guildive,17,non,,804091
guin ???,1,non,,804091
guina,1,non,,804091
guincastafs,2,non,,804091
guindeaux,2,non,,804091
guinée,192,non,milieu de gamme,43973
guinée blanche,113,non,haut de gamme,12084
guinée blanche des Indes,3,non,,804091
guinée blanche et bleue,1,non,,804091
guinée blanche et bleue des Indes,3,non,,804091
guinée blanche ordinaire,2,non,,804091
guinée bleue,223,non,bas de gamme,18109
guinée bleue de coton,1,non,,804091
guinée bleue des Indes,0,non,,804091
guinée bleue imitant celle des Indes,1,non,,804091
guinée de coton,2,oui,,804091
guinée des Indes,1,non,,804091
guinée imitant celle des Indes,2,non,,804091
guinée masulipatan,1,non,,804091
guinée Sénégal,1,non,,804091
guinée tachée,1,non,,804091
guinimos,1,non,,804091
guipon,6,non,,804091
guisine,1,non,,804091
guitare,12,non,,804091
guitare de fer,3,non,,804091
gullots,1,non,,804091
habassis,5,non,,804091
habillement de drap noir,1,non,,804091
habillés,1,non,,804091
habits,562,non,,804091
habits à nègre,1,non,,804091
habits brodés d'argent et d'or,1,non,,804091
habits brodés d'or,15,non,,804091
habits brodés de soie,6,non,,804091
habits complets,3,non,,804091
habits complets et neufs,2,non,,804091
habits d'argent et d'or,1,non,,804091
habits d'étamine,1,non,,804091
habits d'or,3,non,,804091
habits d'un commissaire ordonateur,1,non,,804091
habits de camelot,1,non,,804091
habits de camelot complet,1,non,,804091
habits de cour,1,non,,804091
habits de drap,12,non,,804091
habits de drap d'Elbeuf,1,non,,804091
habits de drap galonné,1,non,,804091
habits de drap galonnés d'argent et d'or,1,non,,804091
habits de drap neuf,1,non,,804091
habits de drap uni,2,non,,804091
habits de droguet,1,non,,804091
habits de droguet de soie,1,non,,804091
habits de gogorans,2,oui,,804091
habits de gourgourans,2,non,,804091
habits de la 11e 1/2 brigade d'infanterie,1,non,,804091
habits de laine,1,non,,804091
habits de laine pour nègre,1,non,,804091
habits de livrée,1,non,,804091
habits de livrée et ornements d'église,2,non,,804091
habits de nègre,1,non,,804091
habits de nègre en étoffe,1,non,,804091
habits de négresse,1,non,,804091
habits de peau,4,non,,804091
habits de peau à pêcher,1,non,,804091
habits de peau complets,1,non,,804091
habits de peau de mouton,1,non,,804091
habits de peaux de mouton,1,oui,,804091
habits de Pékin brodés,1,non,,804091
habits de pelleterie,1,non,,804091
habits de pinchina,1,non,,804091
habits de retour,1,non,,804091
habits de satin brodé,1,non,,804091
habits de soie,38,non,,804091
habits de soldat,2,non,,804091
habits de toile,1,non,,804091
habits de toile de chanvre,1,non,,804091
habits de troupes,2,non,,804091
habits de velours,1,non,,804091
habits divers,93,non,,804091
habits du régiment de l'Île de France,1,non,,804091
habits enrichis,1,non,,804091
habits et lingerie,581,non,,804091
habits et lingerie et effets militaires,38,non,,804091
habits et matériel de ménage,1,non,,804091
habits et meubles,3,non,,804091
habits et ornements d'Eglise,1,non,,804091
habits et taffetas,1,non,,804091
habits et vestes brodés,1,non,,804091
habits et vestes vieux,1,non,,804091
habits militaires,4,non,,804091
habits neufs,3,non,,804091
habits pour femme,5,non,,804091
habits pour homme,6,non,,804091
habits pour homme avec argent et or,2,non,,804091
habits pour homme brodés d'or,1,non,,804091
habits pour homme complets,1,non,,804091
habits pour homme de drap,1,non,,804091
habits pour homme et pour femme,1,non,,804091
habits pour nègre,3,non,,804091
habits provenant d'un naufrage,3,non,,804091
habits riches,1,non,,804091
habits supportés,4,non,,804091
habits supportés à la valeur,1,non,,804091
habits supportés au kilogramme,2,non,,804091
habits uniformes,1,non,,804091
habits unis,1,non,,804091
habits vieux,6,non,,804091
haches,59,non,,804091
haches d'arme,1,oui,,804091
haches d'armes,2,non,,804091
haches de fer,26,non,,804091
haches de fer et d'acier,5,non,,804091
haches de fer et houes de fer et serpes de fer,3,non,,804091
haches et houe et serpes,1,non,,804091
haches et houes,4,non,,804091
haches et houes de fer,1,non,,804091
haches et houes et serpes,78,non,,804091
haches et serpes,2,non,,804091
haches paille,1,non,,804091
haillons de laine,2,non,,804091
hallebardes,8,non,,804091
haltsays,1,non,,804091
hamacs,176,non,bas de gamme,18109
hamacs de coton,8,non,,804091
hamacs de retour,0,non,,804091
hamacs de retour faute de vente,0,oui,,804091
hameçons,55,non,,804091
hameçons cassés,1,non,,804091
hameçons petits,1,non,,804091
hamiracontans,1,non,,804091
hampes de plumes,1,non,,804091
harancades,41,non,,804091
haras,1,non,,804091
hardes,104,non,,804091
hardes à usage,8,non,,804091
hardes capillaire,1,non,,804091
hardes de gens de mer,8,non,,804091
hardes diverses,6,oui,,804091
hardes et habits,4,non,,804091
hardes neuves,17,non,,804091
hardes perelle,1,non,,804091
hardes pour nègre,2,non,,804091
hardes vieilles,43,non,,804091
hareng de Nantes,1,oui,,804091
harengs,160,non,,804091
harengs blancs,695,non,,804091
harengs blancs demi-feuillettes,2,non,,804091
harengs blancs feuillettes,2,non,,804091
harengs blancs marinés et salés,16,non,,804091
harengs blancs salés,0,non,,804091
harengs blancs salés et marinés,1,oui,,804091
harengs bleus,1,non,,804091
harengs cades,2,non,,804091
harengs de la Baltique petits,1,non,,804091
harengs de la pêche nationale,28,non,,804091
harengs de Nantes,0,non,,804091
harengs et maquereaux salés,4,non,,804091
harengs et saumons salés,1,non,,804091
harengs frais,20,non,,804091
harengs frais et merlan frais,1,non,,804091
harengs fumés,84,non,,804091
harengs marinés et salés,3,non,,804091
harengs marinés et salés et saurs,8,non,,804091
harengs pecs,3,non,,804091
harengs salés,161,non,,804091
harengs salés et sardines salées,4,non,,804091
harengs salés et sardines salées et saumon salé,6,non,,804091
harengs salés et saurs,3,non,,804091
harengs saurs,562,non,,804091
harengs secs,11,non,,804091
haricots,259,non,,804091
haricots blancs,1,non,,804091
haricots confits,2,non,,804091
haricots en fèves,1,non,,804091
haricots en fil,1,non,,804091
haricots et lentilles et pois secs,3,non,,804091
haricots marinés,1,non,,804091
harmonica et orgues portatives,2,non,,804091
harnais,84,non,,804091
harnais de carrosses,1,non,,804091
harnais de chaise,23,non,,804091
harnais de chevaux,21,non,,804091
harnais de chevaux de cuir,8,non,,804091
harnais de cuir,2,non,,804091
harnais de cuir et cellerie,4,oui,,804091
harnais de cuir et sellerie,4,non,,804091
harnais de sellier,2,non,,804091
harnais et chaises roulantes,1,non,,804091
harnais et housses de chevaux,1,non,,804091
harnais et housses de mulet,1,non,,804091
harnais et phaéton,1,non,,804091
harnais et selles,11,non,,804091
harnais pour chaise de cuir,1,non,,804091
harpe,1,non,,804091
harpes,11,non,,804091
harpes et guitare,51,non,,804091
harpes et guitare et psalterions,3,non,,804091
harpes et orgues d'église,2,non,,804091
harpins,1,non,,804091
harpons de scies,1,non,,804091
hartreuse,1,non,,804091
hautbois,3,non,,804091
hebichets de fil de fer,1,non,,804091
helateas,2,non,,804091
hellébore,1,oui,,804091
hemitacortum,2,non,,804091
herbages,82,oui,,804091
herbes,61,non,,804091
herbes à charpentier,5,non,,804091
herbes à col,1,non,,804091
herbes à teindre,122,non,,804091
herbes à teindre ou terre jaune,2,non,,804091
herbes aromatiques,2,non,,804091
herbes d'absinthe,2,non,,804091
herbes d'acacia,1,non,,804091
herbes d'acacia à teindre,1,non,,804091
herbes d'orseille,113,non,,804091
herbes d'oseille,26,non,,804091
herbes de sarriette,1,non,,804091
herbes de violette,1,non,,804091
herbes émollientes,1,non,,804091
herbes et plantes et racines,6,non,,804091
herbes et racines,1,non,,804091
herbes et trèfle,12,non,,804091
herbes fleurs,1,oui,,804091
herbes gaude,76,non,,804091
herbes mauves,1,non,,804091
herbes médicinales,18,non,,804091
herbes médicinales et plantes médicinales,58,non,,804091
herbes médicinales et plantes médicinales et racines médicinales,35,non,,804091
herbes pérelle,123,non,,804091
herbes plantes racines fleurs etc.,14,non,,804091
herbes qacrette,3,non,,804091
herbes vaudes,28,non,,804091
herbes véroniques,1,non,,804091
herbes vulnéraires,25,non,,804091
hermine,37,non,,804091
herminettes,2,non,,804091
hermodatte,57,non,,804091
herse,1,non,,804091
hesses et hirondelles,1,non,,804091
hêtre en blocs,1,non,,804091
hipocide,4,non,,804091
hipouditte,1,non,,804091
histoire naturelle,18,non,,804091
histoire naturelle coquillages,1,non,,804091
homme d'équipage,7,non,,804091
homme d'équipage hollandais,2,non,,804091
homme d'équipage prisonnier suédois,1,non,,804091
Hondschoote blanche,3,non,,804091
Hondschoote peinte,5,non,,804091
hôpitaux,2,non,,804091
hôpitaux à café,1,non,,804091
hôpitaux de cuivre,68,non,,804091
horloge,53,non,,804091
horloge à réveils,1,non,,804091
horloge commune,5,non,,804091
horloge d'église,3,non,,804091
horloge de bois,94,non,,804091
horloge de fer,13,non,,804091
horloge de mer,1,non,,804091
horloge de sable,30,non,,804091
horloge de tables,4,non,,804091
horloge neuve,1,non,,804091
horlogerie,821,non,,804091
horlogerie boîtes d'argent,6,non,,804091
horlogerie boîtes d'or,4,non,,804091
horlogerie boîtes de montre d'argent,1,oui,,804091
horlogerie boîtes de montre d'or,1,oui,,804091
horlogerie boîtes de pendule,3,oui,,804091
horlogerie cadrans,1,non,,804091
horlogerie cadrans d'émail,1,non,,804091
horlogerie carillon,1,non,,804091
horlogerie carillon au-dessous d'une hectogramme,1,non,,804091
horlogerie chaînes d'argent,1,non,,804091
horlogerie chaînes d'or,3,non,,804091
horlogerie chaînes de cuivre,1,non,,804091
horlogerie clefs de montre,1,oui,,804091
horlogerie d'or,2,non,,804091
horlogerie et carillon,4,non,,804091
horlogerie fournitures,6,non,,804091
horlogerie horloge de fer,12,oui,,804091
horlogerie monom à montre,1,oui,,804091
horlogerie monom à pendule,2,oui,,804091
horlogerie montres d'argent,12,oui,,804091
horlogerie montres d'or,14,oui,,804091
horlogerie montres de cuivre,3,oui,,804091
horlogerie montres de métal,1,oui,,804091
horlogerie montres maillées,1,oui,,804091
horlogerie mouvements de montre,7,oui,,804091
horlogerie mouvements de pendule,5,oui,,804091
horlogerie outils d'horloge,2,oui,,804091
horlogerie pendule,36,oui,,804091
horlogerie pendule de cuivre,2,oui,,804091
horlogerie pendule et réveils,259,oui,,804091
horlogerie ressorts de montre,2,oui,,804091
horlogerie ressorts de pendule,3,oui,,804091
horlogerie réveils,2,oui,,804091
horlogerie timbres,1,non,,804091
hôtes,1,non,,804091
hôtes d'osier,4,non,,804091
houblon,444,non,,804091
houes,12,non,,804091
houes de fer,18,non,,804091
houes et serpes,22,non,,804091
houes haches et serpes,4,non,,804091
houille,4,non,,804091
houille frontières,2,non,,804091
houille par Ardennes et Meuse,2,non,,804091
houille par mer,3,non,,804091
houille par mer à Baisieux,2,non,,804091
houille par terre,1,non,,804091
houille par terre Ardennes et autre,2,non,,804091
houppe de cygne,5,non,,804091
housses,8,non,,804091
housses de chevaux,26,non,,804091
housses de chevaux enrichie,1,non,,804091
housses de chevaux et faux,1,non,,804091
housses de chevaux et faux et fourreaux garnis de soie,1,non,,804091
housses de chevaux garnies d'argent et d'or,1,non,,804091
housses de drap,11,non,,804091
housses de drap et de velours,2,non,,804091
housses de lit,2,non,,804091
housses de selles,1,non,,804091
housses de velours,1,non,,804091
housses et faux fourreaux,3,non,,804091
housses et faux fourreaux garnis d'argent,1,non,,804091
housses et selles de chevaux,1,non,,804091
housses galonnées,2,non,,804091
housses galonnées d'or,4,non,,804091
housses galonnées d'or et d'argent,1,non,,804091
housses garnies d'or,2,non,,804091
hubalingue,1,non,,804091
hubellimeus,1,non,,804091
huide de codde,1,non,,804091
huile,4787,non,,804091
huile à ???,1,non,,804091
huile à brûler,58,non,,804091
huile à brûler de graine,1,non,,804091
huile à brûler et de poisson,12,non,,804091
huile ambrée,1,non,,804091
huile antique et huile volatile ambrée,1,non,,804091
huile blanche,1,non,,804091
huile carabée,1,non,,804091
huile chimique,1,non,,804091
huile citron orange et leurs variétés,2,non,,804091
huile commune,4,non,,804091
huile commune d'olive,1,non,,804091
huile concrète de cacao et de laurier,2,non,,804091
huile d'absinthe,2,non,,804091
huile d'Aix,2,non,,804091
huile d'amande,4,oui,,804091
huile d'amandes,81,non,,804091
huile d'amandes douces,20,non,,804091
huile d'ambre,12,non,,804091
huile d'anis,56,non,,804091
huile d'anis carvi et fenouil,1,non,,804091
huile d'anis et fenouil,2,non,,804091
huile d'aspic,59,non,,804091
huile d'ébène,1,non,,804091
huile d'élite dite keurolie,10,non,,804091
huile d'enc,2,non,,804091
huile d'étain,1,non,,804091
huile d'œillette,31,oui,,804091
huile d'œillette de noix de pavots,18,non,,804091
huile d'œillette ou de pavot,13,non,,804091
huile d'olive,3658,non,,804091
huile d'olive à manger,17,non,,804091
huile d'olive blanche de Gênes,0,non,,804091
huile d'olive comestible,7,non,,804091
huile d'olive commune,18,non,,804091
huile d'olive Corse pour la France,1,non,,804091
huile d'olive de fèce ou fie d'huile,2,non,,804091
huile d'olive et autres pour fabrique,21,non,,804091
huile d'olive fine,144,non,,804091
huile d'olive importée en grande partie à Marseille,1,non,,804091
huile d'olive pour fabrique,249,non,,804091
huile d'olive pour fabrique de la Corse,1,non,,804091
huile d'ours,1,non,,804091
huile de baleine,116,non,,804091
huile de baleine et de morue,16,non,,804091
huile de baleine et spirituelle,1,non,,804091
huile de baume,1,non,,804091
huile de benedie,2,non,,804091
huile de benjoin,1,non,,804091
huile de brique,1,non,,804091
huile de cacao,2,non,,804091
huile de cacao et palme,1,non,,804091
huile de cachalot,1,non,,804091
huile de cade,5,non,,804091
huile de cahouanne,3,non,,804091
huile de cannelle,17,non,,804091
huile de cannelle macis muscade de Rhodes et rose,2,non,,804091
huile de carabe,8,non,,804091
huile de carde,3,non,,804091
huile de casse cède cédrin genièvre,2,non,,804091
huile de castor,1,non,,804091
huile de chanvre,12,non,,804091
huile de chien de mer,2,non,,804091
huile de chimie,1,non,,804091
huile de chimie ?,1,non,,804091
huile de citron bergamote et orange,1,non,,804091
huile de coco,1,non,,804091
huile de colza,0,non,,804091
huile de copahu,59,non,,804091
huile de cordes,1,non,,804091
huile de corne de cerf,1,non,,804091
huile de crabette,1,non,,804091
huile de crème,1,non,,804091
huile de cumin,1,non,,804091
huile de dégras,0,non,,804091
huile de faine et de noix,9,non,,804091
huile de farde,1,non,,804091
huile de farine,1,non,,804091
huile de Flandre,1,non,,804091
huile de flanelle,1,non,,804091
huile de Florence,1,non,,804091
huile de gaïac,1,non,,804091
huile de Garonne,1,non,,804091
huile de genièvre,18,non,,804091
huile de girofle,49,non,,804091
huile de girofle à huile aromatique,1,non,,804091
huile de girofle et sassafras,1,non,,804091
huile de girofle et spirituelle,1,non,,804091
huile de graine,639,non,,804091
huile de graine autres que de lin d'oeillettes ou de pavots,2,non,,804091
huile de graine d'anis,1,non,,804091
huile de graine d'oeillettes ou de pavots,2,non,,804091
huile de graine d'olive,1,non,,804091
huile de graine de cannelle,1,non,,804091
huile de graine de colza lin navette etc. et de noix,2,non,,804091
huile de graine de girofle,1,non,,804091
huile de graine de lin,5,non,,804091
huile de graine de macis,1,non,,804091
huile de graine de moutarde,1,non,,804091
huile de graine de navette,1,non,,804091
huile de graine de navette et de chanvre,0,non,,804091
huile de graine de poisson,1,non,,804091
huile de graine de Rhodes,1,non,,804091
huile de graine de térébenthine,1,non,,804091
huile de graine et de lin,6,non,,804091
huile de graine et de noix,38,non,,804091
huile de graine grasse,3,oui,,804091
huile de graine oléagineuse,5,non,,804091
huile de grains,11,non,,804091
huile de grains à peinures,1,non,,804091
huile de graisse,2,non,,804091
huile de graisse de poisson,1,non,,804091
huile de gras,1,non,,804091
huile de gras et de traens pour tanneurs,8,non,,804091
huile de gras pour tanneurs,7,non,,804091
huile de Haarlem,23,non,,804091
huile de hareng,1,non,,804091
huile de jasmin,19,non,,804091
huile de jasmin et autres fleurs,3,non,,804091
huile de jayet,1,non,,804091
huile de laine,1,non,,804091
huile de laurier,106,non,,804091
huile de lavande,7,non,,804091
huile de lin,950,non,,804091
huile de lin et de rabette,3,non,,804091
huile de lin et spirituelle,6,non,,804091
huile de lin pour l'entrepôt pour la Compagnie des Indes,1,non,,804091
huile de loifon,0,non,,804091
huile de loup marin,7,non,,804091
huile de maïs,1,non,,804091
huile de Majorque,1,non,,804091
huile de marjolaine et sauge,1,non,,804091
huile de menthe,1,non,,804091
huile de morne,2,non,,804091
huile de morue,104,non,,804091
huile de morue de France,1,oui,,804091
huile de morue étrangère,1,non,,804091
huile de morue française,1,non,,804091
huile de muscade,27,non,,804091
huile de navette,189,non,,804091
huile de noisettes,2,non,,804091
huile de noix,270,non,,804091
huile de palme,41,non,,804091
huile de palmier,1,non,,804091
huile de parfum,4,non,,804091
huile de peintures,1,non,,804091
huile de pierre,4,non,,804091
huile de pignon de palme,2,non,,804091
huile de pignon et ricin,2,non,,804091
huile de pin,1,non,,804091
huile de plantes,1,non,,804091
huile de poissen,2,oui,,804091
huile de poisson,2060,non,,804091
huile de poisson de France,5,non,,804091
huile de poisson des Indes,1,non,,804091
huile de poisson et de lin,1,non,,804091
huile de poisson et poix,1,non,,804091
huile de poisson étranger,3,non,,804091
huile de poix,9,non,,804091
huile de rabette,111,non,,804091
huile de rave,2,non,,804091
huile de Rhodes,14,non,,804091
huile de rhue,1,non,,804091
huile de ricin,13,non,,804091
huile de romarin,4,non,,804091
huile de rose,4,non,,804091
huile de salmus,1,non,,804091
huile de sardines,2,non,,804091
huile de sassafras,2,non,,804091
huile de saturne,1,non,,804091
huile de scorpion,6,non,,804091
huile de sein,1,non,,804091
huile de semence,137,non,,804091
huile de senteur,102,non,,804091
huile de soldat,3,non,,804091
huile de soufre,2,non,,804091
huile de spermaceti,6,non,,804091
huile de storax,8,non,,804091
huile de tamarin,2,non,,804091
huile de tartre,2,non,,804091
huile de térébenthine,362,non,,804091
huile de verre,2,non,,804091
huile de vialle,2,non,,804091
huile de vitriol,409,non,,804091
huile de vitriol et vitriol,24,non,,804091
huile dellevette,2,non,,804091
huile diverse,41,non,,804091
huile diverse à la valeur,1,non,,804091
huile du Pérou,4,non,,804091
huile du Sénégal,1,non,,804091
huile en bouteille,1,non,,804091
huile en crasse,4,non,,804091
huile en crasse ou degnes ???,0,non,,804091
huile en crasse ou degras et ???,2,non,,804091
huile en degens,1,non,,804091
huile en dignar,1,non,,804091
huile en zégnar,1,non,,804091
huile essencée,1,non,,804091
huile essentielle ou volatile de citron girofle menthe rose etc.,2,non,,804091
huile et essence de térébenthine,24,non,,804091
huile et provisions,5,non,,804091
huile et rabete,1,non,,804091
huile et sirop,12,non,,804091
huile fine,3,non,,804091
huile grap indigo,1,non,,804091
huile marc d'olive ou amurca,1,non,,804091
huile médicinale,14,non,,804091
huile pétrole,19,non,,804091
huile pour étranger de poisson,1,oui,,804091
huile pour France de poisson,3,oui,,804091
huile pour lampe,1,non,,804091
huile rabette,1,non,,804091
huile spirituelle d'olive,8,non,,804091
huile spirituelle de poisson,1,non,,804091
huile stale,1,non,,804091
huile succin,3,non,,804091
huile superfine,1,non,,804091
huile térébenthine,12,oui,,804091
huile vierge,1,non,,804091
huile vitriol,3,non,,804091
huile volatile,2,non,,804091
huile volatile d'anis fenouil marjolaine romarin et sauge,2,non,,804091
huile volatile de cade cèdre ou oxycèdre et gaïac,2,non,,804091
huile volatile de cannelle girofle macis muscade et sassafras,2,non,,804091
huile volatile de citron orange et leurs variétés,2,non,,804091
huile volatile de genièvre,1,non,,804091
huile volatile de jasmin et autres fleurs d'odeur fugace,2,non,,804091
huile volatile de lavande,2,non,,804091
huile volatile de rose et de Rhodes,2,non,,804091
huitres,98,oui,,804091
huîtres,389,non,,804091
huîtres à la daube,74,non,,804091
huîtres à la daube ou marinée,1,non,,804091
huîtres à mariner,1,non,,804091
huîtres en écaille,20,non,,804091
huîtres en pierres,2,non,,804091
huîtres fraîches,15,non,,804091
huîtres fraîches et salées,18,non,,804091
huîtres marines,1,non,,804091
humains,24,non,,804091
humains de Guinée,18,non,,804091
humains de Sénégal,27,non,,804091
hydromel,123,non,,804091
hypochetia,1,non,,804091
hypocristis,1,non,,804091
igname,5,non,,804091
images,17,non,,804091
images à cadres dorés,1,non,,804091
images de cire,1,non,,804091
images de corne,1,non,,804091
images de livres,1,non,,804091
images de papier,38,non,,804091
images de papier et estampes et cartes géographiques,220,non,,804091
images de parchemin,73,non,,804091
images de parchemin de corne,2,non,,804091
images de vélin,6,non,,804091
images des Indes,1,non,,804091
images et cartes géographiques,2,non,,804091
images peintes,2,non,,804091
images sur papier,1,non,,804091
impériale,9,non,,804091
impériale de laine,1,non,,804091
inde,6,non,,804091
inde de Java,10,non,,804091
inde fine,28,non,,804091
inde florée,1,non,,804091
inde flottante,15,non,,804091
inde plate,120,non,,804091
indienne,886,non,milieu de gamme,43973
indienne ???,1,non,,804091
indienne commune,6,non,,804091
indienne de coton,21,non,haut de gamme,12084
indienne de coton et de fil,1,non,,804091
indienne de coton et siamoise de coton et toile de coton imprimée et toile de coton peinte et toile de coton teinte,25,non,haut de gamme,12084
indienne de coton et siamoise de coton et toile de coton peinte,16,non,haut de gamme,12084
indienne de coton et toile de coton peinte,65,non,milieu de gamme,43973
indienne de coton peinte,2,non,,804091
indienne de différentes qualités,1,non,,804091
indienne de France,6,non,,804091
indienne de Suisse,1,non,,804091
indienne des Indes,4,non,,804091
indienne des Indes et toile peinte,5,non,,804091
indienne en coupon,1,non,,804091
indienne et sitz,143,non,,804091
indienne et toile perse,1,non,,804091
indienne étrangère,5,non,,804091
indienne étrangère et toile peinte,3,non,,804091
indienne française,1,non,,804091
indienne nationale et toile peinte,5,non,,804091
indienne peinte,30,non,milieu de gamme,43973
indigo,6632,non,,804091
indigo commun,2,non,,804091
indigo de Guatemala,6,non,,804091
indigo de retour,3,non,,804091
indigo des Îles françaises,1,non,,804091
indigo des Indes,1,non,,804091
indigo en gr ???,1,non,,804091
indigo en grabeau,111,non,,804091
indigo et sucre,1,non,,804091
indigo floré,13,non,,804091
indigo guatimalo,8,non,,804091
indigo inde-plate boules de bleu,1,non,,804091
indigo par Bordeaux Nantes Le Havre et Dunkerque,1,non,,804091
injubes,3,non,,804091
insectes,4,non,,804091
instruments,110,non,,804091
instruments d'artillerie,1,non,,804091
instruments d'arts libéraux,7,non,,804091
instruments d'astronomie,5,non,,804091
instruments d'optique lunettier,1,non,,804091
instruments d'optiques,13,non,,804091
instruments d'optiques et ouvrages ditto,34,non,,804091
instruments d'orfèvrerie,1,non,,804091
instruments de b??? mêlés,1,non,,804091
instruments de chimie,3,non,,804091
instruments de chirurgie,48,non,,804091
instruments de jardinage,1,non,,804091
instruments de marine,18,non,,804091
instruments de mathématique,85,non,,804091
instruments de mathématique et de musique,9,non,,804091
instruments de mathématique et instruments de chirurgie,49,non,,804091
instruments de mécanique,3,non,,804091
instruments de mer,2,oui,,804091
instruments de mesure,1,non,,804091
instruments de musique,505,non,,804091
instruments de musique ???,1,non,,804091
instruments de musique et autres,11,non,,804091
instruments de navigation,3,non,,804091
instruments de physique,24,non,,804091
instruments de pilotage,4,non,,804091
instruments épinettes,1,non,,804091
instruments machine et mécanique,3,non,,804091
instruments machine et mécanique propres aux arts et aux sciences,11,non,,804091
instruments pour hôpitaux militaires,1,non,,804091
instruments pour la pêche,10,non,,804091
instruments pour les arts et les sciences,181,non,,804091
instruments propres aux arts libéraux,10,non,,804091
instruments propres aux science,2,non,,804091
ipécacuanha,314,non,,804091
iranis,1,non,,804091
iris,186,non,,804091
iris de citron,1,non,,804091
iris de Florence,60,non,,804091
irtaine,1,oui,,804091
isaris d'auf,1,non,,804091
isatis,5,non,,804091
issarions de palme,4,non,,804091
istarions d'espars,1,non,,804091
ita à planter,1,non,,804091
Itaine de laine,1,non,,804091
ivies,1,non,,804091
ivoire,87,non,,804091
ivoire brûlé,2,non,,804091
ivoire brut,81,non,,804091
ivoire de Dieppe,1,non,,804091
ivoire en grabeau,2,non,,804091
ivoire en morceaux,2,non,,804091
ivoire et or,10,non,,804091
ivoire noir,1,non,,804091
jaillet,2,non,,804091
jais,148,non,,804091
jais brut,1,non,,804091
jais de chêne,1,non,,804091
jais ou ouvrages de jais,1,non,,804091
jalap,492,non,,804091
jalap en grabeau,1,non,,804091
jamard,2,non,,804091
jamavar,23,non,,804091
jambon,1429,non,,804091
jambon de Bayonne,11,non,,804091
jambon de Mayence,6,non,,804091
jambon du pays,1,non,,804091
jambon et lard,1,non,,804091
jambon et lard salé,1,non,,804091
jambon et saucissons,1,non,,804091
jambon fumé,28,non,,804091
jambon lard et saucissons,1,non,,804091
jambon non fumé,2,non,,804091
jambon pour l'entrepôt de la Compagnie,1,non,,804091
jambon salé,100,non,,804091
jambons,8,oui,,804091
jantes,100,non,,804091
jantes et rais,5,non,,804091
japonis,1,non,,804091
jardinage divers,1,non,,804091
jardinage jasmin,2,non,,804091
jarres,241,non,,804091
jarres de grès,1,non,,804091
jarres de terre,27,non,,804091
jarres de terre à vin,1,non,,804091
jarres et dame-jeannes,61,non,,804091
jarres vides,1,non,,804091
jarretières,3,non,,804091
jarretières d'argent,4,non,,804091
jarretières d'argent et d'or,1,non,,804091
jarretières d'argent et d'or et de soie,1,non,,804091
jarretières de fil,3,non,,804091
jarretières de filoselle,2,non,,804091
jarretières de fleuret,12,non,,804091
jarretières de laine,11,non,,804091
jarretières de soie,23,non,,804091
jarretières et ruban de laine,1,non,,804091
jarretières et tresse de laine,1,non,,804091
jas,1,non,,804091
jaspe,3,non,,804091
jatape,1,non,,804091
jattes de bois,3,non,,804091
jaune commun,64,non,,804091
jaune de Cassel,1,non,,804091
jaune de chrome,2,non,,804091
jaune de Naples,87,non,,804091
jaune doré,7,non,,804091
jaune gros,1,non,,804091
jaune paille,2,non,,804091
jaune royal,2,non,,804091
jeanette de laine,1,non,,804091
jeanne,1,non,,804091
jeanne gros,1,non,,804091
jet de bière,10,non,,804091
jet et lie de bière,136,non,,804091
jetons d'argent,1,non,,804091
jetons de cuivre,2,non,,804091
jets de canettes,2,non,,804091
jets de canettes de grès,3,non,,804091
jets de cannes,3,non,,804091
jets de cannes à poignée d'ambre,1,non,,804091
jets de creusets,2,non,,804091
jets de grès,2,non,,804091
jets de terre,1,non,,804091
jets de voile,43,oui,,804091
jeux d'échecs,1,non,,804091
jeux d'écrevisse,1,non,,804091
jeux d'orgues,1,non,,804091
jeux de camagnolle,2,non,,804091
jeux de moulins,19,non,,804091
jeux de moulins à sucre,10,non,,804091
jeux de quadrilles,1,non,,804091
jeux de voile,107,non,,804091
jeux de voile en toile de Bretagne,1,non,,804091
joaillerie,1,non,,804091
jolités de cristal garnis de cuivre,2,non,,804091
jolités en pinsbeck,3,non,,804091
jolités mêlées,135,non,,804091
joncs,79,non,,804091
joncs à faire des cannes,4,non,,804091
joncs à joncher les volailles,3,non,,804091
joncs communs,4,non,,804091
joncs de cannes,1,non,,804091
joncs des Indes,1,non,,804091
joncs des marais,3,non,,804091
joncs en blocs,1,non,,804091
joncs en herbes,1,non,,804091
joncs entés,17,non,,804091
joncs et roseaux,32,non,,804091
joncs et roseaux des jardins,2,non,,804091
joncs et roseaux des marais d'Europe Presle et Sparte brut,2,non,,804091
joncs et roseaux exotiques bambous et joncs forts à cannes,2,non,,804091
joncs et roseaux exotiques rotins de petit calibre,3,non,,804091
joncs odorants,2,non,,804091
joncs ou auf,3,non,,804091
joncs pour cannes,1,non,,804091
joncs pour cannes et bambou et rotin,19,non,,804091
joncs pour cannes et bambou et ruban,8,non,,804091
joncs pour chaises,4,non,,804091
joncs pour couvrir,87,non,,804091
joncs pour couvrir bottes,2,non,,804091
joncs pour couvrir toits,85,non,,804091
joncs pour faire ???,2,non,,804091
joncs pour faire chaises,51,non,,804091
joncs pour faire des vertugadins,3,non,,804091
joncs pour faire les chaises des Indes,1,non,,804091
joncs pour faire voile,1,non,,804091
joncs pour joncher les volailles,1,non,,804091
joncs pour joncher voiles,2,non,,804091
joncs pour voile,25,non,,804091
joncs rotin,3,non,,804091
joncs Sparte brut et autres communs,1,non,,804091
joncs travaillés et paille travaillée,92,non,,804091
joncs vernis,1,non,,804091
jonquilles,1,non,,804091
jonquine,16,non,,804091
Joséphine de laine et de soie,1,non,,804091
jouets,6,non,,804091
jouets d'enfance,1,non,,804091
jouets d'enfant,12,non,,804091
jougs de bœuf,5,non,,804091
joujoux d'enfants,9,non,,804091
jouncs ou auf,1,non,,804091
juifs qui payent le droit corporel à la sortie,64,non,,804091
jujubes,101,non,,804091
julaux,1,non,,804091
julienne,2,oui,,804091
juments,41,non,,804091
juments de somme,3,non,,804091
juments et poulains,8,non,,804091
juments ou mulets,1,non,,804091
jupes,9,non,,804091
jupes d'indiennes,1,non,,804091
jupes de basin brodée en soie,1,non,,804091
jupes de calmande,1,non,,804091
jupes de cirsaca,1,non,,804091
jupes de coton,2,non,,804091
jupes de laine et de soie,1,non,,804091
jupes de molleton,2,non,,804091
jupes de satin brodée,1,non,,804091
jupes de toile peinte,5,non,,804091
jupes et tabliers de toile peinte,1,non,,804091
jupes peintes,1,non,,804091
jupes piquées,5,non,,804091
jupons,24,non,,804091
jupons brodés,2,non,,804091
jupons d'étoffe et soie brodés,1,non,,804091
jupons de basin brodés,1,non,,804091
jupons de Pékin brodé en soie or et argent,1,non,,804091
jupons de satin,2,non,,804091
jupons de taffetas,3,non,,804091
jupons de toile,1,non,,804091
jupons de toile peinte,2,non,,804091
jupons peints,1,non,,804091
jupons piqués,5,non,,804091
jus,2,non,,804091
jus d'orange,2,non,,804091
jus de cerise,1,non,,804091
jus de citrate calcaire,1,non,,804091
jus de citron,415,non,,804091
jus de citron et de limon,10,non,,804091
jus de citron et de limonade,2,non,,804091
jus de Florence,1,non,,804091
jus de griotte,1,non,,804091
jus de limon,36,non,,804091
jus de réglisse,865,non,,804091
jus et sirop de cerise et de grenade,7,non,,804091
jus et sirop de cerise et de grenade avec nourritures,69,non,,804091
jussienne,2,non,,804091
kalmouk,10,non,,804091
kalmouk de mauvaise qualité,1,non,,804091
kalmouk de Sedan 20 lignes,1,non,,804091
kalmouk de Sedan 350 lignes,1,non,,804091
kichorchais,8,non,,804091
kicoutis,2,non,,804091
kirschwasser,6,non,,804091
korola des Indes,2,non,,804091
l? de fer,1,non,,804091
labdanum,3,non,,804091
lac commun,57,non,,804091
lacets,6,non,,804091
lacets d'argent et de soie,1,non,,804091
lacets de fil,30,non,,804091
lacets de filoselle,14,non,,804091
lacets de filoselle et de soie,1,non,,804091
lacets de fleuret,19,non,,804091
lacets de laine,2,non,,804091
lacets de peau,3,non,,804091
lacets de soie,21,non,,804091
lackière,1,non,,804091
lacoris,1,non,,804091
ladanum,1,non,,804091
lagias,12,non,,804091
laimes,1,non,,804091
laimois,1,non,,804091
lain,1,non,,804091
lainage couvertures,53,oui,milieu de gamme,43973
laine,1113,non,,804091
laine à broder,19,non,,804091
laine à laver,1,non,,804091
laine à lisières,2,non,,804091
laine à matelas,3,non,,804091
laine à tapis fine,1,non,,804091
laine à tapisserie,111,non,,804091
laine à tricoter,1,non,,804091
laine apprêtée pour perruques,10,non,,804091
laine bâtarde,5,non,,804091
laine blanche,4,non,,804091
laine blanche et fine et filée et teinte,13,non,milieu de gamme,43973
laine blanche non filée,1,non,,804091
laine bourre et déchets de laine,2,non,,804091
laine brute,522,non,,804091
laine brute fine,6,non,,804091
laine brute surfine,5,non,,804091
laine cardée,4,non,,804091
laine chevron,8,oui,,804091
laine commune,128,non,,804091
laine commune brute,6,non,,804091
laine commune d'Espagne,2,non,,804091
laine commune épurée,1,non,,804091
laine commune et lavée et en suint,8,non,,804091
laine commune lavée à chaud,4,non,,804091
laine commune lavée à froid,6,non,,804091
laine commune sans distinction,1,non,,804091
laine crottelins,1,non,,804091
laine crue,2,non,,804091
laine d'agnelin,111,non,,804091
laine d'agnelin en suint,2,non,,804091
laine d'Allemagne,103,non,,804091
laine d'alpaca,2,non,,804091
laine d'Angleterre,2,non,,804091
laine d'Ardenny,2,non,,804091
laine d'Arles,1,non,,804091
laine d'Arménie,1,non,,804091
laine d'Autriche,32,non,,804091
laine d'Écosse,2,non,,804091
laine d'écrue,5,non,,804091
laine d'Espagne,667,non,,804091
laine d'Espagne fine,2,non,,804091
laine d'Espagne fine par Rouen et Marseille,1,non,,804091
laine d'Espagne grossière,1,non,,804091
laine d'Espagne lavée,1,non,,804091
laine d'Espagne non filée,2,non,,804091
laine d'Estrémadure lavée,2,non,,804091
laine d'Italie,17,non,,804091
laine de ???,1,non,,804091
laine de Barbarie,11,non,,804091
laine de Bayonne,1,non,,804091
laine de Bologne,3,non,,804091
laine de Brême,2,non,,804091
laine de Carmenie,40,non,,804091
laine de chamois,1,non,,804091
laine de chèvre,404,non,,804091
laine de chèvre et poil de chameau,43,non,,804091
laine de chèvre et poil de chameau et vigogne,24,non,,804091
laine de chèvre et poil de lapin,5,non,,804091
laine de chèvre non filée,1,non,,804091
laine de chevron,363,oui,,804091
laine de chevrons et poil de chameau,43,oui,,804091
laine de chevrons et poil de chameau et vigogne,24,oui,,804091
laine de chevrons et poil de lapin,5,oui,,804091
laine de chevrons non filée,1,oui,,804091
laine de Constantinople,2,non,,804091
laine de farumie,2,non,,804091
laine de fer,1,non,,804091
laine de fil,1,non,,804091
laine de France,1,non,,804091
laine de Hollande,7,non,,804091
laine de Moscou,1,non,,804091
laine de pelade,1,non,,804091
laine de Perse,10,non,,804091
laine de Pologne,34,non,,804091
laine de Pologne et autre laine étrangère,7,non,,804091
laine de Poméranie,2,non,,804091
laine de Prusse,2,non,,804091
laine de Smyrne,1,non,,804091
laine de Suède,1,non,,804091
laine de surge,2,oui,,804091
laine de tan,1,non,,804091
laine de vigogne,147,non,,804091
laine demi fine,1,non,,804091
laine demi lavée,14,non,,804091
laine du Béarn,19,non,,804091
laine du Brabant,1,non,,804091
laine du Danemark,11,non,,804091
laine du Levant,20,non,,804091
laine du Nord,22,non,,804091
laine du pays,8,non,,804091
laine du Portugal,42,non,,804091
laine écrue,5,non,,804091
laine écrue lavée,1,non,,804091
laine en ???,2,non,,804091
laine en boules,2,non,,804091
laine en côtes,6,non,,804091
laine en crin,2,non,,804091
laine en flotte,1,non,,804091
laine en lain,2,non,,804091
laine en masses,4,non,,804091
laine en pelote,1,non,,804091
laine en poil de chameau,8,non,,804091
laine en rames,38,non,,804091
laine en Renne,1,non,,804091
laine en ronces,1,non,,804091
laine en suint,104,non,,804091
laine en toison,38,non,,804091
laine épurée surfine,1,non,,804091
laine et filoselle,1,non,,804091
laine fine,38,non,,804091
laine fine de Rome,1,non,,804091
laine fine en rames,3,non,,804091
laine fine en suint,1,non,,804091
laine fine épurée,1,non,,804091
laine fine et de chèvre,9,non,,804091
laine fine et de chevron,9,oui,,804091
laine fine lavée,1,non,,804091
laine fine lavée à chaud,4,non,,804091
laine fine lavée à froid,6,non,,804091
laine fine mérinos en suint,10,non,,804091
laine fine mérinos lavée,14,non,,804091
laine grasse,516,non,,804091
laine grasse de Barbarie,2,non,,804091
laine grasse et fil de laine,2,non,,804091
laine grasse ou en suin,4,oui,,804091
laine gromures,1,non,,804091
laine grosse,35,non,,804091
laine l'ance,1,non,,804091
laine lavée,764,non,,804091
laine lavée à chaud surfine,4,non,,804091
laine lavée à froid surfine,4,non,,804091
laine lavée et grasse,1,non,,804091
laine lavée mérinos et métis,1,non,,804091
laine lavée pelade,1,non,,804091
laine lavée surge,1,oui,,804091
laine mêlée,1,non,,804091
laine menue,3,non,,804091
laine mérinos en suint,6,non,,804091
laine mérinos et lavée et en suint,28,non,,804091
laine mérinos lavée,23,non,,804091
laine noire,3,non,,804091
laine non filée,56,non,,804091
laine non filée lavée,5,non,,804091
laine non peignée,49,non,,804091
laine ordinaire,69,non,,804091
laine ordinaire en masse,30,non,,804091
laine panorme,1,non,,804091
laine par Abbeville,1,non,,804091
laine par Cherbourg et Granville et Morlaix,1,non,,804091
laine par Marseille,1,non,,804091
laine peignée,290,non,,804091
laine peignée et filée,1,non,,804091
laine pelade,134,non,,804091
laine pelade et grasse,1,non,,804091
laine pelade et serge,1,oui,,804091
laine pelleterie,1,non,,804091
laine petite,1,non,,804091
laine place,2,non,,804091
laine pour chapeliers,11,non,,804091
laine pour navire de Hollande avec certificats de consul,1,non,,804091
laine pour tapisserie,2,non,,804091
laine rousse,3,non,,804091
laine seconde,1,non,,804091
laine suin,2,non,,804091
laine tannée,2,non,,804091
laine teinte,18,non,,804091
laine toison,3,non,,804091
laine tressée,1,non,,804091
laine vivante,1,non,,804091
lainerie,1,non,,804091
lait battu,11,non,,804091
lait de Virginie,1,non,,804091
lait doux,20,non,,804091
laiton,261,non,,804091
laiton battu,1,non,,804091
laiton battu ou coulé ou laminé,2,non,,804091
laiton battu ou laminé,5,non,,804091
laiton braisé,5,non,,804091
laiton brun,3,non,,804091
laiton brut,4,non,,804091
laiton coulé en barres ou plaques,1,non,,804091
laiton coulé en barres ou plaques régulières,1,non,,804091
laiton coulé en masses brutes,3,non,,804091
laiton cuivré,2,non,,804091
laiton en barres ou plaques régulières,2,non,,804091
laiton en feuilles,67,non,,804091
laiton en masses brutes,3,non,,804091
laiton en planches pour les fabrique,1,non,,804091
laiton en rouleau,1,non,,804091
laiton et cuivre,6,non,,804091
laiton gratté,69,non,,804091
laiton gravé,2,non,,804091
laiton gravé ou gratté,2,non,,804091
laiton neuf,3,non,,804091
laiton noir,1,non,,804091
laiton non gratté,1,non,,804091
laiton vieux,19,non,,804091
lakmoes,130,non,,804091
lakuires,0,non,,804091
lama,1,non,,804091
lambris,1,non,,804091
lames,1,non,,804091
lames d'acier,6,non,,804091
lames d'argent,2,non,,804091
lames d'épée,75,non,,804091
lames d'épée et de fleuret,4,non,,804091
lames d'épée et de sabres,102,non,,804091
lames d'or,1,non,,804091
lames d'or par Marseille,1,non,,804091
lames de couteaux,1,non,,804091
lames de couteaux de chasse,2,non,,804091
lames de coutelas,2,non,,804091
lames de cuivre,2,non,,804091
lames de fer,1,non,,804091
lames de fleuret,7,non,,804091
lames de rasoirs,1,non,,804091
lames de sabre,28,non,,804091
lames de sabres,4,non,,804091
lames en fer,46,non,,804091
lampareille de laine,3,non,,804091
lampareille de Lille,2,non,,804091
lampareille de poil,88,non,milieu de gamme,43973
lampareille et polimi,13,non,,804091
lampas,0,non,,804091
lampas de soie,1,non,,804091
lampas pièces larges,3,non,,804091
lampes,61,non,,804091
lampes à air en cuivre de la manufacture royale à Versoix,1,non,,804091
lampes à la quinpot,1,non,,804091
lampes d'argent,2,non,,804091
lampes de cristal,1,non,,804091
lampes de cuivre,3,non,,804091
lampes de fer,10,non,,804091
lampes de fer-blanc,4,non,,804091
lampes de laiton,1,non,,804091
lampes de terre,1,non,,804091
lampes de verre,2,non,,804091
lampes de verres,1,non,,804091
lampes économiques,1,non,,804091
lampions de fer,1,non,,804091
lamproies,74,non,,804091
lances,865,non,,804091
lances et beauprés,1,non,,804091
lances et mâts,2,non,,804091
lancets à arroser voile,1,non,,804091
lanchez,1,non,,804091
langues,29,non,,804091
langues de bœuf,89,non,,804091
langues de bœuf en saumure,1,non,,804091
langues de bœuf et langues de vache,101,non,,804091
langues de bœuf fourrées,14,non,,804091
langues de bœuf salées,30,non,,804091
langues de cabillaud,5,non,,804091
langues de cochon,2,non,,804091
langues de morue,55,non,,804091
langues de mouton,12,non,,804091
langues de porcs,2,non,,804091
langues de porcs saléses,5,non,,804091
langues et noix de morue,5,oui,,804091
langues et noves,1,oui,,804091
langues et noves de morue,13,non,,804091
langues et têtes de morue,1,non,,804091
langues et yeux de cerf,1,non,,804091
langues fumées,71,non,,804091
langues salées,229,non,,804091
lanières de cuirs de bœuf,1,non,,804091
lanillas,25,non,,804091
lanillas de laine,1,non,,804091
lanillas de poil,20,non,,804091
lanis à cacheter,0,non,,804091
lanternes,129,non,,804091
lanternes d'escalier,1,non,,804091
lanternes de corne,1,non,,804091
lanternes de cristal,2,non,,804091
lanternes de fer-blanc,2,non,,804091
lanternes de verre,8,non,,804091
lanternes de verre décoré,1,non,,804091
lanternes magiques,1,non,,804091
lapereaux,1,non,,804091
lapines,1,non,,804091
lapins,21,non,,804091
lapis,2,non,,804091
lapis lazuli,6,non,,804091
laque,13,non,,804091
laque de Florence,58,non,,804091
laque de Venise,13,non,,804091
laque en bois,5,non,,804091
laque en feuilles,4,non,,804091
laque en graine,2,non,,804091
laque en poudre,1,non,,804091
laque fausse,1,non,,804091
laque fine,1,non,,804091
laque naturelle,7,non,,804091
laque pale,1,non,,804091
laque plane,3,non,,804091
laque plate,164,non,,804091
laque préparée,5,non,,804091
laque ronde,7,non,,804091
laque rouge,2,non,,804091
laque sans bois,4,non,,804091
lard,1154,non,,804091
lard à larder,2,non,,804091
lard du pays,1,non,,804091
lard et petit salé,1,non,,804091
lard et porcs salés,2,non,,804091
lard fumé,3,non,,804091
lard grillé,1,non,,804091
lard pour l'entrepôt,1,non,,804091
lard salé,198,non,,804091
lardoires de fer,1,non,,804091
lattes,175,non,,804091
lattes à ardoise,2,non,,804091
lattes de bois,4,non,,804091
lattes de bois pour couvrir,1,non,,804091
lattes de chêne,1,non,,804091
lattes de hêtre,6,non,,804091
lattes de hêtre façonnées,3,non,,804091
lattes de hêtre non sciées,5,non,,804091
lattes de sapin,8,non,,804091
lattes dites du nord,6,non,,804091
lattes dites Solververen,60,non,,804091
lattes doubles,2,non,,804091
lattes et perches,1,non,,804091
lattes pour couvreurs de paille et plâtreurs,66,non,,804091
lattes pour couvreurs de tuile,84,non,,804091
lattes pour cuve,1,non,,804091
lattes pour cuve de brassage,1,non,,804091
lattes sciées,100,non,,804091
lattes sciées en planches,6,non,,804091
laudanum,2,non,,804091
laurier,6,non,,804091
lauroi de fléaux de fer,1,non,,804091
lauze,7,non,,804091
lavande,1,non,,804091
lavande et hysope,2,non,,804091
lave-place,12,non,,804091
lèchefrite,3,non,,804091
lèchefrite de fer,4,non,,804091
legatine sur coton,1,non,,804091
legatine sur laine,1,non,,804091
légumes,2500,non,,804091
légumes confits et secs,2,non,,804091
légumes en adobe,108,non,,804091
légumes marinés,1,non,,804091
légumes pois,33,non,,804091
légumes salés ou confits,7,non,,804091
légumes secs,59,non,,804091
légumes secs et racine d'igname,2,oui,,804091
légumes secs et racines d'igname,2,non,,804091
légumes verts,7,non,,804091
légumes verts et secs,25,non,,804091
lelarge,0,non,,804091
lemeneas,1,oui,,804091
lentilles,173,non,,804091
leole,1,non,,804091
lerfage de laine,1,non,,804091
lessive grasse,3,non,,804091
lest,9925,non,,804091
lest de cuir,8,oui,,804091
lest en fer,0,oui,,804091
lest pour la pêche à la morue,0,non,,804091
lest pour la pêche aux moule,3,oui,,804091
lest pour la pêche aux moules,3,non,,804091
lettres de changes imprimées,1,non,,804091
letz en planches,1,oui,,804091
leviers,3,non,,804091
leviers ferrés,2,non,,804091
levraut,1,non,,804091
levure de bière,6,non,,804091
Li ???,1,non,,804091
liagne,1,non,,804091
liatte,12,non,,804091
liatte départ,1,non,,804091
libans,3,non,,804091
libar,1,non,,804091
librairie,2185,non,,804091
librairie brochée,13,non,,804091
librairie commune,2,non,,804091
librairie en blanc,3,non,,804091
librairie en brochures,0,non,,804091
librairie reliée,13,non,,804091
lic,1,non,,804091
licanias,3,non,,804091
lichens,2,non,,804091
lichens autres que pour la teinture,3,non,,804091
lichens médicinaux,42,non,,804091
lichens tinctoriaux,6,non,,804091
licols,3,non,,804091
licols de cuirs,1,non,,804091
licols en sangles,1,non,,804091
licols et sangles,2,non,,804091
licopodes,1,non,,804091
lie d'huile,3,non,,804091
lie de bière,2,non,,804091
lie de vin,124,non,,804091
lie de vin désséchée,1,non,,804091
liège,915,non,,804091
liège commun,1,non,,804091
liège d'Espagne et du Portugal,30,non,,804091
liège en bois,94,non,,804091
liège en bouchons,1352,non,,804091
liège en bouchons et en planches,18,non,,804091
liège en catalant,1,non,,804091
liège en feuilles,27,non,,804091
liège en manches,10,non,,804091
liège en planches,341,non,,804091
liège en table,1,non,,804091
liège et provisions,17,non,,804091
liège fin,6,non,,804091
liège grossier,1,non,,804091
liens de chanvre,5,non,,804091
liens de fer,2,non,,804091
liens de fil,32,non,,804091
liens et fil,1,non,,804091
lier,1,non,,804091
liettus,1,non,,804091
lièvres,11,non,,804091
ligature,33,non,,804091
ligature de fil et soie,4,non,,804091
ligature de poil,0,non,,804091
ligature de soie,2,non,,804091
ligature ou droguet de fil et laine,3,non,,804091
lignes,6,non,,804091
lignes à pêcher,127,non,,804091
lignes à pêcher pour l'entrepôt,1,non,,804091
lignes d'acier,1,non,,804091
lignes d'Allemagne,1,non,,804091
lignum,1,non,,804091
lillas,11,non,,804091
limaces et sangsues et vipères,2,non,,804091
limaille,4,non,,804091
limaille d'argent,2,non,,804091
limaille de cuivre,9,non,,804091
limaille de cuivre et vieux cuivre brisé,1,non,,804091
limaille de fer,2,non,,804091
limaille de laiton,2,non,,804091
limaille et paille de fer,1,non,,804091
limaille mâche-fer et paille,2,non,,804091
limancais,15,non,,804091
limburis,1,non,,804091
limea,3,non,,804091
limeneas,313,non,haut de gamme,12084
limeneas bleues,1,non,,804091
limeneas des Indes,2,non,,804091
limeneas larges,1,non,,804091
limes,244,non,,804091
limes d'acier,97,non,,804091
limes d'acier et de fer,2,non,,804091
limes d'acier et fer,4,non,,804091
limes d'Autriche,1,non,,804091
limes de fer,82,non,,804091
limes de fer pour l'entrepôt de la Compagnie des Indes,1,non,,804091
limes en feuilles,1,non,,804091
limes et râpes à polir dites fines,1,non,,804091
limes et râpes communes,6,non,,804091
limes et râpes empaillées,1,non,,804091
limes et râpes fines,7,non,,804091
limes grosses,1,non,,804091
limes petites,1,non,,804091
limon,68,non,,804091
limon frais,7,non,,804091
limon ou citron,5,oui,,804091
limon salé,47,non,,804091
limon salés,47,oui,,804091
lin,1495,non,,804091
lin ???,2,non,,804091
lin à filer,1,non,,804091
lin apprêté,17,non,,804091
lin brut,1,non,,804091
lin commun,9,non,,804091
lin cru,638,non,,804091
lin de Hollande,1,non,,804091
lin divers,16,non,,804091
lin du Béarn,5,non,,804091
lin écru,17,non,,804091
lin en bottes,4,non,,804091
lin en car,1,non,,804091
lin en grosse pliure,1,non,,804091
lin en pierre,14,non,,804091
lin en tiges roulées sèches et vertes,3,non,,804091
lin et pierres,1,non,,804091
lin et son étoupes,1,non,,804091
lin non apprêté,4,non,,804091
lin non battu et vert,56,non,,804091
lin peigné,645,non,,804091
lin peigné commun,1,non,,804091
lin peigné en laine,1,non,,804091
lin préparé,2,non,,804091
lin prêt à filer,2,non,,804091
lin sans paille et en potasse,1,non,,804091
lin sec non roui,23,non,,804091
lin taillé et étoupes,10,non,,804091
lin vert roui et non roui,71,non,,804091
lina,1,non,,804091
linceuls,5,non,,804091
linceuls vieux,4,non,,804091
linge,26,non,,804091
linge ???,1,non,,804091
linge à pansements,1,non,,804091
linge à pansements vieux,5,non,,804091
linge à papier vieux,3,non,,804091
linge à serviettes,1,non,,804091
linge à tapisserie,1,non,,804091
linge commun à visage d'homme,1,non,,804091
linge damassé,2,non,,804091
linge damassé ouvragé et uni,2,non,,804091
linge de chanvre et de lin damassé en pièce et de table,1,non,,804091
linge de chanvre et de lin damassé en pièce et de table admis au droit de 5 p. c/o de la valeur par autorisation,1,non,,804091
linge de chanvre et de lin ouvragé en pièce et de table,2,non,,804091
linge de lin,1,non,,804091
linge de lin fin,1,non,,804091
linge de table,516,non,,804091
linge de table à nappes,5,non,,804091
linge de table à serviettes,14,non,,804091
linge de table canapés,4,non,,804091
linge de table chemises,1,non,,804091
linge de table commun,2,non,,804091
linge de table damassé,6,non,,804091
linge de table de chanvre et de lin en pièces,2,non,,804091
linge de table de lin,10,non,,804091
linge de table de toile,12,non,,804091
linge de table et serviettes,1,oui,,804091
linge de table fin,1,non,,804091
linge de table nappes ouvrées,1,oui,,804091
linge de table neuf,1,non,,804091
linge de table ordinaire,1,non,,804091
linge de table ouvré,25,non,,804091
linge de table ouvré nappes,1,oui,,804091
linge de table serviettes ??? nappes,1,non,,804091
linge de table vieux,1,non,,804091
linge de toile de lin,2,non,,804091
linge grossier,1,non,,804091
linge lessivé,2,non,,804091
linge neuf,2,non,,804091
linge ouvré de souillé,1,non,,804091
linge ouvré serviettes,1,oui,,804091
linge pour papier vieux,2,non,,804091
linge supporté,5,non,,804091
linge travaillé,135,non,,804091
linge uni,2,non,,804091
linge vieux,137,non,,804091
linge vieux pour entrepôt,1,non,,804091
lingerie,178,non,,804091
lingerie commune,2,non,,804091
lingerie de chanvre,1,non,,804091
lingerie de coton,0,non,,804091
lingerie de lin,26,non,,804091
lingerie de lit et de tables,4,non,,804091
lingerie de tables,2,non,,804091
lingerie de toile d'étoupes,1,non,,804091
lingerie de toile de lin,10,non,,804091
lingerie de toile de lin guingans,1,non,,804091
lingerie de toutes sortes,6,oui,,804091
lingerie des Indes,1,non,,804091
lingerie en chanvre,1,non,,804091
lingerie ouvrée,2,non,,804091
lingerie pour nègre,1,non,,804091
lingerie vieille,3,non,,804091
lingettes,5,non,,804091
lingots d'or,7,non,,804091
lingots d'or du Brésil reçus par l'envoi d'Angleterre,1,non,,804091
lingots d'or venant de Francfort par Strasbourg,1,non,,804091
lingots de cuivre,1,non,,804091
lingots de cuivre et planches de cuivre,2,non,,804091
lingots et monnaies d'argent,2,non,,804091
lingots et monnaies d'or,2,non,,804091
lingots et monnaies étrangères,150,non,,804091
lingots et monnaies étrangères d'argent et d'or,17,non,,804091
lingots ou monnaies étrangères d'argent et d'or,14,oui,,804091
linnieuse,6,non,,804091
linnieuse de poil,2,non,,804091
linon,3,oui,,804091
linon de lin,8,oui,,804091
lions de faïence,1,non,,804091
liqueurs,2059,non,,804091
liqueurs à boire,316,non,,804091
liqueurs au fiasque,5,non,,804091
liqueurs communes,42,non,,804091
liqueurs d'Autriche,1,non,,804091
liqueurs de bière,1,non,,804091
liqueurs de côte-rôtie,1,non,,804091
liqueurs de Dantzig,1,non,,804091
liqueurs de graine,1,non,,804091
liqueurs de légumes,1,non,,804091
liqueurs de Malaga,1,non,,804091
liqueurs de Marseille,8,non,,804091
liqueurs de sirop,2,non,,804091
liqueurs de sirop fin,7,non,,804091
liqueurs de ville,29,non,,804091
liqueurs distillées,117,non,,804091
liqueurs diverses,153,non,,804091
liqueurs en jus de citron,5,non,,804091
liqueurs en maroquin,1,non,,804091
liqueurs en sirop,1,non,,804091
liqueurs en sirop fin,3,non,,804091
liqueurs et rhum,10,non,,804091
liqueurs et sirop,182,non,,804091
liqueurs et sirop fin,37,non,,804091
liqueurs et sirops,5,oui,,804091
liqueurs fines,5,non,,804091
liqueurs médicinales,1,non,,804091
liqueurs rhum,3,non,,804091
liqueurs sirop,3,non,,804091
liqueurs sirop fin,19,non,,804091
liqueurs sirops ou vin étranger,91,non,,804091
lisières,1,non,,804091
lisières de drap,35,non,bas de gamme,18109
lisières de velours,4,non,,804091
lisières et rognures de drap,71,non,,804091
lisses,1,non,,804091
lissoirs de verre,1,non,,804091
listeaux,1,non,,804091
listeaux de sapin,1,non,,804091
listonnerie,5,non,,804091
lit anglais,1,non,,804091
lit d'indienne,3,non,,804091
lit de bourre,4,non,,804091
lit de bourre de chèvre,1,non,,804091
lit de camp,1,non,,804091
lit de camp de fer,1,non,,804091
lit de campagne,1,non,,804091
lit de fer,2,non,,804091
lit de fil,1,non,,804091
lit de plume,48,non,,804091
lit de repos,1,non,,804091
lit de repos de laine,1,non,,804091
lit de sangle,1,non,,804091
lit de satin,0,non,,804091
lit de satin brodé,4,non,,804091
lit de satin brodé chantournés,2,oui,,804091
lit de satin brodé ciels,2,oui,,804091
lit de satin brodé couvertures,2,oui,,804091
lit de satin brodé dossiers,2,oui,,804091
lit de satin brodé grandes pentes,2,oui,,804091
lit de satin brodé petites,2,oui,,804091
lit de satin brodé rideaux,2,oui,,804091
lit de satin brodé tabourets,2,oui,,804091
lit de satin brodé toilettes,2,oui,,804091
lit de satin brodé...,1,oui,,804091
lit de serge garnie,1,non,,804091
lit de siamoise,1,non,,804091
lit en 16 pièces,1,non,,804091
literie,2,non,,804091
litharge,626,non,,804091
litharge d'argent et d'or,3,non,,804091
litharge d'or,32,non,,804091
litharge dur,1,non,,804091
litharge jaune ou rouge,3,non,,804091
litharge pour l'entrepôt,1,non,,804091
lithium,1,non,,804091
litières,18,non,,804091
litières de drap,1,non,,804091
litrage,1,non,,804091
livres,78,non,,804091
livres anglais,1,non,,804091
livres d'imprimerie,1,non,,804091
livres de commerce,2,non,,804091
livres de musique,1,non,,804091
livres de piété,1,non,,804091
livres en blanc,43,non,,804091
livres en blanc et de comptes,1,non,,804091
livres en feuilles,8,non,,804091
livres en langue française,5,non,,804091
livres en langue française et autres ouvrages publiés à l'étranger,1,non,,804091
livres en langue française imprimés en France,1,non,,804091
livres en langue française mémoires scientifiques,1,non,,804091
livres en langue française publiés à l'étranger,1,non,,804091
livres en langue française réimprimés sur édition françaises,1,non,,804091
livres en langues étrangères et mortes,1,non,,804091
livres en langues française et étrangères,2,non,,804091
livres en langues mortes ou étrangères,6,non,,804091
livres espagnols,2,non,,804091
livres estampes et papier,89,non,,804091
livres et registres,1,non,,804091
livres hébreux,1,non,,804091
livres imprimés,6,non,,804091
livres imprimés en France,2,non,,804091
livres journal en papier blanc,2,non,,804091
livres non reliés,148,non,,804091
livres reliés,144,non,,804091
lizal toile,1,non,,804091
locrenan,10,non,,804091
locrenan de 50 aunes,2,non,,804091
locronan,14,non,,804091
lohoria,2,non,,804091
longs vieux,1,non,,804091
loques,129,non,,804091
loriaque,1,non,,804091
loup marin,1,non,,804091
loupine,1,non,,804091
loupins,4,non,,804091
louveas,2,non,,804091
lozes,10,non,,804091
luge,3,non,,804091
luge en planches,1,non,,804091
lumières,1,non,,804091
lunettes,58,non,,804091
lunettes à charnière d'argent,1,non,,804091
lunettes d'approche,10,non,,804091
lunettes d'écaille,2,non,,804091
lunettes de corne,1,non,,804091
lunettes de verre,1,non,,804091
lunettes et microscope,2,non,,804091
lunettes garnies de corne,1,non,,804091
luspeck,1,non,,804091
lustres,182,non,,804091
lustres d'argent et d'or,1,non,,804091
lustres de bois doré,1,non,,804091
lustres de cristal,2,non,,804091
lustres de cristal et verre,17,non,,804091
lustres de Venise,71,non,,804091
lustres vieux,1,non,,804091
lustrine,16,non,milieu de gamme,43973
luth,5,non,,804091
luzes,1,non,,804091
lycopodes,1,non,,804091
macaron,1,non,,804091
macaroni,1,non,,804091
macarons,5,non,,804091
mâchefer,5,non,,804091
mâches,2,non,,804091
maches de fer,2,non,,804091
machicot,9,non,,804091
machine à éteindre le feu,1,non,,804091
machine à feu,1,non,,804091
machine à feu pour mine,1,non,,804091
machine militaire,1,non,,804091
machine pour fabriquer le tabac,1,non,,804091
machines et mécaniques,7,non,,804091
machines pour couper le tabac,1,non,,804091
macis,92,non,,804091
macis des entrepôts,0,non,,804091
Madères,2,non,,804091
Madras,3,non,,804091
Madras mouchoirs,1,non,,804091
madriers,4,non,,804091
madriers d'acajou,119,non,,804091
madriers d'acajou de 10 à 11 pieds,2,non,,804091
madriers d'acajou de 10 pieds,4,non,,804091
madriers d'acajou de 11 pieds,4,non,,804091
madriers d'acajou de 12 pieds,3,non,,804091
madriers d'acajou de 17 pieds,1,non,,804091
madriers d'acajou de 5 pieds,1,non,,804091
madriers d'acajou de 6 à 8 pieds,1,non,,804091
madriers d'acajou de 6 pieds,3,non,,804091
madriers d'acajou de 7 à 6 pieds,1,non,,804091
madriers d'acajou de 7 à 8 pieds,1,non,,804091
madriers d'acajou de 7 pieds,3,non,,804091
madriers d'acajou de 8 à 10 pieds,1,non,,804091
madriers d'acajou de 8 à 9 pieds,2,non,,804091
madriers d'acajou de 8 pieds,3,non,,804091
madriers d'acajou de 9 à 10 pieds,1,non,,804091
madriers d'acajou de 9 à 8 pieds,1,non,,804091
madriers d'acajou de 9 pieds,4,non,,804091
madriers de bois,2,non,,804091
madriers de bois à meuble,2,oui,,804091
madriers de bois d'acajou de 9 à 19 pieds,1,non,,804091
madriers de bois de cayenne,1,non,,804091
madriers de bois de cèdre,1,non,,804091
madriers de bois de chêne,4,non,,804091
madriers de bois de Chypre,1,non,,804091
madriers de bois de couleur,1,non,,804091
madriers de bois de férole,1,non,,804091
madriers de bois de tilleul,1,non,,804091
madriers de bois pour meuble,2,oui,,804091
madriers de bois pour meubles,2,non,,804091
madriers de chêne,5,non,,804091
madriers de chêne de 12 pieds,2,non,,804091
madriers de chêne de 15 pieds,1,non,,804091
madriers de chêne de 22 pieds,1,non,,804091
madriers de chêne de 24 pieds,1,non,,804091
madriers de chêne de 8 pieds,2,non,,804091
madriers de gaïac de 9 pieds,1,non,,804091
madriers de marbre,1,non,,804091
madriers de merisier,3,non,,804091
madriers de noyer,10,non,,804091
madriers de noyer de 10 pieds,1,non,,804091
madriers de noyer de 12 pieds de long et de 4 pouces d'épaisseur,1,non,,804091
madriers de noyer de 15 pieds,1,non,,804091
madriers de Prusse,1,non,,804091
madriers de sapin,4,non,,804091
madriers en planche ou poutrelles,1,non,,804091
maêts de misaine,0,oui,,804091
mages de fer,1,non,,804091
magnésie,2,non,,804091
magnol,1,non,,804091
magots,1,non,,804091
mahaleb,1,non,,804091
maiclais,0,non,,804091
mailles de paille,2,non,,804091
maillicot,11,non,,804091
maines,1,non,,804091
maines avec leurs fers,1,non,,804091
maïs et seigle de Corse grains,1,non,,804091
maïs et seigle farine,5,non,,804091
maïs et seigle grains,5,non,,804091
maïs gros,2,non,,804091
malbroug,5,non,,804091
malemole,10,non,,804091
malemole de 12 aunes,1,non,,804091
malemole dome,1,non,,804091
malles,16,non,,804091
malles ???,1,non,,804091
malles d'étoffe or,1,non,,804091
malles de cuir,3,non,,804091
malles de poste,1,non,,804091
malles et valises et coffres,38,non,,804091
malles travaillées,9,non,,804091
malles vides,1,non,,804091
mallettes travaillées,1,non,,804091
mallons,1,non,,804091
mallons ???,1,non,,804091
mallons de brique,1,non,,804091
malreaux,3,non,,804091
malt,3,non,,804091
mambres de chêne de 10 pieds,1,non,,804091
mamoudis,1,non,,804091
mana,0,non,,804091
manades,1,non,,804091
manche de gaffe de 11 centimètre inclusivement à 15 exclusivement,2,non,,804091
manche de gaffe de 6 à 11 centimètres,2,non,,804091
manche de gaffe de 6 centimètres inclusivement à 11 exclusivement,2,non,,804091
manches à balais,11,non,,804091
manches à lave-place,10,non,,804091
manches brodées,3,non,,804091
manches d'alènes,1,non,,804091
manches de bois blanc,1,non,,804091
manches de bois de gaffes,11,non,,804091
manches de bois pour brosse,1,non,,804091
manches de brosses,1,non,,804091
manches de café,2,non,,804091
manches de couteau,1,non,,804091
manches de couteau de bois,1,non,,804091
manches de fouets,1,non,,804091
manches de gaffes,100,non,,804091
manches de gaffes de 11 à 15 centimètres,1,non,,804091
manches de gaffes de 12 pieds,1,non,,804091
manches de gaffes de 14 à 16 pieds,1,non,,804091
manches de gaffes de 18 pieds,1,non,,804091
manches de gaffes et livardes,1,non,,804091
manches de mail,26,non,,804091
manches de pelles,2,non,,804091
manches de pinceau,1,non,,804091
manches de sapin,1,non,,804091
manches pour fourches et pour balais,2,non,,804091
manches pour pioches,5,non,,804091
manchettes,9,non,,804091
manchettes brodée,158,non,,804091
manchettes d'acier,1,non,,804091
manchettes d'or,1,non,,804091
manchettes de batiste,1,non,,804091
manchettes de coton,2,non,,804091
manchettes de dentelle,23,non,,804091
manchettes de mousseline,3,non,,804091
manchettes de mousseline brodée,1,non,,804091
manchettes et mouchoirs brodés,14,non,,804091
manchettes et mouchoirs de mousseline,6,non,,804091
manchons,69,non,,804091
manchons communs,86,non,,804091
manchons de chèvre angora,1,non,,804091
manchons de grèbe,1,non,,804091
manchons de laine,3,non,,804091
manchons de loup et d'ours,3,non,,804091
manchons de martre,29,non,,804091
manchons de peau de grèbe,1,oui,,804091
manchons de peau de loup et d'ours,3,oui,,804091
manchons de plume,29,non,,804091
manchons de prix,1,non,,804091
manchons de renard,3,non,,804091
manchons de tigre,4,non,,804091
manchons de velours,1,non,,804091
manchons et platines,1,non,,804091
manchons façon de martre,1,non,,804091
manchons fins,1,non,,804091
manchons pour femme,1,non,,804091
mandarine,12,non,,804091
mandes et berces d'osier,98,non,,804091
mandragore,1,non,,804091
manelle en grabeau,1,non,,804091
maneque,1,non,,804091
manganèse,42,non,,804091
mangarbine,2,non,,804091
manicot,4,non,,804091
maniguette,89,non,,804091
manille,4,non,,804091
manilles en bracelets de cuivre,1,non,,804091
manivelles,1,non,,804091
manivelles de fer,1,non,,804091
manne,1026,non,,804091
manne d'osier,1,non,,804091
manne de Calabre,103,non,,804091
manne fine,1,non,,804091
manne vide,1,non,,804091
mannequins,2,non,,804091
manœuvre en grelin,1,non,,804091
manoudis,1,non,,804091
manouf,1,non,,804091
mansonque brodé,1,non,,804091
manteaux,11,non,,804091
manteaux à nègre,2,non,,804091
manteaux courts,1,non,,804091
manteaux d'écarlate,2,non,,804091
manteaux d'écarlate brodés d'or et d'argent,0,non,,804091
manteaux de drap,1,non,,804091
manteaux galonnés,3,non,,804091
manteaux unis,1,non,,804091
manteaux vieux,2,non,,804091
mantelets,10,non,,804091
mantelets courts,4,non,,804091
mantelets de drap écarlate,1,non,,804091
mantelets de soie,3,non,,804091
mantelets écarlates,1,non,,804091
mantelets pour femme,1,non,,804091
mantes,1,non,,804091
mantilles d'écarlate brodées d'or,1,non,,804091
maquereaux,65,non,,804091
maquereaux frais,2,non,,804091
maquereaux salés,52,non,,804091
maquereaux salés ou marinés,1,non,,804091
maquet,84,non,,804091
marbre,250,non,,804091
marbre à broyer,1,non,,804091
marbre à jouer,74,non,,804091
marbre à marbrer couleurs,1,non,,804091
marbre bâtard,0,non,,804091
marbre bille,2,non,,804091
marbre blanc,3,non,,804091
marbre brun,12,non,,804091
marbre brut,256,non,,804091
marbre brut en morceaux,1,non,,804091
marbre brut en pierres,47,non,,804091
marbre brut équarri en marbre statuaire ébauché,7,non,,804091
marbre brut et ouvré,1,non,,804091
marbre chique,2,non,,804091
marbre de Calabre,1,non,,804091
marbre en blocs,112,non,,804091
marbre en carreaux,3,non,,804091
marbre en pièces,1,non,,804091
marbre en pierre,25,non,,804091
marbre en sable,1,non,,804091
marbre et mortiers,3,non,,804091
marbre mortiers,4,non,,804091
marbre moulé poli ou sculpté,7,non,,804091
marbre noir travaillé,3,non,,804091
marbre relevé,1,non,,804091
marbre rond,1,non,,804091
marbre rouge et gris,5,non,,804091
marbre scié sans autre main-d'œuvre ayant d'épaisseur 10 centimètres et plus,1,non,,804091
marbre scié sans autre main-d'œuvre ayant d'épaisseur 16 centimètres et plus,2,non,,804091
marbre scié sans autre main-d'œuvre ayant d'épaisseur moins de 10 centimètres,1,non,,804091
marbre scié sans autre main-d'œuvre ayant d'épaisseur moins de 16 centimètres,3,non,,804091
marbre travaillé,221,non,,804091
marc d'olive,275,non,,804091
marc de brede,1,non,,804091
marc de raisin,9,non,,804091
marcassin,2,non,,804091
marcassite,4,non,,804091
marchandises,9196,non,,804091
marchandises (sauf blé et grains),2,non,,804091
marchandises à l'estimation,1000,non,,804091
marchandises anglaises,2,non,,804091
marchandises blanches,29,non,,804091
marchandises blanches ???,2,non,,804091
marchandises blanches de la Compagnie des Indes,4,non,,804091
marchandises coloniales,1,non,,804091
marchandises coloniales pour ré-exportation,1,non,,804091
marchandises de Chine,37,non,,804091
marchandises de détail,1,non,,804091
marchandises de Flandre,2,non,,804091
marchandises de foire,2,non,,804091
marchandises de fonte,1,non,,804091
marchandises de l'Inde,1,non,,804091
marchandises de la compagnie des Indes,1,non,,804091
marchandises de la Côte,2,non,,804091
marchandises de la foire de Beaucaire,85,non,,804091
marchandises de la foire de retour,2,non,,804091
marchandises de la vente,1,non,,804091
marchandises de Marseille,1,non,,804091
marchandises de modes,150,non,,804091
marchandises de Montauban,27,non,,804091
marchandises de Paris,1,non,,804091
marchandises de retour,7,non,,804091
marchandises des Îles,309,non,,804091
marchandises des Indes,10,non,,804091
marchandises des Indes en petits articles,1,non,,804091
marchandises des prises,2,non,,804091
marchandises dont le plus fort article n'excède pas 10000 livres,15,non,,804091
marchandises en articles de moindre importance,21,non,,804091
marchandises exportées par les port et pays du royaume traités comme étrangers,8,non,,804091
marchandises hors espèces,45,non,,804091
marchandises mêlées des prises anglaises,1,non,,804091
marchandises non classifiées,0,non,,804091
marchandises permises,51,non,,804091
marchandises pour Cherbourg,1,non,,804091
marchandises pour la traite,5,non,,804091
marchandises prises à Cette,1,non,,804091
marchandises prohibées,24,non,,804091
marchandises provenant d'un naufrage,3,non,,804091
marchandises sèches,29,non,,804091
marchandises sèches comme toiles chapeaux bas souliers,2,non,,804091
marchandises sèches et mercerie,16,non,,804091
marchandises sèches mercerie et quincaillerie,1,non,,804091
marchandises susceptibles,1,non,,804091
marchandises venant de l'étranger pour être réexportées aux colonies françaises principalement en armes fer en barres toile Guinée viande salée etc.,10,non,,804091
marche de fer-blanc,1,non,,804091
marche de pierre de grison,1,non,,804091
marcottes d'œillets,1,non,,804091
maréchauderie,4,non,,804091
marée,1,non,,804091
marée fraiche,6,non,,804091
marègue,46,non,bas de gamme,18109
marègue couteaux,1,non,,804091
mares,2,non,,804091
mares divers,5,non,,804091
marete,1,non,,804091
mareule,2,non,,804091
marine,1,non,,804091
marine d'alizari,1,non,,804091
marinouttes,2,non,,804091
marjolaine,2,non,,804091
marle,82,non,,804091
Marly,3,non,,804091
Marly broché,2,non,,804091
Marly de fil,3,non,,804091
Marly de soie,2,non,,804091
Marly plâtrée,1,non,,804091
marmelade,6,non,,804091
marmites,170,non,,804091
marmites de composition,1,non,,804091
marmites de cuivre,6,non,,804091
marmites de fer,148,non,,804091
marmites de fer coulé,2,non,,804091
marmites de fer de fonte,7,non,,804091
marmites de fer grandes,1,non,,804091
marmites de fer moyennes,1,non,,804091
marmites de fer petites,1,non,,804091
marmites de feu,1,non,,804091
marmites de fonte,4,non,,804091
marmites de fonte vieille,1,non,,804091
marmites de potier,1,non,,804091
marmites en fer,283,non,,804091
marmondis,1,non,,804091
marne,19,non,,804091
maronic,1,non,,804091
maroquin,19,non,,804091
maroquin et peaux tannés,67,non,,804091
maroquin et peaux tannés mortiers de marbre,1,non,,804091
maroquins,19,oui,,804091
marques,1,non,,804091
marquise,1,non,,804091
marraye,2,non,,804091
marregues,22,non,,804091
marrons,144,non,,804091
marrons crus,1,non,,804091
marrons secs,3,non,,804091
marseille,0,non,,804091
marsouin,2,non,,804091
marteaux,3,non,,804091
marteaux d'ouvriers,1,non,,804091
marteaux de forge,3,non,,804091
martinet de fer,3,non,,804091
martinets à tonnelier,1,non,,804091
martre,0,non,,804091
marue,2,non,,804091
masques,117,non,,804091
masques communs,3,non,,804091
masques de cire,1,non,,804091
masques de Venise,24,non,,804091
masques fins,5,non,,804091
massepain,3,non,,804091
masses,2,non,,804091
masses de bois,1,non,,804091
masses de coton,27,non,,804091
masses de cuivre,13,non,,804091
masses de cuivre rouge pour être raffiné,3,non,,804091
masses de fer,11,non,,804091
masses de lin,145,non,,804091
masses de mail,3,non,,804091
massicot,47,non,,804091
massicot citron,1,non,,804091
massicot fond d'or,1,non,,804091
massicot jonquille,1,non,,804091
mastaquy,1,non,,804091
mastic,136,non,,804091
mastic en larmes,10,non,,804091
mastie,1,non,,804091
mastrre,1,non,,804091
masulipatan,5,non,,804091
mateaux,1,non,,804091
matelas,131,non,,804091
matelas de coton,1,non,,804091
matelas de crin,3,non,,804091
matelas de crin et de noppes,1,non,,804091
matelas de laine,129,non,,804091
matelas de lit,1,non,,804091
matelas de toile de coton et de fil,1,non,,804091
matelas vieux,1,non,,804091
matelot,3,non,,804091
matelot ligurien,1,non,,804091
matelots,1,oui,,804091
mâtereaux,177,non,,804091
mâtereaux à barques,1,non,,804091
mâtereaux communs,1,non,,804091
mâtereaux communs de 30 pieds,1,non,,804091
mâtereaux d'acajou de 7 à 8 pieds,1,non,,804091
mâtereaux de 11 à 13 palmes,1,non,,804091
mâtereaux de 12 palmes,1,non,,804091
mâtereaux de 12 pieds,1,non,,804091
mâtereaux de 14 palmes,1,non,,804091
mâtereaux de 14 pieds,1,non,,804091
mâtereaux de 15 à 20 pieds,1,non,,804091
mâtereaux de 16 à 18 pieds,1,non,,804091
mâtereaux de 16 pieds,1,non,,804091
mâtereaux de 18 à 19 pieds,1,non,,804091
mâtereaux de 18 pieds,2,non,,804091
mâtereaux de 19 pieds,1,non,,804091
mâtereaux de 20 à 22 pieds,1,non,,804091
mâtereaux de 20 à 24 pieds,1,non,,804091
mâtereaux de 20 pieds,2,non,,804091
mâtereaux de 22 à 26 pieds,1,non,,804091
mâtereaux de 22 pieds,3,non,,804091
mâtereaux de 24,1,non,,804091
mâtereaux de 24 pieds,2,non,,804091
mâtereaux de 24 pieds 6 pouces,1,non,,804091
mâtereaux de 25 à 28 pieds,1,non,,804091
mâtereaux de 25 à 30 pieds,10,non,,804091
mâtereaux de 25 à 40 centimètres,1,non,,804091
mâtereaux de 25 centimètres à 40,2,non,,804091
mâtereaux de 25 centimètres inclusivement à 40 exclusivement,5,non,,804091
mâtereaux de 25 pieds,6,non,,804091
mâtereaux de 26 à 28 pieds,1,non,,804091
mâtereaux de 26 à 30 pieds,1,non,,804091
mâtereaux de 26 à 36 pieds,1,non,,804091
mâtereaux de 26 pieds,3,non,,804091
mâtereaux de 27 pieds,1,non,,804091
mâtereaux de 28 à 30 pieds,4,non,,804091
mâtereaux de 28 pieds,2,non,,804091
mâtereaux de 30 à 32 pieds,2,non,,804091
mâtereaux de 30 à 34 pieds,1,non,,804091
mâtereaux de 30 à 35 pieds,1,non,,804091
mâtereaux de 30 à 36 pieds,3,non,,804091
mâtereaux de 30 à 40 pieds,2,non,,804091
mâtereaux de 30 à 50 pieds,1,non,,804091
mâtereaux de 30 ou 40 pieds,1,non,,804091
mâtereaux de 30 pieds,14,non,,804091
mâtereaux de 32 à 33 pieds,1,non,,804091
mâtereaux de 32 à 34 pieds,1,non,,804091
mâtereaux de 32 à 36 pieds,1,non,,804091
mâtereaux de 32 pieds,4,non,,804091
mâtereaux de 33 pieds,2,non,,804091
mâtereaux de 34 à 36 pieds,1,non,,804091
mâtereaux de 34 pieds,4,non,,804091
mâtereaux de 35 à 37 pieds,1,non,,804091
mâtereaux de 35 à 40 pieds,1,non,,804091
mâtereaux de 35 à 45 pieds,1,non,,804091
mâtereaux de 35 pieds,10,non,,804091
mâtereaux de 36 à 37 pieds,1,non,,804091
mâtereaux de 36 à 38 pieds,2,non,,804091
mâtereaux de 36 à 45 pieds,1,non,,804091
mâtereaux de 36 pieds,8,non,,804091
mâtereaux de 36 pieds 9 pouces,1,non,,804091
mâtereaux de 37 à 38 pieds,1,non,,804091
mâtereaux de 38 à 40 pieds,1,non,,804091
mâtereaux de 38 pieds,5,non,,804091
mâtereaux de 40 à 44 pieds,1,non,,804091
mâtereaux de 40 à 45 pieds,2,non,,804091
mâtereaux de 40 à 50 pieds,4,non,,804091
mâtereaux de 40 à 60 pieds,1,non,,804091
mâtereaux de 40 ou 45 pieds,1,non,,804091
mâtereaux de 40 pieds,12,non,,804091
mâtereaux de 42 à 47 pieds,1,non,,804091
mâtereaux de 42 pieds,2,non,,804091
mâtereaux de 43 pieds,1,non,,804091
mâtereaux de 44 pieds,3,non,,804091
mâtereaux de 45 à 50 pieds,4,non,,804091
mâtereaux de 45 ou 50 pieds,1,non,,804091
mâtereaux de 45 pieds,7,non,,804091
mâtereaux de 46 à 60 pieds,1,non,,804091
mâtereaux de 46 pieds,1,non,,804091
mâtereaux de 47 à 48 pieds,1,non,,804091
mâtereaux de 47 à 49 pieds,1,non,,804091
mâtereaux de 48 à 50 pieds,1,non,,804091
mâtereaux de 48 pieds,3,non,,804091
mâtereaux de 50 à 55 pieds,2,non,,804091
mâtereaux de 50 pieds,3,non,,804091
mâtereaux de 54 à 60 pieds,1,non,,804091
mâtereaux de 54 pieds,3,non,,804091
mâtereaux de 55 pieds,3,non,,804091
mâtereaux de 6 à 7 pieds,1,non,,804091
mâtereaux de 60 pieds,4,non,,804091
mâtereaux de 62 pieds,1,non,,804091
mâtereaux de 7 à 11 palmes,1,non,,804091
mâtereaux de 7 à 13 palmes,1,non,,804091
mâtereaux de 7 à 9 palmes,1,non,,804091
mâtereaux de 80 pieds,1,non,,804091
mâtereaux de 9 à 12 palmes,1,non,,804091
mâtereaux de bois,3,non,,804091
mâtereaux de chaloupe,1,non,,804091
mâtereaux de différente longueur,2,non,,804091
mâtereaux de sapin,6,non,,804091
mâtereaux de sapin de 14 à 15 pieds,1,non,,804091
mâtereaux de sapin de 20 pieds,1,non,,804091
mâtereaux de sapin de 25 à 28 pieds,1,non,,804091
mâtereaux de sapin de 25 à 40 pieds,1,non,,804091
mâtereaux de sapin de 25 pieds,1,non,,804091
mâtereaux de sapin de 28 pieds,1,non,,804091
mâtereaux de sapin de 30 à 40 pieds,1,non,,804091
mâtereaux de sapin de 30 pieds,2,non,,804091
mâtereaux de sapin de 44 pieds,1,non,,804091
mâtereaux de sapin de 47 à 50 pieds,1,non,,804091
mâtereaux et mâts,1,non,,804091
mâtereaux petits,3,non,,804091
matériaux,3,non,,804091
matériaux de bois,9,non,,804091
matériaux de construction,101,non,,804091
matériaux de sapin,2,non,,804091
matériaux moellons sable etc.,3,non,,804091
matériaux pour la rade,168,non,,804091
matériaux pour la rade du roi,5,non,,804091
matériaux pour le havre,3,non,,804091
matériel de ménage,4,oui,,804091
matières de verre composées,1,non,,804091
matières grasses pour la fabrication du sel d'ammoniac,1,non,,804091
matières minérales,2,non,,804091
matières premières,105,non,,804091
matis,1,non,,804091
matocaux,1,non,,804091
mats,1,oui,,804091
mâts,1499,non,,804091
mâts à bateau,2,non,,804091
mâts à chaloupe,14,non,,804091
mâts à chaloupe de 15 à 25 pieds,1,non,,804091
mâts assortis,17,non,,804091
mâts au-dessous de 6 paumes,1,non,,804091
mâts bouts de 3 à 4 pieds,1,non,,804091
mâts communs,6,non,,804091
mâts communs de 50 pieds,1,non,,804091
mâts de 12 à 13 palmes,1,non,,804091
mâts de 13 à 20 palmes,1,non,,804091
mâts de 13 à 25 palmes,1,non,,804091
mâts de 14 palmes,1,non,,804091
mâts de 16 à 18 pieds,1,non,,804091
mâts de 18 pieds,1,non,,804091
mâts de 20 à 25 palmes,1,non,,804091
mâts de 20 à 30 pieds,1,non,,804091
mâts de 20 pieds,1,non,,804091
mâts de 24 a 30,1,non,,804091
mâts de 24 pieds,1,non,,804091
mâts de 25 palmes,1,non,,804091
mâts de 25 pieds,1,non,,804091
mâts de 28 à 32 pieds,1,non,,804091
mâts de 30 à 36 pieds,1,non,,804091
mâts de 30 à 40 pieds,1,non,,804091
mâts de 30 pieds,7,non,,804091
mâts de 31 à 36 pieds,1,non,,804091
mâts de 32 pieds,1,non,,804091
mâts de 33 à 43 pieds,1,non,,804091
mâts de 35 à 40 pieds,1,non,,804091
mâts de 35 à 45 pieds,1,non,,804091
mâts de 36 à 38 pieds,1,non,,804091
mâts de 38 à 40 pieds à barque,1,non,,804091
mâts de 39 à 40 pieds,1,non,,804091
mâts de 4 paumes,1,non,,804091
mâts de 40 à 45 pieds,4,non,,804091
mâts de 40 à 50 pieds,3,non,,804091
mâts de 40 à 70 pieds,0,non,,804091
mâts de 40 centimètres de diamètre et au-dessus,7,non,,804091
mâts de 40 ou 42 pieds,1,non,,804091
mâts de 40 pieds,4,non,,804091
mâts de 42 à 48 pieds,2,non,,804091
mâts de 45 à 50 pieds,2,non,,804091
mâts de 45 pieds,6,non,,804091
mâts de 48 à 50 pieds,2,non,,804091
mâts de 50 à 52 pieds,1,non,,804091
mâts de 50 à 53 pied,1,non,,804091
mâts de 50 à 55 pieds,2,non,,804091
mâts de 50 à 56 pieds,1,non,,804091
mâts de 50 à 60 pieds,2,non,,804091
mâts de 50 à 80 pieds,1,non,,804091
mâts de 50 ou 60 pieds,1,non,,804091
mâts de 50 pieds,7,non,,804091
mâts de 52 à 55 pieds,1,non,,804091
mâts de 52 pieds,1,non,,804091
mâts de 55 à 56 pieds,1,non,,804091
mâts de 55 à 60 pieds,2,non,,804091
mâts de 55 ou 60 pieds,1,non,,804091
mâts de 55 pieds,2,non,,804091
mâts de 56 pieds,1,non,,804091
mâts de 59 à 60 pieds,1,non,,804091
mâts de 6 à 9 palmes,1,non,,804091
mâts de 60 à 63 pieds,1,non,,804091
mâts de 60 à 65 pieds,2,non,,804091
mâts de 60 à 66 pieds,1,non,,804091
mâts de 60 à 70 pieds,2,non,,804091
mâts de 60 à 80 pieds,1,non,,804091
mâts de 60 pieds,2,non,,804091
mâts de 66 à 55 pieds,1,non,,804091
mâts de 66 à 70 pieds,1,non,,804091
mâts de 66 à 72 pieds,1,non,,804091
mâts de 66 pieds,1,non,,804091
mâts de 68 à 70 pieds,1,non,,804091
mâts de 68 pieds de long,1,non,,804091
mâts de 7 pouces de diamètre,0,non,,804091
mâts de 70 pieds,1,non,,804091
mâts de 72 pieds,1,non,,804091
mâts de 75 à 78 pieds,1,non,,804091
mâts de barque,1,non,,804091
mâts de beauprés,5,non,,804091
mâts de beauprés de 35 pieds,1,non,,804091
mâts de beauprés de 38 pieds,1,non,,804091
mâts de beauprés de 40 pieds,1,non,,804091
mâts de beauprés de 42 à 45 pieds,1,non,,804091
mâts de bois petits,2,non,,804091
mâts de chaloupe,12,oui,,804091
mâts de chêne,2,non,,804091
mâts de diverse grandeur,3,non,,804091
mâts de drapeaux,13,non,,804091
mâts de hune,1,non,,804091
mâts de misaine,0,non,,804091
mâts de navire,6,non,,804091
mâts de navire de 10 palmes,2,non,,804091
mâts de navire de 11 à 18 palmes,0,non,,804091
mâts de navire de 12 palmes,2,non,,804091
mâts de navire de 12 paumes de diamètre,1,non,,804091
mâts de navire de 18 pieds,1,non,,804091
mâts de navire de 22 pieds,1,non,,804091
mâts de navire de 24 pieds,1,non,,804091
mâts de navire de 25 pieds,1,non,,804091
mâts de navire de 27 à 30 pieds,2,non,,804091
mâts de navire de 27 pieds,2,non,,804091
mâts de navire de 28 à 31 pieds,1,non,,804091
mâts de navire de 30 à 36 pieds,2,non,,804091
mâts de navire de 30 pieds,11,non,,804091
mâts de navire de 34 pieds,2,non,,804091
mâts de navire de 35 pieds,3,non,,804091
mâts de navire de 36 pieds,3,non,,804091
mâts de navire de 38 à 40 pieds,1,non,,804091
mâts de navire de 38 pieds,2,non,,804091
mâts de navire de 40 pieds,9,non,,804091
mâts de navire de 42 à 65 pieds,1,non,,804091
mâts de navire de 42 pieds,1,non,,804091
mâts de navire de 45 pieds,8,non,,804091
mâts de navire de 46 pieds,2,non,,804091
mâts de navire de 48 pieds,1,non,,804091
mâts de navire de 49 pieds,1,non,,804091
mâts de navire de 50 pieds,18,non,,804091
mâts de navire de 52 pieds,1,non,,804091
mâts de navire de 54 pieds,1,non,,804091
mâts de navire de 55 pieds,11,non,,804091
mâts de navire de 56 pieds,1,non,,804091
mâts de navire de 58 pieds,1,non,,804091
mâts de navire de 6 palmes,1,non,,804091
mâts de navire de 60 pieds,10,non,,804091
mâts de navire de 61 pieds,1,non,,804091
mâts de navire de 65 pieds,3,non,,804091
mâts de navire de 66 pieds,1,non,,804091
mâts de navire de 69 pieds,1,non,,804091
mâts de navire de 7 palmes,1,non,,804091
mâts de navire de 7 paumes,1,non,,804091
mâts de navire de 70 pieds,2,non,,804091
mâts de navire de 76 pieds,1,non,,804091
mâts de navire de 78 pieds,1,non,,804091
mâts de navire de 8 palmes,2,non,,804091
mâts de navire de 8 pieds,1,non,,804091
mâts de navire de 80 pieds,1,non,,804091
mâts de navire de 9 palmes,1,non,,804091
mâts de navire et mâtereaux de 24 à 25 pieds,1,non,,804091
mâts de navire et mâtereaux de 30 pieds,1,non,,804091
mâts de navire et mâtereaux de 46 pieds,1,non,,804091
mâts de navire et mâtereaux de 48 pieds,1,non,,804091
mâts de navire et mâtereaux de 54 pieds,1,non,,804091
mâts de navire moyens,1,non,,804091
mâts de navire petits,1,non,,804091
mâts de passementerie,2,non,,804091
mâts de petit navire,1,non,,804091
mâts de sapin,42,non,,804091
mâts de sapin à bateau,0,non,,804091
mâts de sapin de 10 à 11 pieds,0,non,,804091
mâts de sapin de 10 à 17 palmes,0,non,,804091
mâts de sapin de 10 palmes,1,non,,804091
mâts de sapin de 11 palmes,1,non,,804091
mâts de sapin de 12 à 14 paumes,2,non,,804091
mâts de sapin de 12 à 16 palmes,0,non,,804091
mâts de sapin de 12 à 16 paumes,11,non,,804091
mâts de sapin de 12 palmes,1,non,,804091
mâts de sapin de 12 paumes de diamètre,1,non,,804091
mâts de sapin de 13 à 11 pieds,1,non,,804091
mâts de sapin de 13 à 15 palmes,0,non,,804091
mâts de sapin de 14 paumes,45,non,,804091
mâts de sapin de 14 pieds de long et de 3 pieds de diamètre,1,non,,804091
mâts de sapin de 15 à 17 pouces de diamètre,0,non,,804091
mâts de sapin de 15 à 20 palmes,0,non,,804091
mâts de sapin de 15 palmes,1,non,,804091
mâts de sapin de 16 à 17 paumes de diamètre,1,non,,804091
mâts de sapin de 16 paumes,5,non,,804091
mâts de sapin de 20 palmes,0,non,,804091
mâts de sapin de 20 pieds de long et de 3 pieds de diamètre,2,non,,804091
mâts de sapin de 24 à 25 pieds de long et de 4 à 5 pieds de diamètre,1,non,,804091
mâts de sapin de 24 pieds,1,non,,804091
mâts de sapin de 25 à 30 pieds,1,non,,804091
mâts de sapin de 25 à 34 pieds,1,non,,804091
mâts de sapin de 26 pieds de long et de 4 pieds de diamètre,1,non,,804091
mâts de sapin de 28 pieds de long et de 4 pieds de diamètre,2,non,,804091
mâts de sapin de 3 paumes,31,non,,804091
mâts de sapin de 30 pieds,2,non,,804091
mâts de sapin de 30 pieds à 40 pieds de long et de 9 pieds de diamètre,1,non,,804091
mâts de sapin de 30 pieds de long et de 10 pieds de diamètre,1,non,,804091
mâts de sapin de 30 pieds de long et de 3 pieds de diamètre,2,non,,804091
mâts de sapin de 30 pieds de long et de 6 à 8 pieds de diamètre,1,non,,804091
mâts de sapin de 30 pieds de long et de 6 pieds de diamètre,1,non,,804091
mâts de sapin de 30 pieds de long et de 9 pieds de diamètre,1,non,,804091
mâts de sapin de 35 pieds,1,non,,804091
mâts de sapin de 36 pieds,2,non,,804091
mâts de sapin de 36 pieds de long et de 5 pieds de diamètre,1,non,,804091
mâts de sapin de 36 pieds de long et de 6 pieds de diamètre,1,non,,804091
mâts de sapin de 36 pieds de long et de 7 pieds de diamètre,1,non,,804091
mâts de sapin de 37 pieds de long et de 6 pieds de diamètre,1,non,,804091
mâts de sapin de 38 à 40 pieds de long et de 7 pieds de diamètre,1,non,,804091
mâts de sapin de 38 pieds de long et de 6 pieds de diamètre,1,non,,804091
mâts de sapin de 38 pieds de long et de 7 pieds de diamètre,1,non,,804091
mâts de sapin de 4 à 8 paumes,60,non,,804091
mâts de sapin de 40 à 50 pieds,1,non,,804091
mâts de sapin de 40 pieds,1,non,,804091
mâts de sapin de 40 pieds de long et de 10 pieds de diamètre,2,non,,804091
mâts de sapin de 40 pieds de long et de 11 pieds de diamètre,1,non,,804091
mâts de sapin de 40 pieds de long et de 12 pieds de diamètre,1,non,,804091
mâts de sapin de 40 pieds de long et de 18 pieds de diamètre,1,non,,804091
mâts de sapin de 40 pieds de long et de 6 pieds de diamètre,1,non,,804091
mâts de sapin de 42 à 40 pieds,1,non,,804091
mâts de sapin de 42 pieds de long et de 11 pieds de diamètre,1,non,,804091
"mâts de sapin de 44 pieds de long et de 13,5 pieds de diamètre",1,non,,804091
mâts de sapin de 45 à 50 pieds de long et de 15 pieds de diamètre,1,non,,804091
mâts de sapin de 45 pieds,2,non,,804091
mâts de sapin de 45 pieds de long et de 4 pieds de diamètre,1,non,,804091
mâts de sapin de 45 pieds de long et de 7 à 8 pieds de diamètre,1,non,,804091
mâts de sapin de 45 pieds de long sans mention de diamètre,1,non,,804091
mâts de sapin de 46 pieds de long et de 12 pieds de diamètre,1,non,,804091
mâts de sapin de 48 pieds,0,non,,804091
mâts de sapin de 48 pieds de long et de 6 à 7 pieds de diamètre,1,non,,804091
mâts de sapin de 48 pieds de long et de 8 pieds de diamètre,1,non,,804091
mâts de sapin de 48 pieds de long et de 9 pieds de diamètre,1,non,,804091
mâts de sapin de 5 palmes,1,non,,804091
mâts de sapin de 5 paumes,3,non,,804091
mâts de sapin de 50 à 55 pieds,1,non,,804091
mâts de sapin de 50 pieds,4,non,,804091
mâts de sapin de 50 pieds de long et de 10 à 12 pieds de diamètre,1,non,,804091
mâts de sapin de 50 pieds de long et de 16 pieds de diamètre,1,non,,804091
mâts de sapin de 54 pieds,1,non,,804091
mâts de sapin de 54 pieds de long et de 15 pieds de diamètre,1,non,,804091
mâts de sapin de 54 pieds de long et de 16 pieds de diamètre,1,non,,804091
mâts de sapin de 55 pieds,3,non,,804091
mâts de sapin de 6 à 7 paumes de grosseur,1,non,,804091
mâts de sapin de 6 palmes,1,non,,804091
mâts de sapin de 60 à 70 pieds,1,non,,804091
mâts de sapin de 60 pieds,1,non,,804091
mâts de sapin de 60 pieds de long et 5 pieds de diamètre,0,non,,804091
mâts de sapin de 60 pieds de long et de 10 pieds de diamètre,1,non,,804091
mâts de sapin de 60 pieds de long et de 12 pieds de diamètre,1,non,,804091
mâts de sapin de 7 palmes,1,non,,804091
mâts de sapin de 78 pieds,0,non,,804091
mâts de sapin de 8 à 12 paumes,45,non,,804091
mâts de sapin de 9 palmes,1,non,,804091
mâts de sapin et vergues de sapin,0,non,,804091
mâts de sapin gros,0,non,,804091
mâts de sapin moyens,1,non,,804091
mâts de vaisseaux,22,non,,804091
mâts de vaisseaux assortis,1,non,,804091
mâts de vaisseaux beaupré,0,non,,804091
mâts de vaisseaux de 71 pieds,0,non,,804091
mâts de vaisseaux de chêne,0,non,,804091
mâts de vaisseaux de misenne,0,oui,,804091
mâts doubles,1,non,,804091
mâts en dessous de 8 paumes,5,non,,804091
mâts espars,0,non,,804091
mâts et espars de bois,2,non,,804091
mâts et mâtereaux,2,non,,804091
mâts et mâtereaux de 16 à 23 pieds,1,non,,804091
mâts et mâtereaux de 17 pieds,1,non,,804091
mâts et mâtereaux de 20 à 25 pieds,1,non,,804091
mâts et mâtereaux de 20 à 30 pieds,1,non,,804091
mâts et mâtereaux de 23 pieds,1,non,,804091
mâts et mâtereaux de 25 à 40 pieds,1,non,,804091
mâts et mâtereaux de 28 à 30 pieds,1,non,,804091
mâts et mâtereaux de 30 à 35 pieds,2,non,,804091
mâts et mâtereaux de 30 à 38 pieds,1,non,,804091
mâts et mâtereaux de 30 à 40 pieds,1,non,,804091
mâts et mâtereaux de 30 pieds,1,non,,804091
mâts et mâtereaux de 32 à 42 pieds,1,non,,804091
mâts et mâtereaux de 35 à 56 pieds,1,non,,804091
mâts et mâtereaux de 36 à 40 pieds,1,non,,804091
mâts et mâtereaux de 36 pieds,2,non,,804091
mâts et mâtereaux de 38 pieds,1,non,,804091
mâts et mâtereaux de 40 à 42 pieds,1,non,,804091
mâts et mâtereaux de 40 à 50 pieds,2,non,,804091
mâts et mâtereaux de 40 à 60 pieds,1,non,,804091
mâts et mâtereaux de 42 à 45 pieds,1,non,,804091
mâts et mâtereaux de 45 à 70 pieds,1,non,,804091
mâts et mâtereaux de 46 à 53 pieds,1,non,,804091
mâts et mâtereaux de 50 à 60 pieds,2,non,,804091
mâts et mâtereaux de 50 pieds,2,non,,804091
mâts et mâtereaux de 52 à 53 pieds,1,non,,804091
mâts et mâtereaux de 64 pieds,1,non,,804091
mâts et mâtereaux de 65 pieds,1,non,,804091
mâts et mâtereaux mats,1,oui,,804091
mâts et mâtereaux mâts,1,non,,804091
mâts et mâtereaux mats doubles,1,oui,,804091
mâts et mâtereaux mâts doubles,1,non,,804091
mâts et matériaux de bois,2,non,,804091
mâts et planches de bois,0,non,,804091
mâts et poutres,1,non,,804091
mâts façonnés,7,non,,804091
mâts grands,6,non,,804091
mâts gros,1,non,,804091
mâts mâtereaux,15,non,,804091
mâts matières,4,non,,804091
mâts mâts de barques de 50 pieds,1,non,,804091
mâts mâtures,26,non,,804091
mâts peints,2,non,,804091
mâts petits,54,non,,804091
mâts pour galère,2,non,,804091
mâts verts de 45 pieds,1,non,,804091
mâts...,2,non,,804091
matu,6,non,,804091
mâtures,14,non,,804091
mâtures complètes,9,non,,804091
mâtures complètes d'un grand vaisseau,1,non,,804091
mâtures complètes en 21 pièces,0,non,,804091
mâtures de navire de ???,1,non,,804091
mâtures en 56 pièces,0,non,,804091
maugrebine,51,non,,804091
maune,1,non,,804091
maurelle,3,non,,804091
mauris,1,non,,804091
maurs,2,non,,804091
mautes à mulets,1,non,,804091
Mazamet,5,non,,804091
mazon,0,non,,804091
mèches,70,non,,804091
mèches à canons,54,non,,804091
mèches à chandelle,7,non,,804091
mèches à flambeau,1,non,,804091
mèches à mousquet,1,non,,804091
mèches d'étoupes de chanvre ou de lin,4,non,,804091
mèches d'étoupes de fil de chanvre ou en lin,2,non,,804091
mèches de chandelles flambeaux et lampes,3,non,,804091
mèches de coton,1,non,,804091
mèches de coton pour chandelle,126,non,,804091
mèches de lampe,1,non,,804091
mèches de soufre,1,non,,804091
mèches de tarière et herminettes,1,non,,804091
mèches et soufre,124,non,,804091
mèches soufrées,55,non,,804091
mechoacam,15,non,,804091
médailles,4,non,,804091
médailles antiques,1,non,,804091
médailles d'argent,2,non,,804091
médailles de laiton,1,non,,804091
médaillons de terre,2,non,,804091
médicament composés,67,oui,,804091
médicaments,366,non,,804091
médicaments composés,89,non,,804091
médicaments composés autre qu'eau distillée au poids,1,non,,804091
médicaments composés autres qu'eau distillée à la valeur,1,non,,804091
médicaments composés déclarés à la valeur,1,non,,804091
médicaments composés déclarés au poids,2,non,,804091
meffles,4,non,,804091
megelanne,1,non,,804091
mélasse,23,non,,804091
mélasse des colonies françaises,1,non,,804091
mélasse du Royaume,1,non,,804091
mélasse et rhum et sirop et tafia,22,non,,804091
mélasse et sirop,1,non,,804091
mêlées,2,non,,804091
meles a faure,1,non,,804091
melle,1,non,,804091
melon,13,non,,804091
melon d'eau,2,non,,804091
membrures,2,non,,804091
membrures de 7 pieds,1,non,,804091
membrures de noyer de 10 pieds de long et d'1 pied en carré,1,non,,804091
ménage,6,non,,804091
menie,3,non,,804091
menottes de cuivre,3,non,,804091
menottes de fer,1,non,,804091
mentes à moulir,1,non,,804091
mentes à taillandier,1,non,,804091
menu charbon de terre,126,non,,804091
menu charbon de terre dit sméegruys,98,non,,804091
menuiserie,3,non,,804091
menus grains,3,non,,804091
menus sommiers,5,non,,804091
menutés,146,non,,804091
mercerie,4062,non,,804091
mercerie ???,3,non,,804091
mercerie à la valeur,5,non,,804091
mercerie bimbeloterie,66,non,,804091
mercerie commune,246,non,,804091
mercerie cru,1,non,,804091
mercerie d'Allemagne,1,non,,804091
mercerie d'étoupe de lin,1,non,,804091
mercerie de bois,5,non,,804091
mercerie de cordonnier à laine,2,non,,804091
mercerie de crin,2,non,,804091
mercerie de cuivre,7,non,,804091
mercerie de Nuremberg,69,non,,804091
mercerie de quincaille,1,non,,804091
mercerie de renvoi,2,non,,804091
mercerie en dorure,1,non,,804091
mercerie en lignets et hameçons,1,non,,804091
mercerie en peigne d'ivoire,0,non,,804091
mercerie en peignes de bois,0,non,,804091
mercerie épingles,2,non,,804091
mercerie et quincaillerie,29,non,,804091
mercerie étrangère,1,non,,804091
mercerie fine,309,non,,804091
mercerie fort,1,non,,804091
mercerie grosse,9,non,,804091
mercerie grossière,62,non,,804091
mercerie mêlée en lisière de drap,1,non,,804091
mercerie ordinaire,46,non,,804091
mercerie peignes de bois,1,non,,804091
mercerie peignes de corne,1,non,,804091
mercerie quincaille et armes à feu,100,non,,804091
mercerie très commune,1,non,,804091
mercerie très fine,1,non,,804091
merciers,1,non,,804091
mercure,727,non,,804091
mercure corrosif,1,non,,804091
mercure coulant,2,non,,804091
mercure doux,22,non,,804091
mercure natif,5,non,,804091
mercure précipité,9,non,,804091
mercure sublimé,1,non,,804091
meriers,12,non,,804091
meriers à faire échelles,1,non,,804091
meriers petits,1,non,,804091
meriezes,1,non,,804091
merlan,2,non,,804091
merlan salé,1,non,,804091
merles,1,non,,804091
merlin,49,non,,804091
merluche,101,non,,804091
merluche salée,0,non,,804091
merlus,1,non,,804091
merlus salés,1,non,,804091
merrains,808,non,,804091
merrains ???,1,non,,804091
merrains à barils,17,oui,,804091
merrains à barriques,236,oui,,804091
merrains à barriques bûches,0,oui,,804091
merrains à barriques douves,1,oui,,804091
merrains à barriques et fonçaille,1,oui,,804091
merrains à bœuf,0,oui,,804091
merrains à bottes,9,oui,,804091
merrains à boucaud,1,oui,,804091
merrains à buses,4,oui,,804091
merrains à buses douelles,1,oui,,804091
merrains à fonçaille,10,oui,,804091
merrains à fond,89,oui,,804091
merrains à fonds,8,oui,,804091
merrains à futailles,2,oui,,804091
merrains à muid,1,oui,,804091
merrains à pipes,93,oui,,804091
merrains à pipes bûches,0,oui,,804091
merrains à pipes de 4 à 5 pieds à 1 pouce 1/2 d'épaisseur,1,oui,,804091
merrains à pipes de 4 pieds,1,oui,,804091
merrains à poinçon,1,oui,,804091
merrains à quart,6,oui,,804091
merrains à tierçons,11,oui,,804091
merrains à tonneaux,108,oui,,804091
merrains à tortue,2,oui,,804091
merrains au-dessous de 974 millimètres,2,non,,804091
merrains autres que de chêne,2,non,,804091
merrains autres que de chêne de toutes dimensions à la valeur,1,non,,804091
merrains autres que de chêne de toutes dimensions au nombre,1,non,,804091
merrains barillage,1,non,,804091
merrains barricages,1,oui,,804091
merrains barriques douelles,1,non,,804091
merrains bourdilles,2,non,,804091
merrains bourdillons,1,non,,804091
merrains cartage,1,non,,804091
merrains communs,1,non,,804091
merrains de 1 mètre 299 millimètres de longueur et au-dessus,2,non,,804091
merrains de 1299mm de longueur et au-dessus,1,non,,804091
merrains de 1299mm exclus à 974 inclus,1,non,,804091
merrains de 4 pieds,0,non,,804091
merrains de 5 pieds,1,non,,804091
merrains de chêne,7,non,,804091
merrains de chêne au-dessous de 974 millimètres,2,non,,804091
merrains de chêne de 1 mètre 299 millimètres de long et au-dessus,1,non,,804091
merrains de chêne de 1 mètre 299 millimètres inclusivement à 974 exclusivement,1,non,,804091
"merrains de chêne de 1,299 mètres à 974 millimètres de long",1,non,,804091
"merrains de chêne de 1,299 mètres de long et au-dessus",1,non,,804091
merrains de douves,2,non,,804091
merrains de maille,1,non,,804091
merrains de sapin,14,non,,804091
merrains douelles,4,oui,,804091
merrains en barriques,0,non,,804091
merrains en fonçaille,3,oui,,804091
merrains en pipes,0,oui,,804091
merrains et feuillards,6,non,,804091
merrains fonçaille,1,non,,804091
merrains futaille,2,oui,,804091
merrains ganivelles,0,oui,,804091
merrains longailles,1,non,,804091
merrains petits,1,non,,804091
merrains pour barils,22,non,,804091
merrains pour barriques,244,non,,804091
merrains pour barriques bûches,0,non,,804091
merrains pour bœuf,0,non,,804091
merrains pour bottes,9,non,,804091
merrains pour boucaud,1,non,,804091
merrains pour buses,4,non,,804091
merrains pour buses douelles,1,non,,804091
merrains pour faire des douves de fûts,11,non,,804091
merrains pour ferraille,1,non,,804091
merrains pour fonçaille,16,non,,804091
merrains pour fonds,101,non,,804091
merrains pour futaille,2,oui,,804091
merrains pour futailles,4,non,,804091
merrains pour muid,1,non,,804091
merrains pour pipe,7,non,,804091
merrains pour pipes,94,non,,804091
merrains pour pipes bûches,0,non,,804091
merrains pour pipes de 4 à 5 pieds à 1 pouce 1/2 d'épaisseur,1,non,,804091
merrains pour pipes de 4 pieds,1,non,,804091
merrains pour poinçon,1,non,,804091
merrains pour quarts,9,non,,804091
merrains pour tierçons,11,non,,804091
merrains pour tonneaux,111,non,,804091
merrains pour tonnellerie,3,non,,804091
merrains pour tortue,2,non,,804091
merrains quartage douelles,2,non,,804091
merrains Scott,1,non,,804091
mervillon,47,non,,804091
mesat de clocher,0,non,,804091
mesures d'étain,2,non,,804091
métal,105,non,,804091
métal argenté doré vernissé etc.,2,non,,804091
métal composé,1,non,,804091
métal des Indes,1,non,,804091
métal moulu,3,non,,804091
métal ou ???,1,non,,804091
métal pour horlogerie,1,non,,804091
métaux,145,non,,804091
méteil,1,non,,804091
méteil ou seigle,1,non,,804091
methe,1,non,,804091
métiers,3,non,,804091
métiers à faire bas,20,non,,804091
métiers à faire tapisserie,3,non,,804091
métiers à filer,1,non,,804091
métiers de drapier,1,non,,804091
métiers de tisserand,5,non,,804091
métiers presse et bluteaux et cribles de moulin,129,non,,804091
meubles,17,non,,804091
meubles ???,1,non,,804091
meubles à bijouterie,0,non,,804091
meubles à coutelier,2,non,,804091
meubles à moulins,2,non,,804091
meubles à taillandier,18,non,,804091
meubles affiloires,1,non,,804091
meubles de bois,9,non,,804091
meubles de maison,2,non,,804091
meubles divers,6,oui,,804091
meubles et effets,3,non,,804091
meubles et miroirs,130,non,,804091
meubles et ornements,17,non,,804091
meubles et pierres,32,non,,804091
meubles glaces et miroirs,13,oui,,804091
meubles habits et bijoux,1,non,,804091
meubles matelas,5,non,,804091
meubles miroirs de toilettes,1,non,,804091
meubles ornements,1,non,,804091
meulardeaux,14,non,,804091
meulardeaux à coutelier,1,non,,804091
meulardes,2,non,,804091
meules,38,non,,804091
meules à aiguiser,238,non,,804091
meules à aiguiser au-dessus de 1218 millimètres en diamètre,1,non,,804091
meules à aiguiser bâtardes,1,non,,804091
meules à aiguiser de 1083 à 920 millimètres inclusivement en diamètre,2,non,,804091
meules à aiguiser de 1218 à 1083 millimètres inclusivement en diamètre,2,non,,804091
meules à aiguiser de 541 à 406 millimètres inclusivement en diamètre,3,non,,804091
meules à aiguiser de 677 à 541 millimètres inclusivement en diamètre,3,non,,804091
meules à aiguiser de 920 à 677 millimètres inclusivement en diamètre,3,non,,804091
meules à aiguiser de moins de 406 millimètres inclusivement en diamètre,3,non,,804091
meules à aiguiser grandes,1,non,,804091
meules à aiguiser moyennes,1,non,,804091
meules à aiguiser petites,1,non,,804091
meules à callandre,2,non,,804091
meules à coutelier,51,non,,804091
meules à coutelier petites,1,non,,804091
meules à Couteliers,1,non,,804091
meules à couture,2,non,,804091
meules à faire,22,non,,804091
meules à faux,4,non,,804091
meules à favre,33,non,,804091
meules à gagne-petit,1,non,,804091
meules à huile,2,non,,804091
meules à moudre de 1949 millimètres à 1299 en diamètre,2,non,,804091
meules à moudre de moins de 1299 millimètres en diamètre,3,non,,804091
meules à moudre de plus de 1949 millimètres en diamètre,2,non,,804091
meules à sabres,2,non,,804091
meules à sucre,3,non,,804091
meules à taillandier,199,non,,804091
meules à taillandier d'1 à 2 pieds,1,non,,804091
meules à taillandier de 2 pieds,1,non,,804091
meules à taillandier de 3 à 4,1,non,,804091
meules à taillandier de 4 à 5,1,non,,804091
meules à taillandier de 4 à 5 pouces,1,non,,804091
meules à taillandier de 4 pieds,1,non,,804091
meules à Talandier,2,non,,804091
meules acoustiques,1,non,,804091
meules affiloires,7,non,,804091
meules assorties,1,non,,804091
meules au-dessous de 4 pouces,1,non,,804091
meules au-dessus de 4 pouces,1,non,,804091
meules bâtardes,38,non,,804091
meules brodées,1,non,,804091
meules coutier,1,non,,804091
meules de 4 pieds,1,non,,804091
meules de coutelier,2,non,,804091
meules de différents modules à aiguiser,4,non,,804091
meules de différents modules à moudre,4,non,,804091
meules de pierre,14,non,,804091
meules en têtes de renne,1,non,,804091
meules ordinaires et à taillandier,1,non,,804091
meules petites,2,non,,804091
meules pour moulin,7,non,,804091
meules pour moulins,281,non,,804091
meules pour moulins de 4 pieds 1/2,1,non,,804091
meules pour moulins de 55 pieds,1,non,,804091
meules pour moulins de 6 pieds,1,non,,804091
meules pour moulins de haute catégorie,7,non,,804091
meules pour moulins dites grand loup d'Angleterre,7,non,,804091
meules pour moulins dites petit loup d'Angleterre,4,non,,804091
meules pour moulins du poids de 1200 à 1800 livres,65,non,,804091
meules pour moulins du poids de 2000 à 2800 livres,79,non,,804091
meules pour moulins du poids de 300 à 1000 livres,97,non,,804091
meules pour moulins du poids de 3000 à 4000 livres,82,non,,804091
meules pour moulins du poids de 5000 à 6000 livres,15,non,,804091
meules pour moulins grosses,1,non,,804091
meules pour moulins petites,3,non,,804091
meulières,1,non,,804091
meuniers,8,non,,804091
Mi ???,1,non,,804091
microscope,1,non,,804091
miel,1464,non,,804091
miel blanc,123,non,,804091
miel brouche,103,non,,804091
miel brun,129,non,,804091
miel brut,5,non,,804091
miel commun,1,non,,804091
miel cru,4,non,,804091
miel cuit,4,non,,804091
miel de Narbonne,7,non,,804091
miel façonné,7,non,,804091
miel vert,1,non,,804091
mignonette,1,non,,804091
mignonette au quart de soie,1,non,,804091
mignonette avec un brin de soie,1,non,,804091
mignonette de laine,1,non,,804091
mignonette de soie,1,non,,804091
mignonette des prises,2,non,,804091
mignonette étoffe,10,non,,804091
mignonnette,40,non,milieu de gamme,43973
mignotte étoffe,4,non,,804091
migon,20,non,,804091
mil,3,non,,804091
militaires,15,non,,804091
militaires de la division française de Rome,1,non,,804091
militaires français ou romains de la division de Rome,1,non,,804091
militaires ou patriotes romains,1,non,,804091
mille gants,3,non,,804091
milleret,1,non,,804091
millet,10,non,,804091
millet gris,1,non,,804091
millet gros,126,non,,804091
millet gros et petit,3,non,,804091
millet petit,75,non,,804091
mine,3,non,,804091
mine d'alquifoux,1,non,,804091
mine d'asphalte,1,non,,804091
mine de borde,1,non,,804091
mine de cuivre,4,non,,804091
mine de cuivre rouge,2,non,,804091
mine de fer,184,non,,804091
mine de plomb,405,non,,804091
mine de plomb noire,2,non,,804091
mine de plomb rouge,2,non,,804091
mine de Prusse,1,non,,804091
mine de roche,3,non,,804091
mine en grabeau,1,non,,804091
mine lavée,1,non,,804091
minerai de fer brut ou lavé,2,non,,804091
minerai de fer chromaté,2,non,,804091
minerai de fer sulfuré,1,non,,804091
minerai de plomb,9,non,,804091
minéraux,2,non,,804091
minium,379,non,,804091
minium et mine orange,4,non,,804091
minium rouge divisé,3,non,,804091
minot,12,non,,804091
minutier,3,non,,804091
miny,260,oui,,804091
mioche en grabeau,1,non,,804091
mireau,2,non,,804091
mirke,1,non,,804091
miroirs,219,non,,804091
miroirs à bordures dorées,6,non,,804091
miroirs à bordures dorées et grands,1,non,,804091
miroirs à bordures dorées et petits,1,non,,804091
miroirs à cadres dorés,10,non,,804091
miroirs à cadres dorés de 2 pieds de haut,1,non,,804091
miroirs communs,3,non,,804091
miroirs d'1 pied et demi,1,non,,804091
miroirs d'Allemagne,1,non,,804091
miroirs de 2 pieds,1,non,,804091
miroirs de 25 pieds de haut et 1 de large,1,non,,804091
miroirs de poche,3,non,,804091
miroirs de toilette,7,non,,804091
miroirs de traite,5,non,,804091
miroirs de Venise,3,non,,804091
miroirs encadrés,238,non,,804091
miroirs grands,5,non,,804091
miroirs grands de plus de 3 millimètres d'épaisseurs,2,non,,804091
miroirs petits,222,non,,804091
miroirs petits sans distinction,2,non,,804091
mistelle,2,non,,804091
mistre,0,non,,804091
mitaines,1,non,,804091
mitaines bordées de soie par paires,0,oui,,804091
mitaines brodées,1,non,,804091
mitaines brodées de soie,3,non,,804091
mitaines de peau,3,non,,804091
mitaines de peau garnies de soie,1,non,,804091
mitaines de peau lisérées de soie,1,oui,,804091
mitaines de soie,2,non,,804091
mitaines de taffetas,2,non,,804091
mitaines garnies de ruban,1,non,,804091
mitaines garnies de soie,9,non,,804091
mitaines liserées,1,non,,804091
mitons à pierres fausses par paires de velours,1,oui,,804091
mitons de soie,3,non,,804091
mitons de velours à pierres fausses,1,non,,804091
mitraille,2,non,,804091
mitraille de cuivre,109,non,,804091
mitraille vieille en batterie de cuisine,1,non,,804091
mitrailles de cuivre,118,non,,804091
mitrailles de cuivre pur vieux,1,non,,804091
mittes,2,non,,804091
mittières de fer,1,non,,804091
mixture des céréales et de légumineuses,16,non,,804091
mobilier,1028,non,,804091
mobilier vieux,17,non,,804091
mocs de brode,1,non,,804091
mode de bœuf,1,non,,804091
modèle de château de carton,1,non,,804091
modèle de plâtre,2,non,,804091
modèle de sculpture,1,non,,804091
modes de cordonnier,1,non,,804091
modes de Montauban,1,non,,804091
modes de plâtre,1,non,,804091
modes de porcelaine,1,non,,804091
"modes, peaux, porcelaine, ruban 16 onces",1,non,,804091
moelle,1,non,,804091
moelle de bœuf,11,non,,804091
moellons,6,non,,804091
moellons à faire chaux,92,non,,804091
moellons à faire des bâtiments,2,non,,804091
moellons de brique,2,non,,804091
moellons pierres meulières etc.,2,non,,804091
mogette,2,non,,804091
moines ???,2,non,,804091
moines garnis de fer-blanc,1,non,,804091
moire,4,non,,804091
moire blanche,2,non,,804091
moire d'argent,2,non,,804091
molenaers,30,non,,804091
molleton,215,non,milieu de gamme,43973
molleton de capiton,4,non,,804091
molleton de coton,24,non,,804091
molleton de coton et de fil,1,non,,804091
molleton de laine,79,non,milieu de gamme,43973
molleton de laine imprimé,2,non,,804091
molleton de soie,1,non,,804091
molleton et taffetas de laine,3,non,,804091
molleton frisé,1,non,,804091
mollues,1,non,,804091
momade,0,non,,804091
momie,7,non,,804091
moncayard,5,non,,804091
mongette,45,non,,804091
mongistere,7,non,,804091
monnaies,1,non,,804091
monnaies au type étranger,95,non,,804091
monnaies d'argent,32,non,,804091
monnaies d'argent en espèces coursables,3,non,,804091
monnaies d'argent et d'or et au type étranger,7,non,,804091
monnaies d'argent par Calais,2,non,,804091
monnaies d'argent par Strasbourg et Metz,1,non,,804091
monnaies d'argent par Valenciennes,1,non,,804091
monnaies d'or,18,non,,804091
monnaies d'or par Calais,1,non,,804091
monnaies d'or quadruple,3,non,,804091
monnaies de billon,3,non,,804091
monnaies de cuivre,54,non,,804091
monnaies de cuivre de Suède,4,non,,804091
monnaies de cuivre jaune,1,non,,804091
monnaies de cuivre ouvré,1,non,,804091
monnaies de cuivre pur,4,non,,804091
monnaies du Portugal,1,non,,804091
montichon,3,non,,804091
montres,2,non,,804091
montres d'argent,21,non,,804091
montres d'argent et d'or,1,non,,804091
montres d'or,25,non,,804091
montres d'or à répétition,2,non,,804091
montres d'or ordinaires,2,non,,804091
montres de cuivre,5,non,,804091
montres de mer,2,non,,804091
montres de métal,1,non,,804091
montres de poche,6,non,,804091
montres de poche à caisse d'argent,126,non,,804091
montres de poche à caisse d'or,126,non,,804091
montres de poches à caisse de pinsbeck,37,non,,804091
montres et pendule,1,oui,,804091
montres et pendules,1,non,,804091
montres maillées,1,non,,804091
moques de grès,1,non,,804091
moquette,199,non,bas de gamme,18109
moquette de fil et de laine,4,non,,804091
moquette de fil et laine,1,non,,804091
moquette de laine,2,non,,804091
moquette de laine et de fil,1,non,,804091
moquette grasse de laine et fil,1,non,,804091
moquette rouge,2,non,,804091
moquette verte,1,non,,804091
morceaux,1,non,,804091
morceaux cousus,2,non,,804091
morceaux cousus de hamsters,2,non,,804091
morceaux cousus de lapins et lièvres,2,non,,804091
morceaux cousus dos et ventre de petits-gris,2,non,,804091
morceaux d'espars,1,non,,804091
morceaux de bois,1,oui,,804091
morceaux de bois ordinaire de 6 à 7 pieds,1,non,,804091
morceaux de bois puant de 6 pieds,1,non,,804091
morceaux de planches,1,non,,804091
morceaux de sapin,4,non,,804091
morceaux despars,1,oui,,804091
morenine de soie,1,non,,804091
moresque,1,oui,,804091
morilles,17,non,,804091
morilles et mousserons et truffes,1,non,,804091
morilles et mousserons frais,1,non,,804091
morilles et mousserons secs ou marinés,2,non,,804091
morilles et truffes,1,non,,804091
mors de brides,124,non,,804091
mors de brides dorés,1,non,,804091
mors et brides,3,non,,804091
mortiers,2,non,,804091
mortiers à bombe,1,non,,804091
mortiers de bois,1,non,,804091
mortiers de bronze,1,non,,804091
mortiers de fer,6,non,,804091
mortiers de fonte,6,non,,804091
mortiers de marbre,153,non,,804091
mortiers de marbre ordinaires,1,non,,804091
mortiers de marbre petits,1,non,,804091
mortiers de métal,1,non,,804091
mortiers de métal et pilon,1,non,,804091
mortiers de pierre,31,non,,804091
mortiers de terre,1,non,,804091
mortiers et pilon,1,non,,804091
morue,633,non,,804091
morue ???,1,non,,804091
morue avariée,1,non,,804091
morue avec harengs des prises,1,non,,804091
morue blanche,1,non,,804091
morue de Hollande,5,non,,804091
morue de pêche française,12,non,,804091
morue douce,1,non,,804091
morue en pacotille,24,non,,804091
morue en pavé,1,non,,804091
morue en saumure,4,non,,804091
morue et stockfish,185,non,,804091
morue joues sèche,1,non,,804091
morue marinée et salée,5,non,,804091
morue note alang,1,oui,,804091
morue par Bayonne,1,non,,804091
morue salée,69,non,,804091
morue salée d'Islande,1,non,,804091
morue salée et marinée,1,oui,,804091
morue sèche,1189,non,,804091
morue sèche et salée et stockfish salé suivant l'état des primes,6,non,,804091
morue têtes,1,oui,,804091
morue verte,645,non,,804091
morue verte avariée,1,non,,804091
morue verte cabillaud,1,non,,804091
morue verte cap et queues,6,non,,804091
morue verte de Terre Neuve,30,non,,804091
morue verte des Îles,1,non,,804091
morue verte en tonneaux,0,non,,804091
morue verte grande et moyenne,1,non,,804091
motte de lin,1,non,,804091
mottes à brûler,8,non,,804091
moucherons,1,non,,804091
mouches à miel,123,non,,804091
mouches cantharides,15,non,,804091
mouches de taffetas,6,non,,804091
mouchoirs,271,non,milieu de gamme,43973
mouchoirs ??? de fil de France,0,non,,804091
mouchoirs à carreaux,1,non,,804091
mouchoirs à la valeur,1,non,,804091
mouchoirs à peu de soie,1,non,,804091
mouchoirs à toile peinte,1,non,,804091
mouchoirs à vignettes,1,non,,804091
mouchoirs au brin de soie,1,non,,804091
mouchoirs baffetas,1,non,,804091
mouchoirs bandanas,2,non,,804091
mouchoirs batiste peint,1,non,,804091
mouchoirs blancs,2,non,,804091
mouchoirs blancs brodés en fil de chanvre ou de lin,3,non,,804091
mouchoirs blancs de chanvre et de lin,2,non,,804091
mouchoirs blancs et bleus,1,non,,804091
mouchoirs blancs et teints,27,non,bas de gamme,18109
mouchoirs bleus,3,non,,804091
mouchoirs brodés,13,non,,804091
mouchoirs brodés de soie,1,non,,804091
mouchoirs communs,6,non,,804091
mouchoirs coupés,3,non,,804091
mouchoirs d'Alep,2,non,,804091
mouchoirs d'indienne,98,non,milieu de gamme,43973
mouchoirs d'organdis,3,non,,804091
mouchoirs de ???,1,non,,804091
mouchoirs de batiste,26,non,haut de gamme,12084
mouchoirs de batiste de Saint-Quentin,2,non,,804091
mouchoirs de Bengale,115,non,haut de gamme,12084
mouchoirs de Betton,1,non,,804091
mouchoirs de Champafaris,2,non,,804091
mouchoirs de chanvre et de lin blancs,2,non,,804091
mouchoirs de chanvre et de lin imprimés teints rayés par le tissage,3,non,,804091
mouchoirs de chanvre et de lin rayés teints ou imprimés,2,non,,804091
mouchoirs de chasse,1,non,,804091
mouchoirs de chocolat,2,non,,804091
mouchoirs de Cholet,146,non,milieu de gamme,43973
mouchoirs de coton,919,non,milieu de gamme,43973
mouchoirs de coton blanc,3,non,,804091
mouchoirs de coton blancs,1,non,,804091
mouchoirs de coton brin de soie,2,non,,804091
mouchoirs de coton communs,5,non,,804091
mouchoirs de coton de France,22,non,milieu de gamme,43973
mouchoirs de coton de l'étranger,2,non,,804091
mouchoirs de coton découpés,119,non,,804091
mouchoirs de coton des Indes,14,non,haut de gamme,12084
mouchoirs de coton en coupon,1,non,,804091
mouchoirs de coton et de fil,549,non,milieu de gamme,43973
mouchoirs de coton et de fil découpés,93,non,,804091
mouchoirs de coton et de soie,1,non,,804091
mouchoirs de coton et fil,25,non,milieu de gamme,43973
mouchoirs de coton et fil de coton,16,non,milieu de gamme,43973
mouchoirs de coton et soie,16,non,,804091
mouchoirs de coton et soie de France,1,non,,804091
mouchoirs de coton étranger,6,oui,,804091
mouchoirs de coton étrangers,9,non,,804091
mouchoirs de coton fins,5,non,,804091
mouchoirs de coton gros,1,non,,804091
mouchoirs de coton grossiers,1,non,,804091
mouchoirs de coton peints,8,non,,804091
mouchoirs de Craité,0,non,,804091
mouchoirs de demi soie,1,non,,804091
mouchoirs de différentes qualités en coton,3,non,,804091
mouchoirs de différentes quantités,6,non,,804091
mouchoirs de fil,386,non,milieu de gamme,43973
mouchoirs de fil commun,1,non,,804091
mouchoirs de fil de ??? de Cholet et ???,3,non,,804091
mouchoirs de fil de Cholet,2,non,,804091
mouchoirs de fil de France,12,non,,804091
mouchoirs de fil de lin,1,non,,804091
mouchoirs de fil de lin imprimé,1,non,,804091
mouchoirs de fil de Rouen,2,non,,804091
mouchoirs de fil du Béarn,3,non,,804091
mouchoirs de fil en coton de France,6,non,,804091
mouchoirs de fil et de batiste,1,non,,804091
mouchoirs de fil et de coton,89,non,milieu de gamme,43973
mouchoirs de fil et de lin,1,non,,804091
mouchoirs de fil et de pitre,1,non,,804091
mouchoirs de fil étranger,4,oui,,804091
mouchoirs de fil étrangers,4,non,,804091
mouchoirs de fil fin,1,non,,804091
mouchoirs de fil organdi,15,non,milieu de gamme,43973
mouchoirs de fil peint,1,non,,804091
mouchoirs de filoselle,2,non,,804091
mouchoirs de fleuret,5,non,,804091
mouchoirs de foulard,3,non,,804091
mouchoirs de France,1,non,,804091
mouchoirs de gaze,74,non,haut de gamme,12084
mouchoirs de gaze de soie,3,non,,804091
mouchoirs de gaze divers,3,oui,,804091
mouchoirs de gaze grands,1,non,,804091
mouchoirs de Hollande,2,non,,804091
mouchoirs de kinfin,1,non,,804091
mouchoirs de l'hotes,2,non,,804091
mouchoirs de l'Inde,10,non,,804091
mouchoirs de la Compagnie des Indes,3,non,,804091
mouchoirs de laine,2,non,,804091
mouchoirs de laiton,1,non,,804091
mouchoirs de Laval,1,non,,804091
mouchoirs de lin,4,non,,804091
mouchoirs de linon,5,non,,804091
mouchoirs de Madras,9,non,,804091
mouchoirs de Masulipatan,17,non,haut de gamme,12084
mouchoirs de mousseline,30,non,haut de gamme,12084
mouchoirs de mousseline brodée,1,non,,804091
mouchoirs de Paliacate,10,non,,804091
mouchoirs de Patras,1,non,,804091
mouchoirs de pitre,1,non,,804091
mouchoirs de Pondichéry,174,non,milieu de gamme,43973
mouchoirs de Rouen,102,non,milieu de gamme,43973
mouchoirs de Saumur,1,non,,804091
mouchoirs de siamoise,1,non,,804091
mouchoirs de soie,858,non,milieu de gamme,43973
mouchoirs de soie de la Chine,4,non,,804091
mouchoirs de soie de renvoi,1,non,,804091
mouchoirs de soie de Rouen,1,non,,804091
mouchoirs de soie des Indes,1,non,,804091
mouchoirs de soie en coton,1,non,,804091
mouchoirs de soucis,1,non,,804091
mouchoirs de taffetas,1,non,,804091
mouchoirs de toile,73,non,,804091
mouchoirs de toile blanche,1,non,,804091
mouchoirs de toile de Bretagne,0,non,,804091
mouchoirs de toile de Cholet,53,non,milieu de gamme,43973
mouchoirs de toile de Hin,1,non,,804091
mouchoirs de toile découpés,95,non,,804091
mouchoirs de toile fine,1,non,,804091
mouchoirs de toile guingans,5,non,,804091
mouchoirs de toile peinte,11,non,,804091
mouchoirs de toile rayée,2,non,,804091
mouchoirs de traite,2,non,,804091
mouchoirs de Zurich,1,non,,804091
mouchoirs demi soie,18,non,,804091
mouchoirs des Îles,1,non,,804091
mouchoirs des Indes,225,non,haut de gamme,12084
mouchoirs des Indes communs,1,non,,804091
mouchoirs des Indes de coton,2,non,,804091
mouchoirs des Indes de soie,4,non,,804091
mouchoirs des Indes dit bandanas,1,non,,804091
mouchoirs divers mélangés,5,oui,,804091
mouchoirs du Béarn,17,non,bas de gamme,18109
mouchoirs du Levant,2,non,,804091
mouchoirs du pays,1,non,,804091
mouchoirs du Sénégal,3,non,,804091
mouchoirs écorce d'arbre,1,non,,804091
Mouchoirs et ?? en nattes,1,non,,804091
mouchoirs et ???,0,non,,804091
mouchoirs et cravates de mousseline,3,non,,804091
mouchoirs et cravates de soie mêlée,6,non,,804091
mouchoirs et fichus de toile peinte,2,non,,804091
mouchoirs et mouchoirs des Indes,17,non,milieu de gamme,43973
mouchoirs et mousseline,3,non,,804091
mouchoirs et ornements,1,non,,804091
mouchoirs fabriqués en France,2,non,,804091
mouchoirs fins,2,non,,804091
mouchoirs foulards,3,non,,804091
mouchoirs gros en fil,1,non,,804091
mouchoirs imprimés,3,non,,804091
mouchoirs imprimés et teints de chanvre et de lin,2,non,,804091
mouchoirs indienne,5,non,,804091
mouchoirs Komel et Renis,1,non,,804091
mouchoirs linon,2,oui,,804091
mouchoirs Masulipatan,38,non,haut de gamme,12084
mouchoirs mousseline et toile de coton,42,non,,804091
mouchoirs peints,91,non,haut de gamme,12084
mouchoirs peints de France,1,non,,804091
mouchoirs peints de Hollande,2,non,,804091
mouchoirs rayés,2,non,,804091
mouchoirs romals,67,non,milieu de gamme,43973
mouchoirs romals et de la Côte,1,non,,804091
mouchoirs saserpatis,1,non,,804091
mouchoirs Tranquebar,2,non,,804091
moufles,1,non,,804091
moulage,4,non,,804091
moulages de fer de fonte,2,non,,804091
moules,120,non,,804091
moules (poisson),1,non,,804091
moules à cercle,1,non,,804091
moules à chandelle,1,non,,804091
moules à faire,1,non,,804091
moules de balles,1,non,,804091
moules de boutons,25,non,,804091
moules de boutons de bois,3,non,,804091
moules de fer à galette,1,non,,804091
moules de pierre pour sucre,2,non,,804091
moules de plâtre,3,non,,804091
moules de plâtre à faire figures,2,non,,804091
moules de terre,1,non,,804091
moules pour chandelle,2,non,,804091
moules pour sucre,1,non,,804091
moulinets à chocolat,1,non,,804091
moulinets à filer,1,non,,804091
moulins,2,non,,804091
moulins à beurre,1,non,,804091
moulins à blé,2,non,,804091
moulins à blé et à bras,1,non,,804091
moulins à bras,12,non,,804091
moulins à café,532,non,,804091
moulins à café doux,1,non,,804091
moulins à confitures,1,non,,804091
moulins à dessécher,1,non,,804091
moulins à dévider soie,1,non,,804091
moulins à filer,5,non,,804091
moulins à grains,2,non,,804091
moulins à lapidaire,1,non,,804091
moulins à maïs,12,non,,804091
moulins à moudre grains,5,non,,804091
moulins à moutarde,2,non,,804091
moulins à poivre,18,non,,804091
moulins à poivre et à café,1,non,,804091
moulins à retordre,1,non,,804091
moulins à sarrasin,1,non,,804091
moulins à sucre,30,non,,804091
moulins à tabac,5,non,,804091
moulins à tordre fil,3,non,,804091
moulins complets à sucre,2,non,,804091
moulins de bois,2,non,,804091
moulins de fer,5,non,,804091
moulins de fer à sucre,15,non,,804091
moulins de maïs,1,non,,804091
moulins de poivre,1,oui,,804091
moulins de soie,1,non,,804091
moulins et presses à tabac,3,non,,804091
moulons et kibbelinck,48,non,,804091
moulures dorées,1,non,,804091
mouquette,10,non,,804091
moureaux,14,non,,804091
moureaux de mules,1,non,,804091
moureaux de mulets,3,non,,804091
mousquetaire,1,oui,,804091
mousqueterie,1,oui,,804091
mousquetons,1,non,,804091
mousquets,3,non,,804091
mousse,13,non,,804091
mousse de bois,3,non,,804091
mousse de lin,1,non,,804091
mousse de mer,8,non,,804091
mousse de mer et herbes à teindre,4,non,,804091
mousse de roche,1,non,,804091
mousseline,980,non,haut de gamme,12084
mousseline blanche,1,non,,804091
mousseline brochée,1,non,,804091
mousseline brochée de coton,1,non,,804091
mousseline brodée,12,non,,804091
mousseline brodée de coton,1,non,,804091
mousseline brodée en couleur,1,non,,804091
mousseline brodée en soie de couleur,1,non,,804091
mousseline de coton,107,non,haut de gamme,12084
mousseline de coton et des Indes,3,non,,804091
mousseline de coton et Nankin,11,non,haut de gamme,12084
mousseline de coton et Nankin des Indes,21,non,haut de gamme,12084
mousseline de coton unie et brûlée,14,non,,804091
mousseline de coton unie et peinte,17,non,,804091
mousseline de coton unies et brûlées,14,oui,haut de gamme,12084
mousseline de coton unies et peintes,17,oui,haut de gamme,12084
mousseline de France,6,non,,804091
mousseline de l'étranger,1,non,,804091
mousseline de l'Inde,5,non,,804091
mousseline de l'Inde dite Casses,1,non,,804091
mousseline de la Compagnie,2,non,,804091
mousseline de Suisse et siamoise à ligne de soie,4,non,,804091
mousseline de Zurich,5,non,,804091
mousseline des Indes,28,non,haut de gamme,12084
mousseline en nattes,1,non,,804091
mousseline et mouchoirs,1,non,,804091
mousseline et mousselinette de coton,0,non,,804091
mousseline et toile de coton,5,non,,804091
mousseline et toile de coton blanc,15,non,,804091
mousseline et toile des Indes,1,non,,804091
mousseline étrangère,7,non,,804091
mousseline étrangères,7,oui,,804091
mousseline fine,6,non,,804091
mousseline fines,6,oui,,804091
mousseline grosse,1,non,,804091
mousseline imprimée,1,non,,804091
mousseline imprimées,1,oui,,804091
mousseline nationale,4,non,,804091
mousseline rayée,2,non,,804091
mousseline rayée à fleurs,1,non,,804091
mousseline rayées,2,oui,,804091
mousseline rayées à fleurs,1,oui,,804091
mousseline siamoise et de Suisse à la ligne de soie,2,non,,804091
mousseline toile de coton mouchoirs et batiste,17,non,,804091
mousseline unie,5,non,,804091
mousselinette,2,non,,804091
mousselinette de coton,1,non,,804091
mousserons,46,non,,804091
mousserons et morilles,1,non,,804091
mousserons et truffes,3,non,,804091
mousserons secs,5,non,,804091
moussets et mousserons frais,1,non,,804091
moussets et mousserons secs ou marinés,3,non,,804091
moustiquaire de fil,3,non,,804091
moutarde,295,non,,804091
moutardelle,1,non,,804091
moutardière de terre anglaise,1,non,,804091
moutichoux,2,non,,804091
mouton,428,non,,804091
mouton à battre pieux,0,non,,804091
mouton commun,1,non,,804091
mouton et brebis,137,non,,804091
mouton gras,1,non,,804091
mouton petit,1,non,,804091
mouton vivant,1,non,,804091
mouvements à montre,1,non,,804091
mouvements à pendules,2,non,,804091
mouvements de montre,11,non,,804091
mouvements de pendule,2,oui,,804091
mouvements de pendules,7,non,,804091
moyeux,74,non,,804091
muce de plomb,1,non,,804091
mufle à chandelle,0,non,,804091
mules,33,non,,804091
mules à coutelier,1,non,,804091
mules à moulin,2,non,,804091
mules brodées,3,non,,804091
mules brodées et souliers brodées,2,non,,804091
mules brodées pour femme,2,non,,804091
mules de 4 mois,1,non,,804091
mules de 6 mois,1,non,,804091
mules de femme,1,non,,804091
mules de labour,1,non,,804091
mules de nattes,2,non,,804091
mules et mulets,197,non,,804091
mules et mulets adultes,5,non,,804091
mules et mulets avec dents de lait,1,non,,804091
mules et mulets d'1 an,2,non,,804091
mules et mulets et ânes,1,non,,804091
mules et mulets n'ayant pas encore de dents adultes,1,non,,804091
mules moyennes,1,non,,804091
mules ou mulets,1,non,,804091
mules pour femmes,1,non,,804091
mulets,124,non,,804091
mulets à moyen prix,1,non,,804091
mulets de moyenne taille,2,non,,804091
mulets jeunes,2,non,,804091
mulets mulets,3,non,,804091
mulets petits,2,non,,804091
mulets poulains,2,non,,804091
mulets vieux,2,non,,804091
mungistere,1,non,,804091
munitions de guerre,2,non,,804091
munitions de guerre et projectiles,2,non,,804091
muriate d'étain et de potasse,1,non,,804091
mûriers,1,non,,804091
musc,29,non,,804091
musc castoreum et civette,2,non,,804091
musc civette castoreum et ambre gris,2,non,,804091
muscades,617,non,,804091
muscades confites,3,non,,804091
muscades d'Inde,2,non,,804091
muscades de perles,3,non,,804091
muscades des entrepôts,0,non,,804091
muscades en noix,1,non,,804091
muscades et macis,18,non,,804091
muscades et poivre,8,non,,804091
muscades feuilles et noix,112,non,,804091
muscades longues,1,non,,804091
muscades rondes,4,non,,804091
muse,4,non,,804091
muse en grains ?,1,non,,804091
musettes organisées,1,non,,804091
musique,21,non,,804091
musique gravée,8,non,,804091
myrobolan,50,non,,804091
myrrhe,126,non,,804091
myrrhe en grabeau,1,non,,804091
myrrhe en larmes,1,non,,804091
myrthe en grabeau,24,non,,804091
nacelles,8,non,,804091
nacre,15,non,,804091
nacre de coquille,1,non,,804091
nacre de perles,144,non,,804091
nacre de perles argentée brute,1,non,,804091
nacre de perles argentée sciée,1,non,,804091
nacre de perles dépouillée de sa croûte et sciée,4,non,,804091
nacre de perles en coquille brute,3,non,,804091
nacre de perles en coquille brute et en sa coquille bâtarde,2,non,,804091
nacre de perles noire,1,non,,804091
nacre de perles ouvrée,1,non,,804091
nacre de Perse,1,non,,804091
nacre en coquille,12,non,,804091
nacre et perles,1,non,,804091
namouques,2,non,,804091
Nankin,430,non,haut de gamme,12084
Nankin blanche,1,non,,804091
Nankin des Indes,10,non,,804091
Nankin jaune,1,non,,804091
naphte,3,non,,804091
nappes,44,non,,804091
nappes damassées,1,non,,804091
nappes de tables,4,non,,804091
nappes de toile,2,non,,804091
nappes de toile ouvrées,2,non,,804091
nappes en toile,1,non,,804091
nappes et serviettes,3,non,,804091
nappes et serviettes de lin,1,non,,804091
nappes et serviettes de toile,1,non,,804091
nappes et serviettes ouvrées,1,non,,804091
nappes faites,14,non,,804091
nappes fines et ouvrées,1,non,,804091
nappes grands ouvrées,1,non,,804091
nappes ouvrées,8,non,,804091
nappes ouvrées de toile,2,non,,804091
nappes unies,1,non,,804091
natron,11,non,,804091
natron en couffe,1,non,,804091
natron et soudes,1,non,,804091
nattes,260,non,,804091
nattes communes,2,non,,804091
nattes communes à paqueter,53,non,,804091
nattes d'emballage,4,non,,804091
nattes d'espars,9,non,,804091
nattes de balles,1,non,,804091
nattes de jonc,138,non,,804091
nattes de jonc à pot emballage,2,non,,804091
nattes de jonc et de paille et larges,68,non,,804091
nattes de jonc et paille et étroites,71,non,,804091
nattes de jonc large,3,non,,804091
nattes de jonc rondes pour les pieds,25,non,,804091
nattes de moscovie,4,non,,804091
nattes de paille,68,non,,804091
nattes de paille et de jonc,13,non,,804091
nattes de Russie,1,non,,804091
nattes de Silésie,1,non,,804091
nattes et tresse de paille d'écorce et de sparte fines,4,non,,804091
nattes et tresse de paille d'écorce et de sparte grossières,5,non,,804091
nattes et tresse fines,3,non,,804091
nattes et tresse grossières,3,non,,804091
nattes fines,1,non,,804091
nattes moyennes,2,non,,804091
nattes pour grenier,2,non,,804091
nattes rondes,6,non,,804091
nature de baleine,5,non,,804091
naurougue,1,non,,804091
naveaux,4,non,,804091
naves de portes,1,non,,804091
navets,38,non,,804091
navettes,1,non,,804091
navettes à drapier,4,non,,804091
navettes d'écaille,1,non,,804091
navettes de buis à tisserand,1,non,,804091
navire,1,non,,804091
navires marchands,1,non,,804091
nécessaires,2,non,,804091
nécessaires de cuivre,1,non,,804091
nécessaires garnis en argent,1,non,,804091
nèfles,6,non,,804091
nèfles frais,1,non,,804091
neganepeau,190,non,milieu de gamme,43973
neganepeau grand,1,non,,804091
neganepeau imitant celles des Indes,1,non,,804091
nègres,45,oui,,804091
nelis,43,non,milieu de gamme,43973
nepres,8,non,,804091
neptune,1,non,,804091
neptune de cuivre,15,non,,804091
nerfs de bœuf,8,non,,804091
nerprun,5,non,,804091
nervures,130,non,,804091
niaals des Indes,1,non,,804091
nicanéas,226,non,milieu de gamme,43973
nicanéas étroits,1,non,,804091
nicanéas fins,1,non,,804091
nicanéas grands,27,non,milieu de gamme,43973
nicanéas larges,2,non,,804091
nicanéas longs,1,non,,804091
nicanéas petite,1,non,,804091
nicanéas petits,22,non,milieu de gamme,43973
nid d'oiseau,1,non,,804091
nina,2,non,,804091
nina de poil,1,non,,804091
nippes,160,non,,804091
nippes de femme,8,non,,804091
nippes et atours,92,non,,804091
nœuds d'épée,1,non,,804091
nœuds d'épée avec or,1,non,,804091
nœuds d'épée et cordons de montres,3,non,,804091
nœuds de cannes,1,non,,804091
nœuds de cannes de soie,1,non,,804091
nogat,1,non,,804091
nogat en piastre forte,1,non,,804091
noir,5,non,,804091
noir à broyer,1,non,,804091
noir à noircir,3,non,,804091
noir commun,156,non,,804091
noir commun de fumée et autres,13,non,,804091
noir d'animal d'ivoire,2,non,,804091
noir d'animal d'ivoire d'os,2,non,,804091
noir d'animal de corne d'os etc.,2,non,,804091
noir d'Espagne,2,non,,804091
noir d'ivoire,46,non,,804091
noir d'os,8,non,,804091
noir de capajou,1,non,,804091
noir de Chypre,1,non,,804091
noir de fumée,564,non,,804091
noir de fumée pour souliers,2,non,,804091
noir de galle,18,non,,804091
noir de noircir,1,non,,804091
noir de sapin,0,non,,804091
noir de sapin de 36 pieds,0,non,,804091
noir de sapin de 42 à 50 pieds,0,non,,804091
noir de sapin de 60 à 70 pieds,0,non,,804091
noir minéral naturel,4,non,,804091
noir pour imprimer,10,non,,804091
noir pour imprimer en traille douce dit d'Allemagne,1,non,,804091
noir pour noircir,31,non,,804091
noir pour souliers,2,non,,804091
noisette sèches,13,non,,804091
noisettes,694,non,,804091
noisettes et noix,13,non,,804091
noisettes faînes,2,non,,804091
noisettes pistaches et ???,1,non,,804091
noix,516,non,,804091
noix confites,1,non,,804091
noix d'acajou,28,non,,804091
noix d'ivoire,2,non,,804091
noix de coco,54,non,,804091
noix de galle,509,non,,804091
noix de galle légère,7,non,,804091
noix de galle pesante,9,non,,804091
noix de galle pesante des entrepôts,0,non,,804091
noix de marrons,2,non,,804091
noix de muscade,18,non,,804091
noix de pipes,25,non,,804091
noix de ravensara,1,non,,804091
noix en coquilles,1,non,,804091
noix épillées,3,non,,804091
noix et riz,2,non,,804091
noix grosses,125,non,,804091
noix mondées,3,non,,804091
noix moutarde,1,non,,804091
noix ou noyaux,1,non,,804091
noix pour peintures,6,non,,804091
noix sèches,28,non,,804091
noix venimeuses,4,non,,804091
noix vomiques,62,non,,804091
noronges,1,non,,804091
nougat,19,non,,804091
nousouque,1,non,,804091
noves de morue,2,non,,804091
noves et langues de morue des Îles,1,non,,804091
noyaux,10,non,,804091
noyaux d'olives,1,non,,804091
noyaux de noix,3,non,,804091
noyaux de pêche,2,non,,804091
noyaux de pêches,3,non,,804091
noyer et cerisier,10,non,,804091
numéraire en assignats,1,non,,804091
numéraire en assignats par la Cure,1,non,,804091
O ???,1,non,,804091
objets à la valeur,1,non,,804091
objets d'art,6,non,,804091
objets d'art et d'histoire naturelle,59,non,,804091
objets d'histoire naturelle,2,non,,804091
objets de collection,5,non,,804091
objets de collection hors de commerce,3,non,,804091
objets de peu d'importance,6,oui,,804091
objets de peu de valeur,121,non,,804091
objets des Indes,1,non,,804091
objets des Indes et de peu importance,5,non,,804091
objets divers,2,non,,804091
objets divers dont la valeur du plus fort n'excède pas 25000 livre,5,oui,,804091
objets divers dont le plus fort article n'excède pas 2400 livres,4,oui,,804091
objets divers dont les plus forts articles n'excèdent pas 10000 livres,3,oui,,804091
objets manufacturés réunis,187,non,,804091
obliques,1,non,,804091
obusiers de fonte,2,non,,804091
ocre,545,non,,804091
ocre broyé,1,non,,804091
ocre brun,2,non,,804091
ocre brun jaune ou rouge,1,non,,804091
ocre de toute espèce,107,non,,804091
ocre en pierre,3,non,,804091
ocre en poudre,3,non,,804091
ocre et brun rouge,4,non,,804091
ocre jaune,42,non,,804091
ocre jaune et rouge,1,non,,804091
ocre noir,3,non,,804091
ocre ou craie blanche,1,non,,804091
ocre rouge,37,non,,804091
octant,1,non,,804091
odautes,1,non,,804091
odeure,1,non,,804091
œil de bœuf,11,non,,804091
œil de bœuf garni de cuivre,3,non,,804091
œillards,1,non,,804091
œillards de Brie,1,non,,804091
œillets,4,non,,804091
œufs,363,non,,804091
œufs 15 ou 16 au kilogramme,4,non,,804091
œufs d'autruche,1,non,,804091
œufs de composition,1,non,,804091
œufs de faisan,1,non,,804091
œufs de gibier et de volaille,2,non,,804091
œufs de perdrix rouge,1,non,,804091
œufs de poisson,1,non,,804091
œufs de poule,2,non,,804091
œufs de thon,1,non,,804091
œufs de thon salés,1,non,,804091
œufs de volaille,1,non,,804091
œufs et volaille,19,non,,804091
ogarie,0,non,,804091
oies,5,non,,804091
oies salées,1,non,,804091
oignons,198,non,,804091
oignons blancs,1,non,,804091
oignons communs,6,non,,804091
oignons d'esquilles,18,non,,804091
oignons d'hyacinthe,2,non,,804091
oignons de ???,1,non,,804091
oignons de Barbarie,2,non,,804091
oignons de fleurs,384,non,,804091
oignons de fleurs et plantes,122,non,,804091
oignons de jonquilles,5,non,,804091
oignons de narcisse,1,non,,804091
oignons de narcisses,2,non,,804091
oignons de squille,4,oui,,804091
oignons de tubéreuse,10,non,,804091
oignons ordinaires,1,non,,804091
oint,2,non,,804091
oint vieux,6,non,,804091
oiseau à l'eau-de-vie,1,non,,804091
oiseaux,2,non,,804091
oiseaux de proie,1,non,,804091
oiseaux petits,140,non,,804091
oleane ou rocou,47,non,,804091
olives,1079,non,,804091
olives au vinaigre,10,non,,804091
olives confites,3,non,,804091
olives d'Espagne,1,non,,804091
olives et picholines confites,2,non,,804091
olives fraîches,2,non,,804091
olives fraîches et arachis,2,non,,804091
olives marinées,6,non,,804091
olives salées,43,non,,804091
olives salées au vinaigre,5,non,,804091
olives salées et au vinaigre,0,non,,804091
olivettes,1,non,,804091
olivier,2,non,,804091
onetes de coton,0,non,,804091
ongles d'écaille de tortue,5,non,,804091
ongles de bœuf,2,non,,804091
ongles de caret,11,non,,804091
onguent,5,non,,804091
onguent de laurier,2,non,,804091
opales brutes,1,non,,804091
opiat et pilules,1,non,,804091
opiats,3,non,,804091
opium,242,non,,804091
opoponax,25,non,,804091
optiques,1,non,,804091
or à dorer,2,non,,804091
or battu,20,non,,804091
or battu et fin,1,non,,804091
or brut brisé en lingots en masse,1,non,,804091
or brut en barres bijoux cassés lingots masse poudre,2,non,,804091
or en baissette,1,non,,804091
or en coquille,1,non,,804091
or en feuilles,8,non,,804091
or en lingot,1,non,,804091
or en poudre,1,non,,804091
or et argent,7,non,,804091
or et argent balles,2,non,,804091
or et argent battu,32,non,,804091
or et argent en barres et lingot,32,non,,804091
or et argent en feuilles,11,non,,804091
or et argent en fil,100,non,,804091
or et argent en fil et cantille et paillette,9,non,,804091
or et argent en lingot,3,non,,804091
or et argent faux,100,non,,804091
or et argent faux battu en livret de 24 feuilles,79,non,,804091
or et argent fin battu en livret de 24 feuilles,57,non,,804091
or et argent monnayés,57,non,,804091
or et argent paillette,1,non,,804091
or et argent trait,1,non,,804091
or faux,5,non,,804091
or faux battu,1,non,,804091
or laminé ou tiré,3,non,,804091
or massif,3,non,,804091
or pur,1,non,,804091
or travaillé,3,non,,804091
orange,723,non,,804091
orange aigre,92,non,,804091
orange chinoise,7,non,,804091
orange confite,2,non,,804091
orange de Malte,1,non,,804091
orange douce,110,non,,804091
orange du Portugal,2,non,,804091
orange en caisse,1,non,,804091
orange et citron,258,non,,804091
orange et limon,2,non,,804091
orange fraîche,17,non,,804091
orange ordinaire,1,non,,804091
orange petite,1,non,,804091
orange sèche,6,non,,804091
orange séchée à faire chapelets,1,non,,804091
orangelets,4,non,,804091
orangelets secs,6,non,,804091
orangers,19,non,,804091
orangers à planter,1,non,,804091
orangers petits,6,non,,804091
orbe,2,non,,804091
orcanette,18,non,,804091
orcillons à faire colle,1,non,,804091
oreillers,1,non,,804091
oreilles et oreillons à faire colle,101,non,,804091
oreillons,69,non,,804091
orfèvrerie,262,non,,804091
orfèvrerie d'argent,54,non,,804091
orfèvrerie d'argent et d'or,34,non,,804091
orfèvrerie d'or,10,non,,804091
orfèvrerie d'or et d'argent,14,non,,804091
orfèvrerie d'or ou de vermeil,7,non,,804091
orfèvrerie de platine,1,non,,804091
organdis,5,non,,804091
organeaux,4,non,,804091
orge,1100,non,,804091
orge de ???,1,non,,804091
orge de retour,1,non,,804091
orge en gerbe,19,non,,804091
orge germé,17,non,,804091
orge jaune,1,non,,804091
orge mondé,195,non,,804091
orge moulu,3,non,,804091
orge non germé,2,non,,804091
orge paillarge,1,non,,804091
orge perlé,47,non,,804091
orge perlé et mondé,149,non,,804091
orgue d'Allemagne,1,oui,,804091
orgues,37,non,,804091
orgues d'Allemagne,1,non,,804091
orgues d'église,1,non,,804091
orgues de bois,1,non,,804091
orgues de savoyard,3,non,,804091
orgues portatives,5,non,,804091
origan,28,non,,804091
origine inconnue,1,non,,804091
ormeaux,1,non,,804091
ormeaux à planter,2,non,,804091
ormes à planter,1,non,,804091
ornements d'église,122,non,,804091
ornements de dessert,2,non,,804091
ornements de fer,2,non,,804091
ornements de table,2,non,,804091
orobes,2,non,,804091
orpiment,340,non,,804091
orpiment broyé,4,non,,804091
orpiment en pierre,1,non,,804091
orpin,83,non,,804091
orpin broyé,1,non,,804091
orpin rouge,2,non,,804091
orseille,63,non,,804091
orseille apprêtée,10,non,,804091
orseille bleu cendré tournesol en pâte,5,non,,804091
orseille en drapeaux,1,non,,804091
orseille en herbes,6,non,,804091
orseille ou tournesol préparé,11,non,,804091
orseille sèche,86,non,,804091
orseille violette cud beard,4,non,,804091
orties,1,non,,804091
ortites de menuisier,1,non,,804091
orviétan,1,non,,804091
os de bétail,2,non,,804091
os de bœuf,60,non,,804091
os de bœuf et vache,1,non,,804091
os de cœur de bœuf,1,non,,804091
os de cœur de cerf et de seiche,2,non,,804091
os de mouton,1,non,,804091
os de seiche,9,non,,804091
os de seiche serpia officinalis,7,non,,804091
os desséchés,2,non,,804091
os et sabots de bétail,2,non,,804091
oseille,1,non,,804091
oseille apprêtée,1,non,,804091
osier,420,non,,804091
osier d'en dessous de 7 paumes,9,non,,804091
osier de 10 à 11 paumes,123,non,,804091
osier de 12 à 14 paumes,91,non,,804091
osier de 7 à 9 paumes,27,non,,804091
osier de fer-blanc,3,non,,804091
osier en bottes brut,7,non,,804091
osier en bottes fendu et pelé,2,non,,804091
osier en bottes fendu ou pelé,2,non,,804091
osier en dessous de 10 paumes,35,non,,804091
osier fendu ou pelé,3,non,,804091
osier torches,8,non,,804091
osserie de Dieppe,19,non,,804091
ouate,105,non,,804091
ouate d'étoupes,38,non,,804091
ouate de coton,103,non,,804091
ouate de laine,12,non,,804091
ouate de soie,58,non,,804091
outes ?,1,non,,804091
outils,196,non,,804091
outils à battre l'or,1,non,,804091
outils à faire cartes et moules,3,non,,804091
outils à soutirer le vin,5,non,,804091
outils à sucre,1,non,,804091
outils à tirer le vin,1,non,,804091
outils à tirer le vin au claire,2,non,,804091
outils d'acier et de fer,5,non,,804091
outils d'acier pur,8,non,,804091
outils d'agriculture,1,non,,804091
outils d'horloge,2,non,,804091
outils d'horlogerie,3,non,,804091
outils d'imprimerie,10,non,,804091
outils d'imprimerie et de marbre,1,non,,804091
outils de cuisine,7,non,,804091
outils de cuivre ou de laiton,6,non,,804091
outils de fer,21,non,,804091
outils de fer à forgeron,1,non,,804091
outils de fer de forgeron,1,non,,804091
outils de fer pur,8,non,,804091
outils de fer rechargé d'acier,8,non,,804091
outils de frecatage,1,non,,804091
outils de la pêche,301,non,,804091
outils de la pêche à corail,1,non,,804091
outils de labourage,3,non,,804091
outils de lapidaire,1,non,,804091
outils de maréchal,1,non,,804091
outils de marine,1,non,,804091
outils de ménage,10,non,,804091
outils de menuiserie,19,non,,804091
outils de menuisier,1,non,,804091
outils de moulins,1,non,,804091
outils de moulins à papier,2,non,,804091
outils de moulins de fer,4,non,,804091
outils de pêche,326,non,,804091
outils de pêche à la morue,4,non,,804091
outils de pêche à la morue verte,37,non,,804091
outils de pêche au poisson frais,2,non,,804091
outils de pêche aux moules,25,non,,804091
outils de pêche par Marseille,1,non,,804091
outils menuisier,3,non,,804091
outils pour boulanger,1,non,,804091
outils pour charpentier,12,non,,804091
outils pour ferblantier,2,non,,804091
outils pour la pêche,115,oui,,804091
outils pour laboureur,3,non,,804091
outils pour marchands de vin,2,non,,804091
outils pour miroitier,2,non,,804091
outils pour orfèvre,3,non,,804091
outils pour ouvrier,1,non,,804091
outils pour sécheurs,10,non,,804091
outils pour tisserand,3,non,,804091
outremer,1,non,,804091
outres de peau pleines,2,non,,804091
outres vides,2,non,,804091
outres vieilles,1,non,,804091
ouvrages,95,non,,804091
ouvrages ???,2,non,,804091
ouvrages ??? à couvrir,1,non,,804091
ouvrages brisés et vieux ouvrages de laiton,1,non,,804091
ouvrages d'acier,13,non,,804091
ouvrages d'acier et de fer,1,non,,804091
ouvrages d'agate,4,non,,804091
ouvrages d'agate et agate chique,1,non,,804091
ouvrages d'airain,16,non,,804091
ouvrages d'albâtre,6,non,,804091
ouvrages d'albâtre et ouvrages de bois et ouvrages de marbre,8,non,,804091
ouvrages d'ambre,1,non,,804091
ouvrages d'ambre jaune,1,non,,804091
ouvrages d'architecture,1,non,,804091
ouvrages d'argent,2,non,,804091
ouvrages d'argent et d'or,5,non,,804091
ouvrages d'argent et d'or et de soie,24,non,,804091
ouvrages d'argent et d'or faux,2,non,,804091
ouvrages d'argent et de soie,2,non,,804091
ouvrages d'argent fil et soie,1,non,,804091
ouvrages d'argent fin d'or et de soie,1,non,,804091
ouvrages d'argent or et soie,1,non,,804091
ouvrages d'argent plaqué,1,non,,804091
ouvrages d'auf,50,non,,804091
ouvrages d'auf bandeaux,1,non,,804091
ouvrages d'auf en cousses,1,non,,804091
ouvrages d'auf et de jonc,2,non,,804091
ouvrages d'écaille,1,non,,804091
ouvrages d'étain,1023,non,,804091
ouvrages d'horlogerie,13,oui,,804091
ouvrages d'horlogerie montés,7,non,,804091
ouvrages d'industrie,301,non,,804091
ouvrages d'industrie étrangers,54,non,,804091
ouvrages d'ivoire,110,non,,804091
ouvrages d'opium,1,non,,804091
ouvrages d'optiques,5,non,,804091
ouvrages d'or,1,non,,804091
ouvrages d'or faux,3,non,,804091
ouvrages d'orfèvrerie,6,non,,804091
ouvrages d'osier,20,non,,804091
ouvrages d'osserie,2,non,,804091
ouvrages de bergamotes,1,non,,804091
ouvrages de bois,873,non,,804091
ouvrages de bois de noyer,1,non,,804091
ouvrages de bois de Saint-Claude,1,non,,804091
ouvrages de bois de sapin,1,non,,804091
ouvrages de bois doré,17,non,,804091
ouvrages de bois en atelier de coluses,1,non,,804091
ouvrages de bois en plaqué,2,non,,804091
ouvrages de bois et ouvrages d'osier,10,non,,804091
ouvrages de bois et ouvrages de cuir,18,non,,804091
ouvrages de bois et ouvrages de cuivre,16,non,,804091
ouvrages de bois et ouvrages de fer-blanc,5,non,,804091
ouvrages de bois et ouvrages de modes et fleurs artificielles,18,non,,804091
ouvrages de bois et ouvrages de passementerie,12,non,,804091
ouvrages de bois et ouvrages de peau,10,oui,,804091
ouvrages de bois et ouvrages en terre cuite et ouvrages en brique,13,non,,804091
ouvrages de bois et pelleterie,10,non,,804091
ouvrages de bois et vannerie d'osier,10,non,,804091
ouvrages de bois gros,118,non,,804091
ouvrages de bois menus,86,non,,804091
ouvrages de bois non doré,4,non,,804091
ouvrages de bois peint,1,non,,804091
ouvrages de bois pour bâtir,1,non,,804091
ouvrages de bois pour charpente,1,non,,804091
ouvrages de bois pour le bâtiment,1,non,,804091
ouvrages de bois sculpté et doré,44,non,,804091
ouvrages de bois simple,30,non,,804091
ouvrages de bois simple et doré,25,non,,804091
ouvrages de bois simples en grilles de sapin,1,non,,804091
ouvrages de bois verni,2,non,,804091
ouvrages de bronze,7,non,,804091
ouvrages de buis,7,non,,804091
ouvrages de carreaux et tuiles,2,non,,804091
ouvrages de carton,36,non,,804091
ouvrages de carton assemblé coupé et moulé,2,non,,804091
ouvrages de chanvre,1,non,,804091
ouvrages de chanvre en masse,1,non,,804091
ouvrages de chanvre en rames,1,non,,804091
ouvrages de charpentier,68,non,,804091
ouvrages de charron,9,non,,804091
ouvrages de charronnage,17,non,,804091
ouvrages de chêne,1,non,,804091
ouvrages de cire,4,non,,804091
ouvrages de cire blanche,68,non,,804091
ouvrages de cire jaune,3,non,,804091
ouvrages de corail,400,non,,804091
ouvrages de corail brut,1,non,,804091
ouvrages de corail fin,2,non,,804091
ouvrages de corail rouge,2,non,,804091
ouvrages de cordonnerie de peaux,1,non,,804091
ouvrages de cordonnier,8,non,,804091
ouvrages de cordonnier de cuir,1,non,,804091
ouvrages de cordonnier de soie,2,non,,804091
ouvrages de corne et d'ivoire,1,non,,804091
ouvrages de coton,3,non,,804091
ouvrages de coton et de laine et de fil et de filoselle,9,non,,804091
ouvrages de coudrier,60,non,,804091
ouvrages de coutellerie,105,non,,804091
ouvrages de coutellerie argenterie,1,non,,804091
ouvrages de crin,1,non,,804091
ouvrages de crin de cheval,86,non,,804091
ouvrages de cristal,105,non,,804091
ouvrages de cuir,179,non,,804091
ouvrages de cuir ?,1,non,,804091
ouvrages de cuir ???? en soie pour femme,2,non,,804091
ouvrages de cuir argenté et doré,5,non,,804091
ouvrages de cuir blanc,1,non,,804091
ouvrages de cuir doré,3,non,,804091
ouvrages de cuir et bonnets de soie,4,non,,804091
ouvrages de cuir et peaux,2,non,,804091
ouvrages de cuisse,1,non,,804091
ouvrages de cuivre,1270,non,,804091
ouvrages de cuivre argenté,23,non,,804091
ouvrages de cuivre argenté et dor,5,non,,804091
ouvrages de cuivre argenté et doré et plaqué,37,non,,804091
ouvrages de cuivre doré,10,non,,804091
ouvrages de cuivre doré et argenté,344,non,,804091
ouvrages de cuivre et argent,1,non,,804091
ouvrages de cuivre garnis en argent,1,non,,804091
ouvrages de cuivre jaune,155,non,,804091
ouvrages de cuivre plaqué,1,non,,804091
ouvrages de cuivre potin,1,non,,804091
ouvrages de cuivre rouge,144,non,,804091
ouvrages de cuivre simples,18,non,,804091
ouvrages de damier,2,non,,804091
ouvrages de drap,3,non,,804091
ouvrages de faïence,258,non,,804091
ouvrages de fer,1160,non,,804091
ouvrages de fer de plomb,1,non,,804091
ouvrages de fer et clous,72,non,,804091
ouvrages de fer et de fonte,2,non,,804091
ouvrages de fer et ouvrages de jonc,7,non,,804091
ouvrages de fer grossiers,1,non,,804091
ouvrages de fer noir,1,non,,804091
ouvrages de fer pour maréchal,2,non,,804091
ouvrages de fer simples,1,non,,804091
ouvrages de fer tôle ou fer-blanc,5,non,,804091
ouvrages de fer-blanc,203,non,,804091
ouvrages de fer-blanc et tôle vernie,29,non,,804091
ouvrages de fer-blanc ou fer tôle,2,non,,804091
ouvrages de feutres,3,non,,804091
ouvrages de fil,5,non,,804091
ouvrages de fil en filoselle,1,non,,804091
ouvrages de fil en galon,2,non,,804091
ouvrages de filoselle,8,non,,804091
ouvrages de filoselle en ruban,1,non,,804091
ouvrages de filoselle et de soie,1,non,,804091
ouvrages de fleuret,8,non,,804091
ouvrages de fleurs,6,non,,804091
ouvrages de fleurs artificielle,5,oui,,804091
ouvrages de fondeur,3,non,,804091
ouvrages de fonte,169,non,,804091
ouvrages de fourreurs,2,non,,804091
ouvrages de grès,1,non,,804091
ouvrages de jais,11,non,,804091
ouvrages de jaspe,17,non,,804091
ouvrages de jonc,108,non,,804091
ouvrages de jonc et de paille,2,non,,804091
ouvrages de jonc et sparterie,2,non,,804091
ouvrages de jouets en malles,1,non,,804091
ouvrages de laine,3,non,,804091
ouvrages de laine et soie,1,non,,804091
ouvrages de laiton,129,non,,804091
ouvrages de liège,11,non,,804091
ouvrages de linge,6,non,,804091
ouvrages de mandrier,59,non,,804091
ouvrages de marbre,422,non,,804091
ouvrages de marbre à jouer,2,non,,804091
ouvrages de marbre et cuivre doré,2,non,,804091
ouvrages de marbre et ouvrages d'albâtre,29,non,,804091
ouvrages de marqueterie,1,non,,804091
ouvrages de mécanique,11,non,,804091
ouvrages de menuiserie,4,non,,804091
ouvrages de menuiserie simple,62,non,,804091
ouvrages de menuisier,2,non,,804091
ouvrages de métal,2,non,,804091
ouvrages de métal frappé et moulu,14,non,,804091
ouvrages de mi soie,1,non,,804091
ouvrages de mode et porcelaine,1,non,,804091
ouvrages de modes,402,non,,804091
ouvrages de paille,8,non,,804091
ouvrages de paille pour chapeaux,3,non,,804091
ouvrages de palme,4,non,,804091
ouvrages de papeterie,1,non,,804091
ouvrages de pâte,1,non,,804091
ouvrages de peau,52,oui,,804091
ouvrages de peaux,3,oui,,804091
ouvrages de peaux d'oigneaux,1,oui,,804091
ouvrages de peaux de daim,1,oui,,804091
ouvrages de peaux diverses,1,oui,,804091
ouvrages de peaux outres pleines,2,oui,,804091
ouvrages de physique,1,non,,804091
ouvrages de pierre,15,non,,804091
ouvrages de pierre autre que chiques,2,non,,804091
ouvrages de pierres de jais,1,non,,804091
ouvrages de pierres de jayet,1,non,,804091
ouvrages de plâtre,10,non,,804091
ouvrages de plâtre en figure,119,non,,804091
ouvrages de plomb,65,non,,804091
ouvrages de plumes,15,non,,804091
ouvrages de plumes d'autruche,14,non,,804091
ouvrages de poterie,2,non,,804091
ouvrages de potin,1,non,,804091
ouvrages de sapin,1,non,,804091
ouvrages de sellier de toutes sortes,130,non,,804091
ouvrages de serrurerie,68,non,,804091
ouvrages de serrurerie de fer,66,non,,804091
ouvrages de serrurerie en ressorts de voiture,1,oui,,804091
ouvrages de soie,81,non,,804091
ouvrages de soie et dorure,3,non,,804091
ouvrages de soulier couverts en étoffe de soie pour femme,4,non,,804091
ouvrages de Spa,2,non,,804091
ouvrages de Spa en bois verni,110,non,,804091
ouvrages de sparterie,44,non,,804091
ouvrages de sparterie commune cordage de jonc paille roseaux et écorce de bois,10,non,,804091
ouvrages de sparterie commune et cordage de jonc ...,20,non,,804091
ouvrages de tabac,17,non,,804091
ouvrages de tabletterie,101,non,,804091
ouvrages de taillandier,6,non,,804091
ouvrages de terre,1,non,,804091
ouvrages de terre cuite,220,non,,804091
ouvrages de terre cuite et porcelaine,2,non,,804091
ouvrages de terre en postures,5,non,,804091
ouvrages de terre vernie,2,non,,804091
ouvrages de toile,18,non,,804091
ouvrages de toile pour linge de table,1,non,,804091
ouvrages de tôle,1,non,,804091
ouvrages de tonnelier,56,non,,804091
ouvrages de tonnelier en feuilles,1,non,,804091
ouvrages de tonnellerie,6,non,,804091
ouvrages de tourneur,39,non,,804091
ouvrages de vannerie de bois et d'osier,19,non,,804091
ouvrages de verre,11,non,,804091
ouvrages de verre en ???,4,non,,804091
ouvrages de verre en bossage,1,non,,804091
ouvrages de verre en rassades,9,non,,804091
ouvrages de verres,21,non,,804091
ouvrages de zinc,2,non,,804091
ouvrages devant,0,non,,804091
ouvrages divers,340,non,,804091
ouvrages divers d'étain,3,non,,804091
ouvrages divers en pierre,3,non,,804091
ouvrages dorés,1,non,,804091
ouvrages dorés argentés et plaqués,20,non,,804091
ouvrages dorure fausse,58,non,,804091
ouvrages en argenture et dorure,1,non,,804091
ouvrages en brique vernissée,1,non,,804091
ouvrages en cheveux,2,non,,804091
ouvrages en cuivre plaqué doré et argenté,38,non,,804091
ouvrages en dorure,5,non,,804091
ouvrages en dorure argent faux,1,non,,804091
ouvrages en dorure fil d'argent,1,non,,804091
ouvrages en dorure fine,34,non,,804091
ouvrages en dorure fine et galon or et argent,1,non,,804091
ouvrages en dorure sur soie,1,non,,804091
ouvrages en esparballe,1,non,,804091
ouvrages en fleurs artificielles,47,non,,804091
ouvrages en futaillerie et de Saint-Claude,1,non,,804091
ouvrages en harnais et sellerie,33,non,,804091
ouvrages en ivoire et écaille,2,non,,804091
ouvrages en lames à couvrir,1,non,,804091
ouvrages en marbre,4,non,,804091
ouvrages en métal,1,non,,804091
ouvrages en métal et fer,1,non,,804091
ouvrages en métaux communs argentés dorés plaqués vernissés,4,non,,804091
ouvrages en métaux communs plaqués,2,non,,804091
ouvrages en nacre de perle,1,non,,804091
ouvrages en nattes de bois,0,non,,804091
ouvrages en nattes de Moscovie,0,non,,804091
ouvrages en passementerie ordinaire,13,oui,milieu de gamme,43973
ouvrages en pierres,8,non,,804091
ouvrages en poil autres que le tissu,2,non,,804091
ouvrages en terre cuite,86,oui,,804091
ouvrages en tôle vernie,4,non,,804091
ouvrages et ornements pour une église,1,non,,804091
ouvrages et outils d'horlogerie,67,non,,804091
ouvrages pantoufles,2,non,,804091
ouvrages riches et divers,2,oui,,804091
ouvrages tricotés pour vestes camisoles et culottes,120,non,,804091
oxyde d'étain et de fer,4,non,,804091
oxyde de cuivre,1,non,,804091
oxyde de manganèse,2,non,,804091
oxyde de plomb,0,non,,804091
oxyde de zinc blanc,1,non,,804091
oxyde de zinc blanc ou gris,2,non,,804091
oxyde de zinc gris cendré,40,non,,804091
P ???,1,non,,804091
packlaeken,15,non,,804091
packlaeken blanc,6,non,,804091
packlaeken teint,4,non,,804091
pacotille,20,non,,804091
padoux,30,non,,804091
padoux de fil,17,non,milieu de gamme,43973
padoux de fleuret et soie,1,non,,804091
padoux de laine,1,non,,804091
paesures,1,non,,804091
pagas,1,non,,804091
pagne,11,non,,804091
paillasses,1,non,,804091
paillassons et tapis de sol,41,non,,804091
paille,250,non,,804091
paille d'herbes,2,non,,804091
paille de foin,1,non,,804091
paille de lin,5,non,,804091
paille dite chaume à couvrir toits,2,non,,804091
paille et herbes de pâturage,3,non,,804091
paille hachée,60,non,,804091
paille pour chaise,3,non,,804091
paillers d'espars,4,non,,804091
pailles de bois,1,non,,804091
paillettes,1,non,,804091
paillettes d' ???,1,oui,,804091
paillettes d'argent,1,non,,804091
paillettes d'or,3,non,,804091
paillettes d'or fin et paillous d'or fin,2,non,,804091
pain,109,non,,804091
pain ?,1,non,,804091
pain à cacheter,31,non,,804091
pain à castille,2,non,,804091
pain d'épice,287,non,,804091
pain d'épice et pâtisserie,2,non,,804091
pain de cire blanche,2,non,,804091
pain de colza et de lin et de navette,1,non,,804091
pain de graine de lin,3,non,,804091
pain de graine de lin et de navette,2,non,,804091
pain de navette,288,non,,804091
pain de navette en poudre,95,non,,804091
pain de navette et de lin pour engrais,1,non,,804091
pains d'engrais,1,non,,804091
pains de graine grasse,6,non,,804091
paires de poulets,1,oui,,804091
palangre,11,non,,804091
palatine,23,non,,804091
palatine avec argent,1,non,,804091
palatine de chenille,1,non,,804091
palatine de peau de grèbe,1,non,,804091
palatine de soie,7,non,,804091
palatine et coiffures de gaze,1,non,,804091
palenas,1,non,,804091
paliacates,3,non,,804091
palins,2,non,,804091
palme,19,non,,804091
palme en feuilles,80,non,,804091
palme pour balais,1,non,,804091
palun,12,non,,804091
panade,1,non,,804091
panetons,2,non,,804091
paniers,8,non,,804091
paniers à chauffer,1,non,,804091
paniers à couvrir de terre cuite,1,non,,804091
paniers à ouvrages,1,non,,804091
paniers d'espars,1,non,,804091
paniers d'habit,5,non,,804091
paniers d'habit de crin,1,non,,804091
paniers d'olives,1,non,,804091
paniers d'orseille,1,non,,804091
paniers d'oseille,1,non,,804091
paniers d'osier,101,non,,804091
paniers d'osier petit,1,non,,804091
paniers de caudré,1,non,,804091
paniers de coudre,7,non,,804091
paniers de cuivre,1,non,,804091
paniers de femme,4,non,,804091
paniers de fer,1,non,,804091
paniers de foudre,1,non,,804091
paniers de jonc,2,non,,804091
paniers de vannier,2,non,,804091
paniers pour femme,2,non,,804091
panine,17,non,,804091
panine de soie,30,non,milieu de gamme,43973
panis à cachette,2,non,,804091
panne,124,non,milieu de gamme,43973
panne à couvrir,4,non,,804091
panne ciselée,2,non,,804091
panne d'Amiens,8,non,,804091
panne de coton,1,non,,804091
panne de fil et de laine,2,non,,804091
panne de laine,33,non,milieu de gamme,43973
panne de laine et de long poil,1,non,,804091
panne de laine et de poil,4,non,,804091
panne de laine et peluches de laine,0,non,,804091
panne de laine ficelée,1,non,,804091
panne de poil,38,non,milieu de gamme,43973
panne de poil longue,1,non,,804091
panne de soie,95,non,bas de gamme,18109
panne de velours,1,non,,804091
panne de velours sur soie,2,non,,804091
panne des prises,2,non,,804091
panne écarlate,5,non,,804091
panne en poil,5,non,,804091
panne imprimée,2,non,,804091
panne laine et poil,2,non,,804091
panne ordinaire,7,non,,804091
panne poil,1,non,,804091
panne rouge,1,non,,804091
"panne, peluches et tripe",234,non,,804091
panneau et carreaux rouges à paver,1,oui,,804091
panneaux,16,non,,804091
panneaux de bois,1,non,,804091
panneaux et carreaux rouges à paver,1,non,,804091
pans à couvrir de terre cuite,3,non,,804091
pantalons,1,non,,804091
pantalons de soie,1,non,,804091
pantoufles,6,non,,804091
pantoufles brodées,2,non,,804091
pantoufles brodées pour femme,1,non,,804091
pantoufles de cuir,2,non,,804091
pantoufles de cuir et de maroquin,4,non,,804091
paons,6,non,,804091
papelias,1,non,,804091
papeterie,5,oui,,804091
papeterie de toutes sortes,5,oui,,804091
papier,2197,non,,804091
papier ???,5,non,,804091
papier à bulle,18,non,,804091
papier à bulle blanc,52,non,,804091
papier à bulle gros,2,non,,804091
papier à cartes,1,non,,804091
papier à cartouche,2,non,,804091
papier à connaissements,1,non,,804091
papier à doublage,9,non,,804091
papier à doublage et peint,3,non,,804091
papier à écrire,713,non,,804091
papier à écrire bleu gris,11,non,,804091
papier à écrire commun,1,non,,804091
papier à écrire toute espèce,5,non,,804091
papier à écu fin,2,non,,804091
papier à enveloppe,12,non,,804091
papier à enveloppe à pâte de couleur,5,non,,804091
papier à envelopper,1,non,,804091
papier à états,1,non,,804091
papier à éventail,16,non,,804091
papier à facture,3,non,,804091
papier à faire carte,4,non,,804091
papier à feites,1,non,,804091
papier à friser,1,non,,804091
papier à gargousse,1,non,,804091
papier à grand compte,2,non,,804091
papier à image,4,non,,804091
papier à impression,9,non,,804091
papier à imprimer,16,non,,804091
papier à imprimer et à faire carte,70,non,,804091
papier à l'eau,9,non,,804091
papier à l'eau commun,2,non,,804091
papier à l'eau fin,3,non,,804091
papier à l'école,1,non,,804091
papier à l'écu,39,non,,804091
papier à l'écu fin,21,non,,804091
papier à l'étoile,41,non,,804091
papier à l'étoile commun,6,non,,804091
papier à l'étoile fin,15,non,,804091
papier à la cloche,11,non,,804091
papier à la noblesse,1,non,,804091
papier à la piperie,2,non,,804091
papier à lettre,58,non,,804091
papier à lettres de Hollande,1,non,,804091
papier à litière,1,non,,804091
papier à meubler,128,non,,804091
papier à ministre,1,non,,804091
papier à musique,3,non,,804091
papier à paqueter grand format,3,non,,804091
papier à paqueter petit format,3,non,,804091
papier à plan,4,non,,804091
papier à pliage,2,non,,804091
papier à sucre,40,non,,804091
papier à tapisserie,3,non,,804091
papier à toile,1,non,,804091
papier argenté et doré,6,non,,804091
papier aux armes,20,non,,804091
papier bâtard,128,non,,804091
papier bâtard blanc,1,non,,804091
papier bâtard fin,96,non,,804091
papier blanc,1387,non,,804091
papier blanc à écrire,141,non,,804091
papier blanc à enveloppe,3,non,,804091
papier blanc et peint,1,non,,804091
papier blanc Galmes,0,non,,804091
papier blanc ou rayé pour musique,3,non,,804091
papier blanc petit format,3,non,,804091
papier blanc rainé,1,non,,804091
papier bleu,88,non,,804091
papier bleu à couvrir,81,non,,804091
papier bleu de Hollande,1,non,,804091
papier bleu et gris,1,non,,804091
papier bleu et gris à enveloppes,2,non,,804091
papier bleu petit format,3,non,,804091
papier bouet,1,non,,804091
papier brodé à figures de soie,2,non,,804091
papier brouillard,8,non,,804091
papier brun,2,non,,804091
papier bulle,2,non,,804091
papier bulle blanc,23,non,,804091
papier bulle blanche,2,non,,804091
papier bulle gros,1,non,,804091
papier buvard,4,non,,804091
papier buvard fin,4,non,,804091
papier carré,4,non,,804091
papier cartier,6,non,,804091
papier cire à cacheter,5,non,,804091
papier collé,2,non,,804091
papier colombier,1,non,,804091
papier colorié en rames,2,non,,804091
papier colorié en rames pour reliures,4,non,,804091
papier commun,140,non,,804091
papier commun et à enveloppe,4,non,,804091
papier cornet,2,non,,804091
papier cornet et petit,1,non,,804091
papier corue,5,non,,804091
papier couronne,1,non,,804091
papier cru fin,3,non,,804091
papier d'emballage,63,non,,804091
papier d'emballage gris,49,non,,804091
papier d'enveloppe,8,oui,,804091
papier d'enveloppe à pâte de couleur,5,oui,,804091
papier d'estrasse,41,non,,804091
papier d'estrasse gris,1,non,,804091
papier d'étoupe,1,non,,804091
papier de,1,non,,804091
papier de Charente,4,non,,804091
papier de Chine,2,non,,804091
papier de couleur,3,non,,804091
papier de couleur et peint,46,non,,804091
papier de Gênes,2,non,,804091
papier de Gênes commun,6,non,,804091
papier de Gênes fin,128,non,,804091
papier de Gênes fin et petit,1,non,,804091
papier de Gênes peint,1,non,,804091
papier de Gênes petit,4,non,,804091
papier de Hollande,25,non,,804091
papier de Lamballe,7,non,,804091
papier de marquis,1,non,,804091
papier de matique,1,non,,804091
papier de musique,66,non,,804091
papier de pliage,53,non,,804091
papier de poste,11,non,,804091
papier de raisin,11,non,,804091
papier de soie,4,non,,804091
papier de tapisserie,13,non,,804091
papier des Indes,1,non,,804091
papier dessiné,1,non,,804091
papier divers ordre,2,non,,804091
papier doré,32,non,,804091
papier doré et fleuragé et marbré,74,non,,804091
papier doré et marbré,2,non,,804091
papier double lys,6,non,,804091
papier drapé,1,non,,804091
papier en balle,2,non,,804091
papier en livres,5,non,,804091
papier en planches,1,non,,804091
papier estrasse,4,non,,804091
papier et bois d'éventail,1,non,,804091
papier étoile,1,non,,804091
papier étoile fin,3,non,,804091
papier fin,10,non,,804091
papier fleuragé et doré,12,non,,804091
papier gaufré,6,non,,804091
papier grand carnet,0,non,,804091
papier grand compte,2,non,,804091
papier grand cornet,2,non,,804091
papier grand éléphant,1,non,,804091
papier grand format,2,non,,804091
papier grand raisin,1,non,,804091
papier grandes rames,5,non,,804091
papier gris,180,non,,804091
papier gris cassé,1,non,,804091
papier grossier,15,non,,804091
papier impérial,2,non,,804091
papier intissé,1,non,,804091
papier jaune fin,1,non,,804091
papier jésier,1,non,,804091
papier lombard,6,non,,804091
papier marbré,5,non,,804091
papier marbré et à meubler,14,non,,804091
papier métallisé,3,non,,804091
papier montage,1,non,,804091
papier musique gravé,12,non,,804091
papier noir,9,non,,804091
papier pâte fine,1,non,,804091
papier peint,392,non,,804091
papier peint à tapisserie,6,non,,804091
papier peint de Chine,1,non,,804091
papier peint en rouleau,2,non,,804091
papier peint en rouleau pour teinture,5,non,,804091
papier peint et à meubler,45,non,,804091
papier peint et à tapisserie,6,non,,804091
papier peint et de foulards,2,non,,804091
papier peint pour teinture,2,non,,804091
papier petit,2,non,,804091
papier petit fin,1,non,,804091
papier petit pot,1,non,,804091
papier pliage,7,non,,804091
papier point,6,non,,804091
papier pot,2,non,,804091
papier pot fin,2,non,,804091
papier pour éventails,5,non,,804091
papier pour polir le bois et les métaux,1,non,,804091
papier pour tapisserie,2,non,,804091
papier pour tenture,192,non,,804091
papier raisin,1,non,,804091
papier registres blancs,1,non,,804091
papier roux,1,non,,804091
papier royal,3,non,,804091
papier tellière,2,non,,804091
papier tontisse,9,non,,804091
papier velin,1,non,,804091
papier violet,79,non,,804091
papillons,1,non,,804091
papillons secs,1,non,,804091
paquets,0,non,,804091
paquets de feuillards,1,oui,,804091
parapluies,187,non,,804091
parapluies autres et caracasse,2,non,,804091
parapluies caracasse de,2,non,,804091
parapluies communs,7,non,,804091
parapluies de soie,13,non,,804091
parapluies de taffetas,5,non,,804091
parapluies de toile,8,non,,804091
parapluies de toile cirée,7,non,,804091
parapluies et parasols,318,non,,804091
parasols,342,non,,804091
parasols de coutil,1,non,,804091
parasols de peau,1,non,,804091
parasols de soie,71,non,,804091
parasols de taffetas,8,non,,804091
parasols de toile cirée,1,non,,804091
paravent,29,non,,804091
paravent de la Chine,2,non,,804091
paravent peint,2,non,,804091
paravent vernis,1,non,,804091
parchemin achevé,2,non,,804091
parchemin de mouton,1,non,,804091
parchemin et vélin achevés,2,non,,804091
parchemin et vélin bruts,2,non,,804091
parchemins,335,non,,804091
parchemins caficule,1,non,,804091
parchemins en feuilles,1,non,,804091
parchemins neufs,112,non,,804091
parchemins vieux,79,non,,804091
pareira brava,19,non,,804091
parement,1,non,,804091
parfum,2,non,,804091
parfumerie,851,non,,804091
parfumerie à la valeur,1,oui,,804091
parfumerie diverse,5,oui,,804091
parfumerie eau de senteur,70,non,,804091
parfumerie en essence,5,non,,804091
parfumerie en pommade et poudre,4,non,,804091
parfumerie et eau spiritueuse,16,non,,804091
parfumerie et gants de peau,101,non,,804091
parfumerie huile et essence,72,non,,804091
parfumerie mêlée de bois odorant ambre gris musc eau de senteur essence et huile odorante encens myrrhe poudre et pommade,13,non,,804091
parfumerie musc,3,non,,804091
parfumerie pommade,130,non,,804091
parfumerie poudre à poudrer,54,non,,804091
parfumerie poudre d'odeur,4,non,,804091
parfumerie rouge,4,non,,804091
pariera,2,non,,804091
parrancens,1,non,,804091
parse,1,non,,804091
particuliers,2,oui,,804091
particuliers français,1,non,,804091
parun,3,non,,804091
passager anglais,1,oui,,804091
passager domestique,1,oui,,804091
passager fils du capitaine,1,oui,,804091
passager homme,2,oui,,804091
passager marin disgrâcié,1,oui,,804091
passager matelot,5,oui,,804091
passager matelot disgrâcié,1,oui,,804091
passager Moulha Cassen,1,oui,,804091
passagers,6762,non,,804091
passagers algériens,1,non,,804091
passagers anglais,1,non,,804091
passagers anglais prisonniers,1,non,,804091
passagers disgrâciés,1,non,,804091
passagers domestique,1,non,,804091
passagers équipage disgrâciés des vaissieaux du Roi,2,non,,804091
passagers esclaves corses rachetés,1,non,,804091
passagers fils du capitaine,1,non,,804091
passagers français,1,non,,804091
passagers homme,2,non,,804091
passagers marin disgrâcié,1,non,,804091
passagers marins,1,non,,804091
passagers marins disgrâciés,3,non,,804091
passagers marins disgrâciés des vaisseaux du Roi,1,non,,804091
passagers matelot,5,non,,804091
passagers matelot disgrâcié,1,non,,804091
passagers militaires,2,non,,804091
passagers Moulha Cassen,1,non,,804091
passagers prisonniers français,1,non,,804091
passagers soldats,1,non,,804091
passagers turcs,1,non,,804091
passementerie,297,non,milieu de gamme,43973
passementerie argent faux,1,non,,804091
passementerie bise écrue ou herbée,1,non,,804091
passementerie blanche ou mêlée de blanc,1,non,,804091
passementerie d'argent,1,non,,804091
passementerie d'argent et d'or faux et de soie,1,non,,804091
passementerie d'argent et de soie,1,non,,804091
passementerie d'or,3,non,,804091
passementerie d'or et d'argent,11,non,,804091
passementerie d'or et de soie,1,non,,804091
passementerie de chanvre de fil bis écru herbé et de lin,3,non,,804091
passementerie de chanvre de fil blanc et mélangé de blanc et de lin,3,non,,804091
passementerie de chanvre de fil teint en tout et en partie et de lin,2,non,,804091
passementerie de chanvre de laine blanche et de lin,2,non,,804091
passementerie de chanvre de laine écrue et de lin,2,non,,804091
passementerie de chanvre de laine teinte et de lin,2,non,,804091
passementerie de coton,5,non,,804091
passementerie de coton et ruban de coton,2,non,,804091
passementerie de crin,5,non,,804091
passementerie de fil,1,non,,804091
passementerie de fil de chanvre ou de lin bis écru herbé ou mélangé,2,non,,804091
passementerie de fil de chanvre ou de lin bis écru ou herbé,2,non,,804091
passementerie de fil de chanvre ou de lin teint en tout ou partie,2,non,,804091
passementerie de fil de soie et galon,1,non,,804091
passementerie de fil en filoselle,3,non,,804091
passementerie de fil et coton,10,non,,804091
passementerie de fil et laine,65,non,,804091
passementerie de fil et soie,5,non,,804091
passementerie de fil laine et poil,1,non,,804091
passementerie de filoselle,1,non,,804091
passementerie de fleuret,1,non,,804091
passementerie de fleuret et ruban de fleuret,4,non,,804091
passementerie de laine,121,non,,804091
passementerie de laine blanche écrue pure,2,non,,804091
passementerie de laine écrue pure,2,non,,804091
passementerie de laine mêlée de fil,1,non,,804091
passementerie de laine mêlée de fil laine et poil,2,non,,804091
passementerie de laine ou sayette,7,non,,804091
passementerie de laine pure teinte,4,non,,804091
passementerie de poil de chèvre,50,non,,804091
passementerie de soie,144,non,milieu de gamme,43973
passementerie de soie d'argent ou d'or faux,2,non,,804091
passementerie de soie d'argent ou d'or fin,2,non,,804091
passementerie de soie et laine,10,non,,804091
passementerie de soie mêlée,1,non,,804091
passementerie de soie pure,7,non,,804091
passementerie divers,75,non,,804091
passementerie en frange de fil,3,non,,804091
passementerie en soie,1,oui,,804091
passementerie et ruban de fleuret,2,non,,804091
passementerie et ruban de laine mêlée de fil,1,non,,804091
passementerie et ruban de laine teinte,2,non,,804091
passementerie et ruban de soie pure,2,non,,804091
passementerie fine en filets d'or,1,non,,804091
passementerie fine en velours,2,non,,804091
passementerie mêlé de soie,10,non,,804091
passementerie mêlée d'argent d'or et de soie,3,non,,804091
passementerie mêlée d'argent d'or faux et fin et de soie,2,non,,804091
passementerie mêlée d'argent ou d'or faux ou fin,1,non,,804091
passementerie mêlées d'autres matières que d'argent ou d'or,2,non,,804091
passementerie ordinaire,55,non,milieu de gamme,43973
passementerie teinte en tout ou partie,1,non,,804091
passepierre,8,non,,804091
passepoil de laine,1,non,,804091
passes,5,non,,804091
passetatons de cordonnier,1,non,,804091
pastel,100,non,,804091
pastel à teindre,0,non,,804091
pastel romain,1,non,,804091
pastèques,3,non,,804091
pastilles,14,non,,804091
pastilles odoriférantes à brûler,1,non,,804091
pastilles odoriférantes du sérail,1,non,,804091
pataques,9,non,,804091
patates,31,oui,,804091
pâte,30,non,,804091
pâte à fruits,2,non,,804091
pâte à papier,7,non,,804091
pâte d'amade,2,non,,804091
pâte d'amandes,160,non,,804091
pâte d'asperges,5,non,,804091
pâte d'Italie,9,non,,804091
pâte d'Italie et autres granulés,3,non,,804091
pâte d'Italie et vermicelle,76,non,,804091
pâte d'Italie macaroni et vermicelle,4,non,,804091
pâte d'Italie sagou,2,non,,804091
pâte d'Italie semoule,5,non,,804091
pâte d'Italie vermicelle macaroni,3,non,,804091
pâte d'orgeat,1,non,,804091
pâte d'orgeat et sirop d'orgeat,1,non,,804091
pâte de cacao,7,non,,804091
pâte de guimauve,12,non,,804091
pâte de pastel,3,non,,804091
pâte de savon,1,non,,804091
pâte de térébenthine,5,non,,804091
pâté de viande,1,non,,804091
pâte et savon liquide,2,non,,804091
pâte et tablette de guimauve,2,non,,804091
pâte granulée,2,non,,804091
pâte italienne,1,non,,804091
pâte macaroni,1,non,,804091
pâte ou vermicelle,2,non,,804091
pâte ou vieux chiffons,1,oui,,804091
pâte sagou,3,non,,804091
pâte semoule,3,non,,804091
patenas,3,non,,804091
patenottes,2,non,,804091
pâtés,6,non,,804091
pâtés de canard,1,non,,804091
pâtés de chèvre et autre,3,non,,804091
patine,2,non,,804091
patins,9,non,,804091
patins ?,1,non,,804091
patins à glisser,1,non,,804091
patins de bois,6,non,,804091
patins pour femme,2,non,,804091
pâtisserie,144,non,,804091
patissoye broché,2,non,,804091
patissoye uni,1,non,,804091
patte d'oie,1,non,,804091
pattedrille,1,non,,804091
patterie,10,non,,804091
pattes d'ancre,7,non,,804091
pattes ou vieux chiffons,9,non,,804091
paturage en gland de Chine,1,non,,804091
paume,1,non,,804091
paumelle,13,non,,804091
paumelle germée,5,non,,804091
paumelle pour voile,1,non,,804091
pauvre noir,1,non,,804091
pavé,13,non,,804091
pavé pour sol,1,non,,804091
pavillon de toile,1,non,,804091
pavots,4,non,,804091
peaux,260,non,,804091
peaux ???,10,non,,804091
peaux à faire tambours,1,non,,804091
peaux à fleurs et de mouton,1,non,,804091
peaux à l'exergue de veaux,2,non,,804091
peaux à la valeur,4,non,,804091
peaux à panches,1,non,,804091
peaux à poil de veau,134,non,,804091
peaux à poil de veau sèches,3,non,,804091
peaux apprêtée d'orignal,5,non,,804091
peaux apprêtée de buffle,1,non,,804091
peaux apprêtée de veau,2,non,,804091
peaux apprêtées,128,non,,804091
peaux apprêtées d'agneau,37,non,,804091
peaux apprêtées d'agneau et de chevreau,2,non,,804091
peaux apprêtées d'élan,1,non,,804091
peaux apprêtées d'hermine et de martre,44,non,,804091
peaux apprêtées d'ours,10,non,,804091
peaux apprêtées de ???,1,non,,804091
peaux apprêtées de bouc,15,non,,804091
peaux apprêtées de bouc et de chèvre,85,non,,804091
peaux apprêtées de buffle,1,non,,804091
peaux apprêtées de castor,7,non,,804091
peaux apprêtées de cerf,11,non,,804091
peaux apprêtées de cerf et de daim,67,non,,804091
peaux apprêtées de chamois,9,non,,804091
peaux apprêtées de chat,2,non,,804091
peaux apprêtées de cheval,2,non,,804091
peaux apprêtées de chèvre,185,non,,804091
peaux apprêtées de chèvre et chevreau,2,non,,804091
peaux apprêtées de chevreau,10,non,,804091
peaux apprêtées de chevreuil,12,non,,804091
peaux apprêtées de chien de mer,8,non,,804091
peaux apprêtées de daim,14,non,,804091
peaux apprêtées de lapin,5,non,,804091
peaux apprêtées de lapin et de lièvre,4,non,,804091
peaux apprêtées de lièvre,2,non,,804091
peaux apprêtées de lièvre et lapin,80,non,,804091
peaux apprêtées de loup,2,non,,804091
peaux apprêtées de loup cervier,1,non,,804091
peaux apprêtées de loup et d'ours et de tigre,53,non,,804091
peaux apprêtées de marmotte,1,non,,804091
peaux apprêtées de maroquin,16,non,,804091
peaux apprêtées de maroquins,16,oui,,804091
peaux apprêtées de mouton,667,non,,804091
peaux apprêtées de mouton en couleur,49,non,,804091
peaux apprêtées de mouton en mesquis,10,non,,804091
peaux apprêtées de mouton et d'agneau,2,non,,804091
peaux apprêtées de petit gris,2,non,,804091
peaux apprêtées de phoque éjarrées,2,non,,804091
peaux apprêtées de renard,5,non,,804091
peaux apprêtées de roussette,1,non,,804091
peaux apprêtées de sauvagines,4,non,,804091
peaux apprêtées de vache,4,non,,804091
peaux apprêtées de veau,146,non,,804091
peaux apprêtées de veau en buffle,2,non,,804091
peaux apprêtées de veau en chamois,67,non,,804091
peaux apprêtées de veau marin,1,non,,804091
peaux apprêtées de veau pour cuir doré,10,non,,804091
peaux apprêtées en couleurs et de veau,126,non,,804091
peaux apprêtées en maroquin et de veau,3,non,,804091
peaux apprêtées en maroquins et de veau,3,oui,,804091
peaux apprêtées et brutes,65,non,,804091
peaux apprêtées passées en maroquin,1,non,,804091
peaux apprêtées passées en maroquins,1,oui,,804091
peaux basanées de mouton,4,non,,804091
peaux blanches,48,non,,804091
peaux blanches apprêtées,1,non,,804091
peaux blanches de mouton,11,non,,804091
peaux blanches de veaux,1,non,,804091
peaux blanches ou grises de mouton,47,non,,804091
peaux bronzées,4,non,,804091
peaux bronzées de veau,20,non,,804091
peaux brourées de veau,1,non,,804091
peaux chamoisées de daim,1,non,,804091
peaux chamoisées ou mégies,4,non,,804091
peaux chamoisées ou mégissées,1,non,,804091
peaux communes,1,non,,804091
peaux communes crûes,4,non,,804091
peaux communes de mouton,1,non,,804091
peaux corroyées,2,non,,804091
peaux corroyées de chèvre,2,non,,804091
peaux corroyées de daim,1,non,,804091
peaux corroyées de maroquin,1,non,,804091
peaux corroyées de mouton,3,non,,804091
peaux corroyées de vache,2,non,,804091
peaux corroyées de veau,715,non,,804091
peaux corroyées en noir de veau,3,non,,804091
peaux corroyées en poil et de veau,3,non,,804091
peaux corroyées et tannées,1,non,,804091
peaux corroyées et tannées de veau,3,non,,804091
peaux corroyées ou tannées,5,non,,804091
peaux crue d'ours,1,non,,804091
peaux crues,9,non,,804091
peaux crues d'agneau,114,non,,804091
peaux crues d'agneau et de chevreau,1,non,,804091
peaux crues d'agneau ordinaires,1,non,,804091
peaux crues d'âne,3,non,,804091
peaux crues d'élan,1,non,,804091
peaux crues d'ours,2,non,,804091
peaux crues de bouc,12,non,,804091
peaux crues de bouc et de chèvre,110,non,,804091
peaux crues de brebis,1,non,,804091
peaux crues de brebis et de mouton,98,non,,804091
peaux crues de castor,1,non,,804091
peaux crues de cerf,4,non,,804091
peaux crues de cerf et de daim,63,non,,804091
peaux crues de chamois,1,non,,804091
peaux crues de chat,3,non,,804091
peaux crues de chèvre,10,non,,804091
peaux crues de chèvre en poil,425,non,,804091
peaux crues de chèvre et de mouton et de veau,56,non,,804091
peaux crues de chevreau,8,non,,804091
peaux crues de chevreuil,1,non,,804091
peaux crues de daim en poil,3,non,,804091
peaux crues de daim en vert,1,non,,804091
peaux crues de lapin,1,non,,804091
peaux crues de lapin et de lièvre,2,non,,804091
peaux crues de lièvre,3,non,,804091
peaux crues de lièvre et lapin,120,non,,804091
peaux crues de lièvres,4,non,,804091
peaux crues de loup cervier,1,non,,804091
peaux crues de loup marin,2,non,,804091
peaux crues de marmotte,1,non,,804091
peaux crues de mouton,9,non,,804091
peaux crues de phoque,4,non,,804091
peaux crues de porcs,1,non,,804091
peaux crues de renard de loutre de fouine etc.,41,non,,804091
peaux crues de tigre,1,non,,804091
peaux crues de veau,5,non,,804091
peaux crues fraîches de chien de mer,1,non,,804091
peaux crues fraîches grandes,5,non,,804091
peaux crues fraîches petites,7,non,,804091
peaux crues grandes fraîches,3,non,,804091
peaux crues grandes sèches,8,non,,804091
peaux crues petites d'agneau et de chevreaux,2,non,,804091
peaux crues petites de chien de mer et requin,2,non,,804091
peaux crues petites sèches,9,non,,804091
peaux crues sèches de chien de mer,4,non,,804091
peaux d'agneau,387,non,,804091
peaux d'agneau en chamois,1,non,,804091
peaux d'agneau en couleur,1,non,,804091
peaux d'agneau en laine,153,non,,804091
peaux d'agneau en mégie,1,non,,804091
peaux d'agneau en mesquis,1,non,,804091
peaux d'agneau en poil,5,non,,804091
peaux d'agneau en tripe,2,non,,804091
peaux d'agneau et de chevreau,1,non,,804091
peaux d'agneau et de chevreau en poil,3,non,,804091
peaux d'agneau et de mouton non apprêtées,1,non,,804091
peaux d'agneau et de mouton passées,1,non,,804091
peaux d'agneau lavées,5,non,,804091
peaux d'agneau maroquinées,1,non,,804091
peaux d'agneau ou chevreau apprêtées,55,non,,804091
peaux d'agneau passées,25,non,,804091
peaux d'agneau tannées,1,non,,804091
peaux d'agneau tournées,1,non,,804091
peaux d'agnelin,1,non,,804091
peaux d'Alexandrie,1,non,,804091
peaux d'âne,3,non,,804091
peaux d'angora,2,non,,804091
peaux d'anguille,4,non,,804091
peaux d'anguillerie,1,oui,,804091
peaux d'animaux des Indes,1,non,,804091
peaux d'astrakan,2,non,,804091
peaux d'écureuil,3,non,,804091
peaux d'élan,7,non,,804091
peaux d'élan en parchemin,1,non,,804091
peaux d'hayes,62,non,,804091
peaux d'hermine,75,non,,804091
peaux d'hermine et de martre,13,non,,804091
peaux d'hermine et kulonok,2,non,,804091
peaux d'orignal,146,non,,804091
peaux d'orignal en croûte,1,non,,804091
peaux d'orignal en laine,1,non,,804091
peaux d'ours,513,non,,804091
peaux d'ours apprêtée et crues,1,non,,804091
peaux d'ours crue,2,non,,804091
peaux d'ours en poil,3,non,,804091
peaux d'ours et d'ourson,3,non,,804091
peaux d'ours teintes,1,non,,804091
peaux d'ourson,1,non,,804091
peaux d'outres,1,non,,804091
peaux de Barbarie,2,non,,804091
peaux de Barbarie en poil,1,non,,804091
peaux de Barbarie petites,4,non,,804091
peaux de Barbarie petites en poil,2,non,,804091
peaux de barbe petites,2,non,,804091
peaux de basanes,1,non,,804091
peaux de basanes apprêtées,1,non,,804091
peaux de bervesky chiens écureuils mulots taupes,2,non,,804091
peaux de biche,23,non,,804091
peaux de blaireau,19,non,,804091
peaux de blaireaux et de renard,2,non,,804091
peaux de bœuf,20,non,,804091
peaux de bœuf à faire du poil,1,non,,804091
peaux de bœuf en poil,1,non,,804091
peaux de bœuf passées en buffle,5,non,,804091
peaux de bœuf tannées,2,non,,804091
peaux de bois cerviers et loups,2,non,,804091
peaux de bouc,41,non,,804091
peaux de bouc crues,1,non,,804091
peaux de bouc et chèvre,4,non,,804091
peaux de bouc et de chèvre en poil,1,non,,804091
peaux de bourrique,1,non,,804091
peaux de brebis,4,non,,804091
peaux de brebis en laine,1,non,,804091
peaux de brebis et de mouton,23,non,,804091
peaux de Buenos-Aires en poil,1,non,,804091
peaux de buffle,32,non,,804091
peaux de buffle chamoisées,3,non,,804091
peaux de buffle et de vache passées,2,non,,804091
peaux de buffle passées,2,non,,804091
peaux de cabri,6,non,,804091
peaux de carcajou,4,non,,804091
peaux de carcasson,0,non,,804091
peaux de caribou,1,non,,804091
peaux de castor,178,non,,804091
peaux de castor en poil,1,non,,804091
peaux de castor gras,14,non,,804091
peaux de castor gras et sec,1,non,,804091
peaux de castor rases,1,non,,804091
peaux de castor sec,12,non,,804091
peaux de castorins genette et putois,2,non,,804091
peaux de cazeau,5,non,,804091
peaux de cerf,277,non,,804091
peaux de cerf en croûte,1,non,,804091
peaux de cerf en poil,4,non,,804091
peaux de cerf et chevreuil,26,non,,804091
peaux de cerf et de daim,4,non,,804091
peaux de cerf habillées,1,non,,804091
peaux de cerf passées,2,non,,804091
peaux de chagrin,135,non,,804091
peaux de chagrin et Romagne,5,non,,804091
peaux de chameau,30,non,,804091
peaux de chameau en poil,6,non,,804091
peaux de chameau noires,1,non,,804091
peaux de chameau passées,1,non,,804091
peaux de chamois,495,non,,804091
peaux de chamois en poil,1,non,,804091
peaux de chamois ou de mouton,5,non,,804091
peaux de chamois passées,6,non,,804091
peaux de chat,25,non,,804091
peaux de chat cervier,10,non,,804091
peaux de chat de mer,5,non,,804091
peaux de chat domestique et sauvage,2,non,,804091
peaux de chat putois,6,non,,804091
peaux de chat sauvage,21,non,,804091
peaux de cheval,5,non,,804091
peaux de cheval marin,2,non,,804091
peaux de cheval passées,1,non,,804091
peaux de chèvre,250,non,,804091
peaux de chèvre à poil,11,non,,804091
peaux de chèvre angora en poil,1,non,,804091
peaux de chèvre apprêtées,2,non,,804091
peaux de chèvre corroyées,2,non,,804091
peaux de chèvre corroyées et noires,4,non,,804091
peaux de chèvre crues,5,non,,804091
peaux de chèvre de France en poile,1,non,,804091
peaux de chèvre diverses,2,non,,804091
peaux de chèvre en baudriers,1,non,,804091
peaux de chèvre en chamois,1,non,,804091
peaux de chèvre en mégie,1,non,,804091
peaux de chèvre en poil,3,non,,804091
peaux de chèvre et de mouton,5,non,,804091
peaux de chèvre et veau,1,non,,804091
peaux de chèvre fines,14,non,,804091
peaux de chèvre habillées,1,non,,804091
peaux de chèvre maroquinées,3,non,,804091
peaux de chèvre passées,37,non,,804091
peaux de chèvre tannées,6,non,,804091
peaux de chèvre teintes,1,non,,804091
peaux de chèvre vertes,4,non,,804091
peaux de chevreau,106,non,,804091
peaux de chevreau en poil,27,non,,804091
peaux de chevreau mégissées,2,non,,804091
peaux de chevreau passées,5,non,,804091
peaux de chevreau tannées,1,non,,804091
peaux de chevreau vertes,1,non,,804091
peaux de chevreaux,1,non,,804091
peaux de chevreuil,228,non,,804091
peaux de chevreuil en croûte,2,non,,804091
peaux de chevreuil en parchemin,2,non,,804091
peaux de chevreuil en poil,1,non,,804091
peaux de chevreuil passées,9,non,,804091
peaux de chevron en poil,2,oui,,804091
peaux de chevron passées,1,oui,,804091
peaux de chevrotin,3,non,,804091
peaux de chien,6,non,,804091
peaux de chien d'Écosse,2,non,,804091
peaux de chien de mer,274,non,,804091
peaux de chien de mer passées en noir pour bottines,1,non,,804091
peaux de chinchilla,2,non,,804091
peaux de chinchilla et de fouine,1,non,,804091
peaux de crible,5,non,,804091
peaux de cuir rouge,1,non,,804091
peaux de cygne,41,non,,804091
peaux de cygne apprêtées,1,non,,804091
peaux de cygne et d'oie pour éventails,2,non,,804091
peaux de cygnes lamas martes pékans et vigognes,2,non,,804091
peaux de daim,98,non,,804091
peaux de daim chamoisée,4,non,,804091
peaux de daim passées,7,non,,804091
peaux de fauve,2,non,,804091
peaux de figue écrues,1,non,,804091
peaux de fouine,49,non,,804091
peaux de fouine sèches,1,non,,804091
peaux de génisse,4,non,,804091
peaux de génisse corroyées,17,non,,804091
peaux de grèbe,4,non,,804091
peaux de grèbes marmottes oies et visons,2,non,,804091
peaux de Guinée,1,non,,804091
peaux de hamster,1,non,,804091
peaux de la Louisiane,6,non,,804091
peaux de lapin,256,non,,804091
peaux de lapin en poil,12,non,,804091
peaux de lapin et de lièvre,1,non,,804091
peaux de lapin séchées,2,non,,804091
peaux de léopard,3,non,,804091
peaux de liège,1,non,,804091
peaux de lièvre,496,non,,804091
peaux de lièvre crues,1,non,,804091
peaux de lièvre de moscovie,2,non,,804091
peaux de lièvre en poil,11,non,,804091
peaux de lièvre et de lapin,20,non,,804091
peaux de lièvre et lapin,9,non,,804091
peaux de lièvre sans poil,43,non,,804091
peaux de lion once ours ourson,2,non,,804091
peaux de loup,271,non,,804091
peaux de loup cervier,260,non,,804091
peaux de loup d'ours de tigre de chien de mer etc.,1,non,,804091
peaux de loup de Moscovie,1,non,,804091
peaux de loup des bois,21,non,,804091
peaux de loup du Canada,1,non,,804091
peaux de loup et d'ours et de tigre,86,non,,804091
peaux de loup marin,73,non,,804091
peaux de loutre,46,non,,804091
peaux de loutre en poil,1,non,,804091
peaux de loutre et de renard,5,non,,804091
peaux de marmotte,8,non,,804091
peaux de marmotte et renard,1,non,,804091
peaux de maroquin,670,non,,804091
peaux de maroquin du Levant,1,non,,804091
peaux de maroquin jeunes,1,non,,804091
peaux de maroquin ou vernissées,1,non,,804091
peaux de maroquin rouges,1,non,,804091
peaux de maroquins,629,oui,,804091
peaux de maroquins du Levant,1,oui,,804091
peaux de maroquins jeunes,1,oui,,804091
peaux de martre,417,non,,804091
peaux de martre commune et en pointe,4,non,,804091
peaux de martre du Canada,1,non,,804091
peaux de martre en queues,1,non,,804091
peaux de martre et de loutre,1,non,,804091
peaux de martre passées,1,non,,804091
peaux de martre queues,1,non,,804091
peaux de martre zibeline,5,non,,804091
peaux de moke,2,non,,804091
peaux de mouton,167,non,,804091
peaux de mouton basane,15,non,,804091
peaux de mouton basane chamois mégie,1,non,,804091
peaux de mouton blanc,69,non,,804091
peaux de mouton brossées,1,non,,804091
peaux de mouton chamoisées,5,non,,804091
peaux de mouton de passées,1,non,,804091
peaux de mouton en chamois,127,non,,804091
peaux de mouton en couleur,13,non,,804091
peaux de mouton en couleur et passées,2,non,,804091
peaux de mouton en gris,40,non,,804091
peaux de mouton en laine,385,non,,804091
peaux de mouton en mégie,28,non,,804091
peaux de mouton en noir,1,non,,804091
peaux de mouton en poil,5,non,,804091
peaux de mouton en toison,1,non,,804091
peaux de mouton en tripe,2,non,,804091
peaux de mouton en vert,2,non,,804091
peaux de mouton mégie,4,non,,804091
peaux de mouton passées,276,non,,804091
peaux de mouton passées en blanc,4,non,,804091
peaux de mouton prêtées,1,non,,804091
peaux de mouton rases,1,non,,804091
peaux de mouton sèches,2,non,,804091
peaux de mouton tannées,63,non,,804091
peaux de mouton teintes,8,non,,804091
peaux de panthère,4,non,,804091
peaux de pecan,4,non,,804091
peaux de pécaude,4,non,,804091
peaux de pelisse,1,non,,804091
peaux de petit daim,1,non,,804091
peaux de petit gris,50,non,,804091
peaux de phoque,1,non,,804091
peaux de plongeon,1,non,,804091
peaux de poisson,7,non,,804091
peaux de porcs,1,non,,804091
peaux de préheu,1,non,,804091
peaux de putois,9,non,,804091
peaux de queues de martre,2,non,,804091
peaux de raffinerie,1,non,,804091
peaux de rat,2,non,,804091
peaux de rat musque,2,non,,804091
peaux de raton,1,non,,804091
peaux de renard,205,non,,804091
peaux de renard de Virginie,1,non,,804091
peaux de renard rouge,1,non,,804091
peaux de renard sèche,3,non,,804091
peaux de renne,3,non,,804091
peaux de requin,3,non,,804091
peaux de retour,1,non,,804091
peaux de rose blanche,1,non,,804091
peaux de roussette,23,non,,804091
peaux de roussi,2,non,,804091
peaux de Russie,68,non,,804091
peaux de sanglier,9,non,,804091
peaux de sapin,1,non,,804091
peaux de satois,1,non,,804091
peaux de sauvagine,21,non,,804091
peaux de taupe,3,non,,804091
peaux de tigre,99,non,,804091
peaux de tigre passées,1,non,,804091
peaux de vache,3,non,,804091
peaux de vache de roussi,1,non,,804091
peaux de vache de Russie,1,non,,804091
peaux de vache en poil,2,non,,804091
peaux de vache marine,1,non,,804091
peaux de vachette,1,non,,804091
peaux de vautour,1,non,,804091
peaux de veau,117,non,,804091
peaux de veau à paqueter,2,non,,804091
peaux de veau couleurs,1,non,,804091
peaux de veau dites roussette,3,non,,804091
peaux de veau en basanes,10,non,,804091
peaux de veau en blanc,48,non,,804091
peaux de veau en chamois,9,non,,804091
peaux de veau en croûte,1,non,,804091
peaux de veau en grains,1,non,,804091
peaux de veau en magie,1,non,,804091
peaux de veau en mégie,2,non,,804091
peaux de veau en parchemin,3,non,,804091
peaux de veau en peigne,3,non,,804091
peaux de veau en pieds,1,non,,804091
peaux de veau en poil,538,non,,804091
peaux de veau en vert,5,non,,804091
peaux de veau habillées,1,non,,804091
peaux de veau marin,9,non,,804091
peaux de veau non apprêtées,1,non,,804091
peaux de veau passées,26,non,,804091
peaux de veau passées en huile,1,non,,804091
peaux de veau pour cordonnier,126,non,,804091
peaux de veau sec pour caisse,1,non,,804091
peaux de veau sèches,1,non,,804091
peaux de veau sèches pour caisse,1,non,,804091
peaux de veaux,7,oui,,804091
peaux de vélin,5,non,,804091
peaux de veloux,1,non,,804091
peaux de vison,13,non,,804091
peaux de volacre,1,non,,804091
peaux doublures de petit gris,1,non,,804091
peaux du harnois,1,non,,804091
peaux en ???,1,non,,804091
peaux en basanes,4,non,,804091
peaux en buffle et de cerf,1,non,,804091
peaux en croûte de vache,1,non,,804091
peaux en fourrure,2,non,,804091
peaux en laine,2,non,,804091
peaux en laine tannées,1,non,,804091
peaux en maroquin,2,oui,,804091
peaux en maroquin ou vernissées,1,oui,,804091
peaux en parchemins,26,non,,804091
peaux en poil,9,non,,804091
peaux en poil de Barbarie,2,non,,804091
peaux en poil de renard,3,non,,804091
peaux et pelleterie,620,non,,804091
peaux et pelleterie apprêtées,1,non,,804091
peaux et pelleterie apprêtées et tannées de mouton,4,non,,804091
peaux et pelleterie corroyées et tannées de mouton,0,non,,804091
peaux et pelleterie corroyées et tannées de veau,4,non,,804091
peaux et pelleterie d'agneau,0,non,,804091
peaux et pelleterie d'orignal,0,non,,804091
peaux et pelleterie de bouc,0,non,,804091
peaux et pelleterie de chamois,1,non,,804091
peaux et pelleterie de chat,3,non,,804091
peaux et pelleterie de chèvre,0,non,,804091
peaux et pelleterie de daim,0,non,,804091
peaux et pelleterie de maroquin,4,non,,804091
peaux et pelleterie de maroquins,4,oui,,804091
peaux et pelleterie de mouton,0,non,,804091
peaux et pelleterie de veau,0,non,,804091
peaux et poil,1,non,,804091
peaux étrangères et sauvages,76,non,,804091
peaux fourrure d'écureuil,21,non,,804091
peaux grasses de mouton,2,non,,804091
peaux grasses de veau,1,non,,804091
peaux jaunes,5,non,,804091
peaux marinées de chat,4,non,,804091
peaux maroquinées de mouton,4,non,,804091
peaux maroquinées ou vernissées,2,non,,804091
peaux mégissées,1,non,,804091
peaux musqué de rat,5,non,,804091
peaux non tannées de veau,1,non,,804091
peaux passée,1,non,,804091
peaux pelisse,8,non,,804091
peaux pour emballage,14,non,,804091
peaux pour éventail,2,non,,804091
peaux pour éventails,1,non,,804091
peaux pour gants,2,non,,804091
peaux pour tambour,3,non,,804091
peaux préparées d'agneau et chevreau en confit en poil et en mégie,2,non,,804091
peaux préparées de veaux,1,non,,804091
peaux rases,1,non,,804091
peaux Russie,2,non,,804091
peaux sauvages de castor,5,non,,804091
peaux sauvagines,66,non,,804091
peaux sauvagines en poil,1,non,,804091
peaux sèches,2,non,,804091
peaux sèches de putois,1,non,,804091
peaux sèches en poil de lièvre et lapin,2,non,,804091
peaux tannées,12,non,,804091
peaux tannées de vache,10,non,,804091
peaux tannées de veau,663,non,,804091
peaux tapisserie,1,non,,804091
peaux teintes,2,non,,804091
peaux teintes de veau,8,non,,804091
peaux vertes,1,non,,804091
pêche,66,non,,804091
pêche (sortie),250,non,,804091
pêche à la baleine,6,non,,804091
pêche à la morue,341,non,,804091
pêche à la morue de Terre-Neuve,22,non,,804091
pêche à la morue verte,38,non,,804091
pêche à la raie,85,non,,804091
pêche à la raie et aux maquereaux,11,non,,804091
pêche à la sardine,70,non,,804091
pêche à Terre-Neuve,42,non,,804091
pêche annuelle,26,non,,804091
pêche annuelle et au batelage,1,non,,804091
pêche au banc de Terre-Neuve,14,oui,,804091
pêche au cachalot,27,non,,804091
pêche au hareng,519,oui,,804091
pêche au maquereau,492,oui,,804091
pêche au poisson,2,non,,804091
pêche au poisson frais,1120,non,,804091
pêche aux cordes,12,non,,804091
pêche aux folles,52,non,,804091
pêche aux harengs,519,non,,804091
pêche aux huitres,4,non,,804091
pêche aux maquereaux,431,non,,804091
pêche aux maquereaux à la côte,6,non,,804091
pêche aux maquereaux frais,6,non,,804091
pêche aux maquereaux frais à la côte,24,non,,804091
pêche aux maquereaux salés,14,non,,804091
pêche aux moules,44,non,,804091
pêche aux moules et au poisson frais,2,non,,804091
pêche côtière,25,non,,804091
pêche côtière en Bretagne,8,non,,804091
pêche fraîche annuelle,2,non,,804091
pêche salée,2,non,,804091
pêchers,1,non,,804091
pêches,11,non,,804091
pêches à l'eau-de-vie,3,non,,804091
pêches fraîches,1,non,,804091
pêches sèches,8,non,,804091
pêcheur,1,non,,804091
pecuacan,1,non,,804091
peignes,13,non,,804091
peignes à chanvre,1,non,,804091
peignes à chanvre de fer,1,non,,804091
peignes à tisserand,22,non,,804091
peignes d'écaille,29,non,,804091
peignes d'étoffe,2,non,,804091
peignes d'herbes,5,non,,804091
peignes d'ivoire,50,non,,804091
peignes d'os,5,non,,804091
peignes de bois,22,non,,804091
peignes de buis,340,non,,804091
peignes de corne,47,non,,804091
peignes de coton,1,non,,804091
peignes de fer,2,non,,804091
peignes de griffon,1,non,,804091
peignes de Rouen,1,non,,804091
peignes de tisserand,2,non,,804091
peignes des dieux,3,non,,804091
peignes pour travailler la laine,1,non,,804091
peintures,155,non,,804091
peintures à l'huile,6,non,,804091
peintures apprêtées,1,non,,804091
peintures assorties,3,non,,804091
peintures broyées,19,non,,804091
peintures communes,7,non,,804091
peintures et gravures,78,non,,804091
peintures et tableaux,266,non,,804091
peintures grossières,6,non,,804091
peintures jaunes,1,non,,804091
peintures préparées,1,non,,804091
Pékin,102,non,haut de gamme,12084
Pékin à fleur,6,non,,804091
Pékin à grande fleur,1,non,,804091
Pékin broché,1,non,,804091
Pékin broché et rayé,1,non,,804091
Pékin brodé,2,non,,804091
Pékin mi soie,1,non,,804091
Pékin mi-soie,1,oui,,804091
Pékin non peint,1,non,,804091
Pékin peint,8,non,,804091
Pékin peint et rayé,1,non,,804091
Pékin petit,4,non,,804091
Pékin ramagé,1,non,,804091
Pékin rayé,5,non,,804091
Pékin uni,13,non,haut de gamme,12084
pelincuche,1,non,,804091
pelisse,2,non,,804091
pelisse commune,13,non,,804091
pellerie de fer,1,non,,804091
pelles,2,non,,804091
pelles à main de bois,1,non,,804091
pelles à pinceves,1,non,,804091
pelles à plat de bois,1,non,,804091
pelles commune,1,non,,804091
pelles de bois,117,non,,804091
pelles de bois ailes de fléaux brosses etc,4,non,,804091
pelles de bois et ailes de fléaux,84,non,,804091
pelles de bois ferrées,10,non,,804091
pelles de fer,31,non,,804091
pelles de sapin,3,non,,804091
pelles et pinces,2,non,,804091
pelles ferrées,8,non,,804091
pelles non ferrées,1,non,,804091
pelleterie,561,non,,804091
pelleterie apprêtée,775,non,,804091
pelleterie apprêtée commune,27,non,,804091
pelleterie apprêtée de lapin et de lièvre,2,non,,804091
pelleterie apprêtée de phoque éjarré,2,non,,804091
pelleterie apprêtée en blanc,1,non,,804091
pelleterie apprêtée fine,2,non,,804091
pelleterie blanche,28,non,,804091
pelleterie blanche et teinte,1,non,,804091
pelleterie brute d'agneau et de chevreau,1,non,,804091
pelleterie brute de lapin et de lièvre,1,non,,804091
pelleterie commune,141,non,,804091
pelleterie commune crue,18,non,,804091
pelleterie commune du Canada,15,non,,804091
pelleterie commune en poil,1,non,,804091
pelleterie crue,279,non,,804091
pelleterie crue en poil,2,non,,804091
pelleterie cuir,2,non,,804091
pelleterie d'oigneaux,1,non,,804091
pelleterie d'ours,0,non,,804091
pelleterie de blaireaux onces léopards panthères tigres lions loups ordinaires zèbres cougars,2,non,,804091
pelleterie de castor,1,non,,804091
pelleterie de castors castorins chameaux chèvre vigognes lamas loutres,2,non,,804091
pelleterie de chat,0,non,,804091
pelleterie de daim,1,non,,804091
pelleterie de Gray,2,non,,804091
pelleterie de lapin et de lièvre,0,non,,804091
pelleterie de sauvagines,23,non,,804091
pelleterie diverse apprêtée,3,non,,804091
pelleterie du Canada,169,non,,804091
pelleterie du Canada à passée,1,non,,804091
pelleterie en parchemins,2,non,,804091
pelleterie et peaux,40,non,,804091
pelleterie et peaux apprêtées,9,non,,804091
pelleterie fine,4,non,,804091
pelleterie morceaux cousus de marte et petit gris,1,non,,804091
pelleterie non apprêtée de lièvre,1,non,,804091
pelleterie ouvrée,36,non,,804091
pelleterie sans apprêt,186,non,,804091
pelleterie sauvaigne,1,non,,804091
pellicules d'alkermès,1,non,,804091
pelong,1,non,,804091
pelote de lin,8,non,,804091
peluches,239,non,bas de gamme,18109
peluches d'Amiens,2,non,,804091
peluches de bois,1,non,,804091
peluches de coton,4,non,,804091
peluches de laine,2,non,,804091
peluches et panne,1,non,,804091
pelure de cacao,1,non,,804091
pendants d'oreille,5,non,,804091
pendants d'oreille de grena,1,non,,804091
pendants d'oreilles à perles fausses,2,non,,804091
penderie,1,non,,804091
pendules,87,non,,804091
pendules communes,3,non,,804091
pendules de 8 livres,1,non,,804091
pendules de bois,2,non,,804091
pendules de cuivre,2,non,,804091
pendules de cuivre doré,1,non,,804091
pendules et réveils,259,non,,804091
péniens,0,non,,804091
penne,1,non,,804091
penne aguipon,1,non,,804091
pentures de fer,2,non,,804091
pépins d'orange,1,non,,804091
percale,11,non,milieu de gamme,43973
percale bleue,3,non,,804091
percale de,1,non,,804091
percale ou coutil pour couette,1,non,,804091
perceintes,2,non,,804091
percepierre,25,non,,804091
percerettes,5,non,,804091
percerettes de fer,1,non,,804091
perches,37,non,,804091
perches à houblon,5,non,,804091
perches carrées,1,non,,804091
perches communes,1,non,,804091
perches communes ou petites de sapin,129,non,,804091
perches de 10 pieds,1,non,,804091
perches de 15 à 20 pieds,1,non,,804091
perches de 20 à 25 pieds,1,non,,804091
perches de 25 pieds,1,non,,804091
perches de bois,7,non,,804091
perches de bois à houblon,1,oui,,804091
perches de bois et échalas de bois et échasses de bois,9,non,,804091
perches de bois et échalas de bois et éclisses de bois,7,non,,804091
perches de bois pour houblon,1,non,,804091
perches de bois pour jardin,1,non,,804091
perches de lawaire,1,non,,804091
perches de sapin,32,non,,804091
perches de sapin de 10 pieds,1,non,,804091
perches de sapin de 15 à 16 pieds,1,non,,804091
perches de sapin de 15 pieds,1,non,,804091
perches de sapin de 18 pieds,1,non,,804091
perches de sapin de 25 à 26 pieds,1,non,,804091
perches dites boomse capravens,21,non,,804091
perches dites waerettes,1,non,,804091
perches dites waires,1,non,,804091
perches du warette,1,non,,804091
perches et plantes et vignes,3,non,,804091
perches ferrées,1,non,,804091
perches grande,4,non,,804091
perches grandes dit juffers,51,non,,804091
perches moyennes dites capravens,74,non,,804091
perches petites et échalas petits et étançons petits,45,non,,804091
perches pour faire des chaises,0,non,,804091
perdreaux,5,non,,804091
perdrix,49,non,,804091
perdrix en plumes,1,non,,804091
perdrix marinées,1,non,,804091
pereintes en chêne,1,non,,804091
pérelle,2,non,,804091
perlasse ???,1,non,,804091
perlasse et gravelées,1,non,,804091
perles,3,non,,804091
perles bleues,1,non,,804091
perles de verre,4,non,,804091
perles en semence,2,non,,804091
perles en semence dite grainelle,5,non,,804091
perles et pierres fines montées et non montées,52,non,,804091
perles fausses,117,non,,804091
perles fausses montées,40,non,,804091
perles fines,15,non,,804091
perles fines de toute pêche,4,non,,804091
pernambouc,3,non,,804091
perpétuane,87,non,milieu de gamme,43973
perpétuane apprêtée et peinte,4,non,,804091
perpétuane blanche,8,non,,804091
perpétuane de laine,4,non,,804091
perpétuane peinte,3,non,,804091
perroquets,149,non,,804091
perruques,229,non,,804091
perruques à bourses,1,non,,804091
perruques communes,2,non,,804091
perruques de cheveux,1,non,,804091
perruques de cheveux et laine,2,non,,804091
perruques de laine,2,non,,804091
perruques de peau d'agneau,1,non,,804091
perruques de peau de mouton,1,non,,804091
perruques de poil de chèvre,1,non,,804091
perruques neuves,1,non,,804091
perruques vieilles,1,non,,804091
perses,1,non,,804091
persienne,3,non,,804091
persil de macédoine,2,non,,804091
pertiolles,5,non,,804091
pertuisanes,2,non,,804091
pesetas,1,non,,804091
petit carré de fer,1,non,,804091
petit raze de castor,2,non,,804091
petit raze refoulé,1,non,,804091
petit salé,34,non,,804091
petit salé et porcs salés,1,non,,804091
petit son,1,non,,804091
petite Venise,1,non,,804091
petites de lit en satin,2,non,,804091
petites de lit en satin brodé,2,non,,804091
petites pièces de pin,1,non,,804091
petits barils vides,1,non,,804091
petits chênes dits chêneaux,16,non,,804091
pétrification,2,non,,804091
pétrole,6,non,,804091
petum,2,non,,804091
peury,1,non,,804091
pevine,1,non,,804091
phaéton,23,non,,804091
phiass,2,non,,804091
philas,1,non,,804091
philipichine,18,non,,804091
philipichine de poil,1,non,,804091
phillipichine,11,non,,804091
photas des Indes,2,non,,804091
piano,2,non,,804091
piano forte,2,non,,804091
piastres,130,non,,804091
piastres d'Espagne,7,non,,804091
piastres du grand seigneur,2,non,,804091
piastres et talaris,1,non,,804091
piastres et talaris par La Cure et Strasbourg,1,non,,804091
piastres et talaris par Marseille,2,non,,804091
piastres et talaris par Strasbourg,1,non,,804091
piastres fortes,1,non,,804091
piastres gourdes,1,non,,804091
piastres par approximation,2,non,,804091
piastres par le Havre,1,non,,804091
piastres par le Pont de Beauvoisin,2,non,,804091
picotte,21,non,bas de gamme,18109
picotte de laine,2,non,,804091
picotte de Lille,4,non,,804091
picotte de soie,1,non,,804091
pièce vide,2,oui,,804091
pièces à eau,4,non,,804091
pièces couvertures de laine,3,non,,804091
pièces d'argent de 28,1,non,,804091
pièces d'argent et d'or d'Espagne,1,non,,804091
pièces d'or d'Espagne,1,non,,804091
pièces de ???,0,non,,804091
pièces de bois,0,non,,804091
pièces vides,2,non,,804091
pied d'huile,1,non,,804091
pied d'huile de poisson,1,non,,804091
piedmento,2,non,,804091
pieds d'élan,6,non,,804091
pieds d'ormes,1,non,,804091
pieds de bœuf,3,non,,804091
pieds de bœuf et sang de bétail,2,non,,804091
pieds de cochon,1,non,,804091
pieds de gite de bois scié,4,non,,804091
pieds de vide,1,non,,804091
pieds doré,1,non,,804091
pieds et têtes,1,non,,804091
pienne de fil,1,non,,804091
pierre à paver,6,oui,,804091
pierre à plâtre ou plâtre brut,2,oui,,804091
pierre d'ailx,1,oui,,804091
pierre d'algazon,1,oui,,804091
pierrerie,1,non,,804091
pierrerie fausse,1,non,,804091
pierrerie fausse et fine,1,non,,804091
pierres,635,non,,804091
pierres ???,1,non,,804091
pierres à,1,non,,804091
pierres à affiler,1,non,,804091
pierres à affiler de 1 à 2 1/2 pieds,87,non,,804091
pierres à affiler de 3 à 4 pieds,17,non,,804091
pierres à affiler de 5 à 6 pieds,85,non,,804091
pierres à affiler milanaises ou fiquets,11,non,,804091
pierres à aiguiser,557,non,,804091
pierres à aiguiser et en meules et à taillandier,30,non,,804091
pierres à aiguiser et tendres,1,non,,804091
pierres à aiguiser milanaise ou fiquets,1,non,,804091
pierres à aiguiser ou fiquets,96,non,,804091
pierres à bâtir,195,non,,804091
pierres à bâtir brutes,47,non,,804091
pierres à bâtir chaux et plâtre,51,non,,804091
pierres à bâtir communes,142,non,,804091
pierres à bâtir communes de 3 à 7 pieds,2,non,,804091
pierres à bâtir dites tuffeaux,3,non,,804091
pierres à bâtir et à paver,15,non,,804091
pierres à broyer couleurs,2,non,,804091
pierres à broyer couleurs et moudre tabac,1,non,,804091
pierres à broyer couleurs et tabac,2,non,,804091
pierres à broyer le cacao,1,non,,804091
pierres à calfeutrer,1,non,,804091
pierres à chaux,155,non,,804091
pierres à détacher,1,non,,804091
pierres à diguer,104,non,,804091
pierres à distiller d'eau,1,non,,804091
pierres à éviers,2,non,,804091
pierres à faire chaux,16,oui,,804091
pierres à faucher,1,non,,804091
pierres à faux,224,non,,804091
pierres à faux et à polir,13,non,,804091
pierres à feu,7,non,,804091
pierres à feu autres qu'agates,2,non,,804091
pierres à filtrer,5,non,,804091
pierres à filtrer l'eau,23,non,,804091
pierres à fouler le blé,1,non,,804091
pierres à four,4,non,,804091
pierres à foyer,9,non,,804091
pierres à fusils,1104,non,,804091
pierres à fusils et autres,1,non,,804091
pierres à hamatilles,1,non,,804091
pierres à huile,15,non,,804091
pierres à manganèse,1,oui,,804091
pierres à meubles,3,non,,804091
pierres à meuler,1,non,,804091
pierres à meules,31,non,,804091
pierres à mordre,1,non,,804091
pierres à mordre moutarde de 1 1/2 à 3 pieds,2,non,,804091
pierres à mordre tabac,2,non,,804091
pierres à moules,1,non,,804091
pierres à moutarde travaillées,15,non,,804091
pierres à passer,1,non,,804091
pierres à paver,146,non,,804091
pierres à paver d'1 pied carré,55,non,,804091
pierres à paver d'en dessus d'1 pied carré,16,non,,804091
pierres à paver de 12 à 13 pouces,2,non,,804091
pierres à paver de 3 à 9 pouces,3,non,,804091
pierres à paver de 9 pouces,4,non,,804091
pierres à paver non polies,6,non,,804091
pierres à paver polies,11,non,,804091
pierres à plaque,1,non,,804091
pierres à plâtre ou plâtre brut,6,non,,804091
pierres à polir,2,non,,804091
pierres à polir et ponce,76,non,,804091
pierres à rasoir,47,non,,804091
pierres à repasser,4,non,,804091
pierres à soie,2,non,,804091
pierres à taillandier,31,non,,804091
pierres à tombe,1,non,,804091
pierres à vin,1,non,,804091
pierres antiques,1,non,,804091
pierres bant et de jais,1,non,,804091
pierres bas de malle,1,non,,804091
pierres blanches,17,non,,804091
pierres blanches à bâtir,4,non,,804091
pierres blanches à carreler,1,non,,804091
pierres blanches en longues pièces à paver,42,non,,804091
pierres bleues,25,non,,804091
pierres bleues à paver,2,non,,804091
pierres bleues brûlées,1,non,,804091
pierres bleues en blocs,8,non,,804091
pierres bleues en carreaux,1,non,,804091
pierres bleues travaillées,1,non,,804091
pierres calamines,4,non,,804091
pierres calcaires,1,non,,804091
pierres caprades blanches,2,non,,804091
pierres carrées à bâtir,1,non,,804091
pierres carrées à paver,8,non,,804091
pierres carrées à paver de 8 à 9 pouces,49,non,,804091
pierres chaux et plâtre,24,oui,,804091
pierres codes,104,non,,804091
pierres cornaline,1,non,,804091
pierres d'absinthe,1,non,,804091
pierres d'agate,13,non,,804091
pierres d'agate travaillées,1,non,,804091
pierres d'ailx,1,non,,804091
pierres d'aimant,15,non,,804091
pierres d'algazon,1,non,,804091
pierres d'architecture,119,non,,804091
pierres d'ardoise,45,non,,804091
pierres d'arquebuse,2,non,,804091
pierres d'asphalte,1,non,,804091
pierres d'autel,17,non,,804091
pierres d'écrevisses,1,non,,804091
pierres d'élan,1,non,,804091
pierres d'émeraude,3,non,,804091
pierres d'émeri,83,non,,804091
pierres d'éponges,2,non,,804091
pierres d'hyacinthe,1,non,,804091
pierres de ??? à paver,1,non,,804091
pierres de barre,1,oui,,804091
pierres de barres,1,non,,804091
pierres de barriques,1,non,,804091
pierres de bas de meule,1,non,,804091
pierres de Bentem,2,non,,804091
pierres de Bidache,7,non,,804091
pierres de Bidache en carreaux,2,non,,804091
pierres de bleu,1,non,,804091
pierres de Briançon,1,non,,804091
pierres de chaussée ou de grès,118,non,,804091
pierres de chaux,6,oui,,804091
pierres de composition,7,non,,804091
pierres de corail,1,non,,804091
pierres de coument,1,non,,804091
pierres de faux,2,non,,804091
pierres de fer,1,non,,804091
pierres de fonte,1,non,,804091
pierres de four,41,non,,804091
pierres de fusils,3,non,,804091
pierres de grès,22,non,,804091
pierres de grés à paver,5,non,,804091
pierres de grison,42,non,,804091
pierres de jacinthe,1,non,,804091
pierres de jais,5,non,,804091
pierres de jais brut,1,non,,804091
pierres de jais et ???,5,non,,804091
pierres de jaspe,2,non,,804091
pierres de laine,4,non,,804091
pierres de Malte,57,non,,804091
pierres de marbre,9,non,,804091
pierres de marbre brut,1,non,,804091
pierres de marbre ouvré,7,non,,804091
pierres de matte,2,non,,804091
pierres de meubles,1,oui,,804091
pierres de meules,3,non,,804091
pierres de Milan,3,non,,804091
pierres de mine,1,non,,804091
pierres de molasse,1,non,,804091
pierres de mole,2,non,,804091
pierres de mouches,2,non,,804091
pierres de moulage,11,non,,804091
pierres de moulin,1,non,,804091
pierres de Namur,6,non,,804091
pierres de roche,2,non,,804091
pierres de Saint-Cast,22,non,,804091
pierres de seuil,4,non,,804091
pierres de Suisse,8,non,,804091
pierres de taille,68,non,,804091
pierres de taille à effiler,1,non,,804091
pierres de taille de 5 pieds de longueur sur 3 pieds de largueur,2,non,,804091
pierres de taille en lest,1,non,,804091
pierres de tombe,10,non,,804091
pierres de tombe de 4 à 6 pieds,45,non,,804091
pierres de tombe de 7 à 9 pieds,31,non,,804091
pierres de tombe de haute catégorie,6,non,,804091
pierres de tombe de moindre classe,48,non,,804091
pierres de touche,2,non,,804091
pierres de tuiles,1,non,,804091
pierres de verre,5,non,,804091
pierres de vin,109,non,,804091
pierres des Indes,1,non,,804091
pierres éclatantes,8,non,,804091
pierres éclatantes et de verre,1,non,,804091
pierres éclatantes et fausses,4,non,,804091
pierres éclatantes ou de verre,1,non,,804091
pierres en ???,1,non,,804091
pierres en blocs,4,non,,804091
pierres en blocs et brutes,3,non,,804091
pierres en borne-frontière,1,non,,804091
pierres en carreaux,9,non,,804091
pierres en carreaux à mouler,1,non,,804091
pierres en cheminée et statue,2,non,,804091
pierres en cheminée et travaillées,1,non,,804091
pierres en cippes,2,non,,804091
pierres en grès taillés meules,25,non,,804091
pierres en longues pièces à paver,56,non,,804091
pierres en masses et en blocs,47,non,,804091
pierres en meules,11,non,,804091
pierres en mortier,2,non,,804091
pierres en pièces grandes,1,non,,804091
pierres en quartiers,14,non,,804091
pierres en quartiers à bâtir,1,non,,804091
pierres et chanvre,1,non,,804091
pierres et grès taillés,28,non,,804091
pierres et meules à aiguiser,18,non,,804091
pierres et plâtre,6,non,,804091
pierres et terres à bâtir,1,non,,804091
pierres et terres servant aux arts et métiers,2,non,,804091
pierres et tuffeaux,1,non,,804091
pierres façonnées d'architecte,1,non,,804091
pierres fausses,72,non,,804091
pierres fausses et fines,2,non,,804091
pierres fausses et montées,35,non,,804091
pierres fausses et pur métal,1,non,,804091
pierres fausses non montées,5,non,,804091
pierres ferrugineuses,4,non,,804091
pierres fines,1,non,,804091
pierres froides,67,non,,804091
pierres fusil,3,non,,804091
pierres jaunes,1,non,,804091
pierres lithographiques,3,non,,804091
pierres lithographiques et autres,3,non,,804091
pierres maclous de brique,1,non,,804091
pierres maguisses minérales pour la fabrique de Tournai,3,non,,804091
pierres manganèse,7,non,,804091
pierres marcassite,2,non,,804091
pierres meules,7,non,,804091
pierres minérales,3,non,,804091
pierres noires,32,non,,804091
pierres ponces,252,non,,804091
pierres pour faire sucre,3,non,,804091
pierres pour la bâtisse,9,non,,804091
pierres pour la fortification de la rade,1,non,,804091
pierres pour la rade,142,non,,804091
pierres pour les fortifications,2,non,,804091
pierres pour les travaux du roi,2,non,,804091
pierres pour piliers,2,non,,804091
pierres pourries,5,non,,804091
pierres serpentine,2,non,,804091
pierres signons,1,non,,804091
pierres taillées,15,non,,804091
pierres taillées à bâtir,1,non,,804091
pierres taillées en auge,2,non,,804091
pierres tendres,1,non,,804091
pierres travaillées,49,non,,804091
pierres travaillées en banc balcon goulots etc.,125,non,,804091
pierrestre,2,oui,,804091
pierrette,2,non,,804091
pierreuve,1,non,,804091
pierriers,21,non,,804091
pierriers de fer,13,non,,804091
pierriers de fonte,1,non,,804091
pierriers garnis de leurs boites,2,non,,804091
pigaras,1,non,,804091
pigeons,11,non,,804091
pigeons sauvages,1,non,,804091
pignes de fer à cordes,1,non,,804091
pignons,26,non,,804091
pignons cassés,61,non,,804091
pignons d'épine,137,non,,804091
pignons d'Inde,43,non,,804091
pignons de pin,11,non,,804091
pignons doux,1,non,,804091
pignons en coques,1,non,,804091
pigouilles,2,non,,804091
pigouilles de 11 à 15,2,non,,804091
piharge,4,non,,804091
piles de bois,1,non,,804091
piliers de frêne,0,non,,804091
pilotis,2,non,,804091
pilules,1,non,,804091
pilules de Belloste,1,non,,804091
piment,540,non,,804091
piment des entrepôts,0,non,,804091
piment en grains,6,non,,804091
piment et poivre,91,non,,804091
pinasse,39,non,,804091
pince de fer,5,non,,804091
pinceaux,154,non,,804091
pinceaux ???,1,non,,804091
pinceaux à blanchir,1,non,,804091
pinceaux à dorer,1,non,,804091
pinceaux à goudron,5,non,,804091
pinceaux à goudronner,21,non,,804091
pinceaux à peindre,4,non,,804091
pinceaux de fer,1,non,,804091
pincettes,2,non,,804091
pincettes de fer,1,non,,804091
pinche,1,non,,804091
pinchinat,50,non,,804091
pinchinat de laine,16,non,bas de gamme,18109
pinchinat gris,1,non,,804091
pinen,1,non,,804091
pinques,1,non,,804091
pioches de fer,4,non,,804091
pipes,28,non,,804091
pipes à cordée,1,non,,804091
pipes à cuivre,1,non,,804091
pipes à fumer,930,non,,804091
pipes à fumer ???? pour la Hollande,1,non,,804091
pipes à fumer de terre,4,oui,,804091
pipes à fumer de terre cuite,39,non,,804091
pipes à fumer grosses,1,non,,804091
pipes à tabac,122,non,,804091
pipes cerclées de fer,1,non,,804091
pipes céréalier de fer,0,non,,804091
pipes de bois à fumer,2,oui,,804091
pipes de bois pour fumer,2,non,,804091
pipes de terre,12,non,,804091
pipes de terre cuite,8,oui,,804091
pipes de terre cuite et porcelaine,3,non,,804091
pipes en bottes,6,non,,804091
pipes et porcelaines,3,oui,,804091
pipes et tuiles,2,non,,804091
pipes garnies,1,non,,804091
pipes muid,3,non,,804091
pipes sans émail à fumer de terre,1,non,,804091
pipes vides,26,non,,804091
pipes vieilles,2,non,,804091
pipes vieilles et vides,7,non,,804091
piphout en blocs,7,non,,804091
piques,4,non,,804091
piques de fer,1,non,,804091
pissuron,1,non,,804091
pistache,3,non,,804091
pistaches,337,non,,804091
pistaches cassées,2,non,,804091
pistaches en coques,1,non,,804091
pistaches non cassées,1,non,,804091
pistaches sèches,10,non,,804091
pistolets,110,non,,804091
pistolets à feu,1,non,,804091
pistolets d'arçon,1,non,,804091
pistolets Damas ?,1,non,,804091
pistolets de maître,1,non,,804091
pistolets de traite,7,non,,804091
pistolets démontés,38,non,,804091
pistolets garnis d'argent,1,non,,804091
pistolets montés,123,non,,804091
pistolets par paire,1,oui,,804091
pistolets vieux,1,non,,804091
pivoine,2,non,,804091
pivots de fer,9,non,,804091
plaids,85,non,,804091
plaids ou châles,16,non,,804091
plaire,5,non,,804091
plaisses et solles sec et fumés,64,non,,804091
plan d'habitation,1,non,,804091
plancards,10,non,,804091
planchenier,1,non,,804091
planches,5071,non,,804091
planches à bâtir,1,non,,804091
planches alcalines,5,non,,804091
planches communes,6,non,,804091
planches communes de chêne et hêtre,4,non,,804091
planches communes de hêtre,73,non,,804091
planches communes de sapin,55,non,,804091
planches communes de sapin ou pin,2,non,,804091
planches communes et bois,44,non,,804091
planches d'acajou,43,non,,804091
planches d'acajou de 10 pieds,4,non,,804091
planches d'acajou de 12 pieds,1,non,,804091
planches d'acajou de 4 pieds,1,non,,804091
planches d'acajou de 5 à 10 pieds,1,non,,804091
planches d'acajou de 5 pieds,1,non,,804091
planches d'acajou de 6 pieds,1,non,,804091
planches d'acajou de 8 pieds,6,non,,804091
planches d'acajou de 9 pieds,3,non,,804091
planches d'arbres,4,non,,804091
planches d'ardoise,1,non,,804091
planches d'aunis,1,non,,804091
planches d'orme,4,non,,804091
planches d'orme de 80 pieds de longueur sur 3 pouces d'épaisseur,2,non,,804091
planches de 12 à 18 pieds,2,non,,804091
planches de 15 à 16 pieds,4,non,,804091
planches de 18 pieds,1,non,,804091
planches de 20 pied sur 1 pouce,3,non,,804091
planches de 24 à 30 pieds,1,non,,804091
planches de 3 à 12 pieds,1,non,,804091
planches de 3 pieds dites pakdragers,2,non,,804091
planches de 4 pieds,1,non,,804091
planches de 7 pieds,1,non,,804091
planches de 9 à 10 pieds,1,non,,804091
planches de 9 pieds,1,non,,804091
planches de bois,134,non,,804091
planches de bois blanc,6,non,,804091
planches de bois de 10 à 15 pieds,1,non,,804091
planches de bois de faïence,1,non,,804091
planches de bois de hêtre de 8 pieds,1,non,,804091
planches de bois de rose,0,non,,804091
planches de bois de rose de 8 à 9 pieds,1,non,,804091
planches de bois des Îles,1,non,,804091
planches de bois des Indes,1,non,,804091
planches de bois du Nord,12,non,,804091
planches de bois et à barils,1,non,,804091
planches de bois falquettes,2,non,,804091
planches de bois fortes,1,non,,804091
planches de bois jaune,1,non,,804091
planches de bois melliaises,1,non,,804091
planches de bois minces,1,non,,804091
planches de bois pour bordage,2,non,,804091
planches de bois pour construction,3,non,,804091
planches de bois rouge,1,non,,804091
planches de bois vernies,1,non,,804091
planches de charme,0,non,,804091
planches de charme de 10 pieds,1,non,,804091
planches de châtaignier,7,non,,804091
planches de châtaignier de 16 pieds,1,non,,804091
planches de châtaignier de 5 pieds,1,non,,804091
planches de chêne,360,non,,804091
planches de chêne 24 pieds,2,non,,804091
planches de chêne 26 pieds,1,non,,804091
planches de chêne 6 pieds,1,non,,804091
planches de chêne à 6,1,non,,804091
planches de chêne à 9,1,non,,804091
planches de chêne bouts,1,non,,804091
planches de chêne communes,15,non,,804091
planches de chêne d'un pouce et en dessous,136,non,,804091
planches de chêne de 1 1/2 pouces,3,non,,804091
planches de chêne de 1 1/4 pouces,2,non,,804091
planches de chêne de 1/2 pouce,3,non,,804091
planches de chêne de 1/4 pouce,2,non,,804091
planches de chêne de 10 12 à 14 pieds,1,non,,804091
planches de chêne de 10 à 11 pieds,2,non,,804091
planches de chêne de 10 à 12 pieds,2,non,,804091
planches de chêne de 10 à 12 pieds et de 1 pouce d'épaisseur,1,non,,804091
planches de chêne de 10 pieds,25,non,,804091
"planches de chêne de 10 pieds de long et de 0,75 pouce d'épaisseur",2,non,,804091
"planches de chêne de 10 pieds et de 0,5 pouces d'épaisseur",1,non,,804091
planches de chêne de 11 à 12 pieds,2,non,,804091
planches de chêne de 11 pieds,4,non,,804091
planches de chêne de 11 pieds de long et de 2 pouces d'épaisseur,1,non,,804091
planches de chêne de 12 pieds,26,non,,804091
planches de chêne de 13 à 14 pieds,1,non,,804091
planches de chêne de 13 pieds,2,non,,804091
planches de chêne de 14 pieds,4,non,,804091
planches de chêne de 15 à 20 pieds,1,non,,804091
planches de chêne de 15 pieds,7,non,,804091
planches de chêne de 16 pieds,3,non,,804091
planches de chêne de 18 pieds,11,non,,804091
planches de chêne de 18 pieds de long et de 1 pouce d'épaisseur,1,non,,804091
"planches de chêne de 19,5 pieds de long et de 2 pouces d'épaisseur",1,non,,804091
planches de chêne de 2 pouces et en dessus,109,non,,804091
"planches de chêne de 2,5 pouces",2,non,,804091
planches de chêne de 20 à 30 pieds,1,non,,804091
planches de chêne de 20 pieds,7,non,,804091
planches de chêne de 21 pieds,1,non,,804091
planches de chêne de 22 pieds,3,non,,804091
planches de chêne de 24 pieds,3,non,,804091
planches de chêne de 25 à 30 pieds,1,non,,804091
planches de chêne de 25 pieds,6,non,,804091
planches de chêne de 27 pieds,3,non,,804091
planches de chêne de 28 pieds,4,non,,804091
planches de chêne de 3 pouces et en dessus,96,non,,804091
planches de chêne de 30 pieds,6,non,,804091
planches de chêne de 32 pieds,3,non,,804091
planches de chêne de 35 pieds,6,non,,804091
planches de chêne de 36 pieds,2,non,,804091
planches de chêne de 38 pieds,1,non,,804091
planches de chêne de 4 pieds,1,non,,804091
planches de chêne de 4 pouces,3,non,,804091
planches de chêne de 40 pieds,4,non,,804091
planches de chêne de 42 pieds,1,non,,804091
planches de chêne de 5 pouces,2,non,,804091
planches de chêne de 6 à 7 pieds,1,non,,804091
planches de chêne de 6 pieds,9,non,,804091
planches de chêne de 7 à 8 pieds,1,non,,804091
planches de chêne de 7 pieds,3,non,,804091
planches de chêne de 8 à 9 pieds,2,non,,804091
planches de chêne de 8 pieds,11,non,,804091
planches de chêne de 8 pieds et demi,1,non,,804091
planches de chêne de 9 à 10 pieds,4,non,,804091
planches de chêne de 9 à 12 pieds,1,non,,804091
planches de chêne de 9 pieds,8,non,,804091
planches de chêne de 9 pieds et demi,1,non,,804091
planches de chêne et planches de sapin,1,non,,804091
planches de chêne pour bordage,10,non,,804091
planches de chêne pour bordage de 21 pieds,0,non,,804091
planches de chêne refendue de 10 pieds,1,non,,804091
planches de chênes de 20 pieds,1,non,,804091
planches de chênes pour bordage,1,non,,804091
planches de citronnier,2,non,,804091
planches de Coperwick,5,non,,804091
planches de cuivre,438,non,,804091
planches de cuivre battu,1,non,,804091
planches de cuivre gravées,1,non,,804091
planches de cuivre jaune,4,non,,804091
planches de cuivre neuf,1,non,,804091
planches de cuivre rouge,24,non,,804091
planches de cyprès,2,non,,804091
planches de Danemark Prusse et Poméranie,9,non,,804091
planches de futeau,2,non,,804091
planches de hêtre,5,non,,804091
planches de hêtre de 6 pieds,2,non,,804091
planches de jacaranda,1,non,,804091
planches de laiton,14,non,,804091
planches de lard,3,non,,804091
planches de liège,1,non,,804091
planches de liège petites,1,non,,804091
planches de lin,1,non,,804091
planches de Lorient,1,non,,804091
planches de merisier,1,non,,804091
planches de mûrier,1,non,,804091
planches de noyer,47,non,,804091
planches de noyer d'un pouce de 1/2,1,non,,804091
planches de noyer de 1 pied,1,non,,804091
planches de noyer de 10 pieds de long et de 6 pouces d'épaisseur,1,non,,804091
planches de noyer de 12 pieds,2,non,,804091
planches de noyer de 3 pieds,1,non,,804091
planches de noyer de 4 pieds,1,non,,804091
planches de noyer de 5 à 7 pieds,1,non,,804091
"planches de noyer de 5 à 7 pieds de long de 1 à 1,5 pieds de large et de 1 à 3 pouce d'épaisseur",1,non,,804091
"planches de noyer de 5,5 pieds de long de 0,5 pieds de large et de 1 pouce d'épaisseur",1,non,,804091
planches de noyer de 6 pieds,1,non,,804091
"planches de noyer de 6 pieds de long de 0,5 pieds de large et de 1 pouce d'épaisseur",1,non,,804091
planches de noyer de 6 pieds de long et de 2 pieds d'épaisseur,1,non,,804091
planches de noyer de 8 pieds de long et de 2 pouces d'épaisseur,2,non,,804091
planches de papier communes,1,non,,804091
planches de peuplier,1,non,,804091
planches de pin,28,non,,804091
planches de piphout,75,non,,804091
planches de plomb,88,non,,804091
planches de plomb et grains de plomb,5,non,,804091
planches de plomb et plomb en saumon et plomb en rouleau,6,non,,804091
planches de plomb gravées,2,non,,804091
planches de poirier cerisier etc,4,non,,804091
planches de pont de barque,1,non,,804091
planches de Prusse,182,non,,804091
planches de Prusse 28 pieds,1,oui,,804091
planches de Prusse communes,7,non,,804091
planches de Prusse de ??? pieds de long et de 4 pouces d'épaisseur,1,non,,804091
planches de Prusse de 10 à 12 pieds,3,non,,804091
planches de Prusse de 10 pieds,1,non,,804091
planches de Prusse de 11 à 12 pieds,1,non,,804091
planches de Prusse de 12 a 13 pieds et de 1 pouce d'épaisseur,1,non,,804091
planches de Prusse de 12 pieds,1,non,,804091
planches de Prusse de 13 à 16 pieds,1,non,,804091
planches de Prusse de 13 pieds,1,non,,804091
planches de Prusse de 15 pieds,2,non,,804091
planches de Prusse de 15 pieds de long et de 3 pouces d'épaisseur,1,non,,804091
"planches de Prusse de 18 à 30 pieds et de 1,75 à 2 pouces d'épaisseur",1,non,,804091
planches de Prusse de 18 pieds,3,non,,804091
planches de Prusse de 18 pieds à 41 pieds à 1 pouce 1/2 4 pouces d'épaisseur,1,non,,804091
planches de Prusse de 20 pieds,2,non,,804091
planches de Prusse de 21 à 22 pieds,1,non,,804091
planches de Prusse de 22 pieds,2,non,,804091
planches de Prusse de 24 pieds,4,non,,804091
planches de Prusse de 25 pieds,3,non,,804091
planches de Prusse de 26 à 27 pieds,1,non,,804091
planches de Prusse de 26 ou 27 pieds,1,non,,804091
planches de Prusse de 26 pieds,1,non,,804091
planches de Prusse de 27 à 28 pieds,1,non,,804091
planches de Prusse de 27 pieds,7,non,,804091
planches de Prusse de 28 à 30 pieds,3,non,,804091
planches de Prusse de 28 pieds,5,non,,804091
planches de Prusse de 30 à 32 pieds,1,non,,804091
planches de Prusse de 30 à 40 pieds,1,non,,804091
planches de Prusse de 30 ou 32 pieds,1,non,,804091
planches de Prusse de 30 pieds,8,non,,804091
planches de Prusse de 32 pieds,1,non,,804091
planches de Prusse de 33 à 35 pieds,1,non,,804091
planches de Prusse de 33 pieds,3,non,,804091
planches de Prusse de 34 à 35 pieds et de 2 pouces d'épaisseur,1,non,,804091
planches de Prusse de 35 pieds,3,non,,804091
planches de Prusse de 36 pieds,3,non,,804091
planches de Prusse de 37 pieds,1,non,,804091
planches de Prusse de 38 pieds,1,non,,804091
planches de Prusse de 4 pieds,1,non,,804091
planches de Prusse de 40 à 41 pieds à 3 pouces d'épaisseur,1,non,,804091
planches de Prusse de 40 pieds,2,non,,804091
planches de Prusse de 42 pieds,0,non,,804091
planches de Prusse de 5 pieds,1,non,,804091
planches de Prusse de 7 à 9 pieds,1,non,,804091
planches de Prusse de 8 à 12 pieds,1,non,,804091
planches de Prusse de 8 à 9 pieds,1,non,,804091
planches de Prusse de 8 pieds,1,non,,804091
planches de Prusse de 9 à 10 pieds,1,non,,804091
planches de Prusse de 9 pieds,1,non,,804091
planches de Prusse demie,1,oui,,804091
planches de Prusse diverses,2,non,,804091
planches de Prusse en bouts,1,non,,804091
planches de Prusse petites,2,non,,804091
planches de Prusse refendues de 1 pied,1,non,,804091
planches de Pui,5,non,,804091
planches de rebut,3,non,,804091
planches de sapin,2069,non,,804091
planches de sapin 1/2 planches,1,non,,804091
planches de sapin 10 à 11 pieds,3,non,,804091
planches de sapin 10 à 13 pieds,1,non,,804091
planches de sapin 11 à 12 pieds,1,non,,804091
planches de sapin 12 à 14 pieds,1,non,,804091
planches de sapin 12 à 15 pieds,1,non,,804091
planches de sapin 12 pieds,7,non,,804091
planches de sapin 13 à 14 pieds,1,non,,804091
planches de sapin 15 à 18 pieds,2,non,,804091
planches de sapin 15 pieds,2,non,,804091
planches de sapin 18 pieds,14,non,,804091
planches de sapin 19 à 20 pieds,1,non,,804091
planches de sapin 26 à 27 pieds,1,non,,804091
planches de sapin 26 à 29 pieds,1,non,,804091
planches de sapin 27 pieds,1,non,,804091
planches de sapin 30 pieds,2,non,,804091
planches de sapin 32 à 33 pieds,1,non,,804091
planches de sapin 32 à 34 pieds,1,non,,804091
planches de sapin 35 pieds,1,non,,804091
planches de sapin 36 pieds,1,non,,804091
planches de sapin 4 pieds,1,non,,804091
planches de sapin 6 à 7 pieds,1,non,,804091
planches de sapin 6 pieds,1,non,,804091
planches de sapin 7 à 11 pieds,1,non,,804091
planches de sapin 7 à 8 pieds,1,non,,804091
planches de sapin 8 à 12 pieds,1,non,,804091
planches de sapin 8 pieds,1,non,,804091
planches de sapin 9 à 10 pieds,2,non,,804091
planches de sapin 9 à 10 pieds à 15 sous,1,non,,804091
planches de sapin 9 pieds,1,non,,804091
planches de sapin au grand compte,4,non,,804091
planches de sapin boîtes,1,non,,804091
planches de sapin commun,277,non,,804091
planches de sapin d'un demi-pied,1,non,,804091
planches de sapin de ???,1,non,,804091
planches de sapin de ??? pieds,0,non,,804091
planches de sapin de 1 1/4 pouce,2,non,,804091
planches de sapin de 1 pouce,4,non,,804091
planches de sapin de 1/2 pouce,2,non,,804091
planches de sapin de 10 à 11 pieds,49,non,,804091
planches de sapin de 10 à 11 pieds à 20 sous,1,non,,804091
planches de sapin de 10 à 12 pieds,36,non,,804091
"planches de sapin de 10 à 12 pieds à 1 pouce 1,5 pouce d'épaisseur",1,non,,804091
planches de sapin de 10 à 12 pieds à 30 sous,1,non,,804091
planches de sapin de 10 à 13 pieds,3,non,,804091
planches de sapin de 10 à 14 pieds,2,non,,804091
planches de sapin de 10 à 15 pieds,5,non,,804091
"planches de sapin de 10 a 16 pieds et de 1 à 1,25 pouce d'épaisseur",2,non,,804091
planches de sapin de 10 à 18 pieds,1,non,,804091
planches de sapin de 10 à 20 pieds,1,non,,804091
planches de sapin de 10 aunes ?,1,non,,804091
planches de sapin de 10 pieds,75,non,,804091
planches de sapin de 10 pieds à 20 sous,2,non,,804091
planches de sapin de 10 pieds et 1 1/2 pouce,3,non,,804091
planches de sapin de 11 à 12,1,non,,804091
planches de sapin de 11 à 12 pieds,5,non,,804091
planches de sapin de 11 à 14 pieds,1,non,,804091
planches de sapin de 11 a 20 pieds de long et de 1 pouce d'épaisseur,1,non,,804091
planches de sapin de 11 pieds,22,non,,804091
planches de sapin de 12 à 13 pieds,6,non,,804091
planches de sapin de 12 à 14 pieds,4,non,,804091
planches de sapin de 12 à 15 pieds,4,non,,804091
planches de sapin de 12 à 16 pieds,4,non,,804091
planches de sapin de 12 à 18 pieds,1,non,,804091
planches de sapin de 12 à 20 pieds,2,non,,804091
planches de sapin de 12 pieds,63,non,,804091
planches de sapin de 13 à 14 pieds,4,non,,804091
"planches de sapin de 13 a 17 pieds et de 1 à 1,5 pouce d'épaisseur",2,non,,804091
planches de sapin de 13 à 18 pieds,1,non,,804091
planches de sapin de 13 pieds,20,non,,804091
"planches de sapin de 13 pieds et de 1,25 pouce d'épaisseur",1,non,,804091
planches de sapin de 14 à 15 pieds,1,non,,804091
planches de sapin de 14 à 16 pieds,3,non,,804091
planches de sapin de 14 pieds,13,non,,804091
planches de sapin de 14 pieds de long,1,non,,804091
planches de sapin de 14 pieds de long et de 10 de large,1,non,,804091
planches de sapin de 15 à 16 pieds,1,non,,804091
planches de sapin de 15 a 17 pieds de long et de 1 pieds d'épaisseur,1,non,,804091
planches de sapin de 15 à 18 pieds,3,non,,804091
planches de sapin de 15 à 20 pieds,4,non,,804091
planches de sapin de 15 à 30 pieds,1,non,,804091
planches de sapin de 15 pieds,27,non,,804091
planches de sapin de 16 à 17 pieds,3,non,,804091
planches de sapin de 16 à 18 pieds,2,non,,804091
planches de sapin de 16 a 20 pieds et de 1 a 2 pouces d'épaisseur,2,oui,,804091
planches de sapin de 16 pieds,28,non,,804091
planches de sapin de 17 à 18 pieds,1,non,,804091
planches de sapin de 17 à 20 pieds,3,non,,804091
planches de sapin de 17 pieds,2,non,,804091
planches de sapin de 18 à 20 pieds,8,non,,804091
planches de sapin de 18 à 21 pieds,1,non,,804091
planches de sapin de 18 à 22 pieds,1,non,,804091
planches de sapin de 18 pieds,60,non,,804091
planches de sapin de 20 à 22 pieds,2,non,,804091
planches de sapin de 20 à 24 pieds,2,non,,804091
planches de sapin de 20 à 25 pieds,3,non,,804091
planches de sapin de 20 à 26 pieds,3,non,,804091
planches de sapin de 20 à 27 pieds,3,non,,804091
planches de sapin de 20 à 30 pieds,4,non,,804091
planches de sapin de 20 pieds,36,non,,804091
planches de sapin de 21 à 22 pieds,2,non,,804091
planches de sapin de 21 à 24 pieds,1,non,,804091
planches de sapin de 21 pieds,4,non,,804091
planches de sapin de 22 à 23 pieds,1,non,,804091
planches de sapin de 22 pieds,23,non,,804091
planches de sapin de 22 pieds,1,non,,804091
planches de sapin de 23 pieds,4,non,,804091
planches de sapin de 24 à 26 pieds,1,non,,804091
planches de sapin de 24 à 27 pieds,1,non,,804091
planches de sapin de 24 à 30 pieds,2,non,,804091
planches de sapin de 24 à 36 pieds,1,non,,804091
planches de sapin de 24 pieds,23,non,,804091
planches de sapin de 25 à 26 pieds,4,non,,804091
planches de sapin de 25 pieds,21,non,,804091
planches de sapin de 26 à 27 pieds,11,non,,804091
planches de sapin de 26 à 30 pieds,1,non,,804091
planches de sapin de 26 pieds,31,non,,804091
planches de sapin de 27 à 28 pieds,3,non,,804091
"planches de sapin de 27 a 28 pieds et de 1,5 pouce d'épaisseur",1,non,,804091
planches de sapin de 27 à 29 pieds,2,non,,804091
planches de sapin de 27 à 30 pieds,4,non,,804091
planches de sapin de 27 pieds,26,non,,804091
planches de sapin de 28 à 29 pieds,1,non,,804091
planches de sapin de 28 à 30 pieds,5,non,,804091
planches de sapin de 28 à 32 pieds,1,non,,804091
planches de sapin de 28 pieds,18,non,,804091
planches de sapin de 29 à 30 pieds,1,non,,804091
planches de sapin de 29 à 32 pieds,1,non,,804091
planches de sapin de 29 pieds,1,non,,804091
planches de sapin de 3 à 4 pieds,9,non,,804091
planches de sapin de 3 à 6 pieds,2,non,,804091
planches de sapin de 3 pieds,2,non,,804091
planches de sapin de 3/4 pouce,2,non,,804091
planches de sapin de 30 à 32 pieds,3,non,,804091
planches de sapin de 30 à 33 pieds,1,non,,804091
planches de sapin de 30 à 34 pieds,4,non,,804091
planches de sapin de 30 à 35 pieds,1,non,,804091
planches de sapin de 30 à 36 pieds,2,non,,804091
planches de sapin de 30 à 38 pieds,1,non,,804091
planches de sapin de 30 à 40 pieds,1,non,,804091
planches de sapin de 30 pieds,49,non,,804091
planches de sapin de 31 pieds,3,non,,804091
planches de sapin de 32 à 33 pieds,3,non,,804091
planches de sapin de 32 pieds,11,non,,804091
planches de sapin de 33 à 34 pieds,1,non,,804091
planches de sapin de 33 pieds,5,non,,804091
planches de sapin de 34 à 35 pieds,1,non,,804091
planches de sapin de 34 pieds,1,non,,804091
planches de sapin de 35 pieds,4,non,,804091
planches de sapin de 36 pieds,9,non,,804091
planches de sapin de 38 pieds,2,non,,804091
planches de sapin de 4 à 5 pieds,32,non,,804091
planches de sapin de 4 à 5 pieds à 4 sous,1,non,,804091
planches de sapin de 4 à 6 pieds,1,non,,804091
planches de sapin de 4 pieds,12,non,,804091
planches de sapin de 4 pieds à 6 pouces,0,non,,804091
planches de sapin de 40 pieds,5,non,,804091
planches de sapin de 44 à 50 pieds,1,non,,804091
planches de sapin de 45 pieds,1,non,,804091
planches de sapin de 48 pieds,3,non,,804091
planches de sapin de 5 à 12 pieds à 1 pouce 1 pouce 1/2 d'épaisseur,1,non,,804091
planches de sapin de 5 à 6 pieds,23,non,,804091
planches de sapin de 5 à 6 pieds à 4 sous,1,non,,804091
planches de sapin de 5 à 7 pieds,2,non,,804091
planches de sapin de 5 à 8 pieds,1,non,,804091
planches de sapin de 5 pieds,17,non,,804091
planches de sapin de 50 pieds,3,non,,804091
planches de sapin de 6 a 10 pieds et de 1 pouce d'épaisseur,2,non,,804091
planches de sapin de 6 à 15 pieds,1,non,,804091
planches de sapin de 6 à 7 pieds,14,non,,804091
planches de sapin de 6 à 8 pieds,1,non,,804091
planches de sapin de 6 pieds,12,non,,804091
planches de sapin de 6 pieds et de 1 pouce d'épaisseur,1,non,,804091
"planches de sapin de 6,5 pieds",1,non,,804091
planches de sapin de 7 à 10 pieds,1,non,,804091
planches de sapin de 7 à 12 pieds,1,non,,804091
planches de sapin de 7 à 8 pieds,31,non,,804091
planches de sapin de 7 à 8 pieds à 6 sous,1,non,,804091
planches de sapin de 7 à 9 pieds,2,non,,804091
planches de sapin de 7 pieds,15,non,,804091
planches de sapin de 75 pieds,1,non,,804091
planches de sapin de 8 à 10 pieds,8,non,,804091
planches de sapin de 8 à 10 pieds à 10 sous,1,non,,804091
planches de sapin de 8 à 11 pieds,1,non,,804091
"planches de sapin de 8 a 11 pieds et de 1 a 1,5 pouce d'épaisseur",3,non,,804091
planches de sapin de 8 à 12 pieds,2,non,,804091
"planches de sapin de 8 a 12 pieds et de 1 a 1,5 pouce d'épaisseur",5,non,,804091
planches de sapin de 8 à 13 pieds,1,non,,804091
planches de sapin de 8 à 36 pieds,1,non,,804091
planches de sapin de 8 à 7 pieds,1,non,,804091
planches de sapin de 8 à 9 pieds,55,non,,804091
planches de sapin de 8 à 9 pieds à 10 sous,1,non,,804091
planches de sapin de 8 à 9 pieds à 12 sous,1,non,,804091
planches de sapin de 8 pieds,46,non,,804091
planches de sapin de 8 pieds à 12 sous,1,non,,804091
"planches de sapin de 8,5 pieds",1,non,,804091
planches de sapin de 85 pieds,1,non,,804091
planches de sapin de 9 à 10,1,non,,804091
planches de sapin de 9 à 10 pieds,57,non,,804091
planches de sapin de 9 à 10 pieds à 15 sous,1,non,,804091
planches de sapin de 9 à 10-11 pieds,1,non,,804091
planches de sapin de 9 à 11 pieds,7,non,,804091
planches de sapin de 9 à 12 pieds,2,non,,804091
planches de sapin de 9 à 13 pieds,1,non,,804091
planches de sapin de 9 à 15 pieds,2,non,,804091
planches de sapin de 9 pieds,47,non,,804091
planches de sapin de 9 pieds de longueur,2,non,,804091
"planches de sapin de 9 pieds et de 1,25 pouce d'épaisseur",1,non,,804091
planches de sapin de Coperwick,0,non,,804091
planches de sapin de Norvège,66,non,,804091
planches de sapin de Poméranie,18,non,,804091
planches de sapin de Prusse,0,non,,804091
planches de sapin de rebut,6,non,,804091
planches de sapin de rebut de 75 pieds,1,non,,804091
planches de sapin demi planches,8,non,,804091
planches de sapin duicroco,1,non,,804091
planches de sapin en bouts,7,non,,804091
planches de sapin et rebut,2,non,,804091
planches de sapin fendues,2,non,,804091
planches de sapin grand,8,non,,804091
planches de sapin moyennes,1,non,,804091
planches de sapin pour bordage,1,non,,804091
planches de sapin pour grenier,9,non,,804091
planches de sapin rebut,3,non,,804091
planches de sapin rebut de 10 pieds,1,non,,804091
planches de sapin rebut de 26 pieds,1,non,,804091
planches de sapin refendues,5,non,,804091
planches de sapin resciées,3,non,,804091
planches de sapin rouge,2,non,,804091
planches de sapin rouge de 9 pieds,0,non,,804091
planches de sapin vieilles,1,non,,804091
planches de serva,1,non,,804091
planches de Suisse,1,non,,804091
planches de vathout,51,non,,804091
planches de wagheschot,89,non,,804091
planches demies,2,oui,,804091
planches dites feuillet,2,non,,804091
planches dites feuillet et quartiers,3,non,,804091
planches dites genoux de bateaux,32,non,,804091
planches dites Noordschedelen de 11 à 12 pieds,2,non,,804091
planches dites Noordschedelen de 15 à 16 pieds,3,non,,804091
planches du Danemark,3,non,,804091
planches en faux,2,non,,804091
planches en lest,1,non,,804091
planches en poutres,2,non,,804091
planches et poutrelles de bois de passementerie,3,non,,804091
planches et rouleau en laiton,1,non,,804091
planches fendues,1,non,,804091
planches laquées,1,non,,804091
planches lourdes,64,non,,804091
planches moyennes,1,non,,804091
planches petites,3,non,,804091
planches petites de sapin,12,non,,804091
planches pour faux,1,non,,804091
planches pour grenier,6,non,,804091
planches pour grenier de 16 pieds,1,non,,804091
planches pour grenier de 18 pieds,1,non,,804091
planches pour grenier de 27 pieds,1,non,,804091
planches pour grenier de 30 pieds,1,non,,804091
planches pour grenier de 34 pieds,1,non,,804091
planches pour grenier de 36 pieds,1,non,,804091
planches refendues,2,non,,804091
planches sciées,8,non,,804091
planches sciées de long,7,non,,804091
plançons,5,non,,804091
plançons courbes,1,non,,804091
plançons de chêne,2,non,,804091
plantes d'asperges et jets de houblon,6,non,,804091
plantes de jasmin,5,non,,804091
plantes de romarin,24,non,,804091
plantes diverses,22,non,,804091
plantes herbes racines etc.,23,non,,804091
plants ???,1,non,,804091
plants d'arbres,49,non,,804091
plants d'arbres à fruits,3,non,,804091
plants d'argent,1,non,,804091
plants d'artichauts,2,non,,804091
plants d'asperges,24,non,,804091
plants d'oignon,3,non,,804091
plants d'oignons,1,non,,804091
plants d'oranger,60,non,,804091
plants de bois,1,non,,804091
plants de bois sauvages,1,non,,804091
plants de cédrat,3,non,,804091
plants de chinois et fleurs,1,non,,804091
plants de choux,2,non,,804091
plants de citronnier,8,non,,804091
plants de fleurs,31,non,,804091
plants de jardin,2,non,,804091
plants de jasmin,9,non,,804091
plants de mûriers,22,non,,804091
plants de rouge d'Espagne,1,non,,804091
plants de tabac,5,non,,804091
plants de vigne,104,non,,804091
plaques,955,non,,804091
plaques de bois,1,non,,804091
plaques de cheminée,5,non,,804091
plaques de cheminées en fer,4,non,,804091
plaques de cornes,1,non,,804091
plaques de cuivre,45,non,,804091
plaques de cuivre rouge,3,non,,804091
plaques de fer,59,non,,804091
plaques de fer battu,1,non,,804091
plaques de fer de fonte,2,non,,804091
plaques de four,1,non,,804091
plaques en tôle,1,non,,804091
plaques et ouvrages de cuivre,9,non,,804091
plastic de soie,1,non,,804091
plat de grès,17,non,,804091
plat de terre anglais,1,non,,804091
plateaux,4,non,,804091
plateaux argentés,1,non,,804091
plateaux de bois,3,non,,804091
plateaux de bois pour peser,1,non,,804091
plateaux de bordure de cuivre,1,non,,804091
plateaux de cuivre,3,non,,804091
plateaux de fer,1,non,,804091
plateaux de fer vernis,2,non,,804091
plateaux de noyer,1,non,,804091
plateaux pour fléaux,1,non,,804091
plateaux vernis,2,non,,804091
plateaux vernis et de cote,1,non,,804091
plates de cuivre,11,non,,804091
plates de cuivre ciselées et gravées,2,non,,804091
plates de cuivre jaune,23,non,,804091
plates de cuivre rouge,87,non,,804091
plates de fer,20,non,,804091
platies,2,non,,804091
platille,362,non,milieu de gamme,43973
platille de lin,7,non,,804091
platille de lin de Silésie,3,non,,804091
platille de retour,1,non,,804091
platille de retour faute de vente,1,oui,,804091
platille des Indes,6,non,,804091
platille pour Guinée,1,non,,804091
platille roussie,1,non,,804091
platines,4,non,,804091
platines à cassave,13,non,,804091
platines à verdet,1,non,,804091
platines de cuivre,108,non,,804091
platines de cuivre et plaques de cuivre,0,non,,804091
platines de fer,11,non,,804091
platines de fer coulé de fonte,1,non,,804091
platines de fer-blanc,1,non,,804091
platines de ferrure,2,non,,804091
platines de fusils,11,non,,804091
platines en lingots,2,non,,804091
platines minerai,1,non,,804091
platon,1,non,,804091
plâtre,569,non,,804091
plâtre brut,1,non,,804091
plâtre calciné ou brut,2,non,,804091
plâtre calciné ou moulé préparé,2,non,,804091
plâtre calciné ou moulé soit préparé,4,non,,804091
plâtre de pierres,2,non,,804091
plâtre et pierres ditto,118,non,,804091
plâtre et pierres ditto par livre,10,non,,804091
plâtre gris,2,non,,804091
plâtre moulu,2,non,,804091
plâtre moulu soit préparé,1,non,,804091
plats d'étain,2,non,,804091
plats de boire,1,non,,804091
plats de bois,8,non,,804091
plats de d'étain,1,non,,804091
plats de faïence,1,non,,804091
plats de fer,15,non,,804091
plats de sapin,1,non,,804091
plats et pots d'étain,1,non,,804091
plawens,4,non,,804091
plawens ou codde,11,non,,804091
plesny,1,non,,804091
pleviers,2,non,,804091
plies sèches,4,non,,804091
plocq,107,non,,804091
plomb,492,non,,804091
plomb à gibier,9,non,,804091
plomb à tirer,2,oui,,804091
plomb argenté,1,non,,804091
plomb battu ou laminé,7,non,,804091
plomb brut,15,non,,804091
plomb brut en pain,1,non,,804091
plomb de caisse de thé,1,non,,804091
plomb de chasse,79,non,,804091
plomb de cuivre battu,4,non,,804091
plomb de pêche,1,non,,804091
plomb de soudes,1,non,,804091
plomb de toutes sortes,7,oui,,804091
plomb divers,30,oui,,804091
plomb en barre,22,oui,,804091
plomb en barres,23,non,,804091
plomb en bloc,127,non,,804091
plomb en feuilles,5,non,,804091
plomb en grenaille,1002,non,,804091
plomb en lingot,8,non,,804091
plomb en masse,1,non,,804091
plomb en pain,27,non,,804091
plomb en plaque,19,non,,804091
plomb en poids,2,non,,804091
plomb en rolles et travaillé,128,non,,804091
plomb en rouleau,113,non,,804091
plomb en rouleau et en tables,2,non,,804091
plomb en rouleau lingots,4,non,,804091
plomb en rouleau lingots etc.,2,non,,804091
plomb en rouleau lingots tables,1,non,,804091
plomb en saumon,1393,non,,804091
plomb en saumon d'Allemagne,2,non,,804091
plomb en saumon et grenaille,9,non,,804091
plomb en saumon et rouleau,6,non,,804091
plomb en saumon et table,6,non,,804091
plomb en saumon pour grenaille,1,non,,804091
plomb en saumon pour table,3,non,,804091
plomb en saumon rouleau,2,oui,,804091
plomb en saumon salé,1,non,,804091
plomb et toutenague,93,non,,804091
plomb giboyer,1,oui,,804091
plomb laminé,49,non,,804091
plomb laminé rouleau,1,non,,804091
plomb pour filets à pêcher,1,non,,804091
plomb sable,0,non,,804091
plomb thé,1,non,,804091
plomb tuyaux d'orgues,2,non,,804091
plomb vieux,34,non,,804091
plombagine,4,non,,804091
plumes,223,non,,804091
plumes à cure-dents,15,non,,804091
plumes à écrire,769,non,,804091
plumes à écrire d'oie,3,non,,804091
plumes à écrire et à lit,164,non,,804091
plumes à écrire et à lit duvet et édredon,15,non,,804091
plumes à écrire non travaillées,2,non,,804091
plumes à lit,537,non,,804091
plumes à lit brutes,1,non,,804091
plumes à lit vives,119,non,,804091
plumes à manchon,10,non,,804091
plumes à phants,1,non,,804091
plumes à plumet,1,non,,804091
plumes à volant,14,non,,804091
plumes apprêtées,3,non,,804091
plumes apprêtées à écrire,19,non,,804091
plumes apprêtées blanches de parure,2,non,,804091
plumes apprêtées blanches grandes de parure,2,non,,804091
plumes apprêtées d'autruche,364,non,,804091
plumes apprêtées de coq,1,non,,804091
plumes apprêtées de parure,2,non,,804091
plumes apprêtées grandes de parure,2,non,,804091
plumes apprêtées noires de parure,4,non,,804091
plumes apprêtées petites de parure,2,non,,804091
plumes blanches brutes de parure,2,non,,804091
plumes blanches brutes grandes de parure,2,non,,804091
plumes brutes,3,non,,804091
plumes brutes à écrire,24,non,,804091
plumes brutes à genice,4,non,,804091
plumes brutes de parure,28,non,,804091
plumes brutes grandes de parure,3,non,,804091
plumes brutes noires de parure,4,non,,804091
plumes brutes petites de parure,3,non,,804091
plumes communes à lit,1,non,,804091
plumes cordons gris et jaunes et rouges et à écrire,6,non,,804091
plumes cordons jaunes à écrire,3,non,,804091
plumes cordons rouges à écrire,3,non,,804091
plumes d'aigledon,31,non,,804091
plumes d'aiglon,5,non,,804091
plumes d'aiglon en édredon,2,non,,804091
plumes d'autruche,203,non,,804091
plumes d'autruche à écrire,1,non,,804091
plumes d'autruche blanches,2,non,,804091
plumes d'autruche brutes,184,non,,804091
plumes d'autruche crues,35,non,,804091
plumes d'autruche crues et noires,1,non,,804091
plumes d'autruche et autres de parure,66,non,,804091
plumes d'autruche et de vautour,11,non,,804091
plumes d'autruche noires,2,non,,804091
plumes d'édredon,25,non,,804091
plumes d'oie,141,non,,804091
plumes d'oie à lit,4,non,,804091
plumes d'oiseaux,1,non,,804091
plumes de coq,4,non,,804091
plumes de duvet,3,non,,804091
plumes de lin,57,oui,,804091
plumes de lit,57,non,,804091
plumes de poule,50,non,,804091
plumes de soie,1,non,,804091
plumes duvet,3,oui,,804091
plumes en ???,1,non,,804091
plumes idem,1,non,,804091
plumes mortes,82,non,,804091
plumes mortes à lit,2,non,,804091
plumes noire,3,non,,804091
plumes pour dévidoir,1,non,,804091
plumes pour duvet,3,non,,804091
plumes teintes,2,non,,804091
plumes vives,2,non,,804091
plumes vives à lit,2,non,,804091
plumets,10,non,,804091
plumets pour chapeaux,112,non,,804091
plus,1,non,,804091
pluviers,1,non,,804091
poches de peau,1,non,,804091
poêles,4,non,,804091
poêles à chaudron de fer,1,non,,804091
poêles à chauffer,3,non,,804091
poêles à feu,42,non,,804091
poêles à frire,151,non,,804091
poêles à frire de fer,167,non,,804091
poêles à frire de fer battu,1,non,,804091
poêles d'airain,1,non,,804091
poêles de faïence,5,non,,804091
poêles de fer,68,non,,804091
poêles de fer à feu,4,non,,804091
poêles de fer de fonte,1,non,,804091
poêles de fer et leurs tuyaux,2,non,,804091
poêles de fer pesant 600 livres,1,non,,804091
poêles de feu à frire,1,non,,804091
poêles de terre,1,non,,804091
poêlons de cuivre,2,non,,804091
poêlons de cuivre jaune,1,non,,804091
poêlons de fer,1,non,,804091
poids,11,non,,804091
poids à peser,2,non,,804091
poids de 28 ??? de Hollande,1,non,,804091
poids de fer,168,non,,804091
poids de fer de fonte,1,non,,804091
poids de fonde,1,non,,804091
poids de plomb,1,non,,804091
poignards et sabres de traite,1,non,,804091
poignées d'épée d'argent,1,non,,804091
poignées pour sabres,3,non,,804091
poignets de chemise,3,non,,804091
poil,140,non,,804091
poil blanc,1,non,,804091
poil d'autruche en laine pour faire lisière,1,non,,804091
poil d'élan et de lièvre,1,non,,804091
poil d'Espagne d'argent,1,non,,804091
poil de ???,1,non,,804091
poil de bœuf,24,non,,804091
poil de bœuf c'est de la laine,1,non,,804091
poil de bœuf et de vache,6,non,,804091
poil de bouc,2,non,,804091
poil de carton,1,non,,804091
poil de castor,44,non,,804091
poil de castor et d'élan,2,non,,804091
poil de chameau,111,non,,804091
poil de chameau et de chèvre,49,non,,804091
poil de chameau et de chèvre et de lièvre,13,non,,804091
poil de chameau et de lièvre,4,non,,804091
poil de cheval,1,non,,804091
poil de chèvre,238,non,,804091
poil de chèvre et de lapin et de lièvre,200,non,,804091
poil de chèvre non filé,2,non,,804091
poil de chèvre simple,22,non,,804091
poil de chevreau,8,non,,804091
poil de chevrotin,36,non,,804091
poil de cochon,1,non,,804091
poil de coton,1,non,,804091
poil de laine,4,non,,804091
poil de lapin,202,non,,804091
poil de lapin et de lièvre,93,non,,804091
poil de lièvre,37,non,,804091
poil de loup,1,non,,804091
poil de porcs,6,non,,804091
poil de porcs et poil de sanglier,86,non,,804091
poil de sanglier,109,non,,804091
poil de vache,4,non,,804091
poil et cheveux,40,non,,804091
poil pour doublage,1,non,,804091
poil propre à la chapellerie et à la filature,4,non,,804091
poinade,2,non,,804091
poinçon neuf et vide,1,non,,804091
point d'argent et d'or,1,non,,804091
point d'Espagne,1,non,,804091
point d'Espagne d'argent,1,non,,804091
point d'Espagne d'argent et d'or,3,non,,804091
point d'Espagne d'or,3,non,,804091
point d'Espagne et ruban or et argent,1,non,,804091
point d'or,1,non,,804091
point de Hongrie,27,non,,804091
pointes de bâts,9,non,,804091
pointes de bois,5,non,,804091
pointes de bois pour bâts,6,oui,,804091
pointes de corne,1,non,,804091
pointes de Hongrie,2,non,,804091
pointes de queues de martre,3,non,,804091
pointes pour bâtir de bois,1,non,,804091
poireaux,3,non,,804091
poireaux à planter,1,non,,804091
poires,76,non,,804091
poires de coing,15,non,,804091
poires du bon chrétien,85,non,,804091
poires du bon chrétien et de coing,3,non,,804091
poires en pommes,3,non,,804091
poires et pommes,4,non,,804091
poires et pommes communes,135,non,,804091
poires et pommes fraîches,80,non,,804091
poires et pommes sèches,85,non,,804091
poires fraîches,3,non,,804091
poires sèches,8,non,,804091
pois,255,non,,804091
pois blancs,5,non,,804091
pois carrés,3,non,,804091
pois chiches,46,non,,804091
pois communs,127,non,,804091
pois confits,1,non,,804091
pois crus,2,non,,804091
pois d'Espagne,33,non,,804091
pois de Bourgogne,112,non,,804091
pois de Grasse,1,non,,804091
pois en gerbe,15,non,,804091
pois et fève et haricot,2,oui,,804091
pois et fèves,10,oui,,804091
pois fayolles,2,oui,,804091
pois haricots,1,oui,,804091
pois noirs,1,non,,804091
pois pointus,5,non,,804091
pois secs,73,non,,804091
pois secs et verts,1,non,,804091
pois verts,118,non,,804091
poisson,657,non,,804091
poisson ???,7,non,,804091
poisson anchois,38,non,,804091
poisson blanc,1,non,,804091
poisson blanc et petit,102,non,,804091
poisson d'eau douce,24,non,,804091
poisson d'eau douce frais,1,non,,804091
poisson d'eau douce frais préparé,4,non,,804091
poisson de mer,39,non,,804091
poisson de mer 196 lignes,1,non,,804091
poisson de mer de pêche française,5,non,,804091
poisson de mer divers,9,non,,804091
poisson de mer frais,10,non,,804091
poisson de mer frais fumé salé ou sec,3,non,,804091
poisson de mer frais salé et sec,1,non,,804091
poisson de mer mariné à l'huile,7,non,,804091
poisson de mer salé,2,non,,804091
poisson de mer salé divers,0,non,,804091
poisson de mer salé et mariné,19,non,,804091
poisson de mer salé et mariné ??? blanc,3,non,,804091
poisson de mer salé ou mariné,10,non,,804091
poisson de mer sec,1,non,,804091
poisson dit julienne,2,non,,804091
poisson divers salé,8,non,,804091
poisson en adobe,90,non,,804091
poisson en anchois,1,non,,804091
poisson en daube,2,non,,804091
poisson frais,367,non,,804091
poisson frais de mer,9,non,,804091
poisson frais et gros,13,non,,804091
poisson frais et mariné et salé,11,non,,804091
poisson frais et petit,4,non,,804091
poisson frais et salé,68,non,,804091
poisson frais menu,1,non,,804091
poisson frit,127,non,,804091
poisson frit et gros,1,non,,804091
poisson frit salé,1,non,,804091
poisson mariné,13,non,,804091
poisson salé,1078,non,,804091
poisson salé de,2,non,,804091
poisson salé et frais,9,non,,804091
poisson salé et mariné,26,non,,804091
poisson salé morue accompagnée de ???,3,non,,804091
poisson sec,12,non,,804091
poissons salés,8,non,,804091
poissons salés et secs,2,non,,804091
poivre,1864,non,,804091
poivre à meules,1,non,,804091
poivre blanc,58,non,,804091
poivre blanc-noir,0,non,,804091
poivre brun,2,non,,804091
poivre commun,52,non,,804091
poivre concassé,1,non,,804091
poivre de Bourgogne,1,non,,804091
poivre de girofle,2,non,,804091
poivre de Jamaïque,1,non,,804091
poivre de roussi,1,non,,804091
poivre des entrepôts,0,non,,804091
poivre des Indes,4,non,,804091
poivre dit maniquette,2,non,,804091
poivre doux,1,non,,804091
poivre en grabeau,51,non,,804091
poivre en grains,13,non,,804091
poivre en poudre,1,non,,804091
poivre en poussière,4,non,,804091
poivre giroflé,254,non,,804091
poivre léger,1,non,,804091
poivre long,42,non,,804091
poivre noir,110,non,,804091
poivre ordinaire,38,non,,804091
poivre piment,12,non,,804091
poivre rond,1,non,,804091
poivre sec,1,non,,804091
poivre vert,1,non,,804091
poix,1564,non,,804091
poix ???,2,non,,804091
poix blanche,11,non,,804091
poix blanche et noire et résines,6,non,,804091
poix blanche et résines,4,non,,804091
poix de Bourgogne,3,non,,804091
poix et tartre,10,non,,804091
poix et térébenthine,14,non,,804091
poix étrangère,1,non,,804091
poix grasse,11,non,,804091
poix molle,1,non,,804091
poix noire,84,non,,804091
poix noire et poix blanche,0,non,,804091
poix ou galipot,5,non,,804091
poix résines,229,non,,804091
poix terck daguet goudron,123,non,,804091
polimi,73,non,milieu de gamme,43973
polimi de poil,11,non,,804091
polimi gris,2,non,,804091
polonaises,2,non,,804091
polypode,10,non,,804091
pomargues,1,non,,804091
pomelles à voiliers,1,non,,804091
pomette d'acier,1,non,,804091
pommade,569,non,,804091
pommade commune,1,non,,804091
pommade de senteur,31,oui,,804091
pommade et poudre,10,non,,804091
pommade et poudre et savonnettes,2,non,,804091
pommade et savonnettes,110,non,,804091
pommeaux de cuivre doré,1,non,,804091
pommes,228,non,,804091
pommes crues,1,non,,804091
pommes d'api,2,non,,804091
pommes de caille,1,non,,804091
pommes de cannes,1,non,,804091
pommes de cannes décaillées,1,non,,804091
pommes de grenade,22,non,,804091
pommes de paradis,1,non,,804091
pommes de rainettes,4,non,,804091
pommes de terre,87,non,,804091
pommes elemy,1,non,,804091
pommes et poires,18,non,,804091
pommes fraîches,38,non,,804091
pommes sèches,3,non,,804091
pompes,13,non,,804091
pompes à boire,1,non,,804091
pompes à éteindre le feu,1,non,,804091
pompes à feu,5,non,,804091
pompes à Hollande,1,non,,804091
pompes à incendie,3,non,,804091
pompes à laver les vitres,1,non,,804091
pompes à main et petites,1,non,,804091
pompes à navire,2,non,,804091
pompes de bois,27,non,,804091
pompes de bois à main,1,non,,804091
pompes de cuivre,1,non,,804091
pompes de fer,1,non,,804091
pompes de Hollande,1,non,,804091
pompes de navire,0,non,,804091
pompes de plomb,1,non,,804091
pompes de plomb de 20 pieds,1,non,,804091
pompes pour pompiers,3,non,,804091
pompons,1,non,,804091
pompons d'argent et de soie,1,non,,804091
poncire,70,non,,804091
ponçure de pin,1,non,,804091
Pondichéry,1,non,,804091
poopee ?,1,non,,804091
popeline,18,non,,804091
popeline de coton et soie,2,non,,804091
popeline de filoselle,1,non,,804091
popeline de laine,1,non,,804091
popeline de soie,1,oui,,804091
popeline des prises,1,non,,804091
populeum,5,non,,804091
porcelaine,1695,non,,804091
porcelaine à la valeur,1,non,,804091
porcelaine commune,133,non,,804091
porcelaine commune et fine,2,non,,804091
porcelaine contrefaite,5,non,,804091
porcelaine de Chine,2,non,,804091
porcelaine de Hollande,12,non,,804091
porcelaine de Saint-Cloud,5,non,,804091
porcelaine de Saxe,10,non,,804091
porcelaine de Tournai,2,non,,804091
porcelaine des Indes,69,non,,804091
porcelaine diverse,4,non,,804091
porcelaine du Faubourg Saint-Antoine,1,non,,804091
porcelaine du Japon,1,non,,804091
porcelaine et faïence,2,non,,804091
porcelaine fine,9,non,,804091
porcelaine fine à la valeur,1,non,,804091
porcelaine fine au kilogramme,2,non,,804091
porcelaine Hollande,1,non,,804091
porcelaine soucoupes et tasses,1,non,,804091
porcelets,87,non,,804091
porcelets de 6 mois,1,non,,804091
porcelets et porcs,22,non,,804091
porcs,282,non,,804091
porcs au-dessous de 6 mois,4,non,,804091
porcs au-dessus de 6 mois,1,non,,804091
porcs confits,6,non,,804091
porcs de 6 mois et au-dessus,4,non,,804091
porcs de lait,158,non,,804091
porcs de lait au-dessous de 3 mois,2,non,,804091
porcs et porcelets,1,oui,,804091
porcs frais,11,non,,804091
porcs fumés,1,non,,804091
porcs gras,297,non,,804091
porcs gras en vie,1,non,,804091
porcs gras et maigres,1,non,,804091
porcs maigres,20,non,,804091
porcs maigres salés,2,non,,804091
porcs poulets,2,non,,804091
porcs salé,0,oui,,804091
porcs salé et petit salé,1,oui,,804091
porcs salés,393,non,,804091
porcs salés et petit salé,6,non,,804091
porcs tués,1,non,,804091
porcs tués petits,1,non,,804091
porphyre,1,non,,804091
porte de verre,1,non,,804091
porte la frine,1,non,,804091
portefeuilles,3,non,,804091
portemanteaux,4,non,,804091
portemanteaux de cuir,2,non,,804091
portemanteaux de cuir de Russie,3,non,,804091
portemanteaux de peau de Russie,1,oui,,804091
portemanteaux de Russie,1,oui,,804091
portevoix,1,non,,804091
portevue,6,non,,804091
portrait,2,non,,804091
portrait à cadres dorés,1,non,,804091
portrait de cour,5,non,,804091
portrait de famille,3,non,,804091
portrait et ses bordures,1,non,,804091
portrait et ses bordures dorées,1,non,,804091
portrait et ses bordures dorées et en pastel,1,non,,804091
poste royale,20,non,,804091
pot à fleurs de faïence,1,non,,804091
pot de terre,2,non,,804091
pot de terre couvert d'étain,2,non,,804091
potache,4,non,,804091
potasse,1195,non,,804091
potasse et védasse,6,non,,804091
potasse et védasse et gravelée,86,non,,804091
potasse gravelée et védasse,32,non,,804091
poterie,141,non,,804091
poterie à feu,1,non,,804091
poterie commune,3,non,,804091
poterie crue,1,non,,804091
poterie d'orient,0,non,,804091
poterie de cuivre,1,non,,804091
poterie de Delft,1,non,,804091
poterie de faïence,263,non,,804091
poterie de faïence et verrerie,53,non,,804091
poterie de fer,31,non,,804091
poterie de grès,243,non,,804091
poterie de grès barbançons,1,non,,804091
poterie de grès barbues,1,non,,804091
poterie de grès cavelle,1,non,,804091
poterie de grès commune,4,non,,804091
poterie de grès commune et fine,2,non,,804091
poterie de grès diverse,32,non,,804091
poterie de grès fine,2,non,,804091
poterie de grès moques,1,non,,804091
poterie de livre,4,non,,804091
poterie de pierre,70,non,,804091
poterie de pierre et de terre,262,non,,804091
poterie de raffinerie,1,non,,804091
poterie de terraille,1,oui,,804091
poterie de terre,432,oui,,804091
poterie de terre barbançons,4,oui,,804091
poterie de terre cannette,1,oui,,804091
poterie de terre cruche,1,oui,,804091
poterie de terre cuite,453,non,,804091
poterie de terre cuite diverse,57,non,,804091
poterie de terre diverse,57,oui,,804091
poterie de terre grossière,7,non,,804091
poterie de terre terraille,43,oui,,804091
poterie des Indes,1,non,,804091
poterie diverse,31,non,,804091
poterie du pays,1,non,,804091
poterie et terre,2,non,,804091
poterie façon d'Angleterre et de terre,1,non,,804091
poterie grès,1,non,,804091
poterie jarre,10,non,,804091
poterie ordinaire,1,non,,804091
poterie petite et forme à sucre,1,non,,804091
poterie terraille,59,oui,,804091
poterie tuiles et verrerie,3,non,,804091
potin,101,non,,804091
potin à plomber pots,6,non,,804091
potin bleu,1,non,,804091
potin cru,117,non,,804091
potin gris,18,non,,804091
potin raffiné,83,non,,804091
pots,67,non,,804091
pots à fleurs de faïence,1,non,,804091
pots à forme à sucre,5,non,,804091
pots à forme à sucre de terre,4,non,,804091
pots à huile de terre,1,non,,804091
pots à moutarde et verres à boire,1,non,,804091
pots à peintures,1,non,,804091
pots à raffinerie,2,non,,804091
pots à rouler du tabac,1,non,,804091
pots à sucre,1,non,,804091
pots à sucre de terre,10,non,,804091
pots d'étain,2,non,,804091
pots de brai en fer,1,non,,804091
pots de cervier,1,non,,804091
pots de chaises de commodité,5,non,,804091
pots de chaises de faïence,1,non,,804091
pots de chambre de faïence,1,non,,804091
pots de faïence,2,non,,804091
pots de faïence à eau,1,non,,804091
pots de faïence à jardin,1,non,,804091
pots de faïence de commodité,1,non,,804091
pots de fer,26,non,,804091
pots de grès,20,non,,804091
pots de grès couverts d'étain,1,non,,804091
pots de grès grands,1,non,,804091
pots de rechange,2,non,,804091
pots de rouge,3,non,,804091
pots de sucre,1,non,,804091
pots de terre,99,non,,804091
pots de terre à faire,1,non,,804091
pots de terre et forme de terre à sucre,1,non,,804091
pots de terre grands,1,non,,804091
pots de terre pour apothicaire,1,non,,804091
pots de terre rouge,1,non,,804091
pots garnis d'étain et de terre,1,non,,804091
pots non garnis et de terre,1,non,,804091
pots pour chaises de commodité,2,non,,804091
pou de soie,1,non,,804091
poudre,85,non,,804091
poudre ??? nationales d'après les états du département de poudre et de salpêtre,2,non,,804091
poudre à cacheter,1,non,,804091
poudre à canons,257,non,,804091
poudre à canons de guerre,2,non,,804091
poudre à canons et à tirer,12,non,,804091
poudre à cirer,3,non,,804091
poudre à encre,1,non,,804091
poudre à fers,1,non,,804091
poudre à feu,117,non,,804091
poudre à fusil,3,non,,804091
poudre à fusil et à tirer,14,non,,804091
poudre à giboyer,1,non,,804091
poudre à liser,1,non,,804091
poudre à odeur,2,non,,804091
poudre à poudrer,719,non,,804091
poudre à poudrer et de senteur,2,non,,804091
poudre à poudrer et pommade,1,non,,804091
poudre à tirer,352,non,,804091
poudre à tirer d'après les états fournis par le directeur des poudres et salpêtre,5,non,,804091
poudre à tirer fine,1,non,,804091
poudre blanche,2,non,,804091
poudre brillant,2,non,,804091
poudre bronzante,4,non,,804091
poudre cosmétique,5,non,,804091
poudre d'Ailhaud,34,non,,804091
poudre d'aventurine,2,non,,804091
poudre d'émeri,1,non,,804091
poudre d'iris,6,non,,804091
poudre d'or,1,non,,804091
poudre d'oxaca,1,non,,804091
poudre de canons,1,non,,804091
poudre de capucin,14,non,,804091
poudre de carène,1,non,,804091
poudre de chasse,1,non,,804091
poudre de gouaxaca,1,non,,804091
poudre de guerre,3,non,,804091
poudre de marbre,1,non,,804091
poudre de mine,1,non,,804091
poudre de plomb,1,non,,804091
poudre de riz,2,non,,804091
poudre de sapin,1,non,,804091
poudre de terre,3,non,,804091
poudre de traite,6,non,,804091
poudre de traite d'Angleterre et de Hollande,1,non,,804091
poudre en grenaille,1,non,,804091
poudre en lest,1,non,,804091
poudre en pommade,1,non,,804091
poudre et pommade,1,non,,804091
poudre et salpêtre,3,non,,804091
poudre et teinture verte,5,non,,804091
poudre fine,1,non,,804091
poudre jaune,1,non,,804091
poudre médicinale,8,non,,804091
poudre noire,1,non,,804091
poudre précipité,1,non,,804091
poudre purgative,3,non,,804091
poudre purgative d'Ailhaud,3,non,,804091
poudre verte,1,non,,804091
poulailler de cordonnier,2,non,,804091
poulains,211,non,,804091
poulains à zin,1,non,,804091
poulains de 18 mois,1,non,,804091
poulains de somme,2,non,,804091
poulains mulards,2,non,,804091
poulardes,9,non,,804091
poules,32,non,,804091
poules d'eau,1,non,,804091
poules d'étain,1,non,,804091
poules d'Inde,1,non,,804091
poules de bois,1,non,,804091
poules des Indes,2,non,,804091
poules en vie,1,non,,804091
poules et poulets,2,non,,804091
poulets,68,non,,804091
poulets d'Inde,4,non,,804091
poulets de cane,1,non,,804091
poulies,20,non,,804091
poulies de bois,3,non,,804091
poulies de gaïac,1,non,,804091
poulies de sapin,1,non,,804091
poulies de vaisseaux,2,non,,804091
poulies garnies,2,non,,804091
poupée,6,non,,804091
poupée d'enfant,1,non,,804091
pour la pêche,20,oui,,804091
pour la pêche à la morue,7,oui,,804091
pour la poste royale,13,oui,,804091
pour le cabotage,9,non,,804091
pour les peintures et la teinture,1,non,,804091
pourette,1,non,,804091
pourette de mûrier,1,non,,804091
pousses de houblon et vignes,3,non,,804091
poussière,2,non,,804091
poussière d'écorce de pin,1,oui,,804091
poussière d'encens,36,non,,804091
poussière de barille,1,oui,,804091
poussière de bourde,2,oui,,804091
poussière de buis,3,non,,804091
poussière de foin,3,non,,804091
poussière de martre,1,non,,804091
poussière de mûriers,1,non,,804091
poussière de pin,3,non,,804091
poussière de raisin,1,non,,804091
poussière de résines,4,non,,804091
poussière de soudes,7,non,,804091
poussière de tartre,61,non,,804091
poussière de terre,1,non,,804091
poussière de vitriol,2,non,,804091
poussins,3,non,,804091
poutardes,1,non,,804091
poutargues,85,non,,804091
poutines,1,non,,804091
poutreaux,26,non,,804091
poutreaux de 12 pieds,0,non,,804091
poutreaux de 9 pieds,0,non,,804091
poutreaux de bois,1,non,,804091
poutreaux de chêne,2,non,,804091
poutreaux de sapin,14,non,,804091
poutreaux de sapin de 10 pieds,0,non,,804091
poutreaux de sapin de 24 pieds,0,non,,804091
poutrelles,12,non,,804091
poutrelles de frêne,1,non,,804091
poutrelles de sapin,4,non,,804091
poutrelles et solives,1,non,,804091
poutres,2139,non,,804091
poutres de 16 à 28 pieds,1,non,,804091
poutres de 60 pieds,1,non,,804091
poutres de bois,1,non,,804091
poutres de bois pour bâtir,1,non,,804091
poutres de chêne,5,non,,804091
poutres de chêne de 20 pieds,1,non,,804091
poutres de chêne de 24 à 39 pieds,1,non,,804091
poutres de chêne de 30 pieds,2,non,,804091
poutres de chêne de 34 pieds,1,non,,804091
poutres de chêne de 45 pieds,1,non,,804091
poutres de sapin,55,non,,804091
poutres de sapin de 12 pieds,1,non,,804091
poutres de sapin de 14 pieds,2,non,,804091
poutres de sapin de 22 pieds,3,non,,804091
poutres de sapin de 24 pieds,4,non,,804091
poutres de sapin de 25 pieds,3,non,,804091
poutres de sapin de 26 pieds,2,non,,804091
poutres de sapin de 27 pieds,1,non,,804091
poutres de sapin de 28 pieds,1,non,,804091
poutres de sapin de 30 pieds,3,non,,804091
poutres de sapin de 32 pieds,1,non,,804091
poutres de sapin de 34 pieds,1,non,,804091
poutres de sapin de 35 pieds,2,non,,804091
poutres de sapin de 36 pieds,2,non,,804091
poutres de sapin de 40 pieds,3,non,,804091
poutres de sapin de 45 pieds,4,non,,804091
poutres de sapin de 55 pieds,2,non,,804091
poutres et poutrelles,3,non,,804091
poutres et solives de sapin,1,non,,804091
poutres grosses,1,non,,804091
pouzzolane,42,non,,804091
prastre,2,non,,804091
preceintes,33,non,,804091
preceintes de 30 à 40 pieds à 5 à 8 pouces d'épaisseur,1,non,,804091
preceintes de chêne,5,non,,804091
precipité,14,non,,804091
précipité,31,non,,804091
précipité rouge,7,non,,804091
preillons à faire colle,1,non,,804091
prélat de toile,1,non,,804091
prélat pour navire,1,non,,804091
préparation de chimie,1,non,,804091
presse,5,non,,804091
presse à étoffe,1,non,,804091
presse à imprimer,4,non,,804091
presse de bois,1,non,,804091
presse de bois de mâture,1,non,,804091
présure,41,non,,804091
présure en peaux de caillé,1,non,,804091
prêtes,1,non,,804091
pretes torches,2,non,,804091
primaselle,2,non,,804091
primula veris,1,non,,804091
prisonnier,2,non,,804091
prisonnier anglais,15,non,,804091
prisonnier échangé,1,non,,804091
prisonnier français,2,non,,804091
prisonnier français échangé,1,non,,804091
provisions,1434,non,,804091
provisions à poudrer,1,non,,804091
provisions de bouche,666,non,,804091
provisions de Carême,5,non,,804091
provisions de caserne,20,non,,804091
provisions diverses principalement en beurre,13,non,,804091
prumerdants,1,non,,804091
pruneaux,5047,non,,804091
pruneaux Brignoles,1,non,,804091
pruneaux communs,29,non,,804091
pruneaux cuits,1,non,,804091
pruneaux d'Amont,52,non,,804091
pruneaux de Bordeaux,1,non,,804091
pruneaux de Sainte-Catherine,78,non,,804091
pruneaux de Tours,1,non,,804091
pruneaux et prunes,7,non,,804091
pruneaux et raisin sec,3,non,,804091
pruneaux et sucre,40,non,,804091
pruneaux et verdet,15,non,,804091
pruneaux noirs,5,non,,804091
prunelle,19,non,milieu de gamme,43973
prunelle buratée de laine,1,non,,804091
prunelle de laine,18,non,milieu de gamme,43973
prunelle de laine burail,4,non,,804091
prunelle de laine burat,2,non,,804091
prunelle de laine et de soie,1,non,,804091
prunelle de laine raze de castor,2,non,,804091
prunelle de poil,18,non,milieu de gamme,43973
prunelle de renvoi,1,non,,804091
prunelle de soie,2,non,,804091
prunelle fine,3,non,,804091
prunelle mêlée de soie,2,non,,804091
prunes,379,non,,804091
prunes ???,1,non,,804091
prunes Brignoles,75,non,,804091
prunes communes,135,non,,804091
prunes communes sèches,13,non,,804091
prunes d'ente,5,non,,804091
prunes de Bordeaux,2,non,,804091
prunes de Sainte-Catherine,93,non,,804091
prunes et figue et raisin,72,non,,804091
prunes et pruneaux,0,non,,804091
prunes et raisin,1,non,,804091
prunes fraîches,1,non,,804091
prunes fraîches de ???,0,non,,804091
prunes noires,3,non,,804091
prunes pêches cerises nèfles etc.,125,non,,804091
prunes sèches,71,non,,804091
prunes sèches et communes,1,non,,804091
prusses,1,non,,804091
prusses de 30 pieds,1,non,,804091
prussiate de potasse,3,non,,804091
prussiate de potasse cristallisée,2,non,,804091
prusus,1,non,,804091
psalterion,5,non,,804091
pupitre,1,non,,804091
pyrèthre,16,non,,804091
pyrèthre racine,17,non,,804091
pysolles,1,non,,804091
quadrilles,1,non,,804091
quadruple ou pièce d'or d'Espagne,1,non,,804091
quarlais bottes etc.,45,non,,804091
quart,1,oui,,804091
quart à farine,1,oui,,804091
quart de fer-blanc,1,non,,804091
quart de nonante,9,non,,804091
quart de nonante à prendre hauteur,1,non,,804091
quarteaux,1,non,,804091
quarteaux cerclés de fer,1,non,,804091
quartiers de réduction,1,non,,804091
quarts,1,non,,804091
quarts à farine,1,non,,804091
quenouilles,13,non,,804091
quenouilles de cannes,1,non,,804091
quenouilles de cannes de peinte,1,non,,804091
quenouilles de roseaux au peinte,1,non,,804091
quenouilles ou roseaux,2,non,,804091
quercas,1,non,,804091
quercitron,14,non,,804091
quercitron des entrepôts,0,non,,804091
queues de fouine et de martre,2,non,,804091
queues de koquiky et de putois,2,non,,804091
queues de martre,9,non,,804091
queues de martre en cordons,1,non,,804091
queues de petit gris,2,non,,804091
queues de rat musqué,1,non,,804091
queues de renard,2,non,,804091
queues de renard et écureuil,2,non,,804091
queues penne et noppes,88,non,,804091
quikous chaus,1,non,,804091
quilles,1,non,,804091
quilles de hêtre,2,non,,804091
quilles de navire,1,non,,804091
quilles de vaisseaux,4,non,,804091
quincaillerie,1294,non,,804091
quincaillerie argentée,1,non,,804091
quincaillerie carde,54,non,,804091
quincaillerie clou,4,non,,804091
quincaillerie commune,43,non,,804091
quincaillerie commune de fer,22,non,,804091
quincaillerie d'acier,38,non,,804091
quincaillerie d'acier doré,4,non,,804091
quincaillerie d'acier et de cuivre,1,non,,804091
quincaillerie d'acier et de cuivre et de fer,25,non,,804091
quincaillerie d'acier et de fer,1099,non,,804091
quincaillerie d'acier et de fer en fauty,2,non,,804091
quincaillerie d'acier et de fonte,1,non,,804091
quincaillerie d'acier et fine,12,non,,804091
quincaillerie d'acier ou de fer,1,non,,804091
quincaillerie de bois,18,non,,804091
quincaillerie de cuivre,519,non,,804091
quincaillerie de cuivre clou,9,non,,804091
quincaillerie de cuivre colorié,1,non,,804091
quincaillerie de cuivre fil de laiton,3,non,,804091
quincaillerie de faine,1,non,,804091
quincaillerie de fer,963,non,,804091
quincaillerie de fer ???,2,non,,804091
quincaillerie de fer clou,78,non,,804091
quincaillerie de fer en fil,6,non,,804091
quincaillerie de fer et acier ???,1,non,,804091
quincaillerie de fer et grosse,31,non,,804091
quincaillerie de fer grosse,1,non,,804091
quincaillerie de fer ordinaire,3,non,,804091
quincaillerie de fumée,1,non,,804091
quincaillerie de menu fer,6,non,,804091
quincaillerie de platine,1,non,,804091
quincaillerie de retour,1,non,,804091
quincaillerie de soie,1,non,,804091
quincaillerie de toutes espèces,6,oui,,804091
quincaillerie en ???,2,non,,804091
quincaillerie et mercerie,25,non,,804091
quincaillerie étrangère,7,non,,804091
quincaillerie faux,14,non,,804091
quincaillerie fine,25,non,,804091
quincaillerie française,7,non,,804091
quincaillerie grosse,12,non,,804091
quincaillerie sèche,1,non,,804091
quincaillerie y compris les armes et la ferraille,12,non,,804091
quinette,4,non,,804091
quinoa,3,non,,804091
quinquina,1013,non,,804091
quinquina de grabeau,3,non,,804091
quinquina des Indes,1,non,,804091
quinquina en extrait,1,non,,804091
quinquina en grabeau,3,non,,804091
quinquina rouge,1,non,,804091
quinquina vrai,4,non,,804091
quintessence,14,non,,804091
quintessence de bergamote,2,non,,804091
quintessence de citron,2,non,,804091
quintessence de rose,1,non,,804091
quire,1,non,,804091
rabots,2,non,,804091
racinages,1,non,,804091
racine d'alizary,4,oui,,804091
racine de pivoine,1,oui,,804091
racines,92,non,,804091
racines à barreau,1,non,,804091
racines à teindre,1,non,,804091
racines d' ???,0,oui,,804091
racines d'alizari,123,non,,804091
racines d'alizary,4,oui,,804091
racines d'angélique,25,non,,804091
racines d'Angleterre,1,non,,804091
racines d'arcanette,5,non,,804091
racines d'Espagne,1,non,,804091
racines d'esquine,5,non,,804091
racines d'ipécacuanha,2,non,,804091
racines d'iris,1,non,,804091
racines d'iris de Florence,12,non,,804091
racines d'orcanette,2,non,,804091
racines d'ortie,1,non,,804091
racines de ???,0,oui,,804091
racines de brionc,1,non,,804091
racines de buis,1,non,,804091
racines de calamus,1,non,,804091
racines de chicorée sèche non torréfiées,3,non,,804091
racines de dictame,6,non,,804091
racines de fouchet,1,non,,804091
racines de gaïac,1,non,,804091
racines de galanga,3,non,,804091
racines de garance,5,non,,804091
racines de garou,2,non,,804091
racines de ginseng,1,non,,804091
racines de guimauve,3,non,,804091
racines de jalap,8,non,,804091
racines de jardin,1,non,,804091
racines de la Chine,1,non,,804091
racines de lin,1,non,,804091
racines de mechoacam,1,non,,804091
racines de paruru brana,1,non,,804091
racines de persil,1,non,,804091
racines de pierrestre,6,oui,,804091
racines de pivoine,1,non,,804091
racines de rhubea,1,non,,804091
racines de riz,8,non,,804091
racines de rubea,1,non,,804091
racines de rutum,1,non,,804091
racines de salsepareille,3,non,,804091
racines de sassafras,1,non,,804091
racines de scammonée,1,non,,804091
racines de sequin,1,non,,804091
racines de turbit,1,non,,804091
racines de violette,2,non,,804091
racines de vipère,1,non,,804091
racines de zedoar,6,non,,804091
racines du pays,1,non,,804091
racines jalap,12,non,,804091
racines médicinales,3,non,,804091
racines rhubarbe,12,non,,804091
raclure d'alizari,1,non,,804091
raclure de bois de cerf,1,non,,804091
raclure de carnet,2,non,,804091
raclure de chamois,2,non,,804091
raclure de corne,71,non,,804091
raclure de corne de cerf,19,non,,804091
raclure de fer,2,non,,804091
raclures de pieds de mouton,1,non,,804091
radeau,2,non,,804091
radis chins,2,non,,804091
radis dictame,1,non,,804091
ragot d'or,1,non,,804091
raie,282,non,,804091
rais,109,non,,804091
rais à charrettes,2,non,,804091
rais à charrues,15,non,,804091
raiseau d'argent et d'or,2,non,,804091
raiseau d'argent ou d'or,11,non,,804091
raisin,299,non,,804091
raisin de Calabre,1,non,,804091
raisin de Corinthe,66,non,,804091
raisin de Corinthe et autre,3,oui,,804091
raisin de Damas,9,non,,804091
raisin de Galop,1,non,,804091
raisin de Provence,1,non,,804091
raisin de Provence sec,2,non,,804091
raisin en barils,14,non,,804091
raisin en grappe,12,non,,804091
raisin en grappes,1,oui,,804091
raisin frais,77,non,,804091
raisin frais de Corinthe,4,non,,804091
raisin frais muscat,1,non,,804091
raisin jalap,4,non,,804091
raisin muscat,1,non,,804091
raisin muscat à l'eau-de-vie,2,non,,804091
raisin sec,1245,non,,804091
raisin sec d'époque,1,non,,804091
raisin sec d'Espagne,1,non,,804091
raisin sec de Corinthe,30,non,,804091
raisiné en pot,1,non,,804091
raisins frais,5,oui,,804091
raison passe,7,non,,804091
rames,6,non,,804091
rames à filer,1,non,,804091
rames à ramer,2,non,,804091
rames de bateau,95,non,,804091
rames de bois,2,non,,804091
rames de fer,2,non,,804091
rames de frêne,1,non,,804091
rames de lin,71,non,,804091
rames de lin commun,2,non,,804091
rames de morue,1,non,,804091
ramolaches,2,non,,804091
rampe de fer,2,non,,804091
ramure,3,non,,804091
ramure de sapin,18,non,,804091
rapatelle,3,non,,804091
râpes,7,non,,804091
râpes à tabac,1,non,,804091
râpes d'ivoire à tabac,1,non,,804091
raphia,0,non,,804091
raponty,7,non,,804091
rapsel,1,non,,804091
raquette,7,non,,804091
raquette et volants,3,non,,804091
ras et revêche de ???,2,non,,804091
rase,5,non,,804091
rase blanche,1,non,,804091
rase pour peintures,2,non,,804091
rasoirs,36,non,,804091
rasoirs communs,1,non,,804091
rasoirs de fer-blanc,1,non,,804091
rasorde,2,non,,804091
rassade ou verroterie,3,oui,,804091
rassades,346,non,,804091
rassades de retour,1,non,,804091
rassades de retour faute de vente,1,oui,,804091
rassades des prises,1,non,,804091
rassades et verrerie,4,non,,804091
rassades et vitrifications,24,non,,804091
rassades ou verroterie,9,non,,804091
ratafia,175,non,,804091
ratafia de cerise,1,non,,804091
ratafia de citron,1,non,,804091
râteaux,4,non,,804091
râteaux de fer,2,non,,804091
ratières,1,non,,804091
ratine,397,non,milieu de gamme,43973
ratine commune,1,non,,804091
ratine croisée,6,non,,804091
ratine d'Angleterre,1,non,,804091
ratine de Beauvais,1,non,,804091
ratine de Hollande,1,non,,804091
ratine de laine,1,non,,804091
ratine des prises,1,non,,804091
ratine fine,10,non,,804091
ratine frisée,3,non,,804091
ratine grise des prises,1,non,,804091
ratine petite,3,non,,804091
ratine teinte,8,non,,804091
rats de canons,1,non,,804091
rattes petites,5,non,,804091
rave,8,non,,804091
rave à filer,1,non,,804091
rave à pêche,1,non,,804091
rave à pêcher,6,non,,804091
rave à sèches,1,non,,804091
rave de morue,175,non,,804091
rave de stockfish,1,non,,804091
raveaux,1,non,,804091
rayon,1,non,,804091
rayon de mouches à miel,69,non,,804091
raze anglais,1,non,,804091
raze blanche,1,non,,804091
raze croisé,1,non,,804091
raze d'Angleterre,1,non,,804091
raze de castor,45,non,bas de gamme,18109
raze de Fleury,2,non,,804091
raze de laine,8,non,,804091
raze de Maroc,360,non,bas de gamme,18109
raze de Maroc teint,3,non,,804091
raze de Reims,2,non,,804091
raze de Saint-Lô,2,non,,804091
raze de Saint-Maur,15,non,,804091
raze de Sel,2,non,,804091
raze de soie de Saint-Cyr,5,non,,804091
raze de soie de Saint-Maur,2,non,,804091
raze des prises,1,non,,804091
reagal,27,non,,804091
rebuts de corail,1,non,,804091
rechanges à nègre,1,non,,804091
rechanges de toile à nègres,1,non,,804091
rechanges de toile de halle,1,non,,804091
réchaud à café de fer,1,non,,804091
réchaud avec leurs pieds de fer,1,non,,804091
réchaud de cuivre,5,non,,804091
réchaud de fer,1,non,,804091
réchaud de fer-blanc,1,non,,804091
réchaud de terre,2,non,,804091
réchaud en fer,4,non,,804091
réchauds à café de fer,1,oui,,804091
réchauds de cuivre ouvré,1,oui,,804091
réchauds de fer-blanc,1,oui,,804091
rediné,1,non,,804091
redingotes,30,non,,804091
redingotes d'Angleterre et de drap,1,non,,804091
redingotes de baracon,1,non,,804091
redingotes de drap,1,non,,804091
redingotes de ratine,1,non,,804091
redingotes des prises,1,non,,804091
redingotes habillement ou casaques,63,non,,804091
redon,3,non,,804091
registres,9,non,,804091
registres blancs,29,non,,804091
réglisse,710,non,,804091
réglisse de bois,3,oui,,804091
réglisse en bois,10,non,,804091
réglisse en jus,6,non,,804091
réglisse en pâte,1,non,,804091
réglisse en poudre,1,non,,804091
réglisse et autre,2,non,,804091
réglisse moulu,1,non,,804091
réglisse par balles de 150 livres,1,non,,804091
réglisse sur bâne,2,non,,804091
regrets d'orfèvre,5,non,,804091
régule d'antimoine,11,non,,804091
reliquaire,1,non,,804091
remèdes,77,non,,804091
remèdes composés,5,non,,804091
remèdes pour la goutte,1,non,,804091
remèdes sercé en feuilles,1,non,,804091
repouty,1,non,,804091
représentation des Tuileries,1,non,,804091
représentation du Saint Sépulcre,1,non,,804091
réseau d'argent,15,non,,804091
réseau d'or,4,non,,804091
résidu d'acide vitriolique,1,non,,804091
résidus d'acide nitrique,1,non,,804091
résidus d'acide sulfuriques,1,non,,804091
résines,307,non,,804091
résines de gaïac,1,non,,804091
résines de jalap,21,non,,804091
résines de scammonée,1,non,,804091
résines et térébenthine,21,non,,804091
résines exotiques,9,non,,804091
résines exotiques autres que assa foetida copale jalap et scammonée,2,non,,804091
résines exotiques des entrepôts,0,non,,804091
résines exotiques scammonée,12,non,,804091
résines ou poix,122,non,,804091
résines scammonée,23,non,,804091
ressorts,1,non,,804091
ressorts d'horlogerie,1,non,,804091
ressorts de carrosses,1,non,,804091
ressorts de montre,2,non,,804091
ressorts de pendules,3,non,,804091
ressorts de voiture,2,non,,804091
restant de beurre,6,non,,804091
restant de cargaison,2,non,,804091
restant de chaux,1,oui,,804091
restant de fer,1,oui,,804091
restant de futaille,4,oui,,804091
restant de futailles,0,oui,,804091
restant de marchandises,0,non,,804091
restant de planches,1,oui,,804091
restant de sa cargaison,1,non,,804091
restant de sa cargaison pour Cherbourg,1,oui,,804091
restant de sel,2,oui,,804091
restant de sel de sa pêche,1,oui,,804091
restant de vin,6,non,,804091
restes de pierres,1,non,,804091
retaille de carte,1,non,,804091
retaille de cuir,4,non,,804091
retaille de peau,6,non,,804091
retaille de peau de veau corroyée,1,non,,804091
retaillons de drap,1,non,,804091
rets,1,non,,804091
rets pour tisseurs,12,non,,804091
reuche,2,non,,804091
revêche,6,non,,804091
réveil,5,non,,804091
réveils,2,non,,804091
réverbères,3,non,,804091
rhubarbe,798,non,,804091
rhubarbe commune,1,non,,804091
rhubarbe de Moscovie,35,non,,804091
rhubarbe des Indes,1,non,,804091
rhubarbe du Levant,20,non,,804091
rhubarbe en grabeau,1,non,,804091
rhubarbe et mechoacam,28,non,,804091
rhubarbe fil,1,non,,804091
rhum,51,non,,804091
rhum des prises,1,non,,804091
rhum et sirop fin,22,non,,804091
rhum et tafia,44,non,,804091
rhum et tafia étranger,1,non,,804091
ricanias des Indes,1,non,,804091
ricin,1,non,,804091
rideaux de lit en satin,2,non,,804091
rideaux de lit en satin brodé,2,non,,804091
rideaux de soie vieux,1,non,,804091
rite de chanvre,1,non,,804091
rivets,1,non,,804091
riz,3449,non,,804091
riz de retour de Beaucaire,1,non,,804091
riz des entrepôts,0,non,,804091
riz du Levant,2,non,,804091
riz en grabeau,1,non,,804091
riz grains et légumes,89,non,,804091
robes,8,non,,804091
robes brodées,1,non,,804091
robes brodées en laine et de femme,1,non,,804091
robes d'enfant,1,non,,804091
robes d'étoffe de soie dorure d'argent,1,non,,804091
robes d'indienne,1,non,,804091
robes d'indienne des prises,1,non,,804091
robes de basin brodées,1,non,,804091
robes de chambre,10,non,,804091
robes de chambre d'étoffe de soie,1,non,,804091
robes de chambre d'indienne,3,non,,804091
robes de chambre de damas,2,non,,804091
robes de chambre de la Chine,2,non,,804091
robes de chambre de Pékin brodé de soie,1,non,,804091
robes de chambre de soie,4,non,,804091
robes de chambre des Indes,1,non,,804091
robes de femme,1,non,,804091
robes de satin brodées,2,non,,804091
robes de taffetas,1,non,,804091
robes de toile peinte,1,non,,804091
robes et jupes de satin,1,non,,804091
robes fourrées,1,non,,804091
robinets,4,non,,804091
robinets à tirer le vin,2,non,,804091
robinets de bronze,1,non,,804091
robinets de cuivre,4,non,,804091
robinets de fonte,4,non,,804091
rocaille,68,non,,804091
rocaille de corail,6,non,,804091
rocaille de cristal,1,non,,804091
rocaille de verre,18,non,,804091
roche de corne,9,non,,804091
roche de diable,3,non,,804091
rocou,1748,non,,804091
rocou de Cayenne,2,non,,804091
rocou des Îles,1,non,,804091
rodon,1,non,,804091
rognons de castor,137,non,,804091
rognons de cerf,1,non,,804091
rognons de peau,1,non,,804091
rognons de rat musqué,1,non,,804091
rognons de stockfish,2,non,,804091
rognures,25,non,,804091
rognures d'écaille,9,non,,804091
rognures d'ivoire,26,non,,804091
rognures de ???,4,non,,804091
rognures de baleine,21,non,,804091
rognures de bois de cerf,38,non,,804091
rognures de bois de cerf et d'ivoire,2,non,,804091
rognures de carte,135,non,,804091
rognures de carterie,2,non,,804091
rognures de cartes et de papier,84,non,,804091
rognures de carton,2,non,,804091
rognures de castor,7,non,,804091
rognures de cerf et d'ivoire,4,non,,804091
rognures de chapeau,2,non,,804091
rognures de corne,32,non,,804091
rognures de corne de cerf,2,non,,804091
rognures de corne et de parchemin,44,non,,804091
rognures de cornes,1,non,,804091
rognures de cornes de bétail sabots de bétail etc.,1,non,,804091
rognures de cornes de cerf,37,non,,804091
rognures de cornes de cerf et de snack,10,non,,804091
rognures de cuir,45,non,,804091
rognures de cuir et de peau,144,non,,804091
rognures de dents d'éléphant,4,non,,804091
rognures de drap,21,non,,804091
rognures de fer-blanc,22,non,,804091
rognures de forme,1,non,,804091
rognures de gaïac,2,non,,804091
rognures de gants,1,non,,804091
rognures de mis,3,non,,804091
rognures de papier,12,non,,804091
rognures de parchemin,6,non,,804091
rognures de parchemin en valeur,2,non,,804091
rognures de peau,63,non,,804091
rognures de peau pour colle,1,non,,804091
rogues,119,non,,804091
rogues de carte,1,non,,804091
rogues de castor,1,non,,804091
rogues de macy,2,non,,804091
rogues de maquereau,3,non,,804091
rogues de maquereaux,3,non,,804091
rogues de maquereaux salées et stockfish salé,2,non,,804091
rogues de morue,81,non,,804091
rogues de morue salées,0,non,,804091
rogues de poisson,41,non,,804091
rogues de stockfish,50,non,,804091
rogues pour la pêche,1,non,,804091
rogues salées,2,non,,804091
roizette,1,non,,804091
roldor,3,non,,804091
rollet,35,non,,804091
rollet et batiste,69,non,,804091
rollins,1,non,,804091
romaine,4,non,,804091
romals,31,non,milieu de gamme,43973
romals pour mouchoirs,29,non,,804091
romals rouges,1,non,,804091
rond de moulage,1,non,,804091
roquelance écarlate,1,non,,804091
roquette,1,non,,804091
rosaire,5,non,,804091
rosarde,1,non,,804091
rose,2,non,,804091
rose de compas,1,non,,804091
rose de dictam,1,oui,,804091
rose de Provins,2,non,,804091
rose sèche,1,non,,804091
roseaux,116,non,,804091
roseaux à tisserands,1,non,,804091
roseaux champêtres,1,non,,804091
roseaux coupés,11,non,,804091
roseaux d'Espagne,102,non,,804091
roseaux des Indes,3,non,,804091
roseaux en canon,1,oui,,804091
roseaux petits,0,non,,804091
roseaux pour cannes,8,non,,804091
rosée de vie,2,non,,804091
rosette de cuivre,282,non,,804091
rosette de cuivre et mitraille de cuivre,1,non,,804091
rosette ou plaques de cuivres non ouvré,11,non,,804091
rossière de toile,1,non,,804091
rossoli,21,non,,804091
rossoli de Turin,1,non,,804091
rotin des Indes,2,non,,804091
rotins,83,non,,804091
rotins de petit calibre,3,non,,804091
rouane,1,non,,804091
rouault,1,non,,804091
roudon,1,non,,804091
rouelles,1,non,,804091
rouergue,1,non,,804091
roues,90,non,,804091
roues ??? de fer,1,non,,804091
roues à cabriolets,2,non,,804091
roues à cabrouets,33,non,,804091
roues à chaises,5,non,,804091
roues à filer,1,non,,804091
roues de bois,6,non,,804091
roues de brouette,3,non,,804091
roues de cabriolet,1,non,,804091
roues de carrosse,3,non,,804091
roues de chaise,10,non,,804091
roues de chaise ferrées,1,non,,804091
roues de charrettes,15,non,,804091
roues de charrettes ferrées,1,non,,804091
roues de voiture,1,non,,804091
roues en bois,1,non,,804091
roues et cabrouets,1,non,,804091
roues ferrées,13,non,,804091
roues neuves,74,non,,804091
roues non ferrées,5,non,,804091
rouets,14,non,,804091
rouets à filer,34,non,,804091
rouets à filer de bois,1,non,,804091
rouets de moulins,1,non,,804091
rouets petits,1,non,,804091
rouge,6,non,,804091
rouge à peindre,1,non,,804091
rouge annatto colorant,117,non,,804091
rouge brun,40,non,,804091
rouge clair,2,non,,804091
rouge commun,14,non,,804091
rouge commun en poudre,1,non,,804091
rouge d'Angleterre,20,non,,804091
rouge d'Espagne,38,non,,804091
rouge d'Espagne en pains,1,non,,804091
rouge d'Espagne en plats,3,non,,804091
rouge d'Espagne en play,1,oui,,804091
rouge d'Espagne en tasse,6,non,,804091
rouge de Perse,4,non,,804091
rouge de Perse et de rosse,1,non,,804091
rouge de rosse,3,non,,804091
rouge de Venise,1,non,,804091
rouge des Indes,3,non,,804091
rouge en pierre,2,non,,804091
rouge en poudre,4,non,,804091
rouge fin,2,non,,804091
rouge gras,4,non,,804091
rouge grode,1,non,,804091
rouge gros,6,non,,804091
rouge minéral,2,non,,804091
rouge muscat,1,non,,804091
rouge perse et de rosse,1,non,,804091
rouge végétal,1,non,,804091
rouleau de fer,1,non,,804091
rouleau de lit,1,non,,804091
rouleau de plomb,1,non,,804091
rouleau pour chauffer le salitre,1,non,,804091
rouleau rôles,4,non,,804091
roulette de bois commun à trois rouets,1,non,,804091
roulette pour enfant,1,non,,804091
rousols,1,non,,804091
roussettes,2,non,,804091
ruban,267,non,milieu de gamme,43973
ruban à jour,2,non,,804091
ruban à jour de fil,2,non,,804091
ruban à perruques,2,non,,804091
ruban au quart,5,non,,804091
ruban au quart de soie,2,non,,804091
ruban avec de l'or,2,non,,804091
ruban bis de fil de lin et de chanvre écru ou herbé,1,non,,804091
ruban blanc ou mélangé de blanc,1,non,,804091
ruban blanc ou mélange de blanc de fil de lin et de chanvre,2,non,,804091
ruban blancs de chanvre et de lin,1,non,,804091
ruban commune,16,non,milieu de gamme,43973
ruban d'argent,10,non,,804091
ruban d'argent et d'or,194,non,,804091
ruban d'argent et d'or et de soie,14,non,haut de gamme,12084
ruban d'argent et de soie,5,non,,804091
ruban d'argent faux et d'or faux et de soie,1,non,,804091
ruban d'étoupes de chanvre,1,non,,804091
ruban d'étoupes de lin,1,non,,804091
ruban d'or,11,non,,804091
ruban d'or et de soie,2,non,,804091
ruban de chanvre et de lin,4,non,,804091
ruban de chanvre et de lin écrus,1,non,,804091
ruban de chanvre et de lin teints,1,non,,804091
ruban de coton,9,non,,804091
ruban de coutil,1,non,,804091
ruban de crin,1,non,,804091
ruban de dorrure et de soie,3,oui,,804091
ruban de dorure et de soie,3,non,,804091
ruban de dorure et soie,2,oui,,804091
ruban de fil,565,non,milieu de gamme,43973
ruban de fil blanc,2,non,,804091
ruban de fil blanc mêlé d'argent faux,1,non,,804091
ruban de fil d'argent et d'or,8,non,,804091
ruban de fil de laine,7,non,,804091
ruban de fil en laine,2,non,,804091
ruban de fil et de laine,71,non,milieu de gamme,43973
ruban de fil et de soie,3,non,,804091
ruban de fil et fleuret,1,non,,804091
ruban de fil fleuret et laine de soie,1,non,,804091
ruban de fil teint,3,non,,804091
ruban de filoselle,152,non,bas de gamme,18109
ruban de fleuret,46,non,bas de gamme,18109
ruban de fleuret et de soie,3,non,,804091
ruban de laine,44,non,milieu de gamme,43973
ruban de laine de laine pure teinte,1,non,,804091
ruban de laine écrue pure,1,non,,804091
ruban de laine et de soie,1,non,,804091
ruban de laine mêlée de fil,4,non,,804091
ruban de laine mêlée de fil de laine et de poils,1,non,,804091
ruban de laine mêlée de fil teint,1,non,,804091
ruban de laine pure écrue et blanche,1,non,,804091
ruban de laine pure teinte,1,non,,804091
ruban de lin,1,non,,804091
ruban de Padoue,1,non,,804091
ruban de soie,1681,non,milieu de gamme,43973
ruban de soie unis et veloutés,2,non,,804091
ruban de velours,6,non,,804091
ruban dorure d'argent,14,non,,804091
ruban dorure d'argent et d'or,42,non,,804091
ruban dorure d'argent faux et d'or faux,3,non,,804091
ruban dorure d'argent fin et d'or fin,16,non,,804091
ruban dorure d'or,10,non,,804091
ruban du Levant,1,non,,804091
ruban écru,1,non,,804091
ruban en dorure,2,non,,804091
ruban et listonnerie,4,non,,804091
ruban et passementerie de soie,6,non,,804091
ruban et passementerie diverse,6,non,,804091
ruban et passementerie diverses celles de soie et dorure exceptées,35,non,milieu de gamme,43973
ruban et tresse et agrément d'argent et d'or,1,non,,804091
ruban mi soie,10,non,,804091
ruban or charger,1,non,,804091
ruban ordinaire,103,non,milieu de gamme,43973
ruban picard,2,non,,804091
ruban teint,1,non,,804091
ruban velouté,3,non,,804091
rubea,1,non,,804091
rubea major,20,non,,804091
rubia tinctorum,9,non,,804091
rubis bruts,2,non,,804091
rubis taillés,3,non,,804091
ruches,25,non,,804091
ruches à miel renfermant des essaims vivants,6,non,,804091
ruches de liège,2,non,,804091
ruches de pin,1,non,,804091
rudon,2,non,,804091
rusque,5,non,,804091
rusque de chêne,4,non,,804091
rusque de pin,26,non,,804091
rusque de sapin,0,non,,804091
russel de laine,1,non,,804091
sabatines,1,non,,804091
sable,128,non,,804091
sable à fondeur,1,non,,804091
sable à mouler,1,non,,804091
sable à raffinerie,1,non,,804091
sable blanc,1,non,,804091
sable commun,1,non,,804091
sable de mer,1,non,,804091
sable de verre,10,non,,804091
sablerie,8,non,,804091
sableuée,1,non,,804091
sablière de fer de fonte,2,non,,804091
sablières de cuivre,3,non,,804091
sabliers,1,non,,804091
sabliers en compas,3,non,,804091
sablon,1,non,,804091
sabots,86,non,,804091
sabots de bœuf,58,non,,804091
sabots de bois,8,non,,804091
sabots et selles de bois,2,non,,804091
sabres,126,non,,804091
sabres de traite,16,non,,804091
sabres de traite et autres,2,non,,804091
sabres et baïonnettes,1,non,,804091
sabres fins,1,non,,804091
sabres garnis d'argent,1,non,,804091
sabres montés en cuivre doré,1,non,,804091
sabres ordinaires,2,non,,804091
sachets,11,non,,804091
sachets d'odeur,3,non,,804091
sacquin,1,non,,804091
sacs,116,non,,804091
sacs à café,20,non,,804091
sacs à café neufs,2,non,,804091
sacs à café vides,1,non,,804091
sacs à café vieux,3,non,,804091
sacs à farine,2,non,,804091
sacs à poudre neufs,1,non,,804091
sacs à tabac de cuir,4,non,,804091
sacs ayant servi et de toile,1,non,,804091
sacs de bois et cuir,1,non,,804091
sacs de lin,2,non,,804091
sacs de peau d'ours,1,non,,804091
sacs de poluard,1,non,,804091
sacs de toile,133,non,,804091
sacs de toile de halle,1,non,,804091
sacs de toile vides,3,non,,804091
sacs de toile vieux,4,non,,804091
sacs en paquets,1,non,,804091
sacs en toile de chanvre,2,non,,804091
sacs gros,10,non,,804091
sacs vides,1,non,,804091
sacs vides au service du roi,1,non,,804091
sacs vieux,6,non,,804091
saffle,67,non,,804091
saffreau,1,non,,804091
safisaigne,1,non,,804091
safran,1564,non,,804091
safran d'Espagne,1,non,,804091
safran de Gâtinais,2,non,,804091
safran du Gâtinais,15,non,,804091
safran orange,0,non,,804091
safranum,638,non,,804091
safranum et tournesol,7,non,,804091
sagapenum,6,non,,804091
sagati,3,non,,804091
sagati de laine,9,non,,804091
sagne,15,non,,804091
sagon,2,non,,804091
sagou,43,non,,804091
sagou des Indes,2,non,,804091
sagre,2,non,,804091
saigne,6,non,,804091
sailphre,1,non,,804091
sain,4,non,,804091
saindoux,59,non,,804091
saisie de fer,1,non,,804091
salage,3,non,,804091
salaisons,231,non,,804091
salamouris,1,non,,804091
salemporis,211,non,haut de gamme,12084
salemporis blanc,21,non,milieu de gamme,43973
salemporis blanc et bleu,2,non,,804091
salemporis bleu,60,non,milieu de gamme,43973
salemporis bleu et rouge,3,non,,804091
salemporis commun,3,non,,804091
salemporis rouge,1,non,,804091
salep,5,non,,804091
salicore,170,non,,804091
salicore brûlé,1,non,,804091
salière,1,non,,804091
salière de cristal,4,non,,804091
salière de pierre luisante,1,non,,804091
salins,5,non,,804091
salins pour verrerie,1,non,,804091
saloir,1,non,,804091
saloirs de bois,1,non,,804091
salpêtre,238,non,,804091
salpêtre brut,5,non,,804091
salpêtre cru,85,non,,804091
salpêtre des Indes,6,non,,804091
salpêtre et soufre,115,non,,804091
salpêtre raffiné,75,non,,804091
salsepareille,909,non,,804091
salsola,1,non,,804091
sament,19,non,,804091
samoine,1,non,,804091
sanas,16,non,milieu de gamme,43973
sanas blanc,3,non,,804091
sanas bleue,1,non,,804091
sanctuaire,4,non,,804091
sandale,6,non,,804091
sandance,1,non,,804091
sandarac,79,oui,,804091
sandaraque,79,non,,804091
sang,1,non,,804091
sang de bétail,1,non,,804091
sang de bouc,1,non,,804091
sang de bouc desséché,1,non,,804091
sang de boudin,1,non,,804091
sang de bouquetin,2,non,,804091
sang de dragon,114,non,,804091
sang de dragon commun,1,non,,804091
sang de dragon en larmes,1,non,,804091
sang de dragon fin,4,non,,804091
sangles,101,non,,804091
sangles de chanvre,1,non,,804091
sangles de cheval,1,non,,804091
sangles de cordes,1,non,,804091
sangles pour malets,1,non,,804091
sanglier,5,non,,804091
sangsues,62,non,,804091
sangsues et vipères,3,non,,804091
sanguine,92,non,,804091
sanitaires,3,non,,804091
sapan,1,non,,804091
sapeline,0,non,,804091
saphirs taillés,1,non,,804091
sapien violet,1,non,,804091
sapin,38,non,,804091
sapin à bâtir,2,non,,804091
sapin à faire aviron,1,non,,804091
sapin à faire chevrons,1,non,,804091
sapin à faire comble,26,non,,804091
sapin à faire échelles,42,non,,804091
sapin à faire escabelle,3,non,,804091
sapin à faire gaffe,28,non,,804091
sapin à faire gaffe en manches,1,non,,804091
sapin à faire manches de pioches,1,non,,804091
sapin à pioches,32,non,,804091
sapin anspects,1,non,,804091
sapin comble,3,oui,,804091
sapin en bloc,2,non,,804091
sapin petit,3,non,,804091
saquins,3,non,,804091
sarcelé,1,non,,804091
sarcelles,1,non,,804091
sardes,1,non,,804091
sardi de laine,1,non,,804091
sardinals,2,non,,804091
sardines,306,non,,804091
sardines à l'huile,5,non,,804091
sardines apprêtées,3,non,,804091
sardines confites,5,non,,804091
sardines confites au vinaigre,1,non,,804091
sardines confites dans l'huile,4,non,,804091
sardines en grenier,1,non,,804091
sardines en lest,1,non,,804091
sardines en saumure,1,non,,804091
sardines fraîches,11,non,,804091
sardines marinées et salées,3,non,,804091
sardines pressées,36,non,,804091
sardines pressées de Bretagne,1,non,,804091
sardines pressées et salées,5,non,,804091
sardines salées,248,non,,804091
sardines salées et marinée,2,non,,804091
sareaux de toile,3,non,,804091
sarrions d'espars,2,non,,804091
sassafars,1,oui,,804091
sassafras,154,non,,804091
sasses,23,non,,804091
satin,141,non,milieu de gamme,43973
satin à fleurs,3,non,,804091
satin blanc,3,non,,804091
satin broché,3,non,,804091
satin broché en or,1,non,,804091
satin brodé,9,non,,804091
satin brodé couleur de paille,2,non,,804091
satin brodé de la Chine,2,non,,804091
satin brodé en or,1,non,,804091
satin brodé en soie de couleur,2,non,,804091
satin brodé en soie et or,2,non,,804091
satin brodé lit complet,2,non,,804091
satin brodé morceaux,2,non,,804091
satin brodé tapis,2,non,,804091
satin brodé toilette,2,non,,804091
satin de Chine,1,non,,804091
satin de Florence,1,non,,804091
satin de Florence et de Gênes,1,non,,804091
satin de laine,4,non,,804091
satin de laine de Roubaix,2,non,,804091
satin de laine et serge,1,non,,804091
satin de laine turc,18,non,milieu de gamme,43973
satin de laine turc et serge,1,non,,804091
satin de retour,1,non,,804091
satin de retour faute de vente,1,oui,,804091
satin de soie,58,non,milieu de gamme,43973
satin des Indes,4,non,,804091
satin fil,2,non,,804091
satin gris,1,non,,804091
satin imprimé de laine,1,non,,804091
satin noir,1,non,,804091
satin pur coton,2,non,,804091
satin pur soie,1,non,,804091
satin rayé,14,non,,804091
satin soie en fil,1,oui,,804091
satin soie et coton,1,non,,804091
satin soie et fil,3,non,,804091
satin turc,9,non,,804091
satin uni,13,non,,804091
satin uni et rayé,1,non,,804091
satinade,4,non,,804091
satinette,5,non,,804091
satinette de coton,1,non,,804091
satinette de laine,4,non,,804091
satissoie,1,non,,804091
satte,1,non,,804091
Saturne en extrait,1,non,,804091
saucisses,23,non,,804091
saucisses de Boulogne,5,non,,804091
saucissons,437,non,,804091
saucissons salés,19,non,,804091
sauge,2,non,,804091
saule de fer,2,non,,804091
saulx,2,non,,804091
saumon,89,non,,804091
saumon d'Écosse,4,non,,804091
saumon en daube,3,non,,804091
saumon frais,219,non,,804091
saumon fumé,170,non,,804091
saumon madré,1,oui,,804091
saumon mariné,6,non,,804091
saumon mariné et salé,21,non,,804091
saumon salé,1115,non,,804091
saumon salé et mariné,1,oui,,804091
saumon salé et séché,5,non,,804091
saumon sec,1,oui,,804091
saumon séché,1,non,,804091
saumonée,4,oui,,804091
saumure,112,non,,804091
saumure salée,1,non,,804091
sauphas,1,non,,804091
saur,1,non,,804091
sauvagines,1,non,,804091
savine,2,non,,804091
savoine languine,1,non,,804091
savon,2541,non,,804091
savon blanc,98,non,,804091
savon blanc et marbré,131,non,,804091
savon blanc noir rouge marbré,2,non,,804091
savon d'Alicante,23,non,,804091
savon d'Espagne,1,non,,804091
savon de Gênes,1,non,,804091
savon de Marseille,18,non,,804091
savon de retour,1,non,,804091
savon de terre,1,non,,804091
savon et pruneaux,4,non,,804091
savon et sirop de sucre,1,non,,804091
savon et sucre,1,non,,804091
savon et verdet,4,non,,804091
savon gras,2,non,,804091
savon madré,95,non,,804091
savon marbré,255,non,,804091
savon mol,6,non,,804091
savon noir,217,non,,804091
savon vert,4,non,,804091
savonnettes,410,non,,804091
savonnettes de senteur,13,non,,804091
sayessa,3,non,,804091
sayne,15,non,,804091
scammonée,208,non,,804091
scapa,1,non,,804091
scaps,4,non,,804091
schakos,2,non,,804091
schakos garnis,2,non,,804091
schakos sans garniture,2,non,,804091
scielle,1,non,,804091
scies,116,non,,804091
scies ?,0,non,,804091
scies à moulu,1,non,,804091
scies communes,4,non,,804091
scies de fer,23,non,,804091
scies de long,1,non,,804091
scies fines,4,non,,804091
scies pour la Compagnie des Indes,1,non,,804091
scille maritime,4,non,,804091
scinque,1,non,,804091
scortins d'auf,1,non,,804091
sculptures,16,non,,804091
Se???,1,non,,804091
seaux,8,non,,804091
seaux à l'eau,1,non,,804091
seaux à l'eau de sapin,1,non,,804091
seaux cerclés de fer,2,non,,804091
seaux d'eau,1,non,,804091
seaux de bois,74,non,,804091
seaux de bois ferré,1,non,,804091
seaux de cuir,7,non,,804091
seaux de faïence,1,non,,804091
seaux de fer-blanc,2,non,,804091
seaux de sapin,10,non,,804091
seaux de veau,1,non,,804091
seaux de verre,1,non,,804091
seaux de vin,1,non,,804091
seaux ferrés,1,non,,804091
sébeste,51,non,,804091
sébiles,1,non,,804091
secrétaire,6,non,,804091
secrétaire d'acajou,4,non,,804091
secrétaire de noyer,2,non,,804091
sege de Saint-Louis,2,non,,804091
segrin,1,non,,804091
seigle,1,non,,804091
sel,11421,non,,804091
sel amine,1,non,,804091
sel ammoniac en grabeau,10,non,,804091
sel ammonisé,4,non,,804091
sel antarctique,8,non,,804091
sel arcanum,1,non,,804091
sel arctique,2,non,,804091
sel blanc,144,non,,804091
sel blanc pour la pêche,2,non,,804091
sel chimique,304,non,,804091
sel chimique de Glauber,4,non,,804091
sel chimique de lait,2,non,,804091
sel chimique de nitre,2,non,,804091
sel chimique gemme,5,non,,804091
sel commun,1,non,,804091
sel composé,3,non,,804091
sel d'absinthe (alsem),4,non,,804091
sel d'alsem,1,non,,804091
sel d'ammoniac,556,non,,804091
sel d'ammoniac brut ou en poudre,20,non,,804091
sel d'ammoniac raffiné,25,non,,804091
sel d'Angleterre,33,non,,804091
sel d'antimoine,2,non,,804091
sel d'Epsom,219,non,,804091
sel d'Epsom et Glauber,1,non,,804091
sel d'Espagne,9,non,,804091
sel d'étain,1,non,,804091
sel d'Oléron,42,non,,804091
sel d'Oléron de Ré,1,non,,804091
sel d'Olonne,2,non,,804091
sel d'opium,7,non,,804091
sel d'oseille,12,non,,804091
sel de,1,non,,804091
sel de baryte,1,non,,804091
sel de boue,1,non,,804091
sel de Bourgneuf,170,non,,804091
sel de Bretagne,1,non,,804091
sel de carabé,1,non,,804091
sel de caret,1,non,,804091
sel de chimie,1,non,,804091
sel de corne de cerf,1,non,,804091
sel de fat ???,0,non,,804091
sel de Franche-Comté,1,non,,804091
sel de fysum,1,non,,804091
sel de Glauber,58,non,,804091
sel de gruau,3,non,,804091
sel de grum,2,non,,804091
sel de lait,14,non,,804091
sel de Lorraine,1,non,,804091
sel de marais,2,non,,804091
sel de Marennes,21,non,,804091
sel de mer,21,non,,804091
sel de mer et de salins,35,non,,804091
sel de natron,24,non,,804091
sel de natron en couffe,2,non,,804091
sel de nitre,15,non,,804091
sel de paume,2,non,,804091
sel de plomb,1,non,,804091
sel de potasse,4,non,,804091
sel de prunelle,2,non,,804091
sel de Prusse,1,non,,804091
sel de Ré,111,non,,804091
sel de roche,4,non,,804091
sel de Rocq,4,non,,804091
sel de sa pêche,1,non,,804091
sel de Saint-Gilles,1,non,,804091
sel de Saint-Hubert ou du Portugal,3,non,,804091
sel de samoine,2,non,,804091
sel de Saturne,3,non,,804091
sel de Saturne et autres,7,oui,,804091
sel de sauvene,5,non,,804091
sel de Seignette,3,non,,804091
sel de Seignette policreste et Glauber,5,non,,804091
sel de tamarin,17,non,,804091
sel de tartaric,1,non,,804091
sel de tartre,8,non,,804091
sel de tartre émétique,1,non,,804091
sel de verre,14,non,,804091
sel de vitriol,4,non,,804091
sel des mines anglaises,1,non,,804091
sel des prises,3,non,,804091
sel des sables d'Olonne,2,non,,804091
sel dit beggere,2,non,,804091
sel du Croisic,227,non,,804091
sel du Poulinguen,62,non,,804091
sel du Sable d'Olonne,0,oui,,804091
sel émétique,1,non,,804091
sel en boue,6,non,,804091
sel en gomme,1,non,,804091
sel en grabeau,1,non,,804091
sel en grains,5,non,,804091
sel en lest,1,non,,804091
sel en pain,1,non,,804091
sel en tonne,29,non,,804091
sel faux,2,non,,804091
sel gemme,47,non,,804091
sel Glauber,6,non,,804091
sel gris,84,non,,804091
sel gruau,1,non,,804091
sel grum,10,non,,804091
sel marin de marais,5,non,,804091
sel marin gemme,3,non,,804091
sel médicinal,48,non,,804091
sel médicinal divers,4,non,,804091
sel minéral,11,non,,804091
sel misay,1,non,,804091
sel mistry,23,non,,804091
sel ordinaire,32,non,,804091
sel oxalate aide de potasse (sel d'oseille),1,non,,804091
sel peccain,2,non,,804091
sel policreste,1,non,,804091
sel policreste et d'Epsom,18,non,,804091
sel pour la pêche,3,non,,804091
sel pour la pêche libre,12,non,,804091
sel purgatif,1,non,,804091
sel regerat,1,non,,804091
sel sublimé,2,non,,804091
sel sucsin,3,non,,804091
sel sulfates de soudes,32,non,,804091
sel teint,1,non,,804091
sel tonnes,1,non,,804091
sel végétal,3,non,,804091
sel vieux,2,non,,804091
sel volatil,5,non,,804091
sellerie,42,non,,804091
sellerie commune,1,non,,804091
sellerie de cuir,54,non,,804091
sellerie en harnais,1,non,,804091
selles,217,non,,804091
selles avec leurs harnais,1,non,,804091
selles communes,7,non,,804091
selles de bois,5,non,,804091
selles de cuir,1,non,,804091
selles de femme,2,non,,804091
selles de fer,1,non,,804091
selles de maître,1,non,,804091
selles de poste,1,non,,804091
selles de sapin,1,non,,804091
selles de velours,119,non,,804091
selles do bois,1,non,,804091
selles garnies de velours,1,non,,804091
selles neuves,1,non,,804091
selles vieilles,2,non,,804091
sellet et télescope,1,non,,804091
selliers,3,non,,804091
semble de moissar,1,non,,804091
semelles et talons,1,non,,804091
semen contra,153,non,,804091
semen dacy,3,non,,804091
semence de Caroy,1,non,,804091
semence de perles,1,non,,804091
semence écarlate,1,non,,804091
semence froide,23,non,,804091
semencine,13,non,,804091
semenconna,1,non,,804091
semoirs,1,non,,804091
semoule,118,non,,804091
sempiterne,28,non,milieu de gamme,43973
sendaline,2,non,,804091
séné,683,non,,804091
séné en follicule,3,oui,,804091
séné en grabeau,170,non,,804091
sennes,49,non,,804091
senobre,4,non,,804091
sequins,17,non,,804091
sequins par Marseille,1,non,,804091
serains,1,non,,804091
serans,4,non,,804091
serans à peigner,1,non,,804091
serans à peigner le lin,4,non,,804091
séraphine,1,non,,804091
sercliers,1,non,,804091
serge,80,non,bas de gamme,18109
serge ???,2,non,,804091
serge 1/2 Londres,1,non,,804091
serge à doubler,90,non,bas de gamme,18109
serge à doubler et drap,2,non,,804091
serge à doubler et drapée,7,non,,804091
serge à draper,2,non,,804091
serge à fleurs,1,non,,804091
serge blanche,18,non,,804091
serge bleue,1,non,,804091
serge Blicourt,1,non,,804091
serge commune,37,non,,804091
serge commune teinte,23,non,,804091
serge croisée,2,non,,804091
serge croisée de laine,1,non,,804091
serge d'Angleterre,5,non,,804091
serge d'Arnetal,6,non,,804091
serge d'Aumale,30,non,,804091
serge d'Aumale de laine,2,non,,804091
serge d'Aumale imprimée,2,non,,804091
serge de ??? commune,0,non,,804091
serge de Bruxelles,1,non,,804091
serge de fil et de laine,6,non,,804091
serge de fil et laine,1,non,,804091
serge de laine,325,non,bas de gamme,18109
serge de laine ???,4,non,,804091
serge de laine Blicourt,2,non,,804091
serge de laine d'Aumale,6,non,,804091
serge de laine de Blicourt,9,non,,804091
serge de laine de Rome,1,non,,804091
serge de laine de Rouen,1,non,,804091
serge de laine diverse,6,non,,804091
serge de laine drapée,2,non,,804091
serge de laine et de soie,1,non,,804091
serge de laine étroite,2,non,,804091
serge de laine forte,1,non,,804091
serge de laine imprimée,3,non,,804091
serge de laine large,3,non,,804091
serge de laine Minorque,6,non,,804091
serge de laine noire,1,non,,804091
serge de laine sagati,2,non,,804091
serge de laine voile,6,non,,804091
serge de Lille,27,non,,804091
serge de Londres et autres,8,non,,804091
serge de Montauban,17,non,bas de gamme,18109
serge de Nîmes,119,non,,804091
serge de Poitou,2,non,,804091
serge de Rome,4,non,,804091
serge de Rouen,1,non,,804091
serge de Rouen commune,1,non,,804091
serge de Saint-Maixent,6,non,,804091
serge de Savoie,1,non,,804091
serge de soie,12,non,,804091
serge des prises,6,non,,804091
serge double,4,non,,804091
serge drap,1,non,,804091
serge drapée,88,non,bas de gamme,18109
serge drapée à doubler,3,non,,804091
serge drapée de laine,1,non,,804091
serge drapée et de laine,5,non,,804091
serge du Languedoc,7,non,,804091
serge du pays,1,non,,804091
serge écarlate,1,non,,804091
serge écarlatine,2,non,,804091
serge et prunelle de laine étroite,3,non,,804091
serge fil et laine,1,non,,804091
serge forte,5,non,,804091
serge imprimée,151,non,milieu de gamme,43973
serge imprimée d'Aumale,1,non,,804091
serge Minorque,3,non,,804091
serge pour les troupes,1,non,,804091
serge sergette,1,non,,804091
serge teinte,20,non,,804091
serge verte,1,non,,804091
sergette,12,non,,804091
sergette de laine,5,non,,804091
sergette de Montauban,7,non,,804091
sergette des prises,3,non,,804091
sergette fine,1,non,,804091
sergette Maine,2,non,,804091
serinettes,61,non,,804091
serinettes ouvrées,1,non,,804091
seringues,14,non,,804091
seringues d'étain,20,non,,804091
serisaffs,1,non,,804091
serlecan brodé,1,non,,804091
serpentera virgina,1,non,,804091
serpentin à distiller,1,non,,804091
serpentine,3,non,,804091
serpentine à distiller l'eau-de-vie,1,non,,804091
serpents,4,non,,804091
serpes,15,non,,804091
serpes de fer,6,non,,804091
serratille,1,non,,804091
serrure de bois,3,non,,804091
serrure de cuivre,8,non,,804091
serrure de fer,1,non,,804091
serrure petite,1,non,,804091
serrure pour canevettes,1,non,,804091
serrure pour fossettes,0,non,,804091
service de faïence,1,non,,804091
service de garde-côte,3,non,,804091
service de porcelaine,1,non,,804091
service de tables,48,non,,804091
service de tables argenté et doré et d'osier,1,non,,804091
serviettes,141,non,bas de gamme,18109
serviettes à nappes,1,non,,804091
serviettes communes,6,non,,804091
serviettes d'étoupes,2,non,,804091
serviettes de lin,1,non,,804091
serviettes de table,5,non,,804091
serviettes de toile,2,non,,804091
serviettes de toile de ménage,1,non,,804091
serviettes de toile peinte,1,non,,804091
serviettes découpées,76,non,,804091
serviettes et nappes,1,non,,804091
serviettes et nappes de toile peinte,1,non,,804091
serviettes et nappes des Indes,1,non,,804091
serviettes ouvrées,8,non,,804091
serviettes ouvrées de toile,1,non,,804091
sevagagis,1,non,,804091
sevan de cuir de Russie,1,non,,804091
Sèvres,1,non,,804091
shetas des Indes,1,non,,804091
siagne,3,non,,804091
siague,1,non,,804091
siamoise,865,non,milieu de gamme,43973
siamoise à bouquet de coton,1,non,,804091
siamoise à bouquets de laine de coton et de fil,4,non,,804091
siamoise à bouquets de laine de fil,1,non,,804091
siamoise à fleurs,41,non,,804091
siamoise à fleurs de soie,0,non,,804091
siamoise à peu de soie,70,non,bas de gamme,18109
siamoise au quart de soie,2,non,,804091
siamoise au sixième de soie,9,non,,804091
siamoise blanche de coton,1,non,,804091
siamoise blanche de coton et de fil,2,non,,804091
siamoise brochée de coton et de fil,2,non,,804091
siamoise commune,18,non,milieu de gamme,43973
siamoise de coton,5,non,,804091
siamoise de coton au quart de soie,1,non,,804091
siamoise de coton au sixième de soie,1,non,,804091
siamoise de coton et de fil,242,non,milieu de gamme,43973
siamoise de coton et de fil et imprimée,2,non,,804091
siamoise de coton et de fil et teinte,2,non,,804091
siamoise de coton et de fil imprimée,3,non,,804091
siamoise de coton et de fil unie,4,non,,804091
siamoise de coton et toile de coton peinte,16,non,bas de gamme,18109
siamoise de coton imprimée,5,non,,804091
siamoise de coton teinte,1,non,,804091
siamoise de fil imprimée,1,non,,804091
siamoise de fil peinte,2,non,,804091
siamoise de fil rayée,1,non,,804091
siamoise de fil simple,1,non,,804091
siamoise de fil teinte,2,non,,804091
siamoise de Rouen,8,non,,804091
siamoise de soie,9,non,,804091
siamoise en crin,1,non,,804091
siamoise fil coton,1,non,,804091
siamoise fil de coton,1,non,,804091
siamoise fine,5,non,,804091
siamoise imprimée,9,non,,804091
siamoise teinte,4,non,,804091
sicader,1,non,,804091
sigle vis de laine,1,non,,804091
simarouba,18,non,,804091
simples,1,non,,804091
sinabre,2,non,,804091
siné,0,oui,,804091
singalette,1,non,,804091
singe,14,non,,804091
siomedes,1,non,,804091
siragondis,1,non,,804091
sirop,2216,non,,804091
sirop à boire,2,non,,804091
sirop brut,1,non,,804091
sirop calbasse,1,non,,804091
sirop d'alkermès,117,non,,804091
sirop d'altea,1,non,,804091
sirop d'amont,28,non,,804091
sirop d'amour,3,non,,804091
sirop d'orgeat,9,non,,804091
sirop d'orgeat au fiasque,4,non,,804091
sirop de Calabre,1,non,,804091
sirop de calbasse,2,non,,804091
sirop de capillaire,671,non,,804091
sirop de capillaire et autre composés,67,non,,804091
sirop de capitaine,9,non,,804091
sirop de cédrat,4,non,,804091
sirop de citron,1,non,,804091
sirop de coriandre,1,non,,804091
sirop de framboise,1,non,,804091
sirop de l'étranger,0,non,,804091
sirop de limon,63,non,,804091
sirop de limon des Îles,1,non,,804091
sirop de mélasse,822,non,,804091
sirop de mûre,1,non,,804091
sirop de raffinerie,3,non,,804091
sirop de sucre,277,non,,804091
sirop de sucre candi,2,non,,804091
sirop de vinaigre,10,non,,804091
sirop de violette,2,non,,804091
sirop des Indes,72,non,,804091
sirop et sucre,9,non,,804091
sirop fin,53,non,,804091
sirop fin et mélasse,3,non,,804091
sirop fins et sucre,9,non,,804091
sirop médicinal,1,non,,804091
sirop mélasse,23,non,,804091
sirop terré,1,non,,804091
sistes condales,1,non,,804091
sistresaye,16,non,,804091
sivadille,12,non,,804091
slin de laine,1,non,,804091
smalte,5,non,,804091
soberton,1,non,,804091
socle de fer,1,non,,804091
socque pour socs,0,non,,804091
socreton,6,non,,804091
socrotour,1,non,,804091
socs,3,non,,804091
socs de charrues,6,non,,804091
socs de fer,3,non,,804091
sofa,1,non,,804091
soie,643,non,,804091
soie à broder,2,non,,804091
soie à coudre,330,non,,804091
soie à coudre teinte,120,non,,804091
soie à tricoter,1,non,,804091
soie apprêtée,418,non,milieu de gamme,43973
soie ardasse,2,non,,804091
soie ardassine,1,non,,804091
soie blanche,118,non,,804091
soie blanche sans apprêt,8,non,,804091
soie bourre cardée en feuilles et ouates,1,non,,804091
soie bourre écrue,1,non,,804091
soie bourre écrue en masse,2,non,,804091
soie bourre écrue et teinte,1,non,,804091
soie bourre écrue filée moulinée,1,non,,804091
soie bourre écrue filée non moulinée,1,non,,804091
soie bourre en masse teinte,1,non,,804091
soie bourre filée fleuret écru,1,non,,804091
soie bourre filée fleuret teint,1,non,,804091
soie bourre filée-fleuret en masse,1,non,,804091
soie bourre fleuret écru et teint,1,non,,804091
soie brousse,5,non,,804091
soie Canton,1,non,,804091
soie cendre,1,non,,804091
soie cocon,1,non,,804091
soie cocons perus,1,non,,804091
soie commune,2,non,,804091
soie crue,576,non,,804091
soie crue organsine,1,non,,804091
soie de ???,1,non,,804091
soie de Bruges,7,non,,804091
soie de charrues,1,non,,804091
soie de Chypre,1,non,,804091
soie de fleuret,1,non,,804091
soie de la chaîne,1,non,,804091
soie de laine,1,non,,804091
soie de Liège,6,non,,804091
soie de Nankin,45,non,,804091
soie de porcs,300,non,,804091
soie de porcs ???,2,non,,804091
soie de porcs et soie de sanglier,91,non,,804091
soie de porcs étrangère,1,non,,804091
soie de porcs ouvré,3,non,,804091
soie de Provence,2,non,,804091
soie de sanglier,8,non,,804091
soie de toile,4,non,,804091
soie de toile vieille,2,non,,804091
soie de Zagora,1,non,,804091
soie des Indes,6,non,,804091
soie des pays étrangers,1,non,,804091
soie du Bengale,2,non,,804091
soie écrue,11,non,,804091
soie écrue moulinée,1,non,,804091
soie écrue moulinée doupion,1,non,,804091
soie en cocon,6,non,,804091
soie en cocons et en estrasse,0,non,,804091
soie en estrasse,78,non,,804091
soie en étoupes,4,non,,804091
soie en fleuret,5,non,,804091
soie en force de bassine,1,non,,804091
soie en laine,1,non,,804091
soie en masses,1,non,,804091
soie en rames,15,non,bas de gamme,18109
soie en strasse,1,oui,,804091
soie en suaze,0,non,,804091
soie étoupes,6,non,,804091
soie exportée de Marseille,1,non,,804091
soie fleuret ???,0,non,,804091
soie floche,3,non,,804091
soie galette,1,non,,804091
soie grège,49,non,bas de gamme,18109
soie grège ???,0,non,,804091
soie grège autre que doupion,1,non,,804091
soie grège de Provence,1,non,,804091
soie grège doupion,3,non,,804091
soie grège écrue,1,non,,804091
soie grège écrue doupion,1,non,,804091
soie grège par Marseille,1,non,,804091
soie limeneas,1,non,,804091
soie lorce,1,non,,804091
soie mauresque,13,non,,804091
soie mêlée,1,non,,804091
soie moulinée,3,non,,804091
soie moulinée autre que doupion,1,non,,804091
soie moulinée doupion,3,non,,804091
soie non filée,2,non,,804091
soie ouvrée,49,non,milieu de gamme,43973
soie par Collonges et Strasbourg,1,non,,804091
soie par Marseille,3,non,,804091
soie plate,4,non,,804091
soie siamoise,2,non,,804091
soie tani,50,non,,804091
soie tapis,3,non,,804091
soie teinte,204,non,haut de gamme,12084
soie torse,1,non,,804091
soie trame ???,1,non,,804091
soie tricoter,1,non,,804091
soie tripoline,1,non,,804091
soierie,207,non,milieu de gamme,43973
soierie brodée,1,non,,804091
soierie confinant,2,non,,804091
soierie de fil à fleurs,1,non,,804091
soierie de lin,1,non,,804091
soierie de Lyon,5,non,,804091
soierie de toile,1,non,,804091
soierie de Tours,2,non,,804091
soierie des Indes,1,non,,804091
soierie et coton des Indes,1,non,,804091
soierie et dorure,12,non,haut de gamme,12084
soierie et dorure fine,13,non,haut de gamme,12084
soierie fleuret,1,non,,804091
soins,2,non,,804091
solas,1,non,,804091
soles,2,non,,804091
soles marinées,1,non,,804091
soliveaux,111,non,,804091
soliveaux d'acajou,2,non,,804091
soliveaux de 10 à 12 pieds et de sapin,2,non,,804091
soliveaux de 10 pieds et de sapin,5,non,,804091
soliveaux de 12 pieds et de sapin,9,non,,804091
soliveaux de 14 à 16 pieds et de 4 pouces de carré,1,non,,804091
soliveaux de 14 pieds et de sapin,2,non,,804091
soliveaux de 15 à 20 pieds et de sapin,2,non,,804091
soliveaux de 15 pieds,0,non,,804091
soliveaux de 15 pieds et de sapin,5,non,,804091
soliveaux de 17 pieds et de sapin,2,non,,804091
soliveaux de 18 à 20 pieds,1,non,,804091
soliveaux de 18 à 20 pieds et de sapin,2,non,,804091
soliveaux de 18 pieds,1,non,,804091
soliveaux de 18 pieds et de sapin,6,non,,804091
soliveaux de 20 à 22 pieds,1,non,,804091
soliveaux de 20 à 25 pieds et de sapin,1,non,,804091
soliveaux de 20 à 30 pieds et de sapin,1,non,,804091
soliveaux de 20 pieds et de sapin,10,non,,804091
soliveaux de 21 à 22 pieds et dde sapin,1,non,,804091
soliveaux de 22 pieds et de sapin,5,non,,804091
soliveaux de 24 pieds,1,non,,804091
soliveaux de 24 pieds et de sapin,4,non,,804091
soliveaux de 25 pieds,1,non,,804091
soliveaux de 25 pieds et de sapin,5,non,,804091
soliveaux de 26 pieds et de sapin,5,non,,804091
soliveaux de 29 à 30 pieds et de sapin,1,non,,804091
soliveaux de 30 pieds et de sapin,3,non,,804091
soliveaux de 34 pieds et de sapin,1,non,,804091
soliveaux de 36 pieds et de sapin,3,non,,804091
soliveaux de 50 pieds et de sapin,1,non,,804091
soliveaux de 6 à 7 pieds et de sapin,1,non,,804091
soliveaux de 9 à 18 pieds et de sapin,1,non,,804091
soliveaux de 9 pieds et de sapin,1,non,,804091
soliveaux de bois,3,non,,804091
soliveaux de bois de nache,1,non,,804091
soliveaux de châtaigner,1,non,,804091
soliveaux de chêne,31,non,,804091
soliveaux de chêne de 10 pieds,2,non,,804091
soliveaux de chêne de 12 à 15 pieds,1,non,,804091
soliveaux de chêne de 13 pieds,1,non,,804091
soliveaux de chêne de 15 à 20 pieds,1,non,,804091
soliveaux de chêne de 16 pieds,1,non,,804091
soliveaux de chêne de 18 pieds,2,non,,804091
soliveaux de chêne de 20 pieds,1,non,,804091
soliveaux de chêne de 22 pieds,1,non,,804091
soliveaux de chêne de 24 pieds,1,non,,804091
soliveaux de cyprès,1,non,,804091
soliveaux de hêtre,1,non,,804091
soliveaux de hêtre de 53 pieds,1,non,,804091
soliveaux de hêtre de 7 pieds,1,non,,804091
soliveaux de hêtre de 9 pieds,1,non,,804091
soliveaux de sapin,108,non,,804091
soliveaux de sapin de 14 à 15 pieds,1,non,,804091
soliveaux de sapin de 14 à 18 pieds,1,non,,804091
soliveaux de sapin de 16 pieds,1,non,,804091
soliveaux de sapin de 22 à 24 pieds,1,non,,804091
soliveaux de sapin de 24 à 29 pieds,1,non,,804091
soliveaux de sapin de 28 pieds,2,non,,804091
soliveaux de sapin de 42 à 43 pieds,1,non,,804091
soliveaux de sapin de 5 pieds,1,non,,804091
soliveaux de sapin de 6 pieds,1,non,,804091
soliveaux petits,1,non,,804091
soliveaux petits et de sapin,2,non,,804091
solives,3,non,,804091
solives de 16 à 20 pieds,1,non,,804091
solives de chêne,1,non,,804091
solives de sapin,1,non,,804091
solles ou langues,79,non,,804091
sommiers bruts et pour Mannem,2,non,,804091
sommiers de bois,2,non,,804091
sommiers de chêne,1,non,,804091
sommiers façonnés et de chêne,90,non,,804091
sommiers ou corps d'arbre de sapin,89,non,,804091
son,453,non,,804091
son d'Espagne,1,non,,804091
son de farine,99,non,,804091
son et vesse de fer,1,non,,804091
sonde,6,non,,804091
sonde d'argent,1,non,,804091
sonde ou soudes,1,non,,804091
sonnettes,29,non,,804091
sonnettes de bronze,1,non,,804091
sonnettes de fonte,1,non,,804091
sonnettes de métal,1,non,,804091
soquet,1,non,,804091
sorbet,7,non,,804091
sortes,1,non,,804091
sotas,1,non,,804091
soucade,3,non,,804091
souchais,3,non,,804091
soucis,63,non,,804091
soucis de soie,1,non,,804091
soucis pour mouchoirs,3,non,,804091
soucoupes de faïence,1,non,,804091
soucoupes et tasses de faïence,2,non,,804091
soucoupes vernies,1,non,,804091
soucrillon,2,non,,804091
soucrillon en gerbes,2,non,,804091
soudes,1734,non,,804091
soudes (cendre),1,non,,804091
soudes de toutes sortes,6,non,,804091
soudes et natron et salin,40,oui,,804091
soudes et potasse,23,non,,804091
soudes et tartre,1,non,,804091
soudes natron salins,40,non,,804091
soudes soufre,0,non,,804091
soudure,27,non,,804091
soudure de cuivre,1,non,,804091
soudure de marcassite,1,non,,804091
soufflets,60,non,,804091
soufflets à bouche,2,non,,804091
soufflets à feu,12,non,,804091
soufflets à forge,9,non,,804091
soufflets à poudre,3,non,,804091
soufflets à tirer,1,non,,804091
soufflets à tirer le vin,7,non,,804091
soufflets à tirer le vin au clair,1,non,,804091
soufflets à tirer le vin au clair avec leurs garnitures,2,non,,804091
soufflets à tirer vin au clair,1,non,,804091
soufflets anglais,1,non,,804091
soufflets d'hermine,1,non,,804091
soufflets de bois,55,non,,804091
soufflets de cheminée,8,non,,804091
soufflets de fer,1,non,,804091
soufflets de forge,23,non,,804091
soufflets de maréchal,195,non,,804091
soufflets petits,5,non,,804091
soufflets pour orgues,3,non,,804091
soufre,1526,non,,804091
soufre ???,1,non,,804091
soufre à canons,1,non,,804091
soufre brut,7,non,,804091
soufre en canons,97,non,,804091
soufre en canons épuré,1,non,,804091
soufre en fanon,12,oui,,804091
soufre en fleurs,32,non,,804091
soufre en mèche,2,non,,804091
soufre épuré,7,non,,804091
soufre raffiné,3,non,,804091
soufre sublimé en poudre,8,non,,804091
soufre vif,1,non,,804091
soulassé de cordonnier,1,non,,804091
souliers,981,non,,804091
souliers à dessus de soie pour femme,5,non,,804091
souliers anglais,1,non,,804091
souliers blancs,3,non,,804091
souliers brodés,22,non,,804091
souliers brodés d'argent,4,non,,804091
souliers brodés d'argent et d'or,8,non,,804091
souliers brodés d'argent et de soie,1,non,,804091
souliers brodés d'or,1,non,,804091
souliers brodés et pour femme,11,non,,804091
souliers communs,23,non,,804091
souliers couverts en calmande et pour femme,1,non,,804091
souliers couverts en étoffe,3,non,,804091
souliers couverts en étoffe pour femme,5,non,,804091
souliers couverts en soie et pour femme,8,non,,804091
souliers d'enfant,6,non,,804091
souliers d'étoffe de soie,7,non,,804091
souliers d'homme,21,non,,804091
souliers de chanvre,1,non,,804091
souliers de cordes,5,non,,804091
souliers de cordonnier,15,non,,804091
souliers de cordonnier pour femme,6,non,,804091
souliers de cordonnier pour homme,12,non,,804091
souliers de cordonnier vieux,1,non,,804091
souliers de cuir,53,non,,804091
souliers de cuir couverts en soie pour femme,5,non,,804091
souliers de cuir et pour femme,3,non,,804091
souliers de cuir et pour homme,5,non,,804091
souliers de cuir et pour homme et femme,1,non,,804091
souliers de cuir pour homme,6,non,,804091
souliers de cuir pour homme et femme,5,non,,804091
souliers de cuir surans,1,non,,804091
souliers de cuir vieux,1,non,,804091
souliers de dame,1,non,,804091
souliers de maroquin,3,non,,804091
souliers de soie,13,non,,804091
souliers en paire,1,oui,,804091
souliers en terre,1,non,,804091
souliers enfant,1,non,,804091
souliers et bottes de toutes espèces,5,oui,,804091
souliers et mules,1,non,,804091
souliers et mules en paire,1,oui,,804091
souliers neufs,145,non,,804091
souliers pantoufles et galoches,3,non,,804091
souliers par paires,0,non,,804091
souliers petits,2,non,,804091
souliers pour enfant,12,non,,804091
souliers pour femme,43,non,,804091
souliers pour homme,78,non,,804091
souliers pour homme et femme,2,non,,804091
souliers vieux,76,non,,804091
souline étoffe des Indes,1,non,,804091
soupières de faïence,1,non,,804091
souquets de mâts,2,non,,804091
soutane,1,non,,804091
southoy,1,non,,804091
soutien,0,non,,804091
soux de grabanite,1,non,,804091
soux en feuilles,1,non,,804091
soyette de fil,1,non,,804091
spalme,3,non,,804091
spalte,1,non,,804091
spardilles,7,non,,804091
spart brut,3,non,,804091
spart brut et presle,2,non,,804091
sparterie,16,non,,804091
sparterie brute en auf jonc et roseaux,26,non,,804091
spath,1,non,,804091
spéculation,2,non,,804091
spermaceti,63,non,,804091
sperme,1,non,,804091
sperme de baleine,15,non,,804091
sphères,1,non,,804091
spiante,1,non,,804091
spicaceltica,51,non,,804091
spicajudica,1,non,,804091
spicanardi,16,non,,804091
spinenardi,1,non,,804091
spirinck,49,non,,804091
spode,3,non,,804091
sprottes,1,non,,804091
square,1,non,,804091
squille de grains,4,non,,804091
squine,162,non,,804091
stafisagre,34,non,,804091
stagnon,1,non,,804091
statue de pierre,10,non,,804091
statue de plomb,1,non,,804091
stechas arabique,1,non,,804091
stephais,1,non,,804091
sthouchais,1,non,,804091
stil de bois,1,non,,804091
stil de grain,2,oui,,804091
stil de grains,63,non,,804091
stil de grains et vermillon,1,non,,804091
stinkerque,31,non,,804091
stinkerque à barre,1,oui,,804091
stinkerque à barres,1,non,,804091
stinkerque brodées,1,non,,804091
stinkerque brodées de couleur,1,non,,804091
stinkerque de fil organdis,1,non,,804091
stirax liquide,1,non,,804091
stockfish,562,non,,804091
stockfish mariné et salé,16,non,,804091
stockfish salé,4,non,,804091
storax,213,non,,804091
storax calames,2,non,,804091
storax calamin,1,non,,804091
storax en grabeau,1,non,,804091
storax en larme,1,non,,804091
storax liquide,7,non,,804091
stragondis,6,non,,804091
sublimé,147,non,,804091
sublimé corosif,17,non,,804091
subsistances,27,non,,804091
substances et produits chimiques,29,non,,804091
substances et produits chimiques principalement eau-forte et couperose,14,non,,804091
substances et produits chimiques principalement en eau-forte et couperose bleue et blanche,12,non,,804091
suc de réglisse,47,non,,804091
succade,1,non,,804091
sucre,3297,non,,804091
sucre à devises et à casser,43,non,,804091
sucre bâtard,1,non,,804091
sucre blanc,1325,non,,804091
sucre blanc brut des entrepôts étranger,0,non,,804091
sucre blanc brut étranger,3,non,,804091
sucre blanc en pain,5,non,,804091
sucre blanc en poudre,1,non,,804091
sucre blanc et sucre terré,49,non,,804091
sucre blanc et sucre terré des Îles françaises de l'Amérique,1,non,,804091
sucre blanc et sucre terré et sucre têtes,9,non,,804091
sucre blanc et tabatières de bergamote,1,non,,804091
sucre blanc terré et têtes,20,non,,804091
sucre brun,108,non,,804091
sucre brun brut,3,non,,804091
sucre brun en pain et terré,1,non,,804091
sucre brun prix bas,15,non,,804091
sucre brut,1761,non,,804091
sucre brut autre que blanc,6,non,,804091
sucre brut autre que blanc des entrepôts étranger,0,non,,804091
sucre brut autre que blanc étranger,4,non,,804091
sucre brut blanc,4,non,,804091
sucre brut blanc ou terré,5,non,,804091
sucre brut des colonies françaises au-delà du Cap,2,non,,804091
sucre brut en forme,1,non,,804091
sucre brut et sucre terré,5,non,,804091
sucre brut par Nantes,1,non,,804091
sucre candi,391,non,,804091
sucre candi en pain et en poudre raffiné,1,non,,804091
sucre candi et en pain,3,non,,804091
sucre candi et sucre en pain par Bayonne Bordeaux Le Havre et Dunkerque,1,non,,804091
sucre candi raffiné,1,non,,804091
sucre carré,1,non,,804091
sucre cassonade,1,non,,804091
sucre commun,25,non,,804091
sucre d'érable,10,non,,804091
sucre d'orge,17,non,,804091
sucre de Brésil et sucre blanc et sucre cru,0,non,,804091
sucre de canne,1,non,,804091
sucre de Cayenne,1,non,,804091
sucre de Cayenne terré,5,non,,804091
sucre de forme,1,non,,804091
sucre de lait,1,non,,804091
sucre de réglisse,2,non,,804091
sucre de têtes,15,non,,804091
sucre des Indes brut,1,non,,804091
sucre des Indes terré,2,non,,804091
sucre des Indes têtes,1,non,,804091
sucre des prises terré,1,non,,804091
sucre dit lompen,3,non,,804091
sucre du Brésil,2,non,,804091
sucre en blanc,1,non,,804091
sucre en dragées,130,non,,804091
sucre en forme terré,1,non,,804091
sucre en lait,1,non,,804091
sucre en pain,1100,non,,804091
sucre en pain blanc,1,non,,804091
sucre en pain et en poudre raffiné,1,non,,804091
sucre en pain et sucre raffiné,15,non,,804091
sucre en pain et sucre raffiné et sucre têtes etc.,1,non,,804091
sucre en pain et sucre terré,2,non,,804091
sucre en pain par Le Havre,1,non,,804091
sucre en pain par Strasbourg,1,non,,804091
sucre en pain par Strasbourg Metz et Riltzeim,1,non,,804091
sucre en pain pour la Compagnie des Indes,1,non,,804091
sucre en pain raffiné,29,non,,804091
sucre en pain sorti avec prime,13,non,,804091
sucre en poudre,2,non,,804091
sucre en poudre blanc,93,non,,804091
sucre en poudre blanc de haut prix,14,non,,804091
sucre en poudre brun,94,non,,804091
sucre et raisin sec,3,non,,804091
sucre et rocou,7,non,,804091
sucre et tabac,11,non,,804091
sucre et verdet,5,non,,804091
sucre ferré,3,non,,804091
sucre fin,3,non,,804091
sucre mélasse,20,non,,804091
sucre mélisse,1,non,,804091
sucre mes ???,1,non,,804091
sucre moscovade,11,non,,804091
sucre noix,1,non,,804091
sucre orianne,1,non,,804091
sucre raffiné,342,non,,804091
sucre rouge,1,non,,804091
sucre roulé,1,non,,804091
sucre royal,3,non,,804091
sucre terré,1516,non,,804091
sucre terré autre que blanc,1,non,,804091
sucre terré autre que blanc des entrepôts étranger,0,non,,804091
sucre terré autre que blanc étranger,3,non,,804091
sucre terré blanc,1,non,,804091
sucre terré blanc des entrepôts étranger,0,non,,804091
sucre terré blanc étranger,7,non,,804091
sucre terré blanc ordinaire et têtes de forme,11,non,,804091
sucre terré brun étranger,3,non,,804091
sucre terré commun,1,non,,804091
sucre terré des colonies françaises au-delà du Cap,0,non,,804091
sucre terré des Indes,1,non,,804091
sucre terré et sucre têtes,36,non,,804091
sucre terré moyen,1,non,,804091
sucre terré par Bayonne Marseille et Nantes,1,non,,804091
sucre terré par Chapareillan,1,non,,804091
sucre terré têtes,19,non,,804091
sucre terré têtes de forme,1,non,,804091
sucre têtes,435,non,,804091
sucre têtes de forme,143,non,,804091
sucre vergeoise,154,non,,804091
sucrerie,19,non,,804091
sucrerie drapée,2,non,,804091
sucrier,4,non,,804091
sucrier de faïence,2,non,,804091
sucs d'espèces particulières,2,non,,804091
suie de cheminée,66,non,,804091
suif,2413,non,,804091
suif à chandelle,36,non,,804091
suif brut,11,non,,804091
suif de mouton,1,non,,804091
suif en barils,48,non,,804091
suif en branche,4,non,,804091
suif en chandelle,6,non,,804091
suif en chandelle et en rames,1,non,,804091
suif en masse,94,non,,804091
suif en pain,102,non,,804091
suif en pain et en rames,2,non,,804091
suif en poil,1,non,,804091
suif en rames,16,non,,804091
suif en vessie,1,non,,804091
suif fondu,79,non,,804091
suif fondu et en chandelle,3,non,,804091
suif pour faire du savon,0,non,,804091
suif pour raffiner le cuivre,4,non,,804091
suif soudes,9,non,,804091
suin,1,non,,804091
suine,0,non,,804091
sulfate d'alumine,2,non,,804091
sulfate d'ammoniaque,2,non,,804091
sulfate de cuivre,5,non,,804091
sulfate de cuivre de fer et de zinc,2,non,,804091
sulfate de cuivre et de fer,1,non,,804091
sulfate de fer,5,non,,804091
sulfate de magnésie de potasse et de soudes,2,non,,804091
sulfate de plomb,1,non,,804091
sulfate de potasse,7,non,,804091
sulfate de quinine,2,non,,804091
sulfate de zinc,3,non,,804091
sulfure d'arsenic jaune et rouge,4,non,,804091
sulfure de mercure en pierres,3,non,,804091
sumac,819,non,,804091
sumac des corroyeurs,45,non,,804091
sumac et autres feuilles tinctoriales,2,non,,804091
sumeuille de cuivre,0,non,,804091
surge de laine,4,oui,,804091
surons,1,non,,804091
sutoze,1,non,,804091
tabac,1489,non,,804091
tabac à fumer,39,non,,804091
tabac à mâcher,1,non,,804091
tabac à râper,4,non,,804091
tabac à varié,1,non,,804091
tabac avarié,4,non,,804091
tabac briquet,5,non,,804091
tabac brut,1,non,,804091
tabac commun,15,non,,804091
tabac commun en feuilles,1,non,,804091
tabac d'Espagne,96,non,,804091
tabac d'Espagne en feuilles,1,non,,804091
tabac de ???,1,non,,804091
tabac de Brésil,3,non,,804091
tabac de caisse,1,non,,804091
tabac de cantine,21,non,,804091
tabac de carottes,2,oui,,804091
tabac de Clairac,1,non,,804091
tabac de coco,1,non,,804091
tabac de Hollande,12,non,,804091
tabac de la Ferme,225,non,,804091
tabac de la Havane,13,non,,804091
tabac de renvoi,1,non,,804091
tabac de Séville,2,non,,804091
tabac de St. Domingue,18,non,,804091
tabac de St. Vincent,2,non,,804091
tabac de toutes espèces,4,oui,,804091
tabac de Virginie,30,non,,804091
tabac de Virginie en feuilles,10,non,,804091
tabac des Îles françaises,1,non,,804091
tabac des Indes,1,non,,804091
tabac des prises,7,non,,804091
tabac divers,2,non,,804091
tabac du Brésil,72,non,,804091
tabac du Brésil acheté à Lisbonne,2,non,,804091
tabac du Brésil acheté à Lisbonne en faisant route pour la Côte d'Or,2,non,,804091
tabac du Brésil de Virginie,3,non,,804091
tabac du Brésil pris à Lisbonne par les bâtiments français négriers expédiés des ports de France pour la Côte d'Or,1,non,,804091
tabac du Brésil pris à Lisbonne par les bâtiments négriers expédiés des côtes de France pour la Côte d'Or,1,non,,804091
tabac en ???,1,non,,804091
tabac en andouille,11,non,,804091
tabac en caisse,5,non,,804091
tabac en cantine,1,non,,804091
tabac en carotte,102,non,,804091
tabac en carotte et en feuilles,1,non,,804091
tabac en carotte et en feuilles et en côtes,2,non,,804091
tabac en carotte et en feuilles et râpé,1,non,,804091
tabac en carotte et fabriqué,6,non,,804091
tabac en carotte et feuilles côtes,1,oui,,804091
tabac en carotte et rolles,119,non,,804091
tabac en carotte par Bayonne,1,non,,804091
tabac en cordes,17,non,,804091
tabac en coren ???,0,non,,804091
tabac en côtes,83,non,,804091
tabac en côtes et en feuilles,27,non,,804091
tabac en côtes et en feuilles des entrepôts pour la régie,0,non,,804091
tabac en côtes et en feuilles pour la régie,6,non,,804091
tabac en feuille,1,non,,804091
tabac en feuille des Îles françaises,1,non,,804091
tabac en feuilles,2,non,,804091
tabac en feuilles de la Louisiane,1,non,,804091
tabac en feuilles de Virginie,10,non,,804091
tabac en feuilles et autres,3,non,,804091
tabac en feuilles et en poudre,1,non,,804091
tabac en feuilles par Bayonne,1,non,,804091
tabac en feuilles par Dunkerque,1,non,,804091
tabac en filé,1,non,,804091
tabac en graine,1,non,,804091
tabac en manoque,19,non,,804091
tabac en poudre,437,non,,804091
tabac en poudre commun,1,non,,804091
tabac en poudre commun supérieur,1,non,,804091
tabac en poudre d'Espagne,1,non,,804091
tabac en poudre de la Ferme,1,non,,804091
tabac en poudre de la Havane,3,non,,804091
tabac en rolle,14,non,,804091
tabac en rouleau,12,non,,804091
tabac et savon,1,non,,804091
tabac et son d'Espagne,4,non,,804091
tabac fabriqué,53,non,,804091
tabac fabriqué et préparé,4,non,,804091
tabac ficelé,6,non,,804091
tabac filé,79,non,,804091
tabac fin,2,non,,804091
tabac frisé,2,non,,804091
tabac haché,4,non,,804091
tabac haché et à fumer,125,non,,804091
tabac pour échantillon,1,non,,804091
tabac pressé d'Allemagne,6,non,,804091
tabac râpé,104,non,,804091
tabac râpé de la Ferme,7,non,,804091
tabac râpé par Dunkerque,1,non,,804091
tabac viedé,1,non,,804091
tabagies,1,non,,804091
tabatières,117,non,,804091
tabatières à bergamote,1,oui,,804091
tabatières communes,4,non,,804091
tabatières corne,1,non,,804091
tabatières d???,1,non,,804091
tabatières d'agate,7,non,,804091
tabatières d'argent,22,non,,804091
tabatières d'argent émaillées,1,non,,804091
tabatières d'argent et d'or,1,non,,804091
tabatières d'argent et dorées,1,non,,804091
tabatières d'argent et petites,2,non,,804091
tabatières d'écaille,121,non,,804091
tabatières d'écaille à charnière,1,non,,804091
tabatières d'écaille à charnière d'or,1,non,,804091
tabatières d'écaille à pitons d'argent,1,non,,804091
tabatières d'écaille garnies d'argent,1,non,,804091
tabatières d'écaille incrustées,1,non,,804091
tabatières d'écaille incrustées d'argent,1,non,,804091
tabatières d'écaille incrustées d'argent et d'or,2,non,,804091
tabatières d'écaille incrustées d'or,1,non,,804091
tabatières d'écaille unie,3,non,,804091
tabatières d'émail,1,non,,804091
tabatières d'olivier,56,non,,804091
tabatières d'or,11,non,,804091
tabatières d'os,1,non,,804091
tabatières de bergamote,15,non,,804091
tabatières de bois,51,non,,804091
tabatières de bois blanc,1,non,,804091
tabatières de bois d'olivier,8,non,,804091
tabatières de bois verni,138,non,,804091
tabatières de buis,4,non,,804091
tabatières de carton,263,non,,804091
tabatières de coco,2,non,,804091
tabatières de composition,2,non,,804091
tabatières de corne,84,non,,804091
tabatières de cuir,3,non,,804091
tabatières de cuivre,1,non,,804091
tabatières de cuivre jaune,1,non,,804091
tabatières de fer-blanc,7,non,,804091
tabatières de forme,1,non,,804091
tabatières de nacre,1,non,,804091
tabatières de paille,9,non,,804091
tabatières de pinsbeck,4,non,,804091
tabatières de vermeil,1,non,,804091
tabatières émaillées,5,non,,804091
tabatières enrichies,5,non,,804091
tabatières garnies d'or,1,non,,804091
tabatières incrustées,1,non,,804091
tabatières unies,1,non,,804091
tabatières vernies,3,non,,804091
tabernacle,3,non,,804091
tabernacle de marbre,0,non,,804091
tabernacle doré,1,non,,804091
tabernacle en bois d'or,1,non,,804091
table en plomb,66,non,,804091
tableaux,567,non,,804091
tableaux à bordures dorées,3,non,,804091
tableaux à cadres dorés,3,non,,804091
tableaux à l'huile,1,non,,804091
tableaux anciens,1,non,,804091
tableaux avec leurs cadres,2,non,,804091
tableaux communs,22,non,,804091
tableaux communs et sur toile,7,non,,804091
tableaux communs et vieux,1,non,,804091
tableaux d'optiques,2,non,,804091
tableaux de famille,4,non,,804091
tableaux de papier peint,1,non,,804091
tableaux et thèses,2,non,,804091
tableaux fins et sur toile,1,non,,804091
tableaux grossiers,3,non,,804091
tableaux petits,1,non,,804091
tableaux portraits,1,non,,804091
tableaux sans bordures,2,non,,804091
tableaux sans bordures et sur toile,2,non,,804091
tableaux sur bois,1,non,,804091
tableaux sur toile,18,non,,804091
tableaux vieux,4,non,,804091
tables,5,non,,804091
tables à café,1,non,,804091
tables à cannelle,1,non,,804091
tables à écrire,1,non,,804091
tables à jouer,7,non,,804091
tables à thé,7,non,,804091
tables à thé vernies,1,non,,804091
tables d'acajou,1,non,,804091
tables d'ardoises,15,non,,804091
tables de bois,28,non,,804091
tables de bois peintes,2,non,,804091
tables de bois petites,1,non,,804091
tables de chêne,2,non,,804091
tables de marbre,181,non,,804091
tables de marbre avec leurs pieds,1,non,,804091
tables de marbre et à pieds dorés,2,non,,804091
tables de marbre ouvré,2,non,,804091
tables de marbre petites,2,non,,804091
tables de noyer,2,non,,804091
tables de nuit,2,non,,804091
tables de quadrilles,3,non,,804091
tables de sapin,18,non,,804091
tables de sapin en forme de commonde,1,non,,804091
tables de sapin peinte,3,non,,804091
tables de sapin peintes,13,non,,804091
tables de sapin vernies,4,non,,804091
tables de toilette,1,non,,804091
tables de verre,53,non,,804091
tables en feuilles,1,non,,804091
tables en marbre,27,non,,804091
tables fermées,3,non,,804091
tables jacinthes,1,non,,804091
tables peintes,11,non,,804091
tables vernies,14,non,,804091
tabletterie,7,non,,804091
tabletterie et porcelaine,0,non,,804091
tablettes anisées,1,non,,804091
tablettes d'ardoise,2,non,,804091
tablier,4,non,,804091
tablier brodé,4,non,,804091
tablier brodé et de taffetas,1,non,,804091
tablier de peau de chamois,1,non,,804091
tablier de quadrilles,1,non,,804091
tablier de soie,1,non,,804091
tablier de taffetas,6,non,,804091
tablier de toile peinte,3,non,,804091
tablier peint,3,non,,804091
tabourets,1,non,,804091
tabourets d'enfant,1,non,,804091
tabourets de lit en satin,2,non,,804091
Tabourets de lit en satin brodé,2,oui,,804091
tabourets de lit en satin brodé,2,non,,804091
tacelle de fer,0,non,,804091
taffetas,248,non,milieu de gamme,43973
taffetas à la bonne femme,2,non,,804091
taffetas blanc,2,non,,804091
taffetas bleu,3,non,,804091
taffetas broché,1,non,,804091
taffetas chiné,1,non,,804091
taffetas cirés de soie,1,non,,804091
taffetas crin,1,non,,804091
taffetas d'Angleterre,4,non,,804091
taffetas d'Avignon,2,non,,804091
taffetas de Florence,2,non,,804091
taffetas de Léon,2,non,,804091
taffetas de Lyon,1,non,,804091
taffetas de Naples,1,non,,804091
taffetas de Pékin,4,non,,804091
taffetas de soie,35,non,,804091
taffetas double,1,non,,804091
taffetas foulard,1,non,,804091
taffetas foulas,7,non,,804091
taffetas lustré,2,non,,804091
taffetas noir,7,non,,804091
taffetas petit,5,non,,804091
taffetas rayé,5,non,,804091
tafia,408,non,,804091
tafia par Dunkerque et étranger,1,non,,804091
taillanderie,7,non,,804091
taille de bois à couvrir,1,oui,,804091
taille de bois pour couvrir,1,non,,804091
taillole,1,non,,804091
taillole de coton,2,non,,804091
taillole de laine,4,non,,804091
talaris,8,non,,804091
talc,5,non,,804091
talc de Venise,2,non,,804091
talons de bois,37,non,,804091
talons de bois et forme de bois,1,non,,804091
talons de cuir,1,non,,804091
tamarin,339,non,,804091
tamarin confit dans le sucre,4,non,,804091
tamarin en gousse,38,non,,804091
tamarin gousse entière,5,non,,804091
tamarin gras,1,non,,804091
tamarindy,2,non,,804091
tambours,16,non,,804091
tambours à sucre,5,non,,804091
tambours d'acier,2,non,,804091
tambours d'enfant,2,non,,804091
tambours de cuir,1,non,,804091
tambours de fer,41,non,,804091
tambours de fer pour moulins à sucre,1,non,,804091
tambours de fonte,1,non,,804091
tambours de forme,1,non,,804091
tambours pour moulins à sucre,1,non,,804091
tamis,59,non,,804091
tamis à faire et faits,111,non,,804091
tamis à sucre,2,non,,804091
tamis à tabac,1,non,,804091
tamis de crin,4,non,,804091
tamis de fil de laiton,3,non,,804091
tamis de laine,1,non,,804091
tamis de soie,1,non,,804091
tamis de toile de crin,1,non,,804091
tan,3,non,,804091
tanabare ???,1,non,,804091
tanches,2,non,,804091
tanelles,1,non,,804091
tanier de laine,1,non,,804091
tanjebs,8,non,,804091
tanquets de terre,1,non,,804091
tapenade,1,non,,804091
tapetal,0,non,,804091
tapette,1,non,,804091
tapette à mouches,1,non,,804091
tapis,120,non,milieu de gamme,43973
tapis à côtes et à nœuds de laine,2,non,,804091
tapis à petit point,1,non,,804091
tapis autres qu'à côtes et à nœuds de laine,1,non,,804091
tapis brodés,2,non,,804091
tapis brodés en soie,1,non,,804091
tapis brodés en surface et de drap,1,non,,804091
tapis courtepointe,1,non,,804091
tapis courtepointe de toile peinte,1,non,,804091
tapis d'Angleterre,3,non,,804091
tapis d'Aubusson,10,non,,804091
tapis d'Auvergne,13,non,,804091
tapis d'indienne,18,non,,804091
tapis de billard,1,non,,804091
tapis de chitte,2,non,,804091
tapis de coton,1,non,,804091
tapis de coton et de fil,2,non,,804091
tapis de fil et de laine,3,non,,804091
tapis de Guinée,2,non,,804091
tapis de laine,118,non,bas de gamme,18109
tapis de laine à côtes et à nœuds,1,non,,804091
tapis de laine d'Aubusson,3,non,,804091
tapis de laine d'Auvergne,1,non,,804091
tapis de laine simples,4,non,,804091
tapis de moquette,9,non,,804091
tapis de palampoux,2,non,,804091
tapis de Perse,2,non,,804091
tapis de pieds,4,non,,804091
tapis de pure laine,3,non,,804091
tapis de Rouen,1,non,,804091
tapis de satin,2,non,,804091
tapis de satin blanc brodé,1,non,,804091
tapis de satin brodé,8,non,,804091
tapis de soie,1,non,,804091
tapis de table,68,non,,804091
tapis de table pièces,171,non,,804091
tapis de toile cirée,1,non,,804091
tapis de toile peinte,14,non,,804091
tapis de toile rayée,1,non,,804091
tapis de Turquie,12,non,,804091
tapis de velours,8,non,,804091
tapis des Indes,7,non,,804091
tapis divers,19,non,,804091
tapis du Caire,3,non,,804091
tapis du Levant,2,non,,804091
tapis et courtepointe,1,non,,804091
tapis et tapisserie,3,non,,804091
tapis fabrique de Tournai,3,non,,804091
tapis fil teint,1,non,,804091
tapis gros point,1,non,,804091
tapis indienne,1,non,,804091
tapis peints,7,non,,804091
tapis peints brodés,1,non,,804091
tapis vieux de renvoi,1,non,,804091
tapisserie,206,non,milieu de gamme,43973
tapisserie à l'Aubusson,4,non,,804091
tapisserie aux aiguilles,3,non,,804091
tapisserie commune,24,non,,804091
tapisserie d'Amiens,2,non,,804091
tapisserie d'Anvers,1,non,,804091
tapisserie d'Aubusson,112,non,milieu de gamme,43973
tapisserie d'Aubusson en tenture,1,non,,804091
tapisserie d'Aubusson tenture,2,non,,804091
tapisserie d'Audenarde,17,non,,804091
tapisserie d'Auvergne,105,non,milieu de gamme,43973
tapisserie d'Auvergne en tentures,1,non,,804091
tapisserie d'Auvergne tentures,1,oui,,804091
tapisserie d'Elbeuf,13,non,,804091
tapisserie d'oudenarde,2,non,,804091
tapisserie d'ouvrage,1,non,,804091
tapisserie de Bayonne,1,non,,804091
tapisserie de Beauvais,1,non,,804091
tapisserie de Bergame,12,non,,804091
tapisserie de Bruxelles,1,non,,804091
tapisserie de Bruxelles et autres,5,non,,804091
tapisserie de coton,1,non,,804091
tapisserie de coton imprimé,3,non,,804091
tapisserie de coutil,2,non,,804091
tapisserie de coutil peinte,1,non,,804091
tapisserie de cuir doré,13,non,,804091
tapisserie de fil et de laine,3,non,,804091
tapisserie de fil peint,1,non,,804091
tapisserie de fil teint,2,non,,804091
tapisserie de filoselle,1,non,,804091
tapisserie de Flandre avec argent et or,1,non,,804091
tapisserie de haut lieu vieille,1,non,,804091
tapisserie de haute lice,23,non,,804091
tapisserie de haute lice en tenture,3,non,,804091
tapisserie de Hongrie,3,non,,804091
tapisserie de la Marche,1,non,,804091
tapisserie de laine,8,non,,804091
tapisserie de laine d'Aubusson,1,non,,804091
tapisserie de moquette,33,non,milieu de gamme,43973
tapisserie de papier peau,1,non,,804091
tapisserie de papier peint,1,non,,804091
tapisserie de point de Hongrie,3,non,,804091
tapisserie de Rouen,104,non,milieu de gamme,43973
tapisserie de toile cirée,1,non,,804091
tapisserie de toile peinte,4,non,,804091
tapisserie de verdure,4,non,,804091
tapisserie de verdure tentures,1,non,,804091
tapisserie des Gobelins,21,non,,804091
tapisserie du Dauphiné,1,non,,804091
tapisserie en tentures,2,non,,804091
tapisserie fausse et de toile,1,non,,804091
tapisserie filoselle et laine,1,non,,804091
tapisserie fine coutil,1,non,,804091
tapisserie hachée et de laine,2,non,,804091
tapisserie peinte,15,non,,804091
tapisserie peinte ??? toile,1,non,,804091
tapisserie peinte de Hongrie,4,non,,804091
tapisserie peinte sur coutil,2,non,,804091
tapisserie peinte sur toile,2,non,,804091
tapisserie peinte tentures,1,non,,804091
tapisserie pièce,2,non,,804091
tapisserie point de Hongrie,3,non,,804091
tapisserie pour chaises,1,non,,804091
tapisserie pur ??? coutil,1,non,,804091
tapisserie simple,2,non,,804091
tapisserie sur toile,3,non,,804091
tapisserie tontisse,3,non,,804091
tapisserie verdure,2,non,,804091
tapisserie vieille,18,non,,804091
tapkankanias,1,non,,804091
tapsel,186,non,milieu de gamme,43973
tapsel des Indes,3,non,,804091
tapsel étoffe,1,non,,804091
tapsel étroite,1,non,,804091
tapsel grand,4,non,,804091
tapsel large,1,non,,804091
tapsel longue et large,1,non,,804091
taques de cheminée,2,non,,804091
tarnatanes,3,non,,804091
tars,1,non,,804091
tartagogne,1,non,,804091
tartre,1693,non,,804091
tartre blanc,9,non,,804091
tartre brut,3,non,,804091
tartre de lie de vin désséchée,2,non,,804091
tartre de lie de vin liquide,1,non,,804091
tartre de potasse de soudes et de potasse,2,non,,804091
tartre de soudes et de potasse,1,non,,804091
tartre émétique,3,non,,804091
tartre en grabeau,26,non,,804091
tartre en pierre,1,non,,804091
tartre en poussière,1,non,,804091
tartre et lie de vin,22,non,,804091
tartre et térébenthine,6,non,,804091
tartre glan,1,non,,804091
tartre rouge,8,non,,804091
tartre térébenthine,4,non,,804091
tartre vitriolé,1,non,,804091
tase rouge,1,non,,804091
tasse à café de terre anglaise,1,non,,804091
tasseaux,2,non,,804091
tasses,4,non,,804091
tasses de coco,1,non,,804091
tasses de coraux garnies d'argent,1,non,,804091
tasses de faïence,2,non,,804091
tasses de terre blanche,1,non,,804091
tasses de vermillon,4,non,,804091
tatie,1,non,,804091
taulier pour canon,1,non,,804091
taupine,3,non,,804091
taupine de coton et de soie,2,non,,804091
taureaux,68,non,,804091
taureaux et vache,6,non,,804091
tavelle,33,non,bas de gamme,18109
tavelle de fil et de laine,1,non,,804091
tavelle de laine,1,non,,804091
tayolles,76,non,,804091
tayolles de ???,1,non,,804091
tayolles de coton,10,non,,804091
tayolles de coton et de fil,1,non,,804091
tayolles de coton et de soie,1,non,,804091
tayolles de fil,1,non,,804091
tayolles de laine,12,non,bas de gamme,18109
tayolles de soie,7,non,,804091
tegers de cuivre,0,non,,804091
teinture,289,non,,804091
teinture cerise,2,non,,804091
teinture commune,1,non,,804091
teinture d'herbes,1,non,,804091
teinture jaune,1,non,,804091
teinture pour les filets,1,non,,804091
teinture préparée,1,non,,804091
tejenes de cuivre,1,non,,804091
télescope,9,non,,804091
télescope de bois uni,1,non,,804091
télescope de cuivre poli,1,non,,804091
temparille,2,non,,804091
tenaille,3,non,,804091
tenaille de fer,2,non,,804091
tenaille grossière,2,non,,804091
tendeurs pour voile,4,non,,804091
tenelle d'espars,1,non,,804091
tenevie,1,non,,804091
tentes,6,non,,804091
tentes canonnières,1,non,,804091
tentes d'officiers vieilles,1,non,,804091
tentes et voile,58,non,,804091
tentes et voile en rolles ou pièces,6,non,,804091
tepaye des Indes,1,non,,804091
tepays,12,non,,804091
terc,4,non,,804091
térébenthine,1287,non,,804091
térébenthine brune,1,non,,804091
térébenthine commune,2,non,,804091
térébenthine compacte,45,non,,804091
térébenthine d' ???,1,oui,,804091
térébenthine de bergamote,1,non,,804091
térébenthine de Venise,6,non,,804091
térébenthine en essence et en huile et en pâte,19,non,,804091
térébenthine en pâte,20,non,,804091
térébenthine essence,50,non,,804091
térébenthine grosse,1,non,,804091
térébenthine liquide,44,non,,804091
terendine,6,non,,804091
terixe,1,non,,804091
ternilles,1,non,,804091
terra merita,2,non,,804091
terraille,531,non,,804091
terraille blanche,22,non,,804091
terraille commune,62,non,,804091
terraille de brin ???,1,non,,804091
terraille de Gênes,4,non,,804091
terraille de Gênes noire,2,non,,804091
terraille de grès,18,non,,804091
terraille de terre,4,non,,804091
terraille étrangère,2,non,,804091
terraille fine,1,non,,804091
terraille grise,1,non,,804091
terraille grosse,2,oui,,804091
terraille grossière,5,non,,804091
terraille minime,1,non,,804091
terraille noire,14,non,,804091
terraillon de grès,1,non,,804091
terraque,1,oui,,804091
terrasse,1,non,,804091
terre,81,non,,804091
terre ?,4,non,,804091
terre à bâtir,9,non,,804091
terre à brûler,1,non,,804091
terre à ciment,20,non,,804091
terre à cimenter,2,non,,804091
terre à faïence,24,non,,804091
terre à faïence commune,1,non,,804091
terre à fouler,72,non,,804091
terre à fouler et à potier,16,non,,804091
terre à foulon,53,non,,804091
terre à nettoyer,2,non,,804091
terre à piment,1,non,,804091
terre à pipes,94,non,,804091
terre à porcelaine,5,non,,804091
terre à poterie,1,non,,804091
terre à potier,180,non,,804091
terre à pots à sucre,1,non,,804091
terre à raffiner le sucre,75,non,,804091
terre à sucre,69,oui,,804091
terre à teindre,1,non,,804091
terre blanche,12,non,,804091
terre ciselée,2,non,,804091
terre commune,3,non,,804091
terre d'ambre,1,non,,804091
terre d'émeri,3,non,,804091
terre d'ombre,225,non,,804091
terre d'ombre de Cologne et de rocou,46,non,,804091
terre d'ombre et terre pour la peintures,4,non,,804091
terre d'orfèvre,4,non,,804091
terre de Bologne,1,non,,804091
terre de Boulogne,1,non,,804091
terre de broue,16,non,,804091
terre de ciment,8,non,,804091
terre de Cologne,42,non,,804091
terre de corail,2,non,,804091
terre de creusets,2,non,,804091
terre de cristal,1,non,,804091
terre de foulon,4,non,,804091
terre de graide,1,non,,804091
terre de grès,10,non,,804091
terre de Hongrie,1,non,,804091
terre de marne,7,non,,804091
terre de marne et argile,7,non,,804091
terre de marne et engrais,17,non,,804091
terre de mine,3,non,,804091
terre de monnaie,1,non,,804091
terre de mulardeau,4,non,,804091
terre de myrthe,1,non,,804091
terre de pipes,28,non,,804091
terre de plomb,34,non,,804091
terre de poil,1,non,,804091
terre de porcelaine,187,non,,804091
terre de pouzzolane,2,non,,804091
terre de rocou,5,non,,804091
terre de Rome,4,non,,804091
terre de Rouen,4,non,,804091
terre de satine,2,non,,804091
terre de Vérone,7,non,,804091
terre de Vérone verte,1,non,,804091
terre de verrerie,3,non,,804091
terre dite souda,88,non,,804091
terre du Faubourg Saint-Antoine,1,non,,804091
terre du Limousin,2,non,,804091
terre glaise,8,non,,804091
terre grasse,40,non,,804091
terre houille,187,non,,804091
terre jaune,37,non,,804091
terre maganaise,3,non,,804091
terre maganaize,1,non,,804091
terre manganèse,14,non,,804091
terre noire,1,non,,804091
terre orianne ???,1,non,,804091
terre pour le goudron,1,non,,804091
terre pour pipes et à potier,49,non,,804091
terre pour teinture,1,non,,804091
terre pour verrerie,7,non,,804091
terre pourrie,3,non,,804091
terre pouzzolane,12,non,,804091
terre rouge,37,non,,804091
terre sigillée,21,non,,804091
terre silvestre,1,non,,804091
terre vernie,1,non,,804091
terre verte,24,non,,804091
terrementil,0,non,,804091
terrerie,22,non,,804091
terrerie blanche,1,non,,804091
terrerie de grès,3,non,,804091
terrier de fer,2,non,,804091
terrine,1,non,,804091
terrine de grès,1,non,,804091
têtes à perruques,6,non,,804091
têtes brodées et de basin,1,non,,804091
têtes de cabillaud,1,non,,804091
têtes de carabé,1,non,,804091
têtes de choux,3,non,,804091
têtes de clou de girofle,2,non,,804091
têtes de clous,2,non,,804091
têtes de cuir,1,non,,804091
têtes de cuir et en poil,20,non,,804091
têtes de cuivre en poêle,1,non,,804091
têtes de girofle,8,non,,804091
têtes de morue,5,non,,804091
têtes de morue des Indes,1,non,,804091
têtes de pavot,1,non,,804091
têtes de pipe,1,non,,804091
thé,2159,non,,804091
thé ???,2,non,,804091
the bou,1,non,,804091
thé bou,71,non,,804091
thé cambou,15,non,,804091
thé congo,1,non,,804091
thé de mauvaise qualité,1,non,,804091
thé des entrepôts,0,non,,804091
thé des Indes,14,non,,804091
thé en fleurs blanc,1,non,,804091
thé et porcelaine,1,non,,804091
thé étranger,1,non,,804091
thé étranger par Strasbourg,1,non,,804091
thé filé,1,non,,804091
thé fin,3,non,,804091
thé haysswen,2,non,,804091
thé impérial,16,non,,804091
thé ordinaire,1,non,,804091
thé par Dunkerque,1,non,,804091
thé par Pontarlier et Saint-Louis,1,non,,804091
thé pays,1,non,,804091
thé pékan,7,non,,804091
thé roux,6,non,,804091
thé saotchaon,2,non,,804091
thé saoul,4,non,,804091
thé souchon,7,non,,804091
thé tonkay,0,non,,804091
thé vert,54,non,,804091
thé vert commun,2,oui,,804091
thé vert foncé,1,non,,804091
thé vert saoul,9,non,,804091
théières,3,non,,804091
théières d'étain,11,non,,804091
théières de cuivre,6,non,,804091
théières de fer-blanc,1,non,,804091
théières de métal,2,non,,804091
théières de terre noire,1,non,,804091
theloc,1,non,,804091
thénique,1,non,,804091
thepays,8,non,,804091
thériaque,215,non,,804091
thériaque de Venise,1,non,,804091
thermomètre,2,non,,804091
thon,12,non,,804091
thon à l'huile,3,non,,804091
thon frais,58,non,,804091
thon mariné,488,non,,804091
thon mariné au vinaigre,2,non,,804091
thon mariné de retour de la foire de Beaucaire,1,non,,804091
thon mariné et salé,9,non,,804091
thon salé,126,non,,804091
thon salé et mariné,2,non,,804091
thon sec,1,non,,804091
thon thonine,24,non,,804091
thonine,74,non,,804091
thonine salée,1,non,,804091
tierçon en jarre,1,non,,804091
tierçons de bois,2,non,,804091
tierçons en bottes,1,non,,804091
tierçons vides,1,non,,804091
tiers à tonneau,1,non,,804091
tiges de bottes,1,non,,804091
tigois,1,non,,804091
tilles à tonnelier,1,non,,804091
tilleul,3,non,,804091
timbres,1,non,,804091
timon,1,non,,804091
tin canarie,1,non,,804091
tinettes,2,non,,804091
tires-bouchons d'acier,1,non,,804091
tiretaine,14,non,,804091
tiretaine de laine,2,non,,804091
tiretaine et miselaine,90,non,,804091
tiretaine grosse de fil,1,non,,804091
tissus de laine,3,non,,804091
tissus de poils,3,non,,804091
tobines,1,non,,804091
tobines de Hollande,1,non,,804091
toile,1065,non,milieu de gamme,43973
toile ???,21,non,bas de gamme,18109
toile ...,0,non,,804091
toile ..ya,0,non,,804091
toile 3/4,1,non,,804091
toile a ???,1,non,,804091
toile à 4 fils,5,non,,804091
toile à bas,8,non,,804091
toile à bas prix blanche de lin,5,non,,804091
toile à bas prix blanche et de coton,6,non,,804091
toile à bas prix de chanvre,3,non,,804091
toile à bas prix de coton et imprimée,11,non,,804091
toile à bâts,14,non,bas de gamme,18109
toile à bluteaux,2,non,,804091
toile à bouquets de laine de coton,2,non,,804091
toile à camis ???,1,non,,804091
toile à carreaux,262,non,milieu de gamme,43973
toile à carreaux de fil et de laine,1,non,,804091
toile à carreaux de Rouen,2,non,,804091
toile à carreaux et à matelas,4,non,,804091
toile à carreaux et de coton,5,non,,804091
toile à carreaux et de coutil,56,non,milieu de gamme,43973
toile à carreaux et de lin,11,non,milieu de gamme,43973
toile à carreaux fine et de lin,1,non,,804091
toile à carreaux grosse et de Lille,1,non,,804091
toile à carreaux pièces de 50 aunes,1,non,,804091
toile à carreaux pour matelas,8,non,,804091
toile à cottray,1,non,,804091
toile à doubler,1,non,,804091
toile à drap,1,non,,804091
toile à faire drap de lin,1,non,,804091
toile à fleurs,4,non,,804091
toile à halle,1,non,,804091
toile à image,1,non,,804091
toile à matelas,74,non,bas de gamme,18109
toile à matelas et à carreaux,3,non,,804091
toile à matelot,5,non,,804091
toile à napon ???,1,non,,804091
toile à nappes,7,non,,804091
toile à nappes et serviettes,3,non,,804091
toile à nègre,6,non,,804091
toile à paillasse,3,non,,804091
toile à pavillon,4,non,,804091
toile à peindre,21,non,,804091
toile à robes,2,non,,804091
toile à sacquette dite talette,4,non,,804091
toile à sacs,13,non,,804091
toile à serpillère,10,oui,,804091
toile à serviettes,66,non,bas de gamme,18109
toile à sorties,1,non,,804091
toile à tamis,117,non,,804091
toile à tapisser,3,non,,804091
toile à voile,1582,non,,804091
toile à voile commune,1,non,,804091
toile à voile de 24 aunes,1,non,,804091
toile à voile de fil,1,non,,804091
toile abas,1,oui,,804091
toile abat,34,non,bas de gamme,18109
toile ajamis,13,non,,804091
toile alanea,1,non,,804091
toile aman,5,oui,,804091
toile amant,3,oui,,804091
toile anascotes,2,non,,804091
toile anglaise,1,non,,804091
toile anglaise des prises,1,non,,804091
toile Antioche,6,non,,804091
toile apprêtée de chanvre et de lin écrue de 13 à 20 fils,2,non,,804091
toile apprêtée de chanvre et de lin écrue de 20 fils et au-dessus,2,non,,804091
toile apprêtée de chanvre et de lin écrue de 8 à 13 fils,2,non,,804091
toile apprêtée de chanvre et de lin écrue de moins de 8 fils,2,non,,804091
toile apprêtée de chanvre et de lin écrue unie,2,non,,804091
toile apprêtée de chanvre et de lin écrue unie de 13 fils inclusivement à 20 fils exclusivement,1,non,,804091
toile apprêtée de chanvre et de lin écrue unie de 8 fils inclusivement à 13 fils exclusivement,1,non,,804091
toile apprêtée de chanvre et de lin écrue unie de moins de 8 fils,1,non,,804091
toile ardoisée et grise de lin,5,non,,804091
toile ardoisée et rayée et rayonnée,85,non,,804091
toile ardoisée et rayonnée,57,non,,804091
toile ardoisée grise et écrue,3,non,,804091
toile au lain,1,non,,804091
toile au lait,7,non,,804091
toile au lait lin,1,non,,804091
toile bajas,1,non,,804091
toile bajouge,1,non,,804091
toile barrière,2,non,,804091
toile Barrois,1,non,,804091
toile basin coutil croisée et autre de chanvre et de lin,2,non,,804091
toile basin coutil croisée et autres,2,non,,804091
toile basin coutil croisée et autres de chanvre et de lin,3,non,,804091
toile batiste en carreaux,4,non,,804091
toile batiste et lino,9,oui,,804091
toile batiste et linon,9,oui,,804091
toile beaugrain,8,non,,804091
toile blancard,124,non,milieu de gamme,43973
toile blancard cirée large,1,non,,804091
toile blancard de chanvre,1,non,,804091
toile blancard de lin,8,non,,804091
toile blancard de Rouen,13,non,,804091
toile blancard et fleuret,8,non,,804091
toile blanche,942,non,milieu de gamme,43973
toile blanche à étoupe,1,non,,804091
toile blanche à imprimer,1,non,,804091
toile blanche abati,1,non,,804091
toile blanche aman,2,oui,,804091
toile blanche bleue et de lin,1,non,,804091
toile blanche cirée,1,non,,804091
toile blanche commune,5,non,,804091
toile blanche d'aman,2,non,,804091
toile blanche damassée de lin pour nappes et serviettes,3,non,,804091
toile blanche de 13 à 20 fils,2,non,,804091
toile blanche de 13 fils,2,non,,804091
toile blanche de 20 aunes,1,non,,804091
toile blanche de 20 fils et au-dessus,2,non,,804091
toile blanche de chanvre,11,non,,804091
toile blanche de chanvre 398 lignes,1,non,,804091
toile blanche de chanvre et de lin,5,non,,804091
toile blanche de chanvre et de lin de 13 à 20 fils,2,non,,804091
toile blanche de chanvre et de lin de 20 fils et au-dessus,2,non,,804091
toile blanche de chanvre et de lin de moins de 13 fils,2,non,,804091
toile blanche de chanvre et de lin unie,2,non,,804091
toile blanche de chanvre et de lin unie de 13 fils inclusivement à 20 fil exclusivement,1,non,,804091
toile blanche de chanvre et de lin unie de 20 fils et au-dessus,1,non,,804091
toile blanche de chanvre et de lin unie de moins de 13 fils,1,non,,804091
toile blanche de Cholet,3,non,,804091
toile blanche de coton,304,non,milieu de gamme,43973
toile blanche de coton du Levant,1,non,,804091
toile blanche de coton et de ???,1,non,,804091
toile blanche de coton et des Indes,6,non,,804091
toile blanche de coton et fil,1,non,,804091
toile blanche de coton et fine,3,non,,804091
toile blanche de coton et nationale,6,non,,804091
toile blanche de coton et rayée,1,non,,804091
toile blanche de coton pour mouchoirs,8,non,,804091
toile blanche de coton saisie,1,non,,804091
toile blanche de fil grosse,1,non,,804091
toile blanche de France,2,non,,804091
toile blanche de Hollande,2,non,,804091
toile blanche de la Compagnie,3,non,,804091
toile blanche de lin,26,non,,804091
toile blanche de lin ??? à la frontière,0,non,,804091
toile blanche de lin à 10 sols et en dessus,17,non,,804091
toile blanche de lin en dessous de 10 sols par aune,11,non,,804091
toile blanche de lin et haut prix,5,non,,804091
toile blanche de lin et toile de lin,11,non,,804091
toile blanche de lin pour nappes et serviettes,6,non,,804091
toile blanche de ménage,3,non,,804091
toile blanche de Saint Quentin et Valenciennes,3,non,,804091
toile blanche de Saint-Quentin,3,non,,804091
toile blanche demitte,1,non,,804091
toile blanche escanite,1,non,,804091
toile blanche et rouge,1,non,,804091
toile blanche et rousse,54,non,,804091
toile blanche et rousse guingans,15,non,,804091
toile blanche et teinte,100,non,milieu de gamme,43973
toile blanche étrangère,3,non,,804091
toile blanche fine,8,non,,804091
toile blanche fine et de lin,3,non,,804091
toile blanche guinée,3,non,,804091
toile blanche large,1,non,,804091
toile blanche ordinaire,18,non,,804091
toile blanche ordre,1,non,,804091
toile blanche peinte,18,non,milieu de gamme,43973
toile blanche pour essuie-mains,5,non,,804091
toile blanchie,2,non,,804091
toile bleue,35,non,bas de gamme,18109
toile bleue de coton,12,non,,804091
toile bleue des Indes,1,non,,804091
toile bleue et rouge,1,non,,804091
toile bocadillo,2,non,,804091
toile boelans,1,non,,804091
toile bonnets,1,non,,804091
toile boucassine,21,non,,804091
toile bougran,113,non,bas de gamme,18109
toile bougran de chanvre,1,non,,804091
toile bougran gommée,3,non,,804091
toile boulange,1,non,,804091
toile bourlegambis,6,non,,804091
toile branle,4,oui,,804091
toile branle imitant celles des Indes,1,oui,,804091
toile brantes des Indes,1,oui,,804091
toile brauls,4,oui,,804091
toile brauls des Indes,2,oui,,804091
toile brauls imitant celles des Indes,1,oui,,804091
toile brin,2,non,,804091
toile brin de Dinant,2,non,,804091
toile brin trois-quart de Combourg,5,non,,804091
toile brochée,2,non,,804091
toile brodée,2,non,,804091
toile brodée en laine et de coton,1,non,,804091
toile brodée en soie et de coton,1,non,,804091
toile brodée et de coton,5,non,,804091
toile bueadille,0,non,,804091
toile cacanava,2,non,,804091
toile cadéas,1,non,,804091
toile caissie,79,non,bas de gamme,18109
toile caissière,1,non,,804091
toile calanea,1,non,,804091
toile calias,1,non,,804091
toile canevas,154,non,bas de gamme,18109
toile canevas de chanvre,1,non,,804091
toile canevas de fil,2,non,,804091
toile canevas gommée,3,non,,804091
toile canevas tracé,7,non,,804091
toile carotte,1,non,,804091
toile carotte double,1,non,,804091
toile carotte simple,1,non,,804091
toile carrée,1,non,,804091
toile casse,1,non,,804091
toile casselis,4,non,,804091
toile cassie,2,non,,804091
toile ce chasse,3,non,,804091
toile cerda,1,non,,804091
toile céruse,2,non,,804091
toile céruse de chanvre,1,non,,804091
toile chapelur,1,non,,804091
toile chapilas,3,non,,804091
toile chasselas,232,non,milieu de gamme,43973
toile chebiny,5,non,,804091
toile chille,1,non,,804091
toile chitte,3,non,,804091
toile choilette,1,non,,804091
toile cirée,582,non,bas de gamme,18109
toile cirée commune,1,non,,804091
toile cirée de 13 à 20 fils,1,non,,804091
toile cirée de chanvre et de lin de 13 à 20 fils,1,non,,804091
toile cirée de chanvre et de lin de 20 fils et au-dessus,2,non,,804091
toile cirée de chanvre et de lin de 8 à 13 fils,1,non,,804091
toile cirée de chanvre et de lin de moins de 8 fils,2,non,,804091
toile cirée de chanvre et de lin unie,2,non,,804091
toile cirée de moins de 8 fils,1,non,,804091
toile cirée et de crin et gommée,30,non,milieu de gamme,43973
toile cirée et gommée,12,non,bas de gamme,18109
toile cirée et lustrée,122,non,,804091
toile cirée et peinte,10,non,,804091
toile cirée large,8,non,,804091
toile cirée pour paravent,1,non,,804091
toile cirée trois-quart,1,non,,804091
toile cirsaca,7,oui,,804091
toile claire,1,non,,804091
toile claire de coton et de fil,2,non,,804091
toile cochelis,26,non,,804091
toile coffres,1,non,,804091
toile colette,1,non,,804091
toile commune,321,non,bas de gamme,18109
toile commune de 25 aunes,1,non,,804091
toile commune de basin,3,non,,804091
toile commune de coton,2,non,,804091
toile commune de Dinant,2,non,,804091
toile commune de Lille,1,non,,804091
toile commune de lin,41,non,milieu de gamme,43973
toile commune écrue et grosse et de lin,6,non,,804091
toile commune et fine,4,non,,804091
toile cordat,42,non,bas de gamme,18109
toile corne,2,non,,804091
toile corot,178,non,milieu de gamme,43973
toile corot double,2,non,,804091
toile corot imitant celle des Indes,1,non,,804091
toile corot simple,1,non,,804091
toile cotonnade,5,non,,804091
toile cotonnade commune,4,non,,804091
toile cotonnade fine,3,non,,804091
toile cotonnade sur fil grossière,1,non,,804091
toile cottray,44,non,milieu de gamme,43973
toile coupis,12,non,,804091
toile coupis imitant celle des Indes,1,non,,804091
toile coutil,335,non,milieu de gamme,43973
toile coutil commune,14,non,milieu de gamme,43973
toile coutil croisée,1,non,,804091
toile coutil de fil,13,non,milieu de gamme,43973
toile coutil de fil et de laine,1,non,,804091
toile coutil pour lit,1,non,,804091
toile crée,73,non,bas de gamme,18109
toile crée de 50 aunes,1,non,,804091
toile crée entrelarge,1,non,,804091
toile crée gratienne,2,non,,804091
toile crée large,54,non,bas de gamme,18109
toile crée large de lin,1,non,,804091
toile crée margé,1,non,,804091
toile crée rayée,2,non,,804091
toile crée rosconne,3,non,,804091
toile cretonne,1,non,,804091
toile crin,2,non,,804091
toile crise,1,non,,804091
toile crue,145,non,bas de gamme,18109
toile crue de 20 aunes,1,non,,804091
toile crue de ménage,3,non,,804091
toile crue et teinte,2,non,,804091
toile crue grise et ardoisée,4,non,,804091
toile crue large,2,non,,804091
toile cunbabis,1,non,,804091
toile custas,3,non,,804091
toile custas imitant celle des Indes,1,non,,804091
toile d'abas,1,non,,804091
toile d'Agen,6,non,,804091
toile d'Alençon,1,non,,804091
toile d'Alep,13,non,milieu de gamme,43973
toile d'Allemagne,70,non,milieu de gamme,43973
toile d'Allemagne et toile de Silésie,1,non,,804091
toile d'aman,169,non,milieu de gamme,43973
toile d'Angers,1,non,,804091
toile d'anne,1,non,,804091
toile d'antale,27,non,bas de gamme,18109
toile d'Antioche,150,non,milieu de gamme,43973
toile d'antrain,2,non,,804091
toile d'Argouges,1,non,,804091
toile d'Artische,1,non,,804091
toile d'aune,2,non,,804091
toile d'Autriche,1,non,,804091
toile d'auxonne,2,non,,804091
toile d'azar,13,non,,804091
toile d'azur,6,non,,804091
toile d'azur bleue,1,non,,804091
toile d'ecripe,1,non,,804091
toile d'emballage,751,non,bas de gamme,18109
toile d'emballage 2270 lignes,1,non,,804091
toile d'emballage de lin,1,non,,804091
toile d'emballage neuve,1,non,,804091
toile d'emballage vieille,1,non,,804091
toile d'éponge,1,non,,804091
toile d'Ernée,1,non,,804091
toile d'étoupe 7/8,1,non,,804091
toile d'étoupes,109,non,bas de gamme,18109
toile d'étoupes 1000 lignes,1,non,,804091
toile d'étoupes de lin,36,non,bas de gamme,18109
toile d'eutalogue,1,non,,804091
toile d'Hambrie,1,non,,804091
toile d'herbes,1,non,,804091
toile d'Irlande,2,non,,804091
toile d'Olonne,24,non,bas de gamme,18109
toile d'Orange,2,non,,804091
toile damassée,22,non,,804091
toile damassée de 1 aune,2,non,,804091
toile damassée de 2 1/2 aunes,2,non,,804091
toile damassée de 2 aunes,2,non,,804091
toile damassée de 3 aunes large,2,non,,804091
toile damassée de Caux,1,non,,804091
toile de ???,2,non,,804091
toile de ??? lin,1,non,,804091
toile de 15 aunes de Hollande,8,non,,804091
toile de 3 aunes de largeur et en dessus,1,non,,804091
toile de 3 aunes pour nappes,1,non,,804091
toile de 30 aunes,0,non,,804091
toile de 30 aunes de Hollande,8,non,,804091
toile de 36 aunes de Hollande,1,non,,804091
toile de 4 fils,1,non,,804091
toile de 7/8,1,non,,804091
toile de balle,1,non,,804091
toile de Barbezieux,3,non,,804091
toile de Barrois,3,non,,804091
toile de Barrois et Clinchamp,8,non,,804091
toile de basin,244,non,milieu de gamme,43973
toile de basin brodé et de coton et de fil,1,non,,804091
toile de basin clair et uni,1,non,,804091
toile de basin coton et fil,2,non,,804091
toile de basin de coton,4,non,,804091
toile de basin de coton commune,5,non,,804091
toile de basin de coton et de fil,3,non,,804091
toile de basin de coton et de fil et teinte,1,non,,804091
toile de basin de Rouen,2,non,,804091
toile de basin et de coutil,5,non,,804091
toile de basin étranger,4,non,,804091
toile de basin fin,4,non,,804091
toile de basin gros,6,non,,804091
toile de basin national,5,non,,804091
toile de basine,1,non,,804091
toile de bazouges,1,non,,804091
toile de Beaufort,2,non,,804091
toile de Beaujolais,1,non,,804091
toile de Beauvais,28,non,milieu de gamme,43973
toile de Bernay,1,non,,804091
toile de Bézier,1,non,,804091
toile de bleue,1,non,,804091
toile de Bonbourg,1,non,,804091
toile de Bretagne,662,non,bas de gamme,18109
toile de Bretagne ??? brin,1,non,,804091
toile de Bretagne 3/4,1,non,,804091
toile de Bretagne 7/8,1,non,,804091
toile de Bretagne à carreaux,71,non,bas de gamme,18109
toile de Bretagne à nègre,1,non,,804091
toile de Bretagne bas brins,12,non,,804091
toile de Bretagne beurrière,1,non,,804091
toile de Bretagne blancard,0,non,,804091
toile de Bretagne blanche,38,non,milieu de gamme,43973
toile de Bretagne blanche large,1,non,,804091
toile de Bretagne cirée,18,non,,804091
toile de Bretagne cirée large,3,non,,804091
toile de Bretagne commune,1,non,,804091
toile de Bretagne cotonnade,0,non,,804091
toile de Bretagne cottray,1,non,,804091
toile de Bretagne crée,38,non,,804091
toile de Bretagne crée étroite,1,non,,804091
toile de Bretagne crée large,97,non,bas de gamme,18109
toile de Bretagne crée large de 40 aunes,1,non,,804091
toile de Bretagne crue,21,non,bas de gamme,18109
toile de Bretagne d'emballage,4,non,,804091
toile de Bretagne d'étoupe,0,non,,804091
toile de Bretagne d'Olonne,45,non,bas de gamme,18109
toile de Bretagne de ???,1,non,,804091
toile de Bretagne de ??? fil,6,non,,804091
toile de Bretagne de 3 aunes,1,non,,804091
toile de Bretagne de 4 fils,21,non,bas de gamme,18109
toile de Bretagne de 6 fils,2,non,,804091
toile de Bretagne de balles,5,non,,804091
toile de Bretagne de bazot,1,non,,804091
toile de Bretagne de brin,29,non,bas de gamme,18109
toile de Bretagne de challe,3,non,,804091
toile de Bretagne de chanvre,12,non,,804091
toile de Bretagne de coton,2,non,,804091
toile de Bretagne de couleur,16,non,bas de gamme,18109
toile de Bretagne de couture,1,non,,804091
toile de Bretagne de fil,2,non,,804091
toile de Bretagne de halle,9,non,,804091
toile de Bretagne de ménage,49,non,bas de gamme,18109
toile de Bretagne de réforme,1,non,,804091
toile de Bretagne de rondelette,1,non,,804091
toile de Bretagne de rosconne,11,non,,804091
toile de Bretagne de Savigny,2,non,,804091
toile de Bretagne de sept huit,1,non,,804091
toile de Bretagne de serpillère,1,non,,804091
toile de Bretagne de St. Georges,16,non,,804091
toile de Bretagne diverse,44,non,bas de gamme,18109
toile de Bretagne écrue,6,non,,804091
toile de Bretagne écrue large,1,non,,804091
toile de Bretagne entre large,47,non,bas de gamme,18109
toile de Bretagne étroite,219,non,bas de gamme,18109
toile de Bretagne fine claire,2,non,,804091
toile de Bretagne fine étroite,2,non,,804091
toile de Bretagne fine large,2,non,,804091
toile de Bretagne Fougères,1,non,,804091
toile de Bretagne gratienne,105,non,bas de gamme,18109
toile de Bretagne grenade,1,non,,804091
toile de Bretagne grise,6,non,,804091
toile de Bretagne gros brin,2,non,,804091
toile de Bretagne haute louise,1,non,,804091
toile de Bretagne hauts brins,35,non,milieu de gamme,43973
toile de Bretagne hauts brins de Dinan,7,non,,804091
toile de Bretagne jaune,3,non,,804091
toile de Bretagne lacormen,1,non,,804091
toile de Bretagne large,194,non,milieu de gamme,43973
toile de Bretagne ouvrée,3,non,,804091
toile de Bretagne peinte,1,non,,804091
toile de Bretagne platille,3,non,,804091
toile de Bretagne pour voile,97,non,,804091
toile de Bretagne rayée,13,non,bas de gamme,18109
toile de Bretagne rayée à carreaux,1,non,,804091
toile de Bretagne reforme,3,non,,804091
toile de Bretagne rondelette,20,non,bas de gamme,18109
toile de Bretagne rosconne,93,non,bas de gamme,18109
toile de Bretagne rouge et bleue,1,non,,804091
toile de Bretagne rousse,21,non,bas de gamme,18109
toile de Bretagne royale,2,non,,804091
toile de Bretagne serpillère,14,non,bas de gamme,18109
toile de Bretagne verges rayées,2,non,,804091
toile de Bretagne verges serpillère,2,non,,804091
toile de Brieu,1,non,,804091
toile de brin,20,non,bas de gamme,18109
toile de brin fine,2,non,,804091
toile de Bruges,6,non,,804091
toile de caisse,1,non,,804091
toile de caladaris,1,non,,804091
toile de Cambrai,202,non,haut de gamme,12084
toile de Cambrai et de lin,10,non,,804091
toile de Cambrai et de lin fin,1,non,,804091
toile de canevas,2,non,,804091
toile de capiton,1,non,,804091
toile de carreaux,2,non,,804091
toile de châles et de lin,1,non,,804091
toile de challe,4,non,,804091
toile de chanvre,807,non,bas de gamme,18109
toile de chanvre ???,0,non,,804091
toile de chanvre 1400 lignes,1,non,,804091
toile de chanvre 1500 lignes,1,non,,804091
toile de chanvre 1700 lignes,1,non,,804091
toile de chanvre 450 lignes,1,non,,804091
toile de chanvre à carreaux,2,non,,804091
toile de chanvre blanche,89,non,milieu de gamme,43973
toile de chanvre blanche écrue,11,non,,804091
toile de chanvre commune et de fil,3,non,,804091
toile de chanvre coutil,10,non,,804091
toile de chanvre d'emballage,15,non,bas de gamme,18109
toile de chanvre d'étoupes,48,non,bas de gamme,18109
toile de chanvre de ???,0,non,,804091
toile de chanvre de coutil,15,non,milieu de gamme,43973
toile de chanvre de Halle,2,non,,804091
toile de chanvre dite coutil,3,non,,804091
toile de chanvre écrue,22,non,bas de gamme,18109
toile de chanvre et de fil d'épreuve,1,non,,804091
toile de chanvre et de lin,667,non,milieu de gamme,43973
toile de chanvre et de lin apprêtée écrue de 13 à 20 fils,1,non,,804091
toile de chanvre et de lin apprêtée écrue de 8 à 13 fils,1,non,,804091
toile de chanvre et de lin apprêtée écrue de fils,1,non,,804091
toile de chanvre et de lin apprêtée écrue de moins de 8 fils,1,non,,804091
toile de chanvre et de lin blanches,2,non,,804091
toile de chanvre et de lin écrue,10,non,,804091
toile de chanvre et de lin écrue pour voile,2,non,,804091
toile de chanvre et de lin écrues,3,oui,,804091
toile de chanvre et de lin imprimée de 13 à 20 fils,2,non,,804091
toile de chanvre et de lin imprimée mi-blanche unie de moins de 8 fils,1,non,,804091
toile de chanvre et de lin imprimée unie,3,non,,804091
toile de chanvre et de lin mi-blanche,2,non,,804091
toile de chanvre et de lin peinte sur enduit pour tapisserie,2,non,,804091
toile de chanvre et de lin peinte sur enduit unie pour tapisserie,1,non,,804091
toile de chanvre et de lin pour matelas,2,non,,804091
toile de chanvre et de lin sans apprêt écrue d'étoupes,1,non,,804091
toile de chanvre et de lin sans apprêt écrue de 13 à 20 fils,1,non,,804091
toile de chanvre et de lin sans apprêt écrue de 8 à 13 fils,1,non,,804091
toile de chanvre et de lin sans apprêt écrue de fils,1,non,,804091
toile de chanvre et de lin sans apprêt écrue de moins de 8 fils,1,non,,804091
toile de chanvre et de lin teinte de 13 à 20 fils,2,non,,804091
toile de chanvre et de lin teinte de 20 fils et au-dessus,1,non,,804091
toile de chanvre et de lin teinte de 8 à 13 fils,2,non,,804091
toile de chanvre et de lin teinte de moins de 8 fils,2,non,,804091
toile de chanvre et de lin unie pour matelas,3,non,,804091
toile de chanvre et de lin unie teinte,2,non,,804091
toile de chanvre et de lin unie teinte de 13 fils inclusivement à 20 fils exclusivement,1,non,,804091
toile de chanvre et de lin unie teinte de 8 fils inclusivement à 13 fils exclusivement,1,non,,804091
toile de chanvre et de lin unie teinte de moins de 8 fils,1,non,,804091
toile de chanvre et écrue et de lin,7,oui,,804091
toile de chanvre étoupes,1,non,,804091
toile de chanvre étoupes grise,5,non,,804091
toile de chanvre étoupes grises,3,non,,804091
toile de chanvre fine,3,non,,804091
toile de chanvre grise,7,non,,804091
toile de chanvre grosse,1,non,,804091
toile de chanvre ouvrée,2,non,,804091
toile de chanvre peinte,2,non,,804091
toile de chanvre pour nègre,1,non,,804091
toile de chanvre pour voile,73,non,,804091
toile de chanvre rousse,29,non,bas de gamme,18109
toile de chanvre teinte,2,non,,804091
toile de chanvre trillin,1,oui,,804091
toile de chasse,23,non,,804091
toile de Château-Gontier,2,non,,804091
toile de Chauvreau,1,non,,804091
toile de Cholet,213,non,bas de gamme,18109
toile de Cholet à carreaux,1,non,,804091
toile de Clisson,1,non,,804091
toile de Combourg,48,non,bas de gamme,18109
toile de Comté,6,non,,804091
toile de corda,1,non,,804091
toile de cordat,2,oui,,804091
toile de coton,1290,non,milieu de gamme,43973
toile de coton ???,1,non,,804091
toile de coton à bas,1,non,,804091
toile de coton à fleurs,13,non,,804091
toile de coton à imprimer,12,non,,804091
toile de coton ajamis,1,non,,804091
toile de coton aman,1,non,,804091
toile de coton antoine,1,non,,804091
toile de coton basin,39,non,milieu de gamme,43973
toile de coton bisinette,1,non,,804091
toile de coton blanche,4,non,,804091
toile de coton blanche de France,7,non,,804091
toile de coton blanche étrangère,10,non,,804091
toile de coton bleu,4,non,,804091
toile de coton brochée,2,non,,804091
toile de coton cirée de renvoi,1,non,,804091
toile de coton commune,6,non,,804091
toile de coton corroyée,1,non,,804091
toile de coton d'aman,3,non,,804091
toile de coton d'Angleterre,2,non,,804091
toile de coton d'Antioche,1,non,,804091
toile de coton de ???,3,non,,804091
toile de coton de duvet,1,non,,804091
toile de coton de France,2,non,,804091
toile de coton de juve,1,non,,804091
toile de coton de la Compagnie,1,non,,804091
toile de coton de Rouen,4,non,,804091
toile de coton demitte,1,non,,804091
toile de coton des Indes,99,non,milieu de gamme,43973
toile de coton des Indes brodée,1,non,,804091
toile de coton dite armanie,2,non,,804091
toile de coton du Levant,7,non,,804091
toile de coton du Piémont,1,non,,804091
toile de coton en siamoise,5,non,,804091
toile de coton escamitte,1,non,,804091
toile de coton et de fil,534,non,milieu de gamme,43973
toile de coton et de fil à fleurs,14,non,,804091
toile de coton et de fil de Cholet à robes,4,non,,804091
toile de coton et de fil imprimée,6,non,,804091
toile de coton et de fil peinte,2,non,,804091
toile de coton et de fil pour mouchoirs,17,non,,804091
toile de coton et de fil teinte,6,non,,804091
toile de coton et de laine,1,non,,804091
toile de coton et de lin,6,non,,804091
toile de coton et soie,2,non,,804091
toile de coton étranger,1,non,,804091
toile de coton étranger et des Indes,1,non,,804091
toile de coton étrangère,4,non,,804091
toile de coton fine,9,non,,804091
toile de coton fine blanche,1,non,,804091
toile de coton forte,1,non,,804091
toile de coton français,4,non,,804091
toile de coton haut prix et teinte,4,non,,804091
toile de coton imprimée,176,non,,804091
toile de coton imprimée et à haut prix,8,non,,804091
toile de coton imprimée et peigne et peinte,64,non,,804091
toile de coton imprimée et peinte,8,non,,804091
toile de coton imprimée et teinte,1,non,,804091
toile de coton large,1,non,,804091
toile de coton mousseline,12,non,,804091
toile de coton mousseline de renvoi,1,non,,804091
toile de coton mousseline saisie,1,non,,804091
toile de coton nationale,5,non,,804091
toile de coton nationale et peinte,2,non,,804091
toile de coton non ???,1,non,,804091
toile de coton peinte,104,non,milieu de gamme,43973
toile de coton peinte de saisie,1,non,,804091
toile de coton peinte et indienne de France,10,non,,804091
toile de coton peinte et indienne étrangère,7,non,,804091
toile de coton persiste,1,non,,804091
toile de coton piquée,39,non,,804091
toile de coton pointe,1,non,,804091
toile de coton pour mouchoirs,9,non,,804091
toile de coton pour mouchoirs teinte,4,non,,804091
toile de coton pour nègre,1,non,,804091
toile de coton quadrillée,1,non,,804091
toile de coton rayée,25,non,,804091
toile de coton rayée ou unie,2,non,,804091
toile de coton Rouen,1,non,,804091
toile de coton rousse,2,non,,804091
toile de coton saisie,1,non,,804091
toile de coton teinte,11,non,,804091
toile de coton teinte et bas prix,11,non,,804091
toile de coton vieux,1,non,,804091
toile de cottray,12,non,,804091
toile de couleur,12,non,,804091
toile de Courtrai,3,non,,804091
toile de coutil,53,non,milieu de gamme,43973
toile de coutil rayée,2,non,,804091
toile de crin,286,non,bas de gamme,18109
toile de crin à tamis,4,non,,804091
toile de crin cirée,7,non,,804091
toile de demi large,1,non,,804091
toile de demi-Hollande,1,non,,804091
toile de Dinan,6,non,,804091
toile de Dinant,3,non,,804091
toile de façon de Hambourg et de Hollande,1,non,,804091
toile de fil,17,non,,804091
toile de fil à carreaux,7,non,,804091
toile de fil blanche,8,non,,804091
toile de fil commune,3,non,,804091
toile de fil coutil,4,non,,804091
toile de fil de ???,1,non,,804091
toile de fil de coton,28,non,bas de gamme,18109
toile de fil de coton siamoise,14,non,milieu de gamme,43973
toile de fil en coutil,1,non,,804091
toile de fil et coton,2,non,,804091
toile de fil et de laine,3,non,,804091
toile de fil et de laine de Lille,2,non,,804091
toile de fil et de soie,1,non,,804091
toile de fil peinte,2,non,,804091
toile de fil peinte et teinte,27,non,milieu de gamme,43973
toile de fil teinte,5,non,,804091
toile de filezie,2,non,,804091
toile de Flandre,36,non,milieu de gamme,43973
toile de fleuret de Rouen,2,non,,804091
toile de fleuret et blancard,2,non,,804091
toile de Fontenoy,1,non,,804091
toile de Fougères,54,non,bas de gamme,18109
toile de France,5,non,,804091
toile de Frise,12,non,,804091
toile de Galle,1,non,,804091
toile de Gand,1,non,,804091
toile de Grandville,1,non,,804091
toile de Grenade,45,non,milieu de gamme,43973
toile de Grenade de lin,5,non,,804091
toile de Grenoble,3,non,,804091
toile de gris,1,non,,804091
toile de Halle,285,non,bas de gamme,18109
toile de Hanovre,1,non,,804091
toile de Hollande,61,non,milieu de gamme,43973
toile de Hollande blanche,2,non,,804091
toile de Hollande fine,1,non,,804091
toile de Killis,49,non,milieu de gamme,43973
toile de l'Inde du commerce étranger,7,non,,804091
toile de l'Inde du commerce français,8,non,,804091
toile de laine,1,non,,804091
toile de laine dite herbage,1,non,,804091
toile de laine pour blutoir,2,non,,804091
toile de laiton,1,non,,804091
toile de Landerneau,28,non,,804091
toile de Languenan,61,non,bas de gamme,18109
toile de Laval,331,non,bas de gamme,18109
toile de Laval de renvoi,1,non,,804091
toile de Laval en pierres,1,non,,804091
toile de Léon,49,non,bas de gamme,18109
toile de Levant,73,non,milieu de gamme,43973
toile de Levant diverse,8,non,,804091
toile de Lille,2,non,,804091
toile de Lille à serviettes,2,non,,804091
toile de lin,721,non,milieu de gamme,43973
toile de lin à ???,0,non,,804091
toile de lin à doubler,2,non,,804091
toile de lin à matelas,6,non,,804091
toile de lin à robes,1,non,,804091
toile de lin au lait,14,non,,804091
toile de lin bas prix et teinte,3,non,,804091
toile de lin blanche,858,non,milieu de gamme,43973
toile de lin blanche de 12 sols par aune,2,non,,804091
toile de lin blanche de 2 sols par aune,2,non,,804091
toile de lin blanche de 20 sols par aune,3,non,,804091
toile de lin blanche de 30 sols par aune,3,non,,804091
toile de lin blanche de 8 sols par aune,2,non,,804091
toile de lin blanche fine de Lilles et Saint-Quentin,8,non,,804091
toile de lin brochée,4,non,,804091
toile de lin Cambrai,1,non,,804091
toile de lin cirée,1,non,,804091
toile de lin claire,3,non,,804091
toile de lin claire et gaze,2,non,,804091
toile de lin coutel,1,non,,804091
toile de lin coutil,6,non,,804091
toile de lin crue,3,non,,804091
toile de lin d'Abbeville,1,non,,804091
toile de lin d'Alençon,2,non,,804091
toile de lin d'Amiens,1,non,,804091
toile de lin d'Anvers,1,non,,804091
toile de lin d'Arras,1,non,,804091
toile de lin de 13 aunes,1,non,,804091
toile de lin de 15 aunes,1,non,,804091
toile de lin de Beaujolais,1,non,,804091
toile de lin de Beauvais,92,non,milieu de gamme,43973
toile de lin de Bernay,1,non,,804091
toile de lin de Cholet,104,non,milieu de gamme,43973
toile de lin de Flandre,15,non,,804091
toile de lin de Frise,1,non,,804091
toile de lin de Gand,1,non,,804091
toile de lin de Hollande,39,non,,804091
toile de lin de Laval,187,non,milieu de gamme,43973
toile de lin de Lille,8,non,,804091
toile de lin de linge de tables,2,non,,804091
toile de lin de linon,6,oui,,804091
toile de lin de Marigny,2,non,,804091
toile de lin de ménage,3,non,,804091
toile de lin de Rouen,171,non,milieu de gamme,43973
toile de lin de Russie,1,non,,804091
toile de lin de Saint-Quentin,456,non,milieu de gamme,43973
toile de lin de Senlis,1,non,,804091
toile de lin de Servins,1,non,,804091
toile de lin de St. Malo,1,non,,804091
toile de lin de Suisse,1,non,,804091
toile de lin de Troyes,11,non,,804091
toile de lin de Valenciennes,120,non,milieu de gamme,43973
toile de lin du pays,2,non,,804091
toile de lin écrue,4,non,,804091
toile de lin entre large,1,non,,804091
toile de lin et de batiste et linon,72,non,haut de gamme,12084
toile de lin et mêlée et de couleur,2,non,,804091
toile de lin façon de Hollande,2,non,,804091
toile de lin fil d'épreuve,6,non,,804091
toile de lin fine à drap,1,non,,804091
toile de lin fine de ???,0,non,,804091
toile de lin fine de Hollande,1,non,,804091
toile de lin fine de Saint-Quentin,7,non,,804091
toile de lin grosse,2,non,,804091
toile de lin grosse pointe,1,non,,804091
toile de lin haut prix et teinte,3,non,,804091
toile de lin imprimée,59,non,,804091
toile de lin indigo,1,non,,804091
toile de lin large,2,non,,804091
toile de lin lingerie,4,non,,804091
toile de lin linon,24,oui,haut de gamme,12084
toile de lin linon brodée,1,non,,804091
toile de lin linon et Cambrai,1,non,,804091
toile de lin ouvrée,20,non,milieu de gamme,43973
toile de lin peinte,13,non,milieu de gamme,43973
toile de lin pour emballage,1,non,,804091
toile de lin pour mouchoirs et teinte,2,non,,804091
toile de lin pour robes et rayée,5,non,,804091
toile de lin rayée,98,non,,804091
toile de lin rayée en carreaux,1,non,,804091
toile de lin rayée et teinte,6,non,,804091
toile de lin rousse,4,non,,804091
toile de lin royale,38,non,haut de gamme,12084
toile de lin teinte,220,non,,804091
toile de lin toilette,3,non,,804091
toile de linet,2,non,,804091
toile de linge de tables,30,non,,804091
toile de linge de tables et à serviettes,3,non,,804091
toile de linge vieux,1,non,,804091
toile de lingerie,1,non,,804091
toile de linon,8,oui,,804091
toile de linon de Saint-Quentin,1,oui,,804091
toile de Lisieux,1,non,,804091
toile de lisson,0,non,,804091
toile de Lombourg,3,oui,,804091
toile de Lyon,3,non,,804091
toile de Lyon teinte,1,non,,804091
toile de Marigny,18,non,,804091
toile de Marigny blanche,2,non,,804091
toile de Marigny écrue,2,non,,804091
toile de Mayenne,1,non,,804091
toile de ménage,163,non,bas de gamme,18109
toile de millas,1,non,,804091
toile de Moncontour,1,non,,804091
toile de montagne,15,oui,,804091
toile de Morlaix,159,non,bas de gamme,18109
toile de Mortagne,149,non,bas de gamme,18109
toile de mortagne,7,non,,804091
toile de Moutier,1,non,,804091
toile de Moutiers,1,non,,804091
toile de Noirmoutier,1,non,,804091
toile de paille,4,non,,804091
toile de pays,1,non,,804091
toile de Piémont,19,non,bas de gamme,18109
toile de plocq,12,non,,804091
toile de poil de chèvre,1,non,,804091
toile de Pontigny,1,non,,804091
toile de Pontivy,36,non,milieu de gamme,43973
toile de Pontorson,2,non,,804091
toile de Pouldavid,58,non,bas de gamme,18109
toile de Quintin,25,non,,804091
toile de réforme,3,non,,804091
toile de retour,4,non,,804091
toile de rite,1,non,,804091
toile de rouanée,1,non,,804091
toile de Rouen,78,non,milieu de gamme,43973
toile de Russie,4,non,,804091
toile de Saint-Gail,8,non,,804091
toile de Saint-Gail ???,1,non,,804091
toile de Saint-Georges,10,non,,804091
toile de Saint-Jean,6,non,,804091
toile de Saint-Quentin,3,non,,804091
toile de Saint-Quentin commune,1,non,,804091
toile de Saintonge,69,non,bas de gamme,18109
toile de Saintonge fine,1,non,,804091
toile de Savigny,2,non,,804091
toile de senigat,2,non,,804091
toile de serpillère,3,oui,,804091
toile de serviette,3,non,,804091
toile de serviette vieille,1,non,,804091
toile de Sevigneau,1,non,,804091
toile de siamoise,3,non,,804091
toile de siamoise au sixième de soie,2,non,,804091
toile de Silésie,37,non,,804091
toile de soie,5,non,,804091
toile de Suisse,41,non,milieu de gamme,43973
toile de Surate,2,non,,804091
toile de Suvignan,1,non,,804091
toile de table,2,non,,804091
toile de traite,1,non,,804091
toile de treillis,2,non,,804091
toile de Troyes,12,non,,804091
toile de Valeby,1,non,,804091
toile de Valenciennes,43,non,,804091
toile de velours de lin,1,non,,804091
toile de Vigery,1,non,,804091
toile de ville,1,non,,804091
toile de Vimoutiers,31,non,bas de gamme,18109
toile de Vitré,15,non,bas de gamme,18109
toile de Vitrée,3,non,,804091
toile de voile,15,oui,,804091
toile découpée,1,non,,804091
toile demitte,3,non,,804091
toile des Flandres,2,non,,804091
toile des Indes,194,non,milieu de gamme,43973
toile des Indes ???,1,non,,804091
toile des Indes ??? ??? ??? Indes,1,non,,804091
toile des Indes commerce français,3,non,,804091
toile des Indes du commerce étranger,2,non,,804091
toile des Indes du commerce français,2,non,,804091
toile des Indes en ??? français,1,non,,804091
toile des Indes et perles,2,non,,804091
toile des Indes gastas,1,non,,804091
toile des Indes guildochées,1,non,,804091
toile des Indes imitant celles des Indes,1,non,,804091
toile des Indes peinte,10,non,,804091
toile des Indes peinte de thille,1,non,,804091
toile des Indes Perse du commerce étranger,1,non,,804091
toile des prises,1,non,,804091
toile diverse de l'étranger,10,oui,,804091
toile diverses de chanvre blanche écrue,11,oui,,804091
toile du ???,1,non,,804091
toile du Béarn,10,non,,804091
toile du Brabant,4,non,,804091
toile du cerf,1,non,,804091
toile du commerce de France et des Indes,17,non,,804091
toile du commerce étranger et des Indes,10,non,,804091
toile du Levant,1,non,,804091
toile du Lyonnais,1,non,,804091
toile du Mans,1,non,,804091
toile du pays,15,non,,804091
toile du Piémont,2,non,,804091
toile dure,12,non,,804091
toile écrue,69,non,bas de gamme,18109
toile écrue commune,1,non,,804091
toile écrue de Languenan,2,non,,804091
toile écrue de lin,55,non,milieu de gamme,43973
toile écrue et grise de lin,4,non,,804091
toile écrue et grosse de lin,1,non,,804091
toile écrue large,1,non,,804091
toile écrue pour essuie-mains,3,non,,804091
toile embabis,15,non,bas de gamme,18109
toile emballée,1,non,,804091
toile en ???,1,non,,804091
toile en basin de coton,6,non,,804091
toile en basin de coton brodé en soie,1,non,,804091
toile en chemises,2,non,,804091
toile en claire et de lin,1,non,,804091
toile en fair,2,non,,804091
toile en rouleau,0,oui,,804091
toile en sacs,9,non,,804091
toile en serviettes,2,non,,804091
toile entre large,9,non,,804091
toile et bonneterie,1,non,,804091
toile et laine à bouquets de laine,1,non,,804091
toile et treillis lustrés,32,non,,804091
toile étoilée,1,non,,804091
toile étoupes de lin,7,non,,804091
toile étoupière,5,non,,804091
toile étrangère,62,non,bas de gamme,18109
toile étroite,42,non,bas de gamme,18109
toile étroite de lin,5,non,,804091
toile étroite et fine,1,non,,804091
toile façon de Hollande,3,non,,804091
toile façon de Silésie,1,non,,804091
toile fil de laine,1,non,,804091
toile fine,50,non,haut de gamme,12084
toile fine de Flandre,1,non,,804091
toile fine de lin,81,non,haut de gamme,12084
toile fine de lin de Valenciennes,6,non,,804091
toile fine et large,1,non,,804091
toile fine rousse,1,non,,804091
toile forte,1,non,,804091
toile française,4,non,,804091
toile futaine,3,non,,804091
toile galcienne de lin,1,non,,804091
toile glacée,6,non,,804091
toile gommée,5,non,,804091
toile gommée et de lin,1,non,,804091
toile gommée et treillis,3,non,,804091
toile grasse,8,non,,804091
toile gratienne,26,non,bas de gamme,18109
toile gratienne rayée,2,non,,804091
toile grise,108,non,bas de gamme,18109
toile grise de fil,1,non,,804091
toile grise de laine,1,non,,804091
toile grise de lin,257,non,bas de gamme,18109
toile grise de lin à bas prix,3,non,,804091
toile grise de lin de 30 sols l'aune,2,non,,804091
toile grise de lin en dessous de 10 sols l'aune,24,non,,804091
toile grise de lin en dessous de 20 sols l'aune,2,non,,804091
toile grise non battue,1,non,,804091
toile gros brin,2,non,,804091
toile gros fort,33,non,bas de gamme,18109
toile grosse,222,non,bas de gamme,18109
toile grosse ???,0,non,,804091
toile grosse blanche,1,non,,804091
toile grosse commune,1,non,,804091
toile grosse de 50 aunes,1,non,,804091
toile grosse de lin,37,non,bas de gamme,18109
toile grosse de lin de Saint-Quentin,1,non,,804091
toile grosse de lin et pour nègre,4,non,,804091
toile grosse en faces,12,non,bas de gamme,18109
toile grosse et commune,3,non,,804091
toile grosse et sommiers,6,non,,804091
toile grosse garnie ??? pour prélat,1,non,,804091
toile guingans,652,non,milieu de gamme,43973
toile guingans blanc,1,non,,804091
toile guingans bleu,1,non,,804091
toile guingans de Bengale,2,non,,804091
toile guingans de Grenade,2,non,,804091
toile guingans de Lille et Rouen,9,non,,804091
toile guingans de lin,6,non,,804091
toile guingans de Madras,25,non,milieu de gamme,43973
toile guingans de Masulipatan,1,non,,804091
toile guingans de Pondichéry,27,non,milieu de gamme,43973
toile guingans de Pondichéry et de Madras,1,non,,804091
toile guingans de Rouen,3,non,,804091
toile guingans des Indes,2,non,,804091
toile guingans des prises,1,non,,804091
toile guingans du Bengale,8,non,,804091
toile guingans nationale,5,non,,804091
toile hamacs,7,non,,804091
toile hamacs imitant celles des Indes,1,non,,804091
toile hivre,1,non,,804091
toile hollande,2,non,,804091
toile Hollande de Paris,2,non,,804091
toile hollandille,2,non,,804091
toile hollandille de Paris,4,non,,804091
toile humaine,3,non,,804091
toile imitant celle des Indes,2,non,,804091
toile imitant celle des Indes et de Rouen,6,non,,804091
toile imitant celle des Indes et nationale,1,non,,804091
toile imprimée,13,non,,804091
toile imprimée et de fil et peinte et teinte,4,non,,804091
toile imprimée et de lin et nationale et peinte,4,non,,804091
toile imprimée et de lin et peinte,6,non,,804091
toile imprimée ou peinte,3,non,,804091
toile imprimée pour tableau,2,non,,804091
toile imprimée pour tableaux,1,non,,804091
toile indienne,9,non,,804091
toile indienne fine,2,non,,804091
toile indienne française,5,non,,804091
toile indienne grosse,1,non,,804091
toile indienne nationale,5,non,,804091
toile kettroy,1,non,,804091
toile kircochaye,2,non,,804091
toile lagias,3,non,,804091
toile laistoufaire,1,non,,804091
toile Languenan,12,non,,804091
toile large,38,non,milieu de gamme,43973
toile lavée,3,non,,804091
toile leriote,1,non,,804091
toile lesat,1,non,,804091
toile linon,94,non,milieu de gamme,43973
toile linon de renvoi,2,non,,804091
toile linon de Saint-Quentin,1,non,,804091
toile livée,1,non,,804091
toile lizat,3,non,,804091
toile lustrée,12,non,,804091
toile manche,1,non,,804091
toile manouf,161,non,milieu de gamme,43973
toile mêlée,7,non,,804091
toile mêlée de coton et de fil,1,non,,804091
toile mêlée ganak,2,non,,804091
toile mesdin,8,non,,804091
toile mi-blanche de moins de 8 fils,1,non,,804091
toile miennel,1,non,,804091
toile mouchoirs,4,non,,804091
toile nationale,5,non,,804091
toile navale,16,non,,804091
toile neganepeau et imitant celle des Indes,1,oui,,804091
toile noire,1,non,,804091
toile non battue,29,non,bas de gamme,18109
toile ondée,1,non,,804091
toile ordre et rousse,1,non,,804091
toile organdi,1,non,,804091
toile ouvragée de chanvre et de lin pour linge de table,3,non,,804091
toile ouvrée chaussettes,2,non,,804091
toile ouvrée chemises,4,non,,804091
toile ouvrée nappes,2,non,,804091
toile ouvrée nappes et serviettes,2,non,,804091
toile ouvrée serviettes,2,non,,804091
toile palmite,2,non,,804091
toile pécate,1,non,,804091
toile peignée,1,non,,804091
toile peinte,1001,non,milieu de gamme,43973
toile peinte commune,3,non,,804091
toile peinte de Hollande,1,non,,804091
toile peinte de saisie,1,non,,804091
toile peinte en camaïeu,1,non,,804091
toile peinte et siamoise,1,non,,804091
toile peinte et teinte,6,non,,804091
toile peinte française,1,non,,804091
toile peinte imprimée,1,non,,804091
toile peinte indienne,6,non,,804091
toile peinte peinte,1,non,,804091
toile peinte pour paravent,1,non,,804091
toile peinte sur enduit pour tapisserie,2,non,,804091
toile peintes guingans,2,non,,804091
toile petite,5,non,,804091
toile photas,12,non,,804091
toile photas imitant celle des Indes,1,non,,804091
toile pièces étroites,2,non,,804091
toile pièces larges,2,non,,804091
toile pignée,3,non,,804091
toile pignole,2,non,,804091
toile piquée,90,non,haut de gamme,12084
toile piquée de Marseille,7,non,,804091
toile piqûre de Marseille,1,non,,804091
toile platier de Guinée,1,non,,804091
toile point,0,non,,804091
toile polonaise,16,non,,804091
toile Pontivy,1,non,,804091
toile popote,2,non,,804091
toile Pouldavid,2,oui,,804091
toile poupoulis,2,non,,804091
toile pour ameublement,30,non,,804091
toile pour ameublement cirée,28,non,,804091
toile pour ameublement teinte,30,non,,804091
toile pour chapeaux,1,non,,804091
toile pour chemise à nègre,1,non,,804091
toile pour coiffes de chapeaux de lin et teinte,4,non,,804091
toile pour cribles,1,non,,804091
toile pour doublure,1,non,,804091
toile pour emballage,9,non,,804091
toile pour emballage grise de lin,2,non,,804091
toile pour essuie-mains,8,non,,804091
toile pour essuie-mains grise de lin,2,non,,804091
toile pour faire chemise à nègre,1,non,,804091
toile pour faire linge,1,non,,804091
toile pour la Hollande,1,non,,804091
toile pour matelas,18,non,,804091
toile pour mouchoirs,15,non,,804091
toile pour mouchoirs rayée,17,non,,804091
toile pour nappes,4,non,,804091
toile pour nappes et serviettes,212,non,,804091
toile pour serviettes,13,non,,804091
toile pour tabac,6,non,,804091
toile pour talliet,2,non,,804091
toile pour tente,1,non,,804091
toile pour voile,1507,oui,,804091
toile pour voile commune,1,oui,,804091
toile presitte,1,non,,804091
toile pressée,2,non,,804091
toile preville,1,non,,804091
toile prohibée,1,non,,804091
toile quatre fils,1,non,,804091
toile quilly,1,non,,804091
toile ralette de Hambourg,1,non,,804091
toile ramoise,14,non,milieu de gamme,43973
toile rayée,56,non,milieu de gamme,43973
toile rayée coton et soie,1,non,,804091
toile rayée de couleur,2,non,,804091
toile réforme,1,non,,804091
toile reploc,1,non,,804091
toile rondelette,4,non,,804091
toile rondelle,1,non,,804091
toile rosconne,49,non,bas de gamme,18109
toile rouge,5,non,,804091
toile rousse,53,non,bas de gamme,18109
toile rousse de fil,1,non,,804091
toile royale,152,non,haut de gamme,12084
toile sacs à boîtes,1,non,,804091
toile salemporis,3,non,,804091
toile salemporis bleue,1,non,,804091
toile sanas lustrée,1,non,,804091
toile sangalette,16,non,,804091
toile sans apprêt,2,non,,804091
toile sans apprêt de chanvre et de lin écrue de 13 à 20 fils,2,non,,804091
toile sans apprêt de chanvre et de lin écrue de 20 fils et au-dessus,2,non,,804091
toile sans apprêt de chanvre et de lin écrue de 8 à 13 fils,2,non,,804091
toile sans apprêt de chanvre et de lin écrue de moins de 8 fils,2,non,,804091
toile sans apprêt de chanvre et de lin écrue unie,2,non,,804091
toile sans apprêt de chanvre et de lin écrue unie de 13 fils inclusivement à 20 fils exclusivement,1,non,,804091
toile sans apprêt de chanvre et de lin écrue unie de 20 fils et au-dessus,1,non,,804091
toile sans apprêt de chanvre et de lin écrue unie de 8 fils inclusivement à 13 fils exclusivement,1,non,,804091
toile sans apprêt de chanvre et de lin écrue unie de moins de 8 fils,1,non,,804091
toile sans apprêt écrue de 13 à 20 fils,1,non,,804091
toile sans apprêt écrue de 20 fils et au-dessus,1,non,,804091
toile sans apprêt écrue de 8 à 13 fils inclus,1,non,,804091
toile sans apprêt écrue de moins de 8 fils,1,non,,804091
toile sempiterne,1,non,,804091
toile serpillère,115,non,bas de gamme,18109
toile serpillère commune,1,non,,804091
toile serpillère de chanvre,1,non,,804091
toile serviettes,3,non,,804091
toile siamoise,1,non,,804091
toile sigillée,1,non,,804091
toile sirsacas,4,oui,,804091
toile sistresaye,1,non,,804091
toile socreton,1,non,,804091
toile socreton bleue,1,non,,804091
toile solonaise,2,non,,804091
toile Suisse,1,non,,804091
toile tapsel,15,non,milieu de gamme,43973
toile tapsel imitant celle des Indes,1,non,,804091
toile tarnatanes,1,non,,804091
toile teinte,100,non,milieu de gamme,43973
toile teinte de 13 à 20 fils,2,non,,804091
toile teinte de 20 fils et au-dessus,3,non,,804091
toile teinte de 8 à 13 fils,2,non,,804091
toile teinte de moins de 8 fils,2,non,,804091
toile tellier,1,non,,804091
toile tissée,1,non,,804091
toile tissée très fin,75,non,,804091
toile treillis,129,non,bas de gamme,18109
toile treillis bougrans et canevas,180,non,,804091
toile treillis d'Allemagne,3,non,,804091
toile treillis de chanvre,2,non,,804091
toile treillis gommé,4,non,,804091
toile treillis gommée,1,non,,804091
toile treillis non lustré,7,non,,804091
toile treillis peint,1,non,,804091
toile vernante,13,non,milieu de gamme,43973
toile vernie,1,non,,804091
toile verte ???,1,non,,804091
toile vide,1,non,,804091
toile Vimoutiers,3,non,,804091
toile Vitré,2,non,,804091
toiles à voile,10,oui,,804091
toiles de retour,1,oui,,804091
toilettes,8,non,,804091
toilettes blanches de lin,149,non,,804091
toilettes brodées de soie,1,non,,804091
toilettes d'acajou,1,non,,804091
toilettes de bois,1,non,,804091
toilettes de bois de Chine,1,non,,804091
toilettes de bois verni,1,non,,804091
toilettes de lit en satin,2,non,,804091
Toilettes de lit en satin brodé,2,oui,,804091
toilettes de lit en satin brodé,2,non,,804091
toilettes de Valenciennes,2,non,,804091
toilettes façon Chine,1,non,,804091
toilettes grises de lin,70,non,,804091
toilettes pour femme,21,non,,804091
toilettes vernie de Chine,1,non,,804091
tôle,2,non,,804091
tôle de fer,620,non,,804091
tôle de fer laminé ou platiné,2,non,,804091
tôle de fer noir,1,non,,804091
tôle de fer noir laminé ou platiné,6,non,,804091
tôle de fer simple,2,non,,804091
tôle de fer-blanc,96,non,,804091
tôle de fonte,1,non,,804091
tôle double de fer,2,non,,804091
tôle en platines vernies,1,non,,804091
tombas,1,non,,804091
tombe de marbre,1,non,,804091
tombeaux,4,non,,804091
tombeaux de marbre,2,non,,804091
tombereaux,18,non,,804091
tombereaux et voitures,3,non,,804091
tondelle,1,non,,804091
tondures de drap,4,non,,804091
tonge,1,non,,804091
tonneaux,8,non,,804091
tonneaux à l'eau cerclés de fer,2,non,,804091
tonneaux cercles de bois,17,non,,804091
tonneaux cercles de fer,8,non,,804091
tonneaux cerclés de fer,7,non,,804091
tonneaux cuvelles et futailles,139,non,,804091
tonneaux neufs,1,non,,804091
tonneaux vides,22,non,,804091
tonneaux vieux,1,non,,804091
topazes bruts,1,non,,804091
topazes taillés,2,non,,804091
toques,2,non,,804091
tortue,6,non,,804091
tortue marinée et salée,1,non,,804091
tortues vivantes et volailles,6,non,,804091
total,0,non,,804091
touques de grès,4,non,,804091
touques petites,1,non,,804091
tourbe,125,non,,804091
toures,1,non,,804091
tournebres,1,non,,804091
tournebroche,19,non,,804091
tournes-viandes,1,non,,804091
tournesol,301,non,,804091
tournesol apprêté,2,non,,804091
tournesol en drapeau,8,non,,804091
tournesol en herbes,2,non,,804091
tournesol en pain,13,non,,804091
tournesol et d'acmail,1,non,,804091
tourons,42,non,,804091
tourons d'Espagne,2,non,,804091
tours,1,non,,804091
tours à barriques,1,oui,,804091
tours à filer,15,non,,804091
tours à filer de bois,1,non,,804091
tours à guillocher,1,non,,804091
tours à tonneliers et leurs cordes,1,non,,804091
tours de col,2,non,,804091
tours de lit de bourre,10,non,,804091
tours de pin,1,non,,804091
tours pour barriques,1,non,,804091
tours pour tourneur,3,non,,804091
tourteaux de graine oléagineuse,6,oui,,804091
tourteaux de navette et de lin pour engrais,1,oui,,804091
toutenague,2,non,,804091
toutenague ou zinc,1,non,,804091
trafiquer,123,non,,804091
train de cabriolet,1,non,,804091
train de carrosses,2,non,,804091
trait d'argent et d'or,2,non,,804091
trait d'or,3,non,,804091
tramail,4,non,,804091
traques de cuir,1,non,,804091
traverses,1,non,,804091
travettes,1,non,,804091
travettes de bois,1,non,,804091
travons,8,non,,804091
travons de sapin,7,non,,804091
travout,1,non,,804091
trèfle,1,non,,804091
tremille,1,non,,804091
trenelle,12,non,,804091
trenelle d'Espagne,2,non,,804091
trenelle d'espars,53,non,,804091
trenelle de jonc,2,non,,804091
trépan,1,non,,804091
trépan de marbre,1,non,,804091
trépieds,1,non,,804091
trépieds de fer,1,non,,804091
tresse d'argent,2,non,,804091
tresse d'argent et d'or,9,non,,804091
tresse d'or,5,non,,804091
tresse de fil,4,non,,804091
tresse de fleures,1,non,,804091
tresse de fleuret,6,non,,804091
tresse de jonc,1,non,,804091
tresse de laine,3,non,,804091
tresse de laine 30 lignes,1,non,,804091
tresse de lin,1,non,,804091
tresse de soie,15,non,,804091
tréteaux de chêne de 6 pouces,7,non,,804091
tricots,4,non,,804091
tricots chinés 6 aunes,1,non,,804091
tricots de coton,2,non,,804091
tricots de coton et tricots de fil,1,non,,804091
tricots de fil,2,non,,804091
tricots de laine,5,non,,804091
tricots de laine en bonneterie,2,non,,804091
tricots de soie,4,non,,804091
trictrac,4,non,,804091
triomphante,2,non,,804091
tripe,6,non,,804091
tripe d'huîtres,1,non,,804091
tripe de bœuf salé,1,non,,804091
tripe de fil et de laine,1,non,,804091
tripe de laine,2,non,,804091
tripe de laine et de fil,1,non,,804091
tripe de Lannoy,1,non,,804091
tripe de morue,1,non,,804091
tripe de velours,104,non,milieu de gamme,43973
tripe mêlée de soie et tripe de velours,56,non,bas de gamme,18109
tripe sur soie,4,non,,804091
tripes marinées et salées,1,non,,804091
tripes salées,1,non,,804091
tripoli,17,non,,804091
trompes,1,non,,804091
trompes de fer,3,non,,804091
trompettes,3,non,,804091
trompettes de cuivre,4,non,,804091
trompettes de fer,1,non,,804091
trot de vin,2,non,,804091
troupes,5,non,,804091
trousse de fleures,1,non,,804091
truelles,3,non,,804091
truelles de fer,2,non,,804091
truelles de maçon,1,non,,804091
truffe noire,1,non,,804091
truffes,337,non,,804091
truffes ??? et culs d'artichauts,1,non,,804091
truffes à l'huile,2,non,,804091
truffes culs d'artichauts et autres secs,3,non,,804091
truffes de fer,2,non,,804091
truffes de fonte de fer,3,non,,804091
truffes fraîches,10,non,,804091
truffes fraîches et marinées,2,non,,804091
truffes marinées,6,non,,804091
truffes noires,5,non,,804091
truffes sèches,63,non,,804091
truffes vertes,1,non,,804091
truites,17,non,,804091
truites séchées,1,non,,804091
trully,2,non,,804091
trumeaux de glace,1,non,,804091
tuffeaux,49,non,,804091
tuffeaux doubles,1,non,,804091
tuffeaux simples,3,non,,804091
tuiles,335,non,,804091
tuiles courbées,123,non,,804091
tuiles courbées de terre cuite,1,non,,804091
tuiles de couverture,2,non,,804091
tuiles de terre,8,non,,804091
tuiles de terre cuite,23,non,,804091
tuiles en lest,1,non,,804091
tuiles plates,97,non,,804091
tuiles plates de terre cuite,1,non,,804091
tulle,2,non,,804091
tulle de chanvre et de lin,4,non,,804091
tulle de soie,4,non,,804091
turban,1,non,,804091
turban de soie,7,non,,804091
turbit,51,non,,804091
turbot,85,non,,804091
turbot salé,2,non,,804091
turlutaines,2,non,,804091
turlutaines et turquoise,3,non,,804091
turquoise,1,non,,804091
turquoise des prises,1,non,,804091
tussaux,3,non,,804091
tutilly,3,non,,804091
tuyaux,1,non,,804091
tuyaux d'orgue,4,non,,804091
tuyaux de cuir pour les pompes,1,non,,804091
tuyaux de fer,1,non,,804091
tuyaux de fer à vernir,1,non,,804091
tuyaux de fer de fonte,1,oui,,804091
tuyaux de fonte,2,non,,804091
tuyaux de grenade,2,non,,804091
tuyaux de pipes,2,non,,804091
tuyaux de plomb,5,non,,804091
tuyaux en fer,5,non,,804091
tympanon,1,non,,804091
urnes de terre,1,non,,804091
ustensiles d'imprimerie,1,non,,804091
ustensiles de marine,2,non,,804091
ustensiles de pêche,2,non,,804091
ustensiles militaires,1,non,,804091
vache,659,non,,804091
vache en vie,20,non,,804091
vache et veaux,1,non,,804091
vache grasse et en chair,2,non,,804091
vache maigre,2,non,,804091
vache tuée,1,non,,804091
vache vivante,1,non,,804091
vacquette,32,non,,804091
vague ???,1,non,,804091
vairon,1,non,,804091
vaisseaux montés,9,non,,804091
vaisselle,5,non,,804091
vaisselle bijoux et meubles,81,non,,804091
vaisselle d'Allemagne d'argent,1,non,,804091
vaisselle d'argent,334,non,,804091
vaisselle d'étain,4,non,,804091
vaisselle d'or,4,non,,804091
vaisselle d'orfèvrerie,2,non,,804091
vaisselle de Biarritz,1,non,,804091
vaisselle de bois,9,non,,804091
vaisselle de bois verni,1,non,,804091
vaisselle de faïence,71,non,,804091
vaisselle de métal,1,non,,804091
vaisselle de terre,16,non,,804091
vaisselle de verre pour desserts,113,non,,804091
vaisselle plate,1,non,,804091
valeurs de diverses marchandises entrées en franchise de droits à charge de réexportation pour le commerce colonial,9,non,,804091
valises,1,non,,804091
valises petites,1,non,,804091
vallonea,1,oui,,804091
valtones,1,non,,804091
valvorette de coton,1,non,,804091
vandes,1,non,,804091
vanille,317,non,,804091
vanille botte,6,oui,,804091
vanille en bottes,6,non,,804091
vannerie,16,non,,804091
vannerie 9050 lignes,0,non,,804091
vannerie brute,1,non,,804091
vannerie brute d'espèce,3,non,,804091
vannerie coupée,1,non,,804091
vannerie coupée d'espèce,2,non,,804091
vannerie d'espèce,1,non,,804091
vannerie d'espèce pelée,3,non,,804091
vannerie d'osier,11,non,,804091
vannerie pelée,1,non,,804091
vannes de coton blanches,1,non,,804091
vans à vanner,201,non,,804091
vans à vanner de bois,1,non,,804091
vans et verges d'osier,1,non,,804091
varech,2,non,,804091
vareuse de toile,1,non,,804091
varlopes,1,non,,804091
vas du Rhin,0,non,,804091
vases,4,non,,804091
vases d'église d'orfèvrerie,1,non,,804091
vases de brique,1,non,,804091
vases de faïence,4,non,,804091
vases de jardin de faïence,1,non,,804091
vases de pierre,3,non,,804091
vases de plâtre,2,non,,804091
vases de terre,3,non,,804091
vaté,1,non,,804091
vatons,3,non,,804091
vaudes,139,non,,804091
vaudes bottes,0,non,,804091
veaux,331,non,,804091
veaux de lait,11,non,,804091
veaux en vie,6,non,,804091
veaux gras,3,non,,804091
veaux maigres,1,non,,804091
veaux petits,1,non,,804091
veaux pour ???,1,non,,804091
védasse,164,non,,804091
végétal,3,non,,804091
veiles,2,non,,804091
velbar,1,non,,804091
velours,432,non,milieu de gamme,43973
velours à ramage,1,non,,804091
velours avec argent,1,non,,804091
velours bleu,2,non,,804091
velours ciselé à fond d'or,1,non,,804091
velours commun,9,non,,804091
velours cramoisi,12,non,haut de gamme,12084
velours d'Utrecht,8,non,,804091
velours de Chine,2,non,,804091
velours de coton,582,non,haut de gamme,12084
velours de coton et de fil,1,non,,804091
velours de coton et de laine,1,non,,804091
velours de coton imprimé,1,non,,804091
velours de fil,1,non,,804091
velours de fil et de poil,2,non,,804091
velours de Gênes,5,non,,804091
velours de Gênes noir,1,non,,804091
velours de gueux,19,non,,804091
velours de laine,2,non,,804091
velours de poil d'Utrecht,1,non,,804091
velours de soie,34,non,haut de gamme,12084
velours de soie de 30 aunes,1,non,,804091
velours de Valence,1,non,,804091
velours gueuse,1,non,,804091
velours noir,8,non,,804091
velours noir plein,1,non,,804091
velours ordinaire,4,oui,,804091
velours uni,1,non,,804091
velverette de coton,2,non,,804091
vendange,3,non,,804091
vénitienne,2,non,,804091
ver ???,1,non,,804091
verdasse,1,non,,804091
verdet,2181,non,,804091
verdet ???,1,non,,804091
verdet cristallisé,6,non,,804091
verdet cristallisé et non cristallisé,2,non,,804091
verdet non cristallisé,4,non,,804091
verdet non cristallisé sec,3,non,,804091
verdol,1,non,,804091
verge de fer blanc,2,non,,804091
verges à moulins,2,non,,804091
verges d'étain,8,non,,804091
verges de cuivres,1,non,,804091
verges de fer,153,non,,804091
verges de fer et fer en barres et battu de fer,17,non,,804091
vergnes,2,non,,804091
vergues,49,non,,804091
vergues à mâture,2,non,,804091
vergues de 22 pieds,1,non,,804091
vergues de 25 pieds,1,non,,804091
vergues de 30 à 40 pieds,1,non,,804091
vergues de 30 pieds,1,non,,804091
vergues de 35 pieds sur 8 pouces de diamètre,1,non,,804091
vergues de 40 à 46 pieds,1,non,,804091
vergues de 40 pieds sur 10 pouces de diamètre,1,non,,804091
vergues de 44 à 50 pieds,1,non,,804091
vergues de 44 pieds,1,non,,804091
"vergues de 47 pieds sur 10,5 pouces de diamètre",1,non,,804091
vergues de 52 pieds,1,non,,804091
vergues de 53 à 57 pieds,1,non,,804091
"vergues de 56 pieds sur 10,5 pouces de diamètre",1,non,,804091
vergues de fer,1,non,,804091
vergues de navire,2,non,,804091
vergues de sapin,0,non,,804091
vergues de sapin de 38 pieds,1,non,,804091
vergues de sapin de 44 pieds,1,non,,804091
vergues pour navire,2,non,,804091
verjus,47,non,,804091
vermeil et vernis,2,non,,804091
vermeille,3,non,,804091
vermicelle,642,non,,804091
vermilles,1,non,,804091
vermillon,699,non,,804091
vermillon de tasse,1,non,,804091
vermillon en grabeau,2,non,,804091
vernis,199,non,,804091
vernis à peindre,7,non,,804091
vernis clair,1,non,,804091
vernis de Chine,1,non,,804091
vernis de terre,2,non,,804091
vernis liquide,1,non,,804091
vernis massé,1,non,,804091
vernis préparés,21,non,,804091
vernoix,1,non,,804091
vernunes,1,non,,804091
verre pilé,2,non,,804091
verrerie,744,non,,804091
verrerie à boire,3,non,,804091
verrerie à vitre,8,non,,804091
verrerie autres que cristaux,1,non,,804091
verrerie bouteilles,70,non,,804091
verrerie cassée,4,non,,804091
verrerie d'office,2,non,,804091
verrerie de Baume,1,non,,804091
verrerie de Bohème,1,non,,804091
verrerie de toutes espèces,6,oui,,804091
verrerie diverse,159,oui,,804091
verrerie en boucaut,1,non,,804091
verrerie en bouteilles,14,oui,,804091
verrerie ordinaire,75,non,,804091
verrerie ouvrée,1,non,,804091
verres,455,non,,804091
verres ??? d'estampes,2,non,,804091
verres à boire,574,non,,804091
verres à boire communs,39,non,,804091
verres à boire cristallins,3,non,,804091
verres à boire de cristal,18,non,,804091
verres à boire de Venise,1,non,,804091
verres à boire et à vitre,1,non,,804091
verres à boire gobelets,1,non,,804091
verres à boire moutardiers etc.,96,non,,804091
verres à cadran et à lunettes polis et taillés,2,non,,804091
verres à carreaux,1,non,,804091
verres à carreaux et vitre,5,non,,804091
verres à cristal,1,non,,804091
verres à gobelets,2,non,,804091
verres à horloge de mer,1,non,,804091
verres à liqueur,1,non,,804091
verres à lunettes,4,non,,804091
verres à vin,2,non,,804091
verres à vitre,551,non,,804091
verres à vitre d'Allemagne,27,non,,804091
verres à vitre de France,34,non,,804091
verres blancs,27,non,,804091
verres blancs en assortiment,1,non,,804091
verres brodés,3,non,,804091
verres bruts à cadran et à lunettes,2,non,,804091
verres cassés,132,non,,804091
verres cassés en groisil,1,non,,804091
verres chimiques,1,non,,804091
verres communs,563,non,,804091
verres communs à boire,44,non,,804091
verres communs à vitre,2,non,,804091
verres communs gobelets,2,oui,,804091
verres cristallins et cuivrés,4,non,,804091
verres cuivrés en gobeleterie et à boire,2,non,,804091
verres cuivrés en table,1,non,,804091
verres d'Allemagne,2,non,,804091
verres d'Alsace,6,non,,804091
verres d'ambre,1,non,,804091
verres d'antimoine,3,non,,804091
verres d'Étampes,2,non,,804091
verres d'offre,1,non,,804091
verres de baromètre,6,non,,804091
verres de Bohème,11,non,,804091
verres de Bohème à boire,2,non,,804091
verres de bois,3,non,,804091
verres de cristal,389,non,,804091
verres de lampes,2,non,,804091
verres de lanternes,1,non,,804091
verres de Lorraine,6,non,,804091
verres de mer,2,non,,804091
verres de Saint Louis,1,non,,804091
verres de table,1,non,,804091
verres de toutes sortes,1,non,,804091
verres de vaisselle,1,non,,804091
verres du Barrois,1,non,,804091
verres en ???,1,non,,804091
verres en carreaux et à vitre,96,non,,804091
verres en fioles,3,non,,804091
verres en petits carreaux et à vitre,2,non,,804091
verres et verrerie,10,non,,804091
verres étamés,1,non,,804091
verres filés,1,non,,804091
verres moulein,1,non,,804091
verres ouvrées en gobeleterie avec boîtes,5,non,,804091
verres ouvrés,3,non,,804091
verres ouvrés en gobeleterie ???,0,non,,804091
verres peints,1,non,,804091
verres pour boire,1,non,,804091
verres pour estampes,4,non,,804091
verres pour lunettes et montres,9,non,,804091
verres pour lustre,2,non,,804091
verres pour montre,64,non,,804091
verres taillés à cadran et à lunettes,3,non,,804091
verres verroterie,16,non,,804091
verroterie,113,non,,804091
verroterie anglaise,1,non,,804091
verroterie en rassades,5,non,,804091
verroterie et rassades,5,non,,804091
verroterie pour l'entrepôt de Guinée,2,non,,804091
verrunes,36,non,,804091
vers à soie,124,non,,804091
verses d'osier,2,non,,804091
vert,5,non,,804091
vert d'ambre,1,non,,804091
vert d'eau,1,non,,804091
vert d'Espagne,104,non,,804091
vert de grès,2,non,,804091
vert de mer,2,non,,804091
vert de montagne,16,non,,804091
vert de vessie,25,non,,804091
vert distillé,16,non,,804091
vert moulu,1,non,,804091
vert rouge,1,non,,804091
verunes,1,non,,804091
vesces,44,non,,804091
vesces en gerbes,16,non,,804091
vessie,10,non,,804091
vessie de cerf et autres,2,non,,804091
vestes,34,non,,804091
vestes blanches,1,non,,804091
vestes brodée d'argent et d'or et de soie,1,non,,804091
vestes brodées,19,non,,804091
vestes brodées d'argent et d'or,5,non,,804091
vestes brodées d'argent et or et de soie,1,non,,804091
vestes brodées d'or,2,non,,804091
vestes brodées d'or et de soie,7,non,,804091
vestes brodées de soie,1,non,,804091
vestes brodées et de satin,1,non,,804091
vestes d'argent d'étoffe et de soie,1,non,,804091
vestes d'estame des prises,1,non,,804091
vestes de basin,2,non,,804091
vestes de basin brodées,5,non,,804091
vestes de coton,4,non,,804091
vestes de coton et fil,5,non,,804091
vestes de drap,1,non,,804091
vestes de drap brodées en or,1,non,,804091
vestes de drap brodées en or et argent,1,non,,804091
vestes de drap et chapeaux bordés d'argent,2,non,,804091
vestes de drap galonnées d'argent,1,non,,804091
vestes de laine,3,non,,804091
vestes de peau,1,non,,804091
vestes de satin,2,non,,804091
vestes de soie,6,non,,804091
vestes de soie argent et or,1,non,,804091
vestes de soie unies,1,non,,804091
vestes de toile,7,non,,804091
vestes de toile brodées,3,non,,804091
vestes de toile grise,1,non,,804091
vestes de toile guingans,1,non,,804091
vestes de velours,3,non,,804091
vestes en dorure de soie,1,non,,804091
vestes en droguet de soie,1,non,,804091
vestes et bordures,1,non,,804091
vestes et culottes à nègre,1,non,,804091
vestes et gilets de soie,1,non,,804091
vestes galonnées d'argent,1,non,,804091
vestes peintes,3,non,,804091
vestes piquées,1,non,,804091
vestes vieilles,1,non,,804091
vétille,1,non,,804091
viande,39,non,,804091
viande apprêtée,2,non,,804091
viande confite,8,non,,804091
viande de boucherie,1,non,,804091
viande de boucherie fraîche,4,non,,804091
viande de boucherie salée,5,non,,804091
viande de boucherie salée de porcs,2,non,,804091
viande de boucherie salée de porcs lard compris,2,non,,804091
viande de cochon,1,non,,804091
viande de gibier et de volaille,8,non,,804091
viande de pâte,147,non,,804091
viande fraîche,4,non,,804091
viande fumée,5,non,,804091
viande salée,20,non,,804091
vide,922,non,,804091
vieille voile de moulins et autres,2,non,,804091
vièle,2,non,,804091
vieux clavecin,1,non,,804091
vieux linge,1,non,,804091
vieux linge lessivé,62,non,,804091
vieux ménage,2,non,,804091
vieux meubles et habits,1,non,,804091
vieux-oint,275,non,,804091
vilebrequin,1,non,,804091
villes,1,non,,804091
vîmes à barriques,2,oui,,804091
vîmes pour barriques,3,non,,804091
vin,20297,non,,804091
vin anti-scorbutique,1,non,,804091
vin au muid,4,non,,804091
vin blan de Lucques,1,non,,804091
vin blanc,379,non,,804091
vin blanc commun,9,non,,804091
vin blanc d'Espagne,1,non,,804091
vin blanc de France,138,non,,804091
vin blanc de la Côte,1,non,,804091
vin blanc du Rhin,2,non,,804091
vin blanc en bouteilles,10,non,,804091
vin commun,35,non,,804091
vin commun d'Espagne,1,non,,804091
vin cuit,15,non,,804091
vin d'absinthe,2,non,,804091
vin d'Aiguillon,1,non,,804091
vin d'Alicante,64,non,,804091
vin d'Alicante en bouteilles,1,non,,804091
vin d'Allemagne,1,non,,804091
vin d'Alsace,3,non,,804091
vin d'Alsace et vin de Lorraine,2,non,,804091
vin d'ambrion,1,non,,804091
vin d'Amont,375,non,,804091
vin d'amour,6,non,,804091
vin d'an de ville,9,non,,804091
vin d'Andelys,9,non,,804091
vin d'Andrésis,1,non,,804091
vin d'Anjou,23,non,,804091
vin d'Anjou et de Touraine,1,non,,804091
vin d'Anjou et de Touraine et de Nantes,1,non,,804091
vin d'Arbois,6,non,,804091
vin d'Aubagne,88,non,,804091
vin d'Aument,1,non,,804091
vin d'Aunis,2,non,,804091
vin d'Auxerre,10,non,,804091
vin d'Auxonne,7,non,,804091
vin d'Égypte,2,non,,804091
vin d'Épernay,1,non,,804091
vin d'Espagne,635,non,,804091
vin d'Espagne de Malvoisie,2,non,,804091
vin d'Espagne et de liqueur,127,non,,804091
vin d'Espagne ordinaire,2,non,,804091
vin d'Espagne tisse,1,non,,804091
vin d'hors,1,non,,804091
vin d'Inde,1,non,,804091
vin d'Oléron,13,non,,804091
vin d'Oléron rouge,1,non,,804091
vin d'Operto,1,non,,804091
vin d'orange,2,non,,804091
vin d'Orléans,44,non,,804091
vin de ???,1,non,,804091
vin de Bar,47,non,,804091
vin de Bar et de Liège et d'Hay...,9,non,,804091
vin de Bar et vin de Metz,49,non,,804091
vin de Bar-sur-Aube,1,non,,804091
vin de Bar-sur-aube,4,non,,804091
vin de Barcelone,19,non,,804091
vin de Bastillon,1,non,,804091
vin de Bayonne,10,non,,804091
vin de Beaune,133,non,,804091
vin de Benicarlo dernière récolte,1,non,,804091
vin de Bergerac,7,non,,804091
vin de Béziers,2,non,,804091
vin de Blaye,131,non,,804091
vin de Blaye et de Bourg,1,non,,804091
vin de Blois,2,non,,804091
vin de Bordeaux,1243,non,,804091
vin de Bordeaux au muid,20,non,,804091
vin de Bordeaux de Blaye,50,non,,804091
vin de Bordeaux de haut,252,non,,804091
vin de Bordeaux de retour,2,non,,804091
vin de Bordeaux de ville,293,non,,804091
vin de Bordeaux en bouteilles,4,non,,804091
vin de Bordeaux en muid,2,non,,804091
vin de Bordeaux et de Guyenne,12,non,,804091
vin de Bordeaux fin,13,non,,804091
vin de Bordeaux médiocre,1,non,,804091
vin de Bordeaux ordinaire,41,non,,804091
vin de Bourbonne,1,non,,804091
vin de Bourg,53,non,,804091
vin de Bourgogne,674,non,,804091
vin de Bourgogne de grand,1,non,,804091
vin de Bourgogne de Pommard,1,non,,804091
vin de Bourgogne en bouteilles,19,non,,804091
vin de Bourgogne en muid,14,non,,804091
vin de Bourgogne et vin de Champagne,129,non,,804091
vin de Bourgogne Mâcon,2,non,,804091
vin de Bretagne,1,non,,804091
vin de Cabreton,5,non,,804091
vin de Cahors,21,non,,804091
vin de Calabre,1,non,,804091
vin de Carlove,1,non,,804091
vin de Castillon,30,non,,804091
vin de Catalogne,8,non,,804091
vin de Cauret,1,non,,804091
vin de cédrat,1,non,,804091
vin de Cette,8,non,,804091
vin de Chablis,2,non,,804091
vin de Chagny,10,non,,804091
vin de Châlon,31,non,,804091
vin de Chalosse,3,non,,804091
vin de Champagne,681,non,,804091
vin de Champagne en bouteilles,13,non,,804091
vin de Champagne en muid,10,non,,804091
vin de Champagne et liqueurs,1,non,,804091
vin de Charente,26,non,,804091
vin de Chaumont,2,non,,804091
vin de Chenôve,1,non,,804091
vin de Chypre,239,non,,804091
vin de Chypre en bouteilles,2,non,,804091
vin de Ciola,1,non,,804091
vin de Cioutan,1,non,,804091
vin de Clérac,4,non,,804091
vin de Clermontois,2,non,,804091
vin de Cognac,248,non,,804091
vin de Comté,50,non,,804091
vin de Condrieux,1,non,,804091
vin de Constance,20,non,,804091
vin de Côte,10,non,,804091
vin de Côte du Rhône,1,oui,,804091
vin de Côte-Rotie,28,non,,804091
vin de Coulanges,1,non,,804091
vin de creverece,1,non,,804091
vin de Damazan,1,non,,804091
vin de Dauphiné,1,non,,804091
vin de deviet,1,non,,804091
vin de Dijon,118,non,,804091
vin de Domé,8,non,,804091
vin de Domme,2,non,,804091
vin de Doures,1,non,,804091
vin de Faial,3,non,,804091
vin de fap,1,non,,804091
vin de ferme,1,non,,804091
vin de Flacres,0,non,,804091
vin de Flandre,1,non,,804091
vin de Fleurance,1,non,,804091
vin de Florence,2,non,,804091
vin de forêt,2,non,,804091
vin de France,396,non,,804091
vin de France bouteilles,2,non,,804091
vin de France de Champagne,3,non,,804091
vin de France de santé en bouteilles,1,non,,804091
vin de France de santé en muid,2,non,,804091
vin de France en bouteilles,9,non,,804091
vin de France-Comté,7,non,,804091
vin de Frontignan,126,non,,804091
vin de Fronton,1,non,,804091
vin de Gaillac,44,non,,804091
vin de Garonne,3,non,,804091
vin de Gascogne,0,non,,804091
vin de Gênes,5,non,,804091
vin de Gensac,18,non,,804091
vin de Gevrey,6,non,,804091
vin de Gilly,2,non,,804091
vin de Grave,2,non,,804091
vin de Graves,5,non,,804091
vin de Grèce,6,non,,804091
vin de Guacy,1,non,,804091
vin de Guyenne,4,non,,804091
vin de haule,1,non,,804091
vin de haut,517,non,,804091
vin de haut renvoyé,1,non,,804091
vin de Hongrie,49,non,,804091
vin de hors,5,non,,804091
vin de jauge gros bard,1,non,,804091
vin de l'Agenais,2,non,,804091
vin de l'île de Ré,1,non,,804091
vin de la Charente,1,non,,804091
vin de la ci-devant province du Languedoc,1,non,,804091
vin de la Côte de Suisse,2,non,,804091
vin de la Ferté,2,non,,804091
vin de la foire de Beaucaire,1,non,,804091
vin de la Moselle,2,oui,,804091
vin de La Rochelle,56,non,,804091
vin de la Rochelle,28,oui,,804091
vin de lamalgue,1,non,,804091
vin de Langres,40,non,,804091
vin de Langres ???,3,non,,804091
vin de Lantirini,1,non,,804091
vin de Libourne,2,non,,804091
vin de Liège d'Hay etc.,81,non,,804091
vin de lignum,8,non,,804091
vin de liquan,1,non,,804091
vin de liqueurs,868,non,,804091
vin de liqueurs de muscat,29,non,,804091
vin de liqueurs étranger,19,non,,804091
vin de Lires,1,non,,804091
vin de Loge,2,non,,804091
vin de Lorraine,6,non,,804091
vin de Lyon,45,non,,804091
vin de Mâcon,45,non,,804091
vin de Madère,87,non,,804091
vin de Malaga,377,non,,804091
vin de Malaga de Rancio,1,non,,804091
vin de Malaga en muid,1,non,,804091
vin de Malvoisie,26,non,,804091
vin de Manheim,1,non,,804091
vin de Marennes,18,non,,804091
vin de Marseille,3,non,,804091
vin de Médoc,8,non,,804091
vin de Mercurey,1,non,,804091
vin de Metz,3,non,,804091
vin de Meursault,2,non,,804091
vin de Mezac,1,non,,804091
vin de Moissac,1,non,,804091
vin de montagne,76,non,,804091
vin de Montreuil,2,non,,804091
vin de Moselle,19,non,,804091
vin de Mursante,1,non,,804091
vin de Murville,2,non,,804091
vin de mus ???,1,non,,804091
vin de muscat,1021,non,,804091
vin de muscat de Frontignan,2,non,,804091
vin de muscat ordinaire,2,non,,804091
vin de N. Jean,4,non,,804091
vin de Nantes,567,non,,804091
vin de Naples,3,non,,804091
vin de Navarre,12,non,,804091
vin de Nuits,81,non,,804091
vin de Pacaret,13,non,,804091
vin de Paiaret,1,non,,804091
vin de palme,3,non,,804091
vin de Paquarat,1,non,,804091
vin de pays,52,non,,804091
vin de Peralte,1,non,,804091
vin de Picardan,1,non,,804091
vin de poisson,1,non,,804091
vin de Porto,4,non,,804091
vin de Porto Rico,2,non,,804091
vin de Portugal,40,non,,804091
vin de Pouligny,1,non,,804091
vin de Prague,2,non,,804091
vin de Provence,150,non,,804091
vin de Provence en bouteille,1,non,,804091
vin de Provence en muids,1,non,,804091
vin de Pukaret,1,non,,804091
vin de Querée,2,non,,804091
vin de Rancio,34,non,,804091
vin de Ré,154,non,,804091
vin de Reims,184,non,,804091
vin de Rezac,1,non,,804091
vin de Rianco et de Xérès,1,non,,804091
vin de Ricey,1,non,,804091
vin de Rivesac,1,non,,804091
vin de Rivesaltes,1,non,,804091
vin de rivière,49,non,,804091
vin de Rochefort,2,non,,804091
vin de Rome,1,non,,804091
vin de Rota,18,non,,804091
vin de Roussillon,1,oui,,804091
vin de Rouys,1,non,,804091
vin de Rully,12,non,,804091
vin de Ruys,2,non,,804091
vin de Saint-Jean,65,non,,804091
vin de Saint-Jean d'Angély,2,non,,804091
vin de Saint-Laurent,7,non,,804091
vin de Saint-Laurent du Var,1,non,,804091
vin de Saintonge,96,non,,804091
vin de Savigny,1,non,,804091
vin de Savoie,12,non,,804091
vin de St. Seau,5,non,,804091
vin de Ste. Foy,17,non,,804091
vin de Suisse,18,non,,804091
vin de Syracuse,12,non,,804091
vin de Tavel,1,non,,804091
vin de teinte,9,non,,804091
vin de Ténérife,1,non,,804091
vin de terre,1,non,,804091
vin de Tezac,2,non,,804091
vin de Thiaucourt,2,non,,804091
vin de Tinto,16,non,,804091
vin de Tokay,25,non,,804091
vin de Tonnerre,8,non,,804091
vin de Touraine,3,non,,804091
vin de Vienne,1,non,,804091
vin de ville,749,non,,804091
vin de ville de Bordeaux,2,non,,804091
vin de ville de renvoi,2,non,,804091
vin de ville et de haut,5,non,,804091
vin de Vougeot,4,non,,804091
vin de Wermut,1,non,,804091
vin de Xérès,75,non,,804091
vin des Canaries,182,non,,804091
vin des grandes borderies,1,non,,804091
vin des Îles,1,non,,804091
vin dit Bleckaert,5,non,,804091
vin divers,593,non,,804091
vin doux,5,non,,804091
vin du Barrois,35,non,,804091
vin du Béarn et Gascogne,1,non,,804091
vin du Bugey,28,non,,804091
vin du Cap,44,non,,804091
vin du Cap Breton,30,non,,804091
vin du cap de Bonne Espérance,5,non,,804091
vin du Cap des Indes,1,non,,804091
vin du Croisic,15,non,,804091
vin du Dauphiné,24,non,,804091
vin du Hainaut,1,non,,804091
vin du Languedoc,215,non,,804091
vin du Lyonnais,11,non,,804091
vin du mont Vésuve,1,non,,804091
vin du Nantais,14,non,,804091
vin du Périgord,1,non,,804091
vin du Portugal,1,non,,804091
vin du Quercy,62,non,,804091
vin du Rhen en douelles,1,non,,804091
vin du Rhin,175,non,,804091
vin du Rhin de retour,1,non,,804091
vin du Rhin en bouteilles,1,non,,804091
vin du Rhin en cercles,1,non,,804091
vin du Rhin et de Moselle,130,non,,804091
vin du Rhône,3,non,,804091
vin du Roussillon,26,non,,804091
vin en bouteille,3,non,,804091
vin en bouteille commun,1,non,,804091
vin en bouteille de Franche-Comté,1,non,,804091
vin en bouteilles,68,non,,804091
vin en bouteilles autre que de la Gironde ordinaire,2,non,,804091
vin en bouteilles d'Orléans,3,non,,804091
vin en bouteilles de Bordeaux,4,non,,804091
vin en bouteilles de Bordeaux fin,25,non,,804091
vin en bouteilles de la Gironde,1,non,,804091
vin en bouteilles de liqueurs,6,non,,804091
vin en bouteilles de Malaga,3,non,,804091
vin en bouteilles du Lyonnais,1,non,,804091
vin en bouteilles muscat,3,non,,804091
vin en cercles,4,non,,804091
vin en cercles de liqueurs,5,non,,804091
vin en futailles,3,non,,804091
vin en futailles autre que de la Gironde ordinaire,2,non,,804091
vin en futailles de la Gironde ordinaire,1,non,,804091
vin en futailles de liqueurs,2,non,,804091
vin en lest,1,non,,804091
vin en muid,11,non,,804091
vin en muid muscat,1,non,,804091
vin et autres boissons bière,6,non,,804091
vin et autres boissons cidre,3,non,,804091
vin et autres boissons vin de liqueurs de différente espèce,6,non,,804091
vin et autres boissons vin divers,6,non,,804091
vin et autres boissons vin divers de Bordeaux,6,non,,804091
vin et eau-de-vie,9,non,,804091
vin et eau-de-vie de vin,9,non,,804091
vin et fer,3,non,,804091
vin et vin de liqueurs divers,5,non,,804091
vin et vinaigre,1,non,,804091
vin étranger,16,non,,804091
vin étranger au ???,0,non,,804091
vin étranger blanc,2,non,,804091
vin étranger commun,1,non,,804091
vin étranger de ???,1,non,,804091
vin étranger de ramis,1,non,,804091
vin étranger de toutes sortes,2,non,,804091
vin étranger en bouteilles,5,non,,804091
vin étranger en futailles,1,non,,804091
vin étranger en muid,21,non,,804091
vin étranger fuo,3,non,,804091
vin fin,40,non,,804091
vin fin en bouteilles,20,non,,804091
vin français,202,non,,804091
vin Gailleau,1,non,,804091
vin gâté,2,non,,804091
vin gris,2,non,,804091
vin hors,68,non,,804091
vin jauge ??? Paris,1,non,,804091
vin jauge de Soissons,1,non,,804091
vin jauge gros bard,42,non,,804091
vin jauge Paris,6,non,,804091
vin mousseux,9,non,,804091
vin Nantes,1,non,,804091
vin noir,1,non,,804091
vin ordinaire,469,non,,804091
vin ordinaire divers,12,non,,804091
vin ordinaire en bouteilles,9,non,,804091
vin ordinaire en miel,4,non,,804091
vin pour lest,1,non,,804091
vin Rancio,5,non,,804091
vin romali,1,non,,804091
vin Rota,1,non,,804091
vin rouge,1106,non,,804091
vin rouge au muids,9,non,,804091
vin rouge commun,65,non,,804091
vin rouge d'Espagne,2,non,,804091
vin rouge de France,141,non,,804091
vin rouge de Marennes,1,non,,804091
vin rouge de Neuchâtel,1,non,,804091
vin rouge de renvoi,3,non,,804091
vin rouge en bouteilles,6,non,,804091
vin rouge et blanc,2,non,,804091
vin rouge gros bard,1,non,,804091
vin rouge ordinaire,1,non,,804091
vin rouge très gras,1,non,,804091
vin Saint-Ange,1,non,,804091
vin Saint-Laurent,1,non,,804091
vin soin,1,non,,804091
vin Tinto,20,non,,804091
vin vendange,2,non,,804091
vin verdé de Florence,1,non,,804091
vinaigre,6943,non,,804091
vinaigre ???,3,non,,804091
vinaigre de bière,122,non,,804091
vinaigre de bière cidre et poiré,4,non,,804091
vinaigre de composition,23,non,,804091
vinaigre de fruits,118,non,,804091
vinaigre de vin,133,non,,804091
vinaigre de vin en bouteille,2,non,,804091
vinaigre de vin en futaille,2,non,,804091
vinaigre ordinaire,35,non,,804091
vinaigre parfumé,2,non,,804091
vinaterie,26,non,,804091
vinvoin,1,non,,804091
viole,1,non,,804091
violende,1,non,,804091
violette,1,non,,804091
violon,4,non,,804091
violoncelle,1,non,,804091
violons,137,non,,804091
violons d'enfant,2,non,,804091
violons gros,1,non,,804091
violons petits,1,non,,804091
vipères,17,non,,804091
vipères sèches,1,non,,804091
vipères vives,2,non,,804091
vipérine,8,non,,804091
vipérine en racine,1,non,,804091
vipres,1,non,,804091
virez,4,non,,804091
vispapan ???,1,non,,804091
vitre de verre,3,non,,804091
vitrifications émail,4,non,,804091
vitrifications en grains percés à broder ou à tricoter,2,non,,804091
vitrifications en grains percés pour chapelets et colliers,4,non,,804091
vitrifications en masses à tailler,1,non,,804091
vitrifications en masses ou en tubes à tailler,3,non,,804091
vitrifications taillées en grands ou rassades percés,1,non,,804091
vitrifications taillées en pierres à bijoux,5,non,,804091
vitriol,558,non,,804091
vitriol blanc,20,non,,804091
vitriol bleu,4,non,,804091
vitriol de Chypre,119,non,,804091
vitriol en pierre,1,non,,804091
vivres,101,non,,804091
vivres pour l'équipage,1,non,,804091
vivres pour la pêche à la morue,2,non,,804091
vivres pour la pêche au poisson frais,3,non,,804091
vivres pour la pêche aux moules,28,non,,804091
vlottes,82,non,,804091
voëdes,3,non,,804091
voide,1,non,,804091
voile,12,non,,804091
voile brochée,1,non,,804091
voile brodée,1,non,,804091
voile de bateaux,2,non,,804091
voile de laine,1,non,,804091
voile de navire,3,non,,804091
voile de novice,1,non,,804091
voile de serge de laine,3,non,,804091
voile de soie,24,non,,804091
voile de vaisseaux,4,non,,804091
voile du Maroc,1,non,,804091
voile neuve,6,non,,804091
voile poil et soie,1,non,,804091
voilures,1,non,,804091
vois de pinceaux planches,1,non,,804091
voitures,162,non,,804091
voitures à échelles,2,non,,804091
voitures à ressorts,1,non,,804091
voitures avec hamais,1,non,,804091
voitures cabriolets,1,non,,804091
voitures carriole,1,non,,804091
voitures complètes,2,non,,804091
voitures de chafre,1,non,,804091
voitures de luxe,1,non,,804091
voitures et leurs roues,1,non,,804091
voitures étrangères,3,non,,804091
voitures garnies ou peintes à ressorts,5,non,,804091
voitures neuves,3,non,,804091
volailles,519,non,,804091
volailles grasses,2,non,,804091
volailles oies,1,non,,804091
volants,5,non,,804091
volants à boutonnière d'or,1,non,,804091
volants de camelot,2,non,,804091
vrille,19,non,,804091
vulnéraires,4,non,,804091
vulnéraires de Suisse,2,non,,804091
wagheschot en blocs,4,non,,804091
wagons,1,non,,804091
wathout en blocs,8,non,,804091
wollegoet blanche,3,non,,804091
wollegoet mêlée,5,non,,804091
wollegoet teinte,3,non,,804091
wuinnes,22,non,,804091
ydienne,1,non,,804091
yeux d'écrevisses,99,non,,804091
yeux de homard,1,non,,804091
zain,26,non,,804091
zédoaire,30,non,,804091
zinc,102,non,,804091
zinc coulé en lingots et en masses,1,non,,804091
zinc coulé en lingots et en masses pour la refonte,1,non,,804091
zinc coulé en lingots et en masses pour les fabrique de laiton,1,non,,804091
zinc coulé en lingots pour la refonte,4,non,,804091
zinc coulé en plaques pour le laminage,2,non,,804091
zinc laminé,8,non,,804091
zinc pour fabriquer le laiton,11,non,,804091
zingar,6,non,,804091
zurich,3,non,,804091
