line_number,source_type,year,customs_region,customs_office,partner,export_import,product,origin,width_in_line,value,value_part_of_bundle,quantity,quantity_unit,value_per_unit,filepath,source,sheet,value_total,value_sub_total_1,value_sub_total_2,value_sub_total_3,data_collector,unverified,remarks,value_minus_unit_val_x_qty,absurd_observation,trade_deficit,trade_surplus,duty_quantity,duty_quantity_unit,duty_by_unit,duty_total,duty_part_of_bundle,duty_remarks
1,Local,1775,Nantes,,Angleterre,Exports,Cercle de Bois,,,,,413550,briz,0.3,sources/Local/AD44_C717_Nantes_Exports_1775.csv,AD44 C717,1,,,,,Marion Merville & Jules Oudot,,lecture,0,,,,,,,,,
2,Local,1775,Nantes,,Angleterre,Exports,Cotton en laine,,,,,1400,livres,1.62,sources/Local/AD44_C717_Nantes_Exports_1775.csv,AD44 C717,1,,,,,Marion Merville & Jules Oudot,,,0,,,,,,,,,
3,Local,1775,Nantes,,Angleterre,Exports,Eau de vie,,,,,622,veltes,4.5,sources/Local/AD44_C717_Nantes_Exports_1775.csv,AD44 C717,1,,,,,Marion Merville & Jules Oudot,,,0,,,,,,,,,
4,Local,1775,Nantes,,Angleterre,Exports,Etoffe de soye,,,,,103,piece,60,sources/Local/AD44_C717_Nantes_Exports_1775.csv,AD44 C717,1,,,,,Marion Merville & Jules Oudot,,,0,,,,,,,,,
5,Local,1775,Nantes,,Angleterre,Exports,Mousseline,,,,,5,piece,90,sources/Local/AD44_C717_Nantes_Exports_1775.csv,AD44 C717,1,,,,,Marion Merville & Jules Oudot,,,0,,,,,,,,,
6,Local,1775,Nantes,,Angleterre,Exports,Ozier,,,,,104000,brins,0.000833333333333333,sources/Local/AD44_C717_Nantes_Exports_1775.csv,AD44 C717,1,,,,,Marion Merville & Jules Oudot,,,0,,,,,,,,,
7,Local,1775,Nantes,,Angleterre,Exports,Sel,,,,,93,muids,84,sources/Local/AD44_C717_Nantes_Exports_1775.csv,AD44 C717,1,,,,,Marion Merville & Jules Oudot,,,0,,,,,,,,,
8,Local,1775,Nantes,,Angleterre,Exports,Toile batiste,,,,,18,piece,30,sources/Local/AD44_C717_Nantes_Exports_1775.csv,AD44 C717,1,,,,,Marion Merville & Jules Oudot,,,0,,,,,,,,,
9,Local,1775,Nantes,,Angleterre,Exports,Vin de Bordeaux,,,,,248,bouteille,0.7,sources/Local/AD44_C717_Nantes_Exports_1775.csv,AD44 C717,1,,,,,Marion Merville & Jules Oudot,,,0,,,,,,,,,
10,Local,1775,Nantes,,Angleterre,Exports,Vin de liqueur,,,,,307,bouteille,1.5,sources/Local/AD44_C717_Nantes_Exports_1775.csv,AD44 C717,1,,,,,Marion Merville & Jules Oudot,,,0,,,,,,,,,
11,Local,1775,Nantes,,Danemark,Exports,Bray,,,,,2000,livres,0.2,sources/Local/AD44_C717_Nantes_Exports_1775.csv,AD44 C717,1,,,,,Marion Merville & Jules Oudot,,,0,,,,,,,,,
12,Local,1775,Nantes,,Danemark,Exports,Caffé des isles,,,,,32412,livres,0.85,sources/Local/AD44_C717_Nantes_Exports_1775.csv,AD44 C717,1,,,,,Marion Merville & Jules Oudot,,,0,,,,,,,,,
13,Local,1775,Nantes,,Danemark,Exports,Eau de vie,,,,,1479,velte,4.5,sources/Local/AD44_C717_Nantes_Exports_1775.csv,AD44 C717,1,,,,,Marion Merville & Jules Oudot,,,0,,,,,,,,,
14,Local,1775,Nantes,,Danemark,Exports,Etoffe de soye,,,,,3,piece,60,sources/Local/AD44_C717_Nantes_Exports_1775.csv,AD44 C717,1,,,,,Marion Merville & Jules Oudot,,,0,,,,,,,,,
15,Local,1775,Nantes,,Danemark,Exports,Gans communs,,,,,60,livres,8,sources/Local/AD44_C717_Nantes_Exports_1775.csv,AD44 C717,1,,,,,Marion Merville & Jules Oudot,,,0,,,,,,,,,
16,Local,1775,Nantes,,Danemark,Exports,Indigo,,,,,1636,livres,7.25,sources/Local/AD44_C717_Nantes_Exports_1775.csv,AD44 C717,2,,,,,Marion Merville & Jules Oudot,,,0,,,,,,,,,
17,Local,1775,Nantes,,Danemark,Exports,Marchandises meslées,,,170,,,,,sources/Local/AD44_C717_Nantes_Exports_1775.csv,AD44 C717,2,,,,,Marion Merville & Jules Oudot,,,0,,,,,,,,,
18,Local,1775,Nantes,,Danemark,Exports,Ocre,,,,,20,barique,14,sources/Local/AD44_C717_Nantes_Exports_1775.csv,AD44 C717,2,,,,,Marion Merville & Jules Oudot,,,0,,,,,,,,,
19,Local,1775,Nantes,,Danemark,Exports,Plâtre,,,,,20,barique,10,sources/Local/AD44_C717_Nantes_Exports_1775.csv,AD44 C717,2,,,,,Marion Merville & Jules Oudot,,,0,,,,,,,,,
20,Local,1775,Nantes,,Danemark,Exports,Sel,,,,,598,muids,84,sources/Local/AD44_C717_Nantes_Exports_1775.csv,AD44 C717,2,,,,,Marion Merville & Jules Oudot,,,0,,,,,,,,,
21,Local,1775,Nantes,,Danemark,Exports,Sucre brut,,,,,29000,livres,0.27,sources/Local/AD44_C717_Nantes_Exports_1775.csv,AD44 C717,2,,,,,Marion Merville & Jules Oudot,,,0,,,,,,,,,
22,Local,1775,Nantes,,Danemark,Exports,Sucre terré,,,,,24500,livres,0.43,sources/Local/AD44_C717_Nantes_Exports_1775.csv,AD44 C717,2,,,,,Marion Merville & Jules Oudot,,,0,,,,,,,,,
23,Local,1775,Nantes,,Danemark,Exports,Thé,,,,,4471,livres,1.75,sources/Local/AD44_C717_Nantes_Exports_1775.csv,AD44 C717,2,,,,,Marion Merville & Jules Oudot,,,0,,,,,,,,,
24,Local,1775,Nantes,,Danemark,Exports,Vin hors,,,,,1.25,tonneaux,400,sources/Local/AD44_C717_Nantes_Exports_1775.csv,AD44 C717,2,,,,,Marion Merville & Jules Oudot,,,0,,,,,,,,,
25,Local,1775,Nantes,,Danemark,Exports,Vinaigre,,,,,35,bariques,29,sources/Local/AD44_C717_Nantes_Exports_1775.csv,AD44 C717,2,,,,,Marion Merville & Jules Oudot,,,0,,,,,,,,,
26,Local,1775,Nantes,,Danemark,Exports,Vinaigre,,,,,2,tierçons,19,sources/Local/AD44_C717_Nantes_Exports_1775.csv,AD44 C717,2,,,,,Marion Merville & Jules Oudot,,,0,,,,,,,,,
27,Local,1775,Nantes,,Espagne,Exports,Bas de fil,,,,,947,livres,5,sources/Local/AD44_C717_Nantes_Exports_1775.csv,AD44 C717,2,,,,,Marion Merville & Jules Oudot,,,0,,,,,,,,,
28,Local,1775,Nantes,,Espagne,Exports,Bas de laine,,,,,350,livres,6,sources/Local/AD44_C717_Nantes_Exports_1775.csv,AD44 C717,2,,,,,Marion Merville & Jules Oudot,,,0,,,,,,,,,
29,Local,1775,Nantes,,Espagne,Exports,Baudriers,,,,,192,livres,1.1,sources/Local/AD44_C717_Nantes_Exports_1775.csv,AD44 C717,2,,,,,Marion Merville & Jules Oudot,,,0,,,,,,,,,
30,Local,1775,Nantes,,Espagne,Exports,Beurre,,,,,1652,livres,0.5,sources/Local/AD44_C717_Nantes_Exports_1775.csv,AD44 C717,2,,,,,Marion Merville & Jules Oudot,,,0,,,,,,,,,
31,Local,1775,Nantes,,Espagne,Exports,Bougie,,,,,113,livres,2.7,sources/Local/AD44_C717_Nantes_Exports_1775.csv,AD44 C717,2,,,,,Marion Merville & Jules Oudot,,,0,,,,,,,,,
32,Local,1775,Nantes,,Espagne,Exports,Cacao,,,,,12750,livres,0.52,sources/Local/AD44_C717_Nantes_Exports_1775.csv,AD44 C717,2,,,,,Marion Merville & Jules Oudot,,,0,,,,,,,,,
33,Local,1775,Nantes,,Espagne,Exports,Caffé des Isles,,,,,3558,livres,0.85,sources/Local/AD44_C717_Nantes_Exports_1775.csv,AD44 C717,2,,,,,Marion Merville & Jules Oudot,,,0,,,,,,,,,
34,Local,1775,Nantes,,Espagne,Exports,Canelle,,,,,1103,livres,4.25,sources/Local/AD44_C717_Nantes_Exports_1775.csv,AD44 C717,2,,,,,Marion Merville & Jules Oudot,,,0,,,,,,,,,
35,Local,1775,Nantes,,Espagne,Exports,Cercles de Bois,,,,,193200,pièces,0.3,sources/Local/AD44_C717_Nantes_Exports_1775.csv,AD44 C717,2,,,,,Marion Merville & Jules Oudot,,,0,,,,,,,,,
36,Local,1775,Nantes,,Espagne,Exports,Chapeaux communs,,,,,60,douzaine,50,sources/Local/AD44_C717_Nantes_Exports_1775.csv,AD44 C717,2,,,,,Marion Merville & Jules Oudot,,,0,,,,,,,,,
37,Local,1775,Nantes,,Espagne,Exports,Chemises garnies,,,,,24,pièces,130,sources/Local/AD44_C717_Nantes_Exports_1775.csv,AD44 C717,2,,,,,Marion Merville & Jules Oudot,,,0,,,,,,,,,
38,Local,1775,Nantes,,Espagne,Exports,Chemises unies,,,,,600,pièces,5,sources/Local/AD44_C717_Nantes_Exports_1775.csv,AD44 C717,2,,,,,Marion Merville & Jules Oudot,,,0,,,,,,,,,
39,Local,1775,Nantes,,Espagne,Exports,Cidre,,,,,396,bouteilles,0.4,sources/Local/AD44_C717_Nantes_Exports_1775.csv,AD44 C717,2,,,,,Marion Merville & Jules Oudot,,,0,,,,,,,,,
40,Local,1775,Nantes,,Espagne,Exports,Cire jaune,,,,,6820,livres,2,sources/Local/AD44_C717_Nantes_Exports_1775.csv,AD44 C717,2,,,,,Marion Merville & Jules Oudot,,,0,,,,,,,,,
41,Local,1775,Nantes,,Espagne,Exports,Confitures,,,,,130,livres,1.2,sources/Local/AD44_C717_Nantes_Exports_1775.csv,AD44 C717,2,,,,,Marion Merville & Jules Oudot,,,0,,,,,,,,,
42,Local,1775,Nantes,,Espagne,Exports,Cuire de boeuf tanné,,,,,1249,livres,1.05,sources/Local/AD44_C717_Nantes_Exports_1775.csv,AD44 C717,2,,,,,Marion Merville & Jules Oudot,,,0,,,,,,,,,
43,Local,1775,Nantes,,Espagne,Exports,Dentelle,,,,,78,livres,70,sources/Local/AD44_C717_Nantes_Exports_1775.csv,AD44 C717,2,,,,,Marion Merville & Jules Oudot,,,0,,,,,,,,,
44,Local,1775,Nantes,,Espagne,Exports,Draps d'elbeuf,,,,,530,livres,5,sources/Local/AD44_C717_Nantes_Exports_1775.csv,AD44 C717,2,,,,,Marion Merville & Jules Oudot,,,0,,,,,,,,,
45,Local,1775,Nantes,,Espagne,Exports,Draperie ordinaire,,,,,160,livres,4,sources/Local/AD44_C717_Nantes_Exports_1775.csv,AD44 C717,2,,,,,Marion Merville & Jules Oudot,,,0,,,,,,,,,
46,Local,1775,Nantes,,Espagne,Exports,Droguerie,,,,,2610,livres,2,sources/Local/AD44_C717_Nantes_Exports_1775.csv,AD44 C717,3,,,,,Marion Merville & Jules Oudot,,,0,,,,,,,,,
47,Local,1775,Nantes,,Espagne,Exports,Etamine de laine,,,,,5109,livres,3.5,sources/Local/AD44_C717_Nantes_Exports_1775.csv,AD44 C717,3,,,,,Marion Merville & Jules Oudot,,,0,,,,,,,,,
48,Local,1775,Nantes,,Espagne,Exports,Estampes,,,,,1490,livres,2,sources/Local/AD44_C717_Nantes_Exports_1775.csv,AD44 C717,3,,,,,Marion Merville & Jules Oudot,,,0,,,,,,,,,
49,Local,1775,Nantes,,Espagne,Exports,Etoffe de soye,,,,,35,piece,60,sources/Local/AD44_C717_Nantes_Exports_1775.csv,AD44 C717,3,,,,,Marion Merville & Jules Oudot,,,0,,,,,,,,,
50,Local,1775,Nantes,,Espagne,Exports,Fayance,,,,,365,douzaine,4,sources/Local/AD44_C717_Nantes_Exports_1775.csv,AD44 C717,3,,,,,Marion Merville & Jules Oudot,,,0,,,,,,,,,
51,Local,1775,Nantes,,Espagne,Exports,Fil de rennes,,,,,480,livres,2.25,sources/Local/AD44_C717_Nantes_Exports_1775.csv,AD44 C717,3,,,,,Marion Merville & Jules Oudot,,,0,,,,,,,,,
52,Local,1775,Nantes,,Espagne,Exports,Gingembre,,,,,350,livres,0.16,sources/Local/AD44_C717_Nantes_Exports_1775.csv,AD44 C717,3,,,,,Marion Merville & Jules Oudot,,,0,,,,,,,,,
53,Local,1775,Nantes,,Espagne,Exports,Guinée,,,,,1042,pièces,25,sources/Local/AD44_C717_Nantes_Exports_1775.csv,AD44 C717,3,,,,,Marion Merville & Jules Oudot,,,0,,,,,,,,,
54,Local,1775,Nantes,,Espagne,Exports,Indigo,,,,,100,,7.25,sources/Local/AD44_C717_Nantes_Exports_1775.csv,AD44 C717,3,,,,,Marion Merville & Jules Oudot,,,0,,,,,,,,,
55,Local,1775,Nantes,,Espagne,Exports,Lamproye,,,,,302,,3,sources/Local/AD44_C717_Nantes_Exports_1775.csv,AD44 C717,3,,,,,Marion Merville & Jules Oudot,,,0,,,,,,,,,
56,Local,1775,Nantes,,Espagne,Exports,Liziere de drap,,,,,660,,0.5,sources/Local/AD44_C717_Nantes_Exports_1775.csv,AD44 C717,3,,,,,Marion Merville & Jules Oudot,,,0,,,,,,,,,
57,Local,1775,Nantes,,Espagne,Exports,Lustrine,,,,,11,piece,80,sources/Local/AD44_C717_Nantes_Exports_1775.csv,AD44 C717,3,,,,,Marion Merville & Jules Oudot,,,0,,,,,,,,,
58,Local,1775,Nantes,,Espagne,Exports,Marchandises meslées,,,238,,,,238,sources/Local/AD44_C717_Nantes_Exports_1775.csv,AD44 C717,3,,,,,Marion Merville & Jules Oudot,,,,,,,,,,,,
59,Local,1775,Nantes,,Espagne,Exports,Miel,,,,,13300,livres,0.65,sources/Local/AD44_C717_Nantes_Exports_1775.csv,AD44 C717,3,,,,,Marion Merville & Jules Oudot,,,0,,,,,,,,,
60,Local,1775,Nantes,,Espagne,Exports,Morüe verte,,,,,160,pièces,1.25,sources/Local/AD44_C717_Nantes_Exports_1775.csv,AD44 C717,3,,,,,Marion Merville & Jules Oudot,,,0,,,,,,,,,
61,Local,1775,Nantes,,Espagne,Exports,Mouchoirs à vignettes,,,,,109,pièces,36,sources/Local/AD44_C717_Nantes_Exports_1775.csv,AD44 C717,3,,,,,Marion Merville & Jules Oudot,,,0,,,,,,,,,
62,Local,1775,Nantes,,Espagne,Exports,Nankin,,,,,1226,pièces,5,sources/Local/AD44_C717_Nantes_Exports_1775.csv,AD44 C717,3,,,,,Marion Merville & Jules Oudot,,,0,,,,,,,,,
63,Local,1775,Nantes,,Espagne,Exports,Papier blanc,,,,,8190,livres,1.5,sources/Local/AD44_C717_Nantes_Exports_1775.csv,AD44 C717,3,,,,,Marion Merville & Jules Oudot,,,0,,,,,,,,,
64,Local,1775,Nantes,,Espagne,Exports,Papier peinte,,,,,11848,livres,2,sources/Local/AD44_C717_Nantes_Exports_1775.csv,AD44 C717,3,,,,,Marion Merville & Jules Oudot,,,0,,,,,,,,,
65,Local,1775,Nantes,,Espagne,Exports,Parasols,,,200,,1,pièce,200,sources/Local/AD44_C717_Nantes_Exports_1775.csv,AD44 C717,3,,,,,Marion Merville & Jules Oudot,,,,,,,,,,,,
66,Local,1775,Nantes,,Espagne,Exports,Peaux de mouton aprestées,,,,,288,pièces,2,sources/Local/AD44_C717_Nantes_Exports_1775.csv,AD44 C717,3,,,,,Marion Merville & Jules Oudot,,,0,,,,,,,,,
67,Local,1775,Nantes,,Espagne,Exports,Peaux de veau corroyées,,,,,1220.5,douzaine,45,sources/Local/AD44_C717_Nantes_Exports_1775.csv,AD44 C717,3,,,,,Marion Merville & Jules Oudot,,,0,,,,,,,,,
68,Local,1775,Nantes,,Espagne,Exports,Peintures,,,,,300,livres,0.4,sources/Local/AD44_C717_Nantes_Exports_1775.csv,AD44 C717,3,,,,,Marion Merville & Jules Oudot,,,0,,,,,,,,,
69,Local,1775,Nantes,,Espagne,Exports,Peluches,,,,,1205,livres,3,sources/Local/AD44_C717_Nantes_Exports_1775.csv,AD44 C717,3,,,,,Marion Merville & Jules Oudot,,,0,,,,,,,,,
70,Local,1775,Nantes,,Espagne,Exports,Pierres à fusil,,,,,39282,livres,0.05,sources/Local/AD44_C717_Nantes_Exports_1775.csv,AD44 C717,3,,,,,Marion Merville & Jules Oudot,,,0,,,,,,,,,
71,Local,1775,Nantes,,Espagne,Exports,Planches de sapin,,,,,640,en nombre,0.9,sources/Local/AD44_C717_Nantes_Exports_1775.csv,AD44 C717,3,,,,,Marion Merville & Jules Oudot,,,0,,,,,,,,,
72,Local,1775,Nantes,,Espagne,Exports,Poivre,,,,,150,livres,1.4,sources/Local/AD44_C717_Nantes_Exports_1775.csv,AD44 C717,3,,,,,Marion Merville & Jules Oudot,,,0,,,,,,,,,
73,Local,1775,Nantes,,Espagne,Exports,Porcelaine,,,,,100,livres,1,sources/Local/AD44_C717_Nantes_Exports_1775.csv,AD44 C717,3,,,,,Marion Merville & Jules Oudot,,,0,,,,,,,,,
74,Local,1775,Nantes,,Espagne,Exports,Poudre à poudrer,,,,,660,livres,0.35,sources/Local/AD44_C717_Nantes_Exports_1775.csv,AD44 C717,3,,,,,Marion Merville & Jules Oudot,,,0,,,,,,,,,
75,Local,1775,Nantes,,Espagne,Exports,Quincaille et mercerie,,,,,42162,livres,2,sources/Local/AD44_C717_Nantes_Exports_1775.csv,AD44 C717,3,,,,,Marion Merville & Jules Oudot,,,0,,,,,,,,,
76,Local,1775,Nantes,,Espagne,Exports,Rogues,,,,,203,baril,45,sources/Local/AD44_C717_Nantes_Exports_1775.csv,AD44 C717,3,,,,,Marion Merville & Jules Oudot,,,0,,,,,,,,,
77,Local,1775,Nantes,,Espagne,Exports,Satin,,,,,1,piece,140,sources/Local/AD44_C717_Nantes_Exports_1775.csv,AD44 C717,3,,,,,Marion Merville & Jules Oudot,,,0,,,,,,,,,
78,Local,1775,Nantes,,Espagne,Exports,Savon,,,,,600,livres,0.45,sources/Local/AD44_C717_Nantes_Exports_1775.csv,AD44 C717,4,,,,,Marion Merville & Jules Oudot,,,0,,,,,,,,,
79,Local,1775,Nantes,,Espagne,Exports,Sel,,,,,52,muids,84,sources/Local/AD44_C717_Nantes_Exports_1775.csv,AD44 C717,4,,,,,Marion Merville & Jules Oudot,,,0,,,,,,,,,
80,Local,1775,Nantes,,Espagne,Exports,Sirop de melasse,,,,,9000,livres,0.095,sources/Local/AD44_C717_Nantes_Exports_1775.csv,AD44 C717,4,,,,,Marion Merville & Jules Oudot,,,0,,,,,,,,,
81,Local,1775,Nantes,,Espagne,Exports,Sistresaye,,,,,2,piece,40,sources/Local/AD44_C717_Nantes_Exports_1775.csv,AD44 C717,4,,,,,Marion Merville & Jules Oudot,,,0,,,,,,,,,
82,Local,1775,Nantes,,Espagne,Exports,Sucre terré,,,,,24920,livres,0.43,sources/Local/AD44_C717_Nantes_Exports_1775.csv,AD44 C717,4,,,,,Marion Merville & Jules Oudot,,,0,,,,,,,,,
83,Local,1775,Nantes,,Espagne,Exports,Thé,,,,,1086,livres,1.75,sources/Local/AD44_C717_Nantes_Exports_1775.csv,AD44 C717,4,,,,,Marion Merville & Jules Oudot,,,0,,,,,,,,,
84,Local,1775,Nantes,,Espagne,Exports,Toile de bretagne,,,,,179516,livres,3,sources/Local/AD44_C717_Nantes_Exports_1775.csv,AD44 C717,4,,,,,Marion Merville & Jules Oudot,,,0,,,,,,,,,
85,Local,1775,Nantes,,Espagne,Exports,Toile blanche,,,,,170614,livres,10,sources/Local/AD44_C717_Nantes_Exports_1775.csv,AD44 C717,4,,,,,Marion Merville & Jules Oudot,,,0,,,,,,,,,
86,Local,1775,Nantes,,Espagne,Exports,Toile cholet,,,,,14634,livres,3.75,sources/Local/AD44_C717_Nantes_Exports_1775.csv,AD44 C717,4,,,,,Marion Merville & Jules Oudot,,,0,,,,,,,,,
87,Local,1775,Nantes,,Espagne,Exports,Toile coutil,,,,,1000,livres,2.25,sources/Local/AD44_C717_Nantes_Exports_1775.csv,AD44 C717,4,,,,,Marion Merville & Jules Oudot,,,0,,,,,,,,,
88,Local,1775,Nantes,,Espagne,Exports,Toilette de chine,,,,,1,en nombre,50,sources/Local/AD44_C717_Nantes_Exports_1775.csv,AD44 C717,4,,,,,Marion Merville & Jules Oudot,,,0,,,,,,,,,
89,Local,1775,Nantes,,Espagne,Exports,Vin de frontignan,,,,,1380,bouteille,1,sources/Local/AD44_C717_Nantes_Exports_1775.csv,AD44 C717,4,,,,,Marion Merville & Jules Oudot,,,0,,,,,,,,,
90,Local,1775,Nantes,,Espagne,Exports,Vinaigre,,,,,7,tonneaux,116,sources/Local/AD44_C717_Nantes_Exports_1775.csv,AD44 C717,4,,,,,Marion Merville & Jules Oudot,,,0,,,,,,,,,
91,Local,1775,Nantes,,Espagne,Exports,Vinaigre,,,,,8,barils,15,sources/Local/AD44_C717_Nantes_Exports_1775.csv,AD44 C717,4,,,,,Marion Merville & Jules Oudot,,,0,,,,,,,,,
92,Local,1775,Nantes,,Flandre Autrichienne,Exports,Bois Acajoux,,,,,38,madriers,40,sources/Local/AD44_C717_Nantes_Exports_1775.csv,AD44 C717,4,,,,,Marion Merville & Jules Oudot,,,0,,,,,,,,,
93,Local,1775,Nantes,,Flandre Autrichienne,Exports,Bougie,,,,,80,livres,2.7,sources/Local/AD44_C717_Nantes_Exports_1775.csv,AD44 C717,4,,,,,Marion Merville & Jules Oudot,,,0,,,,,,,,,
94,Local,1775,Nantes,,Flandre Autrichienne,Exports,Cacao,,,,,8914,livres,0.52,sources/Local/AD44_C717_Nantes_Exports_1775.csv,AD44 C717,4,,,,,Marion Merville & Jules Oudot,,,0,,,,,,,,,
95,Local,1775,Nantes,,Flandre Autrichienne,Exports,Caffé Des Isles,,,,,2252332,livres,0.85,sources/Local/AD44_C717_Nantes_Exports_1775.csv,AD44 C717,4,,,,,Marion Merville & Jules Oudot,,,0,,,,,,,,,
96,Local,1775,Nantes,,Flandre Autrichienne,Exports,Chataignes,,,,,2558,boisseaux,0.75,sources/Local/AD44_C717_Nantes_Exports_1775.csv,AD44 C717,4,,,,,Marion Merville & Jules Oudot,,,0,,,,,,,,,
97,Local,1775,Nantes,,Flandre Autrichienne,Exports,Cire jaune,,,,,35,livres,2,sources/Local/AD44_C717_Nantes_Exports_1775.csv,AD44 C717,4,,,,,Marion Merville & Jules Oudot,,,0,,,,,,,,,
98,Local,1775,Nantes,,Flandre Autrichienne,Exports,Confitures,,,,,28,livres,1.2,sources/Local/AD44_C717_Nantes_Exports_1775.csv,AD44 C717,4,,,,,Marion Merville & Jules Oudot,,,0,,,,,,,,,
99,Local,1775,Nantes,,Flandre Autrichienne,Exports,Coton en laine,,,,,7264,livres,0.62,sources/Local/AD44_C717_Nantes_Exports_1775.csv,AD44 C717,4,,,,,Marion Merville & Jules Oudot,,,0,,,,,,,,,
100,Local,1775,Nantes,,Flandre Autrichienne,Exports,Damas,,,,,20,piece,150,sources/Local/AD44_C717_Nantes_Exports_1775.csv,AD44 C717,4,,,,,Marion Merville & Jules Oudot,,,0,,,,,,,,,
101,Local,1775,Nantes,,Flandre Autrichienne,Exports,Eau de Vie,,,,,1729,veltes,4.5,sources/Local/AD44_C717_Nantes_Exports_1775.csv,AD44 C717,4,,,,,Marion Merville & Jules Oudot,,,0,,,,,,,,,
102,Local,1775,Nantes,,Flandre Autrichienne,Exports,Etoffe de soye,,,,,311,piece,60,sources/Local/AD44_C717_Nantes_Exports_1775.csv,AD44 C717,4,,,,,Marion Merville & Jules Oudot,,,0,,,,,,,,,
103,Local,1775,Nantes,,Flandre Autrichienne,Exports,Graine de foin,,,,,2000,livres,0.1,sources/Local/AD44_C717_Nantes_Exports_1775.csv,AD44 C717,4,,,,,Marion Merville & Jules Oudot,,,0,,,,,,,,,
104,Local,1775,Nantes,,Flandre Autrichienne,Exports,Huile d'olive,,,,,2358,livres,0.8,sources/Local/AD44_C717_Nantes_Exports_1775.csv,AD44 C717,4,,,,,Marion Merville & Jules Oudot,,,0,,,,,,,,,
105,Local,1775,Nantes,,Flandre Autrichienne,Exports,Indigo,,,,,2006,livres,7.25,sources/Local/AD44_C717_Nantes_Exports_1775.csv,AD44 C717,4,,,,,Marion Merville & Jules Oudot,,,0,,,,,,,,,
106,Local,1775,Nantes,,Flandre Autrichienne,Exports,Lampas,,,,,42,piece,200,sources/Local/AD44_C717_Nantes_Exports_1775.csv,AD44 C717,4,,,,,Marion Merville & Jules Oudot,,,0,,,,,,,,,
107,Local,1775,Nantes,,Flandre Autrichienne,Exports,Liqueurs,,,,,140,pinte,3,sources/Local/AD44_C717_Nantes_Exports_1775.csv,AD44 C717,4,,,,,Marion Merville & Jules Oudot,,,0,,,,,,,,,
108,Local,1775,Nantes,,Flandre Autrichienne,Exports,Sustrine,,,,,27,piece,80,sources/Local/AD44_C717_Nantes_Exports_1775.csv,AD44 C717,5,,,,,Marion Merville & Jules Oudot,,,0,,,,,,,,,
109,Local,1775,Nantes,,Flandre Autrichienne,Exports,Marchandises blanches,,,,,282,piece,50,sources/Local/AD44_C717_Nantes_Exports_1775.csv,AD44 C717,5,,,,,Marion Merville & Jules Oudot,,,0,,,,,,,,,
110,Local,1775,Nantes,,Flandre Autrichienne,Exports,Marchandises melée,,,301,,,,301,sources/Local/AD44_C717_Nantes_Exports_1775.csv,AD44 C717,5,,,,,Marion Merville & Jules Oudot,,,,,,,,,,,,
111,Local,1775,Nantes,,Flandre Autrichienne,Exports,Miel,,,,,79750,livres,0.65,sources/Local/AD44_C717_Nantes_Exports_1775.csv,AD44 C717,5,,,,,Marion Merville & Jules Oudot,,,0,,,,,,,,,
112,Local,1775,Nantes,,Flandre Autrichienne,Exports,Mouchoirs de Mazulipatam,,,,,52,piece,24,sources/Local/AD44_C717_Nantes_Exports_1775.csv,AD44 C717,5,,,,,Marion Merville & Jules Oudot,,,0,,,,,,,,,
113,Local,1775,Nantes,,Flandre Autrichienne,Exports,Nankin,,,,,1120,piece,5,sources/Local/AD44_C717_Nantes_Exports_1775.csv,AD44 C717,5,,,,,Marion Merville & Jules Oudot,,,0,,,,,,,,,
114,Local,1775,Nantes,,Flandre Autrichienne,Exports,Pekin,,,,,60,piece,90,sources/Local/AD44_C717_Nantes_Exports_1775.csv,AD44 C717,5,,,,,Marion Merville & Jules Oudot,,,0,,,,,,,,,
115,Local,1775,Nantes,,Flandre Autrichienne,Exports,Plateaux vernis,,,,,12,en nombre,12,sources/Local/AD44_C717_Nantes_Exports_1775.csv,AD44 C717,5,,,,,Marion Merville & Jules Oudot,,,0,,,,,,,,,
116,Local,1775,Nantes,,Flandre Autrichienne,Exports,Rocou,,,,,1090,livres,0.62,sources/Local/AD44_C717_Nantes_Exports_1775.csv,AD44 C717,5,,,,,Marion Merville & Jules Oudot,,,0,,,,,,,,,
117,Local,1775,Nantes,,Flandre Autrichienne,Exports,Saffran,,,,,25,livres,36,sources/Local/AD44_C717_Nantes_Exports_1775.csv,AD44 C717,5,,,,,Marion Merville & Jules Oudot,,,0,,,,,,,,,
118,Local,1775,Nantes,,Flandre Autrichienne,Exports,Satin,,,,,17,piece,130,sources/Local/AD44_C717_Nantes_Exports_1775.csv,AD44 C717,5,,,,,Marion Merville & Jules Oudot,,,0,,,,,,,,,
119,Local,1775,Nantes,,Flandre Autrichienne,Exports,Sirop melasse,,,,,756730,livres,0.6,sources/Local/AD44_C717_Nantes_Exports_1775.csv,AD44 C717,5,,,,,Marion Merville & Jules Oudot,,,0,,,,,,,,,
120,Local,1775,Nantes,,Flandre Autrichienne,Exports,Sucre brut,,,,,2595865,livres,0.27,sources/Local/AD44_C717_Nantes_Exports_1775.csv,AD44 C717,5,,,,,Marion Merville & Jules Oudot,,,0,,,,,,,,,
121,Local,1775,Nantes,,Flandre Autrichienne,Exports,Sucre terré,,,,,1959450,livres,43,sources/Local/AD44_C717_Nantes_Exports_1775.csv,AD44 C717,5,,,,,Marion Merville & Jules Oudot,,,0,,,,,,,,,
122,Local,1775,Nantes,,Flandre Autrichienne,Exports,Terre à sucre,,,,,12,barique,12,sources/Local/AD44_C717_Nantes_Exports_1775.csv,AD44 C717,5,,,,,Marion Merville & Jules Oudot,,,0,,,,,,,,,
123,Local,1775,Nantes,,Flandre Autrichienne,Exports,Thé,,,,,6455,livres,1.75,sources/Local/AD44_C717_Nantes_Exports_1775.csv,AD44 C717,5,,,,,Marion Merville & Jules Oudot,,,0,,,,,,,,,
124,Local,1775,Nantes,,Flandre Autrichienne,Exports,Toile caladarie,,,,,47,piece,32,sources/Local/AD44_C717_Nantes_Exports_1775.csv,AD44 C717,5,,,,,Marion Merville & Jules Oudot,,,0,,,,,,,,,
125,Local,1775,Nantes,,Flandre Autrichienne,Exports,Toile Cholet,,,,,840,livres,3.75,sources/Local/AD44_C717_Nantes_Exports_1775.csv,AD44 C717,5,,,,,Marion Merville & Jules Oudot,,,0,,,,,,,,,
126,Local,1775,Nantes,,Flandre Autrichienne,Exports,Toile de coton,,,,,42,piece,50,sources/Local/AD44_C717_Nantes_Exports_1775.csv,AD44 C717,5,,,,,Marion Merville & Jules Oudot,,,0,,,,,,,,,
127,Local,1775,Nantes,,Flandre Autrichienne,Exports,Verdet,,,,,600,livres,1.25,sources/Local/AD44_C717_Nantes_Exports_1775.csv,AD44 C717,5,,,,,Marion Merville & Jules Oudot,,,0,,,,,,,,,
128,Local,1775,Nantes,,Flandre Autrichienne,Exports,Vin d'amont,,,,,1955,tonneaux,250,sources/Local/AD44_C717_Nantes_Exports_1775.csv,AD44 C717,5,,,,,Marion Merville & Jules Oudot,,,0,,,,,,,,,
129,Local,1775,Nantes,,Flandre Autrichienne,Exports,Vin hors,,,,,2,tonneaux,400,sources/Local/AD44_C717_Nantes_Exports_1775.csv,AD44 C717,5,,,,,Marion Merville & Jules Oudot,,,0,,,,,,,,,
130,Local,1775,Nantes,,Flandre Autrichienne,Exports,Vin nantais,,,,,1054,tonneaux,100,sources/Local/AD44_C717_Nantes_Exports_1775.csv,AD44 C717,5,,,,,Marion Merville & Jules Oudot,,,0,,,,,,,,,
131,Local,1775,Nantes,,Flandre Autrichienne,Exports,Vin nantais,,,,,1,tierçon,16,sources/Local/AD44_C717_Nantes_Exports_1775.csv,AD44 C717,5,,,,,Marion Merville & Jules Oudot,,,0,,,,,,,,,
132,Local,1775,Nantes,,Flandre Autrichienne,Exports,Vinaigre,,,,,2.25,tonneaux,116,sources/Local/AD44_C717_Nantes_Exports_1775.csv,AD44 C717,5,,,,,Marion Merville & Jules Oudot,,,0,,,,,,,,,
133,Local,1775,Nantes,,Hollande,Exports,Amidon,,,,,2800,livres,0.95,sources/Local/AD44_C717_Nantes_Exports_1775.csv,AD44 C717,5,,,,,Marion Merville & Jules Oudot,,,0,,,,,,,,,
134,Local,1775,Nantes,,Hollande,Exports,Antimoine,,,,,3600,livres,0.3,sources/Local/AD44_C717_Nantes_Exports_1775.csv,AD44 C717,5,,,,,Marion Merville & Jules Oudot,,,0,,,,,,,,,
135,Local,1775,Nantes,,Hollande,Exports,Boeslans,,,,,754,piece,7.5,sources/Local/AD44_C717_Nantes_Exports_1775.csv,AD44 C717,5,,,,,Marion Merville & Jules Oudot,,,0,,,,,,,,,
136,Local,1775,Nantes,,Hollande,Exports,Bois d'acajoux,,,,,108,madriers,40,sources/Local/AD44_C717_Nantes_Exports_1775.csv,AD44 C717,5,,,,,Marion Merville & Jules Oudot,,,0,,,,,,,,,
137,Local,1775,Nantes,,Hollande,Exports,Bois d'acajoux,,,,,24,planches,10,sources/Local/AD44_C717_Nantes_Exports_1775.csv,AD44 C717,5,,,,,Marion Merville & Jules Oudot,,,0,,,,,,,,,
138,Local,1775,Nantes,,Hollande,Exports,Cacao,,,,,6490,livres,0.52,sources/Local/AD44_C717_Nantes_Exports_1775.csv,AD44 C717,5,,,,,Marion Merville & Jules Oudot,,,0,,,,,,,,,
139,Local,1775,Nantes,,Hollande,Exports,Caffé des isles,,,,,2263136,livres,0.85,sources/Local/AD44_C717_Nantes_Exports_1775.csv,AD44 C717,6,,,,,Marion Merville & Jules Oudot,,,0,,,,,,,,,
140,Local,1775,Nantes,,Hollande,Exports,Canelles,,,,,183,livres,4.25,sources/Local/AD44_C717_Nantes_Exports_1775.csv,AD44 C717,6,,,,,Marion Merville & Jules Oudot,,,0,,,,,,,,,
141,Local,1775,Nantes,,Hollande,Exports,Canettes de grez,,,,,237,en nombre,0.5,sources/Local/AD44_C717_Nantes_Exports_1775.csv,AD44 C717,6,,,,,Marion Merville & Jules Oudot,,,0,,,,,,,,,
142,Local,1775,Nantes,,Hollande,Exports,Chataignes,,,,,603,boisseaux,0.75,sources/Local/AD44_C717_Nantes_Exports_1775.csv,AD44 C717,6,,,,,Marion Merville & Jules Oudot,,,0,,,,,,,,,
143,Local,1775,Nantes,,Hollande,Exports,Confitures,,,,,265,livres,1.2,sources/Local/AD44_C717_Nantes_Exports_1775.csv,AD44 C717,6,,,,,Marion Merville & Jules Oudot,,,0,,,,,,,,,
144,Local,1775,Nantes,,Hollande,Exports,Damas,,,,,32,piece,150,sources/Local/AD44_C717_Nantes_Exports_1775.csv,AD44 C717,6,,,,,Marion Merville & Jules Oudot,,,0,,,,,,,,,
145,Local,1775,Nantes,,Hollande,Exports,Eau de vie,,,,,582,velte,4.5,sources/Local/AD44_C717_Nantes_Exports_1775.csv,AD44 C717,6,,,,,Marion Merville & Jules Oudot,,,0,,,,,,,,,
146,Local,1775,Nantes,,Hollande,Exports,Etoffe de soye,,,,,1028,pièces,60,sources/Local/AD44_C717_Nantes_Exports_1775.csv,AD44 C717,6,,,,,Marion Merville & Jules Oudot,,,0,,,,,,,,,
147,Local,1775,Nantes,,Hollande,Exports,Etoffe de soye,,,,,238,livres,50,sources/Local/AD44_C717_Nantes_Exports_1775.csv,AD44 C717,6,,,,,Marion Merville & Jules Oudot,,,0,,,,,,,,,
148,Local,1775,Nantes,,Hollande,Exports,Gourgouran,,,,,55,pièces,160,sources/Local/AD44_C717_Nantes_Exports_1775.csv,AD44 C717,6,,,,,Marion Merville & Jules Oudot,,,0,,,,,,,,,
149,Local,1775,Nantes,,Hollande,Exports,Guinée,,,,,960,piece,25,sources/Local/AD44_C717_Nantes_Exports_1775.csv,AD44 C717,6,,,,,Marion Merville & Jules Oudot,,,0,,,,,,,,,
150,Local,1775,Nantes,,Hollande,Exports,Guinquant,,,,,2090,piece,10,sources/Local/AD44_C717_Nantes_Exports_1775.csv,AD44 C717,6,,,,,Marion Merville & Jules Oudot,,,0,,,,,,,,,
151,Local,1775,Nantes,,Hollande,Exports,Huile d'olive,,,,,550,livres,0.8,sources/Local/AD44_C717_Nantes_Exports_1775.csv,AD44 C717,6,,,,,Marion Merville & Jules Oudot,,,0,,,,,,,,,
152,Local,1775,Nantes,,Hollande,Exports,Indigo,,,,,37887,livres,7.25,sources/Local/AD44_C717_Nantes_Exports_1775.csv,AD44 C717,6,,,,,Marion Merville & Jules Oudot,,,0,,,,,,,,,
153,Local,1775,Nantes,,Hollande,Exports,Lampas,,,,,38,piece,200,sources/Local/AD44_C717_Nantes_Exports_1775.csv,AD44 C717,6,,,,,Marion Merville & Jules Oudot,,,0,,,,,,,,,
154,Local,1775,Nantes,,Hollande,Exports,Lines,,,,,94,piece,36,sources/Local/AD44_C717_Nantes_Exports_1775.csv,AD44 C717,6,,,,,Marion Merville & Jules Oudot,,,0,,,,,,,,,
155,Local,1775,Nantes,,Hollande,Exports,Lustrine,,,,,12,piece,80,sources/Local/AD44_C717_Nantes_Exports_1775.csv,AD44 C717,6,,,,,Marion Merville & Jules Oudot,,,0,,,,,,,,,
156,Local,1775,Nantes,,Hollande,Exports,Mandarines,,,,,5,piece,140,sources/Local/AD44_C717_Nantes_Exports_1775.csv,AD44 C717,6,,,,,Marion Merville & Jules Oudot,,,0,,,,,,,,,
157,Local,1775,Nantes,,Hollande,Exports,Miel,,,,,148230,livres,0.65,sources/Local/AD44_C717_Nantes_Exports_1775.csv,AD44 C717,6,,,,,Marion Merville & Jules Oudot,,,0,,,,,,,,,
158,Local,1775,Nantes,,Hollande,Exports,Nankin,,,,,5607,piece,5,sources/Local/AD44_C717_Nantes_Exports_1775.csv,AD44 C717,6,,,,,Marion Merville & Jules Oudot,,,0,,,,,,,,,
159,Local,1775,Nantes,,Hollande,Exports,Ocre,,,,,789,barique,10,sources/Local/AD44_C717_Nantes_Exports_1775.csv,AD44 C717,6,,,,,Marion Merville & Jules Oudot,,,0,,,,,,,,,
160,Local,1775,Nantes,,Hollande,Exports,Peaux de veau corroyés,,,,,30,douzaine,45,sources/Local/AD44_C717_Nantes_Exports_1775.csv,AD44 C717,6,,,,,Marion Merville & Jules Oudot,,,0,,,,,,,,,
161,Local,1775,Nantes,,Hollande,Exports,Pekin,,,,,100,piece,90,sources/Local/AD44_C717_Nantes_Exports_1775.csv,AD44 C717,6,,,,,Marion Merville & Jules Oudot,,,0,,,,,,,,,
162,Local,1775,Nantes,,Hollande,Exports,Pierres à fusil,,,,,35800,livres,0.05,sources/Local/AD44_C717_Nantes_Exports_1775.csv,AD44 C717,6,,,,,Marion Merville & Jules Oudot,,,0,,,,,,,,,
163,Local,1775,Nantes,,Hollande,Exports,Prunes de sainte catherine,,,,,804,livres,0.6,sources/Local/AD44_C717_Nantes_Exports_1775.csv,AD44 C717,6,,,,,Marion Merville & Jules Oudot,,,0,,,,,,,,,
164,Local,1775,Nantes,,Hollande,Exports,Pruneaux,,,,,133900,livres,0.2,sources/Local/AD44_C717_Nantes_Exports_1775.csv,AD44 C717,6,,,,,Marion Merville & Jules Oudot,,,0,,,,,,,,,
165,Local,1775,Nantes,,Hollande,Exports,Quincaille et mercerie,,,,,54,livres,2,sources/Local/AD44_C717_Nantes_Exports_1775.csv,AD44 C717,6,,,,,Marion Merville & Jules Oudot,,,0,,,,,,,,,
166,Local,1775,Nantes,,Hollande,Exports,Ris,,,,,12000,livres,0.2,sources/Local/AD44_C717_Nantes_Exports_1775.csv,AD44 C717,6,,,,,Marion Merville & Jules Oudot,,,0,,,,,,,,,
167,Local,1775,Nantes,,Hollande,Exports,Rocou,,,,,1070,livres,0.62,sources/Local/AD44_C717_Nantes_Exports_1775.csv,AD44 C717,6,,,,,Marion Merville & Jules Oudot,,,0,,,,,,,,,
168,Local,1775,Nantes,,Hollande,Exports,Saffran,,,,,100,livres,36,sources/Local/AD44_C717_Nantes_Exports_1775.csv,AD44 C717,6,,,,,Marion Merville & Jules Oudot,,,0,,,,,,,,,
169,Local,1775,Nantes,,Hollande,Exports,Salpetre,,,,,5150,livres,0.5,sources/Local/AD44_C717_Nantes_Exports_1775.csv,AD44 C717,6,,,,,Marion Merville & Jules Oudot,,,0,,,,,,,,,
170,Local,1775,Nantes,,Hollande,Exports,Satin,,,,,1,piece,130,sources/Local/AD44_C717_Nantes_Exports_1775.csv,AD44 C717,6,,,,,Marion Merville & Jules Oudot,,,0,,,,,,,,,
171,Local,1775,Nantes,,Hollande,Exports,Sirop melasse,,,,,5800,livres,0.095,sources/Local/AD44_C717_Nantes_Exports_1775.csv,AD44 C717,6,,,,,Marion Merville & Jules Oudot,,,0,,,,,,,,,
172,Local,1775,Nantes,,Hollande,Exports,Sucre brut,,,,,7732240,livres,0.27,sources/Local/AD44_C717_Nantes_Exports_1775.csv,AD44 C717,7,,,,,Marion Merville & Jules Oudot,,,0,,,,,,,,,
173,Local,1775,Nantes,,Hollande,Exports,Sucre terré,,,,,580200,livres,0.43,sources/Local/AD44_C717_Nantes_Exports_1775.csv,AD44 C717,7,,,,,Marion Merville & Jules Oudot,,,0,,,,,,,,,
174,Local,1775,Nantes,,Hollande,Exports,Taffia,,,,,66,veltes,4,sources/Local/AD44_C717_Nantes_Exports_1775.csv,AD44 C717,7,,,,,Marion Merville & Jules Oudot,,,0,,,,,,,,,
175,Local,1775,Nantes,,Hollande,Exports,Thé,,,,,5032,livres,1.75,sources/Local/AD44_C717_Nantes_Exports_1775.csv,AD44 C717,7,,,,,Marion Merville & Jules Oudot,,,0,,,,,,,,,
176,Local,1775,Nantes,,Hollande,Exports,Toile coutil,,,,,4,piece,40,sources/Local/AD44_C717_Nantes_Exports_1775.csv,AD44 C717,7,,,,,Marion Merville & Jules Oudot,,,0,,,,,,,,,
177,Local,1775,Nantes,,Hollande,Exports,Verdet,,,,,737,livres,0.35,sources/Local/AD44_C717_Nantes_Exports_1775.csv,AD44 C717,7,,,,,Marion Merville & Jules Oudot,,,0,,,,,,,,,
178,Local,1775,Nantes,,Italie,Exports,Alun,,,,,3000,livres,0.2,sources/Local/AD44_C717_Nantes_Exports_1775.csv,AD44 C717,7,,,,,Marion Merville & Jules Oudot,,,0,,,,,,,,,
179,Local,1775,Nantes,,Italie,Exports,Cacao,,,,,11104,livres,52,sources/Local/AD44_C717_Nantes_Exports_1775.csv,AD44 C717,7,,,,,Marion Merville & Jules Oudot,,,0,,,,,,,,,
180,Local,1775,Nantes,,Italie,Exports,Caffe des Isles,,,,,750550,livres,0.85,sources/Local/AD44_C717_Nantes_Exports_1775.csv,AD44 C717,7,,,,,Marion Merville & Jules Oudot,,,0,,,,,,,,,
181,Local,1775,Nantes,,Italie,Exports,Eau de vie,,,,,388,veltes,4.5,sources/Local/AD44_C717_Nantes_Exports_1775.csv,AD44 C717,7,,,,,Marion Merville & Jules Oudot,,,0,,,,,,,,,
182,Local,1775,Nantes,,Italie,Exports,Etoffe de soye,,,,,51,piece,60,sources/Local/AD44_C717_Nantes_Exports_1775.csv,AD44 C717,7,,,,,Marion Merville & Jules Oudot,,,0,,,,,,,,,
183,Local,1775,Nantes,,Italie,Exports,Galles,,,,,875,livres,1.25,sources/Local/AD44_C717_Nantes_Exports_1775.csv,AD44 C717,7,,,,,Marion Merville & Jules Oudot,,,0,,,,,,,,,
184,Local,1775,Nantes,,Italie,Exports,Indigo,,,,,5765,livres,7.25,sources/Local/AD44_C717_Nantes_Exports_1775.csv,AD44 C717,7,,,,,Marion Merville & Jules Oudot,,,0,,,,,,,,,
185,Local,1775,Nantes,,Italie,Exports,Miel,,,,,35275,livres,0.65,sources/Local/AD44_C717_Nantes_Exports_1775.csv,AD44 C717,7,,,,,Marion Merville & Jules Oudot,,,0,,,,,,,,,
186,Local,1775,Nantes,,Italie,Exports,Nankin,,,,,1000,piece,5,sources/Local/AD44_C717_Nantes_Exports_1775.csv,AD44 C717,7,,,,,Marion Merville & Jules Oudot,,,0,,,,,,,,,
187,Local,1775,Nantes,,Italie,Exports,Peaux de veau corroyes,,,,,10,douzaine,45,sources/Local/AD44_C717_Nantes_Exports_1775.csv,AD44 C717,7,,,,,Marion Merville & Jules Oudot,,,0,,,,,,,,,
188,Local,1775,Nantes,,Italie,Exports,Pierres à fusils,,,,,43640,livres,0.05,sources/Local/AD44_C717_Nantes_Exports_1775.csv,AD44 C717,7,,,,,Marion Merville & Jules Oudot,,,0,,,,,,,,,
189,Local,1775,Nantes,,Italie,Exports,Porcelaine,,,,,120,livres,1,sources/Local/AD44_C717_Nantes_Exports_1775.csv,AD44 C717,7,,,,,Marion Merville & Jules Oudot,,,0,,,,,,,,,
190,Local,1775,Nantes,,Italie,Exports,Rocou,,,,,2988,livres,0.62,sources/Local/AD44_C717_Nantes_Exports_1775.csv,AD44 C717,7,,,,,Marion Merville & Jules Oudot,,,0,,,,,,,,,
191,Local,1775,Nantes,,Italie,Exports,Sirop melasse,,,,,304550,livres,0.095,sources/Local/AD44_C717_Nantes_Exports_1775.csv,AD44 C717,7,,,,,Marion Merville & Jules Oudot,,,0,,,,,,,,,
192,Local,1775,Nantes,,Italie,Exports,Sucre brut,,,,,462000,livres,0.27,sources/Local/AD44_C717_Nantes_Exports_1775.csv,AD44 C717,7,,,,,Marion Merville & Jules Oudot,,,0,,,,,,,,,
193,Local,1775,Nantes,,Italie,Exports,Sucre royal,,,,,1020,livres,0.68,sources/Local/AD44_C717_Nantes_Exports_1775.csv,AD44 C717,7,,,,,Marion Merville & Jules Oudot,,,0,,,,,,,,,
194,Local,1775,Nantes,,Italie,Exports,Sucre carré,,,,,1285000,livres,0.43,sources/Local/AD44_C717_Nantes_Exports_1775.csv,AD44 C717,7,,,,,Marion Merville & Jules Oudot,,,0,,,,,,,,,
195,Local,1775,Nantes,,Italie,Exports,Terre à sucre,,,,,42,barique,12,sources/Local/AD44_C717_Nantes_Exports_1775.csv,AD44 C717,7,,,,,Marion Merville & Jules Oudot,,,0,,,,,,,,,
196,Local,1775,Nantes,,Italie,Exports,The,,,,,270,livres,35,sources/Local/AD44_C717_Nantes_Exports_1775.csv,AD44 C717,7,,,,,Marion Merville & Jules Oudot,,,0,,,,,,,,,
197,Local,1775,Nantes,,Italie,Exports,Verdet,,,,,605,livres,0.35,sources/Local/AD44_C717_Nantes_Exports_1775.csv,AD44 C717,7,,,,,Marion Merville & Jules Oudot,,,0,,,,,,,,,
198,Local,1775,Nantes,,Italie,Exports,Vin nantois,,,,,212.25,tonneaux,100,sources/Local/AD44_C717_Nantes_Exports_1775.csv,AD44 C717,7,,,,,Marion Merville & Jules Oudot,,,0,,,,,,,,,
199,Local,1775,Nantes,,Le Nord qui comprend les villes anseatiques,Exports,Amidon,,,,,2700,livres,0.95,sources/Local/AD44_C717_Nantes_Exports_1775.csv,AD44 C717,7,,,,,Marion Merville & Jules Oudot,,,0,,,,,,,,,
200,Local,1775,Nantes,,Le Nord qui comprend les villes anseatiques,Exports,Bled seigle,,,,,160,tonneaux,150,sources/Local/AD44_C717_Nantes_Exports_1775.csv,AD44 C717,8,,,,,Marion Merville & Jules Oudot,,,0,,,,,,,,,
201,Local,1775,Nantes,,Le Nord qui comprend les villes anseatiques,Exports,Cacao,,,,,12520,livres,0.52,sources/Local/AD44_C717_Nantes_Exports_1775.csv,AD44 C717,8,,,,,Marion Merville & Jules Oudot,,,0,,,,,,,,,
202,Local,1775,Nantes,,Le Nord qui comprend les villes anseatiques,Exports,Caffé des Isles,,,,,2884400,livres,0.85,sources/Local/AD44_C717_Nantes_Exports_1775.csv,AD44 C717,8,,,,,Marion Merville & Jules Oudot,,,0,,,,,,,,,
203,Local,1775,Nantes,,Le Nord qui comprend les villes anseatiques,Exports,Canelle,,,,,350,livres,4.25,sources/Local/AD44_C717_Nantes_Exports_1775.csv,AD44 C717,8,,,,,Marion Merville & Jules Oudot,,,0,,,,,,,,,
204,Local,1775,Nantes,,Le Nord qui comprend les villes anseatiques,Exports,Confitures,,,,,412,livres,1.2,sources/Local/AD44_C717_Nantes_Exports_1775.csv,AD44 C717,8,,,,,Marion Merville & Jules Oudot,,,0,,,,,,,,,
205,Local,1775,Nantes,,Le Nord qui comprend les villes anseatiques,Exports,Coton en laine,,,,,2085,livres,1.62,sources/Local/AD44_C717_Nantes_Exports_1775.csv,AD44 C717,8,,,,,Marion Merville & Jules Oudot,,,0,,,,,,,,,
206,Local,1775,Nantes,,Le Nord qui comprend les villes anseatiques,Exports,Cuirs de genisse corroyées,,,,,49,pièces,22,sources/Local/AD44_C717_Nantes_Exports_1775.csv,AD44 C717,8,,,,,Marion Merville & Jules Oudot,,,0,,,,,,,,,
207,Local,1775,Nantes,,Le Nord qui comprend les villes anseatiques,Exports,Eau de vie,,,,,1696,veltes,4.5,sources/Local/AD44_C717_Nantes_Exports_1775.csv,AD44 C717,8,,,,,Marion Merville & Jules Oudot,,,0,,,,,,,,,
208,Local,1775,Nantes,,Le Nord qui comprend les villes anseatiques,Exports,Epicerie,,,,,100,livres,2.25,sources/Local/AD44_C717_Nantes_Exports_1775.csv,AD44 C717,8,,,,,Marion Merville & Jules Oudot,,,0,,,,,,,,,
209,Local,1775,Nantes,,Le Nord qui comprend les villes anseatiques,Exports,Fleurs de Canelle,,,,,1945,livres,8,sources/Local/AD44_C717_Nantes_Exports_1775.csv,AD44 C717,8,,,,,Marion Merville & Jules Oudot,,,0,,,,,,,,,
210,Local,1775,Nantes,,Le Nord qui comprend les villes anseatiques,Exports,Huile d'olive,,,,,150,livres,0.8,sources/Local/AD44_C717_Nantes_Exports_1775.csv,AD44 C717,8,,,,,Marion Merville & Jules Oudot,,,0,,,,,,,,,
211,Local,1775,Nantes,,Le Nord qui comprend les villes anseatiques,Exports,Indigo,,,,,86164,livres,7.25,sources/Local/AD44_C717_Nantes_Exports_1775.csv,AD44 C717,8,,,,,Marion Merville & Jules Oudot,,,0,,,,,,,,,
212,Local,1775,Nantes,,Le Nord qui comprend les villes anseatiques,Exports,Lit Complet,,,,,1,en nombre,150,sources/Local/AD44_C717_Nantes_Exports_1775.csv,AD44 C717,8,,,,,Marion Merville & Jules Oudot,,,0,,,,,,,,,
213,Local,1775,Nantes,,Le Nord qui comprend les villes anseatiques,Exports,Marchandises meslée,,,254,,,,245,sources/Local/AD44_C717_Nantes_Exports_1775.csv,AD44 C717,8,,,,,Marion Merville & Jules Oudot,,,,,,,,,,,,
214,Local,1775,Nantes,,Le Nord qui comprend les villes anseatiques,Exports,Miel,,,,,18400,livres,0.65,sources/Local/AD44_C717_Nantes_Exports_1775.csv,AD44 C717,8,,,,,Marion Merville & Jules Oudot,,,0,,,,,,,,,
215,Local,1775,Nantes,,Le Nord qui comprend les villes anseatiques,Exports,Nankin,,,,,1000,piece,5,sources/Local/AD44_C717_Nantes_Exports_1775.csv,AD44 C717,8,,,,,Marion Merville & Jules Oudot,,,0,,,,,,,,,
216,Local,1775,Nantes,,Le Nord qui comprend les villes anseatiques,Exports,Ocre,,,,,206,barique,10,sources/Local/AD44_C717_Nantes_Exports_1775.csv,AD44 C717,8,,,,,Marion Merville & Jules Oudot,,,0,,,,,,,,,
217,Local,1775,Nantes,,Le Nord qui comprend les villes anseatiques,Exports,Peaux de mouton aprestées,,,,,869,en nombre,2,sources/Local/AD44_C717_Nantes_Exports_1775.csv,AD44 C717,8,,,,,Marion Merville & Jules Oudot,,,0,,,,,,,,,
218,Local,1775,Nantes,,Le Nord qui comprend les villes anseatiques,Exports,Peaux de veau corroyé,,,,,453,douzaine,45,sources/Local/AD44_C717_Nantes_Exports_1775.csv,AD44 C717,8,,,,,Marion Merville & Jules Oudot,,,0,,,,,,,,,
219,Local,1775,Nantes,,Le Nord qui comprend les villes anseatiques,Exports,Pekin,,,,,1300,piece,90,sources/Local/AD44_C717_Nantes_Exports_1775.csv,AD44 C717,8,,,,,Marion Merville & Jules Oudot,,,0,,,,,,,,,
220,Local,1775,Nantes,,Le Nord qui comprend les villes anseatiques,Exports,Pierres à fusils,,,,,86485,livres,0.05,sources/Local/AD44_C717_Nantes_Exports_1775.csv,AD44 C717,8,,,,,Marion Merville & Jules Oudot,,,0,,,,,,,,,
221,Local,1775,Nantes,,Le Nord qui comprend les villes anseatiques,Exports,Porcelaine,,,,,1444,livres,1,sources/Local/AD44_C717_Nantes_Exports_1775.csv,AD44 C717,8,,,,,Marion Merville & Jules Oudot,,,0,,,,,,,,,
222,Local,1775,Nantes,,Le Nord qui comprend les villes anseatiques,Exports,Pruneaux,,,,,5200,livres,0.2,sources/Local/AD44_C717_Nantes_Exports_1775.csv,AD44 C717,8,,,,,Marion Merville & Jules Oudot,,,0,,,,,,,,,
223,Local,1775,Nantes,,Le Nord qui comprend les villes anseatiques,Exports,Rhubarbe,,,,,198,livres,3,sources/Local/AD44_C717_Nantes_Exports_1775.csv,AD44 C717,8,,,,,Marion Merville & Jules Oudot,,,0,,,,,,,,,
224,Local,1775,Nantes,,Le Nord qui comprend les villes anseatiques,Exports,Rocou,,,,,4420,livres,0.62,sources/Local/AD44_C717_Nantes_Exports_1775.csv,AD44 C717,8,,,,,Marion Merville & Jules Oudot,,,0,,,,,,,,,
225,Local,1775,Nantes,,Le Nord qui comprend les villes anseatiques,Exports,Rottins,,,,,10000,en nombre,0.3,sources/Local/AD44_C717_Nantes_Exports_1775.csv,AD44 C717,8,,,,,Marion Merville & Jules Oudot,,,0,,,,,,,,,
226,Local,1775,Nantes,,Le Nord qui comprend les villes anseatiques,Exports,Saffran,,,,,100,livres,36,sources/Local/AD44_C717_Nantes_Exports_1775.csv,AD44 C717,8,,,,,Marion Merville & Jules Oudot,,,,,,,,,,,,
227,Local,1775,Nantes,,Le Nord qui comprend les villes anseatiques,Exports,Salpetre,,,,,21050,livres,0.5,sources/Local/AD44_C717_Nantes_Exports_1775.csv,AD44 C717,8,,,,,Marion Merville & Jules Oudot,,,0,,,,,,,,,
228,Local,1775,Nantes,,Le Nord qui comprend les villes anseatiques,Exports,Sel,,,,,1887,muid,84,sources/Local/AD44_C717_Nantes_Exports_1775.csv,AD44 C717,8,,,,,Marion Merville & Jules Oudot,,,0,,,,,,,,,
229,Local,1775,Nantes,,Le Nord qui comprend les villes anseatiques,Exports,Sel de glaubert,,,,,1500,livres,1.2,sources/Local/AD44_C717_Nantes_Exports_1775.csv,AD44 C717,8,,,,,Marion Merville & Jules Oudot,,,0,,,,,,,,,
230,Local,1775,Nantes,,Le Nord qui comprend les villes anseatiques,Exports,Sirop mélasse,,,,,914970,livres,0.095,sources/Local/AD44_C717_Nantes_Exports_1775.csv,AD44 C717,8,,,,,Marion Merville & Jules Oudot,,,0,,,,,,,,,
231,Local,1775,Nantes,,Le Nord qui comprend les villes anseatiques,Exports,Sucre brut,,,,,1399150,livres,0.27,sources/Local/AD44_C717_Nantes_Exports_1775.csv,AD44 C717,8,,,,,Marion Merville & Jules Oudot,,,0,,,,,,,,,
232,Local,1775,Nantes,,Le Nord qui comprend les villes anseatiques,Exports,Sucre terré,,,,,3286600,livres,43,sources/Local/AD44_C717_Nantes_Exports_1775.csv,AD44 C717,8,,,,,Marion Merville & Jules Oudot,,,0,,,,,,,,,
233,Local,1775,Nantes,,Le Nord qui comprend les villes anseatiques,Exports,Thé,,,,,9072,livres,1.75,sources/Local/AD44_C717_Nantes_Exports_1775.csv,AD44 C717,9,,,,,Marion Merville & Jules Oudot,,,0,,,,,,,,,
234,Local,1775,Nantes,,Le Nord qui comprend les villes anseatiques,Exports,Toile de bretagne,,,,,250,livres,3,sources/Local/AD44_C717_Nantes_Exports_1775.csv,AD44 C717,9,,,,,Marion Merville & Jules Oudot,,,0,,,,,,,,,
235,Local,1775,Nantes,,Le Nord qui comprend les villes anseatiques,Exports,Toutenague,,,,,16050,livres,0.67,sources/Local/AD44_C717_Nantes_Exports_1775.csv,AD44 C717,9,,,,,Marion Merville & Jules Oudot,,,0,,,,,,,,,
236,Local,1775,Nantes,,Le Nord qui comprend les villes anseatiques,Exports,Verdet,,,,,975,livres,0.35,sources/Local/AD44_C717_Nantes_Exports_1775.csv,AD44 C717,9,,,,,Marion Merville & Jules Oudot,,,0,,,,,,,,,
237,Local,1775,Nantes,,Le Nord qui comprend les villes anseatiques,Exports,Vin d'amons,,,,,199,tonneaux,250,sources/Local/AD44_C717_Nantes_Exports_1775.csv,AD44 C717,9,,,,,Marion Merville & Jules Oudot,,,0,,,,,,,,,
238,Local,1775,Nantes,,Le Nord qui comprend les villes anseatiques,Exports,Vin de barcelonne,,,,,4,pipe,100,sources/Local/AD44_C717_Nantes_Exports_1775.csv,AD44 C717,9,,,,,Marion Merville & Jules Oudot,,,0,,,,,,,,,
239,Local,1775,Nantes,,Le Nord qui comprend les villes anseatiques,Exports,Vin hors,,,,,2,tonneaux,400,sources/Local/AD44_C717_Nantes_Exports_1775.csv,AD44 C717,9,,,,,Marion Merville & Jules Oudot,,,0,,,,,,,,,
240,Local,1775,Nantes,,Le Nord qui comprend les villes anseatiques,Exports,Vin nantois,,,,,1268,tonneaux,100,sources/Local/AD44_C717_Nantes_Exports_1775.csv,AD44 C717,9,,,,,Marion Merville & Jules Oudot,,,0,,,,,,,,,
241,Local,1775,Nantes,,Le Nord qui comprend les villes anseatiques,Exports,Vinaigre,,,,,22.5,tonneaux,116,sources/Local/AD44_C717_Nantes_Exports_1775.csv,AD44 C717,9,,,,,Marion Merville & Jules Oudot,,,0,,,,,,,,,
242,Local,1775,Nantes,,Portugal,Exports,Bonnets de laine,,,,,600,livres,5,sources/Local/AD44_C717_Nantes_Exports_1775.csv,AD44 C717,9,,,,,Marion Merville & Jules Oudot,,,0,,,,,,,,,
243,Local,1775,Nantes,,Portugal,Exports,Bougie,,,,,50,livres,2.7,sources/Local/AD44_C717_Nantes_Exports_1775.csv,AD44 C717,9,,,,,Marion Merville & Jules Oudot,,,0,,,,,,,,,
244,Local,1775,Nantes,,Portugal,Exports,Caffé des isles,,,,,8570,livres,0.85,sources/Local/AD44_C717_Nantes_Exports_1775.csv,AD44 C717,9,,,,,Marion Merville & Jules Oudot,,,0,,,,,,,,,
245,Local,1775,Nantes,,Portugal,Exports,Eau de vie,,,,,165,velte,4.5,sources/Local/AD44_C717_Nantes_Exports_1775.csv,AD44 C717,9,,,,,Marion Merville & Jules Oudot,,,0,,,,,,,,,
246,Local,1775,Nantes,,Portugal,Exports,Etoffe de soye,,,,,70.75,livres,60,sources/Local/AD44_C717_Nantes_Exports_1775.csv,AD44 C717,9,,,,,Marion Merville & Jules Oudot,,,0,,,,,,,,,
247,Local,1775,Nantes,,Portugal,Exports,Gans communs,,,,,80,livres,8,sources/Local/AD44_C717_Nantes_Exports_1775.csv,AD44 C717,9,,,,,Marion Merville & Jules Oudot,,,0,,,,,,,,,
248,Local,1775,Nantes,,Portugal,Exports,Marchandises meslées,,,287,,,,,sources/Local/AD44_C717_Nantes_Exports_1775.csv,AD44 C717,9,,,,,Marion Merville & Jules Oudot,,,,,,,,,,,,
249,Local,1775,Nantes,,Portugal,Exports,Papier peint,,,,,650,livres,2,sources/Local/AD44_C717_Nantes_Exports_1775.csv,AD44 C717,9,,,,,Marion Merville & Jules Oudot,,,0,,,,,,,,,
250,Local,1775,Nantes,,Portugal,Exports,Peaux de castor,,,,,2,douzaine,120,sources/Local/AD44_C717_Nantes_Exports_1775.csv,AD44 C717,9,,,,,Marion Merville & Jules Oudot,,,0,,,,,,,,,
251,Local,1775,Nantes,,Portugal,Exports,Peaux de dain aprestées,,,,,12004,en nombre,10,sources/Local/AD44_C717_Nantes_Exports_1775.csv,AD44 C717,9,,,,,Marion Merville & Jules Oudot,,,0,,,,,,,,,
252,Local,1775,Nantes,,Portugal,Exports,Peaux de mouton aprestées,,,,,22983,en nombre,2,sources/Local/AD44_C717_Nantes_Exports_1775.csv,AD44 C717,9,,,,,Marion Merville & Jules Oudot,,,0,,,,,,,,,
253,Local,1775,Nantes,,Portugal,Exports,Peaux de veaux corroyées,,,,,21699,en nombre,45,sources/Local/AD44_C717_Nantes_Exports_1775.csv,AD44 C717,9,,,,,Marion Merville & Jules Oudot,,,0,,,,,,,,,
254,Local,1775,Nantes,,Portugal,Exports,Quincaille et mercerie,,,,,2413,livres,2,sources/Local/AD44_C717_Nantes_Exports_1775.csv,AD44 C717,9,,,,,Marion Merville & Jules Oudot,,,0,,,,,,,,,
255,Local,1775,Nantes,,Portugal,Exports,Serge de laine,,,,,270,livres,2.5,sources/Local/AD44_C717_Nantes_Exports_1775.csv,AD44 C717,9,,,,,Marion Merville & Jules Oudot,,,0,,,,,,,,,
256,Local,1775,Nantes,,Portugal,Exports,Toile de Bretagne,,,,,18203,livres,3,sources/Local/AD44_C717_Nantes_Exports_1775.csv,AD44 C717,9,,,,,Marion Merville & Jules Oudot,,,0,,,,,,,,,
257,Local,1775,Nantes,,Portugal,Exports,Toile blanche,,,,,5265,livres,10,sources/Local/AD44_C717_Nantes_Exports_1775.csv,AD44 C717,9,,,,,Marion Merville & Jules Oudot,,,0,,,,,,,,,
258,Local,1775,Nantes,,Portugal,Exports,Vin hors,,,,,80,bouteille,0.75,sources/Local/AD44_C717_Nantes_Exports_1775.csv,AD44 C717,9,,,,,Marion Merville & Jules Oudot,,,0,,,,,,,,,
259,Local,1775,Nantes,,Russie,Exports,Abassis,,,,,265,piece,60,sources/Local/AD44_C717_Nantes_Exports_1775.csv,AD44 C717,9,,,,,Marion Merville & Jules Oudot,,,0,,,,,,,,,
260,Local,1775,Nantes,,Russie,Exports,Bougie,,,,,100,livres,2.7,sources/Local/AD44_C717_Nantes_Exports_1775.csv,AD44 C717,9,,,,,Marion Merville & Jules Oudot,,,0,,,,,,,,,
261,Local,1775,Nantes,,Russie,Exports,Gaze de soye,,,,,3,piece,50,sources/Local/AD44_C717_Nantes_Exports_1775.csv,AD44 C717,10,,,,,Marion Merville & Jules Oudot,,,0,,,,,,,,,
262,Local,1775,Nantes,,Russie,Exports,Guinguan,,,,,18,piece,10,sources/Local/AD44_C717_Nantes_Exports_1775.csv,AD44 C717,10,,,,,Marion Merville & Jules Oudot,,,0,,,,,,,,,
263,Local,1775,Nantes,,Russie,Exports,Indigo,,,,,1350,piece,7.25,sources/Local/AD44_C717_Nantes_Exports_1775.csv,AD44 C717,10,,,,,Marion Merville & Jules Oudot,,,0,,,,,,,,,
264,Local,1775,Nantes,,Russie,Exports,Kicorchais,,,,,94,piece,90,sources/Local/AD44_C717_Nantes_Exports_1775.csv,AD44 C717,10,,,,,Marion Merville & Jules Oudot,,,0,,,,,,,,,
265,Local,1775,Nantes,,Russie,Exports,Limes,,,,,38,piece,36,sources/Local/AD44_C717_Nantes_Exports_1775.csv,AD44 C717,10,,,,,Marion Merville & Jules Oudot,,,0,,,,,,,,,
266,Local,1775,Nantes,,Russie,Exports,Lustrine,,,,,15,piece,80,sources/Local/AD44_C717_Nantes_Exports_1775.csv,AD44 C717,10,,,,,Marion Merville & Jules Oudot,,,0,,,,,,,,,
267,Local,1775,Nantes,,Russie,Exports,Noire,,,,,5,piece,760,sources/Local/AD44_C717_Nantes_Exports_1775.csv,AD44 C717,10,,,,,Marion Merville & Jules Oudot,,,0,,,,,,,,,
268,Local,1775,Nantes,,Russie,Exports,Nankin,,,,,79,piece,5,sources/Local/AD44_C717_Nantes_Exports_1775.csv,AD44 C717,10,,,,,Marion Merville & Jules Oudot,,,0,,,,,,,,,
269,Local,1775,Nantes,,Russie,Exports,Pekin,,,,,52,piece,90,sources/Local/AD44_C717_Nantes_Exports_1775.csv,AD44 C717,10,,,,,Marion Merville & Jules Oudot,,,0,,,,,,,,,
270,Local,1775,Nantes,,Russie,Exports,Sucre terre,,,,,723373,livres,0.43,sources/Local/AD44_C717_Nantes_Exports_1775.csv,AD44 C717,10,,,,,Marion Merville & Jules Oudot,,,0,,,,,,,,,
271,Local,1775,Nantes,,Russie,Exports,Vin Nantois,,,,,65,tonneaux,100,sources/Local/AD44_C717_Nantes_Exports_1775.csv,AD44 C717,10,,,,,Marion Merville & Jules Oudot,,,0,,,,,,,,,
272,Local,1775,Nantes,,Suede,Exports,Caffé des Isles,,,,,155400,livres,0.85,sources/Local/AD44_C717_Nantes_Exports_1775.csv,AD44 C717,10,,,,,Marion Merville & Jules Oudot,,,0,,,,,,,,,
273,Local,1775,Nantes,,Suede,Exports,Canelle,,,,,510,livres,4.25,sources/Local/AD44_C717_Nantes_Exports_1775.csv,AD44 C717,10,,,,,Marion Merville & Jules Oudot,,,0,,,,,,,,,
274,Local,1775,Nantes,,Suede,Exports,Cassia lignea,,,,,600,livres,4,sources/Local/AD44_C717_Nantes_Exports_1775.csv,AD44 C717,10,,,,,Marion Merville & Jules Oudot,,,0,,,,,,,,,
275,Local,1775,Nantes,,Suede,Exports,Chataignes,,,,,30,boisseaux,0.75,sources/Local/AD44_C717_Nantes_Exports_1775.csv,AD44 C717,10,,,,,Marion Merville & Jules Oudot,,,0,,,,,,,,,
276,Local,1775,Nantes,,Suede,Exports,Eau de vie,,,,,17414.5,velte,4.5,sources/Local/AD44_C717_Nantes_Exports_1775.csv,AD44 C717,10,,,,,Marion Merville & Jules Oudot,,,0,,,,,,,,,
277,Local,1775,Nantes,,Suede,Exports,Etoffe de soye,,,,,2,piece,60,sources/Local/AD44_C717_Nantes_Exports_1775.csv,AD44 C717,10,,,,,Marion Merville & Jules Oudot,,,0,,,,,,,,,
278,Local,1775,Nantes,,Suede,Exports,Indigo,,,,,1557,livres,7.25,sources/Local/AD44_C717_Nantes_Exports_1775.csv,AD44 C717,10,,,,,Marion Merville & Jules Oudot,,,0,,,,,,,,,
279,Local,1775,Nantes,,Suede,Exports,Marchandise meslée,,,336,,,,336,sources/Local/AD44_C717_Nantes_Exports_1775.csv,AD44 C717,10,,,,,Marion Merville & Jules Oudot,,,,,,,,,,,,
280,Local,1775,Nantes,,Suede,Exports,Noix,,,,,13,milliers,0.0175,sources/Local/AD44_C717_Nantes_Exports_1775.csv,AD44 C717,10,,,,,Marion Merville & Jules Oudot,,,0,,,,,,,,,
281,Local,1775,Nantes,,Suede,Exports,Papier blanc,,,,,170,livres,0.015,sources/Local/AD44_C717_Nantes_Exports_1775.csv,AD44 C717,10,,,,,Marion Merville & Jules Oudot,,,0,,,,,,,,,
282,Local,1775,Nantes,,Suede,Exports,Pruneaux,,,,,800,livres,0.2,sources/Local/AD44_C717_Nantes_Exports_1775.csv,AD44 C717,10,,,,,Marion Merville & Jules Oudot,,,0,,,,,,,,,
283,Local,1775,Nantes,,Suede,Exports,Quincaille et mercerie,,,,,72,livres,2,sources/Local/AD44_C717_Nantes_Exports_1775.csv,AD44 C717,10,,,,,Marion Merville & Jules Oudot,,,0,,,,,,,,,
284,Local,1775,Nantes,,Suede,Exports,Sagou,,,,,300,livres,1,sources/Local/AD44_C717_Nantes_Exports_1775.csv,AD44 C717,10,,,,,Marion Merville & Jules Oudot,,,0,,,,,,,,,
285,Local,1775,Nantes,,Suede,Exports,Sel,,,,,207,muid,84,sources/Local/AD44_C717_Nantes_Exports_1775.csv,AD44 C717,10,,,,,Marion Merville & Jules Oudot,,,0,,,,,,,,,
286,Local,1775,Nantes,,Suede,Exports,Sucre brut,,,,,143500,livres,0.27,sources/Local/AD44_C717_Nantes_Exports_1775.csv,AD44 C717,10,,,,,Marion Merville & Jules Oudot,,,0,,,,,,,,,
287,Local,1775,Nantes,,Suede,Exports,Sucre terré,,,,,88300,livres,43,sources/Local/AD44_C717_Nantes_Exports_1775.csv,AD44 C717,10,,,,,Marion Merville & Jules Oudot,,,0,,,,,,,,,
288,Local,1775,Nantes,,Suede,Exports,Terre à sucre,,,,,20,barique,12,sources/Local/AD44_C717_Nantes_Exports_1775.csv,AD44 C717,10,,,,,Marion Merville & Jules Oudot,,,0,,,,,,,,,
289,Local,1775,Nantes,,Suede,Exports,Thé,,,,,16821,livres,35,sources/Local/AD44_C717_Nantes_Exports_1775.csv,AD44 C717,10,,,,,Marion Merville & Jules Oudot,,,0,,,,,,,,,
290,Local,1775,Nantes,,Suede,Exports,Vin de Bordeaux,,,,,1.5,tonneaux,400,sources/Local/AD44_C717_Nantes_Exports_1775.csv,AD44 C717,10,,,,,Marion Merville & Jules Oudot,,,0,,,,,,,,,
291,Local,1775,Nantes,,Suede,Exports,Vin hors,,,,,1,tonneaux,400,sources/Local/AD44_C717_Nantes_Exports_1775.csv,AD44 C717,11,,,,,Marion Merville & Jules Oudot,,,0,,,,,,,,,
292,Local,1775,Nantes,,Suede,Exports,Vin hors,,,,,1,tierçon,66,sources/Local/AD44_C717_Nantes_Exports_1775.csv,AD44 C717,11,,,,,Marion Merville & Jules Oudot,,,0,,,,,,,,,
293,Local,1775,Nantes,,Suede,Exports,Vin nantais,,,,,82.75,tonneaux,100,sources/Local/AD44_C717_Nantes_Exports_1775.csv,AD44 C717,11,,,,,Marion Merville & Jules Oudot,,,0,,,,,,,,,
294,Local,1775,Nantes,,Suede,Exports,Vinaigre,,,,,3.5,tonneaux,116,sources/Local/AD44_C717_Nantes_Exports_1775.csv,AD44 C717,11,,,,,Marion Merville & Jules Oudot,,,0,,,,,,,,,
295,Local,1775,Nantes,,Suede,Exports,Vinaigre,,,,,9,tierçon,19,sources/Local/AD44_C717_Nantes_Exports_1775.csv,AD44 C717,11,,,,,Marion Merville & Jules Oudot,,,0,,,,,,,,,
296,Local,1775,Nantes,,Isles francoises de l'Amerique,Exports,Acier,,,,,22300,livres,0.35,sources/Local/AD44_C717_Nantes_Exports_1775.csv,AD44 C717,11,,,,,Marion Merville & Jules Oudot,,,0,,,,,,,,,
297,Local,1775,Nantes,,Isles francoises de l'Amerique,Exports,Ardoises,,,,,1448,milliers,16,sources/Local/AD44_C717_Nantes_Exports_1775.csv,AD44 C717,11,,,,,Marion Merville & Jules Oudot,,,0,,,,,,,,,
298,Local,1775,Nantes,,Isles francoises de l'Amerique,Exports,Argenterie,,,,,748,marcs,57,sources/Local/AD44_C717_Nantes_Exports_1775.csv,AD44 C717,11,,,,,Marion Merville & Jules Oudot,,,0,,,,,,,,,
299,Local,1775,Nantes,,Isles francoises de l'Amerique,Exports,Armes à feu,,,,,764,livres,1,sources/Local/AD44_C717_Nantes_Exports_1775.csv,AD44 C717,11,,,,,Marion Merville & Jules Oudot,,,0,,,,,,,,,
300,Local,1775,Nantes,,Isles francoises de l'Amerique,Exports,Pistolets,,,,,30,livres,1,sources/Local/AD44_C717_Nantes_Exports_1775.csv,AD44 C717,11,,,,,Marion Merville & Jules Oudot,,,0,,,,,,,,,
301,Local,1775,Nantes,,Isles francoises de l'Amerique,Exports,Armoires d'acajoux,,,170,,1,pièce,170,sources/Local/AD44_C717_Nantes_Exports_1775.csv,AD44 C717,11,,,,,Marion Merville & Jules Oudot,,,,,,,,,,,,
302,Local,1775,Nantes,,Isles francoises de l'Amerique,Exports,Avoine,,,,,10.5,tonneaux,100,sources/Local/AD44_C717_Nantes_Exports_1775.csv,AD44 C717,11,,,,,Marion Merville & Jules Oudot,,,0,,,,,,,,,
303,Local,1775,Nantes,,Isles francoises de l'Amerique,Exports,Bas de fil,,,,,476,paires,3,sources/Local/AD44_C717_Nantes_Exports_1775.csv,AD44 C717,11,,,,,Marion Merville & Jules Oudot,,,0,,,,,,,,,
304,Local,1775,Nantes,,Isles francoises de l'Amerique,Exports,Bas de soye,,,,,112,livres,50,sources/Local/AD44_C717_Nantes_Exports_1775.csv,AD44 C717,11,,,,,Marion Merville & Jules Oudot,,,0,,,,,,,,,
305,Local,1775,Nantes,,Isles francoises de l'Amerique,Exports,Beuf à la daube,,,,,1200,livres,0.75,sources/Local/AD44_C717_Nantes_Exports_1775.csv,AD44 C717,11,,,,,Marion Merville & Jules Oudot,,,0,,,,,,,,,
306,Local,1775,Nantes,,Isles francoises de l'Amerique,Exports,Beuf salé,,,,,1229,baril,40,sources/Local/AD44_C717_Nantes_Exports_1775.csv,AD44 C717,11,,,,,Marion Merville & Jules Oudot,,,0,,,,,,,,,
307,Local,1775,Nantes,,Isles francoises de l'Amerique,Exports,Beurre,,,,,54870,livres,0.5,sources/Local/AD44_C717_Nantes_Exports_1775.csv,AD44 C717,11,,,,,Marion Merville & Jules Oudot,,,0,,,,,,,,,
308,Local,1775,Nantes,,Isles francoises de l'Amerique,Exports,Bierre,,,,,187,barique,25,sources/Local/AD44_C717_Nantes_Exports_1775.csv,AD44 C717,11,,,,,Marion Merville & Jules Oudot,,,0,,,,,,,,,
309,Local,1775,Nantes,,Isles francoises de l'Amerique,Exports,Billard,,,400,400,1,pièce,400,sources/Local/AD44_C717_Nantes_Exports_1775.csv,AD44 C717,11,,,,,Marion Merville & Jules Oudot,,,,,,,,,,,,
310,Local,1775,Nantes,,Isles francoises de l'Amerique,Exports,Bois de charpente,,,,,120,piece,15,sources/Local/AD44_C717_Nantes_Exports_1775.csv,AD44 C717,11,,,,,Marion Merville & Jules Oudot,,,0,,,,,,,,,
311,Local,1775,Nantes,,Isles francoises de l'Amerique,Exports,Bois merrain,,,,,258970,douelle,0.2,sources/Local/AD44_C717_Nantes_Exports_1775.csv,AD44 C717,11,,,,,Marion Merville & Jules Oudot,,,0,,,,,,,,,
312,Local,1775,Nantes,,Isles francoises de l'Amerique,Exports,Bouchons de liege,,,,,30,milliers,5,sources/Local/AD44_C717_Nantes_Exports_1775.csv,AD44 C717,11,,,,,Marion Merville & Jules Oudot,,,0,,,,,,,,,
313,Local,1775,Nantes,,Isles francoises de l'Amerique,Exports,Bougie,,,,,1408,livres,2.7,sources/Local/AD44_C717_Nantes_Exports_1775.csv,AD44 C717,11,,,,,Marion Merville & Jules Oudot,,,0,,,,,,,,,
314,Local,1775,Nantes,,Isles francoises de l'Amerique,Exports,Bouteilles de verre,,,,,46645,en nombre,0.2,sources/Local/AD44_C717_Nantes_Exports_1775.csv,AD44 C717,11,,,,,Marion Merville & Jules Oudot,,,0,,,,,,,,,
315,Local,1775,Nantes,,Isles francoises de l'Amerique,Exports,Bray gras,,,,,163,baril,24,sources/Local/AD44_C717_Nantes_Exports_1775.csv,AD44 C717,11,,,,,Marion Merville & Jules Oudot,,,0,,,,,,,,,
316,Local,1775,Nantes,,Isles francoises de l'Amerique,Exports,Briques,,,,,38,milliers,17,sources/Local/AD44_C717_Nantes_Exports_1775.csv,AD44 C717,11,,,,,Marion Merville & Jules Oudot,,,0,,,,,,,,,
317,Local,1775,Nantes,,Isles francoises de l'Amerique,Exports,Brouettes,,,,,86,en nombre,12,sources/Local/AD44_C717_Nantes_Exports_1775.csv,AD44 C717,11,,,,,Marion Merville & Jules Oudot,,,0,,,,,,,,,
318,Local,1775,Nantes,,Isles francoises de l'Amerique,Exports,Cabriolets,,,,,2,en nombre,350,sources/Local/AD44_C717_Nantes_Exports_1775.csv,AD44 C717,11,,,,,Marion Merville & Jules Oudot,,,0,,,,,,,,,
319,Local,1775,Nantes,,Isles francoises de l'Amerique,Exports,Carreaux de terre,,,,,1460250,livres,0.02,sources/Local/AD44_C717_Nantes_Exports_1775.csv,AD44 C717,11,,,,,Marion Merville & Jules Oudot,,,0,,,,,,,,,
320,Local,1775,Nantes,,Isles francoises de l'Amerique,Exports,Cartes à jouer,,,,,1781,sixaines,2.7,sources/Local/AD44_C717_Nantes_Exports_1775.csv,AD44 C717,12,,,,,Marion Merville & Jules Oudot,,,0,,,,,,,,,
321,Local,1775,Nantes,,Isles francoises de l'Amerique,Exports,Caraques,,,,,4,en nombre,4,sources/Local/AD44_C717_Nantes_Exports_1775.csv,AD44 C717,12,,,,,Marion Merville & Jules Oudot,,,0,,,,,,,,,
322,Local,1775,Nantes,,Isles francoises de l'Amerique,Exports,Cercles de bois,,,,,25,milliers,62.5,sources/Local/AD44_C717_Nantes_Exports_1775.csv,AD44 C717,12,,,,,Marion Merville & Jules Oudot,,,0,,,,,,,,,
323,Local,1775,Nantes,,Isles francoises de l'Amerique,Exports,Chaises de paille,,,,,155,douzaine,12,sources/Local/AD44_C717_Nantes_Exports_1775.csv,AD44 C717,12,,,,,Marion Merville & Jules Oudot,,,0,,,,,,,,,
324,Local,1775,Nantes,,Isles francoises de l'Amerique,Exports,Chaises de poste,,,400,400,1,pièces,400,sources/Local/AD44_C717_Nantes_Exports_1775.csv,AD44 C717,12,,,,,Marion Merville & Jules Oudot,,,,,,,,,,,,
325,Local,1775,Nantes,,Isles francoises de l'Amerique,Exports,Chandelle,,,,,7818,livres,0.55,sources/Local/AD44_C717_Nantes_Exports_1775.csv,AD44 C717,12,,,,,Marion Merville & Jules Oudot,,,0,,,,,,,,,
326,Local,1775,Nantes,,Isles francoises de l'Amerique,Exports,Chapeaux blancs,,,,,6,douzaine,30,sources/Local/AD44_C717_Nantes_Exports_1775.csv,AD44 C717,12,,,,,Marion Merville & Jules Oudot,,,0,,,,,,,,,
327,Local,1775,Nantes,,Isles francoises de l'Amerique,Exports,Chapeaux Castor,,,,,60,en nombre,15.5,sources/Local/AD44_C717_Nantes_Exports_1775.csv,AD44 C717,12,,,,,Marion Merville & Jules Oudot,,,,,,,,,,,,
328,Local,1775,Nantes,,Isles francoises de l'Amerique,Exports,Chapeaux mi Castor,,,,,123.25,douzaine,84,sources/Local/AD44_C717_Nantes_Exports_1775.csv,AD44 C717,12,,,,,Marion Merville & Jules Oudot,,,0,,,,,,,,,
329,Local,1775,Nantes,,Isles francoises de l'Amerique,Exports,Chapeaux communs,,,,,114,douzaine,50,sources/Local/AD44_C717_Nantes_Exports_1775.csv,AD44 C717,12,,,,,Marion Merville & Jules Oudot,,,0,,,,,,,,,
330,Local,1775,Nantes,,Isles francoises de l'Amerique,Exports,Chapeaux à Negres,,,,,72,douzaine,24,sources/Local/AD44_C717_Nantes_Exports_1775.csv,AD44 C717,12,,,,,Marion Merville & Jules Oudot,,,0,,,,,,,,,
331,Local,1775,Nantes,,Isles francoises de l'Amerique,Exports,Charbon de terre,,,,,1933,barique,7.5,sources/Local/AD44_C717_Nantes_Exports_1775.csv,AD44 C717,12,,,,,Marion Merville & Jules Oudot,,,0,,,,,,,,,
332,Local,1775,Nantes,,Isles francoises de l'Amerique,Exports,Chataignes,,,,,24,,0.75,sources/Local/AD44_C717_Nantes_Exports_1775.csv,AD44 C717,12,,,,,Marion Merville & Jules Oudot,,,0,,,,,,,,,
333,Local,1775,Nantes,,Isles francoises de l'Amerique,Exports,Chaux,,,,,542,barique,3.5,sources/Local/AD44_C717_Nantes_Exports_1775.csv,AD44 C717,12,,,,,Marion Merville & Jules Oudot,,,0,,,,,,,,,
334,Local,1775,Nantes,,Isles francoises de l'Amerique,Exports,Chaudieres argentées,,,,,2,en nombre,40,sources/Local/AD44_C717_Nantes_Exports_1775.csv,AD44 C717,12,,,,,Marion Merville & Jules Oudot,,,0,,,,,,,,,
335,Local,1775,Nantes,,Isles francoises de l'Amerique,Exports,Cheminées de marbre,,,1365,,1,pièce,1365,sources/Local/AD44_C717_Nantes_Exports_1775.csv,AD44 C717,12,,,,,Marion Merville & Jules Oudot,,,,,,,,,,,,
336,Local,1775,Nantes,,Isles francoises de l'Amerique,Exports,Chemises de coton,,,,,60,livres,6,sources/Local/AD44_C717_Nantes_Exports_1775.csv,AD44 C717,12,,,,,Marion Merville & Jules Oudot,,,0,,,,,,,,,
337,Local,1775,Nantes,,Isles francoises de l'Amerique,Exports,Chemises unies,,,,,30,douzaine,60,sources/Local/AD44_C717_Nantes_Exports_1775.csv,AD44 C717,12,,,,,Marion Merville & Jules Oudot,,,0,,,,,,,,,
338,Local,1775,Nantes,,Isles francoises de l'Amerique,Exports,Chemises unies,,,,,272,livres,10,sources/Local/AD44_C717_Nantes_Exports_1775.csv,AD44 C717,12,,,,,Marion Merville & Jules Oudot,,,0,,,,,,,,,
339,Local,1775,Nantes,,Isles francoises de l'Amerique,Exports,Cilindres,,,,,1500,livres,0.3,sources/Local/AD44_C717_Nantes_Exports_1775.csv,AD44 C717,12,,,,,Marion Merville & Jules Oudot,,,0,,,,,,,,,
340,Local,1775,Nantes,,Isles francoises de l'Amerique,Exports,Cloches de fonte,,,,,580,livres,1.5,sources/Local/AD44_C717_Nantes_Exports_1775.csv,AD44 C717,12,,,,,Marion Merville & Jules Oudot,,,0,,,,,,,,,
341,Local,1775,Nantes,,Isles francoises de l'Amerique,Exports,Cloux de fer,,,,,209340,livres,0.3,sources/Local/AD44_C717_Nantes_Exports_1775.csv,AD44 C717,12,,,,,Marion Merville & Jules Oudot,,,0,,,,,,,,,
342,Local,1775,Nantes,,Isles francoises de l'Amerique,Exports,Coliers de cheval,,,,,56,en nombre,20,sources/Local/AD44_C717_Nantes_Exports_1775.csv,AD44 C717,12,,,,,Marion Merville & Jules Oudot,,,0,,,,,,,,,
343,Local,1775,Nantes,,Isles francoises de l'Amerique,Exports,Confitures,,,,,1515,livres,1.2,sources/Local/AD44_C717_Nantes_Exports_1775.csv,AD44 C717,12,,,,,Marion Merville & Jules Oudot,,,0,,,,,,,,,
344,Local,1775,Nantes,,Isles francoises de l'Amerique,Exports,Cordages de chanvre,,,,,151690,livres,0.3,sources/Local/AD44_C717_Nantes_Exports_1775.csv,AD44 C717,12,,,,,Marion Merville & Jules Oudot,,,0,,,,,,,,,
345,Local,1775,Nantes,,Isles francoises de l'Amerique,Exports,Crin,,,,,350,livres,1.2,sources/Local/AD44_C717_Nantes_Exports_1775.csv,AD44 C717,12,,,,,Marion Merville & Jules Oudot,,,0,,,,,,,,,
346,Local,1775,Nantes,,Isles francoises de l'Amerique,Exports,Cuirs de vache tannés,,,,,1960,pièces,22,sources/Local/AD44_C717_Nantes_Exports_1775.csv,AD44 C717,12,,,,,Marion Merville & Jules Oudot,,,0,,,,,,,,,
347,Local,1775,Nantes,,Isles francoises de l'Amerique,Exports,Cuivre en balance,,,168,,1,pièce,168,sources/Local/AD44_C717_Nantes_Exports_1775.csv,AD44 C717,12,,,,,Marion Merville & Jules Oudot,,,,,,,,,,,,
348,Local,1775,Nantes,,Isles francoises de l'Amerique,Exports,Cuivre ouvré,,,,,150,livres,1.75,sources/Local/AD44_C717_Nantes_Exports_1775.csv,AD44 C717,12,,,,,Marion Merville & Jules Oudot,,,0,,,,,,,,,
349,Local,1775,Nantes,,Isles francoises de l'Amerique,Exports,Cuivrerie,,,,,584,livres,1.5,sources/Local/AD44_C717_Nantes_Exports_1775.csv,AD44 C717,12,,,,,Marion Merville & Jules Oudot,,,0,,,,,,,,,
350,Local,1775,Nantes,,Isles francoises de l'Amerique,Exports,Dame jeanne,,,,,2925,en nombre,2.5,sources/Local/AD44_C717_Nantes_Exports_1775.csv,AD44 C717,12,,,,,Marion Merville & Jules Oudot,,,0,,,,,,,,,
351,Local,1775,Nantes,,Isles francoises de l'Amerique,Exports,Dentelle de soye,,,,,2,livres,2.5,sources/Local/AD44_C717_Nantes_Exports_1775.csv,AD44 C717,12,,,,,Marion Merville & Jules Oudot,,,0,,,,,,,,,
352,Local,1775,Nantes,,Isles francoises de l'Amerique,Exports,Drap d'elbeuf,,,,,50,livres,60,sources/Local/AD44_C717_Nantes_Exports_1775.csv,AD44 C717,12,,,,,Marion Merville & Jules Oudot,,,0,,,,,,,,,
353,Local,1775,Nantes,,Isles francoises de l'Amerique,Exports,Drogueries,,,,,1865,livres,5,sources/Local/AD44_C717_Nantes_Exports_1775.csv,AD44 C717,12,,,,,Marion Merville & Jules Oudot,,,0,,,,,,,,,
354,Local,1775,Nantes,,Isles francoises de l'Amerique,Exports,Eau de cologne,,,,,250,livres,2,sources/Local/AD44_C717_Nantes_Exports_1775.csv,AD44 C717,13,,,,,Marion Merville & Jules Oudot,,,0,,,,,,,,,
355,Local,1775,Nantes,,Isles francoises de l'Amerique,Exports,Eau de vie,,,,,4,pièces,270,sources/Local/AD44_C717_Nantes_Exports_1775.csv,AD44 C717,13,,,,,Marion Merville & Jules Oudot,,,0,,,,,,,,,
356,Local,1775,Nantes,,Isles francoises de l'Amerique,Exports,Eau de vie,,,,,102,veltes,4.5,sources/Local/AD44_C717_Nantes_Exports_1775.csv,AD44 C717,13,,,,,Marion Merville & Jules Oudot,,,0,,,,,,,,,
357,Local,1775,Nantes,,Isles francoises de l'Amerique,Exports,Epicerie,,,,,100,livres,2.5,sources/Local/AD44_C717_Nantes_Exports_1775.csv,AD44 C717,13,,,,,Marion Merville & Jules Oudot,,,0,,,,,,,,,
358,Local,1775,Nantes,,Isles francoises de l'Amerique,Exports,Etain ouvré,,,,,575,livres,1,sources/Local/AD44_C717_Nantes_Exports_1775.csv,AD44 C717,13,,,,,Marion Merville & Jules Oudot,,,0,,,,,,,,,
359,Local,1775,Nantes,,Isles francoises de l'Amerique,Exports,Etoffe de soye,,,,,230.75,livres,50,sources/Local/AD44_C717_Nantes_Exports_1775.csv,AD44 C717,13,,,,,Marion Merville & Jules Oudot,,,0,,,,,,,,,
360,Local,1775,Nantes,,Isles francoises de l'Amerique,Exports,Etoupes,,,,,4400,livres,169,sources/Local/AD44_C717_Nantes_Exports_1775.csv,AD44 C717,13,,,,,Marion Merville & Jules Oudot,,,0,,,,,,,,,
361,Local,1775,Nantes,,Isles francoises de l'Amerique,Exports,Farine,,,,,304950,livres,4,sources/Local/AD44_C717_Nantes_Exports_1775.csv,AD44 C717,13,,,,,Marion Merville & Jules Oudot,,,0,,,,,,,,,
362,Local,1775,Nantes,,Isles francoises de l'Amerique,Exports,Fayance,,,,,2542,douzaine,4,sources/Local/AD44_C717_Nantes_Exports_1775.csv,AD44 C717,13,,,,,Marion Merville & Jules Oudot,,,0,,,,,,,,,
363,Local,1775,Nantes,,Isles francoises de l'Amerique,Exports,Fer en ancres,,,,,4500,livres,0.325,sources/Local/AD44_C717_Nantes_Exports_1775.csv,AD44 C717,13,,,,,Marion Merville & Jules Oudot,,,0,,,,,,,,,
364,Local,1775,Nantes,,Isles francoises de l'Amerique,Exports,Fer en barres,,,,,199250,livres,0.2,sources/Local/AD44_C717_Nantes_Exports_1775.csv,AD44 C717,13,,,,,Marion Merville & Jules Oudot,,,0,,,,,,,,,
365,Local,1775,Nantes,,Isles francoises de l'Amerique,Exports,Fer blanc,,,,,660,livres,0.7,sources/Local/AD44_C717_Nantes_Exports_1775.csv,AD44 C717,13,,,,,Marion Merville & Jules Oudot,,,0,,,,,,,,,
366,Local,1775,Nantes,,Isles francoises de l'Amerique,Exports,Fer en bottes,,,,,720,livres,0.25,sources/Local/AD44_C717_Nantes_Exports_1775.csv,AD44 C717,13,,,,,Marion Merville & Jules Oudot,,,0,,,,,,,,,
367,Local,1775,Nantes,,Isles francoises de l'Amerique,Exports,Fer en cercles,,,,,4042,livres,0.3,sources/Local/AD44_C717_Nantes_Exports_1775.csv,AD44 C717,13,,,,,Marion Merville & Jules Oudot,,,0,,,,,,,,,
368,Local,1775,Nantes,,Isles francoises de l'Amerique,Exports,Fer en chaudieres,,,,,6900,livres,0.3,sources/Local/AD44_C717_Nantes_Exports_1775.csv,AD44 C717,13,,,,,Marion Merville & Jules Oudot,,,0,,,,,,,,,
369,Local,1775,Nantes,,Isles francoises de l'Amerique,Exports,Fer coulé,,,,,10090,livres,0.1,sources/Local/AD44_C717_Nantes_Exports_1775.csv,AD44 C717,13,,,,,Marion Merville & Jules Oudot,,,0,,,,,,,,,
370,Local,1775,Nantes,,Isles francoises de l'Amerique,Exports,Fer en essieux,,,,,30244,livres,0.35,sources/Local/AD44_C717_Nantes_Exports_1775.csv,AD44 C717,13,,,,,Marion Merville & Jules Oudot,,,0,,,,,,,,,
371,Local,1775,Nantes,,Isles francoises de l'Amerique,Exports,Fer en ferrures,,,,,700,livres,1.75,sources/Local/AD44_C717_Nantes_Exports_1775.csv,AD44 C717,13,,,,,Marion Merville & Jules Oudot,,,0,,,,,,,,,
372,Local,1775,Nantes,,Isles francoises de l'Amerique,Exports,Fer en fléaux,,,,,500,livres,0.6,sources/Local/AD44_C717_Nantes_Exports_1775.csv,AD44 C717,13,,,,,Marion Merville & Jules Oudot,,,0,,,,,,,,,
373,Local,1775,Nantes,,Isles francoises de l'Amerique,Exports,Fer en grisles,,,,,800,livres,0.25,sources/Local/AD44_C717_Nantes_Exports_1775.csv,AD44 C717,13,,,,,Marion Merville & Jules Oudot,,,0,,,,,,,,,
374,Local,1775,Nantes,,Isles francoises de l'Amerique,Exports,Fer en pivot,,,,,1800,livres,0.5,sources/Local/AD44_C717_Nantes_Exports_1775.csv,AD44 C717,13,,,,,Marion Merville & Jules Oudot,,,0,,,,,,,,,
375,Local,1775,Nantes,,Isles francoises de l'Amerique,Exports,Fer plat,,,,,3000,livres,0.2,sources/Local/AD44_C717_Nantes_Exports_1775.csv,AD44 C717,13,,,,,Marion Merville & Jules Oudot,,,0,,,,,,,,,
376,Local,1775,Nantes,,Isles francoises de l'Amerique,Exports,Fer ferrements,,,,,2940,livres,0.3,sources/Local/AD44_C717_Nantes_Exports_1775.csv,AD44 C717,13,,,,,Marion Merville & Jules Oudot,,,0,,,,,,,,,
377,Local,1775,Nantes,,Isles francoises de l'Amerique,Exports,Feves,,,,,11,tonneaux,150,sources/Local/AD44_C717_Nantes_Exports_1775.csv,AD44 C717,13,,,,,Marion Merville & Jules Oudot,,,0,,,,,,,,,
378,Local,1775,Nantes,,Isles francoises de l'Amerique,Exports,Fil de rennes,,,,,2674,livres,2.25,sources/Local/AD44_C717_Nantes_Exports_1775.csv,AD44 C717,13,,,,,Marion Merville & Jules Oudot,,,0,,,,,,,,,
379,Local,1775,Nantes,,Isles francoises de l'Amerique,Exports,Fil de niké,,,,,150,livres,2.25,sources/Local/AD44_C717_Nantes_Exports_1775.csv,AD44 C717,13,,,,,Marion Merville & Jules Oudot,,,0,,,,,,,,,
380,Local,1775,Nantes,,Isles francoises de l'Amerique,Exports,Fil à voile,,,,,1964,livres,1,sources/Local/AD44_C717_Nantes_Exports_1775.csv,AD44 C717,13,,,,,Marion Merville & Jules Oudot,,,0,,,,,,,,,
381,Local,1775,Nantes,,Isles francoises de l'Amerique,Exports,Fil de leton,,,,,100,livres,1.5,sources/Local/AD44_C717_Nantes_Exports_1775.csv,AD44 C717,13,,,,,Marion Merville & Jules Oudot,,,0,,,,,,,,,
382,Local,1775,Nantes,,Isles francoises de l'Amerique,Exports,Franges de soye,,,,,4,livres,40,sources/Local/AD44_C717_Nantes_Exports_1775.csv,AD44 C717,13,,,,,Marion Merville & Jules Oudot,,,0,,,,,,,,,
383,Local,1775,Nantes,,Isles francoises de l'Amerique,Exports,Fromage de gruyere,,,,,18960,livres,0.45,sources/Local/AD44_C717_Nantes_Exports_1775.csv,AD44 C717,13,,,,,Marion Merville & Jules Oudot,,,0,,,,,,,,,
384,Local,1775,Nantes,,Isles francoises de l'Amerique,Exports,Fromage d'hollande,,,,,8880,livres,0.3,sources/Local/AD44_C717_Nantes_Exports_1775.csv,AD44 C717,13,,,,,Marion Merville & Jules Oudot,,,0,,,,,,,,,
385,Local,1775,Nantes,,Isles francoises de l'Amerique,Exports,Galons d'or,,,,,55,livres,150,sources/Local/AD44_C717_Nantes_Exports_1775.csv,AD44 C717,13,,,,,Marion Merville & Jules Oudot,,,0,,,,,,,,,
386,Local,1775,Nantes,,Isles francoises de l'Amerique,Exports,Gans communs,,,,,209,douzaine,6,sources/Local/AD44_C717_Nantes_Exports_1775.csv,AD44 C717,13,,,,,Marion Merville & Jules Oudot,,,0,,,,,,,,,
387,Local,1775,Nantes,,Isles francoises de l'Amerique,Exports,Gaudron,,,,,172,baril,24,sources/Local/AD44_C717_Nantes_Exports_1775.csv,AD44 C717,13,,,,,Marion Merville & Jules Oudot,,,0,,,,,,,,,
388,Local,1775,Nantes,,Isles francoises de l'Amerique,Exports,Gaze de soye,,,,,45,livres,50,sources/Local/AD44_C717_Nantes_Exports_1775.csv,AD44 C717,13,,,,,Marion Merville & Jules Oudot,,,0,,,,,,,,,
389,Local,1775,Nantes,,Isles francoises de l'Amerique,Exports,Gilets à negres,,,,,150,en nombre,3,sources/Local/AD44_C717_Nantes_Exports_1775.csv,AD44 C717,14,,,,,Marion Merville & Jules Oudot,,,0,,,,,,,,,
390,Local,1775,Nantes,,Isles francoises de l'Amerique,Exports,Graine de jardin,,,,,1152,livres,1,sources/Local/AD44_C717_Nantes_Exports_1775.csv,AD44 C717,14,,,,,Marion Merville & Jules Oudot,,,0,,,,,,,,,
391,Local,1775,Nantes,,Isles francoises de l'Amerique,Exports,Guinée,,,,,28,piece,25,sources/Local/AD44_C717_Nantes_Exports_1775.csv,AD44 C717,14,,,,,Marion Merville & Jules Oudot,,,0,,,,,,,,,
392,Local,1775,Nantes,,Isles francoises de l'Amerique,Exports,Guinguan,,,,,480,livres,10,sources/Local/AD44_C717_Nantes_Exports_1775.csv,AD44 C717,14,,,,,Marion Merville & Jules Oudot,,,0,,,,,,,,,
393,Local,1775,Nantes,,Isles francoises de l'Amerique,Exports,Habillements,,,2985,,,,,sources/Local/AD44_C717_Nantes_Exports_1775.csv,AD44 C717,14,,,,,Marion Merville & Jules Oudot,,,,,,,,,,,,
394,Local,1775,Nantes,,Isles francoises de l'Amerique,Exports,"Haches, houes et serpes",,,,,2158,en nombre,0.25,sources/Local/AD44_C717_Nantes_Exports_1775.csv,AD44 C717,14,,,,,Marion Merville & Jules Oudot,,,0,,,,,,,,,
395,Local,1775,Nantes,,Isles francoises de l'Amerique,Exports,Harangs blancs,,,,,6,baril,25,sources/Local/AD44_C717_Nantes_Exports_1775.csv,AD44 C717,14,,,,,Marion Merville & Jules Oudot,,,0,,,,,,,,,
396,Local,1775,Nantes,,Isles francoises de l'Amerique,Exports,Harnois,,,2000,,,,2000,sources/Local/AD44_C717_Nantes_Exports_1775.csv,AD44 C717,14,,,,,Marion Merville & Jules Oudot,,,,,,,,,,,,
397,Local,1775,Nantes,,Isles francoises de l'Amerique,Exports,Pendulles,,,,,4,pièces,150,sources/Local/AD44_C717_Nantes_Exports_1775.csv,AD44 C717,14,,,,,Marion Merville & Jules Oudot,,,0,,,,,,,,,
398,Local,1775,Nantes,,Isles francoises de l'Amerique,Exports,Huile de graine,,,,,30070,livres,0.35,sources/Local/AD44_C717_Nantes_Exports_1775.csv,AD44 C717,14,,,,,Marion Merville & Jules Oudot,,,0,,,,,,,,,
399,Local,1775,Nantes,,Isles francoises de l'Amerique,Exports,Huile de noix,,,,,2153,livres,0.3,sources/Local/AD44_C717_Nantes_Exports_1775.csv,AD44 C717,14,,,,,Marion Merville & Jules Oudot,,,0,,,,,,,,,
400,Local,1775,Nantes,,Isles francoises de l'Amerique,Exports,Huile d'olive,,,,,44885,livres,0.8,sources/Local/AD44_C717_Nantes_Exports_1775.csv,AD44 C717,14,,,,,Marion Merville & Jules Oudot,,,0,,,,,,,,,
401,Local,1775,Nantes,,Isles francoises de l'Amerique,Exports,Huile de poisson,,,,,2640,livres,0.25,sources/Local/AD44_C717_Nantes_Exports_1775.csv,AD44 C717,14,,,,,Marion Merville & Jules Oudot,,,0,,,,,,,,,
402,Local,1775,Nantes,,Isles francoises de l'Amerique,Exports,Jambons,,,,,10075,livres,12,sources/Local/AD44_C717_Nantes_Exports_1775.csv,AD44 C717,14,,,,,Marion Merville & Jules Oudot,,,0,,,,,,,,,
403,Local,1775,Nantes,,Isles francoises de l'Amerique,Exports,Indienne,,,,,1848,livres,5,sources/Local/AD44_C717_Nantes_Exports_1775.csv,AD44 C717,14,,,,,Marion Merville & Jules Oudot,,,0,,,,,,,,,
404,Local,1775,Nantes,,Isles francoises de l'Amerique,Exports,Langues salées,,,,,44,baril,20,sources/Local/AD44_C717_Nantes_Exports_1775.csv,AD44 C717,14,,,,,Marion Merville & Jules Oudot,,,0,,,,,,,,,
405,Local,1775,Nantes,,Isles francoises de l'Amerique,Exports,Lard,,,,,283,ancres,15,sources/Local/AD44_C717_Nantes_Exports_1775.csv,AD44 C717,14,,,,,Marion Merville & Jules Oudot,,,0,,,,,,,,,
406,Local,1775,Nantes,,Isles francoises de l'Amerique,Exports,Lard,,,,,19900,livres,0.3,sources/Local/AD44_C717_Nantes_Exports_1775.csv,AD44 C717,14,,,,,Marion Merville & Jules Oudot,,,0,,,,,,,,,
407,Local,1775,Nantes,,Isles francoises de l'Amerique,Exports,Lattes,,,,,10,milliers,26,sources/Local/AD44_C717_Nantes_Exports_1775.csv,AD44 C717,14,,,,,Marion Merville & Jules Oudot,,,0,,,,,,,,,
408,Local,1775,Nantes,,Isles francoises de l'Amerique,Exports,Lattes,,,,,280,paquets,2.6,sources/Local/AD44_C717_Nantes_Exports_1775.csv,AD44 C717,14,,,,,Marion Merville & Jules Oudot,,,0,,,,,,,,,
409,Local,1775,Nantes,,Isles francoises de l'Amerique,Exports,Lignes à pêcheur,,,,,3,bariques,170,sources/Local/AD44_C717_Nantes_Exports_1775.csv,AD44 C717,14,,,,,Marion Merville & Jules Oudot,,,0,,,,,,,,,
410,Local,1775,Nantes,,Isles francoises de l'Amerique,Exports,Lignes à pêcheur,,,,,250,livres,170,sources/Local/AD44_C717_Nantes_Exports_1775.csv,AD44 C717,14,,,,,Marion Merville & Jules Oudot,,,0,,,,,,,,,
411,Local,1775,Nantes,,Isles francoises de l'Amerique,Exports,Liqueurs,,,,,1695,bouteille,3,sources/Local/AD44_C717_Nantes_Exports_1775.csv,AD44 C717,14,,,,,Marion Merville & Jules Oudot,,,0,,,,,,,,,
412,Local,1775,Nantes,,Isles francoises de l'Amerique,Exports,Marbre,,,200,,,,,sources/Local/AD44_C717_Nantes_Exports_1775.csv,AD44 C717,14,,,,,Marion Merville & Jules Oudot,,,,,,,,,,,,
413,Local,1775,Nantes,,Isles francoises de l'Amerique,Exports,Marchandises meslées,,,5881,,,,,sources/Local/AD44_C717_Nantes_Exports_1775.csv,AD44 C717,14,,,,,Marion Merville & Jules Oudot,,,,,,,,,,,,
414,Local,1775,Nantes,,Isles francoises de l'Amerique,Exports,Marchandises de modes,,,,,,livres,30,sources/Local/AD44_C717_Nantes_Exports_1775.csv,AD44 C717,14,,,,,Marion Merville & Jules Oudot,,,0,,,,,,,,,
415,Local,1775,Nantes,,Isles francoises de l'Amerique,Exports,Marchandises de modes,,,9550,,,,,sources/Local/AD44_C717_Nantes_Exports_1775.csv,AD44 C717,14,,,,,Marion Merville & Jules Oudot,,,0,,,,,,,,,
416,Local,1775,Nantes,,Isles francoises de l'Amerique,Exports,Médicaments,,,1155,,,,,sources/Local/AD44_C717_Nantes_Exports_1775.csv,AD44 C717,14,,,,,Marion Merville & Jules Oudot,,,,,,,,,,,,
417,Local,1775,Nantes,,Isles francoises de l'Amerique,Exports,Meubles,,,6924,,,,,sources/Local/AD44_C717_Nantes_Exports_1775.csv,AD44 C717,14,,,,,Marion Merville & Jules Oudot,,,,,,,,,,,,
418,Local,1775,Nantes,,Isles francoises de l'Amerique,Exports,Moulins à caffé,,,,,54,en nombre,4,sources/Local/AD44_C717_Nantes_Exports_1775.csv,AD44 C717,14,,,,,Marion Merville & Jules Oudot,,,0,,,,,,,,,
419,Local,1775,Nantes,,Isles francoises de l'Amerique,Exports,Moulins à sucre,,,,,31760,livres,0.5,sources/Local/AD44_C717_Nantes_Exports_1775.csv,AD44 C717,14,,,,,Marion Merville & Jules Oudot,,,0,,,,,,,,,
420,Local,1775,Nantes,,Isles francoises de l'Amerique,Exports,Moulins à sucre,,,,,5,en nombre,2500,sources/Local/AD44_C717_Nantes_Exports_1775.csv,AD44 C717,14,,,,,Marion Merville & Jules Oudot,,,0,,,,,,,,,
421,Local,1775,Nantes,,Isles francoises de l'Amerique,Exports,Ocre,,,,,13,barique,14,sources/Local/AD44_C717_Nantes_Exports_1775.csv,AD44 C717,14,,,,,Marion Merville & Jules Oudot,,,0,,,,,,,,,
422,Local,1775,Nantes,,Isles francoises de l'Amerique,Exports,Ozier,,,,,6265,torches,0.25,sources/Local/AD44_C717_Nantes_Exports_1775.csv,AD44 C717,14,,,,,Marion Merville & Jules Oudot,,,0,,,,,,,,,
423,Local,1775,Nantes,,Isles francoises de l'Amerique,Exports,Baume de soye,,,,,45,livres,8,sources/Local/AD44_C717_Nantes_Exports_1775.csv,AD44 C717,15,,,,,Marion Merville & Jules Oudot,,,0,,,,,,,,,
424,Local,1775,Nantes,,Isles francoises de l'Amerique,Exports,Papiers blanc,,,,,790,livres,1.5,sources/Local/AD44_C717_Nantes_Exports_1775.csv,AD44 C717,15,,,,,Marion Merville & Jules Oudot,,,0,,,,,,,,,
425,Local,1775,Nantes,,Isles francoises de l'Amerique,Exports,Papiers bleu,,,,,260,livres,0.55,sources/Local/AD44_C717_Nantes_Exports_1775.csv,AD44 C717,15,,,,,Marion Merville & Jules Oudot,,,0,,,,,,,,,
426,Local,1775,Nantes,,Isles francoises de l'Amerique,Exports,Parasols,,,160,,,,,sources/Local/AD44_C717_Nantes_Exports_1775.csv,AD44 C717,15,,,,,Marion Merville & Jules Oudot,,,,,,,,,,,,
427,Local,1775,Nantes,,Isles francoises de l'Amerique,Exports,Peaux de veau corroyées,,,,,1130,livres,1.5,sources/Local/AD44_C717_Nantes_Exports_1775.csv,AD44 C717,15,,,,,Marion Merville & Jules Oudot,,,0,,,,,,,,,
428,Local,1775,Nantes,,Isles francoises de l'Amerique,Exports,Peaux de veau corroyées,,,,,80,douzaines,45,sources/Local/AD44_C717_Nantes_Exports_1775.csv,AD44 C717,15,,,,,Marion Merville & Jules Oudot,,,0,,,,,,,,,
429,Local,1775,Nantes,,Isles francoises de l'Amerique,Exports,Peintures,,,,,2780,livres,0.4,sources/Local/AD44_C717_Nantes_Exports_1775.csv,AD44 C717,15,,,,,Marion Merville & Jules Oudot,,,0,,,,,,,,,
430,Local,1775,Nantes,,Isles francoises de l'Amerique,Exports,Pierres à fusil,,,,,8600,livres,0.05,sources/Local/AD44_C717_Nantes_Exports_1775.csv,AD44 C717,15,,,,,Marion Merville & Jules Oudot,,,0,,,,,,,,,
431,Local,1775,Nantes,,Isles francoises de l'Amerique,Exports,Planches de sapin,,,,,15413,en nombre,0.9,sources/Local/AD44_C717_Nantes_Exports_1775.csv,AD44 C717,15,,,,,Marion Merville & Jules Oudot,,,0,,,,,,,,,
432,Local,1775,Nantes,,Isles francoises de l'Amerique,Exports,Plâtre,,,,,2,barique,10,sources/Local/AD44_C717_Nantes_Exports_1775.csv,AD44 C717,15,,,,,Marion Merville & Jules Oudot,,,0,,,,,,,,,
433,Local,1775,Nantes,,Isles francoises de l'Amerique,Exports,Plomb en grenaille,,,,,1000,livres,0.3,sources/Local/AD44_C717_Nantes_Exports_1775.csv,AD44 C717,15,,,,,Marion Merville & Jules Oudot,,,0,,,,,,,,,
434,Local,1775,Nantes,,Isles francoises de l'Amerique,Exports,Plomb en rouleaux,,,,,2692,livres,0.25,sources/Local/AD44_C717_Nantes_Exports_1775.csv,AD44 C717,15,,,,,Marion Merville & Jules Oudot,,,0,,,,,,,,,
435,Local,1775,Nantes,,Isles francoises de l'Amerique,Exports,Plomb en saumon,,,,,5900,livres,0.2,sources/Local/AD44_C717_Nantes_Exports_1775.csv,AD44 C717,15,,,,,Marion Merville & Jules Oudot,,,0,,,,,,,,,
436,Local,1775,Nantes,,Isles francoises de l'Amerique,Exports,Porc salé,,,,,11100,livres,0.3,sources/Local/AD44_C717_Nantes_Exports_1775.csv,AD44 C717,15,,,,,Marion Merville & Jules Oudot,,,0,,,,,,,,,
437,Local,1775,Nantes,,Isles francoises de l'Amerique,Exports,Poivre,,,,,60,livres,1.25,sources/Local/AD44_C717_Nantes_Exports_1775.csv,AD44 C717,15,,,,,Marion Merville & Jules Oudot,,,0,,,,,,,,,
438,Local,1775,Nantes,,Isles francoises de l'Amerique,Exports,Porcelaine,,,,,2249,livres,1,sources/Local/AD44_C717_Nantes_Exports_1775.csv,AD44 C717,15,,,,,Marion Merville & Jules Oudot,,,0,,,,,,,,,
439,Local,1775,Nantes,,Isles francoises de l'Amerique,Exports,Portraits de famille,,,,,7,en nombre,60,sources/Local/AD44_C717_Nantes_Exports_1775.csv,AD44 C717,15,,,,,Marion Merville & Jules Oudot,,,0,,,,,,,,,
440,Local,1775,Nantes,,Isles francoises de l'Amerique,Exports,Pots en forme à sucre,,,,,27683,en nombre,2,sources/Local/AD44_C717_Nantes_Exports_1775.csv,AD44 C717,15,,,,,Marion Merville & Jules Oudot,,,0,,,,,,,,,
441,Local,1775,Nantes,,Isles francoises de l'Amerique,Exports,Pots en forme à sucre,,,,,10800,livres,0.1,sources/Local/AD44_C717_Nantes_Exports_1775.csv,AD44 C717,15,,,,,Marion Merville & Jules Oudot,,,0,,,,,,,,,
442,Local,1775,Nantes,,Isles francoises de l'Amerique,Exports,Potterie de terre,,,,,462,barbançons,1.25,sources/Local/AD44_C717_Nantes_Exports_1775.csv,AD44 C717,15,,,,,Marion Merville & Jules Oudot,,,0,,,,,,,,,
443,Local,1775,Nantes,,Isles francoises de l'Amerique,Exports,Poudre à poudrer,,,,,6990,livres,0.35,sources/Local/AD44_C717_Nantes_Exports_1775.csv,AD44 C717,15,,,,,Marion Merville & Jules Oudot,,,0,,,,,,,,,
444,Local,1775,Nantes,,Isles francoises de l'Amerique,Exports,Pruneaux,,,,,550,livres,0.2,sources/Local/AD44_C717_Nantes_Exports_1775.csv,AD44 C717,15,,,,,Marion Merville & Jules Oudot,,,0,,,,,,,,,
445,Local,1775,Nantes,,Isles francoises de l'Amerique,Exports,Quincaille et mercerie,,,,,30798,livres,2,sources/Local/AD44_C717_Nantes_Exports_1775.csv,AD44 C717,15,,,,,Marion Merville & Jules Oudot,,,0,,,,,,,,,
446,Local,1775,Nantes,,Isles francoises de l'Amerique,Exports,Ris,,,,,5100,livres,0.2,sources/Local/AD44_C717_Nantes_Exports_1775.csv,AD44 C717,15,,,,,Marion Merville & Jules Oudot,,,0,,,,,,,,,
447,Local,1775,Nantes,,Isles francoises de l'Amerique,Exports,Roües diverses,,,,,166,piece,60,sources/Local/AD44_C717_Nantes_Exports_1775.csv,AD44 C717,15,,,,,Marion Merville & Jules Oudot,,,0,,,,,,,,,
448,Local,1775,Nantes,,Isles francoises de l'Amerique,Exports,Sacs vuides,,,,,4825,en nombre,1,sources/Local/AD44_C717_Nantes_Exports_1775.csv,AD44 C717,15,,,,,Marion Merville & Jules Oudot,,,0,,,,,,,,,
449,Local,1775,Nantes,,Isles francoises de l'Amerique,Exports,Sacs vuides,,,,,900,livres,1,sources/Local/AD44_C717_Nantes_Exports_1775.csv,AD44 C717,15,,,,,Marion Merville & Jules Oudot,,,0,,,,,,,,,
450,Local,1775,Nantes,,Isles francoises de l'Amerique,Exports,Salsepareille,,,,,300,livres,3.5,sources/Local/AD44_C717_Nantes_Exports_1775.csv,AD44 C717,15,,,,,Marion Merville & Jules Oudot,,,0,,,,,,,,,
451,Local,1775,Nantes,,Isles francoises de l'Amerique,Exports,Sardines Salées,,,,,68.5,baril,40,sources/Local/AD44_C717_Nantes_Exports_1775.csv,AD44 C717,15,,,,,Marion Merville & Jules Oudot,,,0,,,,,,,,,
452,Local,1775,Nantes,,Isles francoises de l'Amerique,Exports,Savon,,,,,560,livres,0.45,sources/Local/AD44_C717_Nantes_Exports_1775.csv,AD44 C717,15,,,,,Marion Merville & Jules Oudot,,,0,,,,,,,,,
453,Local,1775,Nantes,,Isles francoises de l'Amerique,Exports,Sel,,,,,6,muids,84,sources/Local/AD44_C717_Nantes_Exports_1775.csv,AD44 C717,15,,,,,Marion Merville & Jules Oudot,,,0,,,,,,,,,
454,Local,1775,Nantes,,Isles francoises de l'Amerique,Exports,Sel,,,,,48,bariques,13,sources/Local/AD44_C717_Nantes_Exports_1775.csv,AD44 C717,15,,,,,Marion Merville & Jules Oudot,,,0,,,,,,,,,
455,Local,1775,Nantes,,Isles francoises de l'Amerique,Exports,Selles de cheval,,,,,97,en nombre,25,sources/Local/AD44_C717_Nantes_Exports_1775.csv,AD44 C717,15,,,,,Marion Merville & Jules Oudot,,,0,,,,,,,,,
456,Local,1775,Nantes,,Isles francoises de l'Amerique,Exports,Sené,,,,,800,livres,1.4,sources/Local/AD44_C717_Nantes_Exports_1775.csv,AD44 C717,15,,,,,Marion Merville & Jules Oudot,,,0,,,,,,,,,
457,Local,1775,Nantes,,Isles francoises de l'Amerique,Exports,Sennes à pêcher,,,,,24,en nombre,60,sources/Local/AD44_C717_Nantes_Exports_1775.csv,AD44 C717,15,,,,,Marion Merville & Jules Oudot,,,0,,,,,,,,,
458,Local,1775,Nantes,,Isles francoises de l'Amerique,Exports,Seringues d'étain,,,,,3,douzaine,42,sources/Local/AD44_C717_Nantes_Exports_1775.csv,AD44 C717,16,,,,,Marion Merville & Jules Oudot,,,0,,,,,,,,,
459,Local,1775,Nantes,,Isles francoises de l'Amerique,Exports,Services de cabaret,,,,,2,en nombre,25,sources/Local/AD44_C717_Nantes_Exports_1775.csv,AD44 C717,16,,,,,Marion Merville & Jules Oudot,,,0,,,,,,,,,
460,Local,1775,Nantes,,Isles francoises de l'Amerique,Exports,Souliers,,,,,4212,piece,3.5,sources/Local/AD44_C717_Nantes_Exports_1775.csv,AD44 C717,16,,,,,Marion Merville & Jules Oudot,,,,,,,,,,,,
461,Local,1775,Nantes,,Isles francoises de l'Amerique,Exports,Sucre en pain,,,,,900,livres,0.68,sources/Local/AD44_C717_Nantes_Exports_1775.csv,AD44 C717,16,,,,,Marion Merville & Jules Oudot,,,0,,,,,,,,,
462,Local,1775,Nantes,,Isles francoises de l'Amerique,Exports,Suif,,,,,4940,livres,0.45,sources/Local/AD44_C717_Nantes_Exports_1775.csv,AD44 C717,16,,,,,Marion Merville & Jules Oudot,,,0,,,,,,,,,
463,Local,1775,Nantes,,Isles francoises de l'Amerique,Exports,Tabac de la ferme,,,,,400,livres,3.5,sources/Local/AD44_C717_Nantes_Exports_1775.csv,AD44 C717,16,,,,,Marion Merville & Jules Oudot,,,0,,,,,,,,,
464,Local,1775,Nantes,,Isles francoises de l'Amerique,Exports,Tapisserie,,,,,300,livres,4,sources/Local/AD44_C717_Nantes_Exports_1775.csv,AD44 C717,16,,,,,Marion Merville & Jules Oudot,,,0,,,,,,,,,
465,Local,1775,Nantes,,Isles francoises de l'Amerique,Exports,Toile bazin,,,,,178,livres,12,sources/Local/AD44_C717_Nantes_Exports_1775.csv,AD44 C717,16,,,,,Marion Merville & Jules Oudot,,,0,,,,,,,,,
466,Local,1775,Nantes,,Isles francoises de l'Amerique,Exports,Toile bleue à carreau,,,,,1123,livres,1,sources/Local/AD44_C717_Nantes_Exports_1775.csv,AD44 C717,16,,,,,Marion Merville & Jules Oudot,,,0,,,,,,,,,
467,Local,1775,Nantes,,Isles francoises de l'Amerique,Exports,Cholet,,,,,178055,livres,3.75,sources/Local/AD44_C717_Nantes_Exports_1775.csv,AD44 C717,16,,,,,Marion Merville & Jules Oudot,,,0,,,,,,,,,
468,Local,1775,Nantes,,Isles francoises de l'Amerique,Exports,Coutil,,,,,6750,livres,2.25,sources/Local/AD44_C717_Nantes_Exports_1775.csv,AD44 C717,16,,,,,Marion Merville & Jules Oudot,,,0,,,,,,,,,
469,Local,1775,Nantes,,Isles francoises de l'Amerique,Exports,Toile diverses,,,,,150,livres,1,sources/Local/AD44_C717_Nantes_Exports_1775.csv,AD44 C717,16,,,,,Marion Merville & Jules Oudot,,,0,,,,,,,,,
470,Local,1775,Nantes,,Isles francoises de l'Amerique,Exports,Toile de linge de table,,,,,2945,livres,1.5,sources/Local/AD44_C717_Nantes_Exports_1775.csv,AD44 C717,16,,,,,Marion Merville & Jules Oudot,,,0,,,,,,,,,
471,Local,1775,Nantes,,Isles francoises de l'Amerique,Exports,Serviettes,,,,,18,douzaines,20,sources/Local/AD44_C717_Nantes_Exports_1775.csv,AD44 C717,16,,,,,Marion Merville & Jules Oudot,,,0,,,,,,,,,
472,Local,1775,Nantes,,Isles francoises de l'Amerique,Exports,Tussaux,,,,,57280,en nombre,0.25,sources/Local/AD44_C717_Nantes_Exports_1775.csv,AD44 C717,16,,,,,Marion Merville & Jules Oudot,,,0,,,,,,,,,
473,Local,1775,Nantes,,Isles francoises de l'Amerique,Exports,Tuiles,,,,,445500,en nombre,0.05,sources/Local/AD44_C717_Nantes_Exports_1775.csv,AD44 C717,16,,,,,Marion Merville & Jules Oudot,,,0,,,,,,,,,
474,Local,1775,Nantes,,Isles francoises de l'Amerique,Exports,Verres communs,,,,,22990,livres,1,sources/Local/AD44_C717_Nantes_Exports_1775.csv,AD44 C717,16,,,,,Marion Merville & Jules Oudot,,,0,,,,,,,,,
475,Local,1775,Nantes,,Isles francoises de l'Amerique,Exports,Vin de bergerac,,,,,43,barique,60,sources/Local/AD44_C717_Nantes_Exports_1775.csv,AD44 C717,16,,,,,Marion Merville & Jules Oudot,,,0,,,,,,,,,
476,Local,1775,Nantes,,Isles francoises de l'Amerique,Exports,Vin de bordeaux,,,,,270,barique,75,sources/Local/AD44_C717_Nantes_Exports_1775.csv,AD44 C717,16,,,,,Marion Merville & Jules Oudot,,,0,,,,,,,,,
477,Local,1775,Nantes,,Isles francoises de l'Amerique,Exports,Vin de ville,,,,,57,barique,100,sources/Local/AD44_C717_Nantes_Exports_1775.csv,AD44 C717,16,,,,,Marion Merville & Jules Oudot,,,0,,,,,,,,,
478,Local,1775,Nantes,,Isles francoises de l'Amerique,Exports,Vin de bourgogne,,,,,3,barique,240,sources/Local/AD44_C717_Nantes_Exports_1775.csv,AD44 C717,16,,,,,Marion Merville & Jules Oudot,,,0,,,,,,,,,
479,Local,1775,Nantes,,Isles francoises de l'Amerique,Exports,Vin de malaga,,,,,500,bouteille,1.2,sources/Local/AD44_C717_Nantes_Exports_1775.csv,AD44 C717,16,,,,,Marion Merville & Jules Oudot,,,0,,,,,,,,,
480,Local,1775,Nantes,,Isles francoises de l'Amerique,Exports,Vin de gaillac,,,,,3,barique,65,sources/Local/AD44_C717_Nantes_Exports_1775.csv,AD44 C717,16,,,,,Marion Merville & Jules Oudot,,,0,,,,,,,,,
481,Local,1775,Nantes,,Isles francoises de l'Amerique,Exports,Vin de liqueur,,,,,200,bouteille,1.5,sources/Local/AD44_C717_Nantes_Exports_1775.csv,AD44 C717,16,,,,,Marion Merville & Jules Oudot,,,0,,,,,,,,,
482,Local,1775,Nantes,,Isles francoises de l'Amerique,Exports,Vin nantois,,,,,307,barique,24,sources/Local/AD44_C717_Nantes_Exports_1775.csv,AD44 C717,16,,,,,Marion Merville & Jules Oudot,,,0,,,,,,,,,
483,Local,1775,Nantes,,Isles francoises de l'Amerique,Exports,Vin de sainte foi,,,,,10,bariques,70,sources/Local/AD44_C717_Nantes_Exports_1775.csv,AD44 C717,16,,,,,Marion Merville & Jules Oudot,,,0,,,,,,,,,
484,Local,1775,Nantes,,Isles francoises de l'Amerique,Exports,Vin de sainte foi,,,,,3,tierçons,50,sources/Local/AD44_C717_Nantes_Exports_1775.csv,AD44 C717,16,,,,,Marion Merville & Jules Oudot,,,0,,,,,,,,,
485,Local,1775,Nantes,,Isles francoises de l'Amerique,Exports,Vin de sainte foi,,,,,210,bouteilles,0.25,sources/Local/AD44_C717_Nantes_Exports_1775.csv,AD44 C717,16,,,,,Marion Merville & Jules Oudot,,,0,,,,,,,,,
486,Local,1775,Nantes,,Isles francoises de l'Amerique,Exports,Vinaigre,,,,,31,quarts,25,sources/Local/AD44_C717_Nantes_Exports_1775.csv,AD44 C717,16,,,,,Marion Merville & Jules Oudot,,,0,,,,,,,,,
487,Local,1775,Nantes,,Guinée,Exports,Abassis,,,,,90,piece,60,sources/Local/AD44_C717_Nantes_Exports_1775.csv,AD44 C717,16,,,,,Marion Merville & Jules Oudot,,,0,,,,,,,,,
488,Local,1775,Nantes,,Guinée,Exports,Acier,,,,,5000,livres,0.35,sources/Local/AD44_C717_Nantes_Exports_1775.csv,AD44 C717,16,,,,,Marion Merville & Jules Oudot,,,0,,,,,,,,,
489,Local,1775,Nantes,,Guinée,Exports,Agathe,,,,,8,livres,10,sources/Local/AD44_C717_Nantes_Exports_1775.csv,AD44 C717,16,,,,,Marion Merville & Jules Oudot,,,0,,,,,,,,,
490,Local,1775,Nantes,,Guinée,Exports,Anisette,,,,,1,tierçon,150,sources/Local/AD44_C717_Nantes_Exports_1775.csv,AD44 C717,16,,,,,Marion Merville & Jules Oudot,,,0,,,,,,,,,
491,Local,1775,Nantes,,Guinée,Exports,Anisette,,,,,144,pots,3,sources/Local/AD44_C717_Nantes_Exports_1775.csv,AD44 C717,16,,,,,Marion Merville & Jules Oudot,,,0,,,,,,,,,
492,Local,1775,Nantes,,Guinée,Exports,Armes blanches,,,,,4375,livres,2,sources/Local/AD44_C717_Nantes_Exports_1775.csv,AD44 C717,17,,,,,Marion Merville & Jules Oudot,,,0,,,,,,,,,
493,Local,1775,Nantes,,Guinée,Exports,Armes à feu,,,,,68935,livres,1,sources/Local/AD44_C717_Nantes_Exports_1775.csv,AD44 C717,17,,,,,Marion Merville & Jules Oudot,,,0,,,,,,,,,
494,Local,1775,Nantes,,Guinée,Exports,Baffetas,,,,,100,piece,19,sources/Local/AD44_C717_Nantes_Exports_1775.csv,AD44 C717,17,,,,,Marion Merville & Jules Oudot,,,0,,,,,,,,,
495,Local,1775,Nantes,,Guinée,Exports,Baguettes,,,,,15,piece,18,sources/Local/AD44_C717_Nantes_Exports_1775.csv,AD44 C717,17,,,,,Marion Merville & Jules Oudot,,,0,,,,,,,,,
496,Local,1775,Nantes,,Guinée,Exports,Bajutapeaux,,,,,1586,piece,20,sources/Local/AD44_C717_Nantes_Exports_1775.csv,AD44 C717,17,,,,,Marion Merville & Jules Oudot,,,0,,,,,,,,,
497,Local,1775,Nantes,,Guinée,Exports,Betilles,,,,,3,piece,33,sources/Local/AD44_C717_Nantes_Exports_1775.csv,AD44 C717,17,,,,,Marion Merville & Jules Oudot,,,0,,,,,,,,,
498,Local,1775,Nantes,,Guinée,Exports,Beuf salé,,,,,421,baril,40,sources/Local/AD44_C717_Nantes_Exports_1775.csv,AD44 C717,17,,,,,Marion Merville & Jules Oudot,,,0,,,,,,,,,
499,Local,1775,Nantes,,Guinée,Exports,Beurre,,,,,4909,livres,0.5,sources/Local/AD44_C717_Nantes_Exports_1775.csv,AD44 C717,17,,,,,Marion Merville & Jules Oudot,,,0,,,,,,,,,
500,Local,1775,Nantes,,Guinée,Exports,Bierre,,,,,7,barique,25,sources/Local/AD44_C717_Nantes_Exports_1775.csv,AD44 C717,17,,,,,Marion Merville & Jules Oudot,,,0,,,,,,,,,
501,Local,1775,Nantes,,Guinée,Exports,Boëslans,,,,,469,piece,7.5,sources/Local/AD44_C717_Nantes_Exports_1775.csv,AD44 C717,17,,,,,Marion Merville & Jules Oudot,,,0,,,,,,,,,
502,Local,1775,Nantes,,Guinée,Exports,Cables,,,,,2000,livres,0.3,sources/Local/AD44_C717_Nantes_Exports_1775.csv,AD44 C717,17,,,,,Marion Merville & Jules Oudot,,,0,,,,,,,,,
503,Local,1775,Nantes,,Guinée,Exports,Cadenate,,,,,1100,livres,1.5,sources/Local/AD44_C717_Nantes_Exports_1775.csv,AD44 C717,17,,,,,Marion Merville & Jules Oudot,,,0,,,,,,,,,
504,Local,1775,Nantes,,Guinée,Exports,Caffé des isles,,,,,478,livres,0.85,sources/Local/AD44_C717_Nantes_Exports_1775.csv,AD44 C717,17,,,,,Marion Merville & Jules Oudot,,,0,,,,,,,,,
505,Local,1775,Nantes,,Guinée,Exports,Canefice,,,,,3,en nombre,90,sources/Local/AD44_C717_Nantes_Exports_1775.csv,AD44 C717,17,,,,,Marion Merville & Jules Oudot,,,0,,,,,,,,,
506,Local,1775,Nantes,,Guinée,Exports,Canettes de grez,,,,,2050,en nombre,0.5,sources/Local/AD44_C717_Nantes_Exports_1775.csv,AD44 C717,17,,,,,Marion Merville & Jules Oudot,,,0,,,,,,,,,
507,Local,1775,Nantes,,Guinée,Exports,Canons de fer,,,,,2,en nombre,300,sources/Local/AD44_C717_Nantes_Exports_1775.csv,AD44 C717,17,,,,,Marion Merville & Jules Oudot,,,0,,,,,,,,,
508,Local,1775,Nantes,,Guinée,Exports,Caves de 6 flacons,,,,,4677,en nombre,6,sources/Local/AD44_C717_Nantes_Exports_1775.csv,AD44 C717,17,,,,,Marion Merville & Jules Oudot,,,0,,,,,,,,,
509,Local,1775,Nantes,,Guinée,Exports,Cauris,,,,,98780,livres,1.25,sources/Local/AD44_C717_Nantes_Exports_1775.csv,AD44 C717,17,,,,,Marion Merville & Jules Oudot,,,0,,,,,,,,,
510,Local,1775,Nantes,,Guinée,Exports,Cercles de bois,,,,,148,en nombre,0.0625,sources/Local/AD44_C717_Nantes_Exports_1775.csv,AD44 C717,17,,,,,Marion Merville & Jules Oudot,,,0,,,,,,,,,
511,Local,1775,Nantes,,Guinée,Exports,Chapeaux mi Castor,,,,,16,douzaine,72,sources/Local/AD44_C717_Nantes_Exports_1775.csv,AD44 C717,17,,,,,Marion Merville & Jules Oudot,,,0,,,,,,,,,
512,Local,1775,Nantes,,Guinée,Exports,Chapeaux communs,,,,,30,douzaine,50,sources/Local/AD44_C717_Nantes_Exports_1775.csv,AD44 C717,17,,,,,Marion Merville & Jules Oudot,,,0,,,,,,,,,
513,Local,1775,Nantes,,Guinée,Exports,Chapeaux à negres,,,,,1064,douzaine,24,sources/Local/AD44_C717_Nantes_Exports_1775.csv,AD44 C717,17,,,,,Marion Merville & Jules Oudot,,,0,,,,,,,,,
514,Local,1775,Nantes,,Guinée,Exports,Chasselas,,,,,1764,piece,20,sources/Local/AD44_C717_Nantes_Exports_1775.csv,AD44 C717,17,,,,,Marion Merville & Jules Oudot,,,0,,,,,,,,,
515,Local,1775,Nantes,,Guinée,Exports,Corail ouvré,,,,,285,livres,80,sources/Local/AD44_C717_Nantes_Exports_1775.csv,AD44 C717,17,,,,,Marion Merville & Jules Oudot,,,0,,,,,,,,,
516,Local,1775,Nantes,,Guinée,Exports,Cordages de chanvre,,,,,28500,livres,30,sources/Local/AD44_C717_Nantes_Exports_1775.csv,AD44 C717,17,,,,,Marion Merville & Jules Oudot,,,0,,,,,,,,,
517,Local,1775,Nantes,,Guinée,Exports,Coros,,,,,39,piece,8,sources/Local/AD44_C717_Nantes_Exports_1775.csv,AD44 C717,17,,,,,Marion Merville & Jules Oudot,,,0,,,,,,,,,
518,Local,1775,Nantes,,Guinée,Exports,Coupis,,,,,51,piece,10,sources/Local/AD44_C717_Nantes_Exports_1775.csv,AD44 C717,17,,,,,Marion Merville & Jules Oudot,,,0,,,,,,,,,
519,Local,1775,Nantes,,Guinée,Exports,Couteaux flamans,,,,,5627,douzaine,1.5,sources/Local/AD44_C717_Nantes_Exports_1775.csv,AD44 C717,17,,,,,Marion Merville & Jules Oudot,,,0,,,,,,,,,
520,Local,1775,Nantes,,Guinée,Exports,Coutelas,,,,,300,livres,2,sources/Local/AD44_C717_Nantes_Exports_1775.csv,AD44 C717,17,,,,,Marion Merville & Jules Oudot,,,0,,,,,,,,,
521,Local,1775,Nantes,,Guinée,Exports,Couvertures de laine,,,,,28,en nombre,12,sources/Local/AD44_C717_Nantes_Exports_1775.csv,AD44 C717,17,,,,,Marion Merville & Jules Oudot,,,0,,,,,,,,,
522,Local,1775,Nantes,,Guinée,Exports,Cuivre en bassine,,,,,3135,livres,1.4,sources/Local/AD44_C717_Nantes_Exports_1775.csv,AD44 C717,17,,,,,Marion Merville & Jules Oudot,,,0,,,,,,,,,
523,Local,1775,Nantes,,Guinée,Exports,Cuivrerie,,,,,6897,livres,1.5,sources/Local/AD44_C717_Nantes_Exports_1775.csv,AD44 C717,17,,,,,Marion Merville & Jules Oudot,,,0,,,,,,,,,
524,Local,1775,Nantes,,Guinée,Exports,Drap de Deauvais,,,,,420,livres,8,sources/Local/AD44_C717_Nantes_Exports_1775.csv,AD44 C717,17,,,,,Marion Merville & Jules Oudot,,,0,,,,,,,,,
525,Local,1775,Nantes,,Guinée,Exports,Drap de carcassonne,,,,,1543,livres,4,sources/Local/AD44_C717_Nantes_Exports_1775.csv,AD44 C717,17,,,,,Marion Merville & Jules Oudot,,,0,,,,,,,,,
526,Local,1775,Nantes,,Guinée,Exports,Drap d'elbeuf,,,,,10,aunes,15,sources/Local/AD44_C717_Nantes_Exports_1775.csv,AD44 C717,17,,,,,Marion Merville & Jules Oudot,,,0,,,,,,,,,
527,Local,1775,Nantes,,Guinée,Exports,Draperie petite,,,,,1134,livres,4,sources/Local/AD44_C717_Nantes_Exports_1775.csv,AD44 C717,18,,,,,Marion Merville & Jules Oudot,,,0,,,,,,,,,
528,Local,1775,Nantes,,Guinée,Exports,Eau de vie,,,,,37179,veltes,4.5,sources/Local/AD44_C717_Nantes_Exports_1775.csv,AD44 C717,18,,,,,Marion Merville & Jules Oudot,,,0,,,,,,,,,
529,Local,1775,Nantes,,Guinée,Exports,Epicerie,,,,,60,livres,2.25,sources/Local/AD44_C717_Nantes_Exports_1775.csv,AD44 C717,18,,,,,Marion Merville & Jules Oudot,,,0,,,,,,,,,
530,Local,1775,Nantes,,Guinée,Exports,Etain ouvré,,,,,1432,livres,1,sources/Local/AD44_C717_Nantes_Exports_1775.csv,AD44 C717,18,,,,,Marion Merville & Jules Oudot,,,0,,,,,,,,,
531,Local,1775,Nantes,,Guinée,Exports,Etoffe de soye,,,,,758,livres,50,sources/Local/AD44_C717_Nantes_Exports_1775.csv,AD44 C717,18,,,,,Marion Merville & Jules Oudot,,,0,,,,,,,,,
532,Local,1775,Nantes,,Guinée,Exports,Etoffe de soye,,,,,2,pièces,60,sources/Local/AD44_C717_Nantes_Exports_1775.csv,AD44 C717,18,,,,,Marion Merville & Jules Oudot,,,0,,,,,,,,,
533,Local,1775,Nantes,,Guinée,Exports,Etoffe de soye,,,,,6,coupons,30,sources/Local/AD44_C717_Nantes_Exports_1775.csv,AD44 C717,18,,,,,Marion Merville & Jules Oudot,,,0,,,,,,,,,
534,Local,1775,Nantes,,Guinée,Exports,Farine,,,,,26400,livres,0.2,sources/Local/AD44_C717_Nantes_Exports_1775.csv,AD44 C717,18,,,,,Marion Merville & Jules Oudot,,,0,,,,,,,,,
535,Local,1775,Nantes,,Guinée,Exports,Fayance,,,,,620,douzaine,4,sources/Local/AD44_C717_Nantes_Exports_1775.csv,AD44 C717,18,,,,,Marion Merville & Jules Oudot,,,0,,,,,,,,,
536,Local,1775,Nantes,,Guinée,Exports,Fer en barres,,,,,195025,livres,0.2,sources/Local/AD44_C717_Nantes_Exports_1775.csv,AD44 C717,18,,,,,Marion Merville & Jules Oudot,,,0,,,,,,,,,
537,Local,1775,Nantes,,Guinée,Exports,Fer blanc,,,,,1450,livres,0.3,sources/Local/AD44_C717_Nantes_Exports_1775.csv,AD44 C717,18,,,,,Marion Merville & Jules Oudot,,,0,,,,,,,,,
538,Local,1775,Nantes,,Guinée,Exports,Fer en cercles,,,,,58100,livres,0.3,sources/Local/AD44_C717_Nantes_Exports_1775.csv,AD44 C717,18,,,,,Marion Merville & Jules Oudot,,,0,,,,,,,,,
539,Local,1775,Nantes,,Guinée,Exports,Fer en marmittes,,,,,2500,livres,0.1,sources/Local/AD44_C717_Nantes_Exports_1775.csv,AD44 C717,18,,,,,Marion Merville & Jules Oudot,,,0,,,,,,,,,
540,Local,1775,Nantes,,Guinée,Exports,Fer plat,,,,,1500,livres,0.2,sources/Local/AD44_C717_Nantes_Exports_1775.csv,AD44 C717,18,,,,,Marion Merville & Jules Oudot,,,0,,,,,,,,,
541,Local,1775,Nantes,,Guinée,Exports,Fer en ferrures,,,,,200,livres,1.75,sources/Local/AD44_C717_Nantes_Exports_1775.csv,AD44 C717,18,,,,,Marion Merville & Jules Oudot,,,0,,,,,,,,,
542,Local,1775,Nantes,,Guinée,Exports,Feves,,,,,156,tonneaux,150,sources/Local/AD44_C717_Nantes_Exports_1775.csv,AD44 C717,18,,,,,Marion Merville & Jules Oudot,,,0,,,,,,,,,
543,Local,1775,Nantes,,Guinée,Exports,Flacons de rechange,,,,,600,en nombre,0.5,sources/Local/AD44_C717_Nantes_Exports_1775.csv,AD44 C717,18,,,,,Marion Merville & Jules Oudot,,,0,,,,,,,,,
544,Local,1775,Nantes,,Guinée,Exports,Fruit à l'eau de vie,,,,,36,flacon,3,sources/Local/AD44_C717_Nantes_Exports_1775.csv,AD44 C717,18,,,,,Marion Merville & Jules Oudot,,,0,,,,,,,,,
545,Local,1775,Nantes,,Guinée,Exports,Galons d'or,,,,,36,livres,150,sources/Local/AD44_C717_Nantes_Exports_1775.csv,AD44 C717,18,,,,,Marion Merville & Jules Oudot,,,0,,,,,,,,,
546,Local,1775,Nantes,,Guinée,Exports,Garas,,,,,50,piece,18,sources/Local/AD44_C717_Nantes_Exports_1775.csv,AD44 C717,18,,,,,Marion Merville & Jules Oudot,,,0,,,,,,,,,
547,Local,1775,Nantes,,Guinée,Exports,Gaze de soye,,,,,400,livres,50,sources/Local/AD44_C717_Nantes_Exports_1775.csv,AD44 C717,18,,,,,Marion Merville & Jules Oudot,,,0,,,,,,,,,
548,Local,1775,Nantes,,Guinée,Exports,Glaces et miroires,,,,,250,livres,7,sources/Local/AD44_C717_Nantes_Exports_1775.csv,AD44 C717,18,,,,,Marion Merville & Jules Oudot,,,0,,,,,,,,,
549,Local,1775,Nantes,,Guinée,Exports,Guinée,,,,,8943,piece,25,sources/Local/AD44_C717_Nantes_Exports_1775.csv,AD44 C717,18,,,,,Marion Merville & Jules Oudot,,,0,,,,,,,,,
550,Local,1775,Nantes,,Guinée,Exports,Habillements,,,150,,,,,sources/Local/AD44_C717_Nantes_Exports_1775.csv,AD44 C717,18,,,,,Marion Merville & Jules Oudot,,,,,,,,,,,,
551,Local,1775,Nantes,,Guinée,Exports,Jambons,,,,,300,livres,0.6,sources/Local/AD44_C717_Nantes_Exports_1775.csv,AD44 C717,18,,,,,Marion Merville & Jules Oudot,,,0,,,,,,,,,
552,Local,1775,Nantes,,Guinée,Exports,Indienne,,,,,776,pièces,24,sources/Local/AD44_C717_Nantes_Exports_1775.csv,AD44 C717,18,,,,,Marion Merville & Jules Oudot,,,0,,,,,,,,,
553,Local,1775,Nantes,,Guinée,Exports,Indienne,,,,,7124,livres,5,sources/Local/AD44_C717_Nantes_Exports_1775.csv,AD44 C717,18,,,,,Marion Merville & Jules Oudot,,,0,,,,,,,,,
554,Local,1775,Nantes,,Guinée,Exports,Jupes,,,,,26,en nombre,6,sources/Local/AD44_C717_Nantes_Exports_1775.csv,AD44 C717,18,,,,,Marion Merville & Jules Oudot,,,0,,,,,,,,,
555,Local,1775,Nantes,,Guinée,Exports,Langues,,,,,28,baril,20,sources/Local/AD44_C717_Nantes_Exports_1775.csv,AD44 C717,18,,,,,Marion Merville & Jules Oudot,,,0,,,,,,,,,
556,Local,1775,Nantes,,Guinée,Exports,Lard,,,,,12,barils,15,sources/Local/AD44_C717_Nantes_Exports_1775.csv,AD44 C717,18,,,,,Marion Merville & Jules Oudot,,,0,,,,,,,,,
557,Local,1775,Nantes,,Guinée,Exports,Lard,,,,,1950,livres,0.3,sources/Local/AD44_C717_Nantes_Exports_1775.csv,AD44 C717,18,,,,,Marion Merville & Jules Oudot,,,0,,,,,,,,,
558,Local,1775,Nantes,,Guinée,Exports,Limeneas,,,,,876,pièces,24,sources/Local/AD44_C717_Nantes_Exports_1775.csv,AD44 C717,18,,,,,Marion Merville & Jules Oudot,,,0,,,,,,,,,
559,Local,1775,Nantes,,Guinée,Exports,Liqueurs,,,,,40,pots,6,sources/Local/AD44_C717_Nantes_Exports_1775.csv,AD44 C717,18,,,,,Marion Merville & Jules Oudot,,,0,,,,,,,,,
560,Local,1775,Nantes,,Guinée,Exports,Marchandises meslée,,,,,,,942,sources/Local/AD44_C717_Nantes_Exports_1775.csv,AD44 C717,19,,,,,Marion Merville & Jules Oudot,,,0,,,,,,,,,
561,Local,1775,Nantes,,Guinée,Exports,Mercerie et quincaille,,,,,7620,livres,2,sources/Local/AD44_C717_Nantes_Exports_1775.csv,AD44 C717,19,,,,,Marion Merville & Jules Oudot,,,0,,,,,,,,,
562,Local,1775,Nantes,,Guinée,Exports,Mouchoirs,,,,,3508,piece,24,sources/Local/AD44_C717_Nantes_Exports_1775.csv,AD44 C717,19,,,,,Marion Merville & Jules Oudot,,,0,,,,,,,,,
563,Local,1775,Nantes,,Guinée,Exports,Mouchoirs de romals,,,,,2,piece,12,sources/Local/AD44_C717_Nantes_Exports_1775.csv,AD44 C717,19,,,,,Marion Merville & Jules Oudot,,,0,,,,,,,,,
564,Local,1775,Nantes,,Guinée,Exports,Mousseline,,,,,19,piece,90,sources/Local/AD44_C717_Nantes_Exports_1775.csv,AD44 C717,19,,,,,Marion Merville & Jules Oudot,,,0,,,,,,,,,
565,Local,1775,Nantes,,Guinée,Exports,Nankin,,,,,1910,piece,5,sources/Local/AD44_C717_Nantes_Exports_1775.csv,AD44 C717,19,,,,,Marion Merville & Jules Oudot,,,0,,,,,,,,,
566,Local,1775,Nantes,,Guinée,Exports,Neganepeaux,,,,,776,piece,1,sources/Local/AD44_C717_Nantes_Exports_1775.csv,AD44 C717,19,,,,,Marion Merville & Jules Oudot,,,0,,,,,,,,,
567,Local,1775,Nantes,,Guinée,Exports,Neptunes de cuivre,,,,,5688,livres,1.35,sources/Local/AD44_C717_Nantes_Exports_1775.csv,AD44 C717,19,,,,,Marion Merville & Jules Oudot,,,0,,,,,,,,,
568,Local,1775,Nantes,,Guinée,Exports,Nicaneas,,,,,2643,piece,20,sources/Local/AD44_C717_Nantes_Exports_1775.csv,AD44 C717,19,,,,,Marion Merville & Jules Oudot,,,0,,,,,,,,,
569,Local,1775,Nantes,,Guinée,Exports,Papier blanc,,,,,1200,livres,1.5,sources/Local/AD44_C717_Nantes_Exports_1775.csv,AD44 C717,19,,,,,Marion Merville & Jules Oudot,,,0,,,,,,,,,
570,Local,1775,Nantes,,Guinée,Exports,Pierres à fusils,,,,,7470,livres,0.05,sources/Local/AD44_C717_Nantes_Exports_1775.csv,AD44 C717,19,,,,,Marion Merville & Jules Oudot,,,0,,,,,,,,,
571,Local,1775,Nantes,,Guinée,Exports,Pinasse,,,,,200,piece,18,sources/Local/AD44_C717_Nantes_Exports_1775.csv,AD44 C717,19,,,,,Marion Merville & Jules Oudot,,,0,,,,,,,,,
572,Local,1775,Nantes,,Guinée,Exports,Pipe à fumer,,,,,468,grosses,3.5,sources/Local/AD44_C717_Nantes_Exports_1775.csv,AD44 C717,19,,,,,Marion Merville & Jules Oudot,,,0,,,,,,,,,
573,Local,1775,Nantes,,Guinée,Exports,Planches de sapin,,,,,603,en nombre,0.9,sources/Local/AD44_C717_Nantes_Exports_1775.csv,AD44 C717,19,,,,,Marion Merville & Jules Oudot,,,0,,,,,,,,,
574,Local,1775,Nantes,,Guinée,Exports,Plomb,,,,,11275,livres,0.7,sources/Local/AD44_C717_Nantes_Exports_1775.csv,AD44 C717,19,,,,,Marion Merville & Jules Oudot,,,0,,,,,,,,,
575,Local,1775,Nantes,,Guinée,Exports,Plomb,,,,,36270,livres,0.7,sources/Local/AD44_C717_Nantes_Exports_1775.csv,AD44 C717,19,,,,,Marion Merville & Jules Oudot,,,0,,,,,,,,,
576,Local,1775,Nantes,,Guinée,Exports,Porc salé,,,,,420,livres,0.3,sources/Local/AD44_C717_Nantes_Exports_1775.csv,AD44 C717,19,,,,,Marion Merville & Jules Oudot,,,0,,,,,,,,,
577,Local,1775,Nantes,,Guinée,Exports,Potterie de terre,,,,,125,barbançons,1.25,sources/Local/AD44_C717_Nantes_Exports_1775.csv,AD44 C717,19,,,,,Marion Merville & Jules Oudot,,,0,,,,,,,,,
578,Local,1775,Nantes,,Guinée,Exports,Rassade,,,,,8593,livres,1,sources/Local/AD44_C717_Nantes_Exports_1775.csv,AD44 C717,19,,,,,Marion Merville & Jules Oudot,,,0,,,,,,,,,
579,Local,1775,Nantes,,Guinée,Exports,Ris,,,,,126570,livres,0.2,sources/Local/AD44_C717_Nantes_Exports_1775.csv,AD44 C717,19,,,,,Marion Merville & Jules Oudot,,,0,,,,,,,,,
580,Local,1775,Nantes,,Guinée,Exports,Fermes à pecher,,,,,2,en nombre,60,sources/Local/AD44_C717_Nantes_Exports_1775.csv,AD44 C717,19,,,,,Marion Merville & Jules Oudot,,,0,,,,,,,,,
581,Local,1775,Nantes,,Guinée,Exports,Soucis,,,,,90,piece,50,sources/Local/AD44_C717_Nantes_Exports_1775.csv,AD44 C717,19,,,,,Marion Merville & Jules Oudot,,,0,,,,,,,,,
582,Local,1775,Nantes,,Guinée,Exports,Stragondis,,,,,94,piece,20,sources/Local/AD44_C717_Nantes_Exports_1775.csv,AD44 C717,19,,,,,Marion Merville & Jules Oudot,,,0,,,,,,,,,
583,Local,1775,Nantes,,Guinée,Exports,Sucre terré,,,,,1000,livres,43,sources/Local/AD44_C717_Nantes_Exports_1775.csv,AD44 C717,19,,,,,Marion Merville & Jules Oudot,,,0,,,,,,,,,
584,Local,1775,Nantes,,Guinée,Exports,Tabac de la ferme,,,,,859,livres,3.5,sources/Local/AD44_C717_Nantes_Exports_1775.csv,AD44 C717,19,,,,,Marion Merville & Jules Oudot,,,0,,,,,,,,,
585,Local,1775,Nantes,,Guinée,Exports,Taffia,,,,,2,bariques,120,sources/Local/AD44_C717_Nantes_Exports_1775.csv,AD44 C717,19,,,,,Marion Merville & Jules Oudot,,,0,,,,,,,,,
586,Local,1775,Nantes,,Guinée,Exports,Taffia,,,,,2439,veltes,4,sources/Local/AD44_C717_Nantes_Exports_1775.csv,AD44 C717,19,,,,,Marion Merville & Jules Oudot,,,0,,,,,,,,,
587,Local,1775,Nantes,,Guinée,Exports,Tapis d'auvergne,,,,,1880,livres,2,sources/Local/AD44_C717_Nantes_Exports_1775.csv,AD44 C717,19,,,,,Marion Merville & Jules Oudot,,,0,,,,,,,,,
588,Local,1775,Nantes,,Guinée,Exports,Tapsel,,,,,295,pièces,21,sources/Local/AD44_C717_Nantes_Exports_1775.csv,AD44 C717,19,,,,,Marion Merville & Jules Oudot,,,0,,,,,,,,,
589,Local,1775,Nantes,,Guinée,Exports,Tapsel,,,,,500,livres,7,sources/Local/AD44_C717_Nantes_Exports_1775.csv,AD44 C717,19,,,,,Marion Merville & Jules Oudot,,,0,,,,,,,,,
590,Local,1775,Nantes,,Guinée,Exports,Toile Tip soye ???,,,,,3,piece,50,sources/Local/AD44_C717_Nantes_Exports_1775.csv,AD44 C717,,,,,,Marion Merville & Jules Oudot,,,,,,,,,,,,
591,Local,1775,Nantes,,Guinée,Exports,Toile bazin,,,,,5,piece,27,sources/Local/AD44_C717_Nantes_Exports_1775.csv,AD44 C717,19,,,,,Marion Merville & Jules Oudot,,,0,,,,,,,,,
592,Local,1775,Nantes,,Guinée,Exports,Toile cholet,,,,,15650,livres,3.25,sources/Local/AD44_C717_Nantes_Exports_1775.csv,AD44 C717,19,,,,,Marion Merville & Jules Oudot,,,0,,,,,,,,,
593,Local,1775,Nantes,,Guinée,Exports,Toile de coton,,,,,1593,piece,30,sources/Local/AD44_C717_Nantes_Exports_1775.csv,AD44 C717,19,,,,,Marion Merville & Jules Oudot,,,0,,,,,,,,,
594,Local,1775,Nantes,,Guinée,Exports,Toile coutil,,,,,200,pièces,40,sources/Local/AD44_C717_Nantes_Exports_1775.csv,AD44 C717,19,,,,,Marion Merville & Jules Oudot,,,0,,,,,,,,,
595,Local,1775,Nantes,,Guinée,Exports,Toile coutil,,,,,2380,livres,2.25,sources/Local/AD44_C717_Nantes_Exports_1775.csv,AD44 C717,19,,,,,Marion Merville & Jules Oudot,,,0,,,,,,,,,
596,Local,1775,Nantes,,Guinée,Exports,Toile platille,,,,,15753,piece,5,sources/Local/AD44_C717_Nantes_Exports_1775.csv,AD44 C717,20,,,,,Marion Merville & Jules Oudot,,,0,,,,,,,,,
597,Local,1775,Nantes,,Guinée,Exports,Toile siamoise,,,,,2600,livres,2,sources/Local/AD44_C717_Nantes_Exports_1775.csv,AD44 C717,20,,,,,Marion Merville & Jules Oudot,,,0,,,,,,,,,
598,Local,1775,Nantes,,Guinée,Exports,Toile à voile,,,,,500,livres,1,sources/Local/AD44_C717_Nantes_Exports_1775.csv,AD44 C717,20,,,,,Marion Merville & Jules Oudot,,,0,,,,,,,,,
599,Local,1775,Nantes,,Guinée,Exports,Verres à boire,,,,,855,livres,1,sources/Local/AD44_C717_Nantes_Exports_1775.csv,AD44 C717,20,,,,,Marion Merville & Jules Oudot,,,0,,,,,,,,,
600,Local,1775,Nantes,,Guinée,Exports,Vin d'amont,,,,,1,tonneaux,250,sources/Local/AD44_C717_Nantes_Exports_1775.csv,AD44 C717,20,,,,,Marion Merville & Jules Oudot,,,0,,,,,,,,,
601,Local,1775,Nantes,,Guinée,Exports,Vin de bordeaux,,,,,56,tonneaux,350,sources/Local/AD44_C717_Nantes_Exports_1775.csv,AD44 C717,20,,,,,Marion Merville & Jules Oudot,,,0,,,,,,,,,
602,Local,1775,Nantes,,Guinée,Exports,Vin de malaga,,,,,100,bouteille,1.2,sources/Local/AD44_C717_Nantes_Exports_1775.csv,AD44 C717,20,,,,,Marion Merville & Jules Oudot,,,0,,,,,,,,,
603,Local,1775,Nantes,,Guinée,Exports,Vin natois,,,,,81,barique,24,sources/Local/AD44_C717_Nantes_Exports_1775.csv,AD44 C717,20,,,,,Marion Merville & Jules Oudot,,,0,,,,,,,,,
604,Local,1775,Nantes,,Guinée,Exports,Vinaigre,,,,,5,bariques,29,sources/Local/AD44_C717_Nantes_Exports_1775.csv,AD44 C717,20,,,,,Marion Merville & Jules Oudot,,,0,,,,,,,,,
605,Local,1775,Nantes,,Guinée,Exports,Vinaigre,,,,,6,quarts,19,sources/Local/AD44_C717_Nantes_Exports_1775.csv,AD44 C717,20,,,,,Marion Merville & Jules Oudot,,,0,,,,,,,,,
606,Local,1775,Nantes,,Pour Les Indes Orientalles,Exports,Acier,,,,,1000,livres,0.35,sources/Local/AD44_C717_Nantes_Exports_1775.csv,AD44 C717,20,,,,,Marion Merville & Jules Oudot,,,0,,,,,,,,,
607,Local,1775,Nantes,,Pour Les Indes Orientalles,Exports,Anchois,,,,,20,pot,1.5,sources/Local/AD44_C717_Nantes_Exports_1775.csv,AD44 C717,20,,,,,Marion Merville & Jules Oudot,,,0,,,,,,,,,
608,Local,1775,Nantes,,Pour Les Indes Orientalles,Exports,Armes à feu,,,,,15410,livres,1,sources/Local/AD44_C717_Nantes_Exports_1775.csv,AD44 C717,20,,,,,Marion Merville & Jules Oudot,,,0,,,,,,,,,
609,Local,1775,Nantes,,Pour Les Indes Orientalles,Exports,Baguettes de Cuivre,,,,,58,en nombre,1,sources/Local/AD44_C717_Nantes_Exports_1775.csv,AD44 C717,20,,,,,Marion Merville & Jules Oudot,,,0,,,,,,,,,
610,Local,1775,Nantes,,Pour Les Indes Orientalles,Exports,Beuf Salé,,,,,459,baril,40,sources/Local/AD44_C717_Nantes_Exports_1775.csv,AD44 C717,20,,,,,Marion Merville & Jules Oudot,,,0,,,,,,,,,
611,Local,1775,Nantes,,Pour Les Indes Orientalles,Exports,Bierre,,,,,11,barique,25,sources/Local/AD44_C717_Nantes_Exports_1775.csv,AD44 C717,20,,,,,Marion Merville & Jules Oudot,,,0,,,,,,,,,
612,Local,1775,Nantes,,Pour Les Indes Orientalles,Exports,Beurre,,,,,600,livres,0.5,sources/Local/AD44_C717_Nantes_Exports_1775.csv,AD44 C717,20,,,,,Marion Merville & Jules Oudot,,,0,,,,,,,,,
613,Local,1775,Nantes,,Pour Les Indes Orientalles,Exports,Bouchons de liege,,,,,62,milliers,5,sources/Local/AD44_C717_Nantes_Exports_1775.csv,AD44 C717,20,,,,,Marion Merville & Jules Oudot,,,0,,,,,,,,,
614,Local,1775,Nantes,,Pour Les Indes Orientalles,Exports,Bougie,,,,,3302,livres,2.7,sources/Local/AD44_C717_Nantes_Exports_1775.csv,AD44 C717,20,,,,,Marion Merville & Jules Oudot,,,0,,,,,,,,,
615,Local,1775,Nantes,,Pour Les Indes Orientalles,Exports,Bouteilles de verre,,,,,8550,en nombre,0.2,sources/Local/AD44_C717_Nantes_Exports_1775.csv,AD44 C717,20,,,,,Marion Merville & Jules Oudot,,,0,,,,,,,,,
616,Local,1775,Nantes,,Pour Les Indes Orientalles,Exports,Bray gras,,,,,401,baril,24,sources/Local/AD44_C717_Nantes_Exports_1775.csv,AD44 C717,20,,,,,Marion Merville & Jules Oudot,,,0,,,,,,,,,
617,Local,1775,Nantes,,Pour Les Indes Orientalles,Exports,Caffé des Isles,,,,,426,livres,0.85,sources/Local/AD44_C717_Nantes_Exports_1775.csv,AD44 C717,20,,,,,Marion Merville & Jules Oudot,,,0,,,,,,,,,
618,Local,1775,Nantes,,Pour Les Indes Orientalles,Exports,Canons de fer,,,,,600,livres,0.1,sources/Local/AD44_C717_Nantes_Exports_1775.csv,AD44 C717,20,,,,,Marion Merville & Jules Oudot,,,0,,,,,,,,,
619,Local,1775,Nantes,,Pour Les Indes Orientalles,Exports,Cartes à jouer,,,,,364,sixaines,2.7,sources/Local/AD44_C717_Nantes_Exports_1775.csv,AD44 C717,20,,,,,Marion Merville & Jules Oudot,,,0,,,,,,,,,
620,Local,1775,Nantes,,Pour Les Indes Orientalles,Exports,Charbon de terre,,,,,689,barique,7.5,sources/Local/AD44_C717_Nantes_Exports_1775.csv,AD44 C717,20,,,,,Marion Merville & Jules Oudot,,,0,,,,,,,,,
621,Local,1775,Nantes,,Pour Les Indes Orientalles,Exports,Chitte,,,,,315,piece,50,sources/Local/AD44_C717_Nantes_Exports_1775.csv,AD44 C717,20,,,,,Marion Merville & Jules Oudot,,,0,,,,,,,,,
622,Local,1775,Nantes,,Pour Les Indes Orientalles,Exports,Clous de fer,,,,,25420,livres,0.3,sources/Local/AD44_C717_Nantes_Exports_1775.csv,AD44 C717,20,,,,,Marion Merville & Jules Oudot,,,0,,,,,,,,,
623,Local,1775,Nantes,,Pour Les Indes Orientalles,Exports,Confitures,,,,,400,livres,1.2,sources/Local/AD44_C717_Nantes_Exports_1775.csv,AD44 C717,20,,,,,Marion Merville & Jules Oudot,,,0,,,,,,,,,
624,Local,1775,Nantes,,Pour Les Indes Orientalles,Exports,Cordages de chanvre,,,,,92400,livres,0.3,sources/Local/AD44_C717_Nantes_Exports_1775.csv,AD44 C717,20,,,,,Marion Merville & Jules Oudot,,,0,,,,,,,,,
625,Local,1775,Nantes,,Pour Les Indes Orientalles,Exports,Cuivre brut,,,,,8500,livres,1.25,sources/Local/AD44_C717_Nantes_Exports_1775.csv,AD44 C717,20,,,,,Marion Merville & Jules Oudot,,,0,,,,,,,,,
626,Local,1775,Nantes,,Pour Les Indes Orientalles,Exports,Eau de vie,,,,,25533,velte,4.5,sources/Local/AD44_C717_Nantes_Exports_1775.csv,AD44 C717,20,,,,,Marion Merville & Jules Oudot,,,,,,,,,,,,
627,Local,1775,Nantes,,Pour Les Indes Orientalles,Exports,Farine,,,,,42260,livres,0.2,sources/Local/AD44_C717_Nantes_Exports_1775.csv,AD44 C717,20,,,,,Marion Merville & Jules Oudot,,,0,,,,,,,,,
628,Local,1775,Nantes,,Pour Les Indes Orientalles,Exports,Fauteuils,,,,,21,en nombre,1.5,sources/Local/AD44_C717_Nantes_Exports_1775.csv,AD44 C717,21,,,,,Marion Merville & Jules Oudot,,,0,,,,,,,,,
629,Local,1775,Nantes,,Pour Les Indes Orientalles,Exports,Fayance,,,,,60,douzaines,4,sources/Local/AD44_C717_Nantes_Exports_1775.csv,AD44 C717,21,,,,,Marion Merville & Jules Oudot,,,0,,,,,,,,,
630,Local,1775,Nantes,,Pour Les Indes Orientalles,Exports,Fer en ancres,,,,,3000,livres,0.8,sources/Local/AD44_C717_Nantes_Exports_1775.csv,AD44 C717,21,,,,,Marion Merville & Jules Oudot,,,0,,,,,,,,,
631,Local,1775,Nantes,,Pour Les Indes Orientalles,Exports,Fer en barres,,,,,470685,livres,0.7,sources/Local/AD44_C717_Nantes_Exports_1775.csv,AD44 C717,21,,,,,Marion Merville & Jules Oudot,,,0,,,,,,,,,
632,Local,1775,Nantes,,Pour Les Indes Orientalles,Exports,Fer blanc,,,,,200,livres,0.7,sources/Local/AD44_C717_Nantes_Exports_1775.csv,AD44 C717,21,,,,,Marion Merville & Jules Oudot,,,0,,,,,,,,,
633,Local,1775,Nantes,,Pour Les Indes Orientalles,Exports,Fer en chaudieres,,,,,1240,livres,0.3,sources/Local/AD44_C717_Nantes_Exports_1775.csv,AD44 C717,21,,,,,Marion Merville & Jules Oudot,,,0,,,,,,,,,
634,Local,1775,Nantes,,Pour Les Indes Orientalles,Exports,Fer en fleaux,,,,,18,en nombre,0.6,sources/Local/AD44_C717_Nantes_Exports_1775.csv,AD44 C717,21,,,,,Marion Merville & Jules Oudot,,,0,,,,,,,,,
635,Local,1775,Nantes,,Pour Les Indes Orientalles,Exports,Fer en grapins,,,,,1500,livres,0.3,sources/Local/AD44_C717_Nantes_Exports_1775.csv,AD44 C717,21,,,,,Marion Merville & Jules Oudot,,,0,,,,,,,,,
636,Local,1775,Nantes,,Pour Les Indes Orientalles,Exports,Fer vieux,,,,,1800,livres,0.1,sources/Local/AD44_C717_Nantes_Exports_1775.csv,AD44 C717,21,,,,,Marion Merville & Jules Oudot,,,0,,,,,,,,,
637,Local,1775,Nantes,,Pour Les Indes Orientalles,Exports,Fer ferrements,,,,,850,livres,0.3,sources/Local/AD44_C717_Nantes_Exports_1775.csv,AD44 C717,21,,,,,Marion Merville & Jules Oudot,,,0,,,,,,,,,
638,Local,1775,Nantes,,Pour Les Indes Orientalles,Exports,Feves,,,,,4.5,tonneaux,150,sources/Local/AD44_C717_Nantes_Exports_1775.csv,AD44 C717,21,,,,,Marion Merville & Jules Oudot,,,0,,,,,,,,,
639,Local,1775,Nantes,,Pour Les Indes Orientalles,Exports,Fromages de Gruyere,,,,,3785,livres,0.45,sources/Local/AD44_C717_Nantes_Exports_1775.csv,AD44 C717,21,,,,,Marion Merville & Jules Oudot,,,0,,,,,,,,,
640,Local,1775,Nantes,,Pour Les Indes Orientalles,Exports,Fruit Cuit,,,,,50,baril,10,sources/Local/AD44_C717_Nantes_Exports_1775.csv,AD44 C717,21,,,,,Marion Merville & Jules Oudot,,,0,,,,,,,,,
641,Local,1775,Nantes,,Pour Les Indes Orientalles,Exports,Gans communs,,,,,20,douzaine,8,sources/Local/AD44_C717_Nantes_Exports_1775.csv,AD44 C717,21,,,,,Marion Merville & Jules Oudot,,,0,,,,,,,,,
642,Local,1775,Nantes,,Pour Les Indes Orientalles,Exports,Glaces et miroirs,,,,,840,livres,7,sources/Local/AD44_C717_Nantes_Exports_1775.csv,AD44 C717,21,,,,,Marion Merville & Jules Oudot,,,0,,,,,,,,,
643,Local,1775,Nantes,,Pour Les Indes Orientalles,Exports,Huile de graine,,,,,2170,livres,0.35,sources/Local/AD44_C717_Nantes_Exports_1775.csv,AD44 C717,21,,,,,Marion Merville & Jules Oudot,,,0,,,,,,,,,
644,Local,1775,Nantes,,Pour Les Indes Orientalles,Exports,Huile d'olive,,,,,4990,livres,0.8,sources/Local/AD44_C717_Nantes_Exports_1775.csv,AD44 C717,21,,,,,Marion Merville & Jules Oudot,,,0,,,,,,,,,
645,Local,1775,Nantes,,Pour Les Indes Orientalles,Exports,Langues,,,,,8,baril,20,sources/Local/AD44_C717_Nantes_Exports_1775.csv,AD44 C717,21,,,,,Marion Merville & Jules Oudot,,,0,,,,,,,,,
646,Local,1775,Nantes,,Pour Les Indes Orientalles,Exports,Liqueurs,,,,,191,bouteille,3,sources/Local/AD44_C717_Nantes_Exports_1775.csv,AD44 C717,21,,,,,Marion Merville & Jules Oudot,,,0,,,,,,,,,
647,Local,1775,Nantes,,Pour Les Indes Orientalles,Exports,Marchandises meslées,,,743,,,,,sources/Local/AD44_C717_Nantes_Exports_1775.csv,AD44 C717,21,,,,,Marion Merville & Jules Oudot,,,,,,,,,,,,
648,Local,1775,Nantes,,Pour Les Indes Orientalles,Exports,Orge,,,,,2,tonneaux,120,sources/Local/AD44_C717_Nantes_Exports_1775.csv,AD44 C717,21,,,,,Marion Merville & Jules Oudot,,,0,,,,,,,,,
649,Local,1775,Nantes,,Pour Les Indes Orientalles,Exports,Papier blanc,,,,,200,livres,1.5,sources/Local/AD44_C717_Nantes_Exports_1775.csv,AD44 C717,21,,,,,Marion Merville & Jules Oudot,,,0,,,,,,,,,
650,Local,1775,Nantes,,Pour Les Indes Orientalles,Exports,Pierre à fusils,,,,,110000,en nombre,0.003,sources/Local/AD44_C717_Nantes_Exports_1775.csv,AD44 C717,21,,,,,Marion Merville & Jules Oudot,,,0,,,,,,,,,
651,Local,1775,Nantes,,Pour Les Indes Orientalles,Exports,Potterie de terre,,,,,38,barbançons,1.25,sources/Local/AD44_C717_Nantes_Exports_1775.csv,AD44 C717,21,,,,,Marion Merville & Jules Oudot,,,0,,,,,,,,,
652,Local,1775,Nantes,,Pour Les Indes Orientalles,Exports,Porc salé,,,,,12400,livres,0.3,sources/Local/AD44_C717_Nantes_Exports_1775.csv,AD44 C717,21,,,,,Marion Merville & Jules Oudot,,,0,,,,,,,,,
653,Local,1775,Nantes,,Pour Les Indes Orientalles,Exports,Quincaille et mercerie,,,,,3350,livres,2,sources/Local/AD44_C717_Nantes_Exports_1775.csv,AD44 C717,21,,,,,Marion Merville & Jules Oudot,,,0,,,,,,,,,
654,Local,1775,Nantes,,Pour Les Indes Orientalles,Exports,Rassade,,,,,515,livres,1,sources/Local/AD44_C717_Nantes_Exports_1775.csv,AD44 C717,21,,,,,Marion Merville & Jules Oudot,,,0,,,,,,,,,
655,Local,1775,Nantes,,Pour Les Indes Orientalles,Exports,Savon,,,,,3415,livres,9,sources/Local/AD44_C717_Nantes_Exports_1775.csv,AD44 C717,21,,,,,Marion Merville & Jules Oudot,,,0,,,,,,,,,
656,Local,1775,Nantes,,Pour Les Indes Orientalles,Exports,Souliers,,,,,150,paire,3.5,sources/Local/AD44_C717_Nantes_Exports_1775.csv,AD44 C717,21,,,,,Marion Merville & Jules Oudot,,,0,,,,,,,,,
657,Local,1775,Nantes,,Pour Les Indes Orientalles,Exports,Taffia,,,,,50,velte,4,sources/Local/AD44_C717_Nantes_Exports_1775.csv,AD44 C717,21,,,,,Marion Merville & Jules Oudot,,,0,,,,,,,,,
658,Local,1775,Nantes,,Pour Les Indes Orientalles,Exports,Toile à voile,,,,,1200,livres,1,sources/Local/AD44_C717_Nantes_Exports_1775.csv,AD44 C717,21,,,,,Marion Merville & Jules Oudot,,,0,,,,,,,,,
659,Local,1775,Nantes,,Pour Les Indes Orientalles,Exports,Tussaux,,,,,568,en nombre,0.25,sources/Local/AD44_C717_Nantes_Exports_1775.csv,AD44 C717,21,,,,,Marion Merville & Jules Oudot,,,0,,,,,,,,,
660,Local,1775,Nantes,,Pour Les Indes Orientalles,Exports,Vin de bordeaux,,,,,100,tonneaux,350,sources/Local/AD44_C717_Nantes_Exports_1775.csv,AD44 C717,21,,,,,Marion Merville & Jules Oudot,,,0,,,,,,,,,
661,Local,1775,Nantes,,Pour Les Indes Orientalles,Exports,Vin nantois,,,,,60,barique,25,sources/Local/AD44_C717_Nantes_Exports_1775.csv,AD44 C717,21,,,,,Marion Merville & Jules Oudot,,,0,,,,,,,,,
662,Local,1775,Nantes,,Pour Les Indes Orientalles,Exports,Vinaigre,,,,,4,tierçons,24,sources/Local/AD44_C717_Nantes_Exports_1775.csv,AD44 C717,21,,,,,Marion Merville & Jules Oudot,,,0,,,,,,,,,
