line_number,source_type,year,customs_region,customs_office,partner,export_import,product,origin,width_in_line,value,value_part_of_bundle,quantity,quantity_unit,value_per_unit,filepath,source,sheet,value_total,value_sub_total_1,value_sub_total_2,value_sub_total_3,data_collector,unverified,remarks,value_minus_unit_val_x_qty,absurd_observation,trade_deficit,trade_surplus,duty_quantity,duty_quantity_unit,duty_by_unit,duty_total,duty_part_of_bundle,duty_remarks
1,Local,1738,Nantes,,Angleterre,Exports,Bazin des indes,,,2310,,60,pieces,38.5,sources/Local/AD44_C706_Nantes_Exports_1738.csv,AD44 C706,1,,,,,Marion Merville & Jules Oudot,,,0,,,,,,,,,
2,Local,1738,Nantes,,Angleterre,Exports,Caffé des isles,,,9852,,17913,Livre,0.55,sources/Local/AD44_C706_Nantes_Exports_1738.csv,AD44 C706,1,,,,,Marion Merville & Jules Oudot,,,-0.150000000001455,,,,,,,,,
3,Local,1738,Nantes,,Angleterre,Exports,Chataigne,,,34.8,,58,Boisseaux,0.6,sources/Local/AD44_C706_Nantes_Exports_1738.csv,AD44 C706,1,,,,,Marion Merville & Jules Oudot,,erreur de calcul sur la valeur notée 63,0,,,,,,,,,
4,Local,1738,Nantes,,Angleterre,Exports,Confitures,,,7,,15,Boisseaux,0.5,sources/Local/AD44_C706_Nantes_Exports_1738.csv,AD44 C706,1,,,,,Marion Merville & Jules Oudot,,,-0.5,,,,,,,,,
5,Local,1738,Nantes,,Angleterre,Exports,Chocolas,,,229,,130,livres,1.75,sources/Local/AD44_C706_Nantes_Exports_1738.csv,AD44 C706,1,,,,,Marion Merville & Jules Oudot,,,1.5,,,,,,,,,
6,Local,1738,Nantes,,Angleterre,Exports,Chapeaux a negres,,,150,,50,livres,3,sources/Local/AD44_C706_Nantes_Exports_1738.csv,AD44 C706,1,,,,,Marion Merville & Jules Oudot,,,0,,,,,,,,,
7,Local,1738,Nantes,,Angleterre,Exports,Cartes a jouer,,,5,,50,livres,0.1,sources/Local/AD44_C706_Nantes_Exports_1738.csv,AD44 C706,1,,,,,Marion Merville & Jules Oudot,,,0,,,,,,,,,
8,Local,1738,Nantes,,Angleterre,Exports,Darins,,,1400,,20,piece,70,sources/Local/AD44_C706_Nantes_Exports_1738.csv,AD44 C706,1,,,,,Marion Merville & Jules Oudot,,,0,,,,,,,,,
9,Local,1738,Nantes,,Angleterre,Exports,Eau de vie,,,214028.75,,3292.75,bariques,65,sources/Local/AD44_C706_Nantes_Exports_1738.csv,AD44 C706,1,,,,,Marion Merville & Jules Oudot,,erreur sur la valeur notée 213080,0,,,,3292.75,barique,3.25,,,
10,Local,1738,Nantes,,Angleterre,Exports,Fayance,,,36,,10,douzaine,3.75,sources/Local/AD44_C706_Nantes_Exports_1738.csv,AD44 C706,1,,,,,Marion Merville & Jules Oudot,,,-1.5,,,,,,,,,
11,Local,1738,Nantes,,Angleterre,Exports,Forets,,,1,,2,livres,0.5,sources/Local/AD44_C706_Nantes_Exports_1738.csv,AD44 C706,1,,,,,Marion Merville & Jules Oudot,,,0,,,,,,,,,
12,Local,1738,Nantes,,Angleterre,Exports,Gourgouran,,,90,,1,piece,90,sources/Local/AD44_C706_Nantes_Exports_1738.csv,AD44 C706,1,,,,,Marion Merville & Jules Oudot,,,0,,,,,,,,,
13,Local,1738,Nantes,,Angleterre,Exports,Huile de morüe,,,20,,108,livres,,sources/Local/AD44_C706_Nantes_Exports_1738.csv,AD44 C706,1,,,,,Marion Merville & Jules Oudot,,le prix est donné à 100 livres le barique,,,,,,,,,,
14,Local,1738,Nantes,,Angleterre,Exports,Indigo,,,16100,,4600,livres,3.5,sources/Local/AD44_C706_Nantes_Exports_1738.csv,AD44 C706,1,,,,,Marion Merville & Jules Oudot,,,0,,,,,,,,,
15,Local,1738,Nantes,,Angleterre,Exports,Merrain ganivelles,,,942,,14.5,milliers,65,sources/Local/AD44_C706_Nantes_Exports_1738.csv,AD44 C706,1,,,,,Marion Merville & Jules Oudot,,,-0.5,,,,,,,,,
16,Local,1738,Nantes,,Angleterre,Exports,Pruneaux communs,,,90,,750,livres,0.12,sources/Local/AD44_C706_Nantes_Exports_1738.csv,AD44 C706,1,,,,,Marion Merville & Jules Oudot,,,0,,,,,,,,,
17,Local,1738,Nantes,,Angleterre,Exports,Plumes à lit,,,56,,70,livres,0.8,sources/Local/AD44_C706_Nantes_Exports_1738.csv,AD44 C706,1,,,,,Marion Merville & Jules Oudot,,erreur sur la valeur notée 110,0,,,,,,,,,
18,Local,1738,Nantes,,Angleterre,Exports,Papiers à écrire,,,4410,,9800,livres,0.45,sources/Local/AD44_C706_Nantes_Exports_1738.csv,AD44 C706,1,,,,,Marion Merville & Jules Oudot,,,0,,,,,,,,,
19,Local,1738,Nantes,,Angleterre,Exports,Porcelaine,,,950,,190,livres,5,sources/Local/AD44_C706_Nantes_Exports_1738.csv,AD44 C706,1,,,,,Marion Merville & Jules Oudot,,,0,,,,,,,,,
20,Local,1738,Nantes,,Angleterre,Exports,Quincaille,,,50,,25,livres,2,sources/Local/AD44_C706_Nantes_Exports_1738.csv,AD44 C706,1,,,,,Marion Merville & Jules Oudot,,,0,,,,,,,,,
21,Local,1738,Nantes,,Angleterre,Exports,Sucre en pain,,,953,,1588,livres,0.6,sources/Local/AD44_C706_Nantes_Exports_1738.csv,AD44 C706,1,,,,,Marion Merville & Jules Oudot,,,0.200000000000045,,,,,,,,,
22,Local,1738,Nantes,,Angleterre,Exports,Sucre brut,,,8,,50,livres,0.165,sources/Local/AD44_C706_Nantes_Exports_1738.csv,AD44 C706,1,,,,,Marion Merville & Jules Oudot,,,-0.25,,,,,,,,,
23,Local,1738,Nantes,,Angleterre,Exports,Sirop de sucre,,,32,,630,livres,0.05,sources/Local/AD44_C706_Nantes_Exports_1738.csv,AD44 C706,1,,,,,Marion Merville & Jules Oudot,,,0.5,,,,,,,,,
24,Local,1738,Nantes,,Angleterre,Exports,Sel du Croisic,,,3750,,75,muids,50,sources/Local/AD44_C706_Nantes_Exports_1738.csv,AD44 C706,1,,,,,Marion Merville & Jules Oudot,,,0,,,,,,,,,
25,Local,1738,Nantes,,Angleterre,Exports,Sel du Croisic,,,4410,,98,muids,45,sources/Local/AD44_C706_Nantes_Exports_1738.csv,AD44 C706,1,,,,,Marion Merville & Jules Oudot,,erreur sur la valeur notée 4740,0,,,,,,,,,
26,Local,1738,Nantes,,Angleterre,Exports,Soyerie,,,40,,1,livre,40,sources/Local/AD44_C706_Nantes_Exports_1738.csv,AD44 C706,1,,,,,Marion Merville & Jules Oudot,,,0,,,,,,,,,
27,Local,1738,Nantes,,Angleterre,Exports,Thé divers,,,5308,,1926,livres,2.75,sources/Local/AD44_C706_Nantes_Exports_1738.csv,AD44 C706,1,,,,,Marion Merville & Jules Oudot,,,11.5,,,,,,,,,
28,Local,1738,Nantes,,Angleterre,Exports,Toile de Bretagne,,,17260,,4315,livres,4,sources/Local/AD44_C706_Nantes_Exports_1738.csv,AD44 C706,1,,,,,Marion Merville & Jules Oudot,,,0,,,,,,,,,
29,Local,1738,Nantes,,Angleterre,Exports,Vin Nantois,,,1668,,22.25,tonneaux,75,sources/Local/AD44_C706_Nantes_Exports_1738.csv,AD44 C706,1,,,,,Marion Merville & Jules Oudot,,,-0.75,,,,22.5,tonneaux,2.45,,,
30,Local,1738,Nantes,,Angleterre,Exports,Vinaigre,,,160,,2,tonneaux,80,sources/Local/AD44_C706_Nantes_Exports_1738.csv,AD44 C706,1,,,,,Marion Merville & Jules Oudot,,,0,,,,2,tonneaux,2.45,,,
31,Local,1738,Nantes,,Angleterre,Exports,Vinaigre,,,980,,98,quarts,10,sources/Local/AD44_C706_Nantes_Exports_1738.csv,AD44 C706,1,,,,,Marion Merville & Jules Oudot,,,0,,,,,,,,,
32,Local,1738,Nantes,,Angleterre,Exports,Vin de bordeaux,,,300,,1.5,tonneaux,200,sources/Local/AD44_C706_Nantes_Exports_1738.csv,AD44 C706,1,,,,,Marion Merville & Jules Oudot,,erreur sur la valeur notée 200,0,,,,,,,,,
33,Local,1738,Nantes,,Flandre Imperiale,Exports,Amandes,,,,,440,livres,0.3,sources/Local/AD44_C706_Nantes_Exports_1738.csv,AD44 C706,1,,,,,Marion Merville & Jules Oudot,,,,,,,,,,,,
34,Local,1738,Nantes,,Flandre Imperiale,Exports,Anis verts,,,,,490,livres,0.25,sources/Local/AD44_C706_Nantes_Exports_1738.csv,AD44 C706,1,,,,,Marion Merville & Jules Oudot,,,,,,,,,,,,
35,Local,1738,Nantes,,Flandre Imperiale,Exports,Alibanis,,,,,460,piece,11.5,sources/Local/AD44_C706_Nantes_Exports_1738.csv,AD44 C706,1,,,,,Marion Merville & Jules Oudot,,,,,,,,,,,,
36,Local,1738,Nantes,,Flandre Imperiale,Exports,Armoisin,,,,,41,piece,26.5,sources/Local/AD44_C706_Nantes_Exports_1738.csv,AD44 C706,1,,,,,Marion Merville & Jules Oudot,,,,,,,,,,,,
37,Local,1738,Nantes,,Flandre Imperiale,Exports,Bazin des indes,,,,,80,piece,38.5,sources/Local/AD44_C706_Nantes_Exports_1738.csv,AD44 C706,2,,,,,Marion Merville & Jules Oudot,,,,,,,,,,,,
38,Local,1738,Nantes,,Flandre Imperiale,Exports,Bougie,,,,,25,livres,1.9,sources/Local/AD44_C706_Nantes_Exports_1738.csv,AD44 C706,2,,,,,Marion Merville & Jules Oudot,,,,,,,,,,,,
39,Local,1738,Nantes,,Flandre Imperiale,Exports,Bois rouge,,,,,20000,livres,8.125,sources/Local/AD44_C706_Nantes_Exports_1738.csv,AD44 C706,2,,,,,Marion Merville & Jules Oudot,,,,,,,,,,,,
40,Local,1738,Nantes,,Flandre Imperiale,Exports,Confitures,,,,,70,livres,0.5,sources/Local/AD44_C706_Nantes_Exports_1738.csv,AD44 C706,2,,,,,Marion Merville & Jules Oudot,,,,,,,,,,,,
41,Local,1738,Nantes,,Flandre Imperiale,Exports,Chataignes,,,,,6718,boisseaux,0.6,sources/Local/AD44_C706_Nantes_Exports_1738.csv,AD44 C706,2,,,,,Marion Merville & Jules Oudot,,,,,,,,,,,,
42,Local,1738,Nantes,,Flandre Imperiale,Exports,Caffe des isles,,,,,43970,livres,0.5625,sources/Local/AD44_C706_Nantes_Exports_1738.csv,AD44 C706,2,,,,,Marion Merville & Jules Oudot,,,,,,,,,,,,
43,Local,1738,Nantes,,Flandre Imperiale,Exports,Caffe de bourbon,,,,,105179,livres,0.75,sources/Local/AD44_C706_Nantes_Exports_1738.csv,AD44 C706,2,,,,,Marion Merville & Jules Oudot,,,,,,,,,,,,
44,Local,1738,Nantes,,Flandre Imperiale,Exports,Caffe de moka,,,,,1053,livres,1.5,sources/Local/AD44_C706_Nantes_Exports_1738.csv,AD44 C706,2,,,,,Marion Merville & Jules Oudot,,,,,,,,,,,,
45,Local,1738,Nantes,,Flandre Imperiale,Exports,Chalbafs,,,,,141,piece,18,sources/Local/AD44_C706_Nantes_Exports_1738.csv,AD44 C706,2,,,,,Marion Merville & Jules Oudot,,,,,,,,,,,,
46,Local,1738,Nantes,,Flandre Imperiale,Exports,Chite,,,,,78,piece,30,sources/Local/AD44_C706_Nantes_Exports_1738.csv,AD44 C706,2,,,,,Marion Merville & Jules Oudot,,,,,,,,,,,,
47,Local,1738,Nantes,,Flandre Imperiale,Exports,Caladaris,,,,,183,piece,25,sources/Local/AD44_C706_Nantes_Exports_1738.csv,AD44 C706,2,,,,,Marion Merville & Jules Oudot,,,,,,,,,,,,
48,Local,1738,Nantes,,Flandre Imperiale,Exports,Chuquelas,,,,,10,piece,30,sources/Local/AD44_C706_Nantes_Exports_1738.csv,AD44 C706,2,,,,,Marion Merville & Jules Oudot,,,,,,,,,,,,
49,Local,1738,Nantes,,Flandre Imperiale,Exports,Cotonnade,,,,,100,livres,2.5,sources/Local/AD44_C706_Nantes_Exports_1738.csv,AD44 C706,2,,,,,Marion Merville & Jules Oudot,,,,,,,,,,,,
50,Local,1738,Nantes,,Flandre Imperiale,Exports,Coton en laine,,,,,88584,livres,0.9,sources/Local/AD44_C706_Nantes_Exports_1738.csv,AD44 C706,2,,,,,Marion Merville & Jules Oudot,,,,,,,,,,,,
51,Local,1738,Nantes,,Flandre Imperiale,Exports,Cuirs secs en poil,,,,,1620,en nombre,5,sources/Local/AD44_C706_Nantes_Exports_1738.csv,AD44 C706,2,,,,,Marion Merville & Jules Oudot,,,,,,,,,,,,
52,Local,1738,Nantes,,Flandre Imperiale,Exports,Chaises de paille,,,,,6,pièces,1.25,sources/Local/AD44_C706_Nantes_Exports_1738.csv,AD44 C706,2,,,,,Marion Merville & Jules Oudot,,,,,,,,,,,,
53,Local,1738,Nantes,,Flandre Imperiale,Exports,Damas des indes,,,,,104,piece,90,sources/Local/AD44_C706_Nantes_Exports_1738.csv,AD44 C706,2,,,,,Marion Merville & Jules Oudot,,,,,,,,,,,,
54,Local,1738,Nantes,,Flandre Imperiale,Exports,Doreas,,,,,71,piece,56,sources/Local/AD44_C706_Nantes_Exports_1738.csv,AD44 C706,2,,,,,Marion Merville & Jules Oudot,,,,,,,,,,,,
55,Local,1738,Nantes,,Flandre Imperiale,Exports,Eau de vie,,,,,3710,Barique,65,sources/Local/AD44_C706_Nantes_Exports_1738.csv,AD44 C706,2,,,,,Marion Merville & Jules Oudot,,,,,,,3710,barriques,3.25,,,
56,Local,1738,Nantes,,Flandre Imperiale,Exports,Etamine de laine,,,,,180,aunes,2,sources/Local/AD44_C706_Nantes_Exports_1738.csv,AD44 C706,2,,,,,Marion Merville & Jules Oudot,,,,,,,,,,,,
57,Local,1738,Nantes,,Flandre Imperiale,Exports,Elatchas,,,,,125.5,piece,27,sources/Local/AD44_C706_Nantes_Exports_1738.csv,AD44 C706,2,,,,,Marion Merville & Jules Oudot,,,,,,,,,,,,
58,Local,1738,Nantes,,Flandre Imperiale,Exports,Fruis cuit,,,,,50,livres,0.4,sources/Local/AD44_C706_Nantes_Exports_1738.csv,AD44 C706,2,,,,,Marion Merville & Jules Oudot,,,,,,,,,,,,
59,Local,1738,Nantes,,Flandre Imperiale,Exports,Filasse,,,,,50,livres,0.4,sources/Local/AD44_C706_Nantes_Exports_1738.csv,AD44 C706,2,,,,,Marion Merville & Jules Oudot,,,,,,,,,,,,
60,Local,1738,Nantes,,Flandre Imperiale,Exports,Figures de platre,,,,,50,en nombre,,sources/Local/AD44_C706_Nantes_Exports_1738.csv,AD44 C706,2,,,,,Marion Merville & Jules Oudot,,valeur unitaire manquante,,,,,,,,,,
61,Local,1738,Nantes,,Flandre Imperiale,Exports,Gourgouran,,,,,48,pièces,90,sources/Local/AD44_C706_Nantes_Exports_1738.csv,AD44 C706,2,,,,,Marion Merville & Jules Oudot,,,,,,,,,,,,
62,Local,1738,Nantes,,Flandre Imperiale,Exports,Guingans,,,,,100,piece,11.5,sources/Local/AD44_C706_Nantes_Exports_1738.csv,AD44 C706,2,,,,,Marion Merville & Jules Oudot,,,,,,,,,,,,
63,Local,1738,Nantes,,Flandre Imperiale,Exports,Guinées de Madra,,,,,160,piece,40,sources/Local/AD44_C706_Nantes_Exports_1738.csv,AD44 C706,2,,,,,Marion Merville & Jules Oudot,,,,,,,,,,,,
64,Local,1738,Nantes,,Flandre Imperiale,Exports,Guinée blanche,,,,,30,piece,35,sources/Local/AD44_C706_Nantes_Exports_1738.csv,AD44 C706,2,,,,,Marion Merville & Jules Oudot,,,,,,,,,,,,
65,Local,1738,Nantes,,Flandre Imperiale,Exports,Garas blanc,,,,,280,piece,12,sources/Local/AD44_C706_Nantes_Exports_1738.csv,AD44 C706,2,,,,,Marion Merville & Jules Oudot,,,,,,,,,,,,
66,Local,1738,Nantes,,Flandre Imperiale,Exports,Gomme Senegal,,,,,1720,livres,0.35,sources/Local/AD44_C706_Nantes_Exports_1738.csv,AD44 C706,2,,,,,Marion Merville & Jules Oudot,,,,,,,,,,,,
67,Local,1738,Nantes,,Flandre Imperiale,Exports,Indigo,,,,,8531,livres,3.5,sources/Local/AD44_C706_Nantes_Exports_1738.csv,AD44 C706,2,,,,,Marion Merville & Jules Oudot,,,,,,,,,,,,
68,Local,1738,Nantes,,Flandre Imperiale,Exports,Miel,,,,,6728,livres,0.11,sources/Local/AD44_C706_Nantes_Exports_1738.csv,AD44 C706,2,,,,,Marion Merville & Jules Oudot,,,,,,,,,,,,
69,Local,1738,Nantes,,Flandre Imperiale,Exports,Mouchoirs de Ponticheri,,,,,470,piece,18,sources/Local/AD44_C706_Nantes_Exports_1738.csv,AD44 C706,2,,,,,Marion Merville & Jules Oudot,,,,,,,,,,,,
70,Local,1738,Nantes,,Flandre Imperiale,Exports,Mouchoirs de Bengale,,,,,131,piece,25,sources/Local/AD44_C706_Nantes_Exports_1738.csv,AD44 C706,2,,,,,Marion Merville & Jules Oudot,,,,,,,,,,,,
71,Local,1738,Nantes,,Flandre Imperiale,Exports,Mouchoirs de Paliacatte,,,,,40,piece,24,sources/Local/AD44_C706_Nantes_Exports_1738.csv,AD44 C706,2,,,,,Marion Merville & Jules Oudot,,,,,,,,,,,,
72,Local,1738,Nantes,,Flandre Imperiale,Exports,Mouchoirs des Indes,,,,,2,douzaine,25,sources/Local/AD44_C706_Nantes_Exports_1738.csv,AD44 C706,2,,,,,Marion Merville & Jules Oudot,,,,,,,,,,,,
73,Local,1738,Nantes,,Flandre Imperiale,Exports,Mouchoirs de Rouen,,,,,5,douzaine,9,sources/Local/AD44_C706_Nantes_Exports_1738.csv,AD44 C706,2,,,,,Marion Merville & Jules Oudot,,,,,,,,,,,,
74,Local,1738,Nantes,,Flandre Imperiale,Exports,Mousseline Brodée,,,,,3,piece,150,sources/Local/AD44_C706_Nantes_Exports_1738.csv,AD44 C706,2,,,,,Marion Merville & Jules Oudot,,,,,,,,,,,,
75,Local,1738,Nantes,,Flandre Imperiale,Exports,Merrain ganivelle,,,,,6000,douelle,0.065,sources/Local/AD44_C706_Nantes_Exports_1738.csv,AD44 C706,2,,,,,Marion Merville & Jules Oudot,,,,,,,,,,,,
76,Local,1738,Nantes,,Flandre Imperiale,Exports,Pruneaux de sainte catherine,,,,,1430,livres,0.15,sources/Local/AD44_C706_Nantes_Exports_1738.csv,AD44 C706,2,,,,,Marion Merville & Jules Oudot,,,,,,,,,,,,
77,Local,1738,Nantes,,Flandre Imperiale,Exports,Pruneaux communs,,,,,480,livres,0.15,sources/Local/AD44_C706_Nantes_Exports_1738.csv,AD44 C706,2,,,,,Marion Merville & Jules Oudot,,,,,,,,,,,,
78,Local,1738,Nantes,,Flandre Imperiale,Exports,Poivre,,,,,1089,livres,1.3,sources/Local/AD44_C706_Nantes_Exports_1738.csv,AD44 C706,2,,,,,Marion Merville & Jules Oudot,,,,,,,,,,,,
79,Local,1738,Nantes,,Flandre Imperiale,Exports,Berlin,,,,,54,pièces,52,sources/Local/AD44_C706_Nantes_Exports_1738.csv,AD44 C706,2,,,,,Marion Merville & Jules Oudot,,,,,,,,,,,,
80,Local,1738,Nantes,,Flandre Imperiale,Exports,Pinasse,,,,,200,pièces,18,sources/Local/AD44_C706_Nantes_Exports_1738.csv,AD44 C706,2,,,,,Marion Merville & Jules Oudot,,,,,,,,,,,,
81,Local,1738,Nantes,,Flandre Imperiale,Exports,Porcelaine des indes,,,,,600,livres,5,sources/Local/AD44_C706_Nantes_Exports_1738.csv,AD44 C706,2,,,,,Marion Merville & Jules Oudot,,,,,,,,,,,,
82,Local,1738,Nantes,,Flandre Imperiale,Exports,Saffran,,,,,190,livres,18,sources/Local/AD44_C706_Nantes_Exports_1738.csv,AD44 C706,2,,,,,Marion Merville & Jules Oudot,,,,,,,,,,,,
83,Local,1738,Nantes,,Flandre Imperiale,Exports,Sucre en pain,,,,,19200,livres,0.6,sources/Local/AD44_C706_Nantes_Exports_1738.csv,AD44 C706,2,,,,,Marion Merville & Jules Oudot,,,,,,,,,,,,
84,Local,1738,Nantes,,Flandre Imperiale,Exports,Sucre terré,,,,,133900,livres,0.27,sources/Local/AD44_C706_Nantes_Exports_1738.csv,AD44 C706,2,,,,,Marion Merville & Jules Oudot,,,,,,,,,,,,
85,Local,1738,Nantes,,Flandre Imperiale,Exports,Sucre tete de forme,,,,,42700,livres,0.2,sources/Local/AD44_C706_Nantes_Exports_1738.csv,AD44 C706,2,,,,,Marion Merville & Jules Oudot,,,,,,,,,,,,
86,Local,1738,Nantes,,Flandre Imperiale,Exports,Sucre brut,,,,,474150,livres,0.1625,sources/Local/AD44_C706_Nantes_Exports_1738.csv,AD44 C706,2,,,,,Marion Merville & Jules Oudot,,,,,,,,,,,,
87,Local,1738,Nantes,,Flandre Imperiale,Exports,Sucre cassonade,,,,,300,livres,0.33,sources/Local/AD44_C706_Nantes_Exports_1738.csv,AD44 C706,2,,,,,Marion Merville & Jules Oudot,,,,,,,,,,,,
88,Local,1738,Nantes,,Flandre Imperiale,Exports,Sirop de sucre,,,,,1720400,livres,0.05,sources/Local/AD44_C706_Nantes_Exports_1738.csv,AD44 C706,2,,,,,Marion Merville & Jules Oudot,,,,,,,,,,,,
89,Local,1738,Nantes,,Flandre Imperiale,Exports,Sel,,,,,5,muids,50,sources/Local/AD44_C706_Nantes_Exports_1738.csv,AD44 C706,2,,,,,Marion Merville & Jules Oudot,,,,,,,,,,,,
90,Local,1738,Nantes,,Flandre Imperiale,Exports,Salpetre,,,,,2700,pièces,0.5,sources/Local/AD44_C706_Nantes_Exports_1738.csv,AD44 C706,3,,,,,Marion Merville & Jules Oudot,,,,,,,,,,,,
91,Local,1738,Nantes,,Flandre Imperiale,Exports,Soyerie,,,,,7.75,livres,40,sources/Local/AD44_C706_Nantes_Exports_1738.csv,AD44 C706,3,,,,,Marion Merville & Jules Oudot,,,,,,,,,,,,
92,Local,1738,Nantes,,Flandre Imperiale,Exports,Soucy,,,,,671,piece,30,sources/Local/AD44_C706_Nantes_Exports_1738.csv,AD44 C706,3,,,,,Marion Merville & Jules Oudot,,,,,,,,,,,,
93,Local,1738,Nantes,,Flandre Imperiale,Exports,Salempoury bley,,,,,320,piece,19,sources/Local/AD44_C706_Nantes_Exports_1738.csv,AD44 C706,3,,,,,Marion Merville & Jules Oudot,,,,,,,,,,,,
94,Local,1738,Nantes,,Flandre Imperiale,Exports,Salempoury blanc,,,,,33,piece,17,sources/Local/AD44_C706_Nantes_Exports_1738.csv,AD44 C706,3,,,,,Marion Merville & Jules Oudot,,,,,,,,,,,,
95,Local,1738,Nantes,,Flandre Imperiale,Exports,Thé divers,,,,,118350,livres,2.75,sources/Local/AD44_C706_Nantes_Exports_1738.csv,AD44 C706,3,,,,,Marion Merville & Jules Oudot,,,,,,,,,,,,
96,Local,1738,Nantes,,Flandre Imperiale,Exports,Terindins,,,,,68,piece,60,sources/Local/AD44_C706_Nantes_Exports_1738.csv,AD44 C706,3,,,,,Marion Merville & Jules Oudot,,,,,,,,,,,,
97,Local,1738,Nantes,,Flandre Imperiale,Exports,Toile peinte,,,,,153.75,piece,21,sources/Local/AD44_C706_Nantes_Exports_1738.csv,AD44 C706,3,,,,,Marion Merville & Jules Oudot,,,,,,,,,,,,
98,Local,1738,Nantes,,Flandre Imperiale,Exports,Toile de bretagne,,,,,2798,livres,4,sources/Local/AD44_C706_Nantes_Exports_1738.csv,AD44 C706,3,,,,,Marion Merville & Jules Oudot,,,,,,,,,,,,
99,Local,1738,Nantes,,Flandre Imperiale,Exports,Vin d'amons,,,,,932.75,tonneaux,130,sources/Local/AD44_C706_Nantes_Exports_1738.csv,AD44 C706,3,,,,,Marion Merville & Jules Oudot,,,,,,,932.75,tonneaux,2.45,,,
100,Local,1738,Nantes,,Flandre Imperiale,Exports,Vin nantois,,,,,649,tonneaux,75,sources/Local/AD44_C706_Nantes_Exports_1738.csv,AD44 C706,3,,,,,Marion Merville & Jules Oudot,,,,,,,0.5,tonneau,2.45,,,
101,Local,1738,Nantes,,Flandre Imperiale,Exports,Vin de bordeaux,,,,,0.5,tonneau,100,sources/Local/AD44_C706_Nantes_Exports_1738.csv,AD44 C706,3,,,,,Marion Merville & Jules Oudot,,,,,,,0.5,tonneau,2.45,,,
102,Local,1738,Nantes,,Flandre Imperiale,Exports,Vin hors,,,,,0.5,tonneau,100,sources/Local/AD44_C706_Nantes_Exports_1738.csv,AD44 C706,3,,,,,Marion Merville & Jules Oudot,,,,,,,1,tonneau,2.45,,,
103,Local,1738,Nantes,,Flandre Imperiale,Exports,Vinaigre,,,,,1,tonneaux,85,sources/Local/AD44_C706_Nantes_Exports_1738.csv,AD44 C706,3,,,,,Marion Merville & Jules Oudot,,,,,,,,,,,,
104,Local,1738,Nantes,,Hollande,Exports,Amertis,,,2800,,200,piece,,sources/Local/AD44_C706_Nantes_Exports_1738.csv,AD44 C706,3,,,,,Marion Merville & Jules Oudot,,valeur unitaire manquante,,,,,,,,,,
105,Local,1738,Nantes,,Hollande,Exports,Baffetas blanc,,,24038,,1717,piece,14,sources/Local/AD44_C706_Nantes_Exports_1738.csv,AD44 C706,3,,,,,Marion Merville & Jules Oudot,,,0,,,,,,,,,
106,Local,1738,Nantes,,Hollande,Exports,Baffetas foulas,,,42,,3,piece,14,sources/Local/AD44_C706_Nantes_Exports_1738.csv,AD44 C706,3,,,,,Marion Merville & Jules Oudot,,,0,,,,,,,,,
107,Local,1738,Nantes,,Hollande,Exports,Bazin,,,1617,,42,piece,38.5,sources/Local/AD44_C706_Nantes_Exports_1738.csv,AD44 C706,3,,,,,Marion Merville & Jules Oudot,,,0,,,,,,,,,
108,Local,1738,Nantes,,Hollande,Exports,Bonnets piqués,,,60,,12,en nombre,5,sources/Local/AD44_C706_Nantes_Exports_1738.csv,AD44 C706,3,,,,,Marion Merville & Jules Oudot,,,0,,,,,,,,,
109,Local,1738,Nantes,,Hollande,Exports,Bois rouge,,,81516,,339650,livres,0.24,sources/Local/AD44_C706_Nantes_Exports_1738.csv,AD44 C706,3,,,,,Marion Merville & Jules Oudot,,,0,,,,,,,,,
110,Local,1738,Nantes,,Hollande,Exports,Bois de Sapan,,,2800,,10000,livres,0.28,sources/Local/AD44_C706_Nantes_Exports_1738.csv,AD44 C706,3,,,,,Marion Merville & Jules Oudot,,,0,,,,,,,,,
111,Local,1738,Nantes,,Hollande,Exports,Confitures,,,13,,27,livres,0.5,sources/Local/AD44_C706_Nantes_Exports_1738.csv,AD44 C706,3,,,,,Marion Merville & Jules Oudot,,,-0.5,,,,,,,,,
112,Local,1738,Nantes,,Hollande,Exports,Chataignes,,,528,,880,Boisseaux,0.6,sources/Local/AD44_C706_Nantes_Exports_1738.csv,AD44 C706,3,,,,,Marion Merville & Jules Oudot,,erreur de calcul sur la valeur notée 56,0,,,,,,,,,
113,Local,1738,Nantes,,Hollande,Exports,Caffé des isles,,,181310,,322330,livres,0.5625,sources/Local/AD44_C706_Nantes_Exports_1738.csv,AD44 C706,3,,,,,Marion Merville & Jules Oudot,,,-0.625,,,,,,,,,
114,Local,1738,Nantes,,Hollande,Exports,Caffé de Moka,,,47160,,31440,livres,1.5,sources/Local/AD44_C706_Nantes_Exports_1738.csv,AD44 C706,3,,,,,Marion Merville & Jules Oudot,,,0,,,,,,,,,
115,Local,1738,Nantes,,Hollande,Exports,Caffé de bourbon,,,122850,,163800,livres,0.75,sources/Local/AD44_C706_Nantes_Exports_1738.csv,AD44 C706,3,,,,,Marion Merville & Jules Oudot,,,0,,,,,,,,,
116,Local,1738,Nantes,,Hollande,Exports,Camelos,,,744,,6,piece,124,sources/Local/AD44_C706_Nantes_Exports_1738.csv,AD44 C706,3,,,,,Marion Merville & Jules Oudot,,,0,,,,,,,,,
117,Local,1738,Nantes,,Hollande,Exports,Caladaris,,,9072,,378,piece,24,sources/Local/AD44_C706_Nantes_Exports_1738.csv,AD44 C706,3,,,,,Marion Merville & Jules Oudot,,erreur sur la valeur notée 7072,0,,,,,,,,,
118,Local,1738,Nantes,,Hollande,Exports,Chittes,,,2250,,75,piece,30,sources/Local/AD44_C706_Nantes_Exports_1738.csv,AD44 C706,3,,,,,Marion Merville & Jules Oudot,,,0,,,,,,,,,
119,Local,1738,Nantes,,Hollande,Exports,Casse,,,25600,,640,piece,40,sources/Local/AD44_C706_Nantes_Exports_1738.csv,AD44 C706,3,,,,,Marion Merville & Jules Oudot,,,0,,,,,,,,,
120,Local,1738,Nantes,,Hollande,Exports,Cauris,,,3040,,2533,livres,1.2,sources/Local/AD44_C706_Nantes_Exports_1738.csv,AD44 C706,3,,,,,Marion Merville & Jules Oudot,,,0.400000000000091,,,,,,,,,
121,Local,1738,Nantes,,Hollande,Exports,Cotton en laine,,,40491,,44990,livres,0.9,sources/Local/AD44_C706_Nantes_Exports_1738.csv,AD44 C706,3,,,,,Marion Merville & Jules Oudot,,,0,,,,,,,,,
122,Local,1738,Nantes,,Hollande,Exports,Damas des Indes,,,22140,,246,piece,90,sources/Local/AD44_C706_Nantes_Exports_1738.csv,AD44 C706,3,,,,,Marion Merville & Jules Oudot,,,0,,,,,,,,,
123,Local,1738,Nantes,,Hollande,Exports,Doreas,,,112,,2,piece,56,sources/Local/AD44_C706_Nantes_Exports_1738.csv,AD44 C706,3,,,,,Marion Merville & Jules Oudot,,,0,,,,,,,,,
124,Local,1738,Nantes,,Hollande,Exports,Doutis,,,3160,,158,piece,20,sources/Local/AD44_C706_Nantes_Exports_1738.csv,AD44 C706,3,,,,,Marion Merville & Jules Oudot,,,0,,,,,,,,,
125,Local,1738,Nantes,,Hollande,Exports,Eau de Vie,,,63245,,973,Bariques,65,sources/Local/AD44_C706_Nantes_Exports_1738.csv,AD44 C706,3,,,,,Marion Merville & Jules Oudot,,,0,,,,973,barriques,3.25,,,
126,Local,1738,Nantes,,Hollande,Exports,Eau minerale,,,600,,600,livres,1,sources/Local/AD44_C706_Nantes_Exports_1738.csv,AD44 C706,3,,,,,Marion Merville & Jules Oudot,,,0,,,,,,,,,
127,Local,1738,Nantes,,Hollande,Exports,Esquine,,,1500,,1500,livres,1,sources/Local/AD44_C706_Nantes_Exports_1738.csv,AD44 C706,3,,,,,Marion Merville & Jules Oudot,,,0,,,,,,,,,
128,Local,1738,Nantes,,Hollande,Exports,Fruis cuis,,,24,,60,livres,0.4,sources/Local/AD44_C706_Nantes_Exports_1738.csv,AD44 C706,3,,,,,Marion Merville & Jules Oudot,,,0,,,,,,,,,
129,Local,1738,Nantes,,Hollande,Exports,Gingembre,,,3105,,20700,livres,0.15,sources/Local/AD44_C706_Nantes_Exports_1738.csv,AD44 C706,3,,,,,Marion Merville & Jules Oudot,,,0,,,,,,,,,
130,Local,1738,Nantes,,Hollande,Exports,Galbanum,,,5059,,2108,livres,2.4,sources/Local/AD44_C706_Nantes_Exports_1738.csv,AD44 C706,3,,,,,Marion Merville & Jules Oudot,,,-0.199999999999818,,,,,,,,,
131,Local,1738,Nantes,,Hollande,Exports,Galanga,,,12800,,16000,livres,0.8,sources/Local/AD44_C706_Nantes_Exports_1738.csv,AD44 C706,3,,,,,Marion Merville & Jules Oudot,,,0,,,,,,,,,
132,Local,1738,Nantes,,Hollande,Exports,Gomme Senegal,,,125291.25,,357975,livres,0.35,sources/Local/AD44_C706_Nantes_Exports_1738.csv,AD44 C706,3,,,,,Marion Merville & Jules Oudot,,erreur sur la valeur notée 19290,0,,,,,,,,,
133,Local,1738,Nantes,,Hollande,Exports,Grisette soye et cotton,,,647874,,195,piece,,sources/Local/AD44_C706_Nantes_Exports_1738.csv,AD44 C706,4,,,,,Marion Merville & Jules Oudot,,valeur unitaire manquante,,,,,,,,,,
134,Local,1738,Nantes,,Hollande,Exports,Gourgouran,,,40860,,454,piece,90,sources/Local/AD44_C706_Nantes_Exports_1738.csv,AD44 C706,4,,,,,Marion Merville & Jules Oudot,,,0,,,,,,,,,
135,Local,1738,Nantes,,Hollande,Exports,Galas blanc,,,42900,,3575,piece,12,sources/Local/AD44_C706_Nantes_Exports_1738.csv,AD44 C706,4,,,,,Marion Merville & Jules Oudot,,,0,,,,,,,,,
136,Local,1738,Nantes,,Hollande,Exports,Guinée blanche,,,458150,,13090,piece,35,sources/Local/AD44_C706_Nantes_Exports_1738.csv,AD44 C706,4,,,,,Marion Merville & Jules Oudot,,,0,,,,,,,,,
137,Local,1738,Nantes,,Hollande,Exports,Huile d'olive,,,340,,567,livres,0.6,sources/Local/AD44_C706_Nantes_Exports_1738.csv,AD44 C706,4,,,,,Marion Merville & Jules Oudot,,,-0.199999999999989,,,,,,,,,
138,Local,1738,Nantes,,Hollande,Exports,Hamans,,,3200,,80,piece,40,sources/Local/AD44_C706_Nantes_Exports_1738.csv,AD44 C706,4,,,,,Marion Merville & Jules Oudot,,,0,,,,,,,,,
139,Local,1738,Nantes,,Hollande,Exports,Ipecacuana,,,720,,120,livres,6,sources/Local/AD44_C706_Nantes_Exports_1738.csv,AD44 C706,4,,,,,Marion Merville & Jules Oudot,,,0,,,,,,,,,
140,Local,1738,Nantes,,Hollande,Exports,Indigo,,,247800,,70800,livres,3.5,sources/Local/AD44_C706_Nantes_Exports_1738.csv,AD44 C706,4,,,,,Marion Merville & Jules Oudot,,,0,,,,,,,,,
141,Local,1738,Nantes,,Hollande,Exports,Jamavar,,,2100,,30,piece,70,sources/Local/AD44_C706_Nantes_Exports_1738.csv,AD44 C706,4,,,,,Marion Merville & Jules Oudot,,,0,,,,,,,,,
142,Local,1738,Nantes,,Hollande,Exports,Lustrine,,,120,,3,piece,,sources/Local/AD44_C706_Nantes_Exports_1738.csv,AD44 C706,4,,,,,Marion Merville & Jules Oudot,,valeur unitaire manquante,,,,,,,,,,
143,Local,1738,Nantes,,Hollande,Exports,Lampas,,,5120,,32,pièces,160,sources/Local/AD44_C706_Nantes_Exports_1738.csv,AD44 C706,4,,,,,Marion Merville & Jules Oudot,,,0,,,,,,,,,
144,Local,1738,Nantes,,Hollande,Exports,Laine d´Espagne,,,2250,,1500,livres,1.5,sources/Local/AD44_C706_Nantes_Exports_1738.csv,AD44 C706,4,,,,,Marion Merville & Jules Oudot,,,0,,,,,,,,,
145,Local,1738,Nantes,,Hollande,Exports,Miel,,,12640,,114900,livres,0.11,sources/Local/AD44_C706_Nantes_Exports_1738.csv,AD44 C706,4,,,,,Marion Merville & Jules Oudot,,,1,,,,,,,,,
146,Local,1738,Nantes,,Hollande,Exports,Mouchoirs mazulipatan,,,2600,,100,piece,26,sources/Local/AD44_C706_Nantes_Exports_1738.csv,AD44 C706,4,,,,,Marion Merville & Jules Oudot,,erreur sur la valeur notée 1600,0,,,,,,,,,
147,Local,1738,Nantes,,Hollande,Exports,Mouchoirs de Pontichery,,,2313,,128,piece,18,sources/Local/AD44_C706_Nantes_Exports_1738.csv,AD44 C706,4,,,,,Marion Merville & Jules Oudot,,,9,,,,,,,,,
148,Local,1738,Nantes,,Hollande,Exports,Malemolle,,,2250,,50,piece,45,sources/Local/AD44_C706_Nantes_Exports_1738.csv,AD44 C706,4,,,,,Marion Merville & Jules Oudot,,,0,,,,,,,,,
149,Local,1738,Nantes,,Hollande,Exports,Manchettes Brodées,,,72,,6,paire,12,sources/Local/AD44_C706_Nantes_Exports_1738.csv,AD44 C706,4,,,,,Marion Merville & Jules Oudot,,,0,,,,,,,,,
150,Local,1738,Nantes,,Hollande,Exports,Mansonque assara,,,10800,,90,piece,120,sources/Local/AD44_C706_Nantes_Exports_1738.csv,AD44 C706,4,,,,,Marion Merville & Jules Oudot,,,0,,,,,,,,,
151,Local,1738,Nantes,,Hollande,Exports,Ocre,,,300,,50,Barqiue,6,sources/Local/AD44_C706_Nantes_Exports_1738.csv,AD44 C706,4,,,,,Marion Merville & Jules Oudot,,,0,,,,,,,,,
152,Local,1738,Nantes,,Hollande,Exports,Pruneaux de sainte catherine,,,1188,,2970,livres,0.4,sources/Local/AD44_C706_Nantes_Exports_1738.csv,AD44 C706,4,,,,,Marion Merville & Jules Oudot,,,0,,,,,,,,,
153,Local,1738,Nantes,,Hollande,Exports,Pruneaux d'amons,,,12940.5,,86270,livres,0.15,sources/Local/AD44_C706_Nantes_Exports_1738.csv,AD44 C706,4,,,,,Marion Merville & Jules Oudot,,erreur sur la valeur notée 12840,0,,,,,,,,,
154,Local,1738,Nantes,,Hollande,Exports,Pruneaux communs,,,628,,4189,livres,0.15,sources/Local/AD44_C706_Nantes_Exports_1738.csv,AD44 C706,4,,,,,Marion Merville & Jules Oudot,,,-0.350000000000023,,,,,,,,,
155,Local,1738,Nantes,,Hollande,Exports,Pinasse,,,396,,22.5,piece,18,sources/Local/AD44_C706_Nantes_Exports_1738.csv,AD44 C706,4,,,,,Marion Merville & Jules Oudot,,,-9,,,,,,,,,
156,Local,1738,Nantes,,Hollande,Exports,Patissoye,,,20570,,187,piece,110,sources/Local/AD44_C706_Nantes_Exports_1738.csv,AD44 C706,4,,,,,Marion Merville & Jules Oudot,,erreur sur la valeur notée 20070,0,,,,,,,,,
157,Local,1738,Nantes,,Hollande,Exports,Pekin,,,11388,,219,piece,52,sources/Local/AD44_C706_Nantes_Exports_1738.csv,AD44 C706,4,,,,,Marion Merville & Jules Oudot,,,0,,,,,,,,,
158,Local,1738,Nantes,,Hollande,Exports,Papier à ecrire,,,3822,,1700,rames,2.25,sources/Local/AD44_C706_Nantes_Exports_1738.csv,AD44 C706,4,,,,,Marion Merville & Jules Oudot,,,-3,,,,,,,,,
159,Local,1738,Nantes,,Hollande,Exports,Porcelaine des indes,,,57000,,11400,livres,5,sources/Local/AD44_C706_Nantes_Exports_1738.csv,AD44 C706,4,,,,,Marion Merville & Jules Oudot,,,0,,,,,,,,,
160,Local,1738,Nantes,,Hollande,Exports,Pierres a fusil,,,7,,1912,milliers,0.0035,sources/Local/AD44_C706_Nantes_Exports_1738.csv,AD44 C706,4,,,,,Marion Merville & Jules Oudot,,,0.308,,,,,,,,,
161,Local,1738,Nantes,,Hollande,Exports,Sel de Bourgneuf,,,4864,,76,charge,64,sources/Local/AD44_C706_Nantes_Exports_1738.csv,AD44 C706,4,,,,,Marion Merville & Jules Oudot,,,0,,,,,,,,,
162,Local,1738,Nantes,,Hollande,Exports,Sel de Bourgneuf,,,8120,,140,charge,58,sources/Local/AD44_C706_Nantes_Exports_1738.csv,AD44 C706,4,,,,,Marion Merville & Jules Oudot,,,0,,,,,,,,,
163,Local,1738,Nantes,,Hollande,Exports,Sel de Bourgneuf,,,38500,,700,charge,55,sources/Local/AD44_C706_Nantes_Exports_1738.csv,AD44 C706,4,,,,,Marion Merville & Jules Oudot,,,0,,,,,,,,,
164,Local,1738,Nantes,,Hollande,Exports,Sel de Bourgneuf,,,3328,,64,charge,52,sources/Local/AD44_C706_Nantes_Exports_1738.csv,AD44 C706,4,,,,,Marion Merville & Jules Oudot,,,0,,,,,,,,,
165,Local,1738,Nantes,,Hollande,Exports,Sel de Bourgneuf,,,56150,,1123.5,charge,50,sources/Local/AD44_C706_Nantes_Exports_1738.csv,AD44 C706,4,,,,,Marion Merville & Jules Oudot,,,-25,,,,,,,,,
166,Local,1738,Nantes,,Hollande,Exports,Sel de Bourgneuf,,,5625,,125,charge,45,sources/Local/AD44_C706_Nantes_Exports_1738.csv,AD44 C706,4,,,,,Marion Merville & Jules Oudot,,erreur sur la valeur notée 510,0,,,,,,,,,
167,Local,1738,Nantes,,Hollande,Exports,Sel du croisic,,,32150,,643,muids,50,sources/Local/AD44_C706_Nantes_Exports_1738.csv,AD44 C706,4,,,,,Marion Merville & Jules Oudot,,,0,,,,,,,,,
168,Local,1738,Nantes,,Hollande,Exports,Sel du croisic,,,21300,,534,muids,40,sources/Local/AD44_C706_Nantes_Exports_1738.csv,AD44 C706,4,,,,,Marion Merville & Jules Oudot,,,-60,,,,,,,,,
169,Local,1738,Nantes,,Hollande,Exports,Sel du croisic,,,9200,,230,muids,40,sources/Local/AD44_C706_Nantes_Exports_1738.csv,AD44 C706,4,,,,,Marion Merville & Jules Oudot,,,0,,,,,,,,,
170,Local,1738,Nantes,,Hollande,Exports,Sucre blanc,,,39897,,120900,livres,0.33,sources/Local/AD44_C706_Nantes_Exports_1738.csv,AD44 C706,4,,,,,Marion Merville & Jules Oudot,,,0,,,,,,,,,
171,Local,1738,Nantes,,Hollande,Exports,Sucre terré,,,581672,,2154350,livres,0.27,sources/Local/AD44_C706_Nantes_Exports_1738.csv,AD44 C706,4,,,,,Marion Merville & Jules Oudot,,erreur sur la valeur notée 39841,-2.5,,,,,,,,,
172,Local,1738,Nantes,,Hollande,Exports,Sucre teste,,,36450,,182250,livres,0.2,sources/Local/AD44_C706_Nantes_Exports_1738.csv,AD44 C706,4,,,,,Marion Merville & Jules Oudot,,,0,,,,,,,,,
173,Local,1738,Nantes,,Hollande,Exports,Sucre brut,,,1058655,,6514800,livres,0.1625,sources/Local/AD44_C706_Nantes_Exports_1738.csv,AD44 C706,4,,,,,Marion Merville & Jules Oudot,,erreur sur la valeur notée 1058905,0,,,,,,,,,
174,Local,1738,Nantes,,Hollande,Exports,Sirop de sucre,,,2725,,54500,livres,0.05,sources/Local/AD44_C706_Nantes_Exports_1738.csv,AD44 C706,4,,,,,Marion Merville & Jules Oudot,,,0,,,,,,,,,
175,Local,1738,Nantes,,Hollande,Exports,Salempouris blancs,,,82212,,4836,piece,17,sources/Local/AD44_C706_Nantes_Exports_1738.csv,AD44 C706,4,,,,,Marion Merville & Jules Oudot,,,0,,,,,,,,,
176,Local,1738,Nantes,,Hollande,Exports,Salempouris bleu,,,2400,,120,piece,20,sources/Local/AD44_C706_Nantes_Exports_1738.csv,AD44 C706,4,,,,,Marion Merville & Jules Oudot,,,0,,,,,,,,,
177,Local,1738,Nantes,,Hollande,Exports,Soucy,,,1600,,40,piece,40,sources/Local/AD44_C706_Nantes_Exports_1738.csv,AD44 C706,4,,,,,Marion Merville & Jules Oudot,,,0,,,,,,,,,
178,Local,1738,Nantes,,Hollande,Exports,Satin,,,5500,,55,pièces,100,sources/Local/AD44_C706_Nantes_Exports_1738.csv,AD44 C706,4,,,,,Marion Merville & Jules Oudot,,,0,,,,,,,,,
179,Local,1738,Nantes,,Hollande,Exports,Stinkerque,,,90,,8.5,pièces,11,sources/Local/AD44_C706_Nantes_Exports_1738.csv,AD44 C706,4,,,,,Marion Merville & Jules Oudot,,,-3.5,,,,,,,,,
180,Local,1738,Nantes,,Hollande,Exports,Soye nankin,,,5130,,171,livres,30,sources/Local/AD44_C706_Nantes_Exports_1738.csv,AD44 C706,4,,,,,Marion Merville & Jules Oudot,,"paraît très cher, devrait plutôt être 15 livres la livre ; erreur sur la valeur notée 251 ; doute sur les quantités",0,,,,,,,,,
181,Local,1738,Nantes,,Hollande,Exports,Thé divers,,,429108,,143036,livres,3,sources/Local/AD44_C706_Nantes_Exports_1738.csv,AD44 C706,5,,,,,Marion Merville & Jules Oudot,,,0,,,,,,,,,
182,Local,1738,Nantes,,Hollande,Exports,Thé verd,,,18980,,3796,livres,5,sources/Local/AD44_C706_Nantes_Exports_1738.csv,AD44 C706,5,,,,,Marion Merville & Jules Oudot,,,0,,,,,,,,,
183,Local,1738,Nantes,,Hollande,Exports,Tabac en poudre,,,24990,,83350,livres,0.3,sources/Local/AD44_C706_Nantes_Exports_1738.csv,AD44 C706,5,,,,,Marion Merville & Jules Oudot,,,-15,,,,,,,,,
184,Local,1738,Nantes,,Hollande,Exports,Tabac de la havanne,,,16935,,56450,livres,0.3,sources/Local/AD44_C706_Nantes_Exports_1738.csv,AD44 C706,5,,,,,Marion Merville & Jules Oudot,,,0,,,,,,,,,
185,Local,1738,Nantes,,Hollande,Exports,Toile de bretagne,,,3800,,950,livres,4,sources/Local/AD44_C706_Nantes_Exports_1738.csv,AD44 C706,5,,,,,Marion Merville & Jules Oudot,,,0,,,,,,,,,
186,Local,1738,Nantes,,Hollande,Exports,Toile de cotton des judes,,,21000,,3500,livres,6,sources/Local/AD44_C706_Nantes_Exports_1738.csv,AD44 C706,5,,,,,Marion Merville & Jules Oudot,,,0,,,,,,,,,
187,Local,1738,Nantes,,Hollande,Exports,Toile blanche,,,400,,10,piece,,sources/Local/AD44_C706_Nantes_Exports_1738.csv,AD44 C706,5,,,,,Marion Merville & Jules Oudot,,valeur unitaire manquante,,,,,,,,,,
188,Local,1738,Nantes,,Hollande,Exports,Tanjebs,,,4800,,80,piece,60,sources/Local/AD44_C706_Nantes_Exports_1738.csv,AD44 C706,5,,,,,Marion Merville & Jules Oudot,,erreur sur la valeur notée 2400,0,,,,,,,,,
189,Local,1738,Nantes,,Hollande,Exports,Terrindine,,,4960,,62,piece,80,sources/Local/AD44_C706_Nantes_Exports_1738.csv,AD44 C706,5,,,,,Marion Merville & Jules Oudot,,,0,,,,,,,,,
190,Local,1738,Nantes,,Hollande,Exports,Toutenague,,,2400,,4000,piece,0.6,sources/Local/AD44_C706_Nantes_Exports_1738.csv,AD44 C706,5,,,,,Marion Merville & Jules Oudot,,,0,,,,,,,,,
191,Local,1738,Nantes,,Hollande,Exports,Vin d'amons,,,155480,,1196,tonneaux,130,sources/Local/AD44_C706_Nantes_Exports_1738.csv,AD44 C706,5,,,,,Marion Merville & Jules Oudot,,,0,,,,1196,tonneaux,2.45,,,
192,Local,1738,Nantes,,Hollande,Exports,Vin nantois,,,36150,,482.75,tonneaux,75,sources/Local/AD44_C706_Nantes_Exports_1738.csv,AD44 C706,5,,,,,Marion Merville & Jules Oudot,,,-56.25,,,,482.75,tonneaux,2.45,,,
193,Local,1738,Nantes,,Hollande,Exports,Vin du croisic,,,54,,3,Barique,18,sources/Local/AD44_C706_Nantes_Exports_1738.csv,AD44 C706,5,,,,,Marion Merville & Jules Oudot,,,0,,,,,,,,,
194,Local,1738,Nantes,,Hollande,Exports,Vinaigre,,,340,,4,tonneaux,85,sources/Local/AD44_C706_Nantes_Exports_1738.csv,AD44 C706,5,,,,,Marion Merville & Jules Oudot,,,0,,,,4,tonneaux,2.45,,,
195,Local,1738,Nantes,,Hollande,Exports,Vinaigre,,,160,,12,quarts,,sources/Local/AD44_C706_Nantes_Exports_1738.csv,AD44 C706,5,,,,,Marion Merville & Jules Oudot,,le prix est donné à 85 livres le tonneau,,,,,,,,,,
196,Local,1738,Nantes,,Hollande,Exports,Vestes peintes,,,30,,1,en nombre,30,sources/Local/AD44_C706_Nantes_Exports_1738.csv,AD44 C706,5,,,,,Marion Merville & Jules Oudot,,,0,,,,,,,,,
197,Local,1738,Nantes,,Nord,Exports,Amandes,,,,,280,livres,0.45,sources/Local/AD44_C706_Nantes_Exports_1738.csv,AD44 C706,5,,,,,Marion Merville & Jules Oudot,,,,,,,,,,,,
198,Local,1738,Nantes,,Nord,Exports,Alibanis,,,,,880,piece,15,sources/Local/AD44_C706_Nantes_Exports_1738.csv,AD44 C706,5,,,,,Marion Merville & Jules Oudot,,,,,,,,,,,,
199,Local,1738,Nantes,,Nord,Exports,Armoisin,,,,,23,piece,26.5,sources/Local/AD44_C706_Nantes_Exports_1738.csv,AD44 C706,5,,,,,Marion Merville & Jules Oudot,,,,,,,,,,,,
200,Local,1738,Nantes,,Nord,Exports,Bazin,,,,,112,piece,38.5,sources/Local/AD44_C706_Nantes_Exports_1738.csv,AD44 C706,5,,,,,Marion Merville & Jules Oudot,,,,,,,,,,,,
201,Local,1738,Nantes,,Nord,Exports,Baffetas blanc,,,,,114,piece,14,sources/Local/AD44_C706_Nantes_Exports_1738.csv,AD44 C706,5,,,,,Marion Merville & Jules Oudot,,,,,,,,,,,,
202,Local,1738,Nantes,,Nord,Exports,Bois de Bresil,,,,,1800,livres,0.081,sources/Local/AD44_C706_Nantes_Exports_1738.csv,AD44 C706,5,,,,,Marion Merville & Jules Oudot,,,,,,,,,,,,
203,Local,1738,Nantes,,Nord,Exports,Bois de Gayac,,,,,5000,livres,0.025,sources/Local/AD44_C706_Nantes_Exports_1738.csv,AD44 C706,5,,,,,Marion Merville & Jules Oudot,,,,,,,,,,,,
204,Local,1738,Nantes,,Nord,Exports,Caffe des Isles,,,,,912744,livres,0.5625,sources/Local/AD44_C706_Nantes_Exports_1738.csv,AD44 C706,5,,,,,Marion Merville & Jules Oudot,,,,,,,,,,,,
205,Local,1738,Nantes,,Nord,Exports,Caffe de Bourbon,,,,,537559,livres,0.75,sources/Local/AD44_C706_Nantes_Exports_1738.csv,AD44 C706,5,,,,,Marion Merville & Jules Oudot,,,,,,,,,,,,
206,Local,1738,Nantes,,Nord,Exports,Caffe de Moka,,,,,44450,livres,1.5,sources/Local/AD44_C706_Nantes_Exports_1738.csv,AD44 C706,5,,,,,Marion Merville & Jules Oudot,,,,,,,,,,,,
207,Local,1738,Nantes,,Nord,Exports,Chataignes,,,,,606,Boisseaux,0.6,sources/Local/AD44_C706_Nantes_Exports_1738.csv,AD44 C706,5,,,,,Marion Merville & Jules Oudot,,,,,,,,,,,,
208,Local,1738,Nantes,,Nord,Exports,Cacao,,,,,6936,livres,135,sources/Local/AD44_C706_Nantes_Exports_1738.csv,AD44 C706,5,,,,,Marion Merville & Jules Oudot,,,,,,,,,,,,
209,Local,1738,Nantes,,Nord,Exports,Cardamomium,,,,,5814,livres,2.75,sources/Local/AD44_C706_Nantes_Exports_1738.csv,AD44 C706,5,,,,,Marion Merville & Jules Oudot,,,,,,,,,,,,
210,Local,1738,Nantes,,Nord,Exports,Courtes pointes de toile peintes,,,,,28,en nombre,10,sources/Local/AD44_C706_Nantes_Exports_1738.csv,AD44 C706,5,,,,,Marion Merville & Jules Oudot,,,,,,,,,,,,
211,Local,1738,Nantes,,Nord,Exports,Casses,,,,,650,piece,0.4,sources/Local/AD44_C706_Nantes_Exports_1738.csv,AD44 C706,5,,,,,Marion Merville & Jules Oudot,,,,,,,,,,,,
212,Local,1738,Nantes,,Nord,Exports,Caladaris,,,,,1287,piece,24,sources/Local/AD44_C706_Nantes_Exports_1738.csv,AD44 C706,5,,,,,Marion Merville & Jules Oudot,,,,,,,,,,,,
213,Local,1738,Nantes,,Nord,Exports,Chite,,,,,156,piece,30,sources/Local/AD44_C706_Nantes_Exports_1738.csv,AD44 C706,5,,,,,Marion Merville & Jules Oudot,,,,,,,,,,,,
214,Local,1738,Nantes,,Nord,Exports,Circaka,,,,,35,piece,56,sources/Local/AD44_C706_Nantes_Exports_1738.csv,AD44 C706,5,,,,,Marion Merville & Jules Oudot,,,,,,,,,,,,
215,Local,1738,Nantes,,Nord,Exports,Chalbaff,,,,,148,piece,18,sources/Local/AD44_C706_Nantes_Exports_1738.csv,AD44 C706,5,,,,,Marion Merville & Jules Oudot,,,,,,,,,,,,
216,Local,1738,Nantes,,Nord,Exports,Choquelas,,,,,264.5,piece,30,sources/Local/AD44_C706_Nantes_Exports_1738.csv,AD44 C706,5,,,,,Marion Merville & Jules Oudot,,,,,,,,,,,,
217,Local,1738,Nantes,,Nord,Exports,Cotonis,,,,,10,piece,15,sources/Local/AD44_C706_Nantes_Exports_1738.csv,AD44 C706,5,,,,,Marion Merville & Jules Oudot,,,,,,,,,,,,
218,Local,1738,Nantes,,Nord,Exports,Camelot,,,,,2,piece,40,sources/Local/AD44_C706_Nantes_Exports_1738.csv,AD44 C706,5,,,,,Marion Merville & Jules Oudot,,,,,,,,,,,,
219,Local,1738,Nantes,,Nord,Exports,Cotton en laine,,,,,100544,livres,0.9,sources/Local/AD44_C706_Nantes_Exports_1738.csv,AD44 C706,5,,,,,Marion Merville & Jules Oudot,,,,,,,,,,,,
220,Local,1738,Nantes,,Nord,Exports,Cartes à joüer,,,,,160,livres,1.4,sources/Local/AD44_C706_Nantes_Exports_1738.csv,AD44 C706,5,,,,,Marion Merville & Jules Oudot,,,,,,,,,,,,
221,Local,1738,Nantes,,Nord,Exports,Damas des Indes,,,,,770.5,piece,90,sources/Local/AD44_C706_Nantes_Exports_1738.csv,AD44 C706,5,,,,,Marion Merville & Jules Oudot,,,,,,,,,,,,
222,Local,1738,Nantes,,Nord,Exports,Dissouchaye,,,,,111,piece,27,sources/Local/AD44_C706_Nantes_Exports_1738.csv,AD44 C706,5,,,,,Marion Merville & Jules Oudot,,,,,,,,,,,,
223,Local,1738,Nantes,,Nord,Exports,Darins,,,,,4,piece,30,sources/Local/AD44_C706_Nantes_Exports_1738.csv,AD44 C706,5,,,,,Marion Merville & Jules Oudot,,,,,,,,,,,,
224,Local,1738,Nantes,,Nord,Exports,Eau de vie,,,,,693,Barique,65,sources/Local/AD44_C706_Nantes_Exports_1738.csv,AD44 C706,5,,,,,Marion Merville & Jules Oudot,,,,,,,693,bariques,3.25,,,
225,Local,1738,Nantes,,Nord,Exports,Elatchas,,,,,60,piece,27,sources/Local/AD44_C706_Nantes_Exports_1738.csv,AD44 C706,6,,,,,Marion Merville & Jules Oudot,,,,,,,,,,,,
226,Local,1738,Nantes,,Nord,Exports,Ecorce d'arbre,,,,,218,piece,18,sources/Local/AD44_C706_Nantes_Exports_1738.csv,AD44 C706,6,,,,,Marion Merville & Jules Oudot,,,,,,,,,,,,
227,Local,1738,Nantes,,Nord,Exports,Evantails,,,,,160,en nombre,3,sources/Local/AD44_C706_Nantes_Exports_1738.csv,AD44 C706,6,,,,,Marion Merville & Jules Oudot,,,,,,,,,,,,
228,Local,1738,Nantes,,Nord,Exports,Gingembre,,,,,88875,livres,0.15,sources/Local/AD44_C706_Nantes_Exports_1738.csv,AD44 C706,6,,,,,Marion Merville & Jules Oudot,,,,,,,,,,,,
229,Local,1738,Nantes,,Nord,Exports,Gomme senegal,,,,,919250,livres,0.35,sources/Local/AD44_C706_Nantes_Exports_1738.csv,AD44 C706,6,,,,,Marion Merville & Jules Oudot,,,,,,,,,,,,
230,Local,1738,Nantes,,Nord,Exports,Galanga,,,,,1221,livres,0.8,sources/Local/AD44_C706_Nantes_Exports_1738.csv,AD44 C706,6,,,,,Marion Merville & Jules Oudot,,,,,,,,,,,,
231,Local,1738,Nantes,,Nord,Exports,Guinée blanche,,,,,31162,piece,35,sources/Local/AD44_C706_Nantes_Exports_1738.csv,AD44 C706,6,,,,,Marion Merville & Jules Oudot,,,,,,,,,,,,
232,Local,1738,Nantes,,Nord,Exports,Guinée bleuë,,,,,60,piece,21,sources/Local/AD44_C706_Nantes_Exports_1738.csv,AD44 C706,6,,,,,Marion Merville & Jules Oudot,,,,,,,,,,,,
233,Local,1738,Nantes,,Nord,Exports,Garas blanc,,,,,20480,piece,12,sources/Local/AD44_C706_Nantes_Exports_1738.csv,AD44 C706,6,,,,,Marion Merville & Jules Oudot,,,,,,,,,,,,
234,Local,1738,Nantes,,Nord,Exports,Grisette,,,,,9,piece,90,sources/Local/AD44_C706_Nantes_Exports_1738.csv,AD44 C706,6,,,,,Marion Merville & Jules Oudot,,,,,,,,,,,,
235,Local,1738,Nantes,,Nord,Exports,Gourgouran,,,,,414,piece,90,sources/Local/AD44_C706_Nantes_Exports_1738.csv,AD44 C706,6,,,,,Marion Merville & Jules Oudot,,,,,,,,,,,,
236,Local,1738,Nantes,,Nord,Exports,Gourgouran gauffré,,,,,25,piece,90,sources/Local/AD44_C706_Nantes_Exports_1738.csv,AD44 C706,6,,,,,Marion Merville & Jules Oudot,,,,,,,,,,,,
237,Local,1738,Nantes,,Nord,Exports,Guimgamp de Pontichery,,,,,985,piece,11.5,sources/Local/AD44_C706_Nantes_Exports_1738.csv,AD44 C706,6,,,,,Marion Merville & Jules Oudot,,,,,,,,,,,,
238,Local,1738,Nantes,,Nord,Exports,Huile d'olive,,,,,400,livres,0.6,sources/Local/AD44_C706_Nantes_Exports_1738.csv,AD44 C706,6,,,,,Marion Merville & Jules Oudot,,,,,,,,,,,,
239,Local,1738,Nantes,,Nord,Exports,Hamans,,,,,50,piece,40,sources/Local/AD44_C706_Nantes_Exports_1738.csv,AD44 C706,6,,,,,Marion Merville & Jules Oudot,,,,,,,,,,,,
240,Local,1738,Nantes,,Nord,Exports,Indigo,,,,,147265,livres,3.5,sources/Local/AD44_C706_Nantes_Exports_1738.csv,AD44 C706,6,,,,,Marion Merville & Jules Oudot,,,,,,,,,,,,
241,Local,1738,Nantes,,Nord,Exports,Jupes,,,,,44,en nombre,6,sources/Local/AD44_C706_Nantes_Exports_1738.csv,AD44 C706,6,,,,,Marion Merville & Jules Oudot,,,,,,,,,,,,
242,Local,1738,Nantes,,Nord,Exports,Lampas,,,,,100,piece,160,sources/Local/AD44_C706_Nantes_Exports_1738.csv,AD44 C706,6,,,,,Marion Merville & Jules Oudot,,,,,,,,,,,,
243,Local,1738,Nantes,,Nord,Exports,Miel,,,,,57960,livres,0.11,sources/Local/AD44_C706_Nantes_Exports_1738.csv,AD44 C706,6,,,,,Marion Merville & Jules Oudot,,,,,,,,,,,,
244,Local,1738,Nantes,,Nord,Exports,Montichoux,,,,,4,piece,25,sources/Local/AD44_C706_Nantes_Exports_1738.csv,AD44 C706,6,,,,,Marion Merville & Jules Oudot,,,,,,,,,,,,
245,Local,1738,Nantes,,Nord,Exports,Mouchoirs de Pontichery,,,,,2330.5,pièces,25,sources/Local/AD44_C706_Nantes_Exports_1738.csv,AD44 C706,6,,,,,Marion Merville & Jules Oudot,,,,,,,,,,,,
246,Local,1738,Nantes,,Nord,Exports,Mouchoirs de Pontichery,,,,,1266,en nombre,1.5,sources/Local/AD44_C706_Nantes_Exports_1738.csv,AD44 C706,6,,,,,Marion Merville & Jules Oudot,,,,,,,,,,,,
247,Local,1738,Nantes,,Nord,Exports,Mouchoirs de Bengale,,,,,780,en nombre,25,sources/Local/AD44_C706_Nantes_Exports_1738.csv,AD44 C706,6,,,,,Marion Merville & Jules Oudot,,,,,,,,,,,,
248,Local,1738,Nantes,,Nord,Exports,Mouchoirs peints,,,,,1279,piece,20,sources/Local/AD44_C706_Nantes_Exports_1738.csv,AD44 C706,6,,,,,Marion Merville & Jules Oudot,,,,,,,,,,,,
249,Local,1738,Nantes,,Nord,Exports,Mouchoirs Brodées,,,,,6,piece,120,sources/Local/AD44_C706_Nantes_Exports_1738.csv,AD44 C706,6,,,,,Marion Merville & Jules Oudot,,,,,,,,,,,,
250,Local,1738,Nantes,,Nord,Exports,Mousseline unie,,,,,100,piece,48,sources/Local/AD44_C706_Nantes_Exports_1738.csv,AD44 C706,6,,,,,Marion Merville & Jules Oudot,,,,,,,,,,,,
251,Local,1738,Nantes,,Nord,Exports,Neuds de canne de soye,,,,,177,en nombre,0.9,sources/Local/AD44_C706_Nantes_Exports_1738.csv,AD44 C706,6,,,,,Marion Merville & Jules Oudot,,,,,,,,,,,,
252,Local,1738,Nantes,,Nord,Exports,Nelis,,,,,267,piece,20,sources/Local/AD44_C706_Nantes_Exports_1738.csv,AD44 C706,6,,,,,Marion Merville & Jules Oudot,,,,,,,,,,,,
253,Local,1738,Nantes,,Nord,Exports,Nankin,,,,,159,piece,6,sources/Local/AD44_C706_Nantes_Exports_1738.csv,AD44 C706,6,,,,,Marion Merville & Jules Oudot,,,,,,,,,,,,
254,Local,1738,Nantes,,Nord,Exports,Orpin,,,,,330,livres,0.15,sources/Local/AD44_C706_Nantes_Exports_1738.csv,AD44 C706,6,,,,,Marion Merville & Jules Oudot,,,,,,,,,,,,
255,Local,1738,Nantes,,Nord,Exports,Ocre,,,,,150,bariques,10,sources/Local/AD44_C706_Nantes_Exports_1738.csv,AD44 C706,6,,,,,Marion Merville & Jules Oudot,,,,,,,,,,,,
256,Local,1738,Nantes,,Nord,Exports,Poivre,,,,,1405,livres,1.3,sources/Local/AD44_C706_Nantes_Exports_1738.csv,AD44 C706,6,,,,,Marion Merville & Jules Oudot,,,,,,,,,,,,
257,Local,1738,Nantes,,Nord,Exports,Pinasse,,,,,394,piece,21,sources/Local/AD44_C706_Nantes_Exports_1738.csv,AD44 C706,6,,,,,Marion Merville & Jules Oudot,,,,,,,,,,,,
258,Local,1738,Nantes,,Nord,Exports,Pekin,,,,,445,pièces,66,sources/Local/AD44_C706_Nantes_Exports_1738.csv,AD44 C706,6,,,,,Marion Merville & Jules Oudot,,,,,,,,,,,,
259,Local,1738,Nantes,,Nord,Exports,Pekin,,,,,2,morceaux,,sources/Local/AD44_C706_Nantes_Exports_1738.csv,AD44 C706,6,,,,,Marion Merville & Jules Oudot,,,,,,,,,,,,
260,Local,1738,Nantes,,Nord,Exports,Pekin rayé,,,,,6,piece,55,sources/Local/AD44_C706_Nantes_Exports_1738.csv,AD44 C706,6,,,,,Marion Merville & Jules Oudot,,,,,,,,,,,,
261,Local,1738,Nantes,,Nord,Exports,Patissoye,,,,,3,piece,110,sources/Local/AD44_C706_Nantes_Exports_1738.csv,AD44 C706,6,,,,,Marion Merville & Jules Oudot,,,,,,,,,,,,
262,Local,1738,Nantes,,Nord,Exports,Peaux de lapin en poil,,,,,5,milliers,0.075,sources/Local/AD44_C706_Nantes_Exports_1738.csv,AD44 C706,6,,,,,Marion Merville & Jules Oudot,,,,,,,,,,,,
263,Local,1738,Nantes,,Nord,Exports,Peaux de fouine,,,,,600,en nombre,7,sources/Local/AD44_C706_Nantes_Exports_1738.csv,AD44 C706,6,,,,,Marion Merville & Jules Oudot,,,,,,,,,,,,
264,Local,1738,Nantes,,Nord,Exports,Peaux de renard,,,,,600,en nombre,4,sources/Local/AD44_C706_Nantes_Exports_1738.csv,AD44 C706,6,,,,,Marion Merville & Jules Oudot,,,,,,,,,,,,
265,Local,1738,Nantes,,Nord,Exports,Peaux de chat putoix,,,,,1,millier,50,sources/Local/AD44_C706_Nantes_Exports_1738.csv,AD44 C706,6,,,,,Marion Merville & Jules Oudot,,,,,,,,,,,,
266,Local,1738,Nantes,,Nord,Exports,Porcelaine des indes,,,,,1400,livres,5,sources/Local/AD44_C706_Nantes_Exports_1738.csv,AD44 C706,6,,,,,Marion Merville & Jules Oudot,,,,,,,,,,,,
267,Local,1738,Nantes,,Nord,Exports,Pierrs a fusils,,,,,3464,milliers,0.0325,sources/Local/AD44_C706_Nantes_Exports_1738.csv,AD44 C706,6,,,,,Marion Merville & Jules Oudot,,,,,,,,,,,,
268,Local,1738,Nantes,,Nord,Exports,Rocou,,,,,3350,livres,0.45,sources/Local/AD44_C706_Nantes_Exports_1738.csv,AD44 C706,6,,,,,Marion Merville & Jules Oudot,,,,,,,,,,,,
269,Local,1738,Nantes,,Nord,Exports,Sel de Bourgneuf,,,,,90,charges,64,sources/Local/AD44_C706_Nantes_Exports_1738.csv,AD44 C706,6,,,,,Marion Merville & Jules Oudot,,,,,,,,,,,,
270,Local,1738,Nantes,,Nord,Exports,Sel de Bourgneuf,,,,,175,charges,63,sources/Local/AD44_C706_Nantes_Exports_1738.csv,AD44 C706,6,,,,,Marion Merville & Jules Oudot,,,,,,,,,,,,
271,Local,1738,Nantes,,Nord,Exports,Sel de croisic,,,,,157,charges,52,sources/Local/AD44_C706_Nantes_Exports_1738.csv,AD44 C706,7,,,,,Marion Merville & Jules Oudot,,,,,,,,,,,,
272,Local,1738,Nantes,,Nord,Exports,Salpetre,,,,,66500,livres,0.5,sources/Local/AD44_C706_Nantes_Exports_1738.csv,AD44 C706,7,,,,,Marion Merville & Jules Oudot,,,,,,,,,,,,
273,Local,1738,Nantes,,Nord,Exports,Sucre blanc,,,,,126150,livres,0.33,sources/Local/AD44_C706_Nantes_Exports_1738.csv,AD44 C706,7,,,,,Marion Merville & Jules Oudot,,,,,,,,,,,,
274,Local,1738,Nantes,,Nord,Exports,Sucre terré,,,,,868750,livres,0.27,sources/Local/AD44_C706_Nantes_Exports_1738.csv,AD44 C706,7,,,,,Marion Merville & Jules Oudot,,,,,,,,,,,,
275,Local,1738,Nantes,,Nord,Exports,Sucre tete,,,,,392400,livres,0.2,sources/Local/AD44_C706_Nantes_Exports_1738.csv,AD44 C706,7,,,,,Marion Merville & Jules Oudot,,,,,,,,,,,,
276,Local,1738,Nantes,,Nord,Exports,Sucre brut,,,,,3436200,livres,0.1625,sources/Local/AD44_C706_Nantes_Exports_1738.csv,AD44 C706,7,,,,,Marion Merville & Jules Oudot,,,,,,,,,,,,
277,Local,1738,Nantes,,Nord,Exports,Sirop de sucre,,,,,276950,livres,0.05,sources/Local/AD44_C706_Nantes_Exports_1738.csv,AD44 C706,7,,,,,Marion Merville & Jules Oudot,,,,,,,,,,,,
278,Local,1738,Nantes,,Nord,Exports,Soye torde,,,,,16.5,livres,24,sources/Local/AD44_C706_Nantes_Exports_1738.csv,AD44 C706,7,,,,,Marion Merville & Jules Oudot,,,,,,,,,,,,
279,Local,1738,Nantes,,Nord,Exports,Succés,,,,,64,piece,27.5,sources/Local/AD44_C706_Nantes_Exports_1738.csv,AD44 C706,7,,,,,Marion Merville & Jules Oudot,,,,,,,,,,,,
280,Local,1738,Nantes,,Nord,Exports,Stinkerque rayé,,,,,265,piece,1.5,sources/Local/AD44_C706_Nantes_Exports_1738.csv,AD44 C706,7,,,,,Marion Merville & Jules Oudot,,,,,,,,,,,,
281,Local,1738,Nantes,,Nord,Exports,Satin,,,,,170,piece,100,sources/Local/AD44_C706_Nantes_Exports_1738.csv,AD44 C706,7,,,,,Marion Merville & Jules Oudot,,,,,,,,,,,,
282,Local,1738,Nantes,,Nord,Exports,Satin brodé,,,,,4,piece,150,sources/Local/AD44_C706_Nantes_Exports_1738.csv,AD44 C706,7,,,,,Marion Merville & Jules Oudot,,,,,,,,,,,,
283,Local,1738,Nantes,,Nord,Exports,Soucis,,,,,1490,piece,30,sources/Local/AD44_C706_Nantes_Exports_1738.csv,AD44 C706,7,,,,,Marion Merville & Jules Oudot,,,,,,,,,,,,
284,Local,1738,Nantes,,Nord,Exports,Salempouris blancs,,,,,510,piece,15,sources/Local/AD44_C706_Nantes_Exports_1738.csv,AD44 C706,7,,,,,Marion Merville & Jules Oudot,,,,,,,,,,,,
285,Local,1738,Nantes,,Nord,Exports,Salempouris bleu,,,,,1520,piece,20,sources/Local/AD44_C706_Nantes_Exports_1738.csv,AD44 C706,7,,,,,Marion Merville & Jules Oudot,,,,,,,,,,,,
286,Local,1738,Nantes,,Nord,Exports,Thé divers,,,,,63870,livres,2.75,sources/Local/AD44_C706_Nantes_Exports_1738.csv,AD44 C706,7,,,,,Marion Merville & Jules Oudot,,,,,,,,,,,,
287,Local,1738,Nantes,,Nord,Exports,Toutenague,,,,,5176,livres,0.6,sources/Local/AD44_C706_Nantes_Exports_1738.csv,AD44 C706,7,,,,,Marion Merville & Jules Oudot,,,,,,,,,,,,
288,Local,1738,Nantes,,Nord,Exports,Toile de Cotton des Indes,,,,,400,livres,6,sources/Local/AD44_C706_Nantes_Exports_1738.csv,AD44 C706,7,,,,,Marion Merville & Jules Oudot,,,,,,,,,,,,
289,Local,1738,Nantes,,Nord,Exports,Toile de Bretagne,,,,,20,livres,4,sources/Local/AD44_C706_Nantes_Exports_1738.csv,AD44 C706,7,,,,,Marion Merville & Jules Oudot,,,,,,,,,,,,
290,Local,1738,Nantes,,Nord,Exports,Toile Peinte,,,,,337,piece,21,sources/Local/AD44_C706_Nantes_Exports_1738.csv,AD44 C706,7,,,,,Marion Merville & Jules Oudot,,,,,,,,,,,,
291,Local,1738,Nantes,,Nord,Exports,Terrindine,,,,,10,piece,75,sources/Local/AD44_C706_Nantes_Exports_1738.csv,AD44 C706,7,,,,,Marion Merville & Jules Oudot,,,,,,,,,,,,
292,Local,1738,Nantes,,Nord,Exports,Thepaye,,,,,26,piece,23,sources/Local/AD44_C706_Nantes_Exports_1738.csv,AD44 C706,7,,,,,Marion Merville & Jules Oudot,,,,,,,,,,,,
293,Local,1738,Nantes,,Nord,Exports,Tapie,,,,,109,en nombre,20,sources/Local/AD44_C706_Nantes_Exports_1738.csv,AD44 C706,7,,,,,Marion Merville & Jules Oudot,,,,,,,,,,,,
294,Local,1738,Nantes,,Nord,Exports,Vin Nantois,,,,,87.5,tonneaux,75,sources/Local/AD44_C706_Nantes_Exports_1738.csv,AD44 C706,7,,,,,Marion Merville & Jules Oudot,,,,,,,87.5,tonneaux,2.45,,,
295,Local,1738,Nantes,,Dannemarck,Exports,Chataignes,,,28.8,,48,Boisseaux,0.6,sources/Local/AD44_C706_Nantes_Exports_1738.csv,AD44 C706,7,,,,,Marion Merville & Jules Oudot,,"Quantité faible, prix raisonnable. Jesuppose qu'ils ont fait une erreur de calcul dans le total (54 écrit)",0,,,,,,,,,
296,Local,1738,Nantes,,Dannemarck,Exports,Caffe des Isles,,,1204.875,,2142,livres,0.5625,sources/Local/AD44_C706_Nantes_Exports_1738.csv,AD44 C706,7,,,,,Marion Merville & Jules Oudot,,prix et quantité raisonnable. Erreur dans la valeur (24162),0,,,,,,,,,
297,Local,1738,Nantes,,Dannemarck,Exports,Caffe des Moka,,,45,,30,livres,1.5,sources/Local/AD44_C706_Nantes_Exports_1738.csv,AD44 C706,7,,,,,Marion Merville & Jules Oudot,,,0,,,,,,,,,
298,Local,1738,Nantes,,Dannemarck,Exports,Cottonade,,,100,,40,aunes,2.5,sources/Local/AD44_C706_Nantes_Exports_1738.csv,AD44 C706,7,,,,,Marion Merville & Jules Oudot,,,0,,,,,,,,,
299,Local,1738,Nantes,,Dannemarck,Exports,Eau de vie,,,53300,,820,Barqiue,65,sources/Local/AD44_C706_Nantes_Exports_1738.csv,AD44 C706,7,,,,,Marion Merville & Jules Oudot,,,0,,,,820,bariques,3.25,,,
300,Local,1738,Nantes,,Dannemarck,Exports,Indigo,,,885,,253,livres,3.5,sources/Local/AD44_C706_Nantes_Exports_1738.csv,AD44 C706,7,,,,,Marion Merville & Jules Oudot,,,-0.5,,,,,,,,,
301,Local,1738,Nantes,,Dannemarck,Exports,Noix,,,15,,10,milliers,1.5,sources/Local/AD44_C706_Nantes_Exports_1738.csv,AD44 C706,7,,,,,Marion Merville & Jules Oudot,,Le prix (30 sous le millier) est raisonnable. Erreur de calcul dans la valeur ? Je remplace 45 par 15,0,,,,,,,,,
302,Local,1738,Nantes,,Dannemarck,Exports,Pruneaux,,,10,,85,livres,0.12,sources/Local/AD44_C706_Nantes_Exports_1738.csv,AD44 C706,7,,,,,Marion Merville & Jules Oudot,,,-0.199999999999999,,,,,,,,,
303,Local,1738,Nantes,,Dannemarck,Exports,Pommes,,,10,,5,Barique,2,sources/Local/AD44_C706_Nantes_Exports_1738.csv,AD44 C706,7,,,,,Marion Merville & Jules Oudot,,,0,,,,,,,,,
304,Local,1738,Nantes,,Dannemarck,Exports,Porcelaine des indes,,,500,,100,livres,5,sources/Local/AD44_C706_Nantes_Exports_1738.csv,AD44 C706,7,,,,,Marion Merville & Jules Oudot,,,0,,,,,,,,,
305,Local,1738,Nantes,,Dannemarck,Exports,Sel du Croisic,,,3000,,60,muids,50,sources/Local/AD44_C706_Nantes_Exports_1738.csv,AD44 C706,7,,,,,Marion Merville & Jules Oudot,,prix et quantité raisonnable. Erreur dans la valeur (2500 je remplace par 3000),0,,,,,,,,,
306,Local,1738,Nantes,,Dannemarck,Exports,Sel du Croisic,,,4725,,105,muids,45,sources/Local/AD44_C706_Nantes_Exports_1738.csv,AD44 C706,7,,,,,Marion Merville & Jules Oudot,,,0,,,,,,,,,
307,Local,1738,Nantes,,Dannemarck,Exports,Sucre en pain,,,510,,850,livres,0.6,sources/Local/AD44_C706_Nantes_Exports_1738.csv,AD44 C706,7,,,,,Marion Merville & Jules Oudot,,valeur illisible.Peut-être 510 en effet.,0,,,,,,,,,
308,Local,1738,Nantes,,Dannemarck,Exports,Sucre terré,,,189,,700,livres,0.27,sources/Local/AD44_C706_Nantes_Exports_1738.csv,AD44 C706,7,,,,,Marion Merville & Jules Oudot,,,0,,,,,,,,,
309,Local,1738,Nantes,,Dannemarck,Exports,Sirop de sucre,,,130,,2600,livres,0.05,sources/Local/AD44_C706_Nantes_Exports_1738.csv,AD44 C706,7,,,,,Marion Merville & Jules Oudot,,,0,,,,,,,,,
310,Local,1738,Nantes,,Dannemarck,Exports,Soyerie,,,240,,6,livres,40,sources/Local/AD44_C706_Nantes_Exports_1738.csv,AD44 C706,7,,,,,Marion Merville & Jules Oudot,,Prix et quantité raisonnable. Erreur dans la valeur (320 plutôt que 240),0,,,,,,,,,
311,Local,1738,Nantes,,Dannemarck,Exports,Thé,,,4675,,1700,livres,2.75,sources/Local/AD44_C706_Nantes_Exports_1738.csv,AD44 C706,7,,,,,Marion Merville & Jules Oudot,,Erreur dans la valeur (avant 675) corrigée sur la source,0,,,,,,,,,
312,Local,1738,Nantes,,Dannemarck,Exports,Toile batiste,,,80,,10,livres,8,sources/Local/AD44_C706_Nantes_Exports_1738.csv,AD44 C706,7,,,,,Marion Merville & Jules Oudot,,,0,,,,,,,,,
313,Local,1738,Nantes,,Dannemarck,Exports,Toile de bretagne,,,744,,186,pièces,4,sources/Local/AD44_C706_Nantes_Exports_1738.csv,AD44 C706,7,,,,,Marion Merville & Jules Oudot,,,0,,,,,,,,,
314,Local,1738,Nantes,,Dannemarck,Exports,Vin nantois,,,262.5,,3.5,tonneaux,75,sources/Local/AD44_C706_Nantes_Exports_1738.csv,AD44 C706,7,,,,,Marion Merville & Jules Oudot,,"Petite quantité, mais prix raisonnable. On oublié le ½ dans la valeur (225). Je corrige",0,,,,3.5,tonneaux,2.45,,,
315,Local,1738,Nantes,,Dannemarck,Exports,Vin de Bordeaux,,,500,,2.5,tonneaux,200,sources/Local/AD44_C706_Nantes_Exports_1738.csv,AD44 C706,8,,,,,Marion Merville & Jules Oudot,,,0,,,,2.5,tonneaux,2.45,,,
316,Local,1738,Nantes,,Dannemarck,Exports,Vin du croisic,,,150,,3,bariques,50,sources/Local/AD44_C706_Nantes_Exports_1738.csv,AD44 C706,8,,,,,Marion Merville & Jules Oudot,,,0,,,,,,,,,
317,Local,1738,Nantes,,Dannemarck,Exports,Vinaigre,,,255,1,1.5,tonneaux,85,sources/Local/AD44_C706_Nantes_Exports_1738.csv,AD44 C706,8,,,,,Marion Merville & Jules Oudot,,"valeur totale donné pour 1,5 tonneaux et 12 quarts",,,,,1.5,tonneau,2.45,,,
318,Local,1738,Nantes,,Dannemarck,Exports,Vinaigre,,,,2,1.5,quarts,,sources/Local/AD44_C706_Nantes_Exports_1738.csv,AD44 C706,8,,,,,Marion Merville & Jules Oudot,,Voudrait dire que 8 quarts font un tonneaux ?,,,,,,,,,,
319,Local,1738,Nantes,,Suède,Exports,Bazin des indes,,,,,14,piece,38.5,sources/Local/AD44_C706_Nantes_Exports_1738.csv,AD44 C706,8,,,,,Marion Merville & Jules Oudot,,,,,,,,,,,,
320,Local,1738,Nantes,,Suède,Exports,Confitures,,,,,70,livres,0.5,sources/Local/AD44_C706_Nantes_Exports_1738.csv,AD44 C706,8,,,,,Marion Merville & Jules Oudot,,,,,,,,,,,,
321,Local,1738,Nantes,,Suède,Exports,Caffé des Isles,,,,,125507,livres,0.5625,sources/Local/AD44_C706_Nantes_Exports_1738.csv,AD44 C706,8,,,,,Marion Merville & Jules Oudot,,,,,,,,,,,,
322,Local,1738,Nantes,,Suède,Exports,Camelot,,,,,15,aune,6,sources/Local/AD44_C706_Nantes_Exports_1738.csv,AD44 C706,8,,,,,Marion Merville & Jules Oudot,,,,,,,,,,,,
323,Local,1738,Nantes,,Suède,Exports,Coton en laine,,,,,26800,livres,0.9,sources/Local/AD44_C706_Nantes_Exports_1738.csv,AD44 C706,8,,,,,Marion Merville & Jules Oudot,,,,,,,,,,,,
324,Local,1738,Nantes,,Suède,Exports,Dames des Indes,,,,,5,piece,90,sources/Local/AD44_C706_Nantes_Exports_1738.csv,AD44 C706,8,,,,,Marion Merville & Jules Oudot,,,,,,,,,,,,
325,Local,1738,Nantes,,Suède,Exports,Eau de vie,,,,,445.25,Barique,65,sources/Local/AD44_C706_Nantes_Exports_1738.csv,AD44 C706,8,,,,,Marion Merville & Jules Oudot,,,,,,,,,,,,
326,Local,1738,Nantes,,Suède,Exports,Eau de la Reine d'Hongrie,,,,,100,livres,2.5,sources/Local/AD44_C706_Nantes_Exports_1738.csv,AD44 C706,8,,,,,Marion Merville & Jules Oudot,,,,,,,,,,,,
327,Local,1738,Nantes,,Suède,Exports,Etamine de laine,,,,,30,aune,2,sources/Local/AD44_C706_Nantes_Exports_1738.csv,AD44 C706,8,,,,,Marion Merville & Jules Oudot,,,,,,,,,,,,
328,Local,1738,Nantes,,Suède,Exports,Gomme Sénégal,,,,,12000,livres,0.35,sources/Local/AD44_C706_Nantes_Exports_1738.csv,AD44 C706,8,,,,,Marion Merville & Jules Oudot,,,,,,,,,,,,
329,Local,1738,Nantes,,Suède,Exports,Indigo,,,,,15190,livres,3.5,sources/Local/AD44_C706_Nantes_Exports_1738.csv,AD44 C706,8,,,,,Marion Merville & Jules Oudot,,,,,,,,,,,,
330,Local,1738,Nantes,,Suède,Exports,Pruneaux,,,,,1100,livres,0.15,sources/Local/AD44_C706_Nantes_Exports_1738.csv,AD44 C706,8,,,,,Marion Merville & Jules Oudot,,,,,,,,,,,,
331,Local,1738,Nantes,,Suède,Exports,Papier a ecrire,,,,,300,livres,0.55,sources/Local/AD44_C706_Nantes_Exports_1738.csv,AD44 C706,8,,,,,Marion Merville & Jules Oudot,,,,,,,,,,,,
332,Local,1738,Nantes,,Suède,Exports,Pierre a fusil,,,,,150,milliers,3.25,sources/Local/AD44_C706_Nantes_Exports_1738.csv,AD44 C706,8,,,,,Marion Merville & Jules Oudot,,,,,,,,,,,,
333,Local,1738,Nantes,,Suède,Exports,Raisin sec,,,,,400,livres,0.25,sources/Local/AD44_C706_Nantes_Exports_1738.csv,AD44 C706,8,,,,,Marion Merville & Jules Oudot,,,,,,,,,,,,
334,Local,1738,Nantes,,Suède,Exports,Rocou,,,,,3950,livres,0.45,sources/Local/AD44_C706_Nantes_Exports_1738.csv,AD44 C706,8,,,,,Marion Merville & Jules Oudot,,,,,,,,,,,,
335,Local,1738,Nantes,,Suède,Exports,Sel,,,,,28,charge,52,sources/Local/AD44_C706_Nantes_Exports_1738.csv,AD44 C706,8,,,,,Marion Merville & Jules Oudot,,,,,,,,,,,,
336,Local,1738,Nantes,,Suède,Exports,Sel,,,,,278,muids,50,sources/Local/AD44_C706_Nantes_Exports_1738.csv,AD44 C706,8,,,,,Marion Merville & Jules Oudot,,,,,,,,,,,,
337,Local,1738,Nantes,,Suède,Exports,Sel,,,,,132,muids,45,sources/Local/AD44_C706_Nantes_Exports_1738.csv,AD44 C706,8,,,,,Marion Merville & Jules Oudot,,,,,,,,,,,,
338,Local,1738,Nantes,,Suède,Exports,Sucre blanc,,,,,500,livres,0.33,sources/Local/AD44_C706_Nantes_Exports_1738.csv,AD44 C706,8,,,,,Marion Merville & Jules Oudot,,,,,,,,,,,,
339,Local,1738,Nantes,,Suède,Exports,Sucre terré,,,,,220200,livres,0.27,sources/Local/AD44_C706_Nantes_Exports_1738.csv,AD44 C706,8,,,,,Marion Merville & Jules Oudot,,,,,,,,,,,,
340,Local,1738,Nantes,,Suède,Exports,Sucre tête,,,,,4500,livres,0.2,sources/Local/AD44_C706_Nantes_Exports_1738.csv,AD44 C706,8,,,,,Marion Merville & Jules Oudot,,,,,,,,,,,,
341,Local,1738,Nantes,,Suède,Exports,Sucre brut,,,,,361000,livres,0.1625,sources/Local/AD44_C706_Nantes_Exports_1738.csv,AD44 C706,8,,,,,Marion Merville & Jules Oudot,,,,,,,,,,,,
342,Local,1738,Nantes,,Suède,Exports,Sirop de sucre,,,,,18500,livres,0.05,sources/Local/AD44_C706_Nantes_Exports_1738.csv,AD44 C706,8,,,,,Marion Merville & Jules Oudot,,,,,,,,,,,,
343,Local,1738,Nantes,,Suède,Exports,Savon,,,,,522,livres,0.32,sources/Local/AD44_C706_Nantes_Exports_1738.csv,AD44 C706,8,,,,,Marion Merville & Jules Oudot,,,,,,,,,,,,
344,Local,1738,Nantes,,Suède,Exports,Thé,,,,,2500,livres,2.75,sources/Local/AD44_C706_Nantes_Exports_1738.csv,AD44 C706,8,,,,,Marion Merville & Jules Oudot,,,,,,,,,,,,
345,Local,1738,Nantes,,Suède,Exports,Tafetas,,,,,1,livres,40,sources/Local/AD44_C706_Nantes_Exports_1738.csv,AD44 C706,8,,,,,Marion Merville & Jules Oudot,,,,,,,,,,,,
346,Local,1738,Nantes,,Suède,Exports,Vin du croisic,,,,,3.25,tonneaux,72,sources/Local/AD44_C706_Nantes_Exports_1738.csv,AD44 C706,8,,,,,Marion Merville & Jules Oudot,,,,,,,3.25,tonneaux,2.45,,,
347,Local,1738,Nantes,,Suède,Exports,Vin nantois,,,,,3.75,tonneaux,75,sources/Local/AD44_C706_Nantes_Exports_1738.csv,AD44 C706,8,,,,,Marion Merville & Jules Oudot,,,,,,,3.75,tonneaux,2.45,,,
348,Local,1738,Nantes,,Suède,Exports,Vinaigre,,,,,3.5,tonneaux,85,sources/Local/AD44_C706_Nantes_Exports_1738.csv,AD44 C706,8,,,,,Marion Merville & Jules Oudot,,,,,,,3.5,tonneaux,2.45,,,
349,Local,1738,Nantes,,Suède,Exports,Vinaigre,,,,,33,quarts,12,sources/Local/AD44_C706_Nantes_Exports_1738.csv,AD44 C706,8,,,,,Marion Merville & Jules Oudot,,,,,,,,,,,,
350,Local,1738,Nantes,,Espagne,Exports,Armoires de sapin d'acajou,,,,,8,en nombre,60,sources/Local/AD44_C706_Nantes_Exports_1738.csv,AD44 C706,8,,,,,Marion Merville & Jules Oudot,,,,,,,,,,,,
351,Local,1738,Nantes,,Espagne,Exports,Beuf salé,,,,,1200,livres,0.15,sources/Local/AD44_C706_Nantes_Exports_1738.csv,AD44 C706,8,,,,,Marion Merville & Jules Oudot,,,,,,,,,,,,
352,Local,1738,Nantes,,Espagne,Exports,Beure,,,,,2825,livres,0.4,sources/Local/AD44_C706_Nantes_Exports_1738.csv,AD44 C706,8,,,,,Marion Merville & Jules Oudot,,,,,,,,,,,,
353,Local,1738,Nantes,,Espagne,Exports,Bray gras,,,,,2,Baril,14,sources/Local/AD44_C706_Nantes_Exports_1738.csv,AD44 C706,8,,,,,Marion Merville & Jules Oudot,,,,,,,,,,,,
354,Local,1738,Nantes,,Espagne,Exports,Bray sec,,,,,3000,livres,0.07,sources/Local/AD44_C706_Nantes_Exports_1738.csv,AD44 C706,9,,,,,Marion Merville & Jules Oudot,,,,,,,,,,,,
355,Local,1738,Nantes,,Espagne,Exports,Bonnets de laine,,,,,4,douzaine,36,sources/Local/AD44_C706_Nantes_Exports_1738.csv,AD44 C706,9,,,,,Marion Merville & Jules Oudot,,,,,,,,,,,,
356,Local,1738,Nantes,,Espagne,Exports,Bas de laine,,,,,48,paires,30,sources/Local/AD44_C706_Nantes_Exports_1738.csv,AD44 C706,9,,,,,Marion Merville & Jules Oudot,,,,,,,,,,,,
357,Local,1738,Nantes,,Espagne,Exports,Bazin,,,,,21,piece,38.5,sources/Local/AD44_C706_Nantes_Exports_1738.csv,AD44 C706,9,,,,,Marion Merville & Jules Oudot,,,,,,,,,,,,
358,Local,1738,Nantes,,Espagne,Exports,Beure de Valognes,,,,,160,piece,8,sources/Local/AD44_C706_Nantes_Exports_1738.csv,AD44 C706,9,,,,,Marion Merville & Jules Oudot,,,,,,,,,,,,
359,Local,1738,Nantes,,Espagne,Exports,Barres de cabestan,,,,,32,en nombre,0.25,sources/Local/AD44_C706_Nantes_Exports_1738.csv,AD44 C706,9,,,,,Marion Merville & Jules Oudot,,,,,,,,,,,,
360,Local,1738,Nantes,,Espagne,Exports,Barriques en bottes,,,,,26,en nombre,1,sources/Local/AD44_C706_Nantes_Exports_1738.csv,AD44 C706,9,,,,,Marion Merville & Jules Oudot,,,,,,,,,,,,
361,Local,1738,Nantes,,Espagne,Exports,Bois a batir,,,,,200,pieds cubes,0.2,sources/Local/AD44_C706_Nantes_Exports_1738.csv,AD44 C706,9,,,,,Marion Merville & Jules Oudot,,,,,,,,,,,,
362,Local,1738,Nantes,,Espagne,Exports,Confitures,,,,,30,livres,0.5,sources/Local/AD44_C706_Nantes_Exports_1738.csv,AD44 C706,9,,,,,Marion Merville & Jules Oudot,,,,,,,,,,,,
363,Local,1738,Nantes,,Espagne,Exports,Caffé des isles,,,,,353,livres,0.5625,sources/Local/AD44_C706_Nantes_Exports_1738.csv,AD44 C706,9,,,,,Marion Merville & Jules Oudot,,,,,,,,,,,,
364,Local,1738,Nantes,,Espagne,Exports,Caffé de bourbon,,,,,1512,livres,0.135,sources/Local/AD44_C706_Nantes_Exports_1738.csv,AD44 C706,9,,,,,Marion Merville & Jules Oudot,,,,,,,,,,,,
365,Local,1738,Nantes,,Espagne,Exports,Cire jaune,,,,,3850,livres,24,sources/Local/AD44_C706_Nantes_Exports_1738.csv,AD44 C706,9,,,,,Marion Merville & Jules Oudot,,,,,,,,,,,,
366,Local,1738,Nantes,,Espagne,Exports,Chandelle,,,,,235,livres,0.175,sources/Local/AD44_C706_Nantes_Exports_1738.csv,AD44 C706,9,,,,,Marion Merville & Jules Oudot,,,,,,,,,,,,
367,Local,1738,Nantes,,Espagne,Exports,Cacao,,,,,23070,livres,0.135,sources/Local/AD44_C706_Nantes_Exports_1738.csv,AD44 C706,9,,,,,Marion Merville & Jules Oudot,,,,,,,,,,,,
368,Local,1738,Nantes,,Espagne,Exports,Caladaris,,,,,100,piece,24,sources/Local/AD44_C706_Nantes_Exports_1738.csv,AD44 C706,9,,,,,Marion Merville & Jules Oudot,,,,,,,,,,,,
369,Local,1738,Nantes,,Espagne,Exports,Camelot de laine,,,,,416,aune,6,sources/Local/AD44_C706_Nantes_Exports_1738.csv,AD44 C706,9,,,,,Marion Merville & Jules Oudot,,,,,,,,,,,,
370,Local,1738,Nantes,,Espagne,Exports,Chite,,,,,16,piece,30,sources/Local/AD44_C706_Nantes_Exports_1738.csv,AD44 C706,9,,,,,Marion Merville & Jules Oudot,,,,,,,,,,,,
371,Local,1738,Nantes,,Espagne,Exports,Charonies,,,,,100,piece,32,sources/Local/AD44_C706_Nantes_Exports_1738.csv,AD44 C706,9,,,,,Marion Merville & Jules Oudot,,,,,,,,,,,,
372,Local,1738,Nantes,,Espagne,Exports,Cirsaca,,,,,98,piece,56,sources/Local/AD44_C706_Nantes_Exports_1738.csv,AD44 C706,9,,,,,Marion Merville & Jules Oudot,,,,,,,,,,,,
373,Local,1738,Nantes,,Espagne,Exports,Chaquelas,,,,,21,piece,30,sources/Local/AD44_C706_Nantes_Exports_1738.csv,AD44 C706,9,,,,,Marion Merville & Jules Oudot,,,,,,,,,,,,
374,Local,1738,Nantes,,Espagne,Exports,Chapeaux castor,,,,,30,en nombre,16,sources/Local/AD44_C706_Nantes_Exports_1738.csv,AD44 C706,9,,,,,Marion Merville & Jules Oudot,,,,,,,,,,,,
375,Local,1738,Nantes,,Espagne,Exports,Chapeaux communs,,,,,18,en nombre,3,sources/Local/AD44_C706_Nantes_Exports_1738.csv,AD44 C706,9,,,,,Marion Merville & Jules Oudot,,,,,,,,,,,,
376,Local,1738,Nantes,,Espagne,Exports,Cordages,,,,,2650,livres,0.23,sources/Local/AD44_C706_Nantes_Exports_1738.csv,AD44 C706,9,,,,,Marion Merville & Jules Oudot,,,,,,,,,,,,
377,Local,1738,Nantes,,Espagne,Exports,Cuirs de vache en croute,,,,,7400,livres,0.6,sources/Local/AD44_C706_Nantes_Exports_1738.csv,AD44 C706,9,,,,,Marion Merville & Jules Oudot,,,,,,,,,,,,
378,Local,1738,Nantes,,Espagne,Exports,Cuirs de vache tannés,,,,,2380,livres,0.3,sources/Local/AD44_C706_Nantes_Exports_1738.csv,AD44 C706,9,,,,,Marion Merville & Jules Oudot,,,,,,,,,,,,
379,Local,1738,Nantes,,Espagne,Exports,Cuirs de vache,,,,,998,en nombre,5,sources/Local/AD44_C706_Nantes_Exports_1738.csv,AD44 C706,9,,,,,Marion Merville & Jules Oudot,,,,,,,,,,,,
380,Local,1738,Nantes,,Espagne,Exports,Cartes a jouer,,,,,3,en nombre,5,sources/Local/AD44_C706_Nantes_Exports_1738.csv,AD44 C706,9,,,,,Marion Merville & Jules Oudot,,,,,,,,,,,,
381,Local,1738,Nantes,,Espagne,Exports,Clouds de fer,,,,,800,livres,0.22,sources/Local/AD44_C706_Nantes_Exports_1738.csv,AD44 C706,9,,,,,Marion Merville & Jules Oudot,,,,,,,,,,,,
382,Local,1738,Nantes,,Espagne,Exports,Chaises de bois des isles,,,,,2,douzaine,18,sources/Local/AD44_C706_Nantes_Exports_1738.csv,AD44 C706,9,,,,,Marion Merville & Jules Oudot,,,,,,,,,,,,
383,Local,1738,Nantes,,Espagne,Exports,Chaises de paille,,,,,10,douzaine,10,sources/Local/AD44_C706_Nantes_Exports_1738.csv,AD44 C706,9,,,,,Marion Merville & Jules Oudot,,,,,,,,,,,,
384,Local,1738,Nantes,,Espagne,Exports,Cercles de bois,,,,,9,fourniere,10,sources/Local/AD44_C706_Nantes_Exports_1738.csv,AD44 C706,9,,,,,Marion Merville & Jules Oudot,,,,,,,,,,,,
385,Local,1738,Nantes,,Espagne,Exports,Commode,,,,,1,en nombre,100,sources/Local/AD44_C706_Nantes_Exports_1738.csv,AD44 C706,9,,,,,Marion Merville & Jules Oudot,,,,,,,,,,,,
386,Local,1738,Nantes,,Espagne,Exports,Dentelle du puy,,,,,2000,aune,1.5,sources/Local/AD44_C706_Nantes_Exports_1738.csv,AD44 C706,9,,,,,Marion Merville & Jules Oudot,,,,,,,,,,,,
387,Local,1738,Nantes,,Espagne,Exports,Damas des indes,,,,,59,piece,90,sources/Local/AD44_C706_Nantes_Exports_1738.csv,AD44 C706,9,,,,,Marion Merville & Jules Oudot,,,,,,,,,,,,
388,Local,1738,Nantes,,Espagne,Exports,Dissouchaye,,,,,98,piece,27,sources/Local/AD44_C706_Nantes_Exports_1738.csv,AD44 C706,9,,,,,Marion Merville & Jules Oudot,,,,,,,,,,,,
389,Local,1738,Nantes,,Espagne,Exports,Eau de vie,,,,,122,Barique,65,sources/Local/AD44_C706_Nantes_Exports_1738.csv,AD44 C706,9,,,,,Marion Merville & Jules Oudot,,,,,,,422,bariques,3.25,,,
390,Local,1738,Nantes,,Espagne,Exports,Elachar,,,,,118,piece,27,sources/Local/AD44_C706_Nantes_Exports_1738.csv,AD44 C706,9,,,,,Marion Merville & Jules Oudot,,,,,,,,,,,,
391,Local,1738,Nantes,,Espagne,Exports,Etamine de laine,,,,,8536,aune,2,sources/Local/AD44_C706_Nantes_Exports_1738.csv,AD44 C706,9,,,,,Marion Merville & Jules Oudot,,,,,,,,,,,,
392,Local,1738,Nantes,,Espagne,Exports,Estampes,,,,,650,livres,,sources/Local/AD44_C706_Nantes_Exports_1738.csv,AD44 C706,9,,,,,Marion Merville & Jules Oudot,,valeur unitaire manquante,,,,,,,,,,
393,Local,1738,Nantes,,Espagne,Exports,Etoupes,,,,,600,livres,0.08,sources/Local/AD44_C706_Nantes_Exports_1738.csv,AD44 C706,9,,,,,Marion Merville & Jules Oudot,,,,,,,,,,,,
394,Local,1738,Nantes,,Espagne,Exports,Evantails de bamboux,,,,,1382,en nombre,3,sources/Local/AD44_C706_Nantes_Exports_1738.csv,AD44 C706,9,,,,,Marion Merville & Jules Oudot,,,,,,,,,,,,
395,Local,1738,Nantes,,Espagne,Exports,Feves,,,,,41,tonneaux,90,sources/Local/AD44_C706_Nantes_Exports_1738.csv,AD44 C706,9,,,,,Marion Merville & Jules Oudot,,,,,,,,,,,,
396,Local,1738,Nantes,,Espagne,Exports,Fil de rennes,,,,,2040,livres,1.4,sources/Local/AD44_C706_Nantes_Exports_1738.csv,AD44 C706,9,,,,,Marion Merville & Jules Oudot,,,,,,,,,,,,
397,Local,1738,Nantes,,Espagne,Exports,Fil en masse,,,,,6926,livres,1.5,sources/Local/AD44_C706_Nantes_Exports_1738.csv,AD44 C706,9,,,,,Marion Merville & Jules Oudot,,,,,,,,,,,,
398,Local,1738,Nantes,,Espagne,Exports,Fayance,,,,,186,douzaine,3.75,sources/Local/AD44_C706_Nantes_Exports_1738.csv,AD44 C706,9,,,,,Marion Merville & Jules Oudot,,,,,,,,,,,,
399,Local,1738,Nantes,,Espagne,Exports,Faulx a faucher,,,,,2420,en nombre,1.5,sources/Local/AD44_C706_Nantes_Exports_1738.csv,AD44 C706,9,,,,,Marion Merville & Jules Oudot,,,,,,,,,,,,
400,Local,1738,Nantes,,Espagne,Exports,Fer ouvré,,,,,350,livres,0.25,sources/Local/AD44_C706_Nantes_Exports_1738.csv,AD44 C706,9,,,,,Marion Merville & Jules Oudot,,,,,,,,,,,,
401,Local,1738,Nantes,,Espagne,Exports,Guinguamd,,,,,613,piece,11.5,sources/Local/AD44_C706_Nantes_Exports_1738.csv,AD44 C706,9,,,,,Marion Merville & Jules Oudot,,,,,,,,,,,,
402,Local,1738,Nantes,,Espagne,Exports,Gourgouran,,,,,55,piece,90,sources/Local/AD44_C706_Nantes_Exports_1738.csv,AD44 C706,9,,,,,Marion Merville & Jules Oudot,,,,,,,,,,,,
403,Local,1738,Nantes,,Espagne,Exports,Garan,,,,,2051,piece,12,sources/Local/AD44_C706_Nantes_Exports_1738.csv,AD44 C706,9,,,,,Marion Merville & Jules Oudot,,,,,,,,,,,,
404,Local,1738,Nantes,,Espagne,Exports,Guinée blanche,,,,,3197,piece,35,sources/Local/AD44_C706_Nantes_Exports_1738.csv,AD44 C706,10,,,,,Marion Merville & Jules Oudot,,,,,,,,,,,,
405,Local,1738,Nantes,,Espagne,Exports,Gans de chamois,,,,,8,douzaines de paires,7.5,sources/Local/AD44_C706_Nantes_Exports_1738.csv,AD44 C706,10,,,,,Marion Merville & Jules Oudot,,,,,,,,,,,,
406,Local,1738,Nantes,,Espagne,Exports,Gomme senegal,,,,,20000,livres,0.35,sources/Local/AD44_C706_Nantes_Exports_1738.csv,AD44 C706,10,,,,,Marion Merville & Jules Oudot,,,,,,,,,,,,
407,Local,1738,Nantes,,Espagne,Exports,Goudron,,,,,9,barils,13,sources/Local/AD44_C706_Nantes_Exports_1738.csv,AD44 C706,10,,,,,Marion Merville & Jules Oudot,,,,,,,,,,,,
408,Local,1738,Nantes,,Espagne,Exports,Huile d'Olive,,,,,30,livres,0.6,sources/Local/AD44_C706_Nantes_Exports_1738.csv,AD44 C706,10,,,,,Marion Merville & Jules Oudot,,,,,,,,,,,,
409,Local,1738,Nantes,,Espagne,Exports,Indigo,,,,,366368,livres,3.5,sources/Local/AD44_C706_Nantes_Exports_1738.csv,AD44 C706,10,,,,,Marion Merville & Jules Oudot,,,,,,,,,,,,
410,Local,1738,Nantes,,Espagne,Exports,Jamavar,,,,,11,piece,55,sources/Local/AD44_C706_Nantes_Exports_1738.csv,AD44 C706,10,,,,,Marion Merville & Jules Oudot,,,,,,,,,,,,
411,Local,1738,Nantes,,Espagne,Exports,Lard,,,,,300,livres,0.2,sources/Local/AD44_C706_Nantes_Exports_1738.csv,AD44 C706,10,,,,,Marion Merville & Jules Oudot,,,,,,,,,,,,
412,Local,1738,Nantes,,Espagne,Exports,Lamproyes,,,,,414,boetes,5,sources/Local/AD44_C706_Nantes_Exports_1738.csv,AD44 C706,10,,,,,Marion Merville & Jules Oudot,,,,,,,,,,,,
413,Local,1738,Nantes,,Espagne,Exports,Laine,,,,,50,livres,,sources/Local/AD44_C706_Nantes_Exports_1738.csv,AD44 C706,10,,,,,Marion Merville & Jules Oudot,,valeur unitaire manquante,,,,,,,,,,
414,Local,1738,Nantes,,Espagne,Exports,Lampas,,,,,5,piece,160,sources/Local/AD44_C706_Nantes_Exports_1738.csv,AD44 C706,10,,,,,Marion Merville & Jules Oudot,,,,,,,,,,,,
415,Local,1738,Nantes,,Espagne,Exports,Librairie,,,,,900,livres,2,sources/Local/AD44_C706_Nantes_Exports_1738.csv,AD44 C706,10,,,,,Marion Merville & Jules Oudot,,,,,,,,,,,,
416,Local,1738,Nantes,,Espagne,Exports,Mercerie ordinaire,,,,,5885,livres,2,sources/Local/AD44_C706_Nantes_Exports_1738.csv,AD44 C706,10,,,,,Marion Merville & Jules Oudot,,,,,,,,,,,,
417,Local,1738,Nantes,,Espagne,Exports,Marchandises,,,220,,,,,sources/Local/AD44_C706_Nantes_Exports_1738.csv,AD44 C706,10,,,,,Marion Merville & Jules Oudot,,,,,,,,,,,,
418,Local,1738,Nantes,,Espagne,Exports,Mouchoirs,,,,,489,pieces,20,sources/Local/AD44_C706_Nantes_Exports_1738.csv,AD44 C706,10,,,,,Marion Merville & Jules Oudot,,,,,,,,,,,,
419,Local,1738,Nantes,,Espagne,Exports,Mouchoirs mazulipatan,,,,,12,pieces,25,sources/Local/AD44_C706_Nantes_Exports_1738.csv,AD44 C706,10,,,,,Marion Merville & Jules Oudot,,,,,,,,,,,,
420,Local,1738,Nantes,,Espagne,Exports,Mouchoirs du Bengale,,,,,167,pieces,25,sources/Local/AD44_C706_Nantes_Exports_1738.csv,AD44 C706,10,,,,,Marion Merville & Jules Oudot,,,,,,,,,,,,
421,Local,1738,Nantes,,Espagne,Exports,Mallemolle,,,,,30,pièces,45,sources/Local/AD44_C706_Nantes_Exports_1738.csv,AD44 C706,10,,,,,Marion Merville & Jules Oudot,,,,,,,,,,,,
422,Local,1738,Nantes,,Espagne,Exports,Moutons à battre pieux,,,,,4,pièces,18,sources/Local/AD44_C706_Nantes_Exports_1738.csv,AD44 C706,10,,,,,Marion Merville & Jules Oudot,,,,,,,,,,,,
423,Local,1738,Nantes,,Espagne,Exports,Panneaux,,,,,83,pieces,0.2,sources/Local/AD44_C706_Nantes_Exports_1738.csv,AD44 C706,10,,,,,Marion Merville & Jules Oudot,,,,,,,,,,,,
424,Local,1738,Nantes,,Espagne,Exports,Pruneaux,,,,,30,livres,0.2,sources/Local/AD44_C706_Nantes_Exports_1738.csv,AD44 C706,10,,,,,Marion Merville & Jules Oudot,,,,,,,,,,,,
425,Local,1738,Nantes,,Espagne,Exports,Poivre,,,,,13886,livres,1.3,sources/Local/AD44_C706_Nantes_Exports_1738.csv,AD44 C706,10,,,,,Marion Merville & Jules Oudot,,,,,,,,,,,,
426,Local,1738,Nantes,,Espagne,Exports,Poudre a poudrer,,,,,100,pièces,0.18,sources/Local/AD44_C706_Nantes_Exports_1738.csv,AD44 C706,10,,,,,Marion Merville & Jules Oudot,,,,,,,,,,,,
427,Local,1738,Nantes,,Espagne,Exports,Pinasse,,,,,108,pieces,18,sources/Local/AD44_C706_Nantes_Exports_1738.csv,AD44 C706,10,,,,,Marion Merville & Jules Oudot,,,,,,,,,,,,
428,Local,1738,Nantes,,Espagne,Exports,Peaux de veau corroyées,,,,,512,douzaine,22.5,sources/Local/AD44_C706_Nantes_Exports_1738.csv,AD44 C706,10,,,,,Marion Merville & Jules Oudot,,,,,,,,,,,,
429,Local,1738,Nantes,,Espagne,Exports,Peaux de mouton passées,,,,,288,en nombre,15,sources/Local/AD44_C706_Nantes_Exports_1738.csv,AD44 C706,10,,,,,Marion Merville & Jules Oudot,,,,,,,,,,,,
430,Local,1738,Nantes,,Espagne,Exports,Papier à ecrire,,,,,1620,livres,0.55,sources/Local/AD44_C706_Nantes_Exports_1738.csv,AD44 C706,10,,,,,Marion Merville & Jules Oudot,,,,,,,,,,,,
431,Local,1738,Nantes,,Espagne,Exports,Porcelaine des indes,,,,,3450,livres,5,sources/Local/AD44_C706_Nantes_Exports_1738.csv,AD44 C706,10,,,,,Marion Merville & Jules Oudot,,,,,,,,,,,,
432,Local,1738,Nantes,,Espagne,Exports,Plomb en table,,,,,275,livres,0.25,sources/Local/AD44_C706_Nantes_Exports_1738.csv,AD44 C706,10,,,,,Marion Merville & Jules Oudot,,,,,,,,,,,,
433,Local,1738,Nantes,,Espagne,Exports,Paravens,,,,,1,pièce,30,sources/Local/AD44_C706_Nantes_Exports_1738.csv,AD44 C706,10,,,,,Marion Merville & Jules Oudot,,,,,,,,,,,,
434,Local,1738,Nantes,,Espagne,Exports,Planche de sapin,,,,,80,pièces,1,sources/Local/AD44_C706_Nantes_Exports_1738.csv,AD44 C706,10,,,,,Marion Merville & Jules Oudot,,,,,,,,,,,,
435,Local,1738,Nantes,,Espagne,Exports,Quincaille,,,,,91390,livres,1.25,sources/Local/AD44_C706_Nantes_Exports_1738.csv,AD44 C706,10,,,,,Marion Merville & Jules Oudot,,,,,,,,,,,,
436,Local,1738,Nantes,,Espagne,Exports,Rave de moruë,,,,,20,Barique,80,sources/Local/AD44_C706_Nantes_Exports_1738.csv,AD44 C706,10,,,,,Marion Merville & Jules Oudot,,,,,,,,,,,,
437,Local,1738,Nantes,,Espagne,Exports,Rubarbe,,,,,30,livres,60,sources/Local/AD44_C706_Nantes_Exports_1738.csv,AD44 C706,10,,,,,Marion Merville & Jules Oudot,,,,,,,,,,,,
438,Local,1738,Nantes,,Espagne,Exports,Sucre en pain,,,,,29980,livres,0.6,sources/Local/AD44_C706_Nantes_Exports_1738.csv,AD44 C706,10,,,,,Marion Merville & Jules Oudot,,,,,,,,,,,,
439,Local,1738,Nantes,,Espagne,Exports,Sucre terré,,,,,1431150,livres,0.27,sources/Local/AD44_C706_Nantes_Exports_1738.csv,AD44 C706,10,,,,,Marion Merville & Jules Oudot,,,,,,,,,,,,
440,Local,1738,Nantes,,Espagne,Exports,Sucre tête,,,,,773750,livres,0.2,sources/Local/AD44_C706_Nantes_Exports_1738.csv,AD44 C706,10,,,,,Marion Merville & Jules Oudot,,,,,,,,,,,,
441,Local,1738,Nantes,,Espagne,Exports,Sucre brut,,,,,34150,livres,0.16,sources/Local/AD44_C706_Nantes_Exports_1738.csv,AD44 C706,10,,,,,Marion Merville & Jules Oudot,,,,,,,,,,,,
442,Local,1738,Nantes,,Espagne,Exports,Satin des indes,,,,,6,pieces,100,sources/Local/AD44_C706_Nantes_Exports_1738.csv,AD44 C706,10,,,,,Marion Merville & Jules Oudot,,,,,,,,,,,,
443,Local,1738,Nantes,,Espagne,Exports,Salempouris,,,,,1120,pieces,17,sources/Local/AD44_C706_Nantes_Exports_1738.csv,AD44 C706,10,,,,,Marion Merville & Jules Oudot,,,,,,,,,,,,
444,Local,1738,Nantes,,Espagne,Exports,Stinkerque raué,,,,,107,pieces,,sources/Local/AD44_C706_Nantes_Exports_1738.csv,AD44 C706,10,,,,,Marion Merville & Jules Oudot,,valeur unitaire manquante,,,,,,,,,,
445,Local,1738,Nantes,,Espagne,Exports,Suif,,,,,830,livres,0.28,sources/Local/AD44_C706_Nantes_Exports_1738.csv,AD44 C706,10,,,,,Marion Merville & Jules Oudot,,,,,,,,,,,,
446,Local,1738,Nantes,,Espagne,Exports,Soufre,,,,,160,livres,0.18,sources/Local/AD44_C706_Nantes_Exports_1738.csv,AD44 C706,10,,,,,Marion Merville & Jules Oudot,,,,,,,,,,,,
447,Local,1738,Nantes,,Espagne,Exports,Savon,,,,,480,livres,0.33,sources/Local/AD44_C706_Nantes_Exports_1738.csv,AD44 C706,10,,,,,Marion Merville & Jules Oudot,,,,,,,,,,,,
448,Local,1738,Nantes,,Espagne,Exports,Souliers de femme,,,,,90,paires,3,sources/Local/AD44_C706_Nantes_Exports_1738.csv,AD44 C706,10,,,,,Marion Merville & Jules Oudot,,,,,,,,,,,,
449,Local,1738,Nantes,,Espagne,Exports,Soufler a forge,,,,,1,pièce,35,sources/Local/AD44_C706_Nantes_Exports_1738.csv,AD44 C706,10,,,,,Marion Merville & Jules Oudot,,,,,,,,,,,,
450,Local,1738,Nantes,,Espagne,Exports,Soliveaux de sapin,,,,,80,pieds cubes,16,sources/Local/AD44_C706_Nantes_Exports_1738.csv,AD44 C706,10,,,,,Marion Merville & Jules Oudot,,,,,,,,,,,,
451,Local,1738,Nantes,,Espagne,Exports,Thé divers,,,,,3928,livres,2.75,sources/Local/AD44_C706_Nantes_Exports_1738.csv,AD44 C706,10,,,,,Marion Merville & Jules Oudot,,,,,,,,,,,,
452,Local,1738,Nantes,,Espagne,Exports,Toutenague,,,,,8000,livres,0.6,sources/Local/AD44_C706_Nantes_Exports_1738.csv,AD44 C706,10,,,,,Marion Merville & Jules Oudot,,,,,,,,,,,,
453,Local,1738,Nantes,,Espagne,Exports,Tafetas,,,,,2,pieces,140,sources/Local/AD44_C706_Nantes_Exports_1738.csv,AD44 C706,10,,,,,Marion Merville & Jules Oudot,,,,,,,,,,,,
454,Local,1738,Nantes,,Espagne,Exports,Toile peinte,,,,,69,pieces,21,sources/Local/AD44_C706_Nantes_Exports_1738.csv,AD44 C706,11,,,,,Marion Merville & Jules Oudot,,,,,,,,,,,,
455,Local,1738,Nantes,,Espagne,Exports,Toile de bretagne,,,,,148520,livres,4,sources/Local/AD44_C706_Nantes_Exports_1738.csv,AD44 C706,11,,,,,Marion Merville & Jules Oudot,,,,,,,,,,,,
456,Local,1738,Nantes,,Espagne,Exports,Toile de bretagne,,,,,13500,aunes,0.65,sources/Local/AD44_C706_Nantes_Exports_1738.csv,AD44 C706,11,,,,,Marion Merville & Jules Oudot,,,,,,,,,,,,
457,Local,1738,Nantes,,Espagne,Exports,Vin nantois,,,,,108.5,tonneaux,75,sources/Local/AD44_C706_Nantes_Exports_1738.csv,AD44 C706,11,,,,,Marion Merville & Jules Oudot,,,,,,,108.5,tonneaux,2.45,,,
458,Local,1738,Nantes,,Espagne,Exports,Vin de bordeaux,,,,,2.75,tonneaux,200,sources/Local/AD44_C706_Nantes_Exports_1738.csv,AD44 C706,11,,,,,Marion Merville & Jules Oudot,,,,,,,2.75,tonneaux,2.45,,,
459,Local,1738,Nantes,,Espagne,Exports,Vin de paÿs,,,,,1.5,tonneaux,80,sources/Local/AD44_C706_Nantes_Exports_1738.csv,AD44 C706,11,,,,,Marion Merville & Jules Oudot,,,,,,,1.5,tonneau,2.45,,,
460,Local,1738,Nantes,,Espagne,Exports,Vinaigre,,,,,9,tonneaux,85,sources/Local/AD44_C706_Nantes_Exports_1738.csv,AD44 C706,11,,,,,Marion Merville & Jules Oudot,,,,,,,9,tonneaux,2.45,,,
461,Local,1738,Nantes,,Espagne,Exports,Vinaigre,,,,,58,quarts,85,sources/Local/AD44_C706_Nantes_Exports_1738.csv,AD44 C706,11,,,,,Marion Merville & Jules Oudot,,,,,,,,,,,,
462,Local,1738,Nantes,,Espagne,Exports,Vieux oint,,,,,2500,livres,0.4,sources/Local/AD44_C706_Nantes_Exports_1738.csv,AD44 C706,11,,,,,Marion Merville & Jules Oudot,,,,,,,,,,,,
463,Local,1738,Nantes,,Portugal,Exports,Beure,,,,,50,livres,0.4,sources/Local/AD44_C706_Nantes_Exports_1738.csv,AD44 C706,11,,,,,Marion Merville & Jules Oudot,,,,,,,,,,,,
464,Local,1738,Nantes,,Portugal,Exports,Bas de laine,,,,,55,livres,3,sources/Local/AD44_C706_Nantes_Exports_1738.csv,AD44 C706,11,,,,,Marion Merville & Jules Oudot,,,,,,,,,,,,
465,Local,1738,Nantes,,Portugal,Exports,Bonnetterie de laine,,,,,2795,livres,3,sources/Local/AD44_C706_Nantes_Exports_1738.csv,AD44 C706,11,,,,,Marion Merville & Jules Oudot,,,,,,,,,,,,
466,Local,1738,Nantes,,Portugal,Exports,Bazin des indes,,,,,30,piece,38.5,sources/Local/AD44_C706_Nantes_Exports_1738.csv,AD44 C706,11,,,,,Marion Merville & Jules Oudot,,,,,,,,,,,,
467,Local,1738,Nantes,,Portugal,Exports,Bougran,,,,,200,livres,0.5,sources/Local/AD44_C706_Nantes_Exports_1738.csv,AD44 C706,11,,,,,Marion Merville & Jules Oudot,,,,,,,,,,,,
468,Local,1738,Nantes,,Portugal,Exports,Confitures,,,,,60,livres,0.5,sources/Local/AD44_C706_Nantes_Exports_1738.csv,AD44 C706,11,,,,,Marion Merville & Jules Oudot,,,,,,,,,,,,
469,Local,1738,Nantes,,Portugal,Exports,Caffé des isles,,,,,9917,livres,0.55,sources/Local/AD44_C706_Nantes_Exports_1738.csv,AD44 C706,11,,,,,Marion Merville & Jules Oudot,,,,,,,,,,,,
470,Local,1738,Nantes,,Portugal,Exports,Caffé de bourbon,,,,,4373,livres,0.75,sources/Local/AD44_C706_Nantes_Exports_1738.csv,AD44 C706,11,,,,,Marion Merville & Jules Oudot,,,,,,,,,,,,
471,Local,1738,Nantes,,Portugal,Exports,Cacao,,,,,12430,livres,0.135,sources/Local/AD44_C706_Nantes_Exports_1738.csv,AD44 C706,11,,,,,Marion Merville & Jules Oudot,,,,,,,,,,,,
472,Local,1738,Nantes,,Portugal,Exports,Camelot de laine,,,,,100,aune,4,sources/Local/AD44_C706_Nantes_Exports_1738.csv,AD44 C706,11,,,,,Marion Merville & Jules Oudot,,,,,,,,,,,,
473,Local,1738,Nantes,,Portugal,Exports,Cuirs de vache en croute,,,,,3640,livres,0.6,sources/Local/AD44_C706_Nantes_Exports_1738.csv,AD44 C706,11,,,,,Marion Merville & Jules Oudot,,,,,,,,,,,,
474,Local,1738,Nantes,,Portugal,Exports,Eau de vie,,,,,237,bariques,65,sources/Local/AD44_C706_Nantes_Exports_1738.csv,AD44 C706,11,,,,,Marion Merville & Jules Oudot,,,,,,,237,barriques,3.25,,,
475,Local,1738,Nantes,,Portugal,Exports,Etoffe de soye,,,,,30,livres,40,sources/Local/AD44_C706_Nantes_Exports_1738.csv,AD44 C706,11,,,,,Marion Merville & Jules Oudot,,,,,,,,,,,,
476,Local,1738,Nantes,,Portugal,Exports,Etamine de laine,,,,,3210,aunes,2,sources/Local/AD44_C706_Nantes_Exports_1738.csv,AD44 C706,11,,,,,Marion Merville & Jules Oudot,,,,,,,,,,,,
477,Local,1738,Nantes,,Portugal,Exports,Feves en pox,,,,,39,tonneaux,100,sources/Local/AD44_C706_Nantes_Exports_1738.csv,AD44 C706,11,,,,,Marion Merville & Jules Oudot,,,,,,,,,,,,
478,Local,1738,Nantes,,Portugal,Exports,Fil de rennes,,,,,350,livres,1.4,sources/Local/AD44_C706_Nantes_Exports_1738.csv,AD44 C706,11,,,,,Marion Merville & Jules Oudot,,,,,,,,,,,,
479,Local,1738,Nantes,,Portugal,Exports,Fayance,,,,,2,douzaine,3.75,sources/Local/AD44_C706_Nantes_Exports_1738.csv,AD44 C706,11,,,,,Marion Merville & Jules Oudot,,,,,,,,,,,,
480,Local,1738,Nantes,,Portugal,Exports,Guinée bleuë,,,,,200,pieces,21,sources/Local/AD44_C706_Nantes_Exports_1738.csv,AD44 C706,11,,,,,Marion Merville & Jules Oudot,,lecture valeur unitaire,,,,,,,,,,
481,Local,1738,Nantes,,Portugal,Exports,Indigo,,,,,2025,livres,3.5,sources/Local/AD44_C706_Nantes_Exports_1738.csv,AD44 C706,11,,,,,Marion Merville & Jules Oudot,,,,,,,,,,,,
482,Local,1738,Nantes,,Portugal,Exports,Mercerie ordinaire,,,,,3900,livres,2,sources/Local/AD44_C706_Nantes_Exports_1738.csv,AD44 C706,11,,,,,Marion Merville & Jules Oudot,,,,,,,,,,,,
483,Local,1738,Nantes,,Portugal,Exports,Mouchoirs de pontichery,,,,,500,piece,25,sources/Local/AD44_C706_Nantes_Exports_1738.csv,AD44 C706,11,,,,,Marion Merville & Jules Oudot,,,,,,,,,,,,
484,Local,1738,Nantes,,Portugal,Exports,Oignons de jonquilles,,,,,6000,livres,40,sources/Local/AD44_C706_Nantes_Exports_1738.csv,AD44 C706,11,,,,,Marion Merville & Jules Oudot,,"lecture "" en nombre "" ?",,,,,,,,,,
485,Local,1738,Nantes,,Portugal,Exports,Laine,,,,,200,livres,1.3,sources/Local/AD44_C706_Nantes_Exports_1738.csv,AD44 C706,11,,,,,Marion Merville & Jules Oudot,,,,,,,,,,,,
486,Local,1738,Nantes,,Portugal,Exports,Peaux d'ours,,,,,50,en nombre,8,sources/Local/AD44_C706_Nantes_Exports_1738.csv,AD44 C706,11,,,,,Marion Merville & Jules Oudot,,,,,,,,,,,,
487,Local,1738,Nantes,,Portugal,Exports,Peaux de veau corroyées,,,,,2545,douzaine,22.5,sources/Local/AD44_C706_Nantes_Exports_1738.csv,AD44 C706,11,,,,,Marion Merville & Jules Oudot,,,,,,,,,,,,
488,Local,1738,Nantes,,Portugal,Exports,Peaux de mouton passées,,,,,13958,en nombre,15,sources/Local/AD44_C706_Nantes_Exports_1738.csv,AD44 C706,11,,,,,Marion Merville & Jules Oudot,,,,,,,,,,,,
489,Local,1738,Nantes,,Portugal,Exports,Quincaille,,,,,60,,1.25,sources/Local/AD44_C706_Nantes_Exports_1738.csv,AD44 C706,11,,,,,Marion Merville & Jules Oudot,,,,,,,,,,,,
490,Local,1738,Nantes,,Portugal,Exports,Sucre en pain,,,,,2550,,0.6,sources/Local/AD44_C706_Nantes_Exports_1738.csv,AD44 C706,11,,,,,Marion Merville & Jules Oudot,,,,,,,,,,,,
491,Local,1738,Nantes,,Portugal,Exports,Sucre terré,,,,,177350,,0.25,sources/Local/AD44_C706_Nantes_Exports_1738.csv,AD44 C706,11,,,,,Marion Merville & Jules Oudot,,,,,,,,,,,,
492,Local,1738,Nantes,,Portugal,Exports,Sucre teste,,,,,700,,0.2,sources/Local/AD44_C706_Nantes_Exports_1738.csv,AD44 C706,11,,,,,Marion Merville & Jules Oudot,,,,,,,,,,,,
493,Local,1738,Nantes,,Portugal,Exports,Sirop de sucre,,,,,20000,,5,sources/Local/AD44_C706_Nantes_Exports_1738.csv,AD44 C706,11,,,,,Marion Merville & Jules Oudot,,,,,,,,,,,,
494,Local,1738,Nantes,,Portugal,Exports,Sirop de limon,,,,,28580,,1,sources/Local/AD44_C706_Nantes_Exports_1738.csv,AD44 C706,11,,,,,Marion Merville & Jules Oudot,,,,,,,,,,,,
495,Local,1738,Nantes,,Portugal,Exports,Soyerie,,,,,170,,0.4,sources/Local/AD44_C706_Nantes_Exports_1738.csv,AD44 C706,11,,,,,Marion Merville & Jules Oudot,,,,,,,,,,,,
496,Local,1738,Nantes,,Portugal,Exports,Serge,,,,,2146,aune,1.1,sources/Local/AD44_C706_Nantes_Exports_1738.csv,AD44 C706,11,,,,,Marion Merville & Jules Oudot,,,,,,,,,,,,
497,Local,1738,Nantes,,Portugal,Exports,Salempouris bleu,,,,,240,piece,20,sources/Local/AD44_C706_Nantes_Exports_1738.csv,AD44 C706,11,,,,,Marion Merville & Jules Oudot,,,,,,,,,,,,
498,Local,1738,Nantes,,Portugal,Exports,Squine,,,,,1500,livres,1,sources/Local/AD44_C706_Nantes_Exports_1738.csv,AD44 C706,11,,,,,Marion Merville & Jules Oudot,,,,,,,,,,,,
499,Local,1738,Nantes,,Portugal,Exports,Thé divers,,,,,1544,livres,2.75,sources/Local/AD44_C706_Nantes_Exports_1738.csv,AD44 C706,11,,,,,Marion Merville & Jules Oudot,,,,,,,,,,,,
500,Local,1738,Nantes,,Portugal,Exports,Toile de bretagne,,,,,39149,livres,4,sources/Local/AD44_C706_Nantes_Exports_1738.csv,AD44 C706,11,,,,,Marion Merville & Jules Oudot,,,,,,,,,,,,
501,Local,1738,Nantes,,Portugal,Exports,Vin de bordeaux,,,,,2,tonneaux,200,sources/Local/AD44_C706_Nantes_Exports_1738.csv,AD44 C706,11,,,,,Marion Merville & Jules Oudot,,,,,,,2,tonneaux,2.45,,,
502,Local,1738,Nantes,,Portugal,Exports,Vinaigre,,,,,135,tonneaux,85,sources/Local/AD44_C706_Nantes_Exports_1738.csv,AD44 C706,11,,,,,Marion Merville & Jules Oudot,,,,,,,135,tonneaux,2.45,,,
503,Local,1738,Nantes,,Italie,Exports,Confiture,,,,,120,livres,0.5,sources/Local/AD44_C706_Nantes_Exports_1738.csv,AD44 C706,12,,,,,Marion Merville & Jules Oudot,,,,,,,,,,,,
504,Local,1738,Nantes,,Italie,Exports,Cacao,,,,,5012,livres,0.195,sources/Local/AD44_C706_Nantes_Exports_1738.csv,AD44 C706,12,,,,,Marion Merville & Jules Oudot,,,,,,,,,,,,
505,Local,1738,Nantes,,Italie,Exports,Dissouchaye,,,,,50,piece,27,sources/Local/AD44_C706_Nantes_Exports_1738.csv,AD44 C706,12,,,,,Marion Merville & Jules Oudot,,,,,,,,,,,,
506,Local,1738,Nantes,,Italie,Exports,Eau de vie,,,,,10.5,bariques,65,sources/Local/AD44_C706_Nantes_Exports_1738.csv,AD44 C706,12,,,,,Marion Merville & Jules Oudot,,,,,,,10.5,bariques,3.25,,,
507,Local,1738,Nantes,,Italie,Exports,Etamine de laine,,,,,200,aune,2,sources/Local/AD44_C706_Nantes_Exports_1738.csv,AD44 C706,12,,,,,Marion Merville & Jules Oudot,,,,,,,,,,,,
508,Local,1738,Nantes,,Italie,Exports,Indigo,,,,,3270,livres,3.5,sources/Local/AD44_C706_Nantes_Exports_1738.csv,AD44 C706,12,,,,,Marion Merville & Jules Oudot,,,,,,,,,,,,
509,Local,1738,Nantes,,Italie,Exports,Sucre en pain,,,,,950,livres,0.6,sources/Local/AD44_C706_Nantes_Exports_1738.csv,AD44 C706,12,,,,,Marion Merville & Jules Oudot,,,,,,,,,,,,
510,Local,1738,Nantes,,Italie,Exports,Sucre terré,,,,,112060,livres,0.23,sources/Local/AD44_C706_Nantes_Exports_1738.csv,AD44 C706,12,,,,,Marion Merville & Jules Oudot,,,,,,,,,,,,
511,Local,1738,Nantes,,Italie,Exports,Toile de Bretagne,,,,,520,livres,4,sources/Local/AD44_C706_Nantes_Exports_1738.csv,AD44 C706,12,,,,,Marion Merville & Jules Oudot,,,,,,,,,,,,
512,Local,1738,Nantes,,Guinée,Exports,Anabas,,,,,10280,piece,23,sources/Local/AD44_C706_Nantes_Exports_1738.csv,AD44 C706,12,,,,,Marion Merville & Jules Oudot,,,,,,,,,,,,
513,Local,1738,Nantes,,Guinée,Exports,Alibanis,,,,,417,piece,12,sources/Local/AD44_C706_Nantes_Exports_1738.csv,AD44 C706,12,,,,,Marion Merville & Jules Oudot,,,,,,,,,,,,
514,Local,1738,Nantes,,Guinée,Exports,Beuf salé,,,,,730,Baril,22,sources/Local/AD44_C706_Nantes_Exports_1738.csv,AD44 C706,12,,,,,Marion Merville & Jules Oudot,,,,,,,,,,,,
515,Local,1738,Nantes,,Guinée,Exports,Beure,,,,,7370,livres,0.26,sources/Local/AD44_C706_Nantes_Exports_1738.csv,AD44 C706,12,,,,,Marion Merville & Jules Oudot,,,,,,,,,,,,
516,Local,1738,Nantes,,Guinée,Exports,Bougie,,,,,170,livres,0.26,sources/Local/AD44_C706_Nantes_Exports_1738.csv,AD44 C706,12,,,,,Marion Merville & Jules Oudot,,,,,,,,,,,,
517,Local,1738,Nantes,,Guinée,Exports,Bazin des indes,,,,,28,piece,38.5,sources/Local/AD44_C706_Nantes_Exports_1738.csv,AD44 C706,12,,,,,Marion Merville & Jules Oudot,,,,,,,,,,,,
518,Local,1738,Nantes,,Guinée,Exports,Branle,,,,,705,piece,4,sources/Local/AD44_C706_Nantes_Exports_1738.csv,AD44 C706,12,,,,,Marion Merville & Jules Oudot,,,,,,,,,,,,
519,Local,1738,Nantes,,Guinée,Exports,Baffetas bleu,,,,,797,piece,10.25,sources/Local/AD44_C706_Nantes_Exports_1738.csv,AD44 C706,12,,,,,Marion Merville & Jules Oudot,,,,,,,,,,,,
520,Local,1738,Nantes,,Guinée,Exports,Boulange,,,,,480,piece,13,sources/Local/AD44_C706_Nantes_Exports_1738.csv,AD44 C706,12,,,,,Marion Merville & Jules Oudot,,,,,,,,,,,,
521,Local,1738,Nantes,,Guinée,Exports,Bajutapaux,,,,,398,piece,14,sources/Local/AD44_C706_Nantes_Exports_1738.csv,AD44 C706,12,,,,,Marion Merville & Jules Oudot,,,,,,,,,,,,
522,Local,1738,Nantes,,Guinée,Exports,Boulais,,,,,100,piece,12,sources/Local/AD44_C706_Nantes_Exports_1738.csv,AD44 C706,12,,,,,Marion Merville & Jules Oudot,,,,,,,,,,,,
523,Local,1738,Nantes,,Guinée,Exports,Bayette,,,,,31,piece,15,sources/Local/AD44_C706_Nantes_Exports_1738.csv,AD44 C706,12,,,,,Marion Merville & Jules Oudot,,,,,,,,,,,,
524,Local,1738,Nantes,,Guinée,Exports,Bonnets de laine,,,,,70,livres,2,sources/Local/AD44_C706_Nantes_Exports_1738.csv,AD44 C706,12,,,,,Marion Merville & Jules Oudot,,,,,,,,,,,,
525,Local,1738,Nantes,,Guinée,Exports,Bassins de cuivre,,,,,24615,livres,1.3,sources/Local/AD44_C706_Nantes_Exports_1738.csv,AD44 C706,12,,,,,Marion Merville & Jules Oudot,,,,,,,,,,,,
526,Local,1738,Nantes,,Guinée,Exports,Bassins d'étain,,,,,200,en nombre,4,sources/Local/AD44_C706_Nantes_Exports_1738.csv,AD44 C706,12,,,,,Marion Merville & Jules Oudot,,,,,,,,,,,,
527,Local,1738,Nantes,,Guinée,Exports,Bassins d'étain,,,,,2200,livres,0.85,sources/Local/AD44_C706_Nantes_Exports_1738.csv,AD44 C706,12,,,,,Marion Merville & Jules Oudot,,,,,,,,,,,,
528,Local,1738,Nantes,,Guinée,Exports,Bouchons de liege,,,,,5,milliers,0.9,sources/Local/AD44_C706_Nantes_Exports_1738.csv,AD44 C706,12,,,,,Marion Merville & Jules Oudot,,,,,,,,,,,,
529,Local,1738,Nantes,,Guinée,Exports,Bariques vuides,,,,,232,en nombre,1,sources/Local/AD44_C706_Nantes_Exports_1738.csv,AD44 C706,12,,,,,Marion Merville & Jules Oudot,,,,,,,,,,,,
530,Local,1738,Nantes,,Guinée,Exports,Caffe des Isles,,,,,188,livres,0.5625,sources/Local/AD44_C706_Nantes_Exports_1738.csv,AD44 C706,12,,,,,Marion Merville & Jules Oudot,,,,,,,,,,,,
531,Local,1738,Nantes,,Guinée,Exports,Cauria,,,,,178044,livres,1.2,sources/Local/AD44_C706_Nantes_Exports_1738.csv,AD44 C706,12,,,,,Marion Merville & Jules Oudot,,,,,,,,,,,,
532,Local,1738,Nantes,,Guinée,Exports,Corail ouvré,,,,,289,livres,0.75,sources/Local/AD44_C706_Nantes_Exports_1738.csv,AD44 C706,12,,,,,Marion Merville & Jules Oudot,,,,,,,,,,,,
533,Local,1738,Nantes,,Guinée,Exports,Cire d'Espagne,,,,,30,livres,4,sources/Local/AD44_C706_Nantes_Exports_1738.csv,AD44 C706,12,,,,,Marion Merville & Jules Oudot,,,,,,,,,,,,
534,Local,1738,Nantes,,Guinée,Exports,Chandelle,,,,,1200,livres,0.375,sources/Local/AD44_C706_Nantes_Exports_1738.csv,AD44 C706,12,,,,,Marion Merville & Jules Oudot,,,,,,,,,,,,
535,Local,1738,Nantes,,Guinée,Exports,Couty,,,,,1330,livres,4,sources/Local/AD44_C706_Nantes_Exports_1738.csv,AD44 C706,12,,,,,Marion Merville & Jules Oudot,,,,,,,,,,,,
536,Local,1738,Nantes,,Guinée,Exports,Chitte,,,,,88,piece,30,sources/Local/AD44_C706_Nantes_Exports_1738.csv,AD44 C706,12,,,,,Marion Merville & Jules Oudot,,,,,,,,,,,,
537,Local,1738,Nantes,,Guinée,Exports,Corous,,,,,3734,piece,4.25,sources/Local/AD44_C706_Nantes_Exports_1738.csv,AD44 C706,12,,,,,Marion Merville & Jules Oudot,,,,,,,,,,,,
538,Local,1738,Nantes,,Guinée,Exports,Chasselas,,,,,182,piece,20,sources/Local/AD44_C706_Nantes_Exports_1738.csv,AD44 C706,13,,,,,Marion Merville & Jules Oudot,,,,,,,,,,,,
539,Local,1738,Nantes,,Guinée,Exports,Cottonade,,,,,170,livres,2.5,sources/Local/AD44_C706_Nantes_Exports_1738.csv,AD44 C706,13,,,,,Marion Merville & Jules Oudot,,,,,,,,,,,,
540,Local,1738,Nantes,,Guinée,Exports,Coupis,,,,,100,piece,16.5,sources/Local/AD44_C706_Nantes_Exports_1738.csv,AD44 C706,13,,,,,Marion Merville & Jules Oudot,,,,,,,,,,,,
541,Local,1738,Nantes,,Guinée,Exports,Camelot écarlate,,,,,160,aunes,25,sources/Local/AD44_C706_Nantes_Exports_1738.csv,AD44 C706,13,,,,,Marion Merville & Jules Oudot,,,,,,,,,,,,
542,Local,1738,Nantes,,Guinée,Exports,Camelot de laine,,,,,230,aunes,5,sources/Local/AD44_C706_Nantes_Exports_1738.csv,AD44 C706,13,,,,,Marion Merville & Jules Oudot,,,,,,,,,,,,
543,Local,1738,Nantes,,Guinée,Exports,Camelot de laine,,,,,60,livres,3,sources/Local/AD44_C706_Nantes_Exports_1738.csv,AD44 C706,13,,,,,Marion Merville & Jules Oudot,,,,,,,,,,,,
544,Local,1738,Nantes,,Guinée,Exports,Contrebrodé,,,,,370,livres,0.8,sources/Local/AD44_C706_Nantes_Exports_1738.csv,AD44 C706,13,,,,,Marion Merville & Jules Oudot,,,,,,,,,,,,
545,Local,1738,Nantes,,Guinée,Exports,Cordages,,,,,136050,livres,0.23,sources/Local/AD44_C706_Nantes_Exports_1738.csv,AD44 C706,13,,,,,Marion Merville & Jules Oudot,,,,,,,,,,,,
546,Local,1738,Nantes,,Guinée,Exports,Chapeaux castor,,,,,108,en nombre,15,sources/Local/AD44_C706_Nantes_Exports_1738.csv,AD44 C706,13,,,,,Marion Merville & Jules Oudot,,,,,,,,,,,,
547,Local,1738,Nantes,,Guinée,Exports,Chapeaux a negre,,,,,37,douzaine,12,sources/Local/AD44_C706_Nantes_Exports_1738.csv,AD44 C706,13,,,,,Marion Merville & Jules Oudot,,,,,,,,,,,,
548,Local,1738,Nantes,,Guinée,Exports,Couteaux communs,,,,,10043,douzaine,1.5,sources/Local/AD44_C706_Nantes_Exports_1738.csv,AD44 C706,13,,,,,Marion Merville & Jules Oudot,,,,,,,,,,,,
549,Local,1738,Nantes,,Guinée,Exports,Couteaux communs,,,,,200,douzaine,0.75,sources/Local/AD44_C706_Nantes_Exports_1738.csv,AD44 C706,13,,,,,Marion Merville & Jules Oudot,,,,,,,,,,,,
550,Local,1738,Nantes,,Guinée,Exports,Cuivre ouvré,,,,,535,livres,1.5,sources/Local/AD44_C706_Nantes_Exports_1738.csv,AD44 C706,13,,,,,Marion Merville & Jules Oudot,,,,,,,,,,,,
551,Local,1738,Nantes,,Guinée,Exports,Caves garnies de 12 flacons,,,,,10,pièces,12,sources/Local/AD44_C706_Nantes_Exports_1738.csv,AD44 C706,13,,,,,Marion Merville & Jules Oudot,,,,,,,,,,,,
552,Local,1738,Nantes,,Guinée,Exports,Caves garnies de 9 flacons,,,,,730,pièces,8,sources/Local/AD44_C706_Nantes_Exports_1738.csv,AD44 C706,13,,,,,Marion Merville & Jules Oudot,,,,,,,,,,,,
553,Local,1738,Nantes,,Guinée,Exports,Caves garnies de 6 flacons,,,,,1635,pièces,7,sources/Local/AD44_C706_Nantes_Exports_1738.csv,AD44 C706,13,,,,,Marion Merville & Jules Oudot,,,,,,,,,,,,
554,Local,1738,Nantes,,Guinée,Exports,Canettes de terre,,,,,16778,en nombre,0.2,sources/Local/AD44_C706_Nantes_Exports_1738.csv,AD44 C706,13,,,,,Marion Merville & Jules Oudot,,,,,,,,,,,,
555,Local,1738,Nantes,,Guinée,Exports,Canettes de terre,,,,,500,livres,0.2,sources/Local/AD44_C706_Nantes_Exports_1738.csv,AD44 C706,13,,,,,Marion Merville & Jules Oudot,,,,,,,,,,,,
556,Local,1738,Nantes,,Guinée,Exports,Cercle de tonneaux,,,,,40,fournitures,10,sources/Local/AD44_C706_Nantes_Exports_1738.csv,AD44 C706,13,,,,,Marion Merville & Jules Oudot,,,,,,,,,,,,
557,Local,1738,Nantes,,Guinée,Exports,Drap de languedoc,,,,,820,aune,8,sources/Local/AD44_C706_Nantes_Exports_1738.csv,AD44 C706,13,,,,,Marion Merville & Jules Oudot,,,,,,,,,,,,
558,Local,1738,Nantes,,Guinée,Exports,Drap de carcassone,,,,,485,aune,8,sources/Local/AD44_C706_Nantes_Exports_1738.csv,AD44 C706,13,,,,,Marion Merville & Jules Oudot,,,,,,,,,,,,
559,Local,1738,Nantes,,Guinée,Exports,Draperie petite,,,,,160,aune,3,sources/Local/AD44_C706_Nantes_Exports_1738.csv,AD44 C706,13,,,,,Marion Merville & Jules Oudot,,,,,,,,,,,,
560,Local,1738,Nantes,,Guinée,Exports,Demi-guinée bleuë,,,,,200,piece,22,sources/Local/AD44_C706_Nantes_Exports_1738.csv,AD44 C706,13,,,,,Marion Merville & Jules Oudot,,,,,,,,,,,,
561,Local,1738,Nantes,,Guinée,Exports,Eau de vie,,,,,1932,Barique,65,sources/Local/AD44_C706_Nantes_Exports_1738.csv,AD44 C706,13,,,,,Marion Merville & Jules Oudot,,,,,,,,,,,,
562,Local,1738,Nantes,,Guinée,Exports,Etoffe de soye,,,,,120,livres,40,sources/Local/AD44_C706_Nantes_Exports_1738.csv,AD44 C706,13,,,,,Marion Merville & Jules Oudot,,,,,,,,,,,,
563,Local,1738,Nantes,,Guinée,Exports,Etamine de laine,,,,,70,aune,2,sources/Local/AD44_C706_Nantes_Exports_1738.csv,AD44 C706,13,,,,,Marion Merville & Jules Oudot,,,,,,,,,,,,
564,Local,1738,Nantes,,Guinée,Exports,Etain ouvré,,,,,1380,livres,1.25,sources/Local/AD44_C706_Nantes_Exports_1738.csv,AD44 C706,13,,,,,Marion Merville & Jules Oudot,,,,,,,,,,,,
565,Local,1738,Nantes,,Guinée,Exports,Fruis cui,,,,,1920,livres,0.4,sources/Local/AD44_C706_Nantes_Exports_1738.csv,AD44 C706,13,,,,,Marion Merville & Jules Oudot,,,,,,,,,,,,
566,Local,1738,Nantes,,Guinée,Exports,Feves,,,,,313,tonneaux,105,sources/Local/AD44_C706_Nantes_Exports_1738.csv,AD44 C706,13,,,,,Marion Merville & Jules Oudot,,,,,,,,,,,,
567,Local,1738,Nantes,,Guinée,Exports,Farine,,,,,397,Baril,21,sources/Local/AD44_C706_Nantes_Exports_1738.csv,AD44 C706,13,,,,,Marion Merville & Jules Oudot,,,,,,,,,,,,
568,Local,1738,Nantes,,Guinée,Exports,Fromage,,,,,120,livres,0.15,sources/Local/AD44_C706_Nantes_Exports_1738.csv,AD44 C706,13,,,,,Marion Merville & Jules Oudot,,,,,,,,,,,,
569,Local,1738,Nantes,,Guinée,Exports,Fusils boucaniers,,,,,8071,en nombre,7,sources/Local/AD44_C706_Nantes_Exports_1738.csv,AD44 C706,13,,,,,Marion Merville & Jules Oudot,,,,,,,,,,,,
570,Local,1738,Nantes,,Guinée,Exports,Ferremens,,,,,2400,livres,0.04,sources/Local/AD44_C706_Nantes_Exports_1738.csv,AD44 C706,13,,,,,Marion Merville & Jules Oudot,,,,,,,,,,,,
571,Local,1738,Nantes,,Guinée,Exports,Fer en barre,,,,,78200,livres,0.12,sources/Local/AD44_C706_Nantes_Exports_1738.csv,AD44 C706,13,,,,,Marion Merville & Jules Oudot,,,,,,,,,,,,
572,Local,1738,Nantes,,Guinée,Exports,Gruau,,,,,31,bariques,80,sources/Local/AD44_C706_Nantes_Exports_1738.csv,AD44 C706,13,,,,,Marion Merville & Jules Oudot,,,,,,,,,,,,
573,Local,1738,Nantes,,Guinée,Exports,Gruau,,,,,2000,livres,0.25,sources/Local/AD44_C706_Nantes_Exports_1738.csv,AD44 C706,13,,,,,Marion Merville & Jules Oudot,,,,,,,,,,,,
574,Local,1738,Nantes,,Guinée,Exports,Guinée bleuë,,,,,1998,piece,21,sources/Local/AD44_C706_Nantes_Exports_1738.csv,AD44 C706,13,,,,,Marion Merville & Jules Oudot,,,,,,,,,,,,
575,Local,1738,Nantes,,Guinée,Exports,Guinée blanche,,,,,20,piece,35,sources/Local/AD44_C706_Nantes_Exports_1738.csv,AD44 C706,13,,,,,Marion Merville & Jules Oudot,,,,,,,,,,,,
576,Local,1738,Nantes,,Guinée,Exports,Garas bleue,,,,,1469,piece,,sources/Local/AD44_C706_Nantes_Exports_1738.csv,AD44 C706,13,,,,,Marion Merville & Jules Oudot,,lecture,,,,,,,,,,
577,Local,1738,Nantes,,Guinée,Exports,Guingans de Ponticheri,,,,,1482,piece,11.5,sources/Local/AD44_C706_Nantes_Exports_1738.csv,AD44 C706,13,,,,,Marion Merville & Jules Oudot,,,,,,,,,,,,
578,Local,1738,Nantes,,Guinée,Exports,Guingans de madras,,,,,848,piece,10,sources/Local/AD44_C706_Nantes_Exports_1738.csv,AD44 C706,13,,,,,Marion Merville & Jules Oudot,,,,,,,,,,,,
579,Local,1738,Nantes,,Guinée,Exports,Gingans,,,,,1523,piece,11.5,sources/Local/AD44_C706_Nantes_Exports_1738.csv,AD44 C706,13,,,,,Marion Merville & Jules Oudot,,,,,,,,,,,,
580,Local,1738,Nantes,,Guinée,Exports,Huile d'olive,,,,,3090,livres,0.6,sources/Local/AD44_C706_Nantes_Exports_1738.csv,AD44 C706,13,,,,,Marion Merville & Jules Oudot,,,,,,,,,,,,
581,Local,1738,Nantes,,Guinée,Exports,Indienne,,,,,1281,piece,20,sources/Local/AD44_C706_Nantes_Exports_1738.csv,AD44 C706,13,,,,,Marion Merville & Jules Oudot,,,,,,,,,,,,
582,Local,1738,Nantes,,Guinée,Exports,Lard,,,,,10860,livres,0.2,sources/Local/AD44_C706_Nantes_Exports_1738.csv,AD44 C706,13,,,,,Marion Merville & Jules Oudot,,,,,,,,,,,,
583,Local,1738,Nantes,,Guinée,Exports,Limeneas,,,,,4732,pièces,19.25,sources/Local/AD44_C706_Nantes_Exports_1738.csv,AD44 C706,13,,,,,Marion Merville & Jules Oudot,,,,,,,,,,,,
584,Local,1738,Nantes,,Guinée,Exports,Grelots de cuivre,,,,,131,douzaines,0.6,sources/Local/AD44_C706_Nantes_Exports_1738.csv,AD44 C706,13,,,,,Marion Merville & Jules Oudot,,,,,,,,,,,,
585,Local,1738,Nantes,,Guinée,Exports,Grelots de cuivre,,,,,120,livres,3,sources/Local/AD44_C706_Nantes_Exports_1738.csv,AD44 C706,13,,,,,Marion Merville & Jules Oudot,,,,,,,,,,,,
586,Local,1738,Nantes,,Guinée,Exports,Mercerie,,,,,1075,livres,2,sources/Local/AD44_C706_Nantes_Exports_1738.csv,AD44 C706,13,,,,,Marion Merville & Jules Oudot,,,,,,,,,,,,
587,Local,1738,Nantes,,Guinée,Exports,Meubles,,,3340,,,,,sources/Local/AD44_C706_Nantes_Exports_1738.csv,AD44 C706,13,,,,,Marion Merville & Jules Oudot,,,,,,,,,,,,
588,Local,1738,Nantes,,Guinée,Exports,Mouchoirs de Pontichery,,,,,1097,piece,25,sources/Local/AD44_C706_Nantes_Exports_1738.csv,AD44 C706,13,,,,,Marion Merville & Jules Oudot,,,,,,,,,,,,
589,Local,1738,Nantes,,Guinée,Exports,Mouchoirs peints,,,,,188,piece,20,sources/Local/AD44_C706_Nantes_Exports_1738.csv,AD44 C706,13,,,,,Marion Merville & Jules Oudot,,,,,,,,,,,,
590,Local,1738,Nantes,,Guinée,Exports,Necanias,,,,,1940,piece,9,sources/Local/AD44_C706_Nantes_Exports_1738.csv,AD44 C706,14,,,,,Marion Merville & Jules Oudot,,,,,,,,,,,,
591,Local,1738,Nantes,,Guinée,Exports,Necanias étroite,,,,,100,piece,8,sources/Local/AD44_C706_Nantes_Exports_1738.csv,AD44 C706,14,,,,,Marion Merville & Jules Oudot,,,,,,,,,,,,
592,Local,1738,Nantes,,Guinée,Exports,Neganipaux,,,,,449,piece,14,sources/Local/AD44_C706_Nantes_Exports_1738.csv,AD44 C706,14,,,,,Marion Merville & Jules Oudot,,,,,,,,,,,,
593,Local,1738,Nantes,,Guinée,Exports,Poix,,,,,14,tonneaux,80,sources/Local/AD44_C706_Nantes_Exports_1738.csv,AD44 C706,14,,,,,Marion Merville & Jules Oudot,,,,,,,,,,,,
594,Local,1738,Nantes,,Guinée,Exports,Perpetuanne,,,,,446,pièces,25,sources/Local/AD44_C706_Nantes_Exports_1738.csv,AD44 C706,14,,,,,Marion Merville & Jules Oudot,,,,,,,,,,,,
595,Local,1738,Nantes,,Guinée,Exports,Photes,,,,,200,piece,8,sources/Local/AD44_C706_Nantes_Exports_1738.csv,AD44 C706,14,,,,,Marion Merville & Jules Oudot,,,,,,,,,,,,
596,Local,1738,Nantes,,Guinée,Exports,Plomb en plaque,,,,,600,livres,0.26,sources/Local/AD44_C706_Nantes_Exports_1738.csv,AD44 C706,14,,,,,Marion Merville & Jules Oudot,,,,,,,,,,,,
597,Local,1738,Nantes,,Guinée,Exports,Pierres a fusils,,,,,167.5,milliers,0.00325,sources/Local/AD44_C706_Nantes_Exports_1738.csv,AD44 C706,14,,,,,Marion Merville & Jules Oudot,,,,,,,,,,,,
598,Local,1738,Nantes,,Guinée,Exports,Pipes à fumer,,,,,2883,grosses,2,sources/Local/AD44_C706_Nantes_Exports_1738.csv,AD44 C706,14,,,,,Marion Merville & Jules Oudot,,,,,,,,,,,,
599,Local,1738,Nantes,,Guinée,Exports,Quincaille,,,,,810,livres,1.25,sources/Local/AD44_C706_Nantes_Exports_1738.csv,AD44 C706,14,,,,,Marion Merville & Jules Oudot,,,,,,,,,,,,
600,Local,1738,Nantes,,Guinée,Exports,Raz de Saint maur,,,,,18,aune,3,sources/Local/AD44_C706_Nantes_Exports_1738.csv,AD44 C706,14,,,,,Marion Merville & Jules Oudot,,,,,,,,,,,,
601,Local,1738,Nantes,,Guinée,Exports,Rassade,,,,,850,livres,0.8,sources/Local/AD44_C706_Nantes_Exports_1738.csv,AD44 C706,14,,,,,Marion Merville & Jules Oudot,,,,,,,,,,,,
602,Local,1738,Nantes,,Guinée,Exports,Sucre terré,,,,,600,livres,0.27,sources/Local/AD44_C706_Nantes_Exports_1738.csv,AD44 C706,14,,,,,Marion Merville & Jules Oudot,,,,,,,,,,,,
603,Local,1738,Nantes,,Guinée,Exports,Salempouri bleu,,,,,2272,piece,18,sources/Local/AD44_C706_Nantes_Exports_1738.csv,AD44 C706,14,,,,,Marion Merville & Jules Oudot,,,,,,,,,,,,
604,Local,1738,Nantes,,Guinée,Exports,Salempouri blanc,,,,,1250,piece,16.75,sources/Local/AD44_C706_Nantes_Exports_1738.csv,AD44 C706,14,,,,,Marion Merville & Jules Oudot,,,,,,,,,,,,
605,Local,1738,Nantes,,Guinée,Exports,Suif,,,,,2130,livres,0.325,sources/Local/AD44_C706_Nantes_Exports_1738.csv,AD44 C706,14,,,,,Marion Merville & Jules Oudot,,,,,,,,,,,,
606,Local,1738,Nantes,,Guinée,Exports,Tabac en poudre,,,,,577,livres,0.5,sources/Local/AD44_C706_Nantes_Exports_1738.csv,AD44 C706,14,,,,,Marion Merville & Jules Oudot,,,,,,,,,,,,
607,Local,1738,Nantes,,Guinée,Exports,Tabac filé,,,,,6850,livres,0.75,sources/Local/AD44_C706_Nantes_Exports_1738.csv,AD44 C706,14,,,,,Marion Merville & Jules Oudot,,,,,,,,,,,,
608,Local,1738,Nantes,,Guinée,Exports,Tapsel,,,,,1999,piece,14,sources/Local/AD44_C706_Nantes_Exports_1738.csv,AD44 C706,14,,,,,Marion Merville & Jules Oudot,,,,,,,,,,,,
609,Local,1738,Nantes,,Guinée,Exports,Toile de cotton des indes,,,,,50,pièces,6,sources/Local/AD44_C706_Nantes_Exports_1738.csv,AD44 C706,14,,,,,Marion Merville & Jules Oudot,,,,,,,,,,,,
610,Local,1738,Nantes,,Guinée,Exports,Toile peinte,,,,,1392,piece,24,sources/Local/AD44_C706_Nantes_Exports_1738.csv,AD44 C706,14,,,,,Marion Merville & Jules Oudot,,,,,,,,,,,,
611,Local,1738,Nantes,,Guinée,Exports,Toile platille,,,,,31788,piece,4,sources/Local/AD44_C706_Nantes_Exports_1738.csv,AD44 C706,14,,,,,Marion Merville & Jules Oudot,,,,,,,,,,,,
612,Local,1738,Nantes,,Guinée,Exports,Toile de bretagne,,,,,4510,livres,4,sources/Local/AD44_C706_Nantes_Exports_1738.csv,AD44 C706,14,,,,,Marion Merville & Jules Oudot,,,,,,,,,,,,
613,Local,1738,Nantes,,Guinée,Exports,Tire bouch,,,,,6,douzaines,1.5,sources/Local/AD44_C706_Nantes_Exports_1738.csv,AD44 C706,14,,,,,Marion Merville & Jules Oudot,,,,,,,,,,,,
614,Local,1738,Nantes,,Guinée,Exports,Trompette de fer,,,,,6,douzaines,0.5,sources/Local/AD44_C706_Nantes_Exports_1738.csv,AD44 C706,14,,,,,Marion Merville & Jules Oudot,,,,,,,,,,,,
615,Local,1738,Nantes,,Guinée,Exports,Terrerie de gray,,,,,2500,livres,0.1,sources/Local/AD44_C706_Nantes_Exports_1738.csv,AD44 C706,14,,,,,Marion Merville & Jules Oudot,,,,,,,,,,,,
616,Local,1738,Nantes,,Guinée,Exports,Vin de bordeaux,,,,,66,tonneaux,200,sources/Local/AD44_C706_Nantes_Exports_1738.csv,AD44 C706,14,,,,,Marion Merville & Jules Oudot,,,,,,,,,,,,
617,Local,1738,Nantes,,Guinée,Exports,Vin nantois,,,,,130.25,tonneaux,75,sources/Local/AD44_C706_Nantes_Exports_1738.csv,AD44 C706,14,,,,,Marion Merville & Jules Oudot,,,,,,,,,,,,
618,Local,1738,Nantes,,Guinée,Exports,Vinaigre,,,,,1.75,tonneaux,85,sources/Local/AD44_C706_Nantes_Exports_1738.csv,AD44 C706,14,,,,,Marion Merville & Jules Oudot,,,,,,,,,,,,
619,Local,1738,Nantes,,Guinée,Exports,Verotterie,,,,,885,livres,0.8,sources/Local/AD44_C706_Nantes_Exports_1738.csv,AD44 C706,14,,,,,Marion Merville & Jules Oudot,,,,,,,,,,,,
620,Local,1738,Nantes,,Guinée,Exports,Verres a boire,,,,,46,douzaine,1.2,sources/Local/AD44_C706_Nantes_Exports_1738.csv,AD44 C706,14,,,,,Marion Merville & Jules Oudot,,,,,,,,,,,,
621,Local,1738,Nantes,,Les Isles françoises et Amerique,Exports,Amandes en coques,,,,,1200,livres,0.32,sources/Local/AD44_C706_Nantes_Exports_1738.csv,AD44 C706,14,,,,,Marion Merville & Jules Oudot,,,,,,,,,,,,
622,Local,1738,Nantes,,Les Isles françoises et Amerique,Exports,Ain à pêcher,,,,,25,douzaine,0.2,sources/Local/AD44_C706_Nantes_Exports_1738.csv,AD44 C706,14,,,,,Marion Merville & Jules Oudot,,,,,,,,,,,,
623,Local,1738,Nantes,,Les Isles françoises et Amerique,Exports,Acier,,,,,200,livres,0.22,sources/Local/AD44_C706_Nantes_Exports_1738.csv,AD44 C706,14,,,,,Marion Merville & Jules Oudot,,,,,,,,,,,,
624,Local,1738,Nantes,,Les Isles françoises et Amerique,Exports,Ancres de fer,,,,,7700,livres,0.25,sources/Local/AD44_C706_Nantes_Exports_1738.csv,AD44 C706,14,,,,,Marion Merville & Jules Oudot,,,,,,,,,,,,
625,Local,1738,Nantes,,Les Isles françoises et Amerique,Exports,Alambics d'etain,,,,,1020,livres,0.95,sources/Local/AD44_C706_Nantes_Exports_1738.csv,AD44 C706,14,,,,,Marion Merville & Jules Oudot,,,,,,,,,,,,
626,Local,1738,Nantes,,Les Isles françoises et Amerique,Exports,Ardoises,,,,,2908300,en nombre,0.026,sources/Local/AD44_C706_Nantes_Exports_1738.csv,AD44 C706,14,,,,,Marion Merville & Jules Oudot,,,,,,,,,,,,
627,Local,1738,Nantes,,Les Isles françoises et Amerique,Exports,Bœuf salé,,,,,12429,Baril,22,sources/Local/AD44_C706_Nantes_Exports_1738.csv,AD44 C706,14,,,,,Marion Merville & Jules Oudot,,,,,,,,,,,,
628,Local,1738,Nantes,,Les Isles françoises et Amerique,Exports,Beure salé,,,,,199025,livres,0.23,sources/Local/AD44_C706_Nantes_Exports_1738.csv,AD44 C706,14,,,,,Marion Merville & Jules Oudot,,,,,,,,,,,,
629,Local,1738,Nantes,,Les Isles françoises et Amerique,Exports,Biere,,,,,90,bariques,24,sources/Local/AD44_C706_Nantes_Exports_1738.csv,AD44 C706,14,,,,,Marion Merville & Jules Oudot,,,,,,,,,,,,
630,Local,1738,Nantes,,Les Isles françoises et Amerique,Exports,Biere,,,,,33,quarts,12,sources/Local/AD44_C706_Nantes_Exports_1738.csv,AD44 C706,14,,,,,Marion Merville & Jules Oudot,,,,,,,,,,,,
631,Local,1738,Nantes,,Les Isles françoises et Amerique,Exports,Bray gras,,,,,60,Baril,12,sources/Local/AD44_C706_Nantes_Exports_1738.csv,AD44 C706,14,,,,,Marion Merville & Jules Oudot,,,,,,,,,,,,
632,Local,1738,Nantes,,Les Isles françoises et Amerique,Exports,Bray sec,,,,,4600,livres,12,sources/Local/AD44_C706_Nantes_Exports_1738.csv,AD44 C706,14,,,,,Marion Merville & Jules Oudot,,,,,,,,,,,,
633,Local,1738,Nantes,,Les Isles françoises et Amerique,Exports,Bougie blanche,,,,,4716,livres,0.007,sources/Local/AD44_C706_Nantes_Exports_1738.csv,AD44 C706,14,,,,,Marion Merville & Jules Oudot,,,,,,,,,,,,
634,Local,1738,Nantes,,Les Isles françoises et Amerique,Exports,Bas de soye,,,,,23,livres,40,sources/Local/AD44_C706_Nantes_Exports_1738.csv,AD44 C706,14,,,,,Marion Merville & Jules Oudot,,,,,,,,,,,,
635,Local,1738,Nantes,,Les Isles françoises et Amerique,Exports,Bas de fil,,,,,1802,livres,5,sources/Local/AD44_C706_Nantes_Exports_1738.csv,AD44 C706,14,,,,,Marion Merville & Jules Oudot,,,,,,,,,,,,
636,Local,1738,Nantes,,Les Isles françoises et Amerique,Exports,Basin des indes,,,,,150,pièces,38.5,sources/Local/AD44_C706_Nantes_Exports_1738.csv,AD44 C706,14,,,,,Marion Merville & Jules Oudot,,,,,,,,,,,,
637,Local,1738,Nantes,,Les Isles françoises et Amerique,Exports,Basin des indes,,,,,115,livres,,sources/Local/AD44_C706_Nantes_Exports_1738.csv,AD44 C706,14,,,,,Marion Merville & Jules Oudot,,valeur unitaire manquante,,,,,,,,,,
638,Local,1738,Nantes,,Les Isles françoises et Amerique,Exports,Botine,,,,,40,piece,6,sources/Local/AD44_C706_Nantes_Exports_1738.csv,AD44 C706,14,,,,,Marion Merville & Jules Oudot,,,,,,,,,,,,
639,Local,1738,Nantes,,Les Isles françoises et Amerique,Exports,Bouteilles de verres,,,,,350,en nombre,0.2,sources/Local/AD44_C706_Nantes_Exports_1738.csv,AD44 C706,15,,,,,Marion Merville & Jules Oudot,,,,,,,,,,,,
640,Local,1738,Nantes,,Les Isles françoises et Amerique,Exports,Bouchon de liege,,,,,25,milliers,0.009,sources/Local/AD44_C706_Nantes_Exports_1738.csv,AD44 C706,15,,,,,Marion Merville & Jules Oudot,,,,,,,,,,,,
641,Local,1738,Nantes,,Les Isles françoises et Amerique,Exports,Bariques en bottes,,,,,434,en nombre,1.25,sources/Local/AD44_C706_Nantes_Exports_1738.csv,AD44 C706,15,,,,,Marion Merville & Jules Oudot,,,,,,,,,,,,
642,Local,1738,Nantes,,Les Isles françoises et Amerique,Exports,Baris vuides,,,,,67,en nombre,1.25,sources/Local/AD44_C706_Nantes_Exports_1738.csv,AD44 C706,15,,,,,Marion Merville & Jules Oudot,,,,,,,,,,,,
643,Local,1738,Nantes,,Les Isles françoises et Amerique,Exports,Briques,,,,,66,milliers,0.013,sources/Local/AD44_C706_Nantes_Exports_1738.csv,AD44 C706,15,,,,,Marion Merville & Jules Oudot,,,,,,,,,,,,
644,Local,1738,Nantes,,Les Isles françoises et Amerique,Exports,Cuisses d'oye,,,,,120,Baril,10,sources/Local/AD44_C706_Nantes_Exports_1738.csv,AD44 C706,15,,,,,Marion Merville & Jules Oudot,,,,,,,,,,,,
645,Local,1738,Nantes,,Les Isles françoises et Amerique,Exports,Caffé de Moka,,,,,1459,livres,1.5,sources/Local/AD44_C706_Nantes_Exports_1738.csv,AD44 C706,15,,,,,Marion Merville & Jules Oudot,,,,,,,,,,,,
646,Local,1738,Nantes,,Les Isles françoises et Amerique,Exports,Cire en pain,,,,,600,livres,1.75,sources/Local/AD44_C706_Nantes_Exports_1738.csv,AD44 C706,15,,,,,Marion Merville & Jules Oudot,,,,,,,,,,,,
647,Local,1738,Nantes,,Les Isles françoises et Amerique,Exports,Chandelle,,,,,37325,livres,0.4,sources/Local/AD44_C706_Nantes_Exports_1738.csv,AD44 C706,15,,,,,Marion Merville & Jules Oudot,,,,,,,,,,,,
648,Local,1738,Nantes,,Les Isles françoises et Amerique,Exports,Couty,,,,,450,livres,4,sources/Local/AD44_C706_Nantes_Exports_1738.csv,AD44 C706,15,,,,,Marion Merville & Jules Oudot,,,,,,,,,,,,
649,Local,1738,Nantes,,Les Isles françoises et Amerique,Exports,Couverture fil et laine,,,,,150,livres,0.5,sources/Local/AD44_C706_Nantes_Exports_1738.csv,AD44 C706,15,,,,,Marion Merville & Jules Oudot,,,,,,,,,,,,
650,Local,1738,Nantes,,Les Isles françoises et Amerique,Exports,Cottonade,,,,,200,aune,1,sources/Local/AD44_C706_Nantes_Exports_1738.csv,AD44 C706,15,,,,,Marion Merville & Jules Oudot,,,,,,,,,,,,
651,Local,1738,Nantes,,Les Isles françoises et Amerique,Exports,Camelot de laine,,,,,2840,aune,4,sources/Local/AD44_C706_Nantes_Exports_1738.csv,AD44 C706,15,,,,,Marion Merville & Jules Oudot,,,,,,,,,,,,
652,Local,1738,Nantes,,Les Isles françoises et Amerique,Exports,Chapeaux castor,,,,,2920,en nombre,18,sources/Local/AD44_C706_Nantes_Exports_1738.csv,AD44 C706,15,,,,,Marion Merville & Jules Oudot,,,,,,,,,,,,
653,Local,1738,Nantes,,Les Isles françoises et Amerique,Exports,Chapeaux demi castors,,,,,242,en nombre,13,sources/Local/AD44_C706_Nantes_Exports_1738.csv,AD44 C706,15,,,,,Marion Merville & Jules Oudot,,,,,,,,,,,,
654,Local,1738,Nantes,,Les Isles françoises et Amerique,Exports,Chapeaux vigognes,,,,,126,en nombre,5,sources/Local/AD44_C706_Nantes_Exports_1738.csv,AD44 C706,15,,,,,Marion Merville & Jules Oudot,,,,,,,,,,,,
655,Local,1738,Nantes,,Les Isles françoises et Amerique,Exports,Chapeaux poil et laine,,,,,120,en nombre,3,sources/Local/AD44_C706_Nantes_Exports_1738.csv,AD44 C706,15,,,,,Marion Merville & Jules Oudot,,,,,,,,,,,,
656,Local,1738,Nantes,,Les Isles françoises et Amerique,Exports,Chapeaux communs,,,,,283,en nombre,2,sources/Local/AD44_C706_Nantes_Exports_1738.csv,AD44 C706,15,,,,,Marion Merville & Jules Oudot,,,,,,,,,,,,
657,Local,1738,Nantes,,Les Isles françoises et Amerique,Exports,Chapeaux a negre,,,,,113,douzaine,10,sources/Local/AD44_C706_Nantes_Exports_1738.csv,AD44 C706,15,,,,,Marion Merville & Jules Oudot,,,,,,,,,,,,
658,Local,1738,Nantes,,Les Isles françoises et Amerique,Exports,Cuir doré,,,,,455,livres,0.6,sources/Local/AD44_C706_Nantes_Exports_1738.csv,AD44 C706,15,,,,,Marion Merville & Jules Oudot,,,,,,,,,,,,
659,Local,1738,Nantes,,Les Isles françoises et Amerique,Exports,Cartes a jouer,,,,,570,livres,1.25,sources/Local/AD44_C706_Nantes_Exports_1738.csv,AD44 C706,15,,,,,Marion Merville & Jules Oudot,,,,,,,,,,,,
660,Local,1738,Nantes,,Les Isles françoises et Amerique,Exports,Crin de cheval,,,,,1040,livres,0.6,sources/Local/AD44_C706_Nantes_Exports_1738.csv,AD44 C706,15,,,,,Marion Merville & Jules Oudot,,,,,,,,,,,,
661,Local,1738,Nantes,,Les Isles françoises et Amerique,Exports,Cordages,,,,,496900,livres,0.23,sources/Local/AD44_C706_Nantes_Exports_1738.csv,AD44 C706,15,,,,,Marion Merville & Jules Oudot,,,,,,,,,,,,
662,Local,1738,Nantes,,Les Isles françoises et Amerique,Exports,Cristaux,,,,,300,livres,,sources/Local/AD44_C706_Nantes_Exports_1738.csv,AD44 C706,15,,,,,Marion Merville & Jules Oudot,,valeur unitaire manquante,,,,,,,,,,
663,Local,1738,Nantes,,Les Isles françoises et Amerique,Exports,Cuivre ouvré,,,,,10175,livres,1.5,sources/Local/AD44_C706_Nantes_Exports_1738.csv,AD44 C706,15,,,,,Marion Merville & Jules Oudot,,,,,,,,,,,,
664,Local,1738,Nantes,,Les Isles françoises et Amerique,Exports,Clouds dorés,,,,,60,milliers,7.5,sources/Local/AD44_C706_Nantes_Exports_1738.csv,AD44 C706,15,,,,,Marion Merville & Jules Oudot,,,,,,,,,,,,
665,Local,1738,Nantes,,Les Isles françoises et Amerique,Exports,Clouds de fer,,,,,198900,livres,0.22,sources/Local/AD44_C706_Nantes_Exports_1738.csv,AD44 C706,15,,,,,Marion Merville & Jules Oudot,,,,,,,,,,,,
666,Local,1738,Nantes,,Les Isles françoises et Amerique,Exports,Couteaux indigo,,,,,608,en nombre,0.15,sources/Local/AD44_C706_Nantes_Exports_1738.csv,AD44 C706,15,,,,,Marion Merville & Jules Oudot,,,,,,,,,,,,
667,Local,1738,Nantes,,Les Isles françoises et Amerique,Exports,Chaudieres de fer,,,,,1800,livres,0.1,sources/Local/AD44_C706_Nantes_Exports_1738.csv,AD44 C706,15,,,,,Marion Merville & Jules Oudot,,,,,,,,,,,,
668,Local,1738,Nantes,,Les Isles françoises et Amerique,Exports,Carreaux de terre,,,,,651500,en nombre,0.013,sources/Local/AD44_C706_Nantes_Exports_1738.csv,AD44 C706,15,,,,,Marion Merville & Jules Oudot,,,,,,,,,,,,
669,Local,1738,Nantes,,Les Isles françoises et Amerique,Exports,Chaises de pailles,,,,,33,douzaine,12,sources/Local/AD44_C706_Nantes_Exports_1738.csv,AD44 C706,15,,,,,Marion Merville & Jules Oudot,,,,,,,,,,,,
670,Local,1738,Nantes,,Les Isles françoises et Amerique,Exports,Cercle à tonneaux,,,,,2400,fournitures,10,sources/Local/AD44_C706_Nantes_Exports_1738.csv,AD44 C706,15,,,,,Marion Merville & Jules Oudot,,,,,,,,,,,,
671,Local,1738,Nantes,,Les Isles françoises et Amerique,Exports,Charbon de terre,,,,,123,Barique,18,sources/Local/AD44_C706_Nantes_Exports_1738.csv,AD44 C706,15,,,,,Marion Merville & Jules Oudot,,,,,,,,,,,,
672,Local,1738,Nantes,,Les Isles françoises et Amerique,Exports,Dentelle dupuy,,,,,490,livres,1,sources/Local/AD44_C706_Nantes_Exports_1738.csv,AD44 C706,15,,,,,Marion Merville & Jules Oudot,,,,,,,,,,,,
673,Local,1738,Nantes,,Les Isles françoises et Amerique,Exports,Draps de lisle,,,,,200,aune,,sources/Local/AD44_C706_Nantes_Exports_1738.csv,AD44 C706,15,,,,,Marion Merville & Jules Oudot,,valeur unitaire manquante,,,,,,,,,,
674,Local,1738,Nantes,,Les Isles françoises et Amerique,Exports,Drap de vire,,,,,114,aune,4,sources/Local/AD44_C706_Nantes_Exports_1738.csv,AD44 C706,15,,,,,Marion Merville & Jules Oudot,,,,,,,,,,,,
675,Local,1738,Nantes,,Les Isles françoises et Amerique,Exports,Drap de languedoc,,,,,460,livres,6,sources/Local/AD44_C706_Nantes_Exports_1738.csv,AD44 C706,15,,,,,Marion Merville & Jules Oudot,,,,,,,,,,,,
676,Local,1738,Nantes,,Les Isles françoises et Amerique,Exports,Drap de carcassone,,,,,270,livres,6,sources/Local/AD44_C706_Nantes_Exports_1738.csv,AD44 C706,15,,,,,Marion Merville & Jules Oudot,,,,,,,,,,,,
677,Local,1738,Nantes,,Les Isles françoises et Amerique,Exports,Drap commun,,,,,2210,aune,2.5,sources/Local/AD44_C706_Nantes_Exports_1738.csv,AD44 C706,15,,,,,Marion Merville & Jules Oudot,,,,,,,,,,,,
678,Local,1738,Nantes,,Les Isles françoises et Amerique,Exports,Drap à passer sucre,,,,,55,aune,4,sources/Local/AD44_C706_Nantes_Exports_1738.csv,AD44 C706,15,,,,,Marion Merville & Jules Oudot,,,,,,,,,,,,
679,Local,1738,Nantes,,Les Isles françoises et Amerique,Exports,Drap à passer sucre,,,,,328,livres,3,sources/Local/AD44_C706_Nantes_Exports_1738.csv,AD44 C706,15,,,,,Marion Merville & Jules Oudot,,,,,,,,,,,,
680,Local,1738,Nantes,,Les Isles françoises et Amerique,Exports,Douelles vieilles,,,,,1350,en nombre,0.05,sources/Local/AD44_C706_Nantes_Exports_1738.csv,AD44 C706,15,,,,,Marion Merville & Jules Oudot,,,,,,,,,,,,
681,Local,1738,Nantes,,Les Isles françoises et Amerique,Exports,Epicerie,,,,,610,livres,1.5,sources/Local/AD44_C706_Nantes_Exports_1738.csv,AD44 C706,15,,,,,Marion Merville & Jules Oudot,,,,,,,,,,,,
682,Local,1738,Nantes,,Les Isles françoises et Amerique,Exports,Eau de vie,,,,,208.25,Barique,65,sources/Local/AD44_C706_Nantes_Exports_1738.csv,AD44 C706,15,,,,,Marion Merville & Jules Oudot,,,,,,,,,,,,
683,Local,1738,Nantes,,Les Isles françoises et Amerique,Exports,Etoffe de soye,,,,,1979.5,livres,40,sources/Local/AD44_C706_Nantes_Exports_1738.csv,AD44 C706,15,,,,,Marion Merville & Jules Oudot,,,,,,,,,,,,
684,Local,1738,Nantes,,Les Isles françoises et Amerique,Exports,Etamine de laine,,,,,4090,aunes,2,sources/Local/AD44_C706_Nantes_Exports_1738.csv,AD44 C706,15,,,,,Marion Merville & Jules Oudot,,,,,,,,,,,,
685,Local,1738,Nantes,,Les Isles françoises et Amerique,Exports,Etamine de laine,,,,,11838,livres,3,sources/Local/AD44_C706_Nantes_Exports_1738.csv,AD44 C706,15,,,,,Marion Merville & Jules Oudot,,,,,,,,,,,,
686,Local,1738,Nantes,,Les Isles françoises et Amerique,Exports,Etain ouvré,,,,,700,livres,1.25,sources/Local/AD44_C706_Nantes_Exports_1738.csv,AD44 C706,15,,,,,Marion Merville & Jules Oudot,,,,,,,,,,,,
687,Local,1738,Nantes,,Les Isles françoises et Amerique,Exports,Essieux de fer,,,,,8700,livres,0.15,sources/Local/AD44_C706_Nantes_Exports_1738.csv,AD44 C706,15,,,,,Marion Merville & Jules Oudot,,,,,,,,,,,,
688,Local,1738,Nantes,,Les Isles françoises et Amerique,Exports,Fruis cuis,,,,,2350,livres,0.4,sources/Local/AD44_C706_Nantes_Exports_1738.csv,AD44 C706,15,,,,,Marion Merville & Jules Oudot,,,,,,,,,,,,
689,Local,1738,Nantes,,Les Isles françoises et Amerique,Exports,Fruie cru,,,,,2200,livres,0.05,sources/Local/AD44_C706_Nantes_Exports_1738.csv,AD44 C706,15,,,,,Marion Merville & Jules Oudot,,,,,,,,,,,,
690,Local,1738,Nantes,,Les Isles françoises et Amerique,Exports,Figues,,,,,500,livres,0.15,sources/Local/AD44_C706_Nantes_Exports_1738.csv,AD44 C706,15,,,,,Marion Merville & Jules Oudot,,,,,,,,,,,,
691,Local,1738,Nantes,,Les Isles françoises et Amerique,Exports,Feves en pois,,,,,196,Barique,18,sources/Local/AD44_C706_Nantes_Exports_1738.csv,AD44 C706,15,,,,,Marion Merville & Jules Oudot,,,,,,,,,,,,
692,Local,1738,Nantes,,Les Isles françoises et Amerique,Exports,Fromage,,,,,12,quarts,9,sources/Local/AD44_C706_Nantes_Exports_1738.csv,AD44 C706,16,,,,,Marion Merville & Jules Oudot,,,,,,,,,,,,
693,Local,1738,Nantes,,Les Isles françoises et Amerique,Exports,???,,,,,26700,livres,0.2,sources/Local/AD44_C706_Nantes_Exports_1738.csv,AD44 C706,16,,,,,Marion Merville & Jules Oudot,,,,,,,,,,,,
694,Local,1738,Nantes,,Les Isles françoises et Amerique,Exports,Farine,,,,,6251,Baril,21,sources/Local/AD44_C706_Nantes_Exports_1738.csv,AD44 C706,16,,,,,Marion Merville & Jules Oudot,,,,,,,,,,,,
695,Local,1738,Nantes,,Les Isles françoises et Amerique,Exports,Futaine sur fil,,,,,500,livres,,sources/Local/AD44_C706_Nantes_Exports_1738.csv,AD44 C706,16,,,,,Marion Merville & Jules Oudot,,valeur unitaire manquante,,,,,,,,,,
696,Local,1738,Nantes,,Les Isles françoises et Amerique,Exports,Fil de Rennes,,,,,2620,livres,0.5,sources/Local/AD44_C706_Nantes_Exports_1738.csv,AD44 C706,16,,,,,Marion Merville & Jules Oudot,,,,,,,,,,,,
697,Local,1738,Nantes,,Les Isles françoises et Amerique,Exports,Fil à voile,,,,,900,livres,0.75,sources/Local/AD44_C706_Nantes_Exports_1738.csv,AD44 C706,16,,,,,Marion Merville & Jules Oudot,,,,,,,,,,,,
698,Local,1738,Nantes,,Les Isles françoises et Amerique,Exports,Fil à seine,,,,,2000,livres,0.75,sources/Local/AD44_C706_Nantes_Exports_1738.csv,AD44 C706,16,,,,,Marion Merville & Jules Oudot,,,,,,,,,,,,
699,Local,1738,Nantes,,Les Isles françoises et Amerique,Exports,Fil de laton,,,,,1000,livres,1.5,sources/Local/AD44_C706_Nantes_Exports_1738.csv,AD44 C706,16,,,,,Marion Merville & Jules Oudot,,,,,,,,,,,,
700,Local,1738,Nantes,,Les Isles françoises et Amerique,Exports,Fayance,,,,,938,douzaine,3.75,sources/Local/AD44_C706_Nantes_Exports_1738.csv,AD44 C706,16,,,,,Marion Merville & Jules Oudot,,,,,,,,,,,,
701,Local,1738,Nantes,,Les Isles françoises et Amerique,Exports,Fusils boucaniers,,,,,411,en nombre,6,sources/Local/AD44_C706_Nantes_Exports_1738.csv,AD44 C706,16,,,,,Marion Merville & Jules Oudot,,,,,,,,,,,,
702,Local,1738,Nantes,,Les Isles françoises et Amerique,Exports,Fleaux de fer,,,,,350,livres,0.2,sources/Local/AD44_C706_Nantes_Exports_1738.csv,AD44 C706,16,,,,,Marion Merville & Jules Oudot,,,,,,,,,,,,
703,Local,1738,Nantes,,Les Isles françoises et Amerique,Exports,Faucilles,,,,,280,en nombre,0.75,sources/Local/AD44_C706_Nantes_Exports_1738.csv,AD44 C706,16,,,,,Marion Merville & Jules Oudot,,,,,,,,,,,,
704,Local,1738,Nantes,,Les Isles françoises et Amerique,Exports,Fer ouvré,,,,,3950,livres,0.25,sources/Local/AD44_C706_Nantes_Exports_1738.csv,AD44 C706,16,,,,,Marion Merville & Jules Oudot,,,,,,,,,,,,
705,Local,1738,Nantes,,Les Isles françoises et Amerique,Exports,Fer et fonte ouvré,,,,,57400,livres,0.15,sources/Local/AD44_C706_Nantes_Exports_1738.csv,AD44 C706,16,,,,,Marion Merville & Jules Oudot,,,,,,,,,,,,
706,Local,1738,Nantes,,Les Isles françoises et Amerique,Exports,Ferremens à moulin à sucre,,,,,19650,livres,0.3,sources/Local/AD44_C706_Nantes_Exports_1738.csv,AD44 C706,16,,,,,Marion Merville & Jules Oudot,,,,,,,,,,,,
707,Local,1738,Nantes,,Les Isles françoises et Amerique,Exports,Fer en barres,,,,,12000,livres,0.12,sources/Local/AD44_C706_Nantes_Exports_1738.csv,AD44 C706,16,,,,,Marion Merville & Jules Oudot,,,,,,,,,,,,
708,Local,1738,Nantes,,Les Isles françoises et Amerique,Exports,Formes de terre à sucre,,,,,13191,en nombre,0.75,sources/Local/AD44_C706_Nantes_Exports_1738.csv,AD44 C706,16,,,,,Marion Merville & Jules Oudot,,,,,,,,,,,,
709,Local,1738,Nantes,,Les Isles françoises et Amerique,Exports,Galon or et argent,,,,,31,livres,7.5,sources/Local/AD44_C706_Nantes_Exports_1738.csv,AD44 C706,16,,,,,Marion Merville & Jules Oudot,,,,,,,,,,,,
710,Local,1738,Nantes,,Les Isles françoises et Amerique,Exports,Galon d'argens,,,,,2.5,livres,104,sources/Local/AD44_C706_Nantes_Exports_1738.csv,AD44 C706,16,,,,,Marion Merville & Jules Oudot,,,,,,,,,,,,
711,Local,1738,Nantes,,Les Isles françoises et Amerique,Exports,Gaz de soye,,,,,22,livres,,sources/Local/AD44_C706_Nantes_Exports_1738.csv,AD44 C706,16,,,,,Marion Merville & Jules Oudot,,valeur unitaire manquante,,,,,,,,,,
712,Local,1738,Nantes,,Les Isles françoises et Amerique,Exports,Gans de peau,,,,,39,douzaine de paires,8,sources/Local/AD44_C706_Nantes_Exports_1738.csv,AD44 C706,16,,,,,Marion Merville & Jules Oudot,,,,,,,,,,,,
713,Local,1738,Nantes,,Les Isles françoises et Amerique,Exports,Gobelets de cristal,,,,,40,douzaine,2,sources/Local/AD44_C706_Nantes_Exports_1738.csv,AD44 C706,16,,,,,Marion Merville & Jules Oudot,,,,,,,,,,,,
714,Local,1738,Nantes,,Les Isles françoises et Amerique,Exports,Grilles de fer,,,,,28000,livres,0.1,sources/Local/AD44_C706_Nantes_Exports_1738.csv,AD44 C706,16,,,,,Marion Merville & Jules Oudot,,,,,,,,,,,,
715,Local,1738,Nantes,,Les Isles françoises et Amerique,Exports,Graines de jardin,,,,,200,livres,1,sources/Local/AD44_C706_Nantes_Exports_1738.csv,AD44 C706,16,,,,,Marion Merville & Jules Oudot,,,,,,,,,,,,
716,Local,1738,Nantes,,Les Isles françoises et Amerique,Exports,Gaudron,,,,,34,Baril,13,sources/Local/AD44_C706_Nantes_Exports_1738.csv,AD44 C706,16,,,,,Marion Merville & Jules Oudot,,,,,,,,,,,,
717,Local,1738,Nantes,,Les Isles françoises et Amerique,Exports,Harangs blancs,,,,,26,Baril,20,sources/Local/AD44_C706_Nantes_Exports_1738.csv,AD44 C706,16,,,,,Marion Merville & Jules Oudot,,,,,,,,,,,,
718,Local,1738,Nantes,,Les Isles françoises et Amerique,Exports,Huile d'olive,,,,,21080,livres,0.6,sources/Local/AD44_C706_Nantes_Exports_1738.csv,AD44 C706,16,,,,,Marion Merville & Jules Oudot,,,,,,,,,,,,
719,Local,1738,Nantes,,Les Isles françoises et Amerique,Exports,Huile de graine,,,,,25250,livres,0.3,sources/Local/AD44_C706_Nantes_Exports_1738.csv,AD44 C706,16,,,,,Marion Merville & Jules Oudot,,,,,,,,,,,,
720,Local,1738,Nantes,,Les Isles françoises et Amerique,Exports,Huile de noix,,,,,2200,livres,0.3,sources/Local/AD44_C706_Nantes_Exports_1738.csv,AD44 C706,16,,,,,Marion Merville & Jules Oudot,,,,,,,,,,,,
721,Local,1738,Nantes,,Les Isles françoises et Amerique,Exports,Huile de poisson,,,,,2325,livres,0.25,sources/Local/AD44_C706_Nantes_Exports_1738.csv,AD44 C706,16,,,,,Marion Merville & Jules Oudot,,,,,,,,,,,,
722,Local,1738,Nantes,,Les Isles françoises et Amerique,Exports,Haches de fer,,,,,690,en nombre,1,sources/Local/AD44_C706_Nantes_Exports_1738.csv,AD44 C706,16,,,,,Marion Merville & Jules Oudot,,,,,,,,,,,,
723,Local,1738,Nantes,,Les Isles françoises et Amerique,Exports,Houës de fer,,,,,1200,en nombre,1,sources/Local/AD44_C706_Nantes_Exports_1738.csv,AD44 C706,16,,,,,Marion Merville & Jules Oudot,,,,,,,,,,,,
724,Local,1738,Nantes,,Les Isles françoises et Amerique,Exports,Jambons,,,,,7870,livres,0.6,sources/Local/AD44_C706_Nantes_Exports_1738.csv,AD44 C706,16,,,,,Marion Merville & Jules Oudot,,,,,,,,,,,,
725,Local,1738,Nantes,,Les Isles françoises et Amerique,Exports,Lard,,,,,38420,livres,0.2,sources/Local/AD44_C706_Nantes_Exports_1738.csv,AD44 C706,16,,,,,Marion Merville & Jules Oudot,,,,,,,,,,,,
726,Local,1738,Nantes,,Les Isles françoises et Amerique,Exports,Lin peigné,,,,,185,livres,0.5,sources/Local/AD44_C706_Nantes_Exports_1738.csv,AD44 C706,16,,,,,Marion Merville & Jules Oudot,,,,,,,,,,,,
727,Local,1738,Nantes,,Les Isles françoises et Amerique,Exports,Lignes à pecher,,,,,2000,livres,0.75,sources/Local/AD44_C706_Nantes_Exports_1738.csv,AD44 C706,16,,,,,Marion Merville & Jules Oudot,,,,,,,,,,,,
728,Local,1738,Nantes,,Les Isles françoises et Amerique,Exports,Lattes,,,,,29,milliers,0.03,sources/Local/AD44_C706_Nantes_Exports_1738.csv,AD44 C706,16,,,,,Marion Merville & Jules Oudot,,,,,,,,,,,,
729,Local,1738,Nantes,,Les Isles françoises et Amerique,Exports,Moruë seche,,,,,32650,livres,0.15,sources/Local/AD44_C706_Nantes_Exports_1738.csv,AD44 C706,16,,,,,Marion Merville & Jules Oudot,,,,,,,,,,,,
730,Local,1738,Nantes,,Les Isles françoises et Amerique,Exports,Mouchoirs de Bengale,,,,,32,en nombre,0.8,sources/Local/AD44_C706_Nantes_Exports_1738.csv,AD44 C706,16,,,,,Marion Merville & Jules Oudot,,,,,,,,,,,,
731,Local,1738,Nantes,,Les Isles françoises et Amerique,Exports,Mouchoirs de cotton des indes,,,,,603,livres,,sources/Local/AD44_C706_Nantes_Exports_1738.csv,AD44 C706,16,,,,,Marion Merville & Jules Oudot,,valeur unitaire manquante,,,,,,,,,,
732,Local,1738,Nantes,,Les Isles françoises et Amerique,Exports,Mercerie ordinaire,,,,,29231,livres,2,sources/Local/AD44_C706_Nantes_Exports_1738.csv,AD44 C706,16,,,,,Marion Merville & Jules Oudot,,,,,,,,,,,,
733,Local,1738,Nantes,,Les Isles françoises et Amerique,Exports,Meubles,,,98765,,,,,sources/Local/AD44_C706_Nantes_Exports_1738.csv,AD44 C706,16,,,,,Marion Merville & Jules Oudot,,,,,,,,,,,,
734,Local,1738,Nantes,,Les Isles françoises et Amerique,Exports,Marmites de fer,,,,,36375,livres,0.25,sources/Local/AD44_C706_Nantes_Exports_1738.csv,AD44 C706,16,,,,,Marion Merville & Jules Oudot,,,,,,,,,,,,
735,Local,1738,Nantes,,Les Isles françoises et Amerique,Exports,Mortiers de marbre,,,,,1,douzaine,5,sources/Local/AD44_C706_Nantes_Exports_1738.csv,AD44 C706,16,,,,,Marion Merville & Jules Oudot,,,,,,,,,,,,
736,Local,1738,Nantes,,Les Isles françoises et Amerique,Exports,Meules a eguiser,,,,,378,en nombre,2.5,sources/Local/AD44_C706_Nantes_Exports_1738.csv,AD44 C706,16,,,,,Marion Merville & Jules Oudot,,,,,,,,,,,,
737,Local,1738,Nantes,,Les Isles françoises et Amerique,Exports,???,,,,,500,livres,1.5,sources/Local/AD44_C706_Nantes_Exports_1738.csv,AD44 C706,16,,,,,Marion Merville & Jules Oudot,,,,,,,,,,,,
738,Local,1738,Nantes,,Les Isles françoises et Amerique,Exports,Merrain ganivelle,,,,,2000,douelle,0.05,sources/Local/AD44_C706_Nantes_Exports_1738.csv,AD44 C706,16,,,,,Marion Merville & Jules Oudot,,,,,,,,,,,,
739,Local,1738,Nantes,,Les Isles françoises et Amerique,Exports,Merrain à pipes,,,,,5000,douelle,0.25,sources/Local/AD44_C706_Nantes_Exports_1738.csv,AD44 C706,16,,,,,Marion Merville & Jules Oudot,,,,,,,,,,,,
740,Local,1738,Nantes,,Les Isles françoises et Amerique,Exports,Merrain à bariques,,,,,34000,douelle,0.15,sources/Local/AD44_C706_Nantes_Exports_1738.csv,AD44 C706,16,,,,,Marion Merville & Jules Oudot,,,,,,,,,,,,
741,Local,1738,Nantes,,Les Isles françoises et Amerique,Exports,Ouvrage de soye,,,,,300,livres,40,sources/Local/AD44_C706_Nantes_Exports_1738.csv,AD44 C706,16,,,,,Marion Merville & Jules Oudot,,,,,,,,,,,,
742,Local,1738,Nantes,,Les Isles françoises et Amerique,Exports,Outils de fer pour la pêche,,,,,800,livres,0.5,sources/Local/AD44_C706_Nantes_Exports_1738.csv,AD44 C706,16,,,,,Marion Merville & Jules Oudot,,,,,,,,,,,,
743,Local,1738,Nantes,,Les Isles françoises et Amerique,Exports,Ozier,,,,,27,bariques,3,sources/Local/AD44_C706_Nantes_Exports_1738.csv,AD44 C706,16,,,,,Marion Merville & Jules Oudot,,,,,,,,,,,,
744,Local,1738,Nantes,,Les Isles françoises et Amerique,Exports,Ozier,,,,,4131,bottes,0.1,sources/Local/AD44_C706_Nantes_Exports_1738.csv,AD44 C706,16,,,,,Marion Merville & Jules Oudot,,,,,,,,,,,,
745,Local,1738,Nantes,,Les Isles françoises et Amerique,Exports,Poivre,,,,,1100,livres,1.3,sources/Local/AD44_C706_Nantes_Exports_1738.csv,AD44 C706,16,,,,,Marion Merville & Jules Oudot,,,,,,,,,,,,
746,Local,1738,Nantes,,Les Isles françoises et Amerique,Exports,Poudre à poudrer,,,,,600,livres,0.25,sources/Local/AD44_C706_Nantes_Exports_1738.csv,AD44 C706,16,,,,,Marion Merville & Jules Oudot,,,,,,,,,,,,
747,Local,1738,Nantes,,Les Isles françoises et Amerique,Exports,Peinture,,,,,200,livres,0.2,sources/Local/AD44_C706_Nantes_Exports_1738.csv,AD44 C706,16,,,,,Marion Merville & Jules Oudot,,,,,,,,,,,,
748,Local,1738,Nantes,,Les Isles françoises et Amerique,Exports,Papier à écrire,,,,,6050,livres,0.55,sources/Local/AD44_C706_Nantes_Exports_1738.csv,AD44 C706,16,,,,,Marion Merville & Jules Oudot,,,,,,,,,,,,
749,Local,1738,Nantes,,Les Isles françoises et Amerique,Exports,Peaux de dain passées,,,,,10,douzaine,45,sources/Local/AD44_C706_Nantes_Exports_1738.csv,AD44 C706,16,,,,,Marion Merville & Jules Oudot,,,,,,,,,,,,
750,Local,1738,Nantes,,Les Isles françoises et Amerique,Exports,Peaux de veau corroyés,,,,,707,douzaine,30,sources/Local/AD44_C706_Nantes_Exports_1738.csv,AD44 C706,17,,,,,Marion Merville & Jules Oudot,,,,,,,,,,,,
751,Local,1738,Nantes,,Les Isles françoises et Amerique,Exports,Pistolets,,,,,26,paire,20,sources/Local/AD44_C706_Nantes_Exports_1738.csv,AD44 C706,17,,,,,Marion Merville & Jules Oudot,,,,,,,,,,,,
752,Local,1738,Nantes,,Les Isles françoises et Amerique,Exports,Poiles a frire,,,,,1586,livres,0.35,sources/Local/AD44_C706_Nantes_Exports_1738.csv,AD44 C706,17,,,,,Marion Merville & Jules Oudot,,,,,,,,,,,,
753,Local,1738,Nantes,,Les Isles françoises et Amerique,Exports,Poids de fer,,,,,8600,livres,0.05,sources/Local/AD44_C706_Nantes_Exports_1738.csv,AD44 C706,17,,,,,Marion Merville & Jules Oudot,,,,,,,,,,,,
754,Local,1738,Nantes,,Les Isles françoises et Amerique,Exports,Porcelaine des indes,,,,,1930,livres,5,sources/Local/AD44_C706_Nantes_Exports_1738.csv,AD44 C706,17,,,,,Marion Merville & Jules Oudot,,,,,,,,,,,,
755,Local,1738,Nantes,,Les Isles françoises et Amerique,Exports,Pipes à fumer,,,,,1410,grosses,2,sources/Local/AD44_C706_Nantes_Exports_1738.csv,AD44 C706,17,,,,,Marion Merville & Jules Oudot,,,,,,,,,,,,
756,Local,1738,Nantes,,Les Isles françoises et Amerique,Exports,Plomb en grenailles,,,,,2550,livres,0.25,sources/Local/AD44_C706_Nantes_Exports_1738.csv,AD44 C706,17,,,,,Marion Merville & Jules Oudot,,,,,,,,,,,,
757,Local,1738,Nantes,,Les Isles françoises et Amerique,Exports,Plomb en rouleau,,,,,5400,livres,0.26,sources/Local/AD44_C706_Nantes_Exports_1738.csv,AD44 C706,17,,,,,Marion Merville & Jules Oudot,,,,,,,,,,,,
758,Local,1738,Nantes,,Les Isles françoises et Amerique,Exports,Pierres de grison,,,,,1100,en nombre,3,sources/Local/AD44_C706_Nantes_Exports_1738.csv,AD44 C706,17,,,,,Marion Merville & Jules Oudot,,,,,,,,,,,,
759,Local,1738,Nantes,,Les Isles françoises et Amerique,Exports,Planches de sapin communes,,,,,14800,en nombre,1,sources/Local/AD44_C706_Nantes_Exports_1738.csv,AD44 C706,17,,,,,Marion Merville & Jules Oudot,,,,,,,,,,,,
760,Local,1738,Nantes,,Les Isles françoises et Amerique,Exports,Planches de chênes de 8 pieds,,,,,60,pièces,2,sources/Local/AD44_C706_Nantes_Exports_1738.csv,AD44 C706,17,,,,,Marion Merville & Jules Oudot,,,,,,,,,,,,
761,Local,1738,Nantes,,Les Isles françoises et Amerique,Exports,Quicaille,,,,,32075,livres,1.25,sources/Local/AD44_C706_Nantes_Exports_1738.csv,AD44 C706,17,,,,,Marion Merville & Jules Oudot,,,,,,,,,,,,
762,Local,1738,Nantes,,Les Isles françoises et Amerique,Exports,Raisin sec,,,,,300,livres,0.15,sources/Local/AD44_C706_Nantes_Exports_1738.csv,AD44 C706,17,,,,,Marion Merville & Jules Oudot,,,,,,,,,,,,
763,Local,1738,Nantes,,Les Isles françoises et Amerique,Exports,Ruban de soye,,,,,17,livres,60,sources/Local/AD44_C706_Nantes_Exports_1738.csv,AD44 C706,17,,,,,Marion Merville & Jules Oudot,,,,,,,,,,,,
764,Local,1738,Nantes,,Les Isles françoises et Amerique,Exports,Retz à pêcher,,,,,140,livres,0.9,sources/Local/AD44_C706_Nantes_Exports_1738.csv,AD44 C706,17,,,,,Marion Merville & Jules Oudot,,,,,,,,,,,,
765,Local,1738,Nantes,,Les Isles françoises et Amerique,Exports,Rouës de chaise,,,,,14,paire,45,sources/Local/AD44_C706_Nantes_Exports_1738.csv,AD44 C706,17,,,,,Marion Merville & Jules Oudot,,,,,,,,,,,,
766,Local,1738,Nantes,,Les Isles françoises et Amerique,Exports,Rouës à cabrouets,,,,,34,paire,75,sources/Local/AD44_C706_Nantes_Exports_1738.csv,AD44 C706,17,,,,,Marion Merville & Jules Oudot,,,,,,,,,,,,
767,Local,1738,Nantes,,Les Isles françoises et Amerique,Exports,Saumon salé,,,,,8,barils,12,sources/Local/AD44_C706_Nantes_Exports_1738.csv,AD44 C706,17,,,,,Marion Merville & Jules Oudot,,,,,,,,,,,,
768,Local,1738,Nantes,,Les Isles françoises et Amerique,Exports,Saumon salé,,,,,21,tierçons,14,sources/Local/AD44_C706_Nantes_Exports_1738.csv,AD44 C706,17,,,,,Marion Merville & Jules Oudot,,,,,,,,,,,,
769,Local,1738,Nantes,,Les Isles françoises et Amerique,Exports,Sardines,,,,,150,Baril,18,sources/Local/AD44_C706_Nantes_Exports_1738.csv,AD44 C706,17,,,,,Marion Merville & Jules Oudot,,,,,,,,,,,,
770,Local,1738,Nantes,,Les Isles françoises et Amerique,Exports,Sel,,,,,42,muids,45,sources/Local/AD44_C706_Nantes_Exports_1738.csv,AD44 C706,17,,,,,Marion Merville & Jules Oudot,,,,,,,,,,,,
771,Local,1738,Nantes,,Les Isles françoises et Amerique,Exports,Suif,,,,,18100,livres,0.22,sources/Local/AD44_C706_Nantes_Exports_1738.csv,AD44 C706,17,,,,,Marion Merville & Jules Oudot,,,,,,,,,,,,
772,Local,1738,Nantes,,Les Isles françoises et Amerique,Exports,Savon,,,,,134000,livres,0.32,sources/Local/AD44_C706_Nantes_Exports_1738.csv,AD44 C706,17,,,,,Marion Merville & Jules Oudot,,,,,,,,,,,,
773,Local,1738,Nantes,,Les Isles françoises et Amerique,Exports,Souffre,,,,,900,livres,0.14,sources/Local/AD44_C706_Nantes_Exports_1738.csv,AD44 C706,17,,,,,Marion Merville & Jules Oudot,,,,,,,,,,,,
774,Local,1738,Nantes,,Les Isles françoises et Amerique,Exports,Soyerie,,,,,30,livres,40,sources/Local/AD44_C706_Nantes_Exports_1738.csv,AD44 C706,17,,,,,Marion Merville & Jules Oudot,,,,,,,,,,,,
775,Local,1738,Nantes,,Les Isles françoises et Amerique,Exports,Soye a Coudre,,,,,10,livres,20,sources/Local/AD44_C706_Nantes_Exports_1738.csv,AD44 C706,17,,,,,Marion Merville & Jules Oudot,,,,,,,,,,,,
776,Local,1738,Nantes,,Les Isles françoises et Amerique,Exports,Serge de laine,,,,,1610,aune,1.4,sources/Local/AD44_C706_Nantes_Exports_1738.csv,AD44 C706,17,,,,,Marion Merville & Jules Oudot,,,,,,,,,,,,
777,Local,1738,Nantes,,Les Isles françoises et Amerique,Exports,Serge drapée,,,,,175,livres,3,sources/Local/AD44_C706_Nantes_Exports_1738.csv,AD44 C706,17,,,,,Marion Merville & Jules Oudot,,,,,,,,,,,,
778,Local,1738,Nantes,,Les Isles françoises et Amerique,Exports,Serge a doubles,,,,,660,livres,1,sources/Local/AD44_C706_Nantes_Exports_1738.csv,AD44 C706,17,,,,,Marion Merville & Jules Oudot,,,,,,,,,,,,
779,Local,1738,Nantes,,Les Isles françoises et Amerique,Exports,Seines a pecher,,,,,700,livres,0.9,sources/Local/AD44_C706_Nantes_Exports_1738.csv,AD44 C706,17,,,,,Marion Merville & Jules Oudot,,,,,,,,,,,,
780,Local,1738,Nantes,,Les Isles françoises et Amerique,Exports,Souliers,,,,,5641,paire,2.5,sources/Local/AD44_C706_Nantes_Exports_1738.csv,AD44 C706,17,,,,,Marion Merville & Jules Oudot,,,,,,,,,,,,
781,Local,1738,Nantes,,Les Isles françoises et Amerique,Exports,Souliers d'enfan,,,,,508,paire,1.5,sources/Local/AD44_C706_Nantes_Exports_1738.csv,AD44 C706,17,,,,,Marion Merville & Jules Oudot,,,,,,,,,,,,
782,Local,1738,Nantes,,Les Isles françoises et Amerique,Exports,Socque,,,,,40,paire,8,sources/Local/AD44_C706_Nantes_Exports_1738.csv,AD44 C706,17,,,,,Marion Merville & Jules Oudot,,,,,,,,,,,,
783,Local,1738,Nantes,,Les Isles françoises et Amerique,Exports,Sabres,,,,,3220,en nombre,2,sources/Local/AD44_C706_Nantes_Exports_1738.csv,AD44 C706,17,,,,,Marion Merville & Jules Oudot,,,,,,,,,,,,
784,Local,1738,Nantes,,Les Isles françoises et Amerique,Exports,Selles de cheval,,,,,354,en nombre,1.25,sources/Local/AD44_C706_Nantes_Exports_1738.csv,AD44 C706,17,,,,,Marion Merville & Jules Oudot,,,,,,,,,,,,
785,Local,1738,Nantes,,Les Isles françoises et Amerique,Exports,Serpes,,,,,512,en nombre,1,sources/Local/AD44_C706_Nantes_Exports_1738.csv,AD44 C706,17,,,,,Marion Merville & Jules Oudot,,,,,,,,,,,,
786,Local,1738,Nantes,,Les Isles françoises et Amerique,Exports,Thé,,,,,230,livres,2.75,sources/Local/AD44_C706_Nantes_Exports_1738.csv,AD44 C706,17,,,,,Marion Merville & Jules Oudot,,,,,,,,,,,,
787,Local,1738,Nantes,,Les Isles françoises et Amerique,Exports,Tabac en poudre,,,,,275,livres,0.5,sources/Local/AD44_C706_Nantes_Exports_1738.csv,AD44 C706,17,,,,,Marion Merville & Jules Oudot,,,,,,,,,,,,
788,Local,1738,Nantes,,Les Isles françoises et Amerique,Exports,Toile de Bretagne,,,,,462567,livres,4,sources/Local/AD44_C706_Nantes_Exports_1738.csv,AD44 C706,17,,,,,Marion Merville & Jules Oudot,,,,,,,,,,,,
789,Local,1738,Nantes,,Les Isles françoises et Amerique,Exports,Toile de coton,,,,,15,piece,6,sources/Local/AD44_C706_Nantes_Exports_1738.csv,AD44 C706,17,,,,,Marion Merville & Jules Oudot,,,,,,,,,,,,
790,Local,1738,Nantes,,Les Isles françoises et Amerique,Exports,Toile de coton,,,,,250,livres,6,sources/Local/AD44_C706_Nantes_Exports_1738.csv,AD44 C706,17,,,,,Marion Merville & Jules Oudot,,,,,,,,,,,,
791,Local,1738,Nantes,,Les Isles françoises et Amerique,Exports,Tambours de fer,,,,,5550,livres,0.15,sources/Local/AD44_C706_Nantes_Exports_1738.csv,AD44 C706,17,,,,,Marion Merville & Jules Oudot,,,,,,,,,,,,
792,Local,1738,Nantes,,Les Isles françoises et Amerique,Exports,Tasseaux,,,,,71680,en nombre,0.225,sources/Local/AD44_C706_Nantes_Exports_1738.csv,AD44 C706,17,,,,,Marion Merville & Jules Oudot,,,,,,,,,,,,
793,Local,1738,Nantes,,Les Isles françoises et Amerique,Exports,Tuiles,,,,,53580,en nombre,0.0125,sources/Local/AD44_C706_Nantes_Exports_1738.csv,AD44 C706,17,,,,,Marion Merville & Jules Oudot,,,,,,,,,,,,
794,Local,1738,Nantes,,Les Isles françoises et Amerique,Exports,Terre a sucre,,,,,6,Barique,12,sources/Local/AD44_C706_Nantes_Exports_1738.csv,AD44 C706,17,,,,,Marion Merville & Jules Oudot,,,,,,,,,,,,
795,Local,1738,Nantes,,Les Isles françoises et Amerique,Exports,Vaisselle d'argens,,,,,204,marcs,57,sources/Local/AD44_C706_Nantes_Exports_1738.csv,AD44 C706,17,,,,,Marion Merville & Jules Oudot,,,,,,,,,,,,
796,Local,1738,Nantes,,Les Isles françoises et Amerique,Exports,Verres à boire,,,,,550,livres,0.9,sources/Local/AD44_C706_Nantes_Exports_1738.csv,AD44 C706,17,,,,,Marion Merville & Jules Oudot,,,,,,,,,,,,
797,Local,1738,Nantes,,Les Isles françoises et Amerique,Exports,Vin natois,,,,,561.5,tonneaux,80,sources/Local/AD44_C706_Nantes_Exports_1738.csv,AD44 C706,17,,,,,Marion Merville & Jules Oudot,,,,,,,,,,,,
798,Local,1738,Nantes,,Les Isles françoises et Amerique,Exports,Vin de Bordeaux,,,,,235,tonneaux,200,sources/Local/AD44_C706_Nantes_Exports_1738.csv,AD44 C706,17,,,,,Marion Merville & Jules Oudot,,,,,,,,,,,,
799,Local,1738,Nantes,,Les Isles françoises et Amerique,Exports,Vin d'amour,,,,,2,tonneaux,230,sources/Local/AD44_C706_Nantes_Exports_1738.csv,AD44 C706,17,,,,,Marion Merville & Jules Oudot,,,,,,,,,,,,
800,Local,1738,Nantes,,Les Isles françoises et Amerique,Exports,Vin de cahors,,,,,2,tonneaux,200,sources/Local/AD44_C706_Nantes_Exports_1738.csv,AD44 C706,17,,,,,Marion Merville & Jules Oudot,,,,,,,,,,,,
801,Local,1738,Nantes,,Les Isles françoises et Amerique,Exports,Vin maconnois,,,,,6,tonneaux,400,sources/Local/AD44_C706_Nantes_Exports_1738.csv,AD44 C706,17,,,,,Marion Merville & Jules Oudot,,,,,,,,,,,,
802,Local,1738,Nantes,,Les Isles françoises et Amerique,Exports,Vin de bourgogne,,,,,1,tonneaux,800,sources/Local/AD44_C706_Nantes_Exports_1738.csv,AD44 C706,17,,,,,Marion Merville & Jules Oudot,,,,,,,,,,,,
