line_number,source_type,year,customs_region,customs_office,partner,export_import,product,origin,width_in_line,value,value_part_of_bundle,quantity,quantity_unit,value_per_unit,filepath,source,sheet,value_total,value_sub_total_1,value_sub_total_2,value_sub_total_3,data_collector,unverified,remarks,value_minus_unit_val_x_qty,absurd_observation,trade_deficit,trade_surplus,duty_quantity,duty_quantity_unit,duty_by_unit,duty_total,duty_part_of_bundle,duty_remarks
1,Local,1757,Marseille,,Angleterre,Exports,Eau de vie,,,240,,1600,livres,0.15,sources/Local/Archives_de_la_CCI_de_Marseille_I_23_Marseille_Exports_1757.csv,Archives de la CCI de Marseille - I 23,1,,,,,Teklia-Jules Oudot-Guillaume Daudin,0,,0,,,,,,,,,
2,Local,1757,Marseille,,Danemark,Exports,Amandes,,,1872,,7488,livres,0.25,sources/Local/Archives_de_la_CCI_de_Marseille_I_23_Marseille_Exports_1757.csv,Archives de la CCI de Marseille - I 23,1,,,,,Teklia-Jules Oudot-Guillaume Daudin,0,Petite erreur de calcul : je change la valeur GD,0,,,,,,,,,
3,Local,1757,Marseille,,Danemark,Exports,Citrons,,,1500,,100,milliers,15,sources/Local/Archives_de_la_CCI_de_Marseille_I_23_Marseille_Exports_1757.csv,Archives de la CCI de Marseille - I 23,1,,,,,Teklia-Jules Oudot-Guillaume Daudin,0,,0,,,,,,,,,
4,Local,1757,Marseille,,Danemark,Exports,Galles,,,2524,,5048,livres,0.5,sources/Local/Archives_de_la_CCI_de_Marseille_I_23_Marseille_Exports_1757.csv,Archives de la CCI de Marseille - I 23,1,,,,,Teklia-Jules Oudot-Guillaume Daudin,0,,0,,,,,,,,,
5,Local,1757,Marseille,,Danemark,Exports,Oranges,,,150,,10,milliers,15,sources/Local/Archives_de_la_CCI_de_Marseille_I_23_Marseille_Exports_1757.csv,Archives de la CCI de Marseille - I 23,1,,,,,Teklia-Jules Oudot-Guillaume Daudin,0,,0,,,,,,,,,
6,Local,1757,Marseille,,Danemark,Exports,Poisson salé,,,223,,894,livres,0.25,sources/Local/Archives_de_la_CCI_de_Marseille_I_23_Marseille_Exports_1757.csv,Archives de la CCI de Marseille - I 23,1,,,,,Teklia-Jules Oudot-Guillaume Daudin,0,,-0.5,,,,,,,,,
7,Local,1757,Marseille,,Danemark,Exports,Raisin Sec,,,1602,,8019,livres,0.2,sources/Local/Archives_de_la_CCI_de_Marseille_I_23_Marseille_Exports_1757.csv,Archives de la CCI de Marseille - I 23,1,,,,,Teklia-Jules Oudot-Guillaume Daudin,0,,-1.80000000000018,,,,,,,,,
8,Local,1757,Marseille,,Danemark,Exports,Savon,,,1456,,4855,livres,0.3,sources/Local/Archives_de_la_CCI_de_Marseille_I_23_Marseille_Exports_1757.csv,Archives de la CCI de Marseille - I 23,1,,,,,Teklia-Jules Oudot-Guillaume Daudin,0,,-0.5,,,,,,,,,
9,Local,1757,Marseille,,Danemark,Exports,Sumac,,,558,,7975,livres,0.07,sources/Local/Archives_de_la_CCI_de_Marseille_I_23_Marseille_Exports_1757.csv,Archives de la CCI de Marseille - I 23,1,,,,,Teklia-Jules Oudot-Guillaume Daudin,0,,-0.25,,,,,,,,,
10,Local,1757,Marseille,,Danemark,Exports,Tartre,,,1123,,4683,livres,0.24,sources/Local/Archives_de_la_CCI_de_Marseille_I_23_Marseille_Exports_1757.csv,Archives de la CCI de Marseille - I 23,1,,,,,Teklia-Jules Oudot-Guillaume Daudin,0,,-0.919999999999845,,,,,,,,,
11,Local,1757,Marseille,,Danemark,Exports,Vin Rouge,,,360,,40,millerolles,9,sources/Local/Archives_de_la_CCI_de_Marseille_I_23_Marseille_Exports_1757.csv,Archives de la CCI de Marseille - I 23,1,,,,,Teklia-Jules Oudot-Guillaume Daudin,0,,0,,,,,,,,,
12,Local,1757,Marseille,,Espagne,Exports,Acier,,,4495,,12843,livres,0.35,sources/Local/Archives_de_la_CCI_de_Marseille_I_23_Marseille_Exports_1757.csv,Archives de la CCI de Marseille - I 23,2,,,,,Teklia-Jules Oudot-Guillaume Daudin,0,,-0.0499999999992724,,,,,,,,,
13,Local,1757,Marseille,,Espagne,Exports,Ajamis,,,73233,,8137,pièces,9,sources/Local/Archives_de_la_CCI_de_Marseille_I_23_Marseille_Exports_1757.csv,Archives de la CCI de Marseille - I 23,2,,,,,Teklia-Jules Oudot-Guillaume Daudin,0,,0,,,,,,,,,
14,Local,1757,Marseille,,Espagne,Exports,Alun,,,3693,,30778,livres,0.12,sources/Local/Archives_de_la_CCI_de_Marseille_I_23_Marseille_Exports_1757.csv,Archives de la CCI de Marseille - I 23,2,,,,,Teklia-Jules Oudot-Guillaume Daudin,0,,-0.359999999999673,,,,,,,,,
15,Local,1757,Marseille,,Espagne,Exports,Amadou,,,534,,534,livres,1,sources/Local/Archives_de_la_CCI_de_Marseille_I_23_Marseille_Exports_1757.csv,Archives de la CCI de Marseille - I 23,2,,,,,Teklia-Jules Oudot-Guillaume Daudin,0,,0,,,,,,,,,
16,Local,1757,Marseille,,Espagne,Exports,Amandes,,,434,,1738,livres,0.25,sources/Local/Archives_de_la_CCI_de_Marseille_I_23_Marseille_Exports_1757.csv,Archives de la CCI de Marseille - I 23,2,,,,,Teklia-Jules Oudot-Guillaume Daudin,0,,-0.5,,,,,,,,,
17,Local,1757,Marseille,,Espagne,Exports,Amidon,,,1237,,6188,livres,0.2,sources/Local/Archives_de_la_CCI_de_Marseille_I_23_Marseille_Exports_1757.csv,Archives de la CCI de Marseille - I 23,2,,,,,Teklia-Jules Oudot-Guillaume Daudin,0,,-0.600000000000136,,,,,,,,,
18,Local,1757,Marseille,,Espagne,Exports,Anis,,,3860,,19300,livres,0.2,sources/Local/Archives_de_la_CCI_de_Marseille_I_23_Marseille_Exports_1757.csv,Archives de la CCI de Marseille - I 23,2,,,,,Teklia-Jules Oudot-Guillaume Daudin,0,,0,,,,,,,,,
19,Local,1757,Marseille,,Espagne,Exports,Arcenic,,,75,,250,livres,0.3,sources/Local/Archives_de_la_CCI_de_Marseille_I_23_Marseille_Exports_1757.csv,Archives de la CCI de Marseille - I 23,2,,,,,Teklia-Jules Oudot-Guillaume Daudin,0,,0,,,,,,,,,
20,Local,1757,Marseille,,Espagne,Exports,Arquifou,,,250,,1670,livres,0.15,sources/Local/Archives_de_la_CCI_de_Marseille_I_23_Marseille_Exports_1757.csv,Archives de la CCI de Marseille - I 23,2,,,,,Teklia-Jules Oudot-Guillaume Daudin,0,,-0.5,,,,,,,,,
21,Local,1757,Marseille,,Espagne,Exports,Azur,,,202,,404,livres,0.5,sources/Local/Archives_de_la_CCI_de_Marseille_I_23_Marseille_Exports_1757.csv,Archives de la CCI de Marseille - I 23,2,,,,,Teklia-Jules Oudot-Guillaume Daudin,0,,0,,,,,,,,,
22,Local,1757,Marseille,,Espagne,Exports,Baleine coupée,,,700,,140,livres,5,sources/Local/Archives_de_la_CCI_de_Marseille_I_23_Marseille_Exports_1757.csv,Archives de la CCI de Marseille - I 23,2,,,,,Teklia-Jules Oudot-Guillaume Daudin,0,,0,,,,,,,,,
23,Local,1757,Marseille,,Espagne,Exports,Bas de coton,,,3375,,675,livres,5,sources/Local/Archives_de_la_CCI_de_Marseille_I_23_Marseille_Exports_1757.csv,Archives de la CCI de Marseille - I 23,2,,,,,Teklia-Jules Oudot-Guillaume Daudin,0,,0,,,,,,,,,
24,Local,1757,Marseille,,Espagne,Exports,Bas de fil,,,2500,,500,livres,5,sources/Local/Archives_de_la_CCI_de_Marseille_I_23_Marseille_Exports_1757.csv,Archives de la CCI de Marseille - I 23,2,,,,,Teklia-Jules Oudot-Guillaume Daudin,0,,0,,,,,,,,,
25,Local,1757,Marseille,,Espagne,Exports,Bas de laine,,,79668,,13278,livres,6,sources/Local/Archives_de_la_CCI_de_Marseille_I_23_Marseille_Exports_1757.csv,Archives de la CCI de Marseille - I 23,2,,,,,Teklia-Jules Oudot-Guillaume Daudin,0,,0,,,,,,,,,
26,Local,1757,Marseille,,Espagne,Exports,Bas de soye,,,246640,,6166,livres,40,sources/Local/Archives_de_la_CCI_de_Marseille_I_23_Marseille_Exports_1757.csv,Archives de la CCI de Marseille - I 23,2,,,,,Teklia-Jules Oudot-Guillaume Daudin,0,,0,,,,,,,,,
27,Local,1757,Marseille,,Espagne,Exports,Batanonis,,,4740,,1580,livres,3,sources/Local/Archives_de_la_CCI_de_Marseille_I_23_Marseille_Exports_1757.csv,Archives de la CCI de Marseille - I 23,2,,,,,Teklia-Jules Oudot-Guillaume Daudin,0,,0,,,,,,,,,
28,Local,1757,Marseille,,Espagne,Exports,Baume,,,1500,,150,livres,10,sources/Local/Archives_de_la_CCI_de_Marseille_I_23_Marseille_Exports_1757.csv,Archives de la CCI de Marseille - I 23,2,,,,,Teklia-Jules Oudot-Guillaume Daudin,0,,0,,,,,,,,,
29,Local,1757,Marseille,,Espagne,Exports,Bazin,,,6186,,1031,livres,6,sources/Local/Archives_de_la_CCI_de_Marseille_I_23_Marseille_Exports_1757.csv,Archives de la CCI de Marseille - I 23,2,,,,,Teklia-Jules Oudot-Guillaume Daudin,0,,0,,,,,,,,,
30,Local,1757,Marseille,,Espagne,Exports,Beujoins,,,720,,180,livres,4,sources/Local/Archives_de_la_CCI_de_Marseille_I_23_Marseille_Exports_1757.csv,Archives de la CCI de Marseille - I 23,2,,,,,Teklia-Jules Oudot-Guillaume Daudin,0,,0,,,,,,,,,
31,Local,1757,Marseille,,Espagne,Exports,Beure,,,778,,1945,livres,0.4,sources/Local/Archives_de_la_CCI_de_Marseille_I_23_Marseille_Exports_1757.csv,Archives de la CCI de Marseille - I 23,2,,,,,Teklia-Jules Oudot-Guillaume Daudin,0,,0,,,,,,,,,
32,Local,1757,Marseille,,Espagne,Exports,Bijouterie,,,20000,,200,livres,100,sources/Local/Archives_de_la_CCI_de_Marseille_I_23_Marseille_Exports_1757.csv,Archives de la CCI de Marseille - I 23,2,,,,,Teklia-Jules Oudot-Guillaume Daudin,0,,0,,,,,,,,,
33,Local,1757,Marseille,,Espagne,Exports,Bled fromen,,,505280,,25264,charges,20,sources/Local/Archives_de_la_CCI_de_Marseille_I_23_Marseille_Exports_1757.csv,Archives de la CCI de Marseille - I 23,2,,,,,Teklia-Jules Oudot-Guillaume Daudin,0,,0,,,,,,,,,
34,Local,1757,Marseille,,Espagne,Exports,Bois de Brezil,,,2258,,9033,livres,0.25,sources/Local/Archives_de_la_CCI_de_Marseille_I_23_Marseille_Exports_1757.csv,Archives de la CCI de Marseille - I 23,2,,,,,Teklia-Jules Oudot-Guillaume Daudin,0,,-0.25,,,,,,,,,
35,Local,1757,Marseille,,Espagne,Exports,Bois de campeche,,,7508,,50055,livres,0.15,sources/Local/Archives_de_la_CCI_de_Marseille_I_23_Marseille_Exports_1757.csv,Archives de la CCI de Marseille - I 23,2,,,,,Teklia-Jules Oudot-Guillaume Daudin,0,,-0.25,,,,,,,,,
36,Local,1757,Marseille,,Espagne,Exports,Bois de construction,,,2000,,100,pièces,20,sources/Local/Archives_de_la_CCI_de_Marseille_I_23_Marseille_Exports_1757.csv,Archives de la CCI de Marseille - I 23,2,,,,,Teklia-Jules Oudot-Guillaume Daudin,0,,0,,,,,,,,,
37,Local,1757,Marseille,,Espagne,Exports,Bois fustel,,,3573,,35733,livres,0.1,sources/Local/Archives_de_la_CCI_de_Marseille_I_23_Marseille_Exports_1757.csv,Archives de la CCI de Marseille - I 23,2,,,,,Teklia-Jules Oudot-Guillaume Daudin,0,,-0.300000000000182,,,,,,,,,
38,Local,1757,Marseille,,Espagne,Exports,Bois merrains a tonneaux,,,2260,,226,tonneaux,10,sources/Local/Archives_de_la_CCI_de_Marseille_I_23_Marseille_Exports_1757.csv,Archives de la CCI de Marseille - I 23,2,,,,,Teklia-Jules Oudot-Guillaume Daudin,0,,0,,,,,,,,,
39,Local,1757,Marseille,,Espagne,Exports,Bois de sandal,,,1810,,4525,livres,0.4,sources/Local/Archives_de_la_CCI_de_Marseille_I_23_Marseille_Exports_1757.csv,Archives de la CCI de Marseille - I 23,2,,,,,Teklia-Jules Oudot-Guillaume Daudin,0,,0,,,,,,,,,
40,Local,1757,Marseille,,Espagne,Exports,Bois de sapin,,,36,,12,pièces,3,sources/Local/Archives_de_la_CCI_de_Marseille_I_23_Marseille_Exports_1757.csv,Archives de la CCI de Marseille - I 23,2,,,,,Teklia-Jules Oudot-Guillaume Daudin,0,,0,,,,,,,,,
41,Local,1757,Marseille,,Espagne,Exports,Bonnets de coton,,,2400,,600,livres,4,sources/Local/Archives_de_la_CCI_de_Marseille_I_23_Marseille_Exports_1757.csv,Archives de la CCI de Marseille - I 23,2,,,,,Teklia-Jules Oudot-Guillaume Daudin,0,,0,,,,,,,,,
42,Local,1757,Marseille,,Espagne,Exports,Bonnets de laine,,,2420,,242,livres,10,sources/Local/Archives_de_la_CCI_de_Marseille_I_23_Marseille_Exports_1757.csv,Archives de la CCI de Marseille - I 23,2,,,,,Teklia-Jules Oudot-Guillaume Daudin,0,,0,,,,,,,,,
43,Local,1757,Marseille,,Espagne,Exports,Bonnets de soye,,,3200,,80,livres,40,sources/Local/Archives_de_la_CCI_de_Marseille_I_23_Marseille_Exports_1757.csv,Archives de la CCI de Marseille - I 23,2,,,,,Teklia-Jules Oudot-Guillaume Daudin,0,,0,,,,,,,,,
44,Local,1757,Marseille,,Espagne,Exports,Boucassin,,,6717,,2239,livres,3,sources/Local/Archives_de_la_CCI_de_Marseille_I_23_Marseille_Exports_1757.csv,Archives de la CCI de Marseille - I 23,2,,,,,Teklia-Jules Oudot-Guillaume Daudin,0,,0,,,,,,,,,
45,Local,1757,Marseille,,Espagne,Exports,Bourde de coton,,,700,,70,pièces,10,sources/Local/Archives_de_la_CCI_de_Marseille_I_23_Marseille_Exports_1757.csv,Archives de la CCI de Marseille - I 23,2,,,,,Teklia-Jules Oudot-Guillaume Daudin,0,,0,,,,,,,,,
46,Local,1757,Marseille,,Espagne,Exports,Bourde de Levant,,,11200,,280,pièces,40,sources/Local/Archives_de_la_CCI_de_Marseille_I_23_Marseille_Exports_1757.csv,Archives de la CCI de Marseille - I 23,2,,,,,Teklia-Jules Oudot-Guillaume Daudin,0,,0,,,,,,,,,
47,Local,1757,Marseille,,Espagne,Exports,Bruy sec,,,11336,,75578,livres,0.15,sources/Local/Archives_de_la_CCI_de_Marseille_I_23_Marseille_Exports_1757.csv,Archives de la CCI de Marseille - I 23,2,,,,,Teklia-Jules Oudot-Guillaume Daudin,0,,-0.699999999998909,,,,,,,,,
48,Local,1757,Marseille,,Espagne,Exports,Brun rouge,,,100,,4000,livres,0.025,sources/Local/Archives_de_la_CCI_de_Marseille_I_23_Marseille_Exports_1757.csv,Archives de la CCI de Marseille - I 23,2,,,,,Teklia-Jules Oudot-Guillaume Daudin,0,,0,,,,,,,,,
49,Local,1757,Marseille,,Espagne,Exports,Cacao,,,267199,,190857,livres,1.4,sources/Local/Archives_de_la_CCI_de_Marseille_I_23_Marseille_Exports_1757.csv,Archives de la CCI de Marseille - I 23,2,,,,,Teklia-Jules Oudot-Guillaume Daudin,0,,-0.799999999988359,,,,,,,,,
50,Local,1757,Marseille,,Espagne,Exports,Caffés,,,45229,,32307,livres,1.4,sources/Local/Archives_de_la_CCI_de_Marseille_I_23_Marseille_Exports_1757.csv,Archives de la CCI de Marseille - I 23,2,,,,,Teklia-Jules Oudot-Guillaume Daudin,0,,-0.799999999995634,,,,,,,,,
51,Local,1757,Marseille,,Espagne,Exports,Callemande,,,2100,,700,livres,3,sources/Local/Archives_de_la_CCI_de_Marseille_I_23_Marseille_Exports_1757.csv,Archives de la CCI de Marseille - I 23,2,,,,,Teklia-Jules Oudot-Guillaume Daudin,0,,0,,,,,,,,,
52,Local,1757,Marseille,,Espagne,Exports,Canefice,,,50,,178,livres,0.3,sources/Local/Archives_de_la_CCI_de_Marseille_I_23_Marseille_Exports_1757.csv,Archives de la CCI de Marseille - I 23,2,,,,,Teklia-Jules Oudot-Guillaume Daudin,0,,-3.4,,,,,,,,,
53,Local,1757,Marseille,,Espagne,Exports,Canette,,,18450,,3075,livres,6,sources/Local/Archives_de_la_CCI_de_Marseille_I_23_Marseille_Exports_1757.csv,Archives de la CCI de Marseille - I 23,2,,,,,Teklia-Jules Oudot-Guillaume Daudin,0,,0,,,,,,,,,
54,Local,1757,Marseille,,Espagne,Exports,Capots,,,5400,,600,livres,9,sources/Local/Archives_de_la_CCI_de_Marseille_I_23_Marseille_Exports_1757.csv,Archives de la CCI de Marseille - I 23,2,,,,,Teklia-Jules Oudot-Guillaume Daudin,0,,0,,,,,,,,,
55,Local,1757,Marseille,,Espagne,Exports,Capres,,,93,,310,livres,0.3,sources/Local/Archives_de_la_CCI_de_Marseille_I_23_Marseille_Exports_1757.csv,Archives de la CCI de Marseille - I 23,2,,,,,Teklia-Jules Oudot-Guillaume Daudin,0,,0,,,,,,,,,
56,Local,1757,Marseille,,Espagne,Exports,Cartes à joüer,,,15987,,6395,livres,2.5,sources/Local/Archives_de_la_CCI_de_Marseille_I_23_Marseille_Exports_1757.csv,Archives de la CCI de Marseille - I 23,2,,,,,Teklia-Jules Oudot-Guillaume Daudin,0,,-0.5,,,,,,,,,
57,Local,1757,Marseille,,Espagne,Exports,Cartons,,,280,,280,livres,1,sources/Local/Archives_de_la_CCI_de_Marseille_I_23_Marseille_Exports_1757.csv,Archives de la CCI de Marseille - I 23,2,,,,,Teklia-Jules Oudot-Guillaume Daudin,0,,0,,,,,,,,,
58,Local,1757,Marseille,,Espagne,Exports,Cendre gravelée,,,140,,1000,livres,0.14,sources/Local/Archives_de_la_CCI_de_Marseille_I_23_Marseille_Exports_1757.csv,Archives de la CCI de Marseille - I 23,2,,,,,Teklia-Jules Oudot-Guillaume Daudin,0,,0,,,,,,,,,
59,Local,1757,Marseille,,Espagne,Exports,Cercles de bois,,,150,,75,faix,2,sources/Local/Archives_de_la_CCI_de_Marseille_I_23_Marseille_Exports_1757.csv,Archives de la CCI de Marseille - I 23,2,,,,,Teklia-Jules Oudot-Guillaume Daudin,0,,0,,,,,,,,,
60,Local,1757,Marseille,,Espagne,Exports,Cercles de bois,,,1280,,32,livres,40,sources/Local/Archives_de_la_CCI_de_Marseille_I_23_Marseille_Exports_1757.csv,Archives de la CCI de Marseille - I 23,2,,,,,Teklia-Jules Oudot-Guillaume Daudin,0,,0,,,,,,,,,
61,Local,1757,Marseille,,Espagne,Exports,Coruze,,,2380,,11900,livres,0.2,sources/Local/Archives_de_la_CCI_de_Marseille_I_23_Marseille_Exports_1757.csv,Archives de la CCI de Marseille - I 23,2,,,,,Teklia-Jules Oudot-Guillaume Daudin,0,,0,,,,,,,,,
62,Local,1757,Marseille,,Espagne,Exports,Chaises de paille,,,1470,,98,livres,15,sources/Local/Archives_de_la_CCI_de_Marseille_I_23_Marseille_Exports_1757.csv,Archives de la CCI de Marseille - I 23,2,,,,,Teklia-Jules Oudot-Guillaume Daudin,0,,0,,,,,,,,,
63,Local,1757,Marseille,,Espagne,Exports,Chandelle,,,7477,,16616,livres,0.45,sources/Local/Archives_de_la_CCI_de_Marseille_I_23_Marseille_Exports_1757.csv,Archives de la CCI de Marseille - I 23,2,,,,,Teklia-Jules Oudot-Guillaume Daudin,0,,-0.199999999999818,,,,,,,,,
64,Local,1757,Marseille,,Espagne,Exports,Chanvre peigné,,,4120,,11446,livres,0.36,sources/Local/Archives_de_la_CCI_de_Marseille_I_23_Marseille_Exports_1757.csv,Archives de la CCI de Marseille - I 23,2,,,,,Teklia-Jules Oudot-Guillaume Daudin,0,,-0.559999999999491,,,,,,,,,
65,Local,1757,Marseille,,Espagne,Exports,Chepeaux poil et laine,,,188040,,3134,livres,60,sources/Local/Archives_de_la_CCI_de_Marseille_I_23_Marseille_Exports_1757.csv,Archives de la CCI de Marseille - I 23,2,,,,,Teklia-Jules Oudot-Guillaume Daudin,0,,0,,,,,,,,,
66,Local,1757,Marseille,,Espagne,Exports,Chataignes,,,250,,5004,livres,0.05,sources/Local/Archives_de_la_CCI_de_Marseille_I_23_Marseille_Exports_1757.csv,Archives de la CCI de Marseille - I 23,2,,,,,Teklia-Jules Oudot-Guillaume Daudin,0,,-0.200000000000017,,,,,,,,,
67,Local,1757,Marseille,,Espagne,Exports,Cheveux,,,1830,,61,livres,30,sources/Local/Archives_de_la_CCI_de_Marseille_I_23_Marseille_Exports_1757.csv,Archives de la CCI de Marseille - I 23,2,,,,,Teklia-Jules Oudot-Guillaume Daudin,0,,0,,,,,,,,,
68,Local,1757,Marseille,,Espagne,Exports,Cire blanche,,,74848,,35642,livres,2.1,sources/Local/Archives_de_la_CCI_de_Marseille_I_23_Marseille_Exports_1757.csv,Archives de la CCI de Marseille - I 23,2,,,,,Teklia-Jules Oudot-Guillaume Daudin,0,,-0.19999999999709,,,,,,,,,
69,Local,1757,Marseille,,Espagne,Exports,Cire jaune,,,44544,,29696,livres,1.5,sources/Local/Archives_de_la_CCI_de_Marseille_I_23_Marseille_Exports_1757.csv,Archives de la CCI de Marseille - I 23,2,,,,,Teklia-Jules Oudot-Guillaume Daudin,0,,0,,,,,,,,,
70,Local,1757,Marseille,,Espagne,Exports,Cloux de fer,,,8978,,35915,livres,0.25,sources/Local/Archives_de_la_CCI_de_Marseille_I_23_Marseille_Exports_1757.csv,Archives de la CCI de Marseille - I 23,2,,,,,Teklia-Jules Oudot-Guillaume Daudin,0,,-0.75,,,,,,,,,
71,Local,1757,Marseille,,Espagne,Exports,Colle forte,,,10341,,25853,livres,0.4,sources/Local/Archives_de_la_CCI_de_Marseille_I_23_Marseille_Exports_1757.csv,Archives de la CCI de Marseille - I 23,2,,,,,Teklia-Jules Oudot-Guillaume Daudin,0,,-0.200000000000728,,,,,,,,,
72,Local,1757,Marseille,,Espagne,Exports,Confitures,,,30573,,30573,livres,1,sources/Local/Archives_de_la_CCI_de_Marseille_I_23_Marseille_Exports_1757.csv,Archives de la CCI de Marseille - I 23,2,,,,,Teklia-Jules Oudot-Guillaume Daudin,0,,0,,,,,,,,,
73,Local,1757,Marseille,,Espagne,Exports,Cordages d'espars,,,189,,27,livres,7,sources/Local/Archives_de_la_CCI_de_Marseille_I_23_Marseille_Exports_1757.csv,Archives de la CCI de Marseille - I 23,2,,,,,Teklia-Jules Oudot-Guillaume Daudin,0,,0,,,,,,,,,
74,Local,1757,Marseille,,Espagne,Exports,Coton filé,,,54466,,49515,livres,1.1,sources/Local/Archives_de_la_CCI_de_Marseille_I_23_Marseille_Exports_1757.csv,Archives de la CCI de Marseille - I 23,2,,,,,Teklia-Jules Oudot-Guillaume Daudin,0,,-0.500000000007276,,,,,,,,,
75,Local,1757,Marseille,,Espagne,Exports,Coton en laine,,,51,,102,livres,0.5,sources/Local/Archives_de_la_CCI_de_Marseille_I_23_Marseille_Exports_1757.csv,Archives de la CCI de Marseille - I 23,2,,,,,Teklia-Jules Oudot-Guillaume Daudin,0,,0,,,,,,,,,
76,Local,1757,Marseille,,Espagne,Exports,Cotonne,,,4584,,764,livres,6,sources/Local/Archives_de_la_CCI_de_Marseille_I_23_Marseille_Exports_1757.csv,Archives de la CCI de Marseille - I 23,2,,,,,Teklia-Jules Oudot-Guillaume Daudin,0,,0,,,,,,,,,
77,Local,1757,Marseille,,Espagne,Exports,Couperose,,,5234,,58156,livres,0.09,sources/Local/Archives_de_la_CCI_de_Marseille_I_23_Marseille_Exports_1757.csv,Archives de la CCI de Marseille - I 23,2,,,,,Teklia-Jules Oudot-Guillaume Daudin,0,,-0.0399999999999636,,,,,,,,,
78,Local,1757,Marseille,,Espagne,Exports,Couteaux,,,1000,,500,livres,2,sources/Local/Archives_de_la_CCI_de_Marseille_I_23_Marseille_Exports_1757.csv,Archives de la CCI de Marseille - I 23,2,,,,,Teklia-Jules Oudot-Guillaume Daudin,0,,0,,,,,,,,,
79,Local,1757,Marseille,,Espagne,Exports,Craye,,,18,,600,livres,0.03,sources/Local/Archives_de_la_CCI_de_Marseille_I_23_Marseille_Exports_1757.csv,Archives de la CCI de Marseille - I 23,3,,,,,Teklia-Jules Oudot-Guillaume Daudin,0,,0,,,,,,,,,
80,Local,1757,Marseille,,Espagne,Exports,Creme de tartre,,,122,,407,livres,0.3,sources/Local/Archives_de_la_CCI_de_Marseille_I_23_Marseille_Exports_1757.csv,Archives de la CCI de Marseille - I 23,3,,,,,Teklia-Jules Oudot-Guillaume Daudin,0,,-0.0999999999999943,,,,,,,,,
81,Local,1757,Marseille,,Espagne,Exports,Crin,,,600,,1000,livres,0.6,sources/Local/Archives_de_la_CCI_de_Marseille_I_23_Marseille_Exports_1757.csv,Archives de la CCI de Marseille - I 23,3,,,,,Teklia-Jules Oudot-Guillaume Daudin,0,,0,,,,,,,,,
82,Local,1757,Marseille,,Espagne,Exports,Cuirs de beuf en poil,,,91170,,5065,pièces,18,sources/Local/Archives_de_la_CCI_de_Marseille_I_23_Marseille_Exports_1757.csv,Archives de la CCI de Marseille - I 23,3,,,,,Teklia-Jules Oudot-Guillaume Daudin,0,,0,,,,,,,,,
83,Local,1757,Marseille,,Espagne,Exports,Cuirs de beuf en poil,,,118898,,297247,livres,0.4,sources/Local/Archives_de_la_CCI_de_Marseille_I_23_Marseille_Exports_1757.csv,Archives de la CCI de Marseille - I 23,3,,,,,Teklia-Jules Oudot-Guillaume Daudin,0,,-0.80000000000291,,,,,,,,,
84,Local,1757,Marseille,,Espagne,Exports,Cuir tannés,,,31984,,53308,livres,0.6,sources/Local/Archives_de_la_CCI_de_Marseille_I_23_Marseille_Exports_1757.csv,Archives de la CCI de Marseille - I 23,3,,,,,Teklia-Jules Oudot-Guillaume Daudin,0,,-0.799999999999272,,,,,,,,,
85,Local,1757,Marseille,,Espagne,Exports,Cuivre tangoul,,,20588,,22876,livres,0.9,sources/Local/Archives_de_la_CCI_de_Marseille_I_23_Marseille_Exports_1757.csv,Archives de la CCI de Marseille - I 23,3,,,,,Teklia-Jules Oudot-Guillaume Daudin,0,,-0.400000000001455,,,,,,,,,
86,Local,1757,Marseille,,Espagne,Exports,Culotte de toilles,,,369,,121,livres,3,sources/Local/Archives_de_la_CCI_de_Marseille_I_23_Marseille_Exports_1757.csv,Archives de la CCI de Marseille - I 23,3,,,,,Teklia-Jules Oudot-Guillaume Daudin,0,,6,,,,,,,,,
87,Local,1757,Marseille,,Espagne,Exports,Cumin,,,53,,266,livres,0.2,sources/Local/Archives_de_la_CCI_de_Marseille_I_23_Marseille_Exports_1757.csv,Archives de la CCI de Marseille - I 23,3,,,,,Teklia-Jules Oudot-Guillaume Daudin,0,,-0.200000000000003,,,,,,,,,
88,Local,1757,Marseille,,Espagne,Exports,Dattes,,,2376,,11880,livres,0.2,sources/Local/Archives_de_la_CCI_de_Marseille_I_23_Marseille_Exports_1757.csv,Archives de la CCI de Marseille - I 23,3,,,,,Teklia-Jules Oudot-Guillaume Daudin,0,,0,,,,,,,,,
89,Local,1757,Marseille,,Espagne,Exports,Demitte,,,219,,73,livres,3,sources/Local/Archives_de_la_CCI_de_Marseille_I_23_Marseille_Exports_1757.csv,Archives de la CCI de Marseille - I 23,3,,,,,Teklia-Jules Oudot-Guillaume Daudin,0,,0,,,,,,,,,
90,Local,1757,Marseille,,Espagne,Exports,Dentelle du Puy,,,26750,,535,livres,50,sources/Local/Archives_de_la_CCI_de_Marseille_I_23_Marseille_Exports_1757.csv,Archives de la CCI de Marseille - I 23,3,,,,,Teklia-Jules Oudot-Guillaume Daudin,0,,0,,,,,,,,,
91,Local,1757,Marseille,,Espagne,Exports,Dorure fine,,,729500,,7295,livres,100,sources/Local/Archives_de_la_CCI_de_Marseille_I_23_Marseille_Exports_1757.csv,Archives de la CCI de Marseille - I 23,3,,,,,Teklia-Jules Oudot-Guillaume Daudin,0,,0,,,,,,,,,
92,Local,1757,Marseille,,Espagne,Exports,Drap Londrin,,,12040,,1720,livres,7,sources/Local/Archives_de_la_CCI_de_Marseille_I_23_Marseille_Exports_1757.csv,Archives de la CCI de Marseille - I 23,3,,,,,Teklia-Jules Oudot-Guillaume Daudin,0,,0,,,,,,,,,
93,Local,1757,Marseille,,Espagne,Exports,Draperie ordinaire,,,149916,,24986,livres,6,sources/Local/Archives_de_la_CCI_de_Marseille_I_23_Marseille_Exports_1757.csv,Archives de la CCI de Marseille - I 23,3,,,,,Teklia-Jules Oudot-Guillaume Daudin,0,,0,,,,,,,,,
94,Local,1757,Marseille,,Espagne,Exports,Draperie petite,,,259803,,86601,livres,3,sources/Local/Archives_de_la_CCI_de_Marseille_I_23_Marseille_Exports_1757.csv,Archives de la CCI de Marseille - I 23,3,,,,,Teklia-Jules Oudot-Guillaume Daudin,0,,0,,,,,,,,,
95,Local,1757,Marseille,,Espagne,Exports,Drogueries,,,139321,,139321,livres,1,sources/Local/Archives_de_la_CCI_de_Marseille_I_23_Marseille_Exports_1757.csv,Archives de la CCI de Marseille - I 23,3,,,,,Teklia-Jules Oudot-Guillaume Daudin,0,,0,,,,,,,,,
96,Local,1757,Marseille,,Espagne,Exports,Eau de fleur d'orange,,,245,,490,livres,0.5,sources/Local/Archives_de_la_CCI_de_Marseille_I_23_Marseille_Exports_1757.csv,Archives de la CCI de Marseille - I 23,3,,,,,Teklia-Jules Oudot-Guillaume Daudin,0,,0,,,,,,,,,
97,Local,1757,Marseille,,Espagne,Exports,Eau forte,,,1417,,1050,livres,1.35,sources/Local/Archives_de_la_CCI_de_Marseille_I_23_Marseille_Exports_1757.csv,Archives de la CCI de Marseille - I 23,3,,,,,Teklia-Jules Oudot-Guillaume Daudin,0,,-0.5,,,,,,,,,
98,Local,1757,Marseille,,Espagne,Exports,Eau de raisine,,,389,,3890,livres,0.1,sources/Local/Archives_de_la_CCI_de_Marseille_I_23_Marseille_Exports_1757.csv,Archives de la CCI de Marseille - I 23,3,,,,,Teklia-Jules Oudot-Guillaume Daudin,0,,0,,,,,,,,,
99,Local,1757,Marseille,,Espagne,Exports,Eau de la reine d'hongrie,,,2929,,3906,livres,0.75,sources/Local/Archives_de_la_CCI_de_Marseille_I_23_Marseille_Exports_1757.csv,Archives de la CCI de Marseille - I 23,3,,,,,Teklia-Jules Oudot-Guillaume Daudin,0,,-0.5,,,,,,,,,
100,Local,1757,Marseille,,Espagne,Exports,Ences,,,690,,1381,livres,0.5,sources/Local/Archives_de_la_CCI_de_Marseille_I_23_Marseille_Exports_1757.csv,Archives de la CCI de Marseille - I 23,3,,,,,Teklia-Jules Oudot-Guillaume Daudin,0,,-0.5,,,,,,,,,
101,Local,1757,Marseille,,Espagne,Exports,Epicerie,,,7820,,782,livres,10,sources/Local/Archives_de_la_CCI_de_Marseille_I_23_Marseille_Exports_1757.csv,Archives de la CCI de Marseille - I 23,3,,,,,Teklia-Jules Oudot-Guillaume Daudin,0,,0,,,,,,,,,
102,Local,1757,Marseille,,Espagne,Exports,Eponge,,,1106,,1106,livres,1,sources/Local/Archives_de_la_CCI_de_Marseille_I_23_Marseille_Exports_1757.csv,Archives de la CCI de Marseille - I 23,3,,,,,Teklia-Jules Oudot-Guillaume Daudin,0,,0,,,,,,,,,
103,Local,1757,Marseille,,Espagne,Exports,Escayolles,,,1141,,11419,livres,0.1,sources/Local/Archives_de_la_CCI_de_Marseille_I_23_Marseille_Exports_1757.csv,Archives de la CCI de Marseille - I 23,3,,,,,Teklia-Jules Oudot-Guillaume Daudin,0,,-0.900000000000091,,,,,,,,,
104,Local,1757,Marseille,,Espagne,Exports,Etain ouvré,,,450,,300,livres,1.5,sources/Local/Archives_de_la_CCI_de_Marseille_I_23_Marseille_Exports_1757.csv,Archives de la CCI de Marseille - I 23,3,,,,,Teklia-Jules Oudot-Guillaume Daudin,0,,0,,,,,,,,,
105,Local,1757,Marseille,,Espagne,Exports,Etoffe de soye,,,1022920,,25573,livres,40,sources/Local/Archives_de_la_CCI_de_Marseille_I_23_Marseille_Exports_1757.csv,Archives de la CCI de Marseille - I 23,3,,,,,Teklia-Jules Oudot-Guillaume Daudin,0,,0,,,,,,,,,
106,Local,1757,Marseille,,Espagne,Exports,Etoupes,,,130,,1300,livres,0.1,sources/Local/Archives_de_la_CCI_de_Marseille_I_23_Marseille_Exports_1757.csv,Archives de la CCI de Marseille - I 23,3,,,,,Teklia-Jules Oudot-Guillaume Daudin,0,,0,,,,,,,,,
107,Local,1757,Marseille,,Espagne,Exports,Farine,,,60717,,607175,livres,0.1,sources/Local/Archives_de_la_CCI_de_Marseille_I_23_Marseille_Exports_1757.csv,Archives de la CCI de Marseille - I 23,3,,,,,Teklia-Jules Oudot-Guillaume Daudin,0,,-0.5,,,,,,,,,
108,Local,1757,Marseille,,Espagne,Exports,Fayance,,,12075,,24150,livres,0.5,sources/Local/Archives_de_la_CCI_de_Marseille_I_23_Marseille_Exports_1757.csv,Archives de la CCI de Marseille - I 23,3,,,,,Teklia-Jules Oudot-Guillaume Daudin,0,,0,,,,,,,,,
109,Local,1757,Marseille,,Espagne,Exports,Ferres en barre,,,33764,,225096,livres,0.15,sources/Local/Archives_de_la_CCI_de_Marseille_I_23_Marseille_Exports_1757.csv,Archives de la CCI de Marseille - I 23,3,,,,,Teklia-Jules Oudot-Guillaume Daudin,0,,-0.400000000001455,,,,,,,,,
110,Local,1757,Marseille,,Espagne,Exports,Fer blanc,,,1046,,1744,livres,0.6,sources/Local/Archives_de_la_CCI_de_Marseille_I_23_Marseille_Exports_1757.csv,Archives de la CCI de Marseille - I 23,3,,,,,Teklia-Jules Oudot-Guillaume Daudin,0,,-0.399999999999864,,,,,,,,,
111,Local,1757,Marseille,,Espagne,Exports,Feves,,,48876,,4073,charges,12,sources/Local/Archives_de_la_CCI_de_Marseille_I_23_Marseille_Exports_1757.csv,Archives de la CCI de Marseille - I 23,3,,,,,Teklia-Jules Oudot-Guillaume Daudin,0,,0,,,,,,,,,
112,Local,1757,Marseille,,Espagne,Exports,Figues,,,23,,238,livres,0.1,sources/Local/Archives_de_la_CCI_de_Marseille_I_23_Marseille_Exports_1757.csv,Archives de la CCI de Marseille - I 23,3,,,,,Teklia-Jules Oudot-Guillaume Daudin,0,,-0.800000000000001,,,,,,,,,
113,Local,1757,Marseille,,Espagne,Exports,Fil de cheval,,,8982,,2994,livres,3,sources/Local/Archives_de_la_CCI_de_Marseille_I_23_Marseille_Exports_1757.csv,Archives de la CCI de Marseille - I 23,3,,,,,Teklia-Jules Oudot-Guillaume Daudin,0,,0,,,,,,,,,
114,Local,1757,Marseille,,Espagne,Exports,Fil a coudre,,,6560,,3280,livres,2,sources/Local/Archives_de_la_CCI_de_Marseille_I_23_Marseille_Exports_1757.csv,Archives de la CCI de Marseille - I 23,3,,,,,Teklia-Jules Oudot-Guillaume Daudin,0,,0,,,,,,,,,
115,Local,1757,Marseille,,Espagne,Exports,Fil de fer,,,6285,,12570,livres,0.5,sources/Local/Archives_de_la_CCI_de_Marseille_I_23_Marseille_Exports_1757.csv,Archives de la CCI de Marseille - I 23,3,,,,,Teklia-Jules Oudot-Guillaume Daudin,0,,0,,,,,,,,,
116,Local,1757,Marseille,,Espagne,Exports,Fleurs articielles,,,20000,,400,livres,50,sources/Local/Archives_de_la_CCI_de_Marseille_I_23_Marseille_Exports_1757.csv,Archives de la CCI de Marseille - I 23,3,,,,,Teklia-Jules Oudot-Guillaume Daudin,0,,0,,,,,,,,,
117,Local,1757,Marseille,,Espagne,Exports,Soin,,,600,,20000,livres,0.03,sources/Local/Archives_de_la_CCI_de_Marseille_I_23_Marseille_Exports_1757.csv,Archives de la CCI de Marseille - I 23,3,,,,,Teklia-Jules Oudot-Guillaume Daudin,0,,0,,,,,,,,,
118,Local,1757,Marseille,,Espagne,Exports,Fromage,,,3541,,11804,livres,0.3,sources/Local/Archives_de_la_CCI_de_Marseille_I_23_Marseille_Exports_1757.csv,Archives de la CCI de Marseille - I 23,3,,,,,Teklia-Jules Oudot-Guillaume Daudin,0,,-0.199999999999818,,,,,,,,,
119,Local,1757,Marseille,,Espagne,Exports,Fusils,,,600,,2,caisses,300,sources/Local/Archives_de_la_CCI_de_Marseille_I_23_Marseille_Exports_1757.csv,Archives de la CCI de Marseille - I 23,3,,,,,Teklia-Jules Oudot-Guillaume Daudin,0,,0,,,,,,,,,
120,Local,1757,Marseille,,Espagne,Exports,Galles,,,12007,,24015,livres,0.5,sources/Local/Archives_de_la_CCI_de_Marseille_I_23_Marseille_Exports_1757.csv,Archives de la CCI de Marseille - I 23,3,,,,,Teklia-Jules Oudot-Guillaume Daudin,0,,-0.5,,,,,,,,,
121,Local,1757,Marseille,,Espagne,Exports,Garance,,,6148,,15370,livres,0.4,sources/Local/Archives_de_la_CCI_de_Marseille_I_23_Marseille_Exports_1757.csv,Archives de la CCI de Marseille - I 23,3,,,,,Teklia-Jules Oudot-Guillaume Daudin,0,,0,,,,,,,,,
122,Local,1757,Marseille,,Espagne,Exports,Goudron,,,2092,,13950,livres,0.15,sources/Local/Archives_de_la_CCI_de_Marseille_I_23_Marseille_Exports_1757.csv,Archives de la CCI de Marseille - I 23,3,,,,,Teklia-Jules Oudot-Guillaume Daudin,0,,-0.5,,,,,,,,,
123,Local,1757,Marseille,,Espagne,Exports,Geroffle,,,50608,,3163,livres,16,sources/Local/Archives_de_la_CCI_de_Marseille_I_23_Marseille_Exports_1757.csv,Archives de la CCI de Marseille - I 23,3,,,,,Teklia-Jules Oudot-Guillaume Daudin,0,,0,,,,,,,,,
124,Local,1757,Marseille,,Espagne,Exports,Gingembre,,,772,,1931,livres,0.4,sources/Local/Archives_de_la_CCI_de_Marseille_I_23_Marseille_Exports_1757.csv,Archives de la CCI de Marseille - I 23,3,,,,,Teklia-Jules Oudot-Guillaume Daudin,0,,-0.400000000000091,,,,,,,,,
125,Local,1757,Marseille,,Espagne,Exports,Gomme adragan,,,4220,,3376,livres,1.25,sources/Local/Archives_de_la_CCI_de_Marseille_I_23_Marseille_Exports_1757.csv,Archives de la CCI de Marseille - I 23,3,,,,,Teklia-Jules Oudot-Guillaume Daudin,0,,0,,,,,,,,,
126,Local,1757,Marseille,,Espagne,Exports,Gomme arabique,,,340,,340,livres,1,sources/Local/Archives_de_la_CCI_de_Marseille_I_23_Marseille_Exports_1757.csv,Archives de la CCI de Marseille - I 23,3,,,,,Teklia-Jules Oudot-Guillaume Daudin,0,,0,,,,,,,,,
127,Local,1757,Marseille,,Espagne,Exports,Gomme de barbarie,,,9624,,19249,livres,0.5,sources/Local/Archives_de_la_CCI_de_Marseille_I_23_Marseille_Exports_1757.csv,Archives de la CCI de Marseille - I 23,3,,,,,Teklia-Jules Oudot-Guillaume Daudin,0,,-0.5,,,,,,,,,
128,Local,1757,Marseille,,Espagne,Exports,Gommes de Senegal,,,14175,,9450,livres,1.5,sources/Local/Archives_de_la_CCI_de_Marseille_I_23_Marseille_Exports_1757.csv,Archives de la CCI de Marseille - I 23,3,,,,,Teklia-Jules Oudot-Guillaume Daudin,0,,0,,,,,,,,,
129,Local,1757,Marseille,,Espagne,Exports,Gomme thurique,,,949,,1055,livres,0.9,sources/Local/Archives_de_la_CCI_de_Marseille_I_23_Marseille_Exports_1757.csv,Archives de la CCI de Marseille - I 23,3,,,,,Teklia-Jules Oudot-Guillaume Daudin,0,,-0.5,,,,,,,,,
130,Local,1757,Marseille,,Espagne,Exports,Grabeau de cire,,,8830,,17660,livres,0.5,sources/Local/Archives_de_la_CCI_de_Marseille_I_23_Marseille_Exports_1757.csv,Archives de la CCI de Marseille - I 23,3,,,,,Teklia-Jules Oudot-Guillaume Daudin,0,,0,,,,,,,,,
131,Local,1757,Marseille,,Espagne,Exports,Grabeau de Sené,,,136,,210,livres,0.65,sources/Local/Archives_de_la_CCI_de_Marseille_I_23_Marseille_Exports_1757.csv,Archives de la CCI de Marseille - I 23,3,,,,,Teklia-Jules Oudot-Guillaume Daudin,0,,-0.5,,,,,,,,,
132,Local,1757,Marseille,,Espagne,Exports,Graine d'avignon,,,570,,2280,livres,0.25,sources/Local/Archives_de_la_CCI_de_Marseille_I_23_Marseille_Exports_1757.csv,Archives de la CCI de Marseille - I 23,3,,,,,Teklia-Jules Oudot-Guillaume Daudin,0,,0,,,,,,,,,
133,Local,1757,Marseille,,Espagne,Exports,Graine de moutarde,,,2734,,13672,livres,0.2,sources/Local/Archives_de_la_CCI_de_Marseille_I_23_Marseille_Exports_1757.csv,Archives de la CCI de Marseille - I 23,3,,,,,Teklia-Jules Oudot-Guillaume Daudin,0,,-0.400000000000091,,,,,,,,,
134,Local,1757,Marseille,,Espagne,Exports,Harangs,,,1080,,45,barils,24,sources/Local/Archives_de_la_CCI_de_Marseille_I_23_Marseille_Exports_1757.csv,Archives de la CCI de Marseille - I 23,3,,,,,Teklia-Jules Oudot-Guillaume Daudin,0,,0,,,,,,,,,
135,Local,1757,Marseille,,Espagne,Exports,Harangs,,,16622,,83110,livres,0.2,sources/Local/Archives_de_la_CCI_de_Marseille_I_23_Marseille_Exports_1757.csv,Archives de la CCI de Marseille - I 23,3,,,,,Teklia-Jules Oudot-Guillaume Daudin,0,,0,,,,,,,,,
136,Local,1757,Marseille,,Espagne,Exports,Herbes d'orseille,,,572,,1430,livres,0.4,sources/Local/Archives_de_la_CCI_de_Marseille_I_23_Marseille_Exports_1757.csv,Archives de la CCI de Marseille - I 23,3,,,,,Teklia-Jules Oudot-Guillaume Daudin,0,,0,,,,,,,,,
137,Local,1757,Marseille,,Espagne,Exports,Herbes pérelle,,,6020,,15050,livres,0.4,sources/Local/Archives_de_la_CCI_de_Marseille_I_23_Marseille_Exports_1757.csv,Archives de la CCI de Marseille - I 23,3,,,,,Teklia-Jules Oudot-Guillaume Daudin,0,,0,,,,,,,,,
138,Local,1757,Marseille,,Espagne,Exports,Horlogerie,,,56000,,1400,livres,40,sources/Local/Archives_de_la_CCI_de_Marseille_I_23_Marseille_Exports_1757.csv,Archives de la CCI de Marseille - I 23,3,,,,,Teklia-Jules Oudot-Guillaume Daudin,0,Prix 40 plutôt que 400,0,,,,,,,,,
139,Local,1757,Marseille,,Espagne,Exports,Huile de lin,,,2880,,9600,livres,0.3,sources/Local/Archives_de_la_CCI_de_Marseille_I_23_Marseille_Exports_1757.csv,Archives de la CCI de Marseille - I 23,3,,,,,Teklia-Jules Oudot-Guillaume Daudin,0,,0,,,,,,,,,
140,Local,1757,Marseille,,Espagne,Exports,Huile de noix,,,585,,1463,livres,0.4,sources/Local/Archives_de_la_CCI_de_Marseille_I_23_Marseille_Exports_1757.csv,Archives de la CCI de Marseille - I 23,3,,,,,Teklia-Jules Oudot-Guillaume Daudin,0,,-0.200000000000045,,,,,,,,,
141,Local,1757,Marseille,,Espagne,Exports,Huile d'olive,,,3700,,9250,livres,0.4,sources/Local/Archives_de_la_CCI_de_Marseille_I_23_Marseille_Exports_1757.csv,Archives de la CCI de Marseille - I 23,3,,,,,Teklia-Jules Oudot-Guillaume Daudin,0,,0,,,,,,,,,
142,Local,1757,Marseille,,Espagne,Exports,Huile de vitriol,,,4236,,2824,livres,1.5,sources/Local/Archives_de_la_CCI_de_Marseille_I_23_Marseille_Exports_1757.csv,Archives de la CCI de Marseille - I 23,3,,,,,Teklia-Jules Oudot-Guillaume Daudin,0,,0,,,,,,,,,
143,Local,1757,Marseille,,Espagne,Exports,Jais,,,15070,,3014,livres,5,sources/Local/Archives_de_la_CCI_de_Marseille_I_23_Marseille_Exports_1757.csv,Archives de la CCI de Marseille - I 23,3,,,,,Teklia-Jules Oudot-Guillaume Daudin,0,,0,,,,,,,,,
144,Local,1757,Marseille,,Espagne,Exports,Indienne,,,8556,,713,pièces,12,sources/Local/Archives_de_la_CCI_de_Marseille_I_23_Marseille_Exports_1757.csv,Archives de la CCI de Marseille - I 23,3,,,,,Teklia-Jules Oudot-Guillaume Daudin,0,,0,,,,,,,,,
145,Local,1757,Marseille,,Espagne,Exports,Jus de reglisse,,,70,,200,livres,0.35,sources/Local/Archives_de_la_CCI_de_Marseille_I_23_Marseille_Exports_1757.csv,Archives de la CCI de Marseille - I 23,3,,,,,Teklia-Jules Oudot-Guillaume Daudin,0,,0,,,,,,,,,
146,Local,1757,Marseille,,Espagne,Exports,Lacque platte,,,162,,130,livres,1.25,sources/Local/Archives_de_la_CCI_de_Marseille_I_23_Marseille_Exports_1757.csv,Archives de la CCI de Marseille - I 23,3,,,,,Teklia-Jules Oudot-Guillaume Daudin,0,,-0.5,,,,,,,,,
147,Local,1757,Marseille,,Espagne,Exports,Laine de chevron,,,58578,,19526,livres,3,sources/Local/Archives_de_la_CCI_de_Marseille_I_23_Marseille_Exports_1757.csv,Archives de la CCI de Marseille - I 23,4,,,,,Teklia-Jules Oudot-Guillaume Daudin,0,,0,,,,,,,,,
148,Local,1757,Marseille,,Espagne,Exports,Laine lavée,,,5327,,4843,livres,1.1,sources/Local/Archives_de_la_CCI_de_Marseille_I_23_Marseille_Exports_1757.csv,Archives de la CCI de Marseille - I 23,4,,,,,Teklia-Jules Oudot-Guillaume Daudin,0,,-0.300000000000182,,,,,,,,,
149,Local,1757,Marseille,,Espagne,Exports,Laine surge,,,3262,,8156,livres,0.4,sources/Local/Archives_de_la_CCI_de_Marseille_I_23_Marseille_Exports_1757.csv,Archives de la CCI de Marseille - I 23,4,,,,,Teklia-Jules Oudot-Guillaume Daudin,0,,-0.400000000000091,,,,,,,,,
150,Local,1757,Marseille,,Espagne,Exports,Lard,,,16551,,55170,livres,0.3,sources/Local/Archives_de_la_CCI_de_Marseille_I_23_Marseille_Exports_1757.csv,Archives de la CCI de Marseille - I 23,4,,,,,Teklia-Jules Oudot-Guillaume Daudin,0,,0,,,,,,,,,
151,Local,1757,Marseille,,Espagne,Exports,Legumes,,,45584,,303899,livres,0.15,sources/Local/Archives_de_la_CCI_de_Marseille_I_23_Marseille_Exports_1757.csv,Archives de la CCI de Marseille - I 23,4,,,,,Teklia-Jules Oudot-Guillaume Daudin,0,,-0.849999999998545,,,,,,,,,
152,Local,1757,Marseille,,Espagne,Exports,Librairie,,,97000,,48500,livres,2,sources/Local/Archives_de_la_CCI_de_Marseille_I_23_Marseille_Exports_1757.csv,Archives de la CCI de Marseille - I 23,4,,,,,Teklia-Jules Oudot-Guillaume Daudin,0,,0,,,,,,,,,
153,Local,1757,Marseille,,Espagne,Exports,Liege,,,240,,1600,livres,0.15,sources/Local/Archives_de_la_CCI_de_Marseille_I_23_Marseille_Exports_1757.csv,Archives de la CCI de Marseille - I 23,4,,,,,Teklia-Jules Oudot-Guillaume Daudin,0,,0,,,,,,,,,
154,Local,1757,Marseille,,Espagne,Exports,Lin peigné,,,13384,,17846,livres,0.75,sources/Local/Archives_de_la_CCI_de_Marseille_I_23_Marseille_Exports_1757.csv,Archives de la CCI de Marseille - I 23,4,,,,,Teklia-Jules Oudot-Guillaume Daudin,0,,-0.5,,,,,,,,,
155,Local,1757,Marseille,,Espagne,Exports,Liqueur,,,18577,,24770,livres,0.75,sources/Local/Archives_de_la_CCI_de_Marseille_I_23_Marseille_Exports_1757.csv,Archives de la CCI de Marseille - I 23,4,,,,,Teklia-Jules Oudot-Guillaume Daudin,0,,-0.5,,,,,,,,,
156,Local,1757,Marseille,,Espagne,Exports,Lustre de Venise,,,11100,,7400,livres,1.5,sources/Local/Archives_de_la_CCI_de_Marseille_I_23_Marseille_Exports_1757.csv,Archives de la CCI de Marseille - I 23,4,,,,,Teklia-Jules Oudot-Guillaume Daudin,0,,0,,,,,,,,,
157,Local,1757,Marseille,,Espagne,Exports,Mane,,,6203,,4963,livres,1.25,sources/Local/Archives_de_la_CCI_de_Marseille_I_23_Marseille_Exports_1757.csv,Archives de la CCI de Marseille - I 23,4,,,,,Teklia-Jules Oudot-Guillaume Daudin,0,,-0.75,,,,,,,,,
158,Local,1757,Marseille,,Espagne,Exports,Mastic en larmes,,,183,,61,livres,3,sources/Local/Archives_de_la_CCI_de_Marseille_I_23_Marseille_Exports_1757.csv,Archives de la CCI de Marseille - I 23,4,,,,,Teklia-Jules Oudot-Guillaume Daudin,0,,0,,,,,,,,,
159,Local,1757,Marseille,,Espagne,Exports,Mats,,,2500,,5,livres,500,sources/Local/Archives_de_la_CCI_de_Marseille_I_23_Marseille_Exports_1757.csv,Archives de la CCI de Marseille - I 23,4,,,,,Teklia-Jules Oudot-Guillaume Daudin,0,,0,,,,,,,,,
160,Local,1757,Marseille,,Espagne,Exports,Mercerie,,,862648,,246471,livres,3.5,sources/Local/Archives_de_la_CCI_de_Marseille_I_23_Marseille_Exports_1757.csv,Archives de la CCI de Marseille - I 23,4,,,,,Teklia-Jules Oudot-Guillaume Daudin,0,,-0.5,,,,,,,,,
161,Local,1757,Marseille,,Espagne,Exports,Miel,,,2863,,19088,livres,0.15,sources/Local/Archives_de_la_CCI_de_Marseille_I_23_Marseille_Exports_1757.csv,Archives de la CCI de Marseille - I 23,4,,,,,Teklia-Jules Oudot-Guillaume Daudin,0,,-0.199999999999818,,,,,,,,,
162,Local,1757,Marseille,,Espagne,Exports,Miny,,,76,,380,livres,0.2,sources/Local/Archives_de_la_CCI_de_Marseille_I_23_Marseille_Exports_1757.csv,Archives de la CCI de Marseille - I 23,4,,,,,Teklia-Jules Oudot-Guillaume Daudin,0,,0,,,,,,,,,
163,Local,1757,Marseille,,Espagne,Exports,Morue seche,,,1972,,13153,livres,0.15,sources/Local/Archives_de_la_CCI_de_Marseille_I_23_Marseille_Exports_1757.csv,Archives de la CCI de Marseille - I 23,4,,,,,Teklia-Jules Oudot-Guillaume Daudin,0,,-0.949999999999818,,,,,,,,,
164,Local,1757,Marseille,,Espagne,Exports,Mouchoirs de coton,,,6480,,810,pièces,8,sources/Local/Archives_de_la_CCI_de_Marseille_I_23_Marseille_Exports_1757.csv,Archives de la CCI de Marseille - I 23,4,,,,,Teklia-Jules Oudot-Guillaume Daudin,0,,0,,,,,,,,,
165,Local,1757,Marseille,,Espagne,Exports,Moutons,,,5040,,420,pièces,12,sources/Local/Archives_de_la_CCI_de_Marseille_I_23_Marseille_Exports_1757.csv,Archives de la CCI de Marseille - I 23,4,,,,,Teklia-Jules Oudot-Guillaume Daudin,0,,0,,,,,,,,,
166,Local,1757,Marseille,,Espagne,Exports,Muscades,,,300,,40,livres,7.5,sources/Local/Archives_de_la_CCI_de_Marseille_I_23_Marseille_Exports_1757.csv,Archives de la CCI de Marseille - I 23,4,,,,,Teklia-Jules Oudot-Guillaume Daudin,0,,0,,,,,,,,,
167,Local,1757,Marseille,,Espagne,Exports,Noir de fumée,,,7,,150,livres,0.05,sources/Local/Archives_de_la_CCI_de_Marseille_I_23_Marseille_Exports_1757.csv,Archives de la CCI de Marseille - I 23,4,,,,,Teklia-Jules Oudot-Guillaume Daudin,0,,-0.5,,,,,,,,,
168,Local,1757,Marseille,,Espagne,Exports,Orge,,,27948,,2329,charges,12,sources/Local/Archives_de_la_CCI_de_Marseille_I_23_Marseille_Exports_1757.csv,Archives de la CCI de Marseille - I 23,4,,,,,Teklia-Jules Oudot-Guillaume Daudin,0,,0,,,,,,,,,
169,Local,1757,Marseille,,Espagne,Exports,Orpiment,,,165,,550,livres,0.3,sources/Local/Archives_de_la_CCI_de_Marseille_I_23_Marseille_Exports_1757.csv,Archives de la CCI de Marseille - I 23,4,,,,,Teklia-Jules Oudot-Guillaume Daudin,0,,0,,,,,,,,,
170,Local,1757,Marseille,,Espagne,Exports,Papier blanc,,,30240,,5040,rames,6,sources/Local/Archives_de_la_CCI_de_Marseille_I_23_Marseille_Exports_1757.csv,Archives de la CCI de Marseille - I 23,4,,,,,Teklia-Jules Oudot-Guillaume Daudin,0,,0,,,,,,,,,
171,Local,1757,Marseille,,Espagne,Exports,Parchemin,,,450,,150,livres,3,sources/Local/Archives_de_la_CCI_de_Marseille_I_23_Marseille_Exports_1757.csv,Archives de la CCI de Marseille - I 23,4,,,,,Teklia-Jules Oudot-Guillaume Daudin,0,,0,,,,,,,,,
172,Local,1757,Marseille,,Espagne,Exports,Peaux de chamois,,,4437,,3550,livres,1.25,sources/Local/Archives_de_la_CCI_de_Marseille_I_23_Marseille_Exports_1757.csv,Archives de la CCI de Marseille - I 23,4,,,,,Teklia-Jules Oudot-Guillaume Daudin,0,,-0.5,,,,,,,,,
173,Local,1757,Marseille,,Espagne,Exports,Peaux de chevre aprestées,,,640,,320,livres,2,sources/Local/Archives_de_la_CCI_de_Marseille_I_23_Marseille_Exports_1757.csv,Archives de la CCI de Marseille - I 23,4,,,,,Teklia-Jules Oudot-Guillaume Daudin,0,,0,,,,,,,,,
174,Local,1757,Marseille,,Espagne,Exports,Peaux du Marroquin,,,1350,,900,livres,1.5,sources/Local/Archives_de_la_CCI_de_Marseille_I_23_Marseille_Exports_1757.csv,Archives de la CCI de Marseille - I 23,4,,,,,Teklia-Jules Oudot-Guillaume Daudin,0,,0,,,,,,,,,
175,Local,1757,Marseille,,Espagne,Exports,Peaux de mouton aprestées,,,3875,,3875,livres,1,sources/Local/Archives_de_la_CCI_de_Marseille_I_23_Marseille_Exports_1757.csv,Archives de la CCI de Marseille - I 23,4,,,,,Teklia-Jules Oudot-Guillaume Daudin,0,,0,,,,,,,,,
176,Local,1757,Marseille,,Espagne,Exports,Peaux de veau tannées,,,21227,,16982,livres,1.25,sources/Local/Archives_de_la_CCI_de_Marseille_I_23_Marseille_Exports_1757.csv,Archives de la CCI de Marseille - I 23,4,,,,,Teklia-Jules Oudot-Guillaume Daudin,0,,-0.5,,,,,,,,,
177,Local,1757,Marseille,,Espagne,Exports,Peignes de Buis,,,20073,,13382,livres,1.5,sources/Local/Archives_de_la_CCI_de_Marseille_I_23_Marseille_Exports_1757.csv,Archives de la CCI de Marseille - I 23,4,,,,,Teklia-Jules Oudot-Guillaume Daudin,0,,0,,,,,,,,,
178,Local,1757,Marseille,,Espagne,Exports,Pelleterie aprestée,,,675,,270,livres,2.5,sources/Local/Archives_de_la_CCI_de_Marseille_I_23_Marseille_Exports_1757.csv,Archives de la CCI de Marseille - I 23,4,,,,,Teklia-Jules Oudot-Guillaume Daudin,0,,0,,,,,,,,,
179,Local,1757,Marseille,,Espagne,Exports,Pierre ponce,,,200,,4018,livres,0.05,sources/Local/Archives_de_la_CCI_de_Marseille_I_23_Marseille_Exports_1757.csv,Archives de la CCI de Marseille - I 23,4,,,,,Teklia-Jules Oudot-Guillaume Daudin,0,,-0.900000000000006,,,,,,,,,
180,Local,1757,Marseille,,Espagne,Exports,Pipes à fumer,,,240,,80,grosses,3,sources/Local/Archives_de_la_CCI_de_Marseille_I_23_Marseille_Exports_1757.csv,Archives de la CCI de Marseille - I 23,4,,,,,Teklia-Jules Oudot-Guillaume Daudin,0,,0,,,,,,,,,
181,Local,1757,Marseille,,Espagne,Exports,Pipes à fumer,,,72,,900,livres,0.08,sources/Local/Archives_de_la_CCI_de_Marseille_I_23_Marseille_Exports_1757.csv,Archives de la CCI de Marseille - I 23,4,,,,,Teklia-Jules Oudot-Guillaume Daudin,0,,0,,,,,,,,,
182,Local,1757,Marseille,,Espagne,Exports,Planches de sapin,,,2237,,223.66666,douzaine,10,sources/Local/Archives_de_la_CCI_de_Marseille_I_23_Marseille_Exports_1757.csv,Archives de la CCI de Marseille - I 23,4,,,,,Teklia-Jules Oudot-Guillaume Daudin,0,,0.333399999999983,,,,,,,,,
183,Local,1757,Marseille,,Espagne,Exports,Plomb en grenaille,,,95,,382,livres,0.25,sources/Local/Archives_de_la_CCI_de_Marseille_I_23_Marseille_Exports_1757.csv,Archives de la CCI de Marseille - I 23,4,,,,,Teklia-Jules Oudot-Guillaume Daudin,0,,-0.5,,,,,,,,,
184,Local,1757,Marseille,,Espagne,Exports,Plomb en saumon,,,400,,2000,livres,0.2,sources/Local/Archives_de_la_CCI_de_Marseille_I_23_Marseille_Exports_1757.csv,Archives de la CCI de Marseille - I 23,4,,,,,Teklia-Jules Oudot-Guillaume Daudin,0,,0,,,,,,,,,
185,Local,1757,Marseille,,Espagne,Exports,Poisson salé,,,30325,,121300,livres,0.25,sources/Local/Archives_de_la_CCI_de_Marseille_I_23_Marseille_Exports_1757.csv,Archives de la CCI de Marseille - I 23,4,,,,,Teklia-Jules Oudot-Guillaume Daudin,0,,0,,,,,,,,,
186,Local,1757,Marseille,,Espagne,Exports,Poivre,,,33271,,30247,livres,1.1,sources/Local/Archives_de_la_CCI_de_Marseille_I_23_Marseille_Exports_1757.csv,Archives de la CCI de Marseille - I 23,4,,,,,Teklia-Jules Oudot-Guillaume Daudin,0,,-0.700000000004366,,,,,,,,,
187,Local,1757,Marseille,,Espagne,Exports,Poivre gerofflé,,,2010,,2010,livres,1,sources/Local/Archives_de_la_CCI_de_Marseille_I_23_Marseille_Exports_1757.csv,Archives de la CCI de Marseille - I 23,4,,,,,Teklia-Jules Oudot-Guillaume Daudin,0,,0,,,,,,,,,
188,Local,1757,Marseille,,Espagne,Exports,Poix raisine,,,90,,1000,livres,0.09,sources/Local/Archives_de_la_CCI_de_Marseille_I_23_Marseille_Exports_1757.csv,Archives de la CCI de Marseille - I 23,4,,,,,Teklia-Jules Oudot-Guillaume Daudin,0,,0,,,,,,,,,
189,Local,1757,Marseille,,Espagne,Exports,Pomade,,,2785,,1857,livres,1.5,sources/Local/Archives_de_la_CCI_de_Marseille_I_23_Marseille_Exports_1757.csv,Archives de la CCI de Marseille - I 23,4,,,,,Teklia-Jules Oudot-Guillaume Daudin,0,,-0.5,,,,,,,,,
190,Local,1757,Marseille,,Espagne,Exports,Poudre a canon,,,1820,,1820,livres,1,sources/Local/Archives_de_la_CCI_de_Marseille_I_23_Marseille_Exports_1757.csv,Archives de la CCI de Marseille - I 23,4,,,,,Teklia-Jules Oudot-Guillaume Daudin,0,,0,,,,,,,,,
191,Local,1757,Marseille,,Espagne,Exports,Pommes,,,40,,400,livres,0.1,sources/Local/Archives_de_la_CCI_de_Marseille_I_23_Marseille_Exports_1757.csv,Archives de la CCI de Marseille - I 23,4,,,,,Teklia-Jules Oudot-Guillaume Daudin,0,,0,,,,,,,,,
192,Local,1757,Marseille,,Espagne,Exports,Pruneaux,,,2852,,14262,livres,0.2,sources/Local/Archives_de_la_CCI_de_Marseille_I_23_Marseille_Exports_1757.csv,Archives de la CCI de Marseille - I 23,4,,,,,Teklia-Jules Oudot-Guillaume Daudin,0,,-0.400000000000091,,,,,,,,,
193,Local,1757,Marseille,,Espagne,Exports,Quincaillerie de fer et acier,,,99772,,99772,livres,1,sources/Local/Archives_de_la_CCI_de_Marseille_I_23_Marseille_Exports_1757.csv,Archives de la CCI de Marseille - I 23,4,,,,,Teklia-Jules Oudot-Guillaume Daudin,0,,0,,,,,,,,,
194,Local,1757,Marseille,,Espagne,Exports,Quinquina,,,2880,,720,livres,4,sources/Local/Archives_de_la_CCI_de_Marseille_I_23_Marseille_Exports_1757.csv,Archives de la CCI de Marseille - I 23,4,,,,,Teklia-Jules Oudot-Guillaume Daudin,0,,0,,,,,,,,,
195,Local,1757,Marseille,,Espagne,Exports,Raisins secs,,,36,,180,livres,0.2,sources/Local/Archives_de_la_CCI_de_Marseille_I_23_Marseille_Exports_1757.csv,Archives de la CCI de Marseille - I 23,4,,,,,Teklia-Jules Oudot-Guillaume Daudin,0,,0,,,,,,,,,
196,Local,1757,Marseille,,Espagne,Exports,Ris,,,96570,,804751,livres,0.12,sources/Local/Archives_de_la_CCI_de_Marseille_I_23_Marseille_Exports_1757.csv,Archives de la CCI de Marseille - I 23,4,,,,,Teklia-Jules Oudot-Guillaume Daudin,0,,-0.119999999995343,,,,,,,,,
197,Local,1757,Marseille,,Espagne,Exports,Rocou,,,5225,,5225,livres,1,sources/Local/Archives_de_la_CCI_de_Marseille_I_23_Marseille_Exports_1757.csv,Archives de la CCI de Marseille - I 23,4,,,,,Teklia-Jules Oudot-Guillaume Daudin,0,,0,,,,,,,,,
198,Local,1757,Marseille,,Espagne,Exports,Rouge d'Espagne,,,1200,,300,livres,4,sources/Local/Archives_de_la_CCI_de_Marseille_I_23_Marseille_Exports_1757.csv,Archives de la CCI de Marseille - I 23,4,,,,,Teklia-Jules Oudot-Guillaume Daudin,0,,0,,,,,,,,,
199,Local,1757,Marseille,,Espagne,Exports,Ruban de soye,,,34800,,580,livres,60,sources/Local/Archives_de_la_CCI_de_Marseille_I_23_Marseille_Exports_1757.csv,Archives de la CCI de Marseille - I 23,4,,,,,Teklia-Jules Oudot-Guillaume Daudin,0,,0,,,,,,,,,
200,Local,1757,Marseille,,Espagne,Exports,Saffranon,,,9398,,14459,livres,0.65,sources/Local/Archives_de_la_CCI_de_Marseille_I_23_Marseille_Exports_1757.csv,Archives de la CCI de Marseille - I 23,4,,,,,Teklia-Jules Oudot-Guillaume Daudin,0,,-0.350000000000364,,,,,,,,,
201,Local,1757,Marseille,,Espagne,Exports,Salsepareille,,,400,,200,livres,2,sources/Local/Archives_de_la_CCI_de_Marseille_I_23_Marseille_Exports_1757.csv,Archives de la CCI de Marseille - I 23,4,,,,,Teklia-Jules Oudot-Guillaume Daudin,0,,0,,,,,,,,,
202,Local,1757,Marseille,,Espagne,Exports,Saucisson,,,3571,,2857,livres,1.25,sources/Local/Archives_de_la_CCI_de_Marseille_I_23_Marseille_Exports_1757.csv,Archives de la CCI de Marseille - I 23,4,,,,,Teklia-Jules Oudot-Guillaume Daudin,0,,-0.25,,,,,,,,,
203,Local,1757,Marseille,,Espagne,Exports,Savon,,,2890,,9634,livres,0.3,sources/Local/Archives_de_la_CCI_de_Marseille_I_23_Marseille_Exports_1757.csv,Archives de la CCI de Marseille - I 23,4,,,,,Teklia-Jules Oudot-Guillaume Daudin,0,,-0.199999999999818,,,,,,,,,
204,Local,1757,Marseille,,Espagne,Exports,Savonnettes,,,5012,,5012,livres,1,sources/Local/Archives_de_la_CCI_de_Marseille_I_23_Marseille_Exports_1757.csv,Archives de la CCI de Marseille - I 23,4,,,,,Teklia-Jules Oudot-Guillaume Daudin,0,,0,,,,,,,,,
205,Local,1757,Marseille,,Espagne,Exports,Sel armoniac,,,1320,,1320,livres,1,sources/Local/Archives_de_la_CCI_de_Marseille_I_23_Marseille_Exports_1757.csv,Archives de la CCI de Marseille - I 23,4,,,,,Teklia-Jules Oudot-Guillaume Daudin,0,,0,,,,,,,,,
206,Local,1757,Marseille,,Espagne,Exports,Sel de saturne,,,800,,400,livres,2,sources/Local/Archives_de_la_CCI_de_Marseille_I_23_Marseille_Exports_1757.csv,Archives de la CCI de Marseille - I 23,4,,,,,Teklia-Jules Oudot-Guillaume Daudin,0,,0,,,,,,,,,
207,Local,1757,Marseille,,Espagne,Exports,Sené,,,1854,,1236,livres,1.5,sources/Local/Archives_de_la_CCI_de_Marseille_I_23_Marseille_Exports_1757.csv,Archives de la CCI de Marseille - I 23,4,,,,,Teklia-Jules Oudot-Guillaume Daudin,0,,0,,,,,,,,,
208,Local,1757,Marseille,,Espagne,Exports,Serrures,,,627,,418,livres,1.5,sources/Local/Archives_de_la_CCI_de_Marseille_I_23_Marseille_Exports_1757.csv,Archives de la CCI de Marseille - I 23,4,,,,,Teklia-Jules Oudot-Guillaume Daudin,0,,0,,,,,,,,,
209,Local,1757,Marseille,,Espagne,Exports,Sirop de capilaire,,,5600,,5600,livres,1,sources/Local/Archives_de_la_CCI_de_Marseille_I_23_Marseille_Exports_1757.csv,Archives de la CCI de Marseille - I 23,4,,,,,Teklia-Jules Oudot-Guillaume Daudin,0,,0,,,,,,,,,
210,Local,1757,Marseille,,Espagne,Exports,Souffre,,,4552,,30348,livres,0.15,sources/Local/Archives_de_la_CCI_de_Marseille_I_23_Marseille_Exports_1757.csv,Archives de la CCI de Marseille - I 23,4,,,,,Teklia-Jules Oudot-Guillaume Daudin,0,,-0.199999999999818,,,,,,,,,
211,Local,1757,Marseille,,Espagne,Exports,Souliers,,,1225,,350,paires,3.5,sources/Local/Archives_de_la_CCI_de_Marseille_I_23_Marseille_Exports_1757.csv,Archives de la CCI de Marseille - I 23,4,,,,,Teklia-Jules Oudot-Guillaume Daudin,0,,0,,,,,,,,,
212,Local,1757,Marseille,,Espagne,Exports,Soye aprestée,,,35360,,1768,livres,20,sources/Local/Archives_de_la_CCI_de_Marseille_I_23_Marseille_Exports_1757.csv,Archives de la CCI de Marseille - I 23,4,,,,,Teklia-Jules Oudot-Guillaume Daudin,0,,0,,,,,,,,,
213,Local,1757,Marseille,,Espagne,Exports,Stocfish,,,3540,,23600,livres,0.15,sources/Local/Archives_de_la_CCI_de_Marseille_I_23_Marseille_Exports_1757.csv,Archives de la CCI de Marseille - I 23,4,,,,,Teklia-Jules Oudot-Guillaume Daudin,0,,0,,,,,,,,,
214,Local,1757,Marseille,,Espagne,Exports,Storax,,,960,,160,livres,6,sources/Local/Archives_de_la_CCI_de_Marseille_I_23_Marseille_Exports_1757.csv,Archives de la CCI de Marseille - I 23,5,,,,,Teklia-Jules Oudot-Guillaume Daudin,0,,0,,,,,,,,,
215,Local,1757,Marseille,,Espagne,Exports,Sucre blanc,,,416902,,926449,livres,0.45,sources/Local/Archives_de_la_CCI_de_Marseille_I_23_Marseille_Exports_1757.csv,Archives de la CCI de Marseille - I 23,5,,,,,Teklia-Jules Oudot-Guillaume Daudin,0,,-0.0499999999883585,,,,,,,,,
216,Local,1757,Marseille,,Espagne,Exports,Sucre candy,,,218,,218,livres,1,sources/Local/Archives_de_la_CCI_de_Marseille_I_23_Marseille_Exports_1757.csv,Archives de la CCI de Marseille - I 23,5,,,,,Teklia-Jules Oudot-Guillaume Daudin,0,,0,,,,,,,,,
217,Local,1757,Marseille,,Espagne,Exports,Sucre rafiné,,,4551,,7586,livres,0.6,sources/Local/Archives_de_la_CCI_de_Marseille_I_23_Marseille_Exports_1757.csv,Archives de la CCI de Marseille - I 23,5,,,,,Teklia-Jules Oudot-Guillaume Daudin,0,,-0.599999999999454,,,,,,,,,
218,Local,1757,Marseille,,Espagne,Exports,Sumac,,,184,,2640,livres,0.07,sources/Local/Archives_de_la_CCI_de_Marseille_I_23_Marseille_Exports_1757.csv,Archives de la CCI de Marseille - I 23,5,,,,,Teklia-Jules Oudot-Guillaume Daudin,0,,-0.800000000000011,,,,,,,,,
219,Local,1757,Marseille,,Espagne,Exports,Tabac de la ferme,,,93,,36,livres,2.6,sources/Local/Archives_de_la_CCI_de_Marseille_I_23_Marseille_Exports_1757.csv,Archives de la CCI de Marseille - I 23,5,,,,,Teklia-Jules Oudot-Guillaume Daudin,0,,-0.600000000000009,,,,,,,,,
220,Local,1757,Marseille,,Espagne,Exports,Tabatières d,,,1560,,780,livres,2,sources/Local/Archives_de_la_CCI_de_Marseille_I_23_Marseille_Exports_1757.csv,Archives de la CCI de Marseille - I 23,5,,,,,Teklia-Jules Oudot-Guillaume Daudin,0,,0,,,,,,,,,
221,Local,1757,Marseille,,Espagne,Exports,Tableaux,,,6000,,600,livres,10,sources/Local/Archives_de_la_CCI_de_Marseille_I_23_Marseille_Exports_1757.csv,Archives de la CCI de Marseille - I 23,5,,,,,Teklia-Jules Oudot-Guillaume Daudin,0,,0,,,,,,,,,
222,Local,1757,Marseille,,Espagne,Exports,Tamarin,,,75,,126,livres,0.6,sources/Local/Archives_de_la_CCI_de_Marseille_I_23_Marseille_Exports_1757.csv,Archives de la CCI de Marseille - I 23,5,,,,,Teklia-Jules Oudot-Guillaume Daudin,0,,-0.599999999999994,,,,,,,,,
223,Local,1757,Marseille,,Espagne,Exports,Tapisserie,,,3360,,840,livres,4,sources/Local/Archives_de_la_CCI_de_Marseille_I_23_Marseille_Exports_1757.csv,Archives de la CCI de Marseille - I 23,5,,,,,Teklia-Jules Oudot-Guillaume Daudin,0,,0,,,,,,,,,
224,Local,1757,Marseille,,Espagne,Exports,Tartre,,,653,,2724,livres,0.24,sources/Local/Archives_de_la_CCI_de_Marseille_I_23_Marseille_Exports_1757.csv,Archives de la CCI de Marseille - I 23,5,,,,,Teklia-Jules Oudot-Guillaume Daudin,0,,-0.759999999999991,,,,,,,,,
225,Local,1757,Marseille,,Espagne,Exports,Terebenthine,,,123,,410,livres,0.3,sources/Local/Archives_de_la_CCI_de_Marseille_I_23_Marseille_Exports_1757.csv,Archives de la CCI de Marseille - I 23,5,,,,,Teklia-Jules Oudot-Guillaume Daudin,0,,0,,,,,,,,,
226,Local,1757,Marseille,,Espagne,Exports,Terrailles,,,5680,,3787,livres,1.5,sources/Local/Archives_de_la_CCI_de_Marseille_I_23_Marseille_Exports_1757.csv,Archives de la CCI de Marseille - I 23,5,,,,,Teklia-Jules Oudot-Guillaume Daudin,0,,-0.5,,,,,,,,,
227,Local,1757,Marseille,,Espagne,Exports,Terrailles,,,105,,1500,livres,0.07,sources/Local/Archives_de_la_CCI_de_Marseille_I_23_Marseille_Exports_1757.csv,Archives de la CCI de Marseille - I 23,5,,,,,Teklia-Jules Oudot-Guillaume Daudin,0,,0,,,,,,,,,
228,Local,1757,Marseille,,Espagne,Exports,Terre d'ombre,,,162,,1620,livres,0.1,sources/Local/Archives_de_la_CCI_de_Marseille_I_23_Marseille_Exports_1757.csv,Archives de la CCI de Marseille - I 23,5,,,,,Teklia-Jules Oudot-Guillaume Daudin,0,,0,,,,,,,,,
229,Local,1757,Marseille,,Espagne,Exports,Thon mariné,,,125,,100,livres,1.25,sources/Local/Archives_de_la_CCI_de_Marseille_I_23_Marseille_Exports_1757.csv,Archives de la CCI de Marseille - I 23,5,,,,,Teklia-Jules Oudot-Guillaume Daudin,0,,0,,,,,,,,,
230,Local,1757,Marseille,,Espagne,Exports,Thonine,,,4788,,15960,livres,0.3,sources/Local/Archives_de_la_CCI_de_Marseille_I_23_Marseille_Exports_1757.csv,Archives de la CCI de Marseille - I 23,5,,,,,Teklia-Jules Oudot-Guillaume Daudin,0,,0,,,,,,,,,
231,Local,1757,Marseille,,Espagne,Exports,Tuile d'antioche,,,16044,,1337,pièces,12,sources/Local/Archives_de_la_CCI_de_Marseille_I_23_Marseille_Exports_1757.csv,Archives de la CCI de Marseille - I 23,5,,,,,Teklia-Jules Oudot-Guillaume Daudin,0,,0,,,,,,,,,
232,Local,1757,Marseille,,Espagne,Exports,Toile blanche,,,140975,,28195,livres,5,sources/Local/Archives_de_la_CCI_de_Marseille_I_23_Marseille_Exports_1757.csv,Archives de la CCI de Marseille - I 23,5,,,,,Teklia-Jules Oudot-Guillaume Daudin,0,,0,,,,,,,,,
233,Local,1757,Marseille,,Espagne,Exports,Toile de cru,,,450,,450,livres,1,sources/Local/Archives_de_la_CCI_de_Marseille_I_23_Marseille_Exports_1757.csv,Archives de la CCI de Marseille - I 23,5,,,,,Teklia-Jules Oudot-Guillaume Daudin,0,,0,,,,,,,,,
234,Local,1757,Marseille,,Espagne,Exports,Toile diverses,,,1224392,,306098,livres,4,sources/Local/Archives_de_la_CCI_de_Marseille_I_23_Marseille_Exports_1757.csv,Archives de la CCI de Marseille - I 23,5,,,,,Teklia-Jules Oudot-Guillaume Daudin,0,,0,,,,,,,,,
235,Local,1757,Marseille,,Espagne,Exports,Toile d'emballage,,,4410,,4410,livres,1,sources/Local/Archives_de_la_CCI_de_Marseille_I_23_Marseille_Exports_1757.csv,Archives de la CCI de Marseille - I 23,5,,,,,Teklia-Jules Oudot-Guillaume Daudin,0,,0,,,,,,,,,
236,Local,1757,Marseille,,Espagne,Exports,Toile de montagne,,,1118,,559,livres,2,sources/Local/Archives_de_la_CCI_de_Marseille_I_23_Marseille_Exports_1757.csv,Archives de la CCI de Marseille - I 23,5,,,,,Teklia-Jules Oudot-Guillaume Daudin,0,,0,,,,,,,,,
237,Local,1757,Marseille,,Espagne,Exports,Toile teinte,,,40320,,6720,livres,6,sources/Local/Archives_de_la_CCI_de_Marseille_I_23_Marseille_Exports_1757.csv,Archives de la CCI de Marseille - I 23,5,,,,,Teklia-Jules Oudot-Guillaume Daudin,0,,0,,,,,,,,,
238,Local,1757,Marseille,,Espagne,Exports,Truffes,,,800,,200,livres,4,sources/Local/Archives_de_la_CCI_de_Marseille_I_23_Marseille_Exports_1757.csv,Archives de la CCI de Marseille - I 23,5,,,,,Teklia-Jules Oudot-Guillaume Daudin,0,,0,,,,,,,,,
239,Local,1757,Marseille,,Espagne,Exports,Tuillere,,,260,,13,livres,20,sources/Local/Archives_de_la_CCI_de_Marseille_I_23_Marseille_Exports_1757.csv,Archives de la CCI de Marseille - I 23,5,,,,,Teklia-Jules Oudot-Guillaume Daudin,0,,0,,,,,,,,,
240,Local,1757,Marseille,,Espagne,Exports,Velours,,,32800,,82,pièces,400,sources/Local/Archives_de_la_CCI_de_Marseille_I_23_Marseille_Exports_1757.csv,Archives de la CCI de Marseille - I 23,5,,,,,Teklia-Jules Oudot-Guillaume Daudin,0,,0,,,,,,,,,
241,Local,1757,Marseille,,Espagne,Exports,Verdet,,,11419,,14274,livres,0.8,sources/Local/Archives_de_la_CCI_de_Marseille_I_23_Marseille_Exports_1757.csv,Archives de la CCI de Marseille - I 23,5,,,,,Teklia-Jules Oudot-Guillaume Daudin,0,,-0.200000000000728,,,,,,,,,
242,Local,1757,Marseille,,Espagne,Exports,Vermichel,,,955,,4776,livres,0.2,sources/Local/Archives_de_la_CCI_de_Marseille_I_23_Marseille_Exports_1757.csv,Archives de la CCI de Marseille - I 23,5,,,,,Teklia-Jules Oudot-Guillaume Daudin,0,,-0.200000000000045,,,,,,,,,
243,Local,1757,Marseille,,Espagne,Exports,Verres a boire,,,6521,,6521,livres,1,sources/Local/Archives_de_la_CCI_de_Marseille_I_23_Marseille_Exports_1757.csv,Archives de la CCI de Marseille - I 23,5,,,,,Teklia-Jules Oudot-Guillaume Daudin,0,,0,,,,,,,,,
244,Local,1757,Marseille,,Espagne,Exports,Vin muscat,,,2480,,62,millerolles,40,sources/Local/Archives_de_la_CCI_de_Marseille_I_23_Marseille_Exports_1757.csv,Archives de la CCI de Marseille - I 23,5,,,,,Teklia-Jules Oudot-Guillaume Daudin,0,,0,,,,,,,,,
245,Local,1757,Marseille,,Espagne,Exports,Vin rouge,,,10053,,1117,milliers,9,sources/Local/Archives_de_la_CCI_de_Marseille_I_23_Marseille_Exports_1757.csv,Archives de la CCI de Marseille - I 23,5,,,,,Teklia-Jules Oudot-Guillaume Daudin,0,,0,,,,,,,,,
246,Local,1757,Marseille,,Espagne,Exports,Vitriol,,,555,,925,livres,0.6,sources/Local/Archives_de_la_CCI_de_Marseille_I_23_Marseille_Exports_1757.csv,Archives de la CCI de Marseille - I 23,5,,,,,Teklia-Jules Oudot-Guillaume Daudin,0,,0,,,,,,,,,
247,Local,1757,Marseille,,Genève,Exports,Amandes,,,1434,,7170,livres,0.2,sources/Local/Archives_de_la_CCI_de_Marseille_I_23_Marseille_Exports_1757.csv,Archives de la CCI de Marseille - I 23,5,,,,,Teklia-Jules Oudot-Guillaume Daudin,0,,0,,,,,,,,,
248,Local,1757,Marseille,,Genève,Exports,Anchois,,,200,,200,livres,1,sources/Local/Archives_de_la_CCI_de_Marseille_I_23_Marseille_Exports_1757.csv,Archives de la CCI de Marseille - I 23,5,,,,,Teklia-Jules Oudot-Guillaume Daudin,0,,0,,,,,,,,,
249,Local,1757,Marseille,,Genève,Exports,Auf,,,2,,40,livres,0.05,sources/Local/Archives_de_la_CCI_de_Marseille_I_23_Marseille_Exports_1757.csv,Archives de la CCI de Marseille - I 23,5,,,,,Teklia-Jules Oudot-Guillaume Daudin,0,,0,,,,,,,,,
250,Local,1757,Marseille,,Genève,Exports,Bazannes tannées,,,93,,125,livres,0.75,sources/Local/Archives_de_la_CCI_de_Marseille_I_23_Marseille_Exports_1757.csv,Archives de la CCI de Marseille - I 23,5,,,,,Teklia-Jules Oudot-Guillaume Daudin,0,,-0.75,,,,,,,,,
251,Local,1757,Marseille,,Genève,Exports,Boetes de Bergamottes,,,920,,115,livres,8,sources/Local/Archives_de_la_CCI_de_Marseille_I_23_Marseille_Exports_1757.csv,Archives de la CCI de Marseille - I 23,5,,,,,Teklia-Jules Oudot-Guillaume Daudin,0,,0,,,,,,,,,
252,Local,1757,Marseille,,Genève,Exports,Capres,,,936,,3120,livres,0.3,sources/Local/Archives_de_la_CCI_de_Marseille_I_23_Marseille_Exports_1757.csv,Archives de la CCI de Marseille - I 23,5,,,,,Teklia-Jules Oudot-Guillaume Daudin,0,,0,,,,,,,,,
253,Local,1757,Marseille,,Genève,Exports,Citrons,,,34,,685,livres,0.05,sources/Local/Archives_de_la_CCI_de_Marseille_I_23_Marseille_Exports_1757.csv,Archives de la CCI de Marseille - I 23,5,,,,,Teklia-Jules Oudot-Guillaume Daudin,0,,-0.25,,,,,,,,,
254,Local,1757,Marseille,,Genève,Exports,Fayance,,,450,,900,livres,0.5,sources/Local/Archives_de_la_CCI_de_Marseille_I_23_Marseille_Exports_1757.csv,Archives de la CCI de Marseille - I 23,5,,,,,Teklia-Jules Oudot-Guillaume Daudin,0,,0,,,,,,,,,
255,Local,1757,Marseille,,Genève,Exports,Figues,,,235,,2350,livres,0.1,sources/Local/Archives_de_la_CCI_de_Marseille_I_23_Marseille_Exports_1757.csv,Archives de la CCI de Marseille - I 23,5,,,,,Teklia-Jules Oudot-Guillaume Daudin,0,,0,,,,,,,,,
256,Local,1757,Marseille,,Genève,Exports,Graine d'avignon,,,287,,1150,livres,0.25,sources/Local/Archives_de_la_CCI_de_Marseille_I_23_Marseille_Exports_1757.csv,Archives de la CCI de Marseille - I 23,5,,,,,Teklia-Jules Oudot-Guillaume Daudin,0,,-0.5,,,,,,,,,
257,Local,1757,Marseille,,Genève,Exports,Graine de buisson,,,172,,690,livres,0.25,sources/Local/Archives_de_la_CCI_de_Marseille_I_23_Marseille_Exports_1757.csv,Archives de la CCI de Marseille - I 23,5,,,,,Teklia-Jules Oudot-Guillaume Daudin,0,,-0.5,,,,,,,,,
258,Local,1757,Marseille,,Genève,Exports,Graine de Luzerne,,,240,,800,livres,0.3,sources/Local/Archives_de_la_CCI_de_Marseille_I_23_Marseille_Exports_1757.csv,Archives de la CCI de Marseille - I 23,5,,,,,Teklia-Jules Oudot-Guillaume Daudin,0,,0,,,,,,,,,
259,Local,1757,Marseille,,Genève,Exports,Huile d'olive,,,692,,1730,livres,0.4,sources/Local/Archives_de_la_CCI_de_Marseille_I_23_Marseille_Exports_1757.csv,Archives de la CCI de Marseille - I 23,5,,,,,Teklia-Jules Oudot-Guillaume Daudin,0,,0,,,,,,,,,
260,Local,1757,Marseille,,Genève,Exports,Juiubes,,,24,,160,livres,0.15,sources/Local/Archives_de_la_CCI_de_Marseille_I_23_Marseille_Exports_1757.csv,Archives de la CCI de Marseille - I 23,5,,,,,Teklia-Jules Oudot-Guillaume Daudin,0,,0,,,,,,,,,
261,Local,1757,Marseille,,Genève,Exports,Leton vieux,,,127,,85,livres,1.5,sources/Local/Archives_de_la_CCI_de_Marseille_I_23_Marseille_Exports_1757.csv,Archives de la CCI de Marseille - I 23,5,,,,,Teklia-Jules Oudot-Guillaume Daudin,0,,-0.5,,,,,,,,,
262,Local,1757,Marseille,,Genève,Exports,Liqueurs,,,45,,3,livres,15,sources/Local/Archives_de_la_CCI_de_Marseille_I_23_Marseille_Exports_1757.csv,Archives de la CCI de Marseille - I 23,5,,,,,Teklia-Jules Oudot-Guillaume Daudin,0,,0,,,,,,,,,
263,Local,1757,Marseille,,Genève,Exports,Oranges,,,153,,3070,livres,0.05,sources/Local/Archives_de_la_CCI_de_Marseille_I_23_Marseille_Exports_1757.csv,Archives de la CCI de Marseille - I 23,5,,,,,Teklia-Jules Oudot-Guillaume Daudin,0,,-0.5,,,,,,,,,
264,Local,1757,Marseille,,Genève,Exports,Pelleterie sauvagine,,,600,,120,livres,5,sources/Local/Archives_de_la_CCI_de_Marseille_I_23_Marseille_Exports_1757.csv,Archives de la CCI de Marseille - I 23,5,,,,,Teklia-Jules Oudot-Guillaume Daudin,0,,0,,,,,,,,,
265,Local,1757,Marseille,,Genève,Exports,Pruneaux,,,110,,550,livres,0.2,sources/Local/Archives_de_la_CCI_de_Marseille_I_23_Marseille_Exports_1757.csv,Archives de la CCI de Marseille - I 23,5,,,,,Teklia-Jules Oudot-Guillaume Daudin,0,,0,,,,,,,,,
266,Local,1757,Marseille,,Genève,Exports,Raisins secs,,,301,,1505,livres,0.2,sources/Local/Archives_de_la_CCI_de_Marseille_I_23_Marseille_Exports_1757.csv,Archives de la CCI de Marseille - I 23,5,,,,,Teklia-Jules Oudot-Guillaume Daudin,0,,0,,,,,,,,,
267,Local,1757,Marseille,,Genève,Exports,Savon,,,12478,,41595,livres,0.3,sources/Local/Archives_de_la_CCI_de_Marseille_I_23_Marseille_Exports_1757.csv,Archives de la CCI de Marseille - I 23,5,,,,,Teklia-Jules Oudot-Guillaume Daudin,0,,-0.5,,,,,,,,,
268,Local,1757,Marseille,,Genève,Exports,Savonnettes,,,3,,3,livres,1,sources/Local/Archives_de_la_CCI_de_Marseille_I_23_Marseille_Exports_1757.csv,Archives de la CCI de Marseille - I 23,5,,,,,Teklia-Jules Oudot-Guillaume Daudin,0,,0,,,,,,,,,
269,Local,1757,Marseille,,Hollande,Exports,Alun,,,8144,,67869,livres,0.12,sources/Local/Archives_de_la_CCI_de_Marseille_I_23_Marseille_Exports_1757.csv,Archives de la CCI de Marseille - I 23,5,,,,,Teklia-Jules Oudot-Guillaume Daudin,0,,-0.279999999999745,,,,,,,,,
270,Local,1757,Marseille,,Hollande,Exports,Amandes,,,37510,,188051,livres,0.2,sources/Local/Archives_de_la_CCI_de_Marseille_I_23_Marseille_Exports_1757.csv,Archives de la CCI de Marseille - I 23,5,,,,,Teklia-Jules Oudot-Guillaume Daudin,0,,-100.200000000004,,,,,,,,,
271,Local,1757,Marseille,,Hollande,Exports,Anis,,,2567,,12835,livres,0.2,sources/Local/Archives_de_la_CCI_de_Marseille_I_23_Marseille_Exports_1757.csv,Archives de la CCI de Marseille - I 23,5,,,,,Teklia-Jules Oudot-Guillaume Daudin,0,,0,,,,,,,,,
272,Local,1757,Marseille,,Hollande,Exports,Assafetida,,,1131,,377,livres,3,sources/Local/Archives_de_la_CCI_de_Marseille_I_23_Marseille_Exports_1757.csv,Archives de la CCI de Marseille - I 23,5,,,,,Teklia-Jules Oudot-Guillaume Daudin,0,,0,,,,,,,,,
273,Local,1757,Marseille,,Hollande,Exports,Balais de palme,,,345,,24,douzaines,14.4,sources/Local/Archives_de_la_CCI_de_Marseille_I_23_Marseille_Exports_1757.csv,Archives de la CCI de Marseille - I 23,5,,,,,Teklia-Jules Oudot-Guillaume Daudin,0,,-0.600000000000023,,,,,,,,,
274,Local,1757,Marseille,,Hollande,Exports,Baleine coupée,,,740,,148,livres,5,sources/Local/Archives_de_la_CCI_de_Marseille_I_23_Marseille_Exports_1757.csv,Archives de la CCI de Marseille - I 23,5,,,,,Teklia-Jules Oudot-Guillaume Daudin,0,,0,,,,,,,,,
275,Local,1757,Marseille,,Hollande,Exports,Boete de bergamottes,,,400,,50,livres,8,sources/Local/Archives_de_la_CCI_de_Marseille_I_23_Marseille_Exports_1757.csv,Archives de la CCI de Marseille - I 23,5,,,,,Teklia-Jules Oudot-Guillaume Daudin,0,,0,,,,,,,,,
276,Local,1757,Marseille,,Hollande,Exports,Bois de campesches,,,3145,,20970,livres,0.15,sources/Local/Archives_de_la_CCI_de_Marseille_I_23_Marseille_Exports_1757.csv,Archives de la CCI de Marseille - I 23,6,,,,,Teklia-Jules Oudot-Guillaume Daudin,0,,-0.5,,,,,,,,,
277,Local,1757,Marseille,,Hollande,Exports,Bois fustet,,,652,,6520,livres,0.1,sources/Local/Archives_de_la_CCI_de_Marseille_I_23_Marseille_Exports_1757.csv,Archives de la CCI de Marseille - I 23,6,,,,,Teklia-Jules Oudot-Guillaume Daudin,0,,0,,,,,,,,,
278,Local,1757,Marseille,,Hollande,Exports,Bois a teindre,,,1083,,2167,livres,0.5,sources/Local/Archives_de_la_CCI_de_Marseille_I_23_Marseille_Exports_1757.csv,Archives de la CCI de Marseille - I 23,6,,,,,Teklia-Jules Oudot-Guillaume Daudin,0,,-0.5,,,,,,,,,
279,Local,1757,Marseille,,Hollande,Exports,Cacao,,,6234,,4453,livres,1.4,sources/Local/Archives_de_la_CCI_de_Marseille_I_23_Marseille_Exports_1757.csv,Archives de la CCI de Marseille - I 23,6,,,,,Teklia-Jules Oudot-Guillaume Daudin,0,,-0.199999999999818,,,,,,,,,
280,Local,1757,Marseille,,Hollande,Exports,Caffé,,,6438,,4599,livres,1.4,sources/Local/Archives_de_la_CCI_de_Marseille_I_23_Marseille_Exports_1757.csv,Archives de la CCI de Marseille - I 23,6,,,,,Teklia-Jules Oudot-Guillaume Daudin,0,,-0.599999999999454,,,,,,,,,
281,Local,1757,Marseille,,Hollande,Exports,Eponges,,,26379,,87931,livres,0.3,sources/Local/Archives_de_la_CCI_de_Marseille_I_23_Marseille_Exports_1757.csv,Archives de la CCI de Marseille - I 23,6,,,,,Teklia-Jules Oudot-Guillaume Daudin,0,,-0.299999999999272,,,,,,,,,
282,Local,1757,Marseille,,Hollande,Exports,Chapeaux poil et laine,,,10500,,175,douzaines,60,sources/Local/Archives_de_la_CCI_de_Marseille_I_23_Marseille_Exports_1757.csv,Archives de la CCI de Marseille - I 23,6,,,,,Teklia-Jules Oudot-Guillaume Daudin,0,,0,,,,,,,,,
283,Local,1757,Marseille,,Hollande,Exports,Cire blanche,,,1033,,492,livres,2.1,sources/Local/Archives_de_la_CCI_de_Marseille_I_23_Marseille_Exports_1757.csv,Archives de la CCI de Marseille - I 23,6,,,,,Teklia-Jules Oudot-Guillaume Daudin,0,,-0.200000000000045,,,,,,,,,
284,Local,1757,Marseille,,Hollande,Exports,Cire jaune,,,7888,,5259,livres,1.5,sources/Local/Archives_de_la_CCI_de_Marseille_I_23_Marseille_Exports_1757.csv,Archives de la CCI de Marseille - I 23,6,,,,,Teklia-Jules Oudot-Guillaume Daudin,0,,-0.5,,,,,,,,,
285,Local,1757,Marseille,,Hollande,Exports,Citrons,,,3360,,224,milliers,15,sources/Local/Archives_de_la_CCI_de_Marseille_I_23_Marseille_Exports_1757.csv,Archives de la CCI de Marseille - I 23,6,,,,,Teklia-Jules Oudot-Guillaume Daudin,0,,0,,,,,,,,,
286,Local,1757,Marseille,,Hollande,Exports,Coloquinte,,,750,,500,livres,1.5,sources/Local/Archives_de_la_CCI_de_Marseille_I_23_Marseille_Exports_1757.csv,Archives de la CCI de Marseille - I 23,6,,,,,Teklia-Jules Oudot-Guillaume Daudin,0,,0,,,,,,,,,
287,Local,1757,Marseille,,Hollande,Exports,Confitures,,,1830,,1830,livres,1,sources/Local/Archives_de_la_CCI_de_Marseille_I_23_Marseille_Exports_1757.csv,Archives de la CCI de Marseille - I 23,6,,,,,Teklia-Jules Oudot-Guillaume Daudin,0,,0,,,,,,,,,
288,Local,1757,Marseille,,Hollande,Exports,Coton filé,,,17905,,16278,livres,1.1,sources/Local/Archives_de_la_CCI_de_Marseille_I_23_Marseille_Exports_1757.csv,Archives de la CCI de Marseille - I 23,6,,,,,Teklia-Jules Oudot-Guillaume Daudin,0,,-0.80000000000291,,,,,,,,,
289,Local,1757,Marseille,,Hollande,Exports,Coton en laine,,,40411,,80822,livres,0.5,sources/Local/Archives_de_la_CCI_de_Marseille_I_23_Marseille_Exports_1757.csv,Archives de la CCI de Marseille - I 23,6,,,,,Teklia-Jules Oudot-Guillaume Daudin,0,,0,,,,,,,,,
290,Local,1757,Marseille,,Hollande,Exports,Creme de tartre,,,552,,1841,livres,0.3,sources/Local/Archives_de_la_CCI_de_Marseille_I_23_Marseille_Exports_1757.csv,Archives de la CCI de Marseille - I 23,6,,,,,Teklia-Jules Oudot-Guillaume Daudin,0,,-0.299999999999955,,,,,,,,,
291,Local,1757,Marseille,,Hollande,Exports,Cuivre tangoul,,,10800,,12000,livres,0.9,sources/Local/Archives_de_la_CCI_de_Marseille_I_23_Marseille_Exports_1757.csv,Archives de la CCI de Marseille - I 23,6,,,,,Teklia-Jules Oudot-Guillaume Daudin,0,,0,,,,,,,,,
292,Local,1757,Marseille,,Hollande,Exports,Cumin,,,2533,,12666,livres,0.2,sources/Local/Archives_de_la_CCI_de_Marseille_I_23_Marseille_Exports_1757.csv,Archives de la CCI de Marseille - I 23,6,,,,,Teklia-Jules Oudot-Guillaume Daudin,0,,-0.200000000000273,,,,,,,,,
293,Local,1757,Marseille,,Hollande,Exports,Droguerie,,,52555,,52555,livres,1,sources/Local/Archives_de_la_CCI_de_Marseille_I_23_Marseille_Exports_1757.csv,Archives de la CCI de Marseille - I 23,6,,,,,Teklia-Jules Oudot-Guillaume Daudin,0,,0,,,,,,,,,
294,Local,1757,Marseille,,Hollande,Exports,Eau de la reine d'Hongrie,,,1350,,1800,livres,0.75,sources/Local/Archives_de_la_CCI_de_Marseille_I_23_Marseille_Exports_1757.csv,Archives de la CCI de Marseille - I 23,6,,,,,Teklia-Jules Oudot-Guillaume Daudin,0,,0,,,,,,,,,
295,Local,1757,Marseille,,Hollande,Exports,Encens,,,4968,,9936,livres,0.5,sources/Local/Archives_de_la_CCI_de_Marseille_I_23_Marseille_Exports_1757.csv,Archives de la CCI de Marseille - I 23,6,,,,,Teklia-Jules Oudot-Guillaume Daudin,0,,0,,,,,,,,,
296,Local,1757,Marseille,,Hollande,Exports,Eponges,,,610,,610,livres,1,sources/Local/Archives_de_la_CCI_de_Marseille_I_23_Marseille_Exports_1757.csv,Archives de la CCI de Marseille - I 23,6,,,,,Teklia-Jules Oudot-Guillaume Daudin,0,,0,,,,,,,,,
297,Local,1757,Marseille,,Hollande,Exports,Etoffe de soye,,,73800,,1845,livres,40,sources/Local/Archives_de_la_CCI_de_Marseille_I_23_Marseille_Exports_1757.csv,Archives de la CCI de Marseille - I 23,6,,,,,Teklia-Jules Oudot-Guillaume Daudin,0,,0,,,,,,,,,
298,Local,1757,Marseille,,Hollande,Exports,Fleur de souffre,,,169,,1410,livres,0.12,sources/Local/Archives_de_la_CCI_de_Marseille_I_23_Marseille_Exports_1757.csv,Archives de la CCI de Marseille - I 23,6,,,,,Teklia-Jules Oudot-Guillaume Daudin,0,,-0.199999999999989,,,,,,,,,
299,Local,1757,Marseille,,Hollande,Exports,Galles,,,96121,,192242,livres,0.5,sources/Local/Archives_de_la_CCI_de_Marseille_I_23_Marseille_Exports_1757.csv,Archives de la CCI de Marseille - I 23,6,,,,,Teklia-Jules Oudot-Guillaume Daudin,0,,0,,,,,,,,,
300,Local,1757,Marseille,,Hollande,Exports,Gomme arabique,,,1595,,1595,livres,1,sources/Local/Archives_de_la_CCI_de_Marseille_I_23_Marseille_Exports_1757.csv,Archives de la CCI de Marseille - I 23,6,,,,,Teklia-Jules Oudot-Guillaume Daudin,0,,0,,,,,,,,,
301,Local,1757,Marseille,,Hollande,Exports,Grabeau d'encens,,,45,,300,livres,0.15,sources/Local/Archives_de_la_CCI_de_Marseille_I_23_Marseille_Exports_1757.csv,Archives de la CCI de Marseille - I 23,6,,,,,Teklia-Jules Oudot-Guillaume Daudin,0,,0,,,,,,,,,
302,Local,1757,Marseille,,Hollande,Exports,Graine d'avignon,,,178,,715,livres,0.25,sources/Local/Archives_de_la_CCI_de_Marseille_I_23_Marseille_Exports_1757.csv,Archives de la CCI de Marseille - I 23,6,,,,,Teklia-Jules Oudot-Guillaume Daudin,0,,-0.75,,,,,,,,,
303,Local,1757,Marseille,,Hollande,Exports,Graine de jardin,,,325,,325,livres,1,sources/Local/Archives_de_la_CCI_de_Marseille_I_23_Marseille_Exports_1757.csv,Archives de la CCI de Marseille - I 23,6,,,,,Teklia-Jules Oudot-Guillaume Daudin,0,,0,,,,,,,,,
304,Local,1757,Marseille,,Hollande,Exports,Graine de lin,,,16160,,161600,livres,0.1,sources/Local/Archives_de_la_CCI_de_Marseille_I_23_Marseille_Exports_1757.csv,Archives de la CCI de Marseille - I 23,6,,,,,Teklia-Jules Oudot-Guillaume Daudin,0,,0,,,,,,,,,
305,Local,1757,Marseille,,Hollande,Exports,Graine de luzerne,,,3599,,11999,livres,0.3,sources/Local/Archives_de_la_CCI_de_Marseille_I_23_Marseille_Exports_1757.csv,Archives de la CCI de Marseille - I 23,6,,,,,Teklia-Jules Oudot-Guillaume Daudin,0,,-0.699999999999818,,,,,,,,,
306,Local,1757,Marseille,,Hollande,Exports,Herbes d'orseille,,,1600,,4000,livres,0.4,sources/Local/Archives_de_la_CCI_de_Marseille_I_23_Marseille_Exports_1757.csv,Archives de la CCI de Marseille - I 23,6,,,,,Teklia-Jules Oudot-Guillaume Daudin,0,,0,,,,,,,,,
307,Local,1757,Marseille,,Hollande,Exports,Huiles d'olive,,,169933,,424833,livres,0.4,sources/Local/Archives_de_la_CCI_de_Marseille_I_23_Marseille_Exports_1757.csv,Archives de la CCI de Marseille - I 23,6,,,,,Teklia-Jules Oudot-Guillaume Daudin,0,,-0.200000000011642,,,,,,,,,
308,Local,1757,Marseille,,Hollande,Exports,Jus de citrons,,,1480,,14800,livres,0.1,sources/Local/Archives_de_la_CCI_de_Marseille_I_23_Marseille_Exports_1757.csv,Archives de la CCI de Marseille - I 23,6,,,,,Teklia-Jules Oudot-Guillaume Daudin,0,,0,,,,,,,,,
309,Local,1757,Marseille,,Hollande,Exports,Jus de réglisse,,,31799,,90857,livres,0.35,sources/Local/Archives_de_la_CCI_de_Marseille_I_23_Marseille_Exports_1757.csv,Archives de la CCI de Marseille - I 23,6,,,,,Teklia-Jules Oudot-Guillaume Daudin,0,,-0.94999999999709,,,,,,,,,
310,Local,1757,Marseille,,Hollande,Exports,Laine de chevron,,,8730,,2910,livres,3,sources/Local/Archives_de_la_CCI_de_Marseille_I_23_Marseille_Exports_1757.csv,Archives de la CCI de Marseille - I 23,6,,,,,Teklia-Jules Oudot-Guillaume Daudin,0,,0,,,,,,,,,
311,Local,1757,Marseille,,Hollande,Exports,Laine lavée,,,18761,,17056,livres,1.1,sources/Local/Archives_de_la_CCI_de_Marseille_I_23_Marseille_Exports_1757.csv,Archives de la CCI de Marseille - I 23,6,,,,,Teklia-Jules Oudot-Guillaume Daudin,0,,-0.600000000002183,,,,,,,,,
312,Local,1757,Marseille,,Hollande,Exports,Laine surge,,,3344,,8360,livres,0.4,sources/Local/Archives_de_la_CCI_de_Marseille_I_23_Marseille_Exports_1757.csv,Archives de la CCI de Marseille - I 23,6,,,,,Teklia-Jules Oudot-Guillaume Daudin,0,,0,,,,,,,,,
313,Local,1757,Marseille,,Hollande,Exports,Librairie,,,10950,,5875,livres,2,sources/Local/Archives_de_la_CCI_de_Marseille_I_23_Marseille_Exports_1757.csv,Archives de la CCI de Marseille - I 23,6,,,,,Teklia-Jules Oudot-Guillaume Daudin,0,,-800,,,,,,,,,
314,Local,1757,Marseille,,Hollande,Exports,Liege,,,1770,,11800,livres,0.15,sources/Local/Archives_de_la_CCI_de_Marseille_I_23_Marseille_Exports_1757.csv,Archives de la CCI de Marseille - I 23,6,,,,,Teklia-Jules Oudot-Guillaume Daudin,0,,0,,,,,,,,,
315,Local,1757,Marseille,,Hollande,Exports,Liqueurs,,,4477,,5970,livres,0.75,sources/Local/Archives_de_la_CCI_de_Marseille_I_23_Marseille_Exports_1757.csv,Archives de la CCI de Marseille - I 23,6,,,,,Teklia-Jules Oudot-Guillaume Daudin,0,,-0.5,,,,,,,,,
316,Local,1757,Marseille,,Hollande,Exports,Mane,,,2672,,2138,livres,1.25,sources/Local/Archives_de_la_CCI_de_Marseille_I_23_Marseille_Exports_1757.csv,Archives de la CCI de Marseille - I 23,6,,,,,Teklia-Jules Oudot-Guillaume Daudin,0,,-0.5,,,,,,,,,
317,Local,1757,Marseille,,Hollande,Exports,Marbre,,,2500,,5000,carreaux,0.5,sources/Local/Archives_de_la_CCI_de_Marseille_I_23_Marseille_Exports_1757.csv,Archives de la CCI de Marseille - I 23,6,,,,,Teklia-Jules Oudot-Guillaume Daudin,0,,0,,,,,,,,,
318,Local,1757,Marseille,,Hollande,Exports,Marbre,,,400,,40,pierres,10,sources/Local/Archives_de_la_CCI_de_Marseille_I_23_Marseille_Exports_1757.csv,Archives de la CCI de Marseille - I 23,6,,,,,Teklia-Jules Oudot-Guillaume Daudin,0,,0,,,,,,,,,
319,Local,1757,Marseille,,Hollande,Exports,Mercerie,,,13860,,3960,livres,3.5,sources/Local/Archives_de_la_CCI_de_Marseille_I_23_Marseille_Exports_1757.csv,Archives de la CCI de Marseille - I 23,6,,,,,Teklia-Jules Oudot-Guillaume Daudin,0,,0,,,,,,,,,
320,Local,1757,Marseille,,Hollande,Exports,Miel,,,2612,,17419,livres,0.15,sources/Local/Archives_de_la_CCI_de_Marseille_I_23_Marseille_Exports_1757.csv,Archives de la CCI de Marseille - I 23,6,,,,,Teklia-Jules Oudot-Guillaume Daudin,0,,-0.849999999999909,,,,,,,,,
321,Local,1757,Marseille,,Hollande,Exports,Nattes,,,150,,200,pièces,0.75,sources/Local/Archives_de_la_CCI_de_Marseille_I_23_Marseille_Exports_1757.csv,Archives de la CCI de Marseille - I 23,6,,,,,Teklia-Jules Oudot-Guillaume Daudin,0,,0,,,,,,,,,
322,Local,1757,Marseille,,Hollande,Exports,Oignons de fleurs,,,25050,,33800,livres,0.75,sources/Local/Archives_de_la_CCI_de_Marseille_I_23_Marseille_Exports_1757.csv,Archives de la CCI de Marseille - I 23,6,,,,,Teklia-Jules Oudot-Guillaume Daudin,0,,-300,,,,,,,,,
323,Local,1757,Marseille,,Hollande,Exports,Olives,,,643,,4290,livres,0.15,sources/Local/Archives_de_la_CCI_de_Marseille_I_23_Marseille_Exports_1757.csv,Archives de la CCI de Marseille - I 23,6,,,,,Teklia-Jules Oudot-Guillaume Daudin,0,,-0.5,,,,,,,,,
324,Local,1757,Marseille,,Hollande,Exports,Oranges,,,510,,34,milliers,15,sources/Local/Archives_de_la_CCI_de_Marseille_I_23_Marseille_Exports_1757.csv,Archives de la CCI de Marseille - I 23,6,,,,,Teklia-Jules Oudot-Guillaume Daudin,0,,0,,,,,,,,,
325,Local,1757,Marseille,,Hollande,Exports,Papier blanc,,,180,,30,rames,6,sources/Local/Archives_de_la_CCI_de_Marseille_I_23_Marseille_Exports_1757.csv,Archives de la CCI de Marseille - I 23,6,,,,,Teklia-Jules Oudot-Guillaume Daudin,0,,0,,,,,,,,,
326,Local,1757,Marseille,,Hollande,Exports,Pierre ponce,,,33,,660,livres,0.05,sources/Local/Archives_de_la_CCI_de_Marseille_I_23_Marseille_Exports_1757.csv,Archives de la CCI de Marseille - I 23,6,,,,,Teklia-Jules Oudot-Guillaume Daudin,0,,0,,,,,,,,,
327,Local,1757,Marseille,,Hollande,Exports,Poisson salé,,,2800,,11200,livres,0.25,sources/Local/Archives_de_la_CCI_de_Marseille_I_23_Marseille_Exports_1757.csv,Archives de la CCI de Marseille - I 23,6,,,,,Teklia-Jules Oudot-Guillaume Daudin,0,,0,,,,,,,,,
328,Local,1757,Marseille,,Hollande,Exports,Pruneaux,,,11307,,56535,livres,0.2,sources/Local/Archives_de_la_CCI_de_Marseille_I_23_Marseille_Exports_1757.csv,Archives de la CCI de Marseille - I 23,6,,,,,Teklia-Jules Oudot-Guillaume Daudin,0,,0,,,,,,,,,
329,Local,1757,Marseille,,Hollande,Exports,Raisins secs,,,145830,,729252,livres,0.2,sources/Local/Archives_de_la_CCI_de_Marseille_I_23_Marseille_Exports_1757.csv,Archives de la CCI de Marseille - I 23,6,,,,,Teklia-Jules Oudot-Guillaume Daudin,0,,-20.3999999999942,,,,,,,,,
330,Local,1757,Marseille,,Hollande,Exports,Ris,,,8301,,69177,livres,0.12,sources/Local/Archives_de_la_CCI_de_Marseille_I_23_Marseille_Exports_1757.csv,Archives de la CCI de Marseille - I 23,6,,,,,Teklia-Jules Oudot-Guillaume Daudin,0,,-0.239999999999782,,,,,,,,,
331,Local,1757,Marseille,,Hollande,Exports,Saffranon,,,4212,,6480,livres,0.65,sources/Local/Archives_de_la_CCI_de_Marseille_I_23_Marseille_Exports_1757.csv,Archives de la CCI de Marseille - I 23,6,,,,,Teklia-Jules Oudot-Guillaume Daudin,0,,0,,,,,,,,,
332,Local,1757,Marseille,,Hollande,Exports,Savon marbré,,,1214524,,4048414,livres,0.3,sources/Local/Archives_de_la_CCI_de_Marseille_I_23_Marseille_Exports_1757.csv,Archives de la CCI de Marseille - I 23,6,,,,,Teklia-Jules Oudot-Guillaume Daudin,0,,-0.199999999953434,,,,,,,,,
333,Local,1757,Marseille,,Hollande,Exports,Savonettes,,,25,,25,livres,1,sources/Local/Archives_de_la_CCI_de_Marseille_I_23_Marseille_Exports_1757.csv,Archives de la CCI de Marseille - I 23,6,,,,,Teklia-Jules Oudot-Guillaume Daudin,0,,0,,,,,,,,,
334,Local,1757,Marseille,,Hollande,Exports,Sel armoniac,,,25874,,25874,livres,1,sources/Local/Archives_de_la_CCI_de_Marseille_I_23_Marseille_Exports_1757.csv,Archives de la CCI de Marseille - I 23,7,,,,,Teklia-Jules Oudot-Guillaume Daudin,0,,0,,,,,,,,,
335,Local,1757,Marseille,,Hollande,Exports,Sené,,,349,,233,livres,1.5,sources/Local/Archives_de_la_CCI_de_Marseille_I_23_Marseille_Exports_1757.csv,Archives de la CCI de Marseille - I 23,7,,,,,Teklia-Jules Oudot-Guillaume Daudin,0,,-0.5,,,,,,,,,
336,Local,1757,Marseille,,Hollande,Exports,Sirop de capilaire,,,14990,,14990,livres,1,sources/Local/Archives_de_la_CCI_de_Marseille_I_23_Marseille_Exports_1757.csv,Archives de la CCI de Marseille - I 23,7,,,,,Teklia-Jules Oudot-Guillaume Daudin,0,,0,,,,,,,,,
337,Local,1757,Marseille,,Hollande,Exports,Soude,,,166,,1854,livres,0.09,sources/Local/Archives_de_la_CCI_de_Marseille_I_23_Marseille_Exports_1757.csv,Archives de la CCI de Marseille - I 23,7,,,,,Teklia-Jules Oudot-Guillaume Daudin,0,,-0.859999999999985,,,,,,,,,
338,Local,1757,Marseille,,Hollande,Exports,Soye aprestée,,,108620,,5431,livres,20,sources/Local/Archives_de_la_CCI_de_Marseille_I_23_Marseille_Exports_1757.csv,Archives de la CCI de Marseille - I 23,7,,,,,Teklia-Jules Oudot-Guillaume Daudin,0,,0,,,,,,,,,
339,Local,1757,Marseille,,Hollande,Exports,Sucre blanc,,,238473,,529940,livres,0.45,sources/Local/Archives_de_la_CCI_de_Marseille_I_23_Marseille_Exports_1757.csv,Archives de la CCI de Marseille - I 23,6,,,,,Teklia-Jules Oudot-Guillaume Daudin,0,,0,,,,,,,,,
340,Local,1757,Marseille,,Hollande,Exports,Sumac,,,2900,,41435,livres,0.07,sources/Local/Archives_de_la_CCI_de_Marseille_I_23_Marseille_Exports_1757.csv,Archives de la CCI de Marseille - I 23,6,,,,,Teklia-Jules Oudot-Guillaume Daudin,0,,-0.450000000000273,,,,,,,,,
341,Local,1757,Marseille,,Hollande,Exports,Tamarin,,,2562,,5125,livres,0.5,sources/Local/Archives_de_la_CCI_de_Marseille_I_23_Marseille_Exports_1757.csv,Archives de la CCI de Marseille - I 23,6,,,,,Teklia-Jules Oudot-Guillaume Daudin,0,,-0.5,,,,,,,,,
342,Local,1757,Marseille,,Hollande,Exports,Tartre,,,8598,,35825,livres,0.24,sources/Local/Archives_de_la_CCI_de_Marseille_I_23_Marseille_Exports_1757.csv,Archives de la CCI de Marseille - I 23,6,,,,,Teklia-Jules Oudot-Guillaume Daudin,0,,0,,,,,,,,,
343,Local,1757,Marseille,,Hollande,Exports,Terebentine,,,2415,,8050,livres,0.3,sources/Local/Archives_de_la_CCI_de_Marseille_I_23_Marseille_Exports_1757.csv,Archives de la CCI de Marseille - I 23,6,,,,,Teklia-Jules Oudot-Guillaume Daudin,0,,0,,,,,,,,,
344,Local,1757,Marseille,,Hollande,Exports,Terre d'ombre,,,104,,1044,livres,0.1,sources/Local/Archives_de_la_CCI_de_Marseille_I_23_Marseille_Exports_1757.csv,Archives de la CCI de Marseille - I 23,7,,,,,Teklia-Jules Oudot-Guillaume Daudin,0,,-0.400000000000006,,,,,,,,,
345,Local,1757,Marseille,,Hollande,Exports,Toile piquée de marseille,,,1500,,150,livres,10,sources/Local/Archives_de_la_CCI_de_Marseille_I_23_Marseille_Exports_1757.csv,Archives de la CCI de Marseille - I 23,7,,,,,Teklia-Jules Oudot-Guillaume Daudin,0,,0,,,,,,,,,
346,Local,1757,Marseille,,Hollande,Exports,Tournesol,,,2500,,250,livres,10,sources/Local/Archives_de_la_CCI_de_Marseille_I_23_Marseille_Exports_1757.csv,Archives de la CCI de Marseille - I 23,7,,,,,Teklia-Jules Oudot-Guillaume Daudin,0,,0,,,,,,,,,
347,Local,1757,Marseille,,Hollande,Exports,Verdet,,,21624,,27030,livres,0.8,sources/Local/Archives_de_la_CCI_de_Marseille_I_23_Marseille_Exports_1757.csv,Archives de la CCI de Marseille - I 23,7,,,,,Teklia-Jules Oudot-Guillaume Daudin,0,,0,,,,,,,,,
348,Local,1757,Marseille,,Hollande,Exports,Verres a boire,,,170,,170,livres,1,sources/Local/Archives_de_la_CCI_de_Marseille_I_23_Marseille_Exports_1757.csv,Archives de la CCI de Marseille - I 23,7,,,,,Teklia-Jules Oudot-Guillaume Daudin,0,,0,,,,,,,,,
349,Local,1757,Marseille,,Hollande,Exports,Vin muscat,,,200,,5,millerolles,40,sources/Local/Archives_de_la_CCI_de_Marseille_I_23_Marseille_Exports_1757.csv,Archives de la CCI de Marseille - I 23,7,,,,,Teklia-Jules Oudot-Guillaume Daudin,0,,0,,,,,,,,,
350,Local,1757,Marseille,,Hollande,Exports,Vin rouge,,,144,,16,millerolles,9,sources/Local/Archives_de_la_CCI_de_Marseille_I_23_Marseille_Exports_1757.csv,Archives de la CCI de Marseille - I 23,7,,,,,Teklia-Jules Oudot-Guillaume Daudin,0,,0,,,,,,,,,
351,Local,1757,Marseille,,Italie,Exports,Acier,,,1900,,5431,livres,0.35,sources/Local/Archives_de_la_CCI_de_Marseille_I_23_Marseille_Exports_1757.csv,Archives de la CCI de Marseille - I 23,7,,,,,Teklia-Jules Oudot-Guillaume Daudin,0,,-0.849999999999909,,,,,,,,,
352,Local,1757,Marseille,,Italie,Exports,Ajamis,,,83313,,9257,pièces,9,sources/Local/Archives_de_la_CCI_de_Marseille_I_23_Marseille_Exports_1757.csv,Archives de la CCI de Marseille - I 23,7,,,,,Teklia-Jules Oudot-Guillaume Daudin,0,,0,,,,,,,,,
353,Local,1757,Marseille,,Italie,Exports,Alaya,,,48,,16,pieces,3,sources/Local/Archives_de_la_CCI_de_Marseille_I_23_Marseille_Exports_1757.csv,Archives de la CCI de Marseille - I 23,7,,,,,Teklia-Jules Oudot-Guillaume Daudin,0,,0,,,,,,,,,
354,Local,1757,Marseille,,Italie,Exports,Alun,,,180,,1500,livres,0.12,sources/Local/Archives_de_la_CCI_de_Marseille_I_23_Marseille_Exports_1757.csv,Archives de la CCI de Marseille - I 23,7,,,,,Teklia-Jules Oudot-Guillaume Daudin,0,,0,,,,,,,,,
355,Local,1757,Marseille,,Italie,Exports,Amandes,,,62415,,312077,livres,0.2,sources/Local/Archives_de_la_CCI_de_Marseille_I_23_Marseille_Exports_1757.csv,Archives de la CCI de Marseille - I 23,7,,,,,Teklia-Jules Oudot-Guillaume Daudin,0,,-0.400000000001455,,,,,,,,,
356,Local,1757,Marseille,,Italie,Exports,Amidon,,,274,,1373,livres,0.2,sources/Local/Archives_de_la_CCI_de_Marseille_I_23_Marseille_Exports_1757.csv,Archives de la CCI de Marseille - I 23,7,,,,,Teklia-Jules Oudot-Guillaume Daudin,0,,-0.600000000000023,,,,,,,,,
357,Local,1757,Marseille,,Italie,Exports,Anchoix,,,9,,6,pots,1.5,sources/Local/Archives_de_la_CCI_de_Marseille_I_23_Marseille_Exports_1757.csv,Archives de la CCI de Marseille - I 23,7,,,,,Teklia-Jules Oudot-Guillaume Daudin,0,,0,,,,,,,,,
358,Local,1757,Marseille,,Italie,Exports,Anguilles salées,,,5988,,7984,livres,0.75,sources/Local/Archives_de_la_CCI_de_Marseille_I_23_Marseille_Exports_1757.csv,Archives de la CCI de Marseille - I 23,7,,,,,Teklia-Jules Oudot-Guillaume Daudin,0,,0,,,,,,,,,
359,Local,1757,Marseille,,Italie,Exports,Anis,,,637,,3185,livres,0.2,sources/Local/Archives_de_la_CCI_de_Marseille_I_23_Marseille_Exports_1757.csv,Archives de la CCI de Marseille - I 23,7,,,,,Teklia-Jules Oudot-Guillaume Daudin,0,,0,,,,,,,,,
360,Local,1757,Marseille,,Italie,Exports,Argent vif,,,800,,160,livres,5,sources/Local/Archives_de_la_CCI_de_Marseille_I_23_Marseille_Exports_1757.csv,Archives de la CCI de Marseille - I 23,7,,,,,Teklia-Jules Oudot-Guillaume Daudin,0,"Le prix est bien 5 livres : la valeur est donc fausse, calculé comme si prix était 5 sous",0,,,,,,,,,
361,Local,1757,Marseille,,Italie,Exports,Couverts de vermeille,,,36,,,,,sources/Local/Archives_de_la_CCI_de_Marseille_I_23_Marseille_Exports_1757.csv,Archives de la CCI de Marseille - I 23,7,,,,,Teklia-Jules Oudot-Guillaume Daudin,0,,,,,,,,,,,
362,Local,1757,Marseille,,Italie,Exports,Aristoloches,,,82,,820,douzaines,0.1,sources/Local/Archives_de_la_CCI_de_Marseille_I_23_Marseille_Exports_1757.csv,Archives de la CCI de Marseille - I 23,7,,,,,Teklia-Jules Oudot-Guillaume Daudin,0,,0,,,,,,,,,
363,Local,1757,Marseille,,Italie,Exports,Arquifou,,,530,,3536,livres,0.15,sources/Local/Archives_de_la_CCI_de_Marseille_I_23_Marseille_Exports_1757.csv,Archives de la CCI de Marseille - I 23,7,,,,,Teklia-Jules Oudot-Guillaume Daudin,0,,-0.399999999999977,,,,,,,,,
364,Local,1757,Marseille,,Italie,Exports,Avoine,,,420,,35,charges,12,sources/Local/Archives_de_la_CCI_de_Marseille_I_23_Marseille_Exports_1757.csv,Archives de la CCI de Marseille - I 23,7,,,,,Teklia-Jules Oudot-Guillaume Daudin,0,,0,,,,,,,,,
365,Local,1757,Marseille,,Italie,Exports,Azur,,,70,,140,livres,0.5,sources/Local/Archives_de_la_CCI_de_Marseille_I_23_Marseille_Exports_1757.csv,Archives de la CCI de Marseille - I 23,7,,,,,Teklia-Jules Oudot-Guillaume Daudin,0,,0,,,,,,,,,
366,Local,1757,Marseille,,Italie,Exports,Babouches,,,750,,250,paires,3,sources/Local/Archives_de_la_CCI_de_Marseille_I_23_Marseille_Exports_1757.csv,Archives de la CCI de Marseille - I 23,7,,,,,Teklia-Jules Oudot-Guillaume Daudin,0,,0,,,,,,,,,
367,Local,1757,Marseille,,Italie,Exports,Balances,,,10,,1,pièces,10,sources/Local/Archives_de_la_CCI_de_Marseille_I_23_Marseille_Exports_1757.csv,Archives de la CCI de Marseille - I 23,7,,,,,Teklia-Jules Oudot-Guillaume Daudin,0,,0,,,,,,,,,
368,Local,1757,Marseille,,Italie,Exports,Barils vuides,,,258,,129,pièces,2,sources/Local/Archives_de_la_CCI_de_Marseille_I_23_Marseille_Exports_1757.csv,Archives de la CCI de Marseille - I 23,7,,,,,Teklia-Jules Oudot-Guillaume Daudin,0,,0,,,,,,,,,
369,Local,1757,Marseille,,Italie,Exports,Bas de coton,,,1000,,200,livres,5,sources/Local/Archives_de_la_CCI_de_Marseille_I_23_Marseille_Exports_1757.csv,Archives de la CCI de Marseille - I 23,7,,,,,Teklia-Jules Oudot-Guillaume Daudin,0,,0,,,,,,,,,
370,Local,1757,Marseille,,Italie,Exports,Bas de laine,,,17244,,2874,livres,6,sources/Local/Archives_de_la_CCI_de_Marseille_I_23_Marseille_Exports_1757.csv,Archives de la CCI de Marseille - I 23,7,,,,,Teklia-Jules Oudot-Guillaume Daudin,0,,0,,,,,,,,,
371,Local,1757,Marseille,,Italie,Exports,Bas de soye,,,68440,,1711,livres,40,sources/Local/Archives_de_la_CCI_de_Marseille_I_23_Marseille_Exports_1757.csv,Archives de la CCI de Marseille - I 23,7,,,,,Teklia-Jules Oudot-Guillaume Daudin,0,,0,,,,,,,,,
372,Local,1757,Marseille,,Italie,Exports,Bazannes tannées,,,810,,13.5,livres,60,sources/Local/Archives_de_la_CCI_de_Marseille_I_23_Marseille_Exports_1757.csv,Archives de la CCI de Marseille - I 23,7,,,,,Teklia-Jules Oudot-Guillaume Daudin,0,,0,,,,,,,,,
373,Local,1757,Marseille,,Italie,Exports,Bazannes tannées,,,1080,,1080,livres,1,sources/Local/Archives_de_la_CCI_de_Marseille_I_23_Marseille_Exports_1757.csv,Archives de la CCI de Marseille - I 23,7,,,,,Teklia-Jules Oudot-Guillaume Daudin,0,,0,,,,,,,,,
374,Local,1757,Marseille,,Italie,Exports,Bazin,,,6750,,1125,livres,6,sources/Local/Archives_de_la_CCI_de_Marseille_I_23_Marseille_Exports_1757.csv,Archives de la CCI de Marseille - I 23,7,,,,,Teklia-Jules Oudot-Guillaume Daudin,0,,0,,,,,,,,,
375,Local,1757,Marseille,,Italie,Exports,Beurre,,,264,,660,livres,0.4,sources/Local/Archives_de_la_CCI_de_Marseille_I_23_Marseille_Exports_1757.csv,Archives de la CCI de Marseille - I 23,7,,,,,Teklia-Jules Oudot-Guillaume Daudin,0,,0,,,,,,,,,
376,Local,1757,Marseille,,Italie,Exports,Bierre,,,225,,4500,livres,0.05,sources/Local/Archives_de_la_CCI_de_Marseille_I_23_Marseille_Exports_1757.csv,Archives de la CCI de Marseille - I 23,7,,,,,Teklia-Jules Oudot-Guillaume Daudin,0,,0,,,,,,,,,
377,Local,1757,Marseille,,Italie,Exports,Biscuit de mer,,,24,,200,livres,0.12,sources/Local/Archives_de_la_CCI_de_Marseille_I_23_Marseille_Exports_1757.csv,Archives de la CCI de Marseille - I 23,7,,,,,Teklia-Jules Oudot-Guillaume Daudin,0,,0,,,,,,,,,
378,Local,1757,Marseille,,Italie,Exports,Bled froment,,,82120,,4106,charges,20,sources/Local/Archives_de_la_CCI_de_Marseille_I_23_Marseille_Exports_1757.csv,Archives de la CCI de Marseille - I 23,7,,,,,Teklia-Jules Oudot-Guillaume Daudin,0,,0,,,,,,,,,
379,Local,1757,Marseille,,Italie,Exports,Bluteaux,,,3,,2,pièces,1.5,sources/Local/Archives_de_la_CCI_de_Marseille_I_23_Marseille_Exports_1757.csv,Archives de la CCI de Marseille - I 23,7,,,,,Teklia-Jules Oudot-Guillaume Daudin,0,,0,,,,,,,,,
380,Local,1757,Marseille,,Italie,Exports,Boetes de bergamotte,,,2088,,58,douzaines,36,sources/Local/Archives_de_la_CCI_de_Marseille_I_23_Marseille_Exports_1757.csv,Archives de la CCI de Marseille - I 23,7,,,,,Teklia-Jules Oudot-Guillaume Daudin,0,,0,,,,,,,,,
381,Local,1757,Marseille,,Italie,Exports,Boetes de bergamotte,,,112,,14,livres,8,sources/Local/Archives_de_la_CCI_de_Marseille_I_23_Marseille_Exports_1757.csv,Archives de la CCI de Marseille - I 23,7,,,,,Teklia-Jules Oudot-Guillaume Daudin,0,,0,,,,,,,,,
382,Local,1757,Marseille,,Italie,Exports,Bois de brezil,,,2457,,9830,livres,0.25,sources/Local/Archives_de_la_CCI_de_Marseille_I_23_Marseille_Exports_1757.csv,Archives de la CCI de Marseille - I 23,7,,,,,Teklia-Jules Oudot-Guillaume Daudin,0,,-0.5,,,,,,,,,
383,Local,1757,Marseille,,Italie,Exports,Bois de campesche,,,518,,3458,livres,0.15,sources/Local/Archives_de_la_CCI_de_Marseille_I_23_Marseille_Exports_1757.csv,Archives de la CCI de Marseille - I 23,7,,,,,Teklia-Jules Oudot-Guillaume Daudin,0,,-0.699999999999932,,,,,,,,,
384,Local,1757,Marseille,,Italie,Exports,Bois de Gayac,,,200,,2000,livres,0.1,sources/Local/Archives_de_la_CCI_de_Marseille_I_23_Marseille_Exports_1757.csv,Archives de la CCI de Marseille - I 23,7,,,,,Teklia-Jules Oudot-Guillaume Daudin,0,,0,,,,,,,,,
385,Local,1757,Marseille,,Italie,Exports,Bois de lit,,,24,,1,pièces,24,sources/Local/Archives_de_la_CCI_de_Marseille_I_23_Marseille_Exports_1757.csv,Archives de la CCI de Marseille - I 23,7,,,,,Teklia-Jules Oudot-Guillaume Daudin,0,,0,,,,,,,,,
386,Local,1757,Marseille,,Italie,Exports,Bois de saint marthe,,,740,,4939,livres,0.15,sources/Local/Archives_de_la_CCI_de_Marseille_I_23_Marseille_Exports_1757.csv,Archives de la CCI de Marseille - I 23,7,,,,,Teklia-Jules Oudot-Guillaume Daudin,0,,-0.850000000000023,,,,,,,,,
387,Local,1757,Marseille,,Italie,Exports,Bonnets de laine,,,55440,,2772,douzaines,20,sources/Local/Archives_de_la_CCI_de_Marseille_I_23_Marseille_Exports_1757.csv,Archives de la CCI de Marseille - I 23,7,,,,,Teklia-Jules Oudot-Guillaume Daudin,0,,0,,,,,,,,,
388,Local,1757,Marseille,,Italie,Exports,Borax,,,585,,130,livres,4.5,sources/Local/Archives_de_la_CCI_de_Marseille_I_23_Marseille_Exports_1757.csv,Archives de la CCI de Marseille - I 23,7,,,,,Teklia-Jules Oudot-Guillaume Daudin,0,,0,,,,,,,,,
389,Local,1757,Marseille,,Italie,Exports,Bottes,,,10,,1,paires,10,sources/Local/Archives_de_la_CCI_de_Marseille_I_23_Marseille_Exports_1757.csv,Archives de la CCI de Marseille - I 23,7,,,,,Teklia-Jules Oudot-Guillaume Daudin,0,,0,,,,,,,,,
390,Local,1757,Marseille,,Italie,Exports,Bouchons de liege,,,3150,,1050,livres,3,sources/Local/Archives_de_la_CCI_de_Marseille_I_23_Marseille_Exports_1757.csv,Archives de la CCI de Marseille - I 23,7,,,,,Teklia-Jules Oudot-Guillaume Daudin,0,,0,,,,,,,,,
391,Local,1757,Marseille,,Italie,Exports,Bougies,,,72,,32,livres,2.25,sources/Local/Archives_de_la_CCI_de_Marseille_I_23_Marseille_Exports_1757.csv,Archives de la CCI de Marseille - I 23,7,,,,,Teklia-Jules Oudot-Guillaume Daudin,0,,0,,,,,,,,,
392,Local,1757,Marseille,,Italie,Exports,Boulets de canon,,,560,,7000,livres,0.08,sources/Local/Archives_de_la_CCI_de_Marseille_I_23_Marseille_Exports_1757.csv,Archives de la CCI de Marseille - I 23,7,,,,,Teklia-Jules Oudot-Guillaume Daudin,0,,0,,,,,,,,,
393,Local,1757,Marseille,,Italie,Exports,Bours de levant,,,4000,,100,pièces,40,sources/Local/Archives_de_la_CCI_de_Marseille_I_23_Marseille_Exports_1757.csv,Archives de la CCI de Marseille - I 23,7,,,,,Teklia-Jules Oudot-Guillaume Daudin,0,,0,,,,,,,,,
394,Local,1757,Marseille,,Italie,Exports,Bourde,,,14200,,177500,livres,0.08,sources/Local/Archives_de_la_CCI_de_Marseille_I_23_Marseille_Exports_1757.csv,Archives de la CCI de Marseille - I 23,7,,,,,Teklia-Jules Oudot-Guillaume Daudin,0,,0,,,,,,,,,
395,Local,1757,Marseille,,Italie,Exports,Bruy sec,,,10053,,67025,livres,0.15,sources/Local/Archives_de_la_CCI_de_Marseille_I_23_Marseille_Exports_1757.csv,Archives de la CCI de Marseille - I 23,7,,,,,Teklia-Jules Oudot-Guillaume Daudin,0,,-0.75,,,,,,,,,
396,Local,1757,Marseille,,Italie,Exports,Cacao,,,163020,,116443,livres,1.4,sources/Local/Archives_de_la_CCI_de_Marseille_I_23_Marseille_Exports_1757.csv,Archives de la CCI de Marseille - I 23,7,,,,,Teklia-Jules Oudot-Guillaume Daudin,0,,-0.199999999982538,,,,,,,,,
397,Local,1757,Marseille,,Italie,Exports,Caffé,,,390836,,279169,livres,1.4,sources/Local/Archives_de_la_CCI_de_Marseille_I_23_Marseille_Exports_1757.csv,Archives de la CCI de Marseille - I 23,7,,,,,Teklia-Jules Oudot-Guillaume Daudin,0,,-0.599999999976717,,,,,,,,,
398,Local,1757,Marseille,,Italie,Exports,Canne a pomme d'or,,,72,,1,pièces,72,sources/Local/Archives_de_la_CCI_de_Marseille_I_23_Marseille_Exports_1757.csv,Archives de la CCI de Marseille - I 23,7,,,,,Teklia-Jules Oudot-Guillaume Daudin,0,,0,,,,,,,,,
399,Local,1757,Marseille,,Italie,Exports,Canefice,,,3366,,11220,livres,0.3,sources/Local/Archives_de_la_CCI_de_Marseille_I_23_Marseille_Exports_1757.csv,Archives de la CCI de Marseille - I 23,7,,,,,Teklia-Jules Oudot-Guillaume Daudin,0,,0,,,,,,,,,
400,Local,1757,Marseille,,Italie,Exports,Cannelle,,,11184,,1864,livres,6,sources/Local/Archives_de_la_CCI_de_Marseille_I_23_Marseille_Exports_1757.csv,Archives de la CCI de Marseille - I 23,7,,,,,Teklia-Jules Oudot-Guillaume Daudin,0,,0,,,,,,,,,
401,Local,1757,Marseille,,Italie,Exports,Canelle gerofflées,,,12844,,12844,livres,1,sources/Local/Archives_de_la_CCI_de_Marseille_I_23_Marseille_Exports_1757.csv,Archives de la CCI de Marseille - I 23,7,,,,,Teklia-Jules Oudot-Guillaume Daudin,0,,0,,,,,,,,,
402,Local,1757,Marseille,,Italie,Exports,Canons de fusils,,,8000,,4000,livres,2,sources/Local/Archives_de_la_CCI_de_Marseille_I_23_Marseille_Exports_1757.csv,Archives de la CCI de Marseille - I 23,7,,,,,Teklia-Jules Oudot-Guillaume Daudin,0,,0,,,,,,,,,
403,Local,1757,Marseille,,Italie,Exports,Capres,,,38277,,127591,livres,0.3,sources/Local/Archives_de_la_CCI_de_Marseille_I_23_Marseille_Exports_1757.csv,Archives de la CCI de Marseille - I 23,7,,,,,Teklia-Jules Oudot-Guillaume Daudin,0,,-0.299999999995634,,,,,,,,,
404,Local,1757,Marseille,,Italie,Exports,Carnasse,,,200,,4000,livres,0.05,sources/Local/Archives_de_la_CCI_de_Marseille_I_23_Marseille_Exports_1757.csv,Archives de la CCI de Marseille - I 23,7,,,,,Teklia-Jules Oudot-Guillaume Daudin,0,,0,,,,,,,,,
405,Local,1757,Marseille,,Italie,Exports,Carreaux de terre,,,715,,35750,milliers,0.02,sources/Local/Archives_de_la_CCI_de_Marseille_I_23_Marseille_Exports_1757.csv,Archives de la CCI de Marseille - I 23,7,,,,,Teklia-Jules Oudot-Guillaume Daudin,0,"Le prix est 20 lt par millier. Mais la quantité est en livres, et la valeur suggère 0,02 lt par livres. Donc une livre par carreau ?",0,,,,,,,,,
406,Local,1757,Marseille,,Italie,Exports,Cartes geographiques,,,1000,,200,livres,5,sources/Local/Archives_de_la_CCI_de_Marseille_I_23_Marseille_Exports_1757.csv,Archives de la CCI de Marseille - I 23,7,,,,,Teklia-Jules Oudot-Guillaume Daudin,0,,0,,,,,,,,,
407,Local,1757,Marseille,,Italie,Exports,Cartes a joüer,,,450,,300,livres,1.5,sources/Local/Archives_de_la_CCI_de_Marseille_I_23_Marseille_Exports_1757.csv,Archives de la CCI de Marseille - I 23,7,,,,,Teklia-Jules Oudot-Guillaume Daudin,0,,0,,,,,,,,,
408,Local,1757,Marseille,,Italie,Exports,Cartons,,,899,,899,livres,1,sources/Local/Archives_de_la_CCI_de_Marseille_I_23_Marseille_Exports_1757.csv,Archives de la CCI de Marseille - I 23,8,,,,,Teklia-Jules Oudot-Guillaume Daudin,0,,0,,,,,,,,,
409,Local,1757,Marseille,,Italie,Exports,Ceinturons brodés d'argent,,,120,,6,pièces,20,sources/Local/Archives_de_la_CCI_de_Marseille_I_23_Marseille_Exports_1757.csv,Archives de la CCI de Marseille - I 23,8,,,,,Teklia-Jules Oudot-Guillaume Daudin,0,,0,,,,,,,,,
410,Local,1757,Marseille,,Italie,Exports,Ceinturons unis,,,24,,6,pièces,4,sources/Local/Archives_de_la_CCI_de_Marseille_I_23_Marseille_Exports_1757.csv,Archives de la CCI de Marseille - I 23,8,,,,,Teklia-Jules Oudot-Guillaume Daudin,0,,0,,,,,,,,,
411,Local,1757,Marseille,,Italie,Exports,Ceruze,,,195,,780,livres,0.25,sources/Local/Archives_de_la_CCI_de_Marseille_I_23_Marseille_Exports_1757.csv,Archives de la CCI de Marseille - I 23,8,,,,,Teklia-Jules Oudot-Guillaume Daudin,0,,0,,,,,,,,,
412,Local,1757,Marseille,,Italie,Exports,Chaire salée,,,120,,400,livres,0.3,sources/Local/Archives_de_la_CCI_de_Marseille_I_23_Marseille_Exports_1757.csv,Archives de la CCI de Marseille - I 23,8,,,,,Teklia-Jules Oudot-Guillaume Daudin,0,,0,,,,,,,,,
413,Local,1757,Marseille,,Italie,Exports,Chaises de paille,,,22,,1.5,douzaine,15,sources/Local/Archives_de_la_CCI_de_Marseille_I_23_Marseille_Exports_1757.csv,Archives de la CCI de Marseille - I 23,8,,,,,Teklia-Jules Oudot-Guillaume Daudin,0,,-0.5,,,,,,,,,
414,Local,1757,Marseille,,Italie,Exports,Chandelles,,,458,,1018,livres,0.45,sources/Local/Archives_de_la_CCI_de_Marseille_I_23_Marseille_Exports_1757.csv,Archives de la CCI de Marseille - I 23,8,,,,,Teklia-Jules Oudot-Guillaume Daudin,0,,-0.100000000000023,,,,,,,,,
415,Local,1757,Marseille,,Italie,Exports,Chanvre peigné,,,4829,,13414,livres,0.36,sources/Local/Archives_de_la_CCI_de_Marseille_I_23_Marseille_Exports_1757.csv,Archives de la CCI de Marseille - I 23,8,,,,,Teklia-Jules Oudot-Guillaume Daudin,0,,-0.0399999999999636,,,,,,,,,
416,Local,1757,Marseille,,Italie,Exports,Chapeaux de pailles,,,360,,30,douzaine,12,sources/Local/Archives_de_la_CCI_de_Marseille_I_23_Marseille_Exports_1757.csv,Archives de la CCI de Marseille - I 23,8,,,,,Teklia-Jules Oudot-Guillaume Daudin,0,,0,,,,,,,,,
417,Local,1757,Marseille,,Italie,Exports,Chapeaux poil et laine,,,102840,,1714,douzaine,60,sources/Local/Archives_de_la_CCI_de_Marseille_I_23_Marseille_Exports_1757.csv,Archives de la CCI de Marseille - I 23,8,,,,,Teklia-Jules Oudot-Guillaume Daudin,0,,0,,,,,,,,,
418,Local,1757,Marseille,,Italie,Exports,Cheveux,,,900,,30,livres,30,sources/Local/Archives_de_la_CCI_de_Marseille_I_23_Marseille_Exports_1757.csv,Archives de la CCI de Marseille - I 23,8,,,,,Teklia-Jules Oudot-Guillaume Daudin,0,Le prix est bon (cela semble élevé?),0,,,,,,,,,
419,Local,1757,Marseille,,Italie,Exports,Cire blanche,,,2520,,1200,livres,2.1,sources/Local/Archives_de_la_CCI_de_Marseille_I_23_Marseille_Exports_1757.csv,Archives de la CCI de Marseille - I 23,8,,,,,Teklia-Jules Oudot-Guillaume Daudin,0,Le prix est bon. La quantité est plausible. Erreur de calcul de la valeur (50400),0,,,,,,,,,
420,Local,1757,Marseille,,Italie,Exports,Cire jaune,,,64519,,43013,livres,1.5,sources/Local/Archives_de_la_CCI_de_Marseille_I_23_Marseille_Exports_1757.csv,Archives de la CCI de Marseille - I 23,8,,,,,Teklia-Jules Oudot-Guillaume Daudin,0,,-0.5,,,,,,,,,
421,Local,1757,Marseille,,Italie,Exports,Citrons,,,465,,31,milliers,15,sources/Local/Archives_de_la_CCI_de_Marseille_I_23_Marseille_Exports_1757.csv,Archives de la CCI de Marseille - I 23,8,,,,,Teklia-Jules Oudot-Guillaume Daudin,0,,0,,,,,,,,,
422,Local,1757,Marseille,,Italie,Exports,Clous dorés,,,400,,200,milliers,2,sources/Local/Archives_de_la_CCI_de_Marseille_I_23_Marseille_Exports_1757.csv,Archives de la CCI de Marseille - I 23,8,,,,,Teklia-Jules Oudot-Guillaume Daudin,0,,0,,,,,,,,,
423,Local,1757,Marseille,,Italie,Exports,Clous de fer,,,3100,,12400,livres,0.25,sources/Local/Archives_de_la_CCI_de_Marseille_I_23_Marseille_Exports_1757.csv,Archives de la CCI de Marseille - I 23,8,,,,,Teklia-Jules Oudot-Guillaume Daudin,0,,0,,,,,,,,,
424,Local,1757,Marseille,,Italie,Exports,Cochenille,,,112878,,6271,livres,18,sources/Local/Archives_de_la_CCI_de_Marseille_I_23_Marseille_Exports_1757.csv,Archives de la CCI de Marseille - I 23,8,,,,,Teklia-Jules Oudot-Guillaume Daudin,0,,0,,,,,,,,,
425,Local,1757,Marseille,,Italie,Exports,Colle forte,,,1866,,4666,livres,0.4,sources/Local/Archives_de_la_CCI_de_Marseille_I_23_Marseille_Exports_1757.csv,Archives de la CCI de Marseille - I 23,8,,,,,Teklia-Jules Oudot-Guillaume Daudin,0,,-0.400000000000091,,,,,,,,,
426,Local,1757,Marseille,,Italie,Exports,Commode,,,60,,1,unité,60,sources/Local/Archives_de_la_CCI_de_Marseille_I_23_Marseille_Exports_1757.csv,Archives de la CCI de Marseille - I 23,8,,,,,Teklia-Jules Oudot-Guillaume Daudin,0,,0,,,,,,,,,
427,Local,1757,Marseille,,Italie,Exports,Confitures,,,247,,247,livres,1,sources/Local/Archives_de_la_CCI_de_Marseille_I_23_Marseille_Exports_1757.csv,Archives de la CCI de Marseille - I 23,8,,,,,Teklia-Jules Oudot-Guillaume Daudin,0,,0,,,,,,,,,
428,Local,1757,Marseille,,Italie,Exports,Cordage de chanvre,,,3780,,12600,livres,0.3,sources/Local/Archives_de_la_CCI_de_Marseille_I_23_Marseille_Exports_1757.csv,Archives de la CCI de Marseille - I 23,8,,,,,Teklia-Jules Oudot-Guillaume Daudin,0,,0,,,,,,,,,
429,Local,1757,Marseille,,Italie,Exports,Cordage d'espars,,,321,,918,douzaine,0.35,sources/Local/Archives_de_la_CCI_de_Marseille_I_23_Marseille_Exports_1757.csv,Archives de la CCI de Marseille - I 23,8,,,,,Teklia-Jules Oudot-Guillaume Daudin,0,,-0.299999999999955,,,,,,,,,
430,Local,1757,Marseille,,Italie,Exports,Cordes a boyaux,,,1200,,120,livres,10,sources/Local/Archives_de_la_CCI_de_Marseille_I_23_Marseille_Exports_1757.csv,Archives de la CCI de Marseille - I 23,8,,,,,Teklia-Jules Oudot-Guillaume Daudin,0,,0,,,,,,,,,
431,Local,1757,Marseille,,Italie,Exports,Cordes a violons,,,240,,12,livres,20,sources/Local/Archives_de_la_CCI_de_Marseille_I_23_Marseille_Exports_1757.csv,Archives de la CCI de Marseille - I 23,8,,,,,Teklia-Jules Oudot-Guillaume Daudin,0,,0,,,,,,,,,
432,Local,1757,Marseille,,Italie,Exports,Cornes des cerf,,,414,,2073,livres,0.2,sources/Local/Archives_de_la_CCI_de_Marseille_I_23_Marseille_Exports_1757.csv,Archives de la CCI de Marseille - I 23,8,,,,,Teklia-Jules Oudot-Guillaume Daudin,0,,-0.600000000000023,,,,,,,,,
433,Local,1757,Marseille,,Italie,Exports,Cornes de cerf rapées,,,1060,,5300,livres,0.2,sources/Local/Archives_de_la_CCI_de_Marseille_I_23_Marseille_Exports_1757.csv,Archives de la CCI de Marseille - I 23,8,,,,,Teklia-Jules Oudot-Guillaume Daudin,0,,0,,,,,,,,,
434,Local,1757,Marseille,,Italie,Exports,Coton filé,,,22634,,20577,livres,1.1,sources/Local/Archives_de_la_CCI_de_Marseille_I_23_Marseille_Exports_1757.csv,Archives de la CCI de Marseille - I 23,8,,,,,Teklia-Jules Oudot-Guillaume Daudin,0,,-0.700000000000728,,,,,,,,,
435,Local,1757,Marseille,,Italie,Exports,Coton en laine,,,21517,,43034,livres,0.5,sources/Local/Archives_de_la_CCI_de_Marseille_I_23_Marseille_Exports_1757.csv,Archives de la CCI de Marseille - I 23,8,,,,,Teklia-Jules Oudot-Guillaume Daudin,0,,0,,,,,,,,,
436,Local,1757,Marseille,,Italie,Exports,Cotonine,,,2600,,1300,livres,2,sources/Local/Archives_de_la_CCI_de_Marseille_I_23_Marseille_Exports_1757.csv,Archives de la CCI de Marseille - I 23,8,,,,,Teklia-Jules Oudot-Guillaume Daudin,0,,0,,,,,,,,,
437,Local,1757,Marseille,,Italie,Exports,Couperoze,,,324,,3600,livres,0.09,sources/Local/Archives_de_la_CCI_de_Marseille_I_23_Marseille_Exports_1757.csv,Archives de la CCI de Marseille - I 23,8,,,,,Teklia-Jules Oudot-Guillaume Daudin,0,,0,,,,,,,,,
438,Local,1757,Marseille,,Italie,Exports,Couteaux,,,2000,,1000,livres,2,sources/Local/Archives_de_la_CCI_de_Marseille_I_23_Marseille_Exports_1757.csv,Archives de la CCI de Marseille - I 23,8,,,,,Teklia-Jules Oudot-Guillaume Daudin,0,,0,,,,,,,,,
439,Local,1757,Marseille,,Italie,Exports,Couvertures de laine,,,8,,1,pièces,8,sources/Local/Archives_de_la_CCI_de_Marseille_I_23_Marseille_Exports_1757.csv,Archives de la CCI de Marseille - I 23,8,,,,,Teklia-Jules Oudot-Guillaume Daudin,0,,0,,,,,,,,,
440,Local,1757,Marseille,,Italie,Exports,Couvertures de laine,,,90,,45,livres,2,sources/Local/Archives_de_la_CCI_de_Marseille_I_23_Marseille_Exports_1757.csv,Archives de la CCI de Marseille - I 23,8,,,,,Teklia-Jules Oudot-Guillaume Daudin,0,,0,,,,,,,,,
441,Local,1757,Marseille,,Italie,Exports,Crasse d'huile,,,210,,1400,livres,0.15,sources/Local/Archives_de_la_CCI_de_Marseille_I_23_Marseille_Exports_1757.csv,Archives de la CCI de Marseille - I 23,8,,,,,Teklia-Jules Oudot-Guillaume Daudin,0,,0,,,,,,,,,
442,Local,1757,Marseille,,Italie,Exports,Creme de tartre,,,5254,,17514,livres,0.3,sources/Local/Archives_de_la_CCI_de_Marseille_I_23_Marseille_Exports_1757.csv,Archives de la CCI de Marseille - I 23,8,,,,,Teklia-Jules Oudot-Guillaume Daudin,0,,-0.199999999999818,,,,,,,,,
443,Local,1757,Marseille,,Italie,Exports,Crin,,,600,,1200,livres,0.5,sources/Local/Archives_de_la_CCI_de_Marseille_I_23_Marseille_Exports_1757.csv,Archives de la CCI de Marseille - I 23,8,,,,,Teklia-Jules Oudot-Guillaume Daudin,0,,0,,,,,,,,,
444,Local,1757,Marseille,,Italie,Exports,Cuirs de beuf en poil,,,6120,,340,pièces,18,sources/Local/Archives_de_la_CCI_de_Marseille_I_23_Marseille_Exports_1757.csv,Archives de la CCI de Marseille - I 23,8,,,,,Teklia-Jules Oudot-Guillaume Daudin,0,,0,,,,,,,,,
445,Local,1757,Marseille,,Italie,Exports,Cuirs de beuf en poil,,,9390,,23477,livres,0.4,sources/Local/Archives_de_la_CCI_de_Marseille_I_23_Marseille_Exports_1757.csv,Archives de la CCI de Marseille - I 23,8,,,,,Teklia-Jules Oudot-Guillaume Daudin,0,,-0.800000000001091,,,,,,,,,
446,Local,1757,Marseille,,Italie,Exports,Cuirs de beuf tanné,,,612,,17,pièces,36,sources/Local/Archives_de_la_CCI_de_Marseille_I_23_Marseille_Exports_1757.csv,Archives de la CCI de Marseille - I 23,8,,,,,Teklia-Jules Oudot-Guillaume Daudin,0,,0,,,,,,,,,
447,Local,1757,Marseille,,Italie,Exports,Cuirs de beuf tanné,,,38747,,64579,livres,0.6,sources/Local/Archives_de_la_CCI_de_Marseille_I_23_Marseille_Exports_1757.csv,Archives de la CCI de Marseille - I 23,8,,,,,Teklia-Jules Oudot-Guillaume Daudin,0,,-0.400000000001455,,,,,,,,,
448,Local,1757,Marseille,,Italie,Exports,Cuirs de cheval tannés,,,120,,10,pièces,12,sources/Local/Archives_de_la_CCI_de_Marseille_I_23_Marseille_Exports_1757.csv,Archives de la CCI de Marseille - I 23,8,,,,,Teklia-Jules Oudot-Guillaume Daudin,0,,0,,,,,,,,,
449,Local,1757,Marseille,,Italie,Exports,Cuirs de vache tannés,,,225,,15,pièces,15,sources/Local/Archives_de_la_CCI_de_Marseille_I_23_Marseille_Exports_1757.csv,Archives de la CCI de Marseille - I 23,8,,,,,Teklia-Jules Oudot-Guillaume Daudin,0,,0,,,,,,,,,
450,Local,1757,Marseille,,Italie,Exports,Cuirs de vache tannés,,,63,,255,livres,0.25,sources/Local/Archives_de_la_CCI_de_Marseille_I_23_Marseille_Exports_1757.csv,Archives de la CCI de Marseille - I 23,8,,,,,Teklia-Jules Oudot-Guillaume Daudin,0,,-0.75,,,,,,,,,
451,Local,1757,Marseille,,Italie,Exports,Cuivre argenté,,,100,,40,livres,2.5,sources/Local/Archives_de_la_CCI_de_Marseille_I_23_Marseille_Exports_1757.csv,Archives de la CCI de Marseille - I 23,8,,,,,Teklia-Jules Oudot-Guillaume Daudin,0,,0,,,,,,,,,
452,Local,1757,Marseille,,Italie,Exports,Cuivre ouvré,,,323,,217,livres,1.5,sources/Local/Archives_de_la_CCI_de_Marseille_I_23_Marseille_Exports_1757.csv,Archives de la CCI de Marseille - I 23,8,,,,,Teklia-Jules Oudot-Guillaume Daudin,0,,-2.5,,,,,,,,,
453,Local,1757,Marseille,,Italie,Exports,Cuivre tangoul,,,12259,,13622,livres,0.9,sources/Local/Archives_de_la_CCI_de_Marseille_I_23_Marseille_Exports_1757.csv,Archives de la CCI de Marseille - I 23,8,,,,,Teklia-Jules Oudot-Guillaume Daudin,0,,-0.800000000001091,,,,,,,,,
454,Local,1757,Marseille,,Italie,Exports,Culottes de toile,,,285,,95,en nombre,3,sources/Local/Archives_de_la_CCI_de_Marseille_I_23_Marseille_Exports_1757.csv,Archives de la CCI de Marseille - I 23,8,,,,,Teklia-Jules Oudot-Guillaume Daudin,0,,0,,,,,,,,,
455,Local,1757,Marseille,,Italie,Exports,Damejaunes,,,96,,48,livres,2,sources/Local/Archives_de_la_CCI_de_Marseille_I_23_Marseille_Exports_1757.csv,Archives de la CCI de Marseille - I 23,8,,,,,Teklia-Jules Oudot-Guillaume Daudin,0,,0,,,,,,,,,
456,Local,1757,Marseille,,Italie,Exports,Demitte,,,66,,22,pièces,3,sources/Local/Archives_de_la_CCI_de_Marseille_I_23_Marseille_Exports_1757.csv,Archives de la CCI de Marseille - I 23,8,,,,,Teklia-Jules Oudot-Guillaume Daudin,0,,0,,,,,,,,,
457,Local,1757,Marseille,,Italie,Exports,Dorure fine,,,5900,,59,livres,100,sources/Local/Archives_de_la_CCI_de_Marseille_I_23_Marseille_Exports_1757.csv,Archives de la CCI de Marseille - I 23,8,,,,,Teklia-Jules Oudot-Guillaume Daudin,0,,0,,,,,,,,,
458,Local,1757,Marseille,,Italie,Exports,Drap londrin,,,1247750,,178250,livres,7,sources/Local/Archives_de_la_CCI_de_Marseille_I_23_Marseille_Exports_1757.csv,Archives de la CCI de Marseille - I 23,8,,,,,Teklia-Jules Oudot-Guillaume Daudin,0,,0,,,,,,,,,
459,Local,1757,Marseille,,Italie,Exports,Draperie ordinaire,,,474312,,79052,livres,6,sources/Local/Archives_de_la_CCI_de_Marseille_I_23_Marseille_Exports_1757.csv,Archives de la CCI de Marseille - I 23,8,,,,,Teklia-Jules Oudot-Guillaume Daudin,0,,0,,,,,,,,,
460,Local,1757,Marseille,,Italie,Exports,Draperie petite,,,602157,,200719,livres,3,sources/Local/Archives_de_la_CCI_de_Marseille_I_23_Marseille_Exports_1757.csv,Archives de la CCI de Marseille - I 23,8,,,,,Teklia-Jules Oudot-Guillaume Daudin,0,,0,,,,,,,,,
461,Local,1757,Marseille,,Italie,Exports,Draps de lit,,,16,,2,paires,8,sources/Local/Archives_de_la_CCI_de_Marseille_I_23_Marseille_Exports_1757.csv,Archives de la CCI de Marseille - I 23,8,,,,,Teklia-Jules Oudot-Guillaume Daudin,0,,0,,,,,,,,,
462,Local,1757,Marseille,,Italie,Exports,Droguerie,,,45422,,45422,livres,1,sources/Local/Archives_de_la_CCI_de_Marseille_I_23_Marseille_Exports_1757.csv,Archives de la CCI de Marseille - I 23,8,,,,,Teklia-Jules Oudot-Guillaume Daudin,0,,0,,,,,,,,,
463,Local,1757,Marseille,,Italie,Exports,Eau de fleur d'orange,,,496,,992,livres,0.5,sources/Local/Archives_de_la_CCI_de_Marseille_I_23_Marseille_Exports_1757.csv,Archives de la CCI de Marseille - I 23,8,,,,,Teklia-Jules Oudot-Guillaume Daudin,0,,0,,,,,,,,,
464,Local,1757,Marseille,,Italie,Exports,Eau de l'avande,,,96,,96,livres,1,sources/Local/Archives_de_la_CCI_de_Marseille_I_23_Marseille_Exports_1757.csv,Archives de la CCI de Marseille - I 23,8,,,,,Teklia-Jules Oudot-Guillaume Daudin,0,,0,,,,,,,,,
465,Local,1757,Marseille,,Italie,Exports,Eau de melice,,,115,,70,livres,1.65,sources/Local/Archives_de_la_CCI_de_Marseille_I_23_Marseille_Exports_1757.csv,Archives de la CCI de Marseille - I 23,8,,,,,Teklia-Jules Oudot-Guillaume Daudin,0,,-0.5,,,,,,,,,
466,Local,1757,Marseille,,Italie,Exports,Eau de raisins,,,419,,4195,livres,0.1,sources/Local/Archives_de_la_CCI_de_Marseille_I_23_Marseille_Exports_1757.csv,Archives de la CCI de Marseille - I 23,8,,,,,Teklia-Jules Oudot-Guillaume Daudin,0,,-0.5,,,,,,,,,
467,Local,1757,Marseille,,Italie,Exports,Eau de la reine d'Hongrie,,,10625,,14167,livres,0.75,sources/Local/Archives_de_la_CCI_de_Marseille_I_23_Marseille_Exports_1757.csv,Archives de la CCI de Marseille - I 23,8,,,,,Teklia-Jules Oudot-Guillaume Daudin,0,,-0.25,,,,,,,,,
468,Local,1757,Marseille,,Italie,Exports,Eau de senteur,,,3,,3,livres,1,sources/Local/Archives_de_la_CCI_de_Marseille_I_23_Marseille_Exports_1757.csv,Archives de la CCI de Marseille - I 23,8,,,,,Teklia-Jules Oudot-Guillaume Daudin,0,,0,,,,,,,,,
469,Local,1757,Marseille,,Italie,Exports,Eau de vie,,,7732,,51547,livres,0.15,sources/Local/Archives_de_la_CCI_de_Marseille_I_23_Marseille_Exports_1757.csv,Archives de la CCI de Marseille - I 23,8,,,,,Teklia-Jules Oudot-Guillaume Daudin,0,,-0.0499999999992724,,,,,,,,,
470,Local,1757,Marseille,,Italie,Exports,Encens,,,2402,,4803,livres,0.5,sources/Local/Archives_de_la_CCI_de_Marseille_I_23_Marseille_Exports_1757.csv,Archives de la CCI de Marseille - I 23,8,,,,,Teklia-Jules Oudot-Guillaume Daudin,0,,0.5,,,,,,,,,
471,Local,1757,Marseille,,Italie,Exports,épée d'argent,,,160,,2,en nombre,80,sources/Local/Archives_de_la_CCI_de_Marseille_I_23_Marseille_Exports_1757.csv,Archives de la CCI de Marseille - I 23,8,,,,,Teklia-Jules Oudot-Guillaume Daudin,0,,0,,,,,,,,,
472,Local,1757,Marseille,,Italie,Exports,Epicerie,,,1440,,144,livres,10,sources/Local/Archives_de_la_CCI_de_Marseille_I_23_Marseille_Exports_1757.csv,Archives de la CCI de Marseille - I 23,8,,,,,Teklia-Jules Oudot-Guillaume Daudin,0,,0,,,,,,,,,
473,Local,1757,Marseille,,Italie,Exports,Eponges,,,1197,,1197,livres,1,sources/Local/Archives_de_la_CCI_de_Marseille_I_23_Marseille_Exports_1757.csv,Archives de la CCI de Marseille - I 23,8,,,,,Teklia-Jules Oudot-Guillaume Daudin,0,,0,,,,,,,,,
474,Local,1757,Marseille,,Italie,Exports,Escayolles,,,86,,860,livres,0.1,sources/Local/Archives_de_la_CCI_de_Marseille_I_23_Marseille_Exports_1757.csv,Archives de la CCI de Marseille - I 23,8,,,,,Teklia-Jules Oudot-Guillaume Daudin,0,,0,,,,,,,,,
475,Local,1757,Marseille,,Italie,Exports,Esprit de Bourguemotte,,,16,,8,once,2,sources/Local/Archives_de_la_CCI_de_Marseille_I_23_Marseille_Exports_1757.csv,Archives de la CCI de Marseille - I 23,8,,,,,Teklia-Jules Oudot-Guillaume Daudin,0,,0,,,,,,,,,
476,Local,1757,Marseille,,Italie,Exports,Etoffe de soye,,,181960,,4549,livres,40,sources/Local/Archives_de_la_CCI_de_Marseille_I_23_Marseille_Exports_1757.csv,Archives de la CCI de Marseille - I 23,9,,,,,Teklia-Jules Oudot-Marie Engsi,0,,0,,,,,,,,,
477,Local,1757,Marseille,,Italie,Exports,Evantails,,,2400,,300,livres,8,sources/Local/Archives_de_la_CCI_de_Marseille_I_23_Marseille_Exports_1757.csv,Archives de la CCI de Marseille - I 23,9,,,,,Teklia-Jules Oudot-Marie Engsi,0,,0,,,,,,,,,
478,Local,1757,Marseille,,Italie,Exports,Farine,,,27060,,270600,livres,0.1,sources/Local/Archives_de_la_CCI_de_Marseille_I_23_Marseille_Exports_1757.csv,Archives de la CCI de Marseille - I 23,9,,,,,Teklia-Jules Oudot-Marie Engsi,0,,0,,,,,,,,,
479,Local,1757,Marseille,,Italie,Exports,Fayance,,,10143,,20290,livres,0.5,sources/Local/Archives_de_la_CCI_de_Marseille_I_23_Marseille_Exports_1757.csv,Archives de la CCI de Marseille - I 23,9,,,,,Teklia-Jules Oudot-Marie Engsi,0,,-2,,,,,,,,,
480,Local,1757,Marseille,,Italie,Exports,Fer en barres,,,5176,,34512,livres,0.15,sources/Local/Archives_de_la_CCI_de_Marseille_I_23_Marseille_Exports_1757.csv,Archives de la CCI de Marseille - I 23,9,,,,,Teklia-Jules Oudot-Marie Engsi,0,,-0.800000000000182,,,,,,,,,
481,Local,1757,Marseille,,Italie,Exports,Fer blanc,,,7560,,12600,livres,0.6,sources/Local/Archives_de_la_CCI_de_Marseille_I_23_Marseille_Exports_1757.csv,Archives de la CCI de Marseille - I 23,9,,,,,Teklia-Jules Oudot-Marie Engsi,0,,0,,,,,,,,,
482,Local,1757,Marseille,,Italie,Exports,Fer ouvré,,,3,,12,livres,0.25,sources/Local/Archives_de_la_CCI_de_Marseille_I_23_Marseille_Exports_1757.csv,Archives de la CCI de Marseille - I 23,9,,,,,Teklia-Jules Oudot-Marie Engsi,0,,0,,,,,,,,,
483,Local,1757,Marseille,,Italie,Exports,Fer vieux,,,4271,,61018,livres,0.07,sources/Local/Archives_de_la_CCI_de_Marseille_I_23_Marseille_Exports_1757.csv,Archives de la CCI de Marseille - I 23,9,,,,,Teklia-Jules Oudot-Marie Engsi,0,,-0.260000000000218,,,,,,,,,
484,Local,1757,Marseille,,Italie,Exports,Fer a repasser,,,270,,108,paires,2.5,sources/Local/Archives_de_la_CCI_de_Marseille_I_23_Marseille_Exports_1757.csv,Archives de la CCI de Marseille - I 23,9,,,,,Teklia-Jules Oudot-Marie Engsi,0,,0,,,,,,,,,
485,Local,1757,Marseille,,Italie,Exports,Feves,,,16836,,1403,charges,12,sources/Local/Archives_de_la_CCI_de_Marseille_I_23_Marseille_Exports_1757.csv,Archives de la CCI de Marseille - I 23,9,,,,,Teklia-Jules Oudot-Marie Engsi,0,,0,,,,,,,,,
486,Local,1757,Marseille,,Italie,Exports,Figues,,,711,,7112,livres,0.1,sources/Local/Archives_de_la_CCI_de_Marseille_I_23_Marseille_Exports_1757.csv,Archives de la CCI de Marseille - I 23,9,,,,,Teklia-Jules Oudot-Marie Engsi,0,,-0.200000000000045,,,,,,,,,
487,Local,1757,Marseille,,Italie,Exports,Fil de chevre,,,7401,,2467,livres,3,sources/Local/Archives_de_la_CCI_de_Marseille_I_23_Marseille_Exports_1757.csv,Archives de la CCI de Marseille - I 23,9,,,,,Teklia-Jules Oudot-Marie Engsi,0,,0,,,,,,,,,
488,Local,1757,Marseille,,Italie,Exports,Fil a coudre,,,2800,,1400,livres,2,sources/Local/Archives_de_la_CCI_de_Marseille_I_23_Marseille_Exports_1757.csv,Archives de la CCI de Marseille - I 23,9,,,,,Teklia-Jules Oudot-Marie Engsi,0,,0,,,,,,,,,
489,Local,1757,Marseille,,Italie,Exports,Filozelle,,,500,,100,livres,5,sources/Local/Archives_de_la_CCI_de_Marseille_I_23_Marseille_Exports_1757.csv,Archives de la CCI de Marseille - I 23,9,,,,,Teklia-Jules Oudot-Marie Engsi,0,,0,,,,,,,,,
490,Local,1757,Marseille,,Italie,Exports,Fleur d'aspic,,,108,,3600,livres,0.03,sources/Local/Archives_de_la_CCI_de_Marseille_I_23_Marseille_Exports_1757.csv,Archives de la CCI de Marseille - I 23,9,,,,,Teklia-Jules Oudot-Marie Engsi,0,,0,,,,,,,,,
491,Local,1757,Marseille,,Italie,Exports,Fleur de souffre,,,80,,400,livres,0.2,sources/Local/Archives_de_la_CCI_de_Marseille_I_23_Marseille_Exports_1757.csv,Archives de la CCI de Marseille - I 23,9,,,,,Teklia-Jules Oudot-Marie Engsi,0,,0,,,,,,,,,
492,Local,1757,Marseille,,Italie,Exports,Fleur de violette,,,340,,340,livres,1,sources/Local/Archives_de_la_CCI_de_Marseille_I_23_Marseille_Exports_1757.csv,Archives de la CCI de Marseille - I 23,9,,,,,Teklia-Jules Oudot-Marie Engsi,0,,0,,,,,,,,,
493,Local,1757,Marseille,,Italie,Exports,Fromage,,,16813,,56046,livres,0.3,sources/Local/Archives_de_la_CCI_de_Marseille_I_23_Marseille_Exports_1757.csv,Archives de la CCI de Marseille - I 23,9,,,,,Teklia-Jules Oudot-Marie Engsi,0,,-0.799999999999272,,,,,,,,,
494,Local,1757,Marseille,,Italie,Exports,Fusils de chasse,,,120,,4,en nombre,30,sources/Local/Archives_de_la_CCI_de_Marseille_I_23_Marseille_Exports_1757.csv,Archives de la CCI de Marseille - I 23,9,,,,,Teklia-Jules Oudot-Marie Engsi,0,,0,,,,,,,,,
495,Local,1757,Marseille,,Italie,Exports,Galles,,,22797,,45594,livres,0.5,sources/Local/Archives_de_la_CCI_de_Marseille_I_23_Marseille_Exports_1757.csv,Archives de la CCI de Marseille - I 23,9,,,,,Teklia-Jules Oudot-Marie Engsi,0,,0,,,,,,,,,
496,Local,1757,Marseille,,Italie,Exports,Gaudron,,,930,,6200,livres,0.15,sources/Local/Archives_de_la_CCI_de_Marseille_I_23_Marseille_Exports_1757.csv,Archives de la CCI de Marseille - I 23,9,,,,,Teklia-Jules Oudot-Marie Engsi,0,,0,,,,,,,,,
497,Local,1757,Marseille,,Italie,Exports,Geroffle,,,49248,,3078,livres,16,sources/Local/Archives_de_la_CCI_de_Marseille_I_23_Marseille_Exports_1757.csv,Archives de la CCI de Marseille - I 23,9,,,,,Teklia-Jules Oudot-Marie Engsi,0,,0,,,,,,,,,
498,Local,1757,Marseille,,Italie,Exports,Gingembre,,,15598,,38996,livres,0.4,sources/Local/Archives_de_la_CCI_de_Marseille_I_23_Marseille_Exports_1757.csv,Archives de la CCI de Marseille - I 23,9,,,,,Teklia-Jules Oudot-Marie Engsi,0,,-0.400000000001455,,,,,,,,,
499,Local,1757,Marseille,,Italie,Exports,Glüe,,,295,,295,livres,1,sources/Local/Archives_de_la_CCI_de_Marseille_I_23_Marseille_Exports_1757.csv,Archives de la CCI de Marseille - I 23,9,,,,,Teklia-Jules Oudot-Marie Engsi,0,,0,,,,,,,,,
500,Local,1757,Marseille,,Italie,Exports,Grabeau de cire,,,2300,,4600,livres,0.5,sources/Local/Archives_de_la_CCI_de_Marseille_I_23_Marseille_Exports_1757.csv,Archives de la CCI de Marseille - I 23,9,,,,,Teklia-Jules Oudot-Marie Engsi,0,,0,,,,,,,,,
501,Local,1757,Marseille,,Italie,Exports,Grabeau d'indigo,,,1200,,300,livres,4,sources/Local/Archives_de_la_CCI_de_Marseille_I_23_Marseille_Exports_1757.csv,Archives de la CCI de Marseille - I 23,9,,,,,Teklia-Jules Oudot-Marie Engsi,0,,0,,,,,,,,,
502,Local,1757,Marseille,,Italie,Exports,Grabeau de sel armoniac,,,2715,,5430,livres,0.5,sources/Local/Archives_de_la_CCI_de_Marseille_I_23_Marseille_Exports_1757.csv,Archives de la CCI de Marseille - I 23,9,,,,,Teklia-Jules Oudot-Marie Engsi,0,,0,,,,,,,,,
503,Local,1757,Marseille,,Italie,Exports,Graine d'avignon,,,250,,1000,livres,0.25,sources/Local/Archives_de_la_CCI_de_Marseille_I_23_Marseille_Exports_1757.csv,Archives de la CCI de Marseille - I 23,9,,,,,Teklia-Jules Oudot-Marie Engsi,0,,0,,,,,,,,,
504,Local,1757,Marseille,,Italie,Exports,Graine de jardin,,,2024,,1557,livres,1.3,sources/Local/Archives_de_la_CCI_de_Marseille_I_23_Marseille_Exports_1757.csv,Archives de la CCI de Marseille - I 23,9,,,,,Teklia-Jules Oudot-Marie Engsi,0,,-0.100000000000136,,,,,,,,,
505,Local,1757,Marseille,,Italie,Exports,Graine de millet,,,30,,600,livres,0.05,sources/Local/Archives_de_la_CCI_de_Marseille_I_23_Marseille_Exports_1757.csv,Archives de la CCI de Marseille - I 23,9,,,,,Teklia-Jules Oudot-Marie Engsi,0,,0,,,,,,,,,
506,Local,1757,Marseille,,Italie,Exports,Graine de moutarde,,,424,,2120,livres,0.2,sources/Local/Archives_de_la_CCI_de_Marseille_I_23_Marseille_Exports_1757.csv,Archives de la CCI de Marseille - I 23,9,,,,,Teklia-Jules Oudot-Marie Engsi,0,,0,,,,,,,,,
507,Local,1757,Marseille,,Italie,Exports,Harangs fumés,,,27339,,455660,livres,0.06,sources/Local/Archives_de_la_CCI_de_Marseille_I_23_Marseille_Exports_1757.csv,Archives de la CCI de Marseille - I 23,9,,,,,Teklia-Jules Oudot-Marie Engsi,0,,-0.599999999998545,,,,,,,,,
508,Local,1757,Marseille,,Italie,Exports,Harangs fumés,,,34920,,1455,barriles,24,sources/Local/Archives_de_la_CCI_de_Marseille_I_23_Marseille_Exports_1757.csv,Archives de la CCI de Marseille - I 23,9,,,,,Teklia-Jules Oudot-Marie Engsi,0,,0,,,,,,,,,
509,Local,1757,Marseille,,Italie,Exports,Herbes perelles,,,1362,,3406,livres,0.4,sources/Local/Archives_de_la_CCI_de_Marseille_I_23_Marseille_Exports_1757.csv,Archives de la CCI de Marseille - I 23,9,,,,,Teklia-Jules Oudot-Marie Engsi,0,,-0.400000000000091,,,,,,,,,
510,Local,1757,Marseille,,Italie,Exports,Huile d'olive,,,29526,,73817,livres,0.4,sources/Local/Archives_de_la_CCI_de_Marseille_I_23_Marseille_Exports_1757.csv,Archives de la CCI de Marseille - I 23,9,,,,,Teklia-Jules Oudot-Marie Engsi,0,,-0.80000000000291,,,,,,,,,
511,Local,1757,Marseille,,Italie,Exports,Huile de vitriol,,,2941,,1961,livres,1.5,sources/Local/Archives_de_la_CCI_de_Marseille_I_23_Marseille_Exports_1757.csv,Archives de la CCI de Marseille - I 23,9,,,,,Teklia-Jules Oudot-Marie Engsi,0,,-0.5,,,,,,,,,
512,Local,1757,Marseille,,Italie,Exports,Jais,,,130,,520,livres,0.25,sources/Local/Archives_de_la_CCI_de_Marseille_I_23_Marseille_Exports_1757.csv,Archives de la CCI de Marseille - I 23,9,,,,,Teklia-Jules Oudot-Marie Engsi,0,,0,,,,,,,,,
513,Local,1757,Marseille,,Italie,Exports,Jalap,,,6250,,2500,livres,2.5,sources/Local/Archives_de_la_CCI_de_Marseille_I_23_Marseille_Exports_1757.csv,Archives de la CCI de Marseille - I 23,9,,,,,Teklia-Jules Oudot-Marie Engsi,0,,0,,,,,,,,,
514,Local,1757,Marseille,,Italie,Exports,Jambons,,,548,,1097,livres,0.5,sources/Local/Archives_de_la_CCI_de_Marseille_I_23_Marseille_Exports_1757.csv,Archives de la CCI de Marseille - I 23,9,,,,,Teklia-Jules Oudot-Marie Engsi,0,,-0.5,,,,,,,,,
515,Local,1757,Marseille,,Italie,Exports,Jarres,,,7500,,2500,barriles,3,sources/Local/Archives_de_la_CCI_de_Marseille_I_23_Marseille_Exports_1757.csv,Archives de la CCI de Marseille - I 23,9,,,,,Teklia-Jules Oudot-Marie Engsi,0,,0,,,,,,,,,
516,Local,1757,Marseille,,Italie,Exports,Jarres,,,168,,28,en nombre,6,sources/Local/Archives_de_la_CCI_de_Marseille_I_23_Marseille_Exports_1757.csv,Archives de la CCI de Marseille - I 23,9,,,,,Teklia-Jules Oudot-Marie Engsi,0,,0,,,,,,,,,
517,Local,1757,Marseille,,Italie,Exports,Indienne,,,138732,,11561,paires,12,sources/Local/Archives_de_la_CCI_de_Marseille_I_23_Marseille_Exports_1757.csv,Archives de la CCI de Marseille - I 23,9,,,,,Teklia-Jules Oudot-Marie Engsi,0,,0,,,,,,,,,
518,Local,1757,Marseille,,Italie,Exports,Indigo,,,204858,,34143,livres,6,sources/Local/Archives_de_la_CCI_de_Marseille_I_23_Marseille_Exports_1757.csv,Archives de la CCI de Marseille - I 23,9,,,,,Teklia-Jules Oudot-Marie Engsi,0,,0,,,,,,,,,
519,Local,1757,Marseille,,Italie,Exports,Jus de reglisse,,,77,,222,livres,0.35,sources/Local/Archives_de_la_CCI_de_Marseille_I_23_Marseille_Exports_1757.csv,Archives de la CCI de Marseille - I 23,9,,,,,Teklia-Jules Oudot-Marie Engsi,0,,-0.699999999999989,,,,,,,,,
520,Local,1757,Marseille,,Italie,Exports,Laine de chevron,,,4938,,1646,livres,3,sources/Local/Archives_de_la_CCI_de_Marseille_I_23_Marseille_Exports_1757.csv,Archives de la CCI de Marseille - I 23,9,,,,,Teklia-Jules Oudot-Marie Engsi,0,,0,,,,,,,,,
521,Local,1757,Marseille,,Italie,Exports,Laine lavée,,,13077,,8718,livres,1.5,sources/Local/Archives_de_la_CCI_de_Marseille_I_23_Marseille_Exports_1757.csv,Archives de la CCI de Marseille - I 23,9,,,,,Teklia-Jules Oudot-Marie Engsi,0,,0,,,,,,,,,
522,Local,1757,Marseille,,Italie,Exports,Laine de Ségovie,,,25158,,12579,livres,2,sources/Local/Archives_de_la_CCI_de_Marseille_I_23_Marseille_Exports_1757.csv,Archives de la CCI de Marseille - I 23,9,,,,,Teklia-Jules Oudot-Marie Engsi,0,,0,,,,,,,,,
523,Local,1757,Marseille,,Italie,Exports,Laine surge,,,7637,,19094,livres,0.4,sources/Local/Archives_de_la_CCI_de_Marseille_I_23_Marseille_Exports_1757.csv,Archives de la CCI de Marseille - I 23,9,,,,,Teklia-Jules Oudot-Marie Engsi,0,,-0.600000000000364,,,,,,,,,
524,Local,1757,Marseille,,Italie,Exports,Lard,,,141,,470,livres,0.3,sources/Local/Archives_de_la_CCI_de_Marseille_I_23_Marseille_Exports_1757.csv,Archives de la CCI de Marseille - I 23,9,,,,,Teklia-Jules Oudot-Marie Engsi,0,,0,,,,,,,,,
525,Local,1757,Marseille,,Italie,Exports,Legumes,,,16009,,106729,livres,0.15,sources/Local/Archives_de_la_CCI_de_Marseille_I_23_Marseille_Exports_1757.csv,Archives de la CCI de Marseille - I 23,9,,,,,Teklia-Jules Oudot-Marie Engsi,0,,-0.349999999998545,,,,,,,,,
526,Local,1757,Marseille,,Italie,Exports,Librairie,,,60460,,30230,livres,2,sources/Local/Archives_de_la_CCI_de_Marseille_I_23_Marseille_Exports_1757.csv,Archives de la CCI de Marseille - I 23,9,,,,,Teklia-Jules Oudot-Marie Engsi,0,,0,,,,,,,,,
527,Local,1757,Marseille,,Italie,Exports,Liege,,,1095,,7300,livres,0.15,sources/Local/Archives_de_la_CCI_de_Marseille_I_23_Marseille_Exports_1757.csv,Archives de la CCI de Marseille - I 23,9,,,,,Teklia-Jules Oudot-Marie Engsi,0,,0,,,,,,,,,
528,Local,1757,Marseille,,Italie,Exports,Lin peigné,,,9022,,12030,livres,0.75,sources/Local/Archives_de_la_CCI_de_Marseille_I_23_Marseille_Exports_1757.csv,Archives de la CCI de Marseille - I 23,9,,,,,Teklia-Jules Oudot-Marie Engsi,0,,-0.5,,,,,,,,,
529,Local,1757,Marseille,,Italie,Exports,Liqueur,,,16057,,21410,livres,0.75,sources/Local/Archives_de_la_CCI_de_Marseille_I_23_Marseille_Exports_1757.csv,Archives de la CCI de Marseille - I 23,9,,,,,Teklia-Jules Oudot-Marie Engsi,0,,-0.5,,,,,,,,,
530,Local,1757,Marseille,,Italie,Exports,Liturge,,,16,,93,livres,0.18,sources/Local/Archives_de_la_CCI_de_Marseille_I_23_Marseille_Exports_1757.csv,Archives de la CCI de Marseille - I 23,9,,,,,Teklia-Jules Oudot-Marie Engsi,0,,-0.739999999999998,,,,,,,,,
531,Local,1757,Marseille,,Italie,Exports,Malle de poste,,,40,,2,nombre,20,sources/Local/Archives_de_la_CCI_de_Marseille_I_23_Marseille_Exports_1757.csv,Archives de la CCI de Marseille - I 23,9,,,,,Teklia-Jules Oudot-Marie Engsi,0,,0,,,,,,,,,
532,Local,1757,Marseille,,Italie,Exports,Mane,,,598,,479,livres,1.25,sources/Local/Archives_de_la_CCI_de_Marseille_I_23_Marseille_Exports_1757.csv,Archives de la CCI de Marseille - I 23,9,,,,,Teklia-Jules Oudot-Marie Engsi,0,,-0.75,,,,,,,,,
533,Local,1757,Marseille,,Italie,Exports,Marbre,,,510,,51,pierres,10,sources/Local/Archives_de_la_CCI_de_Marseille_I_23_Marseille_Exports_1757.csv,Archives de la CCI de Marseille - I 23,9,,,,,Teklia-Jules Oudot-Marie Engsi,0,,0,,,,,,,,,
534,Local,1757,Marseille,,Italie,Exports,Matelats,,,100,,5,en nombre,20,sources/Local/Archives_de_la_CCI_de_Marseille_I_23_Marseille_Exports_1757.csv,Archives de la CCI de Marseille - I 23,9,,,,,Teklia-Jules Oudot-Marie Engsi,0,,0,,,,,,,,,
535,Local,1757,Marseille,,Italie,Exports,Mercerie dorure,,,300,,3,livres,100,sources/Local/Archives_de_la_CCI_de_Marseille_I_23_Marseille_Exports_1757.csv,Archives de la CCI de Marseille - I 23,9,,,,,Teklia-Jules Oudot-Marie Engsi,0,,0,,,,,,,,,
536,Local,1757,Marseille,,Italie,Exports,Mercerie fine,,,210,,3,livres,70,sources/Local/Archives_de_la_CCI_de_Marseille_I_23_Marseille_Exports_1757.csv,Archives de la CCI de Marseille - I 23,9,,,,,Teklia-Jules Oudot-Marie Engsi,0,,0,,,,,,,,,
537,Local,1757,Marseille,,Italie,Exports,Mercerie ordinaire,,,180288,,51511,livres,3.5,sources/Local/Archives_de_la_CCI_de_Marseille_I_23_Marseille_Exports_1757.csv,Archives de la CCI de Marseille - I 23,9,,,,,Teklia-Jules Oudot-Marie Engsi,0,,-0.5,,,,,,,,,
538,Local,1757,Marseille,,Italie,Exports,Miel,,,2790,,18601,livres,0.15,sources/Local/Archives_de_la_CCI_de_Marseille_I_23_Marseille_Exports_1757.csv,Archives de la CCI de Marseille - I 23,9,,,,,Teklia-Jules Oudot-Marie Engsi,0,,-0.150000000000091,,,,,,,,,
539,Local,1757,Marseille,,Italie,Exports,Miroir,,,30000,,1500,livres,20,sources/Local/Archives_de_la_CCI_de_Marseille_I_23_Marseille_Exports_1757.csv,Archives de la CCI de Marseille - I 23,9,,,,,Teklia-Jules Oudot-Marie Engsi,0,,0,,,,,,,,,
540,Local,1757,Marseille,,Italie,Exports,Morüe seche,,,21258,,141724,livres,0.15,sources/Local/Archives_de_la_CCI_de_Marseille_I_23_Marseille_Exports_1757.csv,Archives de la CCI de Marseille - I 23,9,,,,,Teklia-Jules Oudot-Marie Engsi,0,,-0.599999999998545,,,,,,,,,
541,Local,1757,Marseille,,Italie,Exports,Mouchoirs de coton,,,5152,,644,paires,8,sources/Local/Archives_de_la_CCI_de_Marseille_I_23_Marseille_Exports_1757.csv,Archives de la CCI de Marseille - I 23,9,,,,,Teklia-Jules Oudot-Marie Engsi,0,,0,,,,,,,,,
542,Local,1757,Marseille,,Italie,Exports,Mouchoirs de fil et coton,,,2000,,200,paires,10,sources/Local/Archives_de_la_CCI_de_Marseille_I_23_Marseille_Exports_1757.csv,Archives de la CCI de Marseille - I 23,9,,,,,Teklia-Jules Oudot-Marie Engsi,0,,0,,,,,,,,,
543,Local,1757,Marseille,,Italie,Exports,Mouchoirs d'indienne,,,414,,23,paires,18,sources/Local/Archives_de_la_CCI_de_Marseille_I_23_Marseille_Exports_1757.csv,Archives de la CCI de Marseille - I 23,9,,,,,Teklia-Jules Oudot-Marie Engsi,0,,0,,,,,,,,,
544,Local,1757,Marseille,,Italie,Exports,Mouchoirs de soye,,,2100,,75,douzaine,28,sources/Local/Archives_de_la_CCI_de_Marseille_I_23_Marseille_Exports_1757.csv,Archives de la CCI de Marseille - I 23,10,,,,,Teklia-Jules Oudot-Marie Engsi,0,,0,,,,,,,,,
545,Local,1757,Marseille,,Italie,Exports,Mousseline,,,19320,,276,paires,70,sources/Local/Archives_de_la_CCI_de_Marseille_I_23_Marseille_Exports_1757.csv,Archives de la CCI de Marseille - I 23,10,,,,,Teklia-Jules Oudot-Marie Engsi,0,,0,,,,,,,,,
546,Local,1757,Marseille,,Italie,Exports,Muscades,,,375,,50,livres,7.5,sources/Local/Archives_de_la_CCI_de_Marseille_I_23_Marseille_Exports_1757.csv,Archives de la CCI de Marseille - I 23,10,,,,,Teklia-Jules Oudot-Marie Engsi,0,,0,,,,,,,,,
547,Local,1757,Marseille,,Italie,Exports,Nattes,,,633,,844,en nombre,0.75,sources/Local/Archives_de_la_CCI_de_Marseille_I_23_Marseille_Exports_1757.csv,Archives de la CCI de Marseille - I 23,10,,,,,Teklia-Jules Oudot-Marie Engsi,0,,0,,,,,,,,,
548,Local,1757,Marseille,,Italie,Exports,œufs,,,22,,53.66666,douzaine,0.4,sources/Local/Archives_de_la_CCI_de_Marseille_I_23_Marseille_Exports_1757.csv,Archives de la CCI de Marseille - I 23,10,,,,,Teklia-Jules Oudot-Marie Engsi,0,,0.533335999999999,,,,,,,,,
549,Local,1757,Marseille,,Italie,Exports,Olives,,,327,,2180,livres,0.15,sources/Local/Archives_de_la_CCI_de_Marseille_I_23_Marseille_Exports_1757.csv,Archives de la CCI de Marseille - I 23,10,,,,,Teklia-Jules Oudot-Marie Engsi,0,,0,,,,,,,,,
550,Local,1757,Marseille,,Italie,Exports,Orange,,,55,,1100,livres,0.05,sources/Local/Archives_de_la_CCI_de_Marseille_I_23_Marseille_Exports_1757.csv,Archives de la CCI de Marseille - I 23,10,,,,,Teklia-Jules Oudot-Marie Engsi,0,,0,,,,,,,,,
551,Local,1757,Marseille,,Italie,Exports,Orges,,,6684,,557,charges,12,sources/Local/Archives_de_la_CCI_de_Marseille_I_23_Marseille_Exports_1757.csv,Archives de la CCI de Marseille - I 23,10,,,,,Teklia-Jules Oudot-Marie Engsi,0,,0,,,,,,,,,
552,Local,1757,Marseille,,Italie,Exports,Orpiment,,,343,,1150,livres,0.3,sources/Local/Archives_de_la_CCI_de_Marseille_I_23_Marseille_Exports_1757.csv,Archives de la CCI de Marseille - I 23,10,,,,,Teklia-Jules Oudot-Marie Engsi,0,,-2,,,,,,,,,
553,Local,1757,Marseille,,Italie,Exports,Paille,,,8,,800,livres,0.01,sources/Local/Archives_de_la_CCI_de_Marseille_I_23_Marseille_Exports_1757.csv,Archives de la CCI de Marseille - I 23,10,,,,,Teklia-Jules Oudot-Marie Engsi,0,,0,,,,,,,,,
554,Local,1757,Marseille,,Italie,Exports,Palmes en feuilles,,,1000,,4000,livres,0.25,sources/Local/Archives_de_la_CCI_de_Marseille_I_23_Marseille_Exports_1757.csv,Archives de la CCI de Marseille - I 23,10,,,,,Teklia-Jules Oudot-Marie Engsi,0,,0,,,,,,,,,
555,Local,1757,Marseille,,Italie,Exports,Paniers,,,6400,,640,livres,10,sources/Local/Archives_de_la_CCI_de_Marseille_I_23_Marseille_Exports_1757.csv,Archives de la CCI de Marseille - I 23,10,,,,,Teklia-Jules Oudot-Marie Engsi,0,,0,,,,,,,,,
556,Local,1757,Marseille,,Italie,Exports,Papier blanc,,,12552,,2092,??,6,sources/Local/Archives_de_la_CCI_de_Marseille_I_23_Marseille_Exports_1757.csv,Archives de la CCI de Marseille - I 23,10,,,,,Teklia-Jules Oudot-Marie Engsi,0,,0,,,,,,,,,
557,Local,1757,Marseille,,Italie,Exports,Parchemin,,,66,,11,??,6,sources/Local/Archives_de_la_CCI_de_Marseille_I_23_Marseille_Exports_1757.csv,Archives de la CCI de Marseille - I 23,10,,,,,Teklia-Jules Oudot-Marie Engsi,0,,0,,,,,,,,,
558,Local,1757,Marseille,,Italie,Exports,Parchemin,,,1470,,490,livres,3,sources/Local/Archives_de_la_CCI_de_Marseille_I_23_Marseille_Exports_1757.csv,Archives de la CCI de Marseille - I 23,10,,,,,Teklia-Jules Oudot-Marie Engsi,0,,0,,,,,,,,,
559,Local,1757,Marseille,,Italie,Exports,Peaux de chamois,,,240,,60,en nombres,4,sources/Local/Archives_de_la_CCI_de_Marseille_I_23_Marseille_Exports_1757.csv,Archives de la CCI de Marseille - I 23,10,,,,,Teklia-Jules Oudot-Marie Engsi,0,,0,,,,,,,,,
560,Local,1757,Marseille,,Italie,Exports,Peaux de chamois,,,5385,,4308,livres,1.25,sources/Local/Archives_de_la_CCI_de_Marseille_I_23_Marseille_Exports_1757.csv,Archives de la CCI de Marseille - I 23,10,,,,,Teklia-Jules Oudot-Marie Engsi,0,,0,,,,,,,,,
561,Local,1757,Marseille,,Italie,Exports,Peaux de chevre aprestées,,,60,,2.5,douzaine,24,sources/Local/Archives_de_la_CCI_de_Marseille_I_23_Marseille_Exports_1757.csv,Archives de la CCI de Marseille - I 23,10,,,,,Teklia-Jules Oudot-Marie Engsi,0,,0,,,,,,,,,
562,Local,1757,Marseille,,Italie,Exports,Peaux de marroquin,,,300,,7.5,douzaine,40,sources/Local/Archives_de_la_CCI_de_Marseille_I_23_Marseille_Exports_1757.csv,Archives de la CCI de Marseille - I 23,10,,,,,Teklia-Jules Oudot-Marie Engsi,0,,0,,,,,,,,,
563,Local,1757,Marseille,,Italie,Exports,Peaux de marroquin,,,2377,,1585,livres,1.5,sources/Local/Archives_de_la_CCI_de_Marseille_I_23_Marseille_Exports_1757.csv,Archives de la CCI de Marseille - I 23,10,,,,,Teklia-Jules Oudot-Marie Engsi,0,,-0.5,,,,,,,,,
564,Local,1757,Marseille,,Italie,Exports,Peaux de mouton aprestées,,,300,,25,douzaine,12,sources/Local/Archives_de_la_CCI_de_Marseille_I_23_Marseille_Exports_1757.csv,Archives de la CCI de Marseille - I 23,10,,,,,Teklia-Jules Oudot-Marie Engsi,0,,0,,,,,,,,,
565,Local,1757,Marseille,,Italie,Exports,Peaux de mouton aprestées,,,3145,,3145,livres,1,sources/Local/Archives_de_la_CCI_de_Marseille_I_23_Marseille_Exports_1757.csv,Archives de la CCI de Marseille - I 23,10,,,,,Teklia-Jules Oudot-Marie Engsi,0,,0,,,,,,,,,
566,Local,1757,Marseille,,Italie,Exports,Peaux de veau tannées,,,774,,21.5,douzaine,36,sources/Local/Archives_de_la_CCI_de_Marseille_I_23_Marseille_Exports_1757.csv,Archives de la CCI de Marseille - I 23,10,,,,,Teklia-Jules Oudot-Marie Engsi,0,,0,,,,,,,,,
567,Local,1757,Marseille,,Italie,Exports,Peaux de veau tannées,,,25920,,20736,livres,1.25,sources/Local/Archives_de_la_CCI_de_Marseille_I_23_Marseille_Exports_1757.csv,Archives de la CCI de Marseille - I 23,10,,,,,Teklia-Jules Oudot-Marie Engsi,0,,0,,,,,,,,,
568,Local,1757,Marseille,,Italie,Exports,Peignes de buis,,,3798,,2532,livres,1.5,sources/Local/Archives_de_la_CCI_de_Marseille_I_23_Marseille_Exports_1757.csv,Archives de la CCI de Marseille - I 23,10,,,,,Teklia-Jules Oudot-Marie Engsi,0,,0,,,,,,,,,
569,Local,1757,Marseille,,Italie,Exports,Pelleterie aprestée,,,1000,,400,livres,2.5,sources/Local/Archives_de_la_CCI_de_Marseille_I_23_Marseille_Exports_1757.csv,Archives de la CCI de Marseille - I 23,10,,,,,Teklia-Jules Oudot-Marie Engsi,0,,0,,,,,,,,,
570,Local,1757,Marseille,,Italie,Exports,Pierres a eguiser,,,6982,,3491,en nombre,2,sources/Local/Archives_de_la_CCI_de_Marseille_I_23_Marseille_Exports_1757.csv,Archives de la CCI de Marseille - I 23,10,,,,,Teklia-Jules Oudot-Marie Engsi,0,,0,,,,,,,,,
571,Local,1757,Marseille,,Italie,Exports,Pierres d'emery,,,1400,,2800,livres,0.5,sources/Local/Archives_de_la_CCI_de_Marseille_I_23_Marseille_Exports_1757.csv,Archives de la CCI de Marseille - I 23,10,,,,,Teklia-Jules Oudot-Marie Engsi,0,,0,,,,,,,,,
572,Local,1757,Marseille,,Italie,Exports,Pierres a fusils,,,800,,4000,livres,0.2,sources/Local/Archives_de_la_CCI_de_Marseille_I_23_Marseille_Exports_1757.csv,Archives de la CCI de Marseille - I 23,10,,,,,Teklia-Jules Oudot-Marie Engsi,0,,0,,,,,,,,,
573,Local,1757,Marseille,,Italie,Exports,Pierre de malte,,,60,,100,en nombres,0.6,sources/Local/Archives_de_la_CCI_de_Marseille_I_23_Marseille_Exports_1757.csv,Archives de la CCI de Marseille - I 23,10,,,,,Teklia-Jules Oudot-Marie Engsi,0,,0,,,,,,,,,
574,Local,1757,Marseille,,Italie,Exports,Pierres ponce,,,236,,4720,livres,0.05,sources/Local/Archives_de_la_CCI_de_Marseille_I_23_Marseille_Exports_1757.csv,Archives de la CCI de Marseille - I 23,10,,,,,Teklia-Jules Oudot-Marie Engsi,0,,0,,,,,,,,,
575,Local,1757,Marseille,,Italie,Exports,Pipes a fumer,,,3,,1,grosses,3,sources/Local/Archives_de_la_CCI_de_Marseille_I_23_Marseille_Exports_1757.csv,Archives de la CCI de Marseille - I 23,10,,,,,Teklia-Jules Oudot-Marie Engsi,0,,0,,,,,,,,,
576,Local,1757,Marseille,,Italie,Exports,Pistache,,,3892,,3892,livres,1,sources/Local/Archives_de_la_CCI_de_Marseille_I_23_Marseille_Exports_1757.csv,Archives de la CCI de Marseille - I 23,10,,,,,Teklia-Jules Oudot-Marie Engsi,0,,0,,,,,,,,,
577,Local,1757,Marseille,,Italie,Exports,Planche de sapin,,,45,,5,douzaine,9,sources/Local/Archives_de_la_CCI_de_Marseille_I_23_Marseille_Exports_1757.csv,Archives de la CCI de Marseille - I 23,10,,,,,Teklia-Jules Oudot-Marie Engsi,0,,0,,,,,,,,,
578,Local,1757,Marseille,,Italie,Exports,Plomb en grenaille,,,2741,,10967,livres,0.25,sources/Local/Archives_de_la_CCI_de_Marseille_I_23_Marseille_Exports_1757.csv,Archives de la CCI de Marseille - I 23,10,,,,,Teklia-Jules Oudot-Marie Engsi,0,,-0.75,,,,,,,,,
579,Local,1757,Marseille,,Italie,Exports,Plomb en saumon,,,9528,,47640,livres,0.2,sources/Local/Archives_de_la_CCI_de_Marseille_I_23_Marseille_Exports_1757.csv,Archives de la CCI de Marseille - I 23,10,,,,,Teklia-Jules Oudot-Marie Engsi,0,,0,,,,,,,,,
580,Local,1757,Marseille,,Italie,Exports,Plume d'autruche apprétés,,,32400,,405,livres,80,sources/Local/Archives_de_la_CCI_de_Marseille_I_23_Marseille_Exports_1757.csv,Archives de la CCI de Marseille - I 23,10,,,,,Teklia-Jules Oudot-Marie Engsi,0,,0,,,,,,,,,
581,Local,1757,Marseille,,Italie,Exports,Poil de lapin,,,1250,,125,livres,10,sources/Local/Archives_de_la_CCI_de_Marseille_I_23_Marseille_Exports_1757.csv,Archives de la CCI de Marseille - I 23,10,,,,,Teklia-Jules Oudot-Marie Engsi,0,,0,,,,,,,,,
582,Local,1757,Marseille,,Italie,Exports,Poisson frit,,,600,,60,barriles,10,sources/Local/Archives_de_la_CCI_de_Marseille_I_23_Marseille_Exports_1757.csv,Archives de la CCI de Marseille - I 23,10,,,,,Teklia-Jules Oudot-Marie Engsi,0,,0,,,,,,,,,
583,Local,1757,Marseille,,Italie,Exports,Poisson salé,,,140,,560,livres,0.25,sources/Local/Archives_de_la_CCI_de_Marseille_I_23_Marseille_Exports_1757.csv,Archives de la CCI de Marseille - I 23,10,,,,,Teklia-Jules Oudot-Marie Engsi,0,,0,,,,,,,,,
584,Local,1757,Marseille,,Italie,Exports,Poivre,,,8883,,8076,livres,1.1,sources/Local/Archives_de_la_CCI_de_Marseille_I_23_Marseille_Exports_1757.csv,Archives de la CCI de Marseille - I 23,10,,,,,Teklia-Jules Oudot-Marie Engsi,0,,-0.600000000000364,,,,,,,,,
585,Local,1757,Marseille,,Italie,Exports,Poivre gerofllé,,,226,,226,livres,1,sources/Local/Archives_de_la_CCI_de_Marseille_I_23_Marseille_Exports_1757.csv,Archives de la CCI de Marseille - I 23,10,,,,,Teklia-Jules Oudot-Marie Engsi,0,,0,,,,,,,,,
586,Local,1757,Marseille,,Italie,Exports,Poix raisine,,,1512,,16800,livres,0.09,sources/Local/Archives_de_la_CCI_de_Marseille_I_23_Marseille_Exports_1757.csv,Archives de la CCI de Marseille - I 23,10,,,,,Teklia-Jules Oudot-Marie Engsi,0,,0,,,,,,,,,
587,Local,1757,Marseille,,Italie,Exports,Pommade,,,354,,236,livres,1.5,sources/Local/Archives_de_la_CCI_de_Marseille_I_23_Marseille_Exports_1757.csv,Archives de la CCI de Marseille - I 23,10,,,,,Teklia-Jules Oudot-Marie Engsi,0,,0,,,,,,,,,
588,Local,1757,Marseille,,Italie,Exports,Pommes,,,15,,1,charges,15,sources/Local/Archives_de_la_CCI_de_Marseille_I_23_Marseille_Exports_1757.csv,Archives de la CCI de Marseille - I 23,10,,,,,Teklia-Jules Oudot-Marie Engsi,0,,0,,,,,,,,,
589,Local,1757,Marseille,,Italie,Exports,Pommes,,,10,,100,livres,0.1,sources/Local/Archives_de_la_CCI_de_Marseille_I_23_Marseille_Exports_1757.csv,Archives de la CCI de Marseille - I 23,10,,,,,Teklia-Jules Oudot-Marie Engsi,0,,0,,,,,,,,,
590,Local,1757,Marseille,,Italie,Exports,Porcelaine,,,1000,,200,livres,5,sources/Local/Archives_de_la_CCI_de_Marseille_I_23_Marseille_Exports_1757.csv,Archives de la CCI de Marseille - I 23,10,,,,,Teklia-Jules Oudot-Marie Engsi,0,,0,,,,,,,,,
591,Local,1757,Marseille,,Italie,Exports,Poudre a poudrer,,,194,,970,livres,0.2,sources/Local/Archives_de_la_CCI_de_Marseille_I_23_Marseille_Exports_1757.csv,Archives de la CCI de Marseille - I 23,10,,,,,Teklia-Jules Oudot-Marie Engsi,0,,0,,,,,,,,,
592,Local,1757,Marseille,,Italie,Exports,Presse,,,30,,1,pièce,30,sources/Local/Archives_de_la_CCI_de_Marseille_I_23_Marseille_Exports_1757.csv,Archives de la CCI de Marseille - I 23,10,,,,,Teklia-Jules Oudot-Marie Engsi,0,,0,,,,,,,,,
593,Local,1757,Marseille,,Italie,Exports,Pruneaux,,,1061,,5306,livres,0.2,sources/Local/Archives_de_la_CCI_de_Marseille_I_23_Marseille_Exports_1757.csv,Archives de la CCI de Marseille - I 23,10,,,,,Teklia-Jules Oudot-Marie Engsi,0,,-0.200000000000045,,,,,,,,,
594,Local,1757,Marseille,,Italie,Exports,Quincaille de fer et acier,,,53434,,53434,livres,1,sources/Local/Archives_de_la_CCI_de_Marseille_I_23_Marseille_Exports_1757.csv,Archives de la CCI de Marseille - I 23,10,,,,,Teklia-Jules Oudot-Marie Engsi,0,,0,,,,,,,,,
595,Local,1757,Marseille,,Italie,Exports,Quiquina,,,64832,,16208,livres,4,sources/Local/Archives_de_la_CCI_de_Marseille_I_23_Marseille_Exports_1757.csv,Archives de la CCI de Marseille - I 23,10,,,,,Teklia-Jules Oudot-Marie Engsi,0,,0,,,,,,,,,
596,Local,1757,Marseille,,Italie,Exports,Quintessence,,,3,,1.5,livres,2,sources/Local/Archives_de_la_CCI_de_Marseille_I_23_Marseille_Exports_1757.csv,Archives de la CCI de Marseille - I 23,10,,,,,Teklia-Jules Oudot-Marie Engsi,0,,0,,,,,,,,,
597,Local,1757,Marseille,,Italie,Exports,Raisin sec,,,62114,,310574,livres,0.2,sources/Local/Archives_de_la_CCI_de_Marseille_I_23_Marseille_Exports_1757.csv,Archives de la CCI de Marseille - I 23,10,,,,,Teklia-Jules Oudot-Marie Engsi,0,,-0.80000000000291,,,,,,,,,
598,Local,1757,Marseille,,Italie,Exports,Reglisse,,,51,,1023,livres,0.05,sources/Local/Archives_de_la_CCI_de_Marseille_I_23_Marseille_Exports_1757.csv,Archives de la CCI de Marseille - I 23,10,,,,,Teklia-Jules Oudot-Marie Engsi,0,,-0.150000000000006,,,,,,,,,
599,Local,1757,Marseille,,Italie,Exports,Ris,,,1073,,8944,livres,0.12,sources/Local/Archives_de_la_CCI_de_Marseille_I_23_Marseille_Exports_1757.csv,Archives de la CCI de Marseille - I 23,10,,,,,Teklia-Jules Oudot-Marie Engsi,0,,-0.279999999999973,,,,,,,,,
600,Local,1757,Marseille,,Italie,Exports,Rocou,,,19037,,19037,livres,1,sources/Local/Archives_de_la_CCI_de_Marseille_I_23_Marseille_Exports_1757.csv,Archives de la CCI de Marseille - I 23,10,,,,,Teklia-Jules Oudot-Marie Engsi,0,,0,,,,,,,,,
601,Local,1757,Marseille,,Italie,Exports,Rognure de peau,,,20,,410,livres,0.05,sources/Local/Archives_de_la_CCI_de_Marseille_I_23_Marseille_Exports_1757.csv,Archives de la CCI de Marseille - I 23,10,,,,,Teklia-Jules Oudot-Marie Engsi,0,,-0.5,,,,,,,,,
602,Local,1757,Marseille,,Italie,Exports,Ruban de soye,,,48000,,800,livres,60,sources/Local/Archives_de_la_CCI_de_Marseille_I_23_Marseille_Exports_1757.csv,Archives de la CCI de Marseille - I 23,10,,,,,Teklia-Jules Oudot-Marie Engsi,0,,0,,,,,,,,,
603,Local,1757,Marseille,,Italie,Exports,Salsepareille,,,8960,,4480,livres,2,sources/Local/Archives_de_la_CCI_de_Marseille_I_23_Marseille_Exports_1757.csv,Archives de la CCI de Marseille - I 23,10,,,,,Teklia-Jules Oudot-Marie Engsi,0,,0,,,,,,,,,
604,Local,1757,Marseille,,Italie,Exports,Saucissions,,,625,,500,livres,1.25,sources/Local/Archives_de_la_CCI_de_Marseille_I_23_Marseille_Exports_1757.csv,Archives de la CCI de Marseille - I 23,10,,,,,Teklia-Jules Oudot-Marie Engsi,0,,0,,,,,,,,,
605,Local,1757,Marseille,,Italie,Exports,Saumon salé,,,1800,,30,barriles,60,sources/Local/Archives_de_la_CCI_de_Marseille_I_23_Marseille_Exports_1757.csv,Archives de la CCI de Marseille - I 23,10,,,,,Teklia-Jules Oudot-Marie Engsi,0,,0,,,,,,,,,
606,Local,1757,Marseille,,Italie,Exports,Saumon salé,,,25893,,103575,livres,0.25,sources/Local/Archives_de_la_CCI_de_Marseille_I_23_Marseille_Exports_1757.csv,Archives de la CCI de Marseille - I 23,10,,,,,Teklia-Jules Oudot-Marie Engsi,0,,-0.75,,,,,,,,,
607,Local,1757,Marseille,,Italie,Exports,Savon madre,,,349974,,1166582,livres,0.3,sources/Local/Archives_de_la_CCI_de_Marseille_I_23_Marseille_Exports_1757.csv,Archives de la CCI de Marseille - I 23,10,,,,,Teklia-Jules Oudot-Marie Engsi,0,,-0.599999999976717,,,,,,,,,
608,Local,1757,Marseille,,Italie,Exports,Savonettes,,,318,,53,douzaine,6,sources/Local/Archives_de_la_CCI_de_Marseille_I_23_Marseille_Exports_1757.csv,Archives de la CCI de Marseille - I 23,10,,,,,Teklia-Jules Oudot-Marie Engsi,0,,0,,,,,,,,,
609,Local,1757,Marseille,,Italie,Exports,Savonettes,,,550,,550,livres,1,sources/Local/Archives_de_la_CCI_de_Marseille_I_23_Marseille_Exports_1757.csv,Archives de la CCI de Marseille - I 23,10,,,,,Teklia-Jules Oudot-Marie Engsi,0,,0,,,,,,,,,
610,Local,1757,Marseille,,Italie,Exports,Scamonée,,,1500,,150,livres,10,sources/Local/Archives_de_la_CCI_de_Marseille_I_23_Marseille_Exports_1757.csv,Archives de la CCI de Marseille - I 23,10,,,,,Teklia-Jules Oudot-Marie Engsi,0,,0,,,,,,,,,
611,Local,1757,Marseille,,Italie,Exports,Sel armoniac,,,15008,,15008,livres,1,sources/Local/Archives_de_la_CCI_de_Marseille_I_23_Marseille_Exports_1757.csv,Archives de la CCI de Marseille - I 23,10,,,,,Teklia-Jules Oudot-Marie Engsi,0,,0,,,,,,,,,
612,Local,1757,Marseille,,Italie,Exports,Sel de saturne,,,327,,218,livres,1.5,sources/Local/Archives_de_la_CCI_de_Marseille_I_23_Marseille_Exports_1757.csv,Archives de la CCI de Marseille - I 23,11,,,,,Teklia-Jules Oudot-Marie Engsi,0,,0,,,,,,,,,
613,Local,1757,Marseille,,Italie,Exports,Sirop d'alkerme,,,706,,589,livres,1.2,sources/Local/Archives_de_la_CCI_de_Marseille_I_23_Marseille_Exports_1757.csv,Archives de la CCI de Marseille - I 23,11,,,,,Teklia-Jules Oudot-Marie Engsi,0,,-0.799999999999955,,,,,,,,,
614,Local,1757,Marseille,,Italie,Exports,Sirop de capilaire,,,14961,,14961,livres,1,sources/Local/Archives_de_la_CCI_de_Marseille_I_23_Marseille_Exports_1757.csv,Archives de la CCI de Marseille - I 23,11,,,,,Teklia-Jules Oudot-Marie Engsi,0,,0,,,,,,,,,
615,Local,1757,Marseille,,Italie,Exports,Sirop melasse,,,12772,,159653,livres,0.08,sources/Local/Archives_de_la_CCI_de_Marseille_I_23_Marseille_Exports_1757.csv,Archives de la CCI de Marseille - I 23,11,,,,,Teklia-Jules Oudot-Marie Engsi,0,,-0.239999999999782,,,,,,,,,
616,Local,1757,Marseille,,Italie,Exports,Soude,,,41609,,462324,livres,0.09,sources/Local/Archives_de_la_CCI_de_Marseille_I_23_Marseille_Exports_1757.csv,Archives de la CCI de Marseille - I 23,11,,,,,Teklia-Jules Oudot-Marie Engsi,0,,-0.159999999996217,,,,,,,,,
617,Local,1757,Marseille,,Italie,Exports,Souffre,,,430,,3000,livres,0.15,sources/Local/Archives_de_la_CCI_de_Marseille_I_23_Marseille_Exports_1757.csv,Archives de la CCI de Marseille - I 23,11,,,,,Teklia-Jules Oudot-Marie Engsi,0,,-20,,,,,,,,,
618,Local,1757,Marseille,,Italie,Exports,Souliers,,,1050,,300,paires,3.5,sources/Local/Archives_de_la_CCI_de_Marseille_I_23_Marseille_Exports_1757.csv,Archives de la CCI de Marseille - I 23,11,,,,,Teklia-Jules Oudot-Marie Engsi,0,"Encore cet ""omega"" bizarre. En fait c'est 10s...",0,,,,,,,,,
619,Local,1757,Marseille,,Italie,Exports,Soye aprestée,,,245900,,12295,livres,20,sources/Local/Archives_de_la_CCI_de_Marseille_I_23_Marseille_Exports_1757.csv,Archives de la CCI de Marseille - I 23,11,,,,,Teklia-Jules Oudot-Marie Engsi,0,,0,,,,,,,,,
620,Local,1757,Marseille,,Italie,Exports,Stocfiche,,,5787,,38580,livres,0.15,sources/Local/Archives_de_la_CCI_de_Marseille_I_23_Marseille_Exports_1757.csv,Archives de la CCI de Marseille - I 23,11,,,,,Teklia-Jules Oudot-Marie Engsi,0,,0,,,,,,,,,
621,Local,1757,Marseille,,Italie,Exports,Sucre blanc,,,1405169,,3122598,livres,0.45,sources/Local/Archives_de_la_CCI_de_Marseille_I_23_Marseille_Exports_1757.csv,Archives de la CCI de Marseille - I 23,11,,,,,Teklia-Jules Oudot-Marie Engsi,0,,-0.100000000093132,,,,,,,,,
622,Local,1757,Marseille,,Italie,Exports,Sucre brut,,,85668,,244766,livres,0.35,sources/Local/Archives_de_la_CCI_de_Marseille_I_23_Marseille_Exports_1757.csv,Archives de la CCI de Marseille - I 23,11,,,,,Teklia-Jules Oudot-Marie Engsi,0,,-0.0999999999912689,,,,,,,,,
623,Local,1757,Marseille,,Italie,Exports,Sucre candy,,,120,,120,livres,1,sources/Local/Archives_de_la_CCI_de_Marseille_I_23_Marseille_Exports_1757.csv,Archives de la CCI de Marseille - I 23,11,,,,,Teklia-Jules Oudot-Marie Engsi,0,,0,,,,,,,,,
624,Local,1757,Marseille,,Italie,Exports,Sucre cassonade,,,42,,84,livres,0.5,sources/Local/Archives_de_la_CCI_de_Marseille_I_23_Marseille_Exports_1757.csv,Archives de la CCI de Marseille - I 23,11,,,,,Teklia-Jules Oudot-Marie Engsi,0,,0,,,,,,,,,
625,Local,1757,Marseille,,Italie,Exports,Sucre rafiné,,,19424,,32374,livres,0.6,sources/Local/Archives_de_la_CCI_de_Marseille_I_23_Marseille_Exports_1757.csv,Archives de la CCI de Marseille - I 23,11,,,,,Teklia-Jules Oudot-Marie Engsi,0,,-0.399999999997817,,,,,,,,,
626,Local,1757,Marseille,,Italie,Exports,Sucre versois,,,7863,,17479,livres,0.45,sources/Local/Archives_de_la_CCI_de_Marseille_I_23_Marseille_Exports_1757.csv,Archives de la CCI de Marseille - I 23,11,,,,,Teklia-Jules Oudot-Marie Engsi,0,,-2.55000000000018,,,,,,,,,
627,Local,1757,Marseille,,Italie,Exports,Tabac de la ferme,,,26618,,10238,livres,2.6,sources/Local/Archives_de_la_CCI_de_Marseille_I_23_Marseille_Exports_1757.csv,Archives de la CCI de Marseille - I 23,11,,,,,Teklia-Jules Oudot-Marie Engsi,0,,-0.799999999999272,,,,,,,,,
628,Local,1757,Marseille,,Italie,Exports,Tabac en feuïlles,,,78715,,314862,livres,0.25,sources/Local/Archives_de_la_CCI_de_Marseille_I_23_Marseille_Exports_1757.csv,Archives de la CCI de Marseille - I 23,11,,,,,Teklia-Jules Oudot-Marie Engsi,0,,-0.5,,,,,,,,,
629,Local,1757,Marseille,,Italie,Exports,Tables fermées,,,30,,3,en nombre,10,sources/Local/Archives_de_la_CCI_de_Marseille_I_23_Marseille_Exports_1757.csv,Archives de la CCI de Marseille - I 23,11,,,,,Teklia-Jules Oudot-Marie Engsi,0,,0,,,,,,,,,
630,Local,1757,Marseille,,Italie,Exports,Tableaux,,,1200,,20,douzaines,60,sources/Local/Archives_de_la_CCI_de_Marseille_I_23_Marseille_Exports_1757.csv,Archives de la CCI de Marseille - I 23,11,,,,,Teklia-Jules Oudot-Marie Engsi,0,,0,,,,,,,,,
631,Local,1757,Marseille,,Italie,Exports,Tamis,,,20,,4,en nombre,5,sources/Local/Archives_de_la_CCI_de_Marseille_I_23_Marseille_Exports_1757.csv,Archives de la CCI de Marseille - I 23,11,,,,,Teklia-Jules Oudot-Marie Engsi,0,,0,,,,,,,,,
632,Local,1757,Marseille,,Italie,Exports,Tartre,,,5742,,23926,livres,0.24,sources/Local/Archives_de_la_CCI_de_Marseille_I_23_Marseille_Exports_1757.csv,Archives de la CCI de Marseille - I 23,11,,,,,Teklia-Jules Oudot-Marie Engsi,0,,-0.239999999999782,,,,,,,,,
633,Local,1757,Marseille,,Italie,Exports,Terrailles,,,3830,,191.5,charges,20,sources/Local/Archives_de_la_CCI_de_Marseille_I_23_Marseille_Exports_1757.csv,Archives de la CCI de Marseille - I 23,11,,,,,Teklia-Jules Oudot-Marie Engsi,0,,0,,,,,,,,,
634,Local,1757,Marseille,,Italie,Exports,Terre d'ombre,,,168,,1680,livres,0.1,sources/Local/Archives_de_la_CCI_de_Marseille_I_23_Marseille_Exports_1757.csv,Archives de la CCI de Marseille - I 23,11,,,,,Teklia-Jules Oudot-Marie Engsi,0,,0,,,,,,,,,
635,Local,1757,Marseille,,Italie,Exports,Thé,,,872,,249,livres,3.5,sources/Local/Archives_de_la_CCI_de_Marseille_I_23_Marseille_Exports_1757.csv,Archives de la CCI de Marseille - I 23,11,,,,,Teklia-Jules Oudot-Marie Engsi,0,,0.5,,,,,,,,,
636,Local,1757,Marseille,,Italie,Exports,Thon mariné,,,500,,400,livres,1.25,sources/Local/Archives_de_la_CCI_de_Marseille_I_23_Marseille_Exports_1757.csv,Archives de la CCI de Marseille - I 23,11,,,,,Teklia-Jules Oudot-Marie Engsi,0,,0,,,,,,,,,
637,Local,1757,Marseille,,Italie,Exports,Toile blanche,,,210,,7,pièces,30,sources/Local/Archives_de_la_CCI_de_Marseille_I_23_Marseille_Exports_1757.csv,Archives de la CCI de Marseille - I 23,11,,,,,Teklia-Jules Oudot-Marie Engsi,0,,0,,,,,,,,,
638,Local,1757,Marseille,,Italie,Exports,Toile blanche,,,75730,,15146,livres,5,sources/Local/Archives_de_la_CCI_de_Marseille_I_23_Marseille_Exports_1757.csv,Archives de la CCI de Marseille - I 23,11,,,,,Teklia-Jules Oudot-Marie Engsi,0,,0,,,,,,,,,
639,Local,1757,Marseille,,Italie,Exports,Toile diverses,,,143648,,35912,livres,4,sources/Local/Archives_de_la_CCI_de_Marseille_I_23_Marseille_Exports_1757.csv,Archives de la CCI de Marseille - I 23,11,,,,,Teklia-Jules Oudot-Marie Engsi,0,,0,,,,,,,,,
640,Local,1757,Marseille,,Italie,Exports,Toile d'emballage,,,200,,200,livres,1,sources/Local/Archives_de_la_CCI_de_Marseille_I_23_Marseille_Exports_1757.csv,Archives de la CCI de Marseille - I 23,11,,,,,Teklia-Jules Oudot-Marie Engsi,0,,0,,,,,,,,,
641,Local,1757,Marseille,,Italie,Exports,Toile teinte,,,10308,,1718,livres,6,sources/Local/Archives_de_la_CCI_de_Marseille_I_23_Marseille_Exports_1757.csv,Archives de la CCI de Marseille - I 23,11,,,,,Teklia-Jules Oudot-Marie Engsi,0,,0,,,,,,,,,
642,Local,1757,Marseille,,Italie,Exports,Tourons,,,50,,50,livres,1,sources/Local/Archives_de_la_CCI_de_Marseille_I_23_Marseille_Exports_1757.csv,Archives de la CCI de Marseille - I 23,11,,,,,Teklia-Jules Oudot-Marie Engsi,0,,0,,,,,,,,,
643,Local,1757,Marseille,,Italie,Exports,Trenelles d'espars,,,108,,1080,livres,0.1,sources/Local/Archives_de_la_CCI_de_Marseille_I_23_Marseille_Exports_1757.csv,Archives de la CCI de Marseille - I 23,11,,,,,Teklia-Jules Oudot-Marie Engsi,0,,0,,,,,,,,,
644,Local,1757,Marseille,,Italie,Exports,Truffes,,,960,,240,livres,4,sources/Local/Archives_de_la_CCI_de_Marseille_I_23_Marseille_Exports_1757.csv,Archives de la CCI de Marseille - I 23,11,,,,,Teklia-Jules Oudot-Marie Engsi,0,,0,,,,,,,,,
645,Local,1757,Marseille,,Italie,Exports,Tuilles,,,80,,4000,en nombre,0.02,sources/Local/Archives_de_la_CCI_de_Marseille_I_23_Marseille_Exports_1757.csv,Archives de la CCI de Marseille - I 23,11,,,,,Teklia-Jules Oudot-Marie Engsi,0,,0,,,,,,,,,
646,Local,1757,Marseille,,Italie,Exports,Vans a vanner,,,1,,2,en nombre,0.5,sources/Local/Archives_de_la_CCI_de_Marseille_I_23_Marseille_Exports_1757.csv,Archives de la CCI de Marseille - I 23,11,,,,,Teklia-Jules Oudot-Marie Engsi,0,,0,,,,,,,,,
647,Local,1757,Marseille,,Italie,Exports,Vanille,,,19200,,400,livres,48,sources/Local/Archives_de_la_CCI_de_Marseille_I_23_Marseille_Exports_1757.csv,Archives de la CCI de Marseille - I 23,11,,,,,Teklia-Jules Oudot-Marie Engsi,0,,0,,,,,,,,,
648,Local,1757,Marseille,,Italie,Exports,Velours,,,12000,,30,pieces,400,sources/Local/Archives_de_la_CCI_de_Marseille_I_23_Marseille_Exports_1757.csv,Archives de la CCI de Marseille - I 23,11,,,,,Teklia-Jules Oudot-Marie Engsi,0,,0,,,,,,,,,
649,Local,1757,Marseille,,Italie,Exports,Velours,,,35000,,700,livres,50,sources/Local/Archives_de_la_CCI_de_Marseille_I_23_Marseille_Exports_1757.csv,Archives de la CCI de Marseille - I 23,11,,,,,Teklia-Jules Oudot-Marie Engsi,0,,0,,,,,,,,,
650,Local,1757,Marseille,,Italie,Exports,Verdet,,,60672,,75840,livres,0.8,sources/Local/Archives_de_la_CCI_de_Marseille_I_23_Marseille_Exports_1757.csv,Archives de la CCI de Marseille - I 23,11,,,,,Teklia-Jules Oudot-Marie Engsi,0,,0,,,,,,,,,
651,Local,1757,Marseille,,Italie,Exports,Vermillon,,,10000,,2000,livres,5,sources/Local/Archives_de_la_CCI_de_Marseille_I_23_Marseille_Exports_1757.csv,Archives de la CCI de Marseille - I 23,11,,,,,Teklia-Jules Oudot-Marie Engsi,0,,0,,,,,,,,,
652,Local,1757,Marseille,,Italie,Exports,Verres a boire,,,12572,,12572,livres,1,sources/Local/Archives_de_la_CCI_de_Marseille_I_23_Marseille_Exports_1757.csv,Archives de la CCI de Marseille - I 23,11,,,,,Teklia-Jules Oudot-Marie Engsi,0,,0,,,,,,,,,
653,Local,1757,Marseille,,Italie,Exports,Vin de champagne,,,450,,150,bouteille,3,sources/Local/Archives_de_la_CCI_de_Marseille_I_23_Marseille_Exports_1757.csv,Archives de la CCI de Marseille - I 23,11,,,,,Teklia-Jules Oudot-Marie Engsi,0,,0,,,,,,,,,
654,Local,1757,Marseille,,Italie,Exports,Vin de chipres,,,400,,400,livres,1,sources/Local/Archives_de_la_CCI_de_Marseille_I_23_Marseille_Exports_1757.csv,Archives de la CCI de Marseille - I 23,11,,,,,Teklia-Jules Oudot-Marie Engsi,0,,0,,,,,,,,,
655,Local,1757,Marseille,,Italie,Exports,Vin muscat,,,157,,10.5,caisses,15,sources/Local/Archives_de_la_CCI_de_Marseille_I_23_Marseille_Exports_1757.csv,Archives de la CCI de Marseille - I 23,11,,,,,Teklia-Jules Oudot-Marie Engsi,0,,-0.5,,,,,,,,,
656,Local,1757,Marseille,,Italie,Exports,Vin muscat,,,30,,1,charges,30,sources/Local/Archives_de_la_CCI_de_Marseille_I_23_Marseille_Exports_1757.csv,Archives de la CCI de Marseille - I 23,11,,,,,Teklia-Jules Oudot-Marie Engsi,0,,0,,,,,,,,,
657,Local,1757,Marseille,,Italie,Exports,Vin muscat,,,11360,,284,millerolles,40,sources/Local/Archives_de_la_CCI_de_Marseille_I_23_Marseille_Exports_1757.csv,Archives de la CCI de Marseille - I 23,11,,,,,Teklia-Jules Oudot-Marie Engsi,0,,0,,,,,,,,,
658,Local,1757,Marseille,,Italie,Exports,Vin rouge,,,84654,,4703,charges,18,sources/Local/Archives_de_la_CCI_de_Marseille_I_23_Marseille_Exports_1757.csv,Archives de la CCI de Marseille - I 23,11,,,,,Teklia-Jules Oudot-Marie Engsi,0,,0,,,,,,,,,
659,Local,1757,Marseille,,Italie,Exports,Vin rouge,,,191124,,21236,millerolles,9,sources/Local/Archives_de_la_CCI_de_Marseille_I_23_Marseille_Exports_1757.csv,Archives de la CCI de Marseille - I 23,11,,,,,Teklia-Jules Oudot-Marie Engsi,0,,0,,,,,,,,,
660,Local,1757,Marseille,,Italie,Exports,Vinaigre,,,175,,25,millerolles,7,sources/Local/Archives_de_la_CCI_de_Marseille_I_23_Marseille_Exports_1757.csv,Archives de la CCI de Marseille - I 23,11,,,,,Teklia-Jules Oudot-Marie Engsi,0,,0,,,,,,,,,
661,Local,1757,Marseille,,Italie,Exports,Poulets,,,62,,62,pièces,1,sources/Local/Archives_de_la_CCI_de_Marseille_I_23_Marseille_Exports_1757.csv,Archives de la CCI de Marseille - I 23,11,,,,,Teklia-Jules Oudot-Marie Engsi,0,,0,,,,,,,,,
662,Local,1757,Marseille,,Levant,Exports,Acier,,,3907,,11163,livres,0.35,sources/Local/Archives_de_la_CCI_de_Marseille_I_23_Marseille_Exports_1757.csv,Archives de la CCI de Marseille - I 23,11,,,,,Teklia-Jules Oudot-Marie Engsi,0,,-0.0499999999997272,,,,,,,,,
663,Local,1757,Marseille,,Levant,Exports,Ajamis,,,1188,,132,pièces,9,sources/Local/Archives_de_la_CCI_de_Marseille_I_23_Marseille_Exports_1757.csv,Archives de la CCI de Marseille - I 23,11,,,,,Teklia-Jules Oudot-Marie Engsi,0,,0,,,,,,,,,
664,Local,1757,Marseille,,Levant,Exports,Alun,,,4601,,38343,livres,0.12,sources/Local/Archives_de_la_CCI_de_Marseille_I_23_Marseille_Exports_1757.csv,Archives de la CCI de Marseille - I 23,11,,,,,Teklia-Jules Oudot-Marie Engsi,0,,-0.159999999999854,,,,,,,,,
665,Local,1757,Marseille,,Levant,Exports,Amandes,,,39967,,199835,livres,0.2,sources/Local/Archives_de_la_CCI_de_Marseille_I_23_Marseille_Exports_1757.csv,Archives de la CCI de Marseille - I 23,11,,,,,Teklia-Jules Oudot-Marie Engsi,0,,0,,,,,,,,,
666,Local,1757,Marseille,,Levant,Exports,Amidon,,,50,,250,livres,0.2,sources/Local/Archives_de_la_CCI_de_Marseille_I_23_Marseille_Exports_1757.csv,Archives de la CCI de Marseille - I 23,11,,,,,Teklia-Jules Oudot-Marie Engsi,0,,0,,,,,,,,,
667,Local,1757,Marseille,,Levant,Exports,Arcenic,,,950,,3169,livres,0.3,sources/Local/Archives_de_la_CCI_de_Marseille_I_23_Marseille_Exports_1757.csv,Archives de la CCI de Marseille - I 23,11,,,,,Teklia-Jules Oudot-Marie Engsi,0,,-0.699999999999932,,,,,,,,,
668,Local,1757,Marseille,,Levant,Exports,Argent vif,,,2088,,522,livres,4,sources/Local/Archives_de_la_CCI_de_Marseille_I_23_Marseille_Exports_1757.csv,Archives de la CCI de Marseille - I 23,11,,,,,Teklia-Jules Oudot-Marie Engsi,0,,0,,,,,,,,,
669,Local,1757,Marseille,,Levant,Exports,Arquifou,,,7709,,51395,paires,0.15,sources/Local/Archives_de_la_CCI_de_Marseille_I_23_Marseille_Exports_1757.csv,Archives de la CCI de Marseille - I 23,11,,,,,Teklia-Jules Oudot-Marie Engsi,0,,-0.25,,,,,,,,,
670,Local,1757,Marseille,,Levant,Exports,Avirons,,,152,,38,paires,4,sources/Local/Archives_de_la_CCI_de_Marseille_I_23_Marseille_Exports_1757.csv,Archives de la CCI de Marseille - I 23,11,,,,,Teklia-Jules Oudot-Marie Engsi,0,,0,,,,,,,,,
671,Local,1757,Marseille,,Levant,Exports,Azur,,,4933,,12334,livres,0.4,sources/Local/Archives_de_la_CCI_de_Marseille_I_23_Marseille_Exports_1757.csv,Archives de la CCI de Marseille - I 23,11,,,,,Teklia-Jules Oudot-Marie Engsi,0,,-0.600000000000364,,,,,,,,,
672,Local,1757,Marseille,,Levant,Exports,Bas de laine,,,2622,,437,livres,6,sources/Local/Archives_de_la_CCI_de_Marseille_I_23_Marseille_Exports_1757.csv,Archives de la CCI de Marseille - I 23,11,,,,,Teklia-Jules Oudot-Marie Engsi,0,,0,,,,,,,,,
673,Local,1757,Marseille,,Levant,Exports,Bas de soye,,,41160,,1029,livres,40,sources/Local/Archives_de_la_CCI_de_Marseille_I_23_Marseille_Exports_1757.csv,Archives de la CCI de Marseille - I 23,11,,,,,Teklia-Jules Oudot-Marie Engsi,0,,0,,,,,,,,,
674,Local,1757,Marseille,,Levant,Exports,Batanonis,,,3180,,1060,pièces,3,sources/Local/Archives_de_la_CCI_de_Marseille_I_23_Marseille_Exports_1757.csv,Archives de la CCI de Marseille - I 23,11,,,,,Teklia-Jules Oudot-Marie Engsi,0,,0,,,,,,,,,
675,Local,1757,Marseille,,Levant,Exports,Benjoin,,,6660,,1665,livres,4,sources/Local/Archives_de_la_CCI_de_Marseille_I_23_Marseille_Exports_1757.csv,Archives de la CCI de Marseille - I 23,11,,,,,Teklia-Jules Oudot-Marie Engsi,0,,0,,,,,,,,,
676,Local,1757,Marseille,,Levant,Exports,Beurre,,,2400,,6000,livres,0.4,sources/Local/Archives_de_la_CCI_de_Marseille_I_23_Marseille_Exports_1757.csv,Archives de la CCI de Marseille - I 23,12,,,,,Teklia-Jules Oudot-Marie Engsi,0,,0,,,,,,,,,
677,Local,1757,Marseille,,Levant,Exports,Bierre,,,75,,1500,livres,0.05,sources/Local/Archives_de_la_CCI_de_Marseille_I_23_Marseille_Exports_1757.csv,Archives de la CCI de Marseille - I 23,12,,,,,Teklia-Jules Oudot-Marie Engsi,0,,0,,,,,,,,,
678,Local,1757,Marseille,,Levant,Exports,Biscuit de mer,,,108,,900,livres,0.12,sources/Local/Archives_de_la_CCI_de_Marseille_I_23_Marseille_Exports_1757.csv,Archives de la CCI de Marseille - I 23,12,,,,,Teklia-Jules Oudot-Marie Engsi,0,Prix au quintal,0,,,,,,,,,
679,Local,1757,Marseille,,Levant,Exports,Bois de Brezil,,,6353,,25414,livres,0.25,sources/Local/Archives_de_la_CCI_de_Marseille_I_23_Marseille_Exports_1757.csv,Archives de la CCI de Marseille - I 23,12,,,,,Teklia-Jules Oudot-Marie Engsi,0,,-0.5,,,,,,,,,
680,Local,1757,Marseille,,Levant,Exports,Bois de campesche,,,2052,,13682,livres,0.15,sources/Local/Archives_de_la_CCI_de_Marseille_I_23_Marseille_Exports_1757.csv,Archives de la CCI de Marseille - I 23,12,,,,,Teklia-Jules Oudot-Marie Engsi,0,,-0.299999999999727,,,,,,,,,
681,Local,1757,Marseille,,Levant,Exports,Bois de St Marthe,,,2100,,10500,livres,0.2,sources/Local/Archives_de_la_CCI_de_Marseille_I_23_Marseille_Exports_1757.csv,Archives de la CCI de Marseille - I 23,12,,,,,Teklia-Jules Oudot-Marie Engsi,0,,0,,,,,,,,,
682,Local,1757,Marseille,,Levant,Exports,Bonnets de laine,,,515250,,17175,douzaine,30,sources/Local/Archives_de_la_CCI_de_Marseille_I_23_Marseille_Exports_1757.csv,Archives de la CCI de Marseille - I 23,12,,,,,Teklia-Jules Oudot-Marie Engsi,0,,0,,,,,,,,,
683,Local,1757,Marseille,,Levant,Exports,Bours de Levant,,,1280,,32,pièces,40,sources/Local/Archives_de_la_CCI_de_Marseille_I_23_Marseille_Exports_1757.csv,Archives de la CCI de Marseille - I 23,12,,,,,Teklia-Jules Oudot-Marie Engsi,0,,0,,,,,,,,,
684,Local,1757,Marseille,,Levant,Exports,Bourre de soye,,,2489,,2485,livres,1,sources/Local/Archives_de_la_CCI_de_Marseille_I_23_Marseille_Exports_1757.csv,Archives de la CCI de Marseille - I 23,12,,,,,Teklia-Jules Oudot-Marie Engsi,0,,4,,,,,,,,,
685,Local,1757,Marseille,,Levant,Exports,Bray,,,965,,6438,livres,0.15,sources/Local/Archives_de_la_CCI_de_Marseille_I_23_Marseille_Exports_1757.csv,Archives de la CCI de Marseille - I 23,12,,,,,Teklia-Jules Oudot-Marie Engsi,0,,-0.699999999999932,,,,,,,,,
686,Local,1757,Marseille,,Levant,Exports,Brun rouge,,,4328,,173156,livres,0.025,sources/Local/Archives_de_la_CCI_de_Marseille_I_23_Marseille_Exports_1757.csv,Archives de la CCI de Marseille - I 23,12,,,,,Teklia-Jules Oudot-Marie Engsi,0,,-0.900000000000546,,,,,,,,,
687,Local,1757,Marseille,,Levant,Exports,Cabas,,,15,,100,en nombre,0.15,sources/Local/Archives_de_la_CCI_de_Marseille_I_23_Marseille_Exports_1757.csv,Archives de la CCI de Marseille - I 23,12,,,,,Teklia-Jules Oudot-Marie Engsi,0,,0,,,,,,,,,
688,Local,1757,Marseille,,Levant,Exports,Cacao,,,9760,,6972,livres,1.4,sources/Local/Archives_de_la_CCI_de_Marseille_I_23_Marseille_Exports_1757.csv,Archives de la CCI de Marseille - I 23,12,,,,,Teklia-Jules Oudot-Marie Engsi,0,,-0.799999999999272,,,,,,,,,
689,Local,1757,Marseille,,Levant,Exports,Caffé,,,629067,,449334,livres,1.4,sources/Local/Archives_de_la_CCI_de_Marseille_I_23_Marseille_Exports_1757.csv,Archives de la CCI de Marseille - I 23,12,,,,,Teklia-Jules Oudot-Marie Engsi,0,,-0.599999999976717,,,,,,,,,
690,Local,1757,Marseille,,Levant,Exports,Canelle,,,9726,,1621,livres,6,sources/Local/Archives_de_la_CCI_de_Marseille_I_23_Marseille_Exports_1757.csv,Archives de la CCI de Marseille - I 23,12,,,,,Teklia-Jules Oudot-Marie Engsi,0,,0,,,,,,,,,
691,Local,1757,Marseille,,Levant,Exports,Cardes a carder,,,18786,,6262,paires,3,sources/Local/Archives_de_la_CCI_de_Marseille_I_23_Marseille_Exports_1757.csv,Archives de la CCI de Marseille - I 23,12,,,,,Teklia-Jules Oudot-Marie Engsi,0,,0,,,,,,,,,
692,Local,1757,Marseille,,Levant,Exports,Cardes a carder,,,8820,,5880,livres,1.5,sources/Local/Archives_de_la_CCI_de_Marseille_I_23_Marseille_Exports_1757.csv,Archives de la CCI de Marseille - I 23,12,,,,,Teklia-Jules Oudot-Marie Engsi,0,,0,,,,,,,,,
693,Local,1757,Marseille,,Levant,Exports,Carreaux de briques,,,144,,7200,pièces,0.02,sources/Local/Archives_de_la_CCI_de_Marseille_I_23_Marseille_Exports_1757.csv,Archives de la CCI de Marseille - I 23,12,,,,,Teklia-Jules Oudot-Marie Engsi,0,,0,,,,,,,,,
694,Local,1757,Marseille,,Levant,Exports,Cartes a joüer,,,3900,,1950,livres,2,sources/Local/Archives_de_la_CCI_de_Marseille_I_23_Marseille_Exports_1757.csv,Archives de la CCI de Marseille - I 23,12,,,,,Teklia-Jules Oudot-Marie Engsi,0,,0,,,,,,,,,
695,Local,1757,Marseille,,Levant,Exports,Cartons,,,1200,,1200,livres,1,sources/Local/Archives_de_la_CCI_de_Marseille_I_23_Marseille_Exports_1757.csv,Archives de la CCI de Marseille - I 23,12,,,,,Teklia-Jules Oudot-Marie Engsi,0,,0,,,,,,,,,
696,Local,1757,Marseille,,Levant,Exports,Ceruze,,,2920,,14600,livres,0.2,sources/Local/Archives_de_la_CCI_de_Marseille_I_23_Marseille_Exports_1757.csv,Archives de la CCI de Marseille - I 23,12,,,,,Teklia-Jules Oudot-Marie Engsi,0,,0,,,,,,,,,
697,Local,1757,Marseille,,Levant,Exports,Chair salée,,,268,,896,livres,0.3,sources/Local/Archives_de_la_CCI_de_Marseille_I_23_Marseille_Exports_1757.csv,Archives de la CCI de Marseille - I 23,12,,,,,Teklia-Jules Oudot-Marie Engsi,0,,-0.800000000000011,,,,,,,,,
698,Local,1757,Marseille,,Levant,Exports,Chandelle,,,1323,,2942,livres,0.45,sources/Local/Archives_de_la_CCI_de_Marseille_I_23_Marseille_Exports_1757.csv,Archives de la CCI de Marseille - I 23,12,,,,,Teklia-Jules Oudot-Marie Engsi,0,,-0.900000000000091,,,,,,,,,
699,Local,1757,Marseille,,Levant,Exports,Chapeaux de paille,,,2440,,122,douzaines,20,sources/Local/Archives_de_la_CCI_de_Marseille_I_23_Marseille_Exports_1757.csv,Archives de la CCI de Marseille - I 23,12,,,,,Teklia-Jules Oudot-Marie Engsi,0,,0,,,,,,,,,
700,Local,1757,Marseille,,Levant,Exports,Chapeaux poil et laine,,,23340,,389,douzaines,60,sources/Local/Archives_de_la_CCI_de_Marseille_I_23_Marseille_Exports_1757.csv,Archives de la CCI de Marseille - I 23,12,,,,,Teklia-Jules Oudot-Marie Engsi,0,,0,,,,,,,,,
701,Local,1757,Marseille,,Levant,Exports,Chataignes,,,701,,14024,livres,0.05,sources/Local/Archives_de_la_CCI_de_Marseille_I_23_Marseille_Exports_1757.csv,Archives de la CCI de Marseille - I 23,12,,,,,Teklia-Jules Oudot-Marie Engsi,0,,-0.200000000000045,,,,,,,,,
702,Local,1757,Marseille,,Levant,Exports,Chevrons,,,600,,25,livres,24,sources/Local/Archives_de_la_CCI_de_Marseille_I_23_Marseille_Exports_1757.csv,Archives de la CCI de Marseille - I 23,12,,,,,Teklia-Jules Oudot-Marie Engsi,0,,0,,,,,,,,,
703,Local,1757,Marseille,,Levant,Exports,Cinabre,,,1530,,306,livres,5,sources/Local/Archives_de_la_CCI_de_Marseille_I_23_Marseille_Exports_1757.csv,Archives de la CCI de Marseille - I 23,12,,,,,Teklia-Jules Oudot-Marie Engsi,0,,0,,,,,,,,,
704,Local,1757,Marseille,,Levant,Exports,Cire blanche,,,210,,100,livres,2.1,sources/Local/Archives_de_la_CCI_de_Marseille_I_23_Marseille_Exports_1757.csv,Archives de la CCI de Marseille - I 23,12,,,,,Teklia-Jules Oudot-Marie Engsi,0,,0,,,,,,,,,
705,Local,1757,Marseille,,Levant,Exports,Clous de fer,,,20930,,83720,livres,0.25,sources/Local/Archives_de_la_CCI_de_Marseille_I_23_Marseille_Exports_1757.csv,Archives de la CCI de Marseille - I 23,12,,,,,Teklia-Jules Oudot-Marie Engsi,0,,0,,,,,,,,,
706,Local,1757,Marseille,,Levant,Exports,Cochenille,,,596520,,33140,livres,18,sources/Local/Archives_de_la_CCI_de_Marseille_I_23_Marseille_Exports_1757.csv,Archives de la CCI de Marseille - I 23,12,,,,,Teklia-Jules Oudot-Marie Engsi,0,,0,,,,,,,,,
707,Local,1757,Marseille,,Levant,Exports,Colle forte,,,1586,,3965,livres,0.4,sources/Local/Archives_de_la_CCI_de_Marseille_I_23_Marseille_Exports_1757.csv,Archives de la CCI de Marseille - I 23,12,,,,,Teklia-Jules Oudot-Marie Engsi,0,,0,,,,,,,,,
708,Local,1757,Marseille,,Levant,Exports,Confitures,,,2515,,2515,livres,1,sources/Local/Archives_de_la_CCI_de_Marseille_I_23_Marseille_Exports_1757.csv,Archives de la CCI de Marseille - I 23,12,,,,,Teklia-Jules Oudot-Marie Engsi,0,,0,,,,,,,,,
709,Local,1757,Marseille,,Levant,Exports,Corail ouvré,,,162400,,1015,livres,160,sources/Local/Archives_de_la_CCI_de_Marseille_I_23_Marseille_Exports_1757.csv,Archives de la CCI de Marseille - I 23,12,,,,,Teklia-Jules Oudot-Marie Engsi,0,,0,,,,,,,,,
710,Local,1757,Marseille,,Levant,Exports,Cordages de chanvre,,,2175,,7250,livres,0.3,sources/Local/Archives_de_la_CCI_de_Marseille_I_23_Marseille_Exports_1757.csv,Archives de la CCI de Marseille - I 23,12,,,,,Teklia-Jules Oudot-Marie Engsi,0,,0,,,,,,,,,
711,Local,1757,Marseille,,Levant,Exports,Cordages d'Espars,,,4640,,232,douzaine,20,sources/Local/Archives_de_la_CCI_de_Marseille_I_23_Marseille_Exports_1757.csv,Archives de la CCI de Marseille - I 23,12,,,,,Teklia-Jules Oudot-Marie Engsi,0,,0,,,,,,,,,
712,Local,1757,Marseille,,Levant,Exports,Cotons filé,,,70,,64,livres,1.1,sources/Local/Archives_de_la_CCI_de_Marseille_I_23_Marseille_Exports_1757.csv,Archives de la CCI de Marseille - I 23,12,,,,,Teklia-Jules Oudot-Marie Engsi,0,,-0.400000000000006,,,,,,,,,
713,Local,1757,Marseille,,Levant,Exports,Cotonnine,,,21,,7,pièce,3,sources/Local/Archives_de_la_CCI_de_Marseille_I_23_Marseille_Exports_1757.csv,Archives de la CCI de Marseille - I 23,12,,,,,Teklia-Jules Oudot-Marie Engsi,0,,0,,,,,,,,,
714,Local,1757,Marseille,,Levant,Exports,Couperose,,,366,,4075,livres,0.09,sources/Local/Archives_de_la_CCI_de_Marseille_I_23_Marseille_Exports_1757.csv,Archives de la CCI de Marseille - I 23,12,,,,,Teklia-Jules Oudot-Marie Engsi,0,,-0.75,,,,,,,,,
715,Local,1757,Marseille,,Levant,Exports,Courdouans,,,100,,3.3333,douzaine,30,sources/Local/Archives_de_la_CCI_de_Marseille_I_23_Marseille_Exports_1757.csv,Archives de la CCI de Marseille - I 23,12,,,,,Teklia-Jules Oudot-Marie Engsi,0,,0.00100000000000477,,,,,,,,,
716,Local,1757,Marseille,,Levant,Exports,Couteaux,,,17412,,8706,pieces,2,sources/Local/Archives_de_la_CCI_de_Marseille_I_23_Marseille_Exports_1757.csv,Archives de la CCI de Marseille - I 23,12,,,,,Teklia-Jules Oudot-Marie Engsi,0,,0,,,,,,,,,
717,Local,1757,Marseille,,Levant,Exports,Couverture de laine,,,3820,,1910,livres,2,sources/Local/Archives_de_la_CCI_de_Marseille_I_23_Marseille_Exports_1757.csv,Archives de la CCI de Marseille - I 23,12,,,,,Teklia-Jules Oudot-Marie Engsi,0,,0,,,,,,,,,
718,Local,1757,Marseille,,Levant,Exports,Crin,,,120,,200,livres,0.6,sources/Local/Archives_de_la_CCI_de_Marseille_I_23_Marseille_Exports_1757.csv,Archives de la CCI de Marseille - I 23,12,,,,,Teklia-Jules Oudot-Marie Engsi,0,,0,,,,,,,,,
719,Local,1757,Marseille,,Levant,Exports,Cristal,,,400,,200,livres,2,sources/Local/Archives_de_la_CCI_de_Marseille_I_23_Marseille_Exports_1757.csv,Archives de la CCI de Marseille - I 23,12,,,,,Teklia-Jules Oudot-Marie Engsi,0,,0,,,,,,,,,
720,Local,1757,Marseille,,Levant,Exports,Cuirs tannés,,,780,,1300,livres,0.6,sources/Local/Archives_de_la_CCI_de_Marseille_I_23_Marseille_Exports_1757.csv,Archives de la CCI de Marseille - I 23,12,,,,,Teklia-Jules Oudot-Marie Engsi,0,,0,,,,,,,,,
721,Local,1757,Marseille,,Levant,Exports,Cuisses d'oye,,,375,,500,livres,0.75,sources/Local/Archives_de_la_CCI_de_Marseille_I_23_Marseille_Exports_1757.csv,Archives de la CCI de Marseille - I 23,12,,,,,Teklia-Jules Oudot-Marie Engsi,0,,0,,,,,,,,,
722,Local,1757,Marseille,,Levant,Exports,Dorure fine,,,31000,,310,livres,100,sources/Local/Archives_de_la_CCI_de_Marseille_I_23_Marseille_Exports_1757.csv,Archives de la CCI de Marseille - I 23,12,,,,,Teklia-Jules Oudot-Marie Engsi,0,,0,,,,,,,,,
723,Local,1757,Marseille,,Levant,Exports,Drap londrin,,,11580800,,1654400,livres,7,sources/Local/Archives_de_la_CCI_de_Marseille_I_23_Marseille_Exports_1757.csv,Archives de la CCI de Marseille - I 23,12,,,,,Teklia-Jules Oudot-Marie Engsi,0,,0,,,,,,,,,
724,Local,1757,Marseille,,Levant,Exports,Draperie ordinaire,,,80646,,13441,livres,6,sources/Local/Archives_de_la_CCI_de_Marseille_I_23_Marseille_Exports_1757.csv,Archives de la CCI de Marseille - I 23,12,,,,,Teklia-Jules Oudot-Marie Engsi,0,,0,,,,,,,,,
725,Local,1757,Marseille,,Levant,Exports,Draperie petite,,,134385,,44795,livres,3,sources/Local/Archives_de_la_CCI_de_Marseille_I_23_Marseille_Exports_1757.csv,Archives de la CCI de Marseille - I 23,12,,,,,Teklia-Jules Oudot-Marie Engsi,0,,0,,,,,,,,,
726,Local,1757,Marseille,,Levant,Exports,Drogueries,,,15238,,15238,livres,1,sources/Local/Archives_de_la_CCI_de_Marseille_I_23_Marseille_Exports_1757.csv,Archives de la CCI de Marseille - I 23,12,,,,,Teklia-Jules Oudot-Marie Engsi,0,,0,,,,,,,,,
727,Local,1757,Marseille,,Levant,Exports,Eau forte,,,300,,150,livres,2,sources/Local/Archives_de_la_CCI_de_Marseille_I_23_Marseille_Exports_1757.csv,Archives de la CCI de Marseille - I 23,12,,,,,Teklia-Jules Oudot-Marie Engsi,0,,0,,,,,,,,,
728,Local,1757,Marseille,,Levant,Exports,Eau de la reine d'Hongrie,,,198,,265,livres,0.75,sources/Local/Archives_de_la_CCI_de_Marseille_I_23_Marseille_Exports_1757.csv,Archives de la CCI de Marseille - I 23,12,,,,,Teklia-Jules Oudot-Marie Engsi,0,,-0.75,,,,,,,,,
729,Local,1757,Marseille,,Levant,Exports,Eau de vie,,,6737,,44919,livres,0.15,sources/Local/Archives_de_la_CCI_de_Marseille_I_23_Marseille_Exports_1757.csv,Archives de la CCI de Marseille - I 23,12,,,,,Teklia-Jules Oudot-Marie Engsi,0,,-0.849999999999454,,,,,,,,,
730,Local,1757,Marseille,,Levant,Exports,Encens,,,5175,,10350,livres,0.5,sources/Local/Archives_de_la_CCI_de_Marseille_I_23_Marseille_Exports_1757.csv,Archives de la CCI de Marseille - I 23,12,,,,,Teklia-Jules Oudot-Marie Engsi,0,,0,,,,,,,,,
731,Local,1757,Marseille,,Levant,Exports,Epicerie,,,16120,,1612,livres,10,sources/Local/Archives_de_la_CCI_de_Marseille_I_23_Marseille_Exports_1757.csv,Archives de la CCI de Marseille - I 23,12,,,,,Teklia-Jules Oudot-Marie Engsi,0,,0,,,,,,,,,
732,Local,1757,Marseille,,Levant,Exports,Escayolles,,,190,,1900,livres,0.1,sources/Local/Archives_de_la_CCI_de_Marseille_I_23_Marseille_Exports_1757.csv,Archives de la CCI de Marseille - I 23,12,,,,,Teklia-Jules Oudot-Marie Engsi,0,,0,,,,,,,,,
733,Local,1757,Marseille,,Levant,Exports,Etain ouvré,,,64282,,42855,livres,1.5,sources/Local/Archives_de_la_CCI_de_Marseille_I_23_Marseille_Exports_1757.csv,Archives de la CCI de Marseille - I 23,12,,,,,Teklia-Jules Oudot-Marie Engsi,0,,-0.5,,,,,,,,,
734,Local,1757,Marseille,,Levant,Exports,Etoffe de soye,,,134680,,3367,livres,40,sources/Local/Archives_de_la_CCI_de_Marseille_I_23_Marseille_Exports_1757.csv,Archives de la CCI de Marseille - I 23,12,,,,,Teklia-Jules Oudot-Marie Engsi,0,,0,,,,,,,,,
735,Local,1757,Marseille,,Levant,Exports,Farine,,,52,,524,livres,0.1,sources/Local/Archives_de_la_CCI_de_Marseille_I_23_Marseille_Exports_1757.csv,Archives de la CCI de Marseille - I 23,12,,,,,Teklia-Jules Oudot-Marie Engsi,0,,-0.400000000000006,,,,,,,,,
736,Local,1757,Marseille,,Levant,Exports,Fayance,,,13430,,26900,livres,0.5,sources/Local/Archives_de_la_CCI_de_Marseille_I_23_Marseille_Exports_1757.csv,Archives de la CCI de Marseille - I 23,12,,,,,Teklia-Jules Oudot-Marie Engsi,0,,-20,,,,,,,,,
737,Local,1757,Marseille,,Levant,Exports,Fer en barres,,,30939,,206265,livres,0.15,sources/Local/Archives_de_la_CCI_de_Marseille_I_23_Marseille_Exports_1757.csv,Archives de la CCI de Marseille - I 23,12,,,,,Teklia-Jules Oudot-Marie Engsi,0,,-0.75,,,,,,,,,
738,Local,1757,Marseille,,Levant,Exports,Fer blanc,,,11044,,5522,livres,2,sources/Local/Archives_de_la_CCI_de_Marseille_I_23_Marseille_Exports_1757.csv,Archives de la CCI de Marseille - I 23,12,,,,,Teklia-Jules Oudot-Marie Engsi,0,,0,,,,,,,,,
739,Local,1757,Marseille,,Levant,Exports,Fer vieux,,,462,,6600,livres,0.07,sources/Local/Archives_de_la_CCI_de_Marseille_I_23_Marseille_Exports_1757.csv,Archives de la CCI de Marseille - I 23,12,,,,,Teklia-Jules Oudot-Marie Engsi,0,,0,,,,,,,,,
740,Local,1757,Marseille,,Levant,Exports,Ficelle,,,79,,264,livres,0.3,sources/Local/Archives_de_la_CCI_de_Marseille_I_23_Marseille_Exports_1757.csv,Archives de la CCI de Marseille - I 23,12,,,,,Teklia-Jules Oudot-Marie Engsi,0,,-0.200000000000003,,,,,,,,,
741,Local,1757,Marseille,,Levant,Exports,Figues,,,3232,,32320,livres,0.1,sources/Local/Archives_de_la_CCI_de_Marseille_I_23_Marseille_Exports_1757.csv,Archives de la CCI de Marseille - I 23,12,,,,,Teklia-Jules Oudot-Marie Engsi,0,,0,,,,,,,,,
742,Local,1757,Marseille,,Levant,Exports,Fil de chevre,,,834,,278,livres,3,sources/Local/Archives_de_la_CCI_de_Marseille_I_23_Marseille_Exports_1757.csv,Archives de la CCI de Marseille - I 23,12,,,,,Teklia-Jules Oudot-Marie Engsi,0,,0,,,,,,,,,
743,Local,1757,Marseille,,Levant,Exports,Fil de corailleur,,,28339,,28339,livres,1,sources/Local/Archives_de_la_CCI_de_Marseille_I_23_Marseille_Exports_1757.csv,Archives de la CCI de Marseille - I 23,12,,,,,Teklia-Jules Oudot-Marie Engsi,0,,0,,,,,,,,,
744,Local,1757,Marseille,,Levant,Exports,Fil de fer,,,5473,,9122,livres,0.6,sources/Local/Archives_de_la_CCI_de_Marseille_I_23_Marseille_Exports_1757.csv,Archives de la CCI de Marseille - I 23,13,,,,,Teklia-Jules Oudot-Marie Engsi,0,,-0.199999999999818,,,,,,,,,
745,Local,1757,Marseille,,Levant,Exports,Filozelle,,,672,,224,livres,3,sources/Local/Archives_de_la_CCI_de_Marseille_I_23_Marseille_Exports_1757.csv,Archives de la CCI de Marseille - I 23,13,,,,,Teklia-Jules Oudot-Marie Engsi,0,,0,,,,,,,,,
746,Local,1757,Marseille,,Levant,Exports,Fleurs d'aspic,,,2471,,12358,livres,0.2,sources/Local/Archives_de_la_CCI_de_Marseille_I_23_Marseille_Exports_1757.csv,Archives de la CCI de Marseille - I 23,13,,,,,Teklia-Jules Oudot-Marie Engsi,0,,-0.600000000000364,,,,,,,,,
747,Local,1757,Marseille,,Levant,Exports,Fromage,,,7609,,25366,livres,0.3,sources/Local/Archives_de_la_CCI_de_Marseille_I_23_Marseille_Exports_1757.csv,Archives de la CCI de Marseille - I 23,13,,,,,Teklia-Jules Oudot-Marie Engsi,0,,-0.799999999999272,,,,,,,,,
748,Local,1757,Marseille,,Levant,Exports,Gaudron,,,140,,1750,livres,0.08,sources/Local/Archives_de_la_CCI_de_Marseille_I_23_Marseille_Exports_1757.csv,Archives de la CCI de Marseille - I 23,13,,,,,Teklia-Jules Oudot-Marie Engsi,0,,0,,,,,,,,,
749,Local,1757,Marseille,,Levant,Exports,Geroffle,,,69952,,4372,livres,16,sources/Local/Archives_de_la_CCI_de_Marseille_I_23_Marseille_Exports_1757.csv,Archives de la CCI de Marseille - I 23,13,,,,,Teklia-Jules Oudot-Marie Engsi,0,,0,,,,,,,,,
750,Local,1757,Marseille,,Levant,Exports,Gingembre,,,9858,,24645,livres,0.4,sources/Local/Archives_de_la_CCI_de_Marseille_I_23_Marseille_Exports_1757.csv,Archives de la CCI de Marseille - I 23,13,,,,,Teklia-Jules Oudot-Marie Engsi,0,,0,,,,,,,,,
751,Local,1757,Marseille,,Levant,Exports,Gomme adragan,,,2161,,1441,livres,1.5,sources/Local/Archives_de_la_CCI_de_Marseille_I_23_Marseille_Exports_1757.csv,Archives de la CCI de Marseille - I 23,13,,,,,Teklia-Jules Oudot-Marie Engsi,0,,-0.5,,,,,,,,,
752,Local,1757,Marseille,,Levant,Exports,Grabeau d'indigo,,,34551,,7678,livres,4.5,sources/Local/Archives_de_la_CCI_de_Marseille_I_23_Marseille_Exports_1757.csv,Archives de la CCI de Marseille - I 23,13,,,,,Teklia-Jules Oudot-Marie Engsi,0,,0,,,,,,,,,
753,Local,1757,Marseille,,Levant,Exports,Graine d'aspic,,,1260,,4200,livres,0.3,sources/Local/Archives_de_la_CCI_de_Marseille_I_23_Marseille_Exports_1757.csv,Archives de la CCI de Marseille - I 23,13,,,,,Teklia-Jules Oudot-Marie Engsi,0,,0,,,,,,,,,
754,Local,1757,Marseille,,Levant,Exports,Graine d'avignon,,,375,,1500,livres,0.25,sources/Local/Archives_de_la_CCI_de_Marseille_I_23_Marseille_Exports_1757.csv,Archives de la CCI de Marseille - I 23,13,,,,,Teklia-Jules Oudot-Marie Engsi,0,,0,,,,,,,,,
755,Local,1757,Marseille,,Levant,Exports,Harangs sors,,,1850,,9250,livres,0.2,sources/Local/Archives_de_la_CCI_de_Marseille_I_23_Marseille_Exports_1757.csv,Archives de la CCI de Marseille - I 23,13,,,,,Teklia-Jules Oudot-Marie Engsi,0,,0,,,,,,,,,
756,Local,1757,Marseille,,Levant,Exports,Horlogerie,,,24000,,600,livres,40,sources/Local/Archives_de_la_CCI_de_Marseille_I_23_Marseille_Exports_1757.csv,Archives de la CCI de Marseille - I 23,13,,,,,Teklia-Jules Oudot-Marie Engsi,0,,0,,,,,,,,,
757,Local,1757,Marseille,,Levant,Exports,Huile de cade,,,150,,200,livres,0.75,sources/Local/Archives_de_la_CCI_de_Marseille_I_23_Marseille_Exports_1757.csv,Archives de la CCI de Marseille - I 23,13,,,,,Teklia-Jules Oudot-Marie Engsi,0,,0,,,,,,,,,
758,Local,1757,Marseille,,Levant,Exports,Huile de noix,,,100,,400,livres,0.25,sources/Local/Archives_de_la_CCI_de_Marseille_I_23_Marseille_Exports_1757.csv,Archives de la CCI de Marseille - I 23,13,,,,,Teklia-Jules Oudot-Marie Engsi,0,,0,,,,,,,,,
759,Local,1757,Marseille,,Levant,Exports,Huile d'olive,,,1204,,3010,livres,0.4,sources/Local/Archives_de_la_CCI_de_Marseille_I_23_Marseille_Exports_1757.csv,Archives de la CCI de Marseille - I 23,13,,,,,Teklia-Jules Oudot-Marie Engsi,0,,0,,,,,,,,,
760,Local,1757,Marseille,,Levant,Exports,Jambons,,,690,,1380,livres,0.5,sources/Local/Archives_de_la_CCI_de_Marseille_I_23_Marseille_Exports_1757.csv,Archives de la CCI de Marseille - I 23,13,,,,,Teklia-Jules Oudot-Marie Engsi,0,,0,,,,,,,,,
761,Local,1757,Marseille,,Levant,Exports,Indigo,,,639522,,106587,livres,6,sources/Local/Archives_de_la_CCI_de_Marseille_I_23_Marseille_Exports_1757.csv,Archives de la CCI de Marseille - I 23,13,,,,,Teklia-Jules Oudot-Marie Engsi,0,,0,,,,,,,,,
762,Local,1757,Marseille,,Levant,Exports,Indienne,,,15225,,1015,pièces,15,sources/Local/Archives_de_la_CCI_de_Marseille_I_23_Marseille_Exports_1757.csv,Archives de la CCI de Marseille - I 23,13,,,,,Teklia-Jules Oudot-Marie Engsi,0,,0,,,,,,,,,
763,Local,1757,Marseille,,Levant,Exports,Jongs,,,68,,1365,livres,0.05,sources/Local/Archives_de_la_CCI_de_Marseille_I_23_Marseille_Exports_1757.csv,Archives de la CCI de Marseille - I 23,13,,,,,Teklia-Jules Oudot-Marie Engsi,0,,-0.25,,,,,,,,,
764,Local,1757,Marseille,,Levant,Exports,Laine de chevron,,,3375,,1125,livres,3,sources/Local/Archives_de_la_CCI_de_Marseille_I_23_Marseille_Exports_1757.csv,Archives de la CCI de Marseille - I 23,13,,,,,Teklia-Jules Oudot-Marie Engsi,0,,0,,,,,,,,,
765,Local,1757,Marseille,,Levant,Exports,Laine de ségovie,,,301312,,150656,livres,2,sources/Local/Archives_de_la_CCI_de_Marseille_I_23_Marseille_Exports_1757.csv,Archives de la CCI de Marseille - I 23,13,,,,,Teklia-Jules Oudot-Marie Engsi,0,,0,,,,,,,,,
766,Local,1757,Marseille,,Levant,Exports,Lard,,,422,,845,livres,0.5,sources/Local/Archives_de_la_CCI_de_Marseille_I_23_Marseille_Exports_1757.csv,Archives de la CCI de Marseille - I 23,13,,,,,Teklia-Jules Oudot-Marie Engsi,0,,-0.5,,,,,,,,,
767,Local,1757,Marseille,,Levant,Exports,Legumes,,,642,,4283,livres,0.15,sources/Local/Archives_de_la_CCI_de_Marseille_I_23_Marseille_Exports_1757.csv,Archives de la CCI de Marseille - I 23,13,,,,,Teklia-Jules Oudot-Marie Engsi,0,,-0.449999999999932,,,,,,,,,
768,Local,1757,Marseille,,Levant,Exports,Librairie,,,10120,,5060,livres,2,sources/Local/Archives_de_la_CCI_de_Marseille_I_23_Marseille_Exports_1757.csv,Archives de la CCI de Marseille - I 23,13,,,,,Teklia-Jules Oudot-Marie Engsi,0,,0,,,,,,,,,
769,Local,1757,Marseille,,Levant,Exports,Lime d'acier,,,1020,,85,douzaine,12,sources/Local/Archives_de_la_CCI_de_Marseille_I_23_Marseille_Exports_1757.csv,Archives de la CCI de Marseille - I 23,13,,,,,Teklia-Jules Oudot-Marie Engsi,0,,0,,,,,,,,,
770,Local,1757,Marseille,,Levant,Exports,Liqueur,,,35749,,47666,livres,0.75,sources/Local/Archives_de_la_CCI_de_Marseille_I_23_Marseille_Exports_1757.csv,Archives de la CCI de Marseille - I 23,13,,,,,Teklia-Jules Oudot-Marie Engsi,0,,-0.5,,,,,,,,,
771,Local,1757,Marseille,,Levant,Exports,Lustre de venise,,,24825,,16550,livres,1.5,sources/Local/Archives_de_la_CCI_de_Marseille_I_23_Marseille_Exports_1757.csv,Archives de la CCI de Marseille - I 23,13,,,,,Teklia-Jules Oudot-Marie Engsi,0,,0,,,,,,,,,
772,Local,1757,Marseille,,Levant,Exports,Mane,,,125,,100,livres,1.25,sources/Local/Archives_de_la_CCI_de_Marseille_I_23_Marseille_Exports_1757.csv,Archives de la CCI de Marseille - I 23,13,,,,,Teklia-Jules Oudot-Marie Engsi,0,,0,,,,,,,,,
773,Local,1757,Marseille,,Levant,Exports,Marbre ouvré,,,750,,1500,carreaux,0.5,sources/Local/Archives_de_la_CCI_de_Marseille_I_23_Marseille_Exports_1757.csv,Archives de la CCI de Marseille - I 23,13,,,,,Teklia-Jules Oudot-Marie Engsi,0,,0,,,,,,,,,
774,Local,1757,Marseille,,Levant,Exports,Marbre ouvré,,,300,,6000,livres,0.05,sources/Local/Archives_de_la_CCI_de_Marseille_I_23_Marseille_Exports_1757.csv,Archives de la CCI de Marseille - I 23,13,,,,,Teklia-Jules Oudot-Marie Engsi,0,ligne rajoutée,0,,,,,,,,,
775,Local,1757,Marseille,,Levant,Exports,Mercerie,,,159218,,45491,livres,3.5,sources/Local/Archives_de_la_CCI_de_Marseille_I_23_Marseille_Exports_1757.csv,Archives de la CCI de Marseille - I 23,13,,,,,Teklia-Jules Oudot-Marie Engsi,0,,-0.5,,,,,,,,,
776,Local,1757,Marseille,,Levant,Exports,Miel,,,1938,,12920,livres,0.15,sources/Local/Archives_de_la_CCI_de_Marseille_I_23_Marseille_Exports_1757.csv,Archives de la CCI de Marseille - I 23,13,,,,,Teklia-Jules Oudot-Marie Engsi,0,,0,,,,,,,,,
777,Local,1757,Marseille,,Levant,Exports,Morüe,,,75,,500,livres,0.15,sources/Local/Archives_de_la_CCI_de_Marseille_I_23_Marseille_Exports_1757.csv,Archives de la CCI de Marseille - I 23,13,,,,,Teklia-Jules Oudot-Marie Engsi,0,,0,,,,,,,,,
778,Local,1757,Marseille,,Levant,Exports,Mouchoirs de coton,,,2400,,300,pièces,8,sources/Local/Archives_de_la_CCI_de_Marseille_I_23_Marseille_Exports_1757.csv,Archives de la CCI de Marseille - I 23,13,,,,,Teklia-Jules Oudot-Marie Engsi,0,,0,,,,,,,,,
779,Local,1757,Marseille,,Levant,Exports,Mouchoirs de soye,,,1372,,49,douzaine,28,sources/Local/Archives_de_la_CCI_de_Marseille_I_23_Marseille_Exports_1757.csv,Archives de la CCI de Marseille - I 23,13,,,,,Teklia-Jules Oudot-Marie Engsi,0,,0,,,,,,,,,
780,Local,1757,Marseille,,Levant,Exports,Mouchoir de soye,,,3200,,80,livres,40,sources/Local/Archives_de_la_CCI_de_Marseille_I_23_Marseille_Exports_1757.csv,Archives de la CCI de Marseille - I 23,13,,,,,Teklia-Jules Oudot-Marie Engsi,0,,0,,,,,,,,,
781,Local,1757,Marseille,,Levant,Exports,Muscades,,,2640,,352,livres,7.5,sources/Local/Archives_de_la_CCI_de_Marseille_I_23_Marseille_Exports_1757.csv,Archives de la CCI de Marseille - I 23,13,,,,,Teklia-Jules Oudot-Marie Engsi,0,,0,,,,,,,,,
782,Local,1757,Marseille,,Levant,Exports,Olives,,,22,,150,livres,0.15,sources/Local/Archives_de_la_CCI_de_Marseille_I_23_Marseille_Exports_1757.csv,Archives de la CCI de Marseille - I 23,13,,,,,Teklia-Jules Oudot-Marie Engsi,0,,-0.5,,,,,,,,,
783,Local,1757,Marseille,,Levant,Exports,Opium,,,300,,50,livres,6,sources/Local/Archives_de_la_CCI_de_Marseille_I_23_Marseille_Exports_1757.csv,Archives de la CCI de Marseille - I 23,13,,,,,Teklia-Jules Oudot-Marie Engsi,0,,0,,,,,,,,,
784,Local,1757,Marseille,,Levant,Exports,Papier blanc,,,407196,,67866,rames,6,sources/Local/Archives_de_la_CCI_de_Marseille_I_23_Marseille_Exports_1757.csv,Archives de la CCI de Marseille - I 23,13,,,,,Teklia-Jules Oudot-Marie Engsi,0,,0,,,,,,,,,
785,Local,1757,Marseille,,Levant,Exports,Peaux de chamois,,,975,,650,livres,1.5,sources/Local/Archives_de_la_CCI_de_Marseille_I_23_Marseille_Exports_1757.csv,Archives de la CCI de Marseille - I 23,13,,,,,Teklia-Jules Oudot-Marie Engsi,0,,0,,,,,,,,,
786,Local,1757,Marseille,,Levant,Exports,Peaux de veau tannées,,,2617,,2094,livres,1.25,sources/Local/Archives_de_la_CCI_de_Marseille_I_23_Marseille_Exports_1757.csv,Archives de la CCI de Marseille - I 23,13,,,,,Teklia-Jules Oudot-Marie Engsi,0,,-0.5,,,,,,,,,
787,Local,1757,Marseille,,Levant,Exports,Peignes de buis,,,25200,,16800,livres,1.5,sources/Local/Archives_de_la_CCI_de_Marseille_I_23_Marseille_Exports_1757.csv,Archives de la CCI de Marseille - I 23,13,,,,,Teklia-Jules Oudot-Marie Engsi,0,,0,,,,,,,,,
788,Local,1757,Marseille,,Levant,Exports,Pelleterie,,,3350,,1340,livres,2.5,sources/Local/Archives_de_la_CCI_de_Marseille_I_23_Marseille_Exports_1757.csv,Archives de la CCI de Marseille - I 23,13,,,,,Teklia-Jules Oudot-Marie Engsi,0,,0,,,,,,,,,
789,Local,1757,Marseille,,Levant,Exports,Pierre a fusils,,,1000,,10000,livres,0.1,sources/Local/Archives_de_la_CCI_de_Marseille_I_23_Marseille_Exports_1757.csv,Archives de la CCI de Marseille - I 23,13,,,,,Teklia-Jules Oudot-Marie Engsi,0,,0,,,,,,,,,
790,Local,1757,Marseille,,Levant,Exports,Pignons d'épine,,,2025,,675,livres,3,sources/Local/Archives_de_la_CCI_de_Marseille_I_23_Marseille_Exports_1757.csv,Archives de la CCI de Marseille - I 23,13,,,,,Teklia-Jules Oudot-Marie Engsi,0,,0,,,,,,,,,
791,Local,1757,Marseille,,Levant,Exports,Planches de sapin,,,480,,48,douzaine,10,sources/Local/Archives_de_la_CCI_de_Marseille_I_23_Marseille_Exports_1757.csv,Archives de la CCI de Marseille - I 23,13,,,,,Teklia-Jules Oudot-Marie Engsi,0,,0,,,,,,,,,
792,Local,1757,Marseille,,Levant,Exports,Plants de jardin,,,13,,260,livres,0.05,sources/Local/Archives_de_la_CCI_de_Marseille_I_23_Marseille_Exports_1757.csv,Archives de la CCI de Marseille - I 23,13,,,,,Teklia-Jules Oudot-Marie Engsi,0,,0,,,,,,,,,
793,Local,1757,Marseille,,Levant,Exports,Plomb en grenaille,,,6760,,27043,livres,0.25,sources/Local/Archives_de_la_CCI_de_Marseille_I_23_Marseille_Exports_1757.csv,Archives de la CCI de Marseille - I 23,13,,,,,Teklia-Jules Oudot-Marie Engsi,0,,-0.75,,,,,,,,,
794,Local,1757,Marseille,,Levant,Exports,Plomb en saumon,,,6982,,34911,livres,0.2,sources/Local/Archives_de_la_CCI_de_Marseille_I_23_Marseille_Exports_1757.csv,Archives de la CCI de Marseille - I 23,13,,,,,Teklia-Jules Oudot-Marie Engsi,0,,-0.200000000000728,,,,,,,,,
795,Local,1757,Marseille,,Levant,Exports,Poissons salés,,,941,,3766,livres,0.25,sources/Local/Archives_de_la_CCI_de_Marseille_I_23_Marseille_Exports_1757.csv,Archives de la CCI de Marseille - I 23,13,,,,,Teklia-Jules Oudot-Marie Engsi,0,,-0.5,,,,,,,,,
796,Local,1757,Marseille,,Levant,Exports,Poivre,,,19474,,17704,livres,1.1,sources/Local/Archives_de_la_CCI_de_Marseille_I_23_Marseille_Exports_1757.csv,Archives de la CCI de Marseille - I 23,13,,,,,Teklia-Jules Oudot-Marie Engsi,0,,-0.400000000001455,,,,,,,,,
797,Local,1757,Marseille,,Levant,Exports,Poix raisine,,,18,,200,livres,0.09,sources/Local/Archives_de_la_CCI_de_Marseille_I_23_Marseille_Exports_1757.csv,Archives de la CCI de Marseille - I 23,13,,,,,Teklia-Jules Oudot-Marie Engsi,0,,0,,,,,,,,,
798,Local,1757,Marseille,,Levant,Exports,Poudre a canon,,,900,,900,livres,1,sources/Local/Archives_de_la_CCI_de_Marseille_I_23_Marseille_Exports_1757.csv,Archives de la CCI de Marseille - I 23,13,,,,,Teklia-Jules Oudot-Marie Engsi,0,,0,,,,,,,,,
799,Local,1757,Marseille,,Levant,Exports,Pruneaux,,,2825,,14125,livres,0.2,sources/Local/Archives_de_la_CCI_de_Marseille_I_23_Marseille_Exports_1757.csv,Archives de la CCI de Marseille - I 23,13,,,,,Teklia-Jules Oudot-Marie Engsi,0,,0,,,,,,,,,
800,Local,1757,Marseille,,Levant,Exports,Quincaille de fer et acier,,,31863,,31863,livres,1,sources/Local/Archives_de_la_CCI_de_Marseille_I_23_Marseille_Exports_1757.csv,Archives de la CCI de Marseille - I 23,13,,,,,Teklia-Jules Oudot-Marie Engsi,0,,0,,,,,,,,,
801,Local,1757,Marseille,,Levant,Exports,Quiquina,,,9448,,2362,livres,4,sources/Local/Archives_de_la_CCI_de_Marseille_I_23_Marseille_Exports_1757.csv,Archives de la CCI de Marseille - I 23,13,,,,,Teklia-Jules Oudot-Marie Engsi,0,,0,,,,,,,,,
802,Local,1757,Marseille,,Levant,Exports,Raisin sec,,,6250,,31250,livres,0.2,sources/Local/Archives_de_la_CCI_de_Marseille_I_23_Marseille_Exports_1757.csv,Archives de la CCI de Marseille - I 23,13,,,,,Teklia-Jules Oudot-Marie Engsi,0,,0,,,,,,,,,
803,Local,1757,Marseille,,Levant,Exports,Ris,,,36,,300,livres,0.12,sources/Local/Archives_de_la_CCI_de_Marseille_I_23_Marseille_Exports_1757.csv,Archives de la CCI de Marseille - I 23,13,,,,,Teklia-Jules Oudot-Marie Engsi,0,,0,,,,,,,,,
804,Local,1757,Marseille,,Levant,Exports,Rocou,,,726,,726,livres,1,sources/Local/Archives_de_la_CCI_de_Marseille_I_23_Marseille_Exports_1757.csv,Archives de la CCI de Marseille - I 23,13,,,,,Teklia-Jules Oudot-Marie Engsi,0,,0,,,,,,,,,
805,Local,1757,Marseille,,Levant,Exports,Saffran,,,20640,,1376,livres,15,sources/Local/Archives_de_la_CCI_de_Marseille_I_23_Marseille_Exports_1757.csv,Archives de la CCI de Marseille - I 23,13,,,,,Teklia-Jules Oudot-Marie Engsi,0,,0,,,,,,,,,
806,Local,1757,Marseille,,Levant,Exports,Saffranon,,,809,,1245,livres,0.65,sources/Local/Archives_de_la_CCI_de_Marseille_I_23_Marseille_Exports_1757.csv,Archives de la CCI de Marseille - I 23,13,,,,,Teklia-Jules Oudot-Marie Engsi,0,,-0.25,,,,,,,,,
807,Local,1757,Marseille,,Levant,Exports,Saumon salé,,,1875,,7500,livres,0.25,sources/Local/Archives_de_la_CCI_de_Marseille_I_23_Marseille_Exports_1757.csv,Archives de la CCI de Marseille - I 23,13,,,,,Teklia-Jules Oudot-Marie Engsi,0,,0,,,,,,,,,
808,Local,1757,Marseille,,Levant,Exports,Savon,,,823,,2744,livres,0.3,sources/Local/Archives_de_la_CCI_de_Marseille_I_23_Marseille_Exports_1757.csv,Archives de la CCI de Marseille - I 23,13,,,,,Teklia-Jules Oudot-Marie Engsi,0,,-0.199999999999932,,,,,,,,,
809,Local,1757,Marseille,,Levant,Exports,Savonnettes,,,100,,100,livres,1,sources/Local/Archives_de_la_CCI_de_Marseille_I_23_Marseille_Exports_1757.csv,Archives de la CCI de Marseille - I 23,13,,,,,Teklia-Jules Oudot-Marie Engsi,0,,0,,,,,,,,,
810,Local,1757,Marseille,,Levant,Exports,Sel armoniac,,,2364,,2364,livres,1,sources/Local/Archives_de_la_CCI_de_Marseille_I_23_Marseille_Exports_1757.csv,Archives de la CCI de Marseille - I 23,13,,,,,Teklia-Jules Oudot-Marie Engsi,0,,0,,,,,,,,,
811,Local,1757,Marseille,,Levant,Exports,Sirop de capitaine,,,23416,,23416,livres,1,sources/Local/Archives_de_la_CCI_de_Marseille_I_23_Marseille_Exports_1757.csv,Archives de la CCI de Marseille - I 23,13,,,,,Teklia-Jules Oudot-Marie Engsi,0,,0,,,,,,,,,
812,Local,1757,Marseille,,Levant,Exports,Sirop de melasse,,,6670,,83375,livres,0.08,sources/Local/Archives_de_la_CCI_de_Marseille_I_23_Marseille_Exports_1757.csv,Archives de la CCI de Marseille - I 23,13,,,,,Teklia-Jules Oudot-Marie Engsi,0,,0,,,,,,,,,
813,Local,1757,Marseille,,Levant,Exports,Souffre,,,12696,,84640,livres,0.15,sources/Local/Archives_de_la_CCI_de_Marseille_I_23_Marseille_Exports_1757.csv,Archives de la CCI de Marseille - I 23,14,,,,,Teklia-Jules Oudot-Marie Engsi,0,,0,,,,,,,,,
814,Local,1757,Marseille,,Levant,Exports,Souliers,,,350,,100,paires,3.5,sources/Local/Archives_de_la_CCI_de_Marseille_I_23_Marseille_Exports_1757.csv,Archives de la CCI de Marseille - I 23,14,,,,,Teklia-Jules Oudot-Marie Engsi,0,,0,,,,,,,,,
815,Local,1757,Marseille,,Levant,Exports,Soye aprestée,,,32060,,1603,livres,20,sources/Local/Archives_de_la_CCI_de_Marseille_I_23_Marseille_Exports_1757.csv,Archives de la CCI de Marseille - I 23,14,,,,,Teklia-Jules Oudot-Marie Engsi,0,,0,,,,,,,,,
816,Local,1757,Marseille,,Levant,Exports,Stocfiche,,,135,,900,livres,0.15,sources/Local/Archives_de_la_CCI_de_Marseille_I_23_Marseille_Exports_1757.csv,Archives de la CCI de Marseille - I 23,14,,,,,Teklia-Jules Oudot-Marie Engsi,0,,0,,,,,,,,,
817,Local,1757,Marseille,,Levant,Exports,Sublimé,,,418,,93,livres,4.5,sources/Local/Archives_de_la_CCI_de_Marseille_I_23_Marseille_Exports_1757.csv,Archives de la CCI de Marseille - I 23,14,,,,,Teklia-Jules Oudot-Marie Engsi,0,,-0.5,,,,,,,,,
818,Local,1757,Marseille,,Levant,Exports,Sucre blanc,,,305465,,678812,livres,0.45,sources/Local/Archives_de_la_CCI_de_Marseille_I_23_Marseille_Exports_1757.csv,Archives de la CCI de Marseille - I 23,14,,,,,Teklia-Jules Oudot-Marie Engsi,0,,-0.400000000023283,,,,,,,,,
819,Local,1757,Marseille,,Levant,Exports,Sucre brut,,,3741,,10689,livres,0.35,sources/Local/Archives_de_la_CCI_de_Marseille_I_23_Marseille_Exports_1757.csv,Archives de la CCI de Marseille - I 23,14,,,,,Teklia-Jules Oudot-Marie Engsi,0,,-0.149999999999636,,,,,,,,,
820,Local,1757,Marseille,,Levant,Exports,Sucre candy,,,200,,200,livres,1,sources/Local/Archives_de_la_CCI_de_Marseille_I_23_Marseille_Exports_1757.csv,Archives de la CCI de Marseille - I 23,14,,,,,Teklia-Jules Oudot-Marie Engsi,0,,0,,,,,,,,,
821,Local,1757,Marseille,,Levant,Exports,Surcre rafiné,,,97507,,162509,livres,0.6,sources/Local/Archives_de_la_CCI_de_Marseille_I_23_Marseille_Exports_1757.csv,Archives de la CCI de Marseille - I 23,14,,,,,Teklia-Jules Oudot-Marie Engsi,0,,1.60000000000582,,,,,,,,,
822,Local,1757,Marseille,,Levant,Exports,Tabac de la ferme,,,590,,227,livres,2.6,sources/Local/Archives_de_la_CCI_de_Marseille_I_23_Marseille_Exports_1757.csv,Archives de la CCI de Marseille - I 23,14,,,,,Teklia-Jules Oudot-Marie Engsi,0,,-0.200000000000045,,,,,,,,,
823,Local,1757,Marseille,,Levant,Exports,Tableaux,,,2100,,35,douzaine,60,sources/Local/Archives_de_la_CCI_de_Marseille_I_23_Marseille_Exports_1757.csv,Archives de la CCI de Marseille - I 23,14,,,,,Teklia-Jules Oudot-Marie Engsi,0,,0,,,,,,,,,
824,Local,1757,Marseille,,Levant,Exports,Tartre,,,21769,,90706,livres,0.24,sources/Local/Archives_de_la_CCI_de_Marseille_I_23_Marseille_Exports_1757.csv,Archives de la CCI de Marseille - I 23,14,,,,,Teklia-Jules Oudot-Marie Engsi,0,,-0.43999999999869,,,,,,,,,
825,Local,1757,Marseille,,Levant,Exports,Tayolle,,,96,,24,pièce,4,sources/Local/Archives_de_la_CCI_de_Marseille_I_23_Marseille_Exports_1757.csv,Archives de la CCI de Marseille - I 23,14,,,,,Teklia-Jules Oudot-Marie Engsi,0,,0,,,,,,,,,
826,Local,1757,Marseille,,Levant,Exports,Terebenthine,,,60,,150,livres,0.4,sources/Local/Archives_de_la_CCI_de_Marseille_I_23_Marseille_Exports_1757.csv,Archives de la CCI de Marseille - I 23,14,,,,,Teklia-Jules Oudot-Marie Engsi,0,,0,,,,,,,,,
827,Local,1757,Marseille,,Levant,Exports,Terraille,,,235,,150,douzaine,1.5,sources/Local/Archives_de_la_CCI_de_Marseille_I_23_Marseille_Exports_1757.csv,Archives de la CCI de Marseille - I 23,14,,,,,Teklia-Jules Oudot-Marie Engsi,0,,10,,,,,,,,,
828,Local,1757,Marseille,,Levant,Exports,Terre d'ombre,,,150,,1500,livres,0.1,sources/Local/Archives_de_la_CCI_de_Marseille_I_23_Marseille_Exports_1757.csv,Archives de la CCI de Marseille - I 23,14,,,,,Teklia-Jules Oudot-Marie Engsi,0,,0,,,,,,,,,
829,Local,1757,Marseille,,Levant,Exports,Terre de plomb,,,2570,,8567,livres,0.3,sources/Local/Archives_de_la_CCI_de_Marseille_I_23_Marseille_Exports_1757.csv,Archives de la CCI de Marseille - I 23,14,,,,,Teklia-Jules Oudot-Marie Engsi,0,,-0.0999999999999091,,,,,,,,,
830,Local,1757,Marseille,,Levant,Exports,Thé,,,560,,160,livres,3.5,sources/Local/Archives_de_la_CCI_de_Marseille_I_23_Marseille_Exports_1757.csv,Archives de la CCI de Marseille - I 23,14,,,,,Teklia-Jules Oudot-Marie Engsi,0,"Signe difficile à interpréter pour la valeur unitaire (omega ?). 3.5 est le prix de 1756, et cela tombe juste. Je privilégie cette valeur unitaire",0,,,,,,,,,
831,Local,1757,Marseille,,Levant,Exports,Toile d'aman,,,600,,40,pièce,15,sources/Local/Archives_de_la_CCI_de_Marseille_I_23_Marseille_Exports_1757.csv,Archives de la CCI de Marseille - I 23,14,,,,,Teklia-Jules Oudot-Marie Engsi,0,,0,,,,,,,,,
832,Local,1757,Marseille,,Levant,Exports,Toile blanche,,,360,,60,pièce,6,sources/Local/Archives_de_la_CCI_de_Marseille_I_23_Marseille_Exports_1757.csv,Archives de la CCI de Marseille - I 23,14,,,,,Teklia-Jules Oudot-Marie Engsi,0,,0,,,,,,,,,
833,Local,1757,Marseille,,Levant,Exports,Toile blanche,,,41565,,8313,livres,5,sources/Local/Archives_de_la_CCI_de_Marseille_I_23_Marseille_Exports_1757.csv,Archives de la CCI de Marseille - I 23,14,,,,,Teklia-Jules Oudot-Marie Engsi,0,,0,,,,,,,,,
834,Local,1757,Marseille,,Levant,Exports,Toile de cambray,,,7000,,100,pièces,70,sources/Local/Archives_de_la_CCI_de_Marseille_I_23_Marseille_Exports_1757.csv,Archives de la CCI de Marseille - I 23,14,,,,,Teklia-Jules Oudot-Marie Engsi,0,"Prix un peu élevé, mais plausible. Quantité:valeur faible. Je suppose une erreur de multiplication et je change la valeur de 700 à 7000",0,,,,,,,,,
835,Local,1757,Marseille,,Levant,Exports,Toile diverses,,,181120,,45280,livres,4,sources/Local/Archives_de_la_CCI_de_Marseille_I_23_Marseille_Exports_1757.csv,Archives de la CCI de Marseille - I 23,14,,,,,Teklia-Jules Oudot-Marie Engsi,0,,0,,,,,,,,,
836,Local,1757,Marseille,,Levant,Exports,Toile d'emballage,,,1870,,187,pièces,10,sources/Local/Archives_de_la_CCI_de_Marseille_I_23_Marseille_Exports_1757.csv,Archives de la CCI de Marseille - I 23,14,,,,,Teklia-Jules Oudot-Marie Engsi,0,,0,,,,,,,,,
837,Local,1757,Marseille,,Levant,Exports,Toile d'emballage,,,12380,,12380,livres,1,sources/Local/Archives_de_la_CCI_de_Marseille_I_23_Marseille_Exports_1757.csv,Archives de la CCI de Marseille - I 23,14,,,,,Teklia-Jules Oudot-Marie Engsi,0,,0,,,,,,,,,
838,Local,1757,Marseille,,Levant,Exports,Tuilles,,,200,,10,milliers,20,sources/Local/Archives_de_la_CCI_de_Marseille_I_23_Marseille_Exports_1757.csv,Archives de la CCI de Marseille - I 23,14,,,,,Teklia-Jules Oudot-Marie Engsi,0,,0,,,,,,,,,
839,Local,1757,Marseille,,Levant,Exports,Verdet,,,4677,,5847,livres,0.8,sources/Local/Archives_de_la_CCI_de_Marseille_I_23_Marseille_Exports_1757.csv,Archives de la CCI de Marseille - I 23,14,,,,,Teklia-Jules Oudot-Marie Engsi,0,,-0.600000000000364,,,,,,,,,
840,Local,1757,Marseille,,Levant,Exports,Vermichel,,,100,,500,livres,0.2,sources/Local/Archives_de_la_CCI_de_Marseille_I_23_Marseille_Exports_1757.csv,Archives de la CCI de Marseille - I 23,14,,,,,Teklia-Jules Oudot-Marie Engsi,0,,0,,,,,,,,,
841,Local,1757,Marseille,,Levant,Exports,Vermillon,,,133685,,26737,livres,5,sources/Local/Archives_de_la_CCI_de_Marseille_I_23_Marseille_Exports_1757.csv,Archives de la CCI de Marseille - I 23,14,,,,,Teklia-Jules Oudot-Marie Engsi,0,,0,,,,,,,,,
842,Local,1757,Marseille,,Levant,Exports,Verres a boire,,,8550,,8550,livres,1,sources/Local/Archives_de_la_CCI_de_Marseille_I_23_Marseille_Exports_1757.csv,Archives de la CCI de Marseille - I 23,14,,,,,Teklia-Jules Oudot-Marie Engsi,0,,0,,,,,,,,,
843,Local,1757,Marseille,,Levant,Exports,Verres cristalins,,,300,,150,livres,2,sources/Local/Archives_de_la_CCI_de_Marseille_I_23_Marseille_Exports_1757.csv,Archives de la CCI de Marseille - I 23,14,,,,,Teklia-Jules Oudot-Marie Engsi,0,,0,,,,,,,,,
844,Local,1757,Marseille,,Levant,Exports,Vin blanc,,,240,,10,millerolles,24,sources/Local/Archives_de_la_CCI_de_Marseille_I_23_Marseille_Exports_1757.csv,Archives de la CCI de Marseille - I 23,14,,,,,Teklia-Jules Oudot-Marie Engsi,0,,0,,,,,,,,,
845,Local,1757,Marseille,,Levant,Exports,Vin muscat,,,1200,,30,millerolles,40,sources/Local/Archives_de_la_CCI_de_Marseille_I_23_Marseille_Exports_1757.csv,Archives de la CCI de Marseille - I 23,14,,,,,Teklia-Jules Oudot-Marie Engsi,0,,0,,,,,,,,,
846,Local,1757,Marseille,,Levant,Exports,Vin rouge,,,30807,,3423,millerolles,9,sources/Local/Archives_de_la_CCI_de_Marseille_I_23_Marseille_Exports_1757.csv,Archives de la CCI de Marseille - I 23,14,,,,,Teklia-Jules Oudot-Marie Engsi,0,,0,,,,,,,,,
847,Local,1757,Marseille,,Nord,Exports,Alun,,,73,,610,livres,0.12,sources/Local/Archives_de_la_CCI_de_Marseille_I_23_Marseille_Exports_1757.csv,Archives de la CCI de Marseille - I 23,14,,,,,Teklia-Jules Oudot-Marie Engsi,0,,-0.200000000000003,,,,,,,,,
848,Local,1757,Marseille,,Nord,Exports,Amandes,,,89568,,447841,livres,0.2,sources/Local/Archives_de_la_CCI_de_Marseille_I_23_Marseille_Exports_1757.csv,Archives de la CCI de Marseille - I 23,14,,,,,Teklia-Jules Oudot-Marie Engsi,0,,-0.200000000011642,,,,,,,,,
849,Local,1757,Marseille,,Nord,Exports,Caffé,,,40993,,29281,livres,1.4,sources/Local/Archives_de_la_CCI_de_Marseille_I_23_Marseille_Exports_1757.csv,Archives de la CCI de Marseille - I 23,14,,,,,Teklia-Jules Oudot-Marie Engsi,0,,-0.399999999994179,,,,,,,,,
850,Local,1757,Marseille,,Nord,Exports,Capres,,,38684,,128949,livres,0.3,sources/Local/Archives_de_la_CCI_de_Marseille_I_23_Marseille_Exports_1757.csv,Archives de la CCI de Marseille - I 23,14,,,,,Teklia-Jules Oudot-Marie Engsi,0,,-0.69999999999709,,,,,,,,,
851,Local,1757,Marseille,,Nord,Exports,Cantarides,,,8587,,3435,livres,2.5,sources/Local/Archives_de_la_CCI_de_Marseille_I_23_Marseille_Exports_1757.csv,Archives de la CCI de Marseille - I 23,14,,,,,Teklia-Jules Oudot-Marie Engsi,0,,-0.5,,,,,,,,,
852,Local,1757,Marseille,,Nord,Exports,Cendre,,,2107,,15050,livres,0.14,sources/Local/Archives_de_la_CCI_de_Marseille_I_23_Marseille_Exports_1757.csv,Archives de la CCI de Marseille - I 23,14,,,,,Teklia-Jules Oudot-Marie Engsi,0,,0,,,,,,,,,
853,Local,1757,Marseille,,Nord,Exports,Colle de poisson,,,696,,232,livres,3,sources/Local/Archives_de_la_CCI_de_Marseille_I_23_Marseille_Exports_1757.csv,Archives de la CCI de Marseille - I 23,14,,,,,Teklia-Jules Oudot-Marie Engsi,0,,0,,,,,,,,,
854,Local,1757,Marseille,,Nord,Exports,Coton filé,,,1595,,1450,livres,1.1,sources/Local/Archives_de_la_CCI_de_Marseille_I_23_Marseille_Exports_1757.csv,Archives de la CCI de Marseille - I 23,14,,,,,Teklia-Jules Oudot-Marie Engsi,0,,0,,,,,,,,,
855,Local,1757,Marseille,,Nord,Exports,Coton en laine,,,560,,1120,livres,0.5,sources/Local/Archives_de_la_CCI_de_Marseille_I_23_Marseille_Exports_1757.csv,Archives de la CCI de Marseille - I 23,14,,,,,Teklia-Jules Oudot-Marie Engsi,0,,0,,,,,,,,,
856,Local,1757,Marseille,,Nord,Exports,Creme de tartre,,,2343,,7811,livres,0.3,sources/Local/Archives_de_la_CCI_de_Marseille_I_23_Marseille_Exports_1757.csv,Archives de la CCI de Marseille - I 23,14,,,,,Teklia-Jules Oudot-Marie Engsi,0,,-0.299999999999727,,,,,,,,,
857,Local,1757,Marseille,,Nord,Exports,Cumin,,,6666,,33332,livres,0.2,sources/Local/Archives_de_la_CCI_de_Marseille_I_23_Marseille_Exports_1757.csv,Archives de la CCI de Marseille - I 23,14,,,,,Teklia-Jules Oudot-Marie Engsi,0,,-0.400000000000546,,,,,,,,,
858,Local,1757,Marseille,,Nord,Exports,Dattes,,,477,,1910,livres,0.25,sources/Local/Archives_de_la_CCI_de_Marseille_I_23_Marseille_Exports_1757.csv,Archives de la CCI de Marseille - I 23,14,,,,,Teklia-Jules Oudot-Marie Engsi,0,,-0.5,,,,,,,,,
859,Local,1757,Marseille,,Nord,Exports,Eau de la reine d'Hongrie,,,757,,1010,livres,0.75,sources/Local/Archives_de_la_CCI_de_Marseille_I_23_Marseille_Exports_1757.csv,Archives de la CCI de Marseille - I 23,14,,,,,Teklia-Jules Oudot-Marie Engsi,0,,-0.5,,,,,,,,,
860,Local,1757,Marseille,,Nord,Exports,Eau de vie,,,3015,,20100,livres,0.15,sources/Local/Archives_de_la_CCI_de_Marseille_I_23_Marseille_Exports_1757.csv,Archives de la CCI de Marseille - I 23,14,,,,,Teklia-Jules Oudot-Marie Engsi,0,,0,,,,,,,,,
861,Local,1757,Marseille,,Nord,Exports,Encens,,,3554,,7109,livres,0.5,sources/Local/Archives_de_la_CCI_de_Marseille_I_23_Marseille_Exports_1757.csv,Archives de la CCI de Marseille - I 23,14,,,,,Teklia-Jules Oudot-Marie Engsi,0,,-0.5,,,,,,,,,
862,Local,1757,Marseille,,Nord,Exports,Eponges,,,250,,250,livres,1,sources/Local/Archives_de_la_CCI_de_Marseille_I_23_Marseille_Exports_1757.csv,Archives de la CCI de Marseille - I 23,14,,,,,Teklia-Jules Oudot-Marie Engsi,0,,0,,,,,,,,,
863,Local,1757,Marseille,,Nord,Exports,Fayance,,,3000,,6000,livres,0.5,sources/Local/Archives_de_la_CCI_de_Marseille_I_23_Marseille_Exports_1757.csv,Archives de la CCI de Marseille - I 23,14,,,,,Teklia-Jules Oudot-Marie Engsi,0,,0,,,,,,,,,
864,Local,1757,Marseille,,Nord,Exports,Galles,,,47038,,94076,livres,0.5,sources/Local/Archives_de_la_CCI_de_Marseille_I_23_Marseille_Exports_1757.csv,Archives de la CCI de Marseille - I 23,14,,,,,Teklia-Jules Oudot-Marie Engsi,0,,0,,,,,,,,,
865,Local,1757,Marseille,,Nord,Exports,Garance,,,793,,1983,livres,0.4,sources/Local/Archives_de_la_CCI_de_Marseille_I_23_Marseille_Exports_1757.csv,Archives de la CCI de Marseille - I 23,14,,,,,Teklia-Jules Oudot-Marie Engsi,0,,-0.200000000000045,,,,,,,,,
866,Local,1757,Marseille,,Nord,Exports,Gomme arabique,,,13745,,13745,livres,1,sources/Local/Archives_de_la_CCI_de_Marseille_I_23_Marseille_Exports_1757.csv,Archives de la CCI de Marseille - I 23,14,,,,,Teklia-Jules Oudot-Marie Engsi,0,,0,,,,,,,,,
867,Local,1757,Marseille,,Nord,Exports,Graine d'avignon,,,1822,,7289,livres,0.25,sources/Local/Archives_de_la_CCI_de_Marseille_I_23_Marseille_Exports_1757.csv,Archives de la CCI de Marseille - I 23,14,,,,,Teklia-Jules Oudot-Marie Engsi,0,,-0.25,,,,,,,,,
868,Local,1757,Marseille,,Nord,Exports,Huile d'olive,,,27763,,69409,livres,0.4,sources/Local/Archives_de_la_CCI_de_Marseille_I_23_Marseille_Exports_1757.csv,Archives de la CCI de Marseille - I 23,14,,,,,Teklia-Jules Oudot-Marie Engsi,0,,-0.600000000002183,,,,,,,,,
869,Local,1757,Marseille,,Nord,Exports,Indigo,,,720,,120,livres,6,sources/Local/Archives_de_la_CCI_de_Marseille_I_23_Marseille_Exports_1757.csv,Archives de la CCI de Marseille - I 23,14,,,,,Teklia-Jules Oudot-Marie Engsi,0,,0,,,,,,,,,
870,Local,1757,Marseille,,Nord,Exports,Jais,,,1702,,2270,livres,0.75,sources/Local/Archives_de_la_CCI_de_Marseille_I_23_Marseille_Exports_1757.csv,Archives de la CCI de Marseille - I 23,14,,,,,Teklia-Jules Oudot-Marie Engsi,0,,-0.5,,,,,,,,,
871,Local,1757,Marseille,,Nord,Exports,Juiubes,,,45,,300,livres,0.15,sources/Local/Archives_de_la_CCI_de_Marseille_I_23_Marseille_Exports_1757.csv,Archives de la CCI de Marseille - I 23,14,,,,,Teklia-Jules Oudot-Marie Engsi,0,,0,,,,,,,,,
872,Local,1757,Marseille,,Nord,Exports,Jus de reglisse,,,19039,,54399,livres,0.35,sources/Local/Archives_de_la_CCI_de_Marseille_I_23_Marseille_Exports_1757.csv,Archives de la CCI de Marseille - I 23,14,,,,,Teklia-Jules Oudot-Marie Engsi,0,,-0.649999999997817,,,,,,,,,
873,Local,1757,Marseille,,Nord,Exports,Liege,,,600,,4000,livres,0.15,sources/Local/Archives_de_la_CCI_de_Marseille_I_23_Marseille_Exports_1757.csv,Archives de la CCI de Marseille - I 23,14,,,,,Teklia-Jules Oudot-Marie Engsi,0,,0,,,,,,,,,
874,Local,1757,Marseille,,Nord,Exports,Mane,,,1287,,1030,livres,1.25,sources/Local/Archives_de_la_CCI_de_Marseille_I_23_Marseille_Exports_1757.csv,Archives de la CCI de Marseille - I 23,14,,,,,Teklia-Jules Oudot-Marie Engsi,0,,-0.5,,,,,,,,,
875,Local,1757,Marseille,,Nord,Exports,Miel,,,22,,150,livres,0.15,sources/Local/Archives_de_la_CCI_de_Marseille_I_23_Marseille_Exports_1757.csv,Archives de la CCI de Marseille - I 23,14,,,,,Teklia-Jules Oudot-Marie Engsi,0,,-0.5,,,,,,,,,
876,Local,1757,Marseille,,Nord,Exports,Mirrhe,,,820,,410,livres,2,sources/Local/Archives_de_la_CCI_de_Marseille_I_23_Marseille_Exports_1757.csv,Archives de la CCI de Marseille - I 23,14,,,,,Teklia-Jules Oudot-Marie Engsi,0,,0,,,,,,,,,
877,Local,1757,Marseille,,Nord,Exports,Nacres de perles,,,292,,730,livres,0.4,sources/Local/Archives_de_la_CCI_de_Marseille_I_23_Marseille_Exports_1757.csv,Archives de la CCI de Marseille - I 23,14,,,,,Teklia-Jules Oudot-Marie Engsi,0,,0,,,,,,,,,
878,Local,1757,Marseille,,Nord,Exports,Olives,,,540,,3600,livres,0.15,sources/Local/Archives_de_la_CCI_de_Marseille_I_23_Marseille_Exports_1757.csv,Archives de la CCI de Marseille - I 23,14,,,,,Teklia-Jules Oudot-Marie Engsi,0,,0,,,,,,,,,
879,Local,1757,Marseille,,Nord,Exports,Papier blanc,,,864,,144,rames,6,sources/Local/Archives_de_la_CCI_de_Marseille_I_23_Marseille_Exports_1757.csv,Archives de la CCI de Marseille - I 23,14,,,,,Teklia-Jules Oudot-Marie Engsi,0,,0,,,,,,,,,
880,Local,1757,Marseille,,Nord,Exports,Piment,,,74,,745,livres,0.1,sources/Local/Archives_de_la_CCI_de_Marseille_I_23_Marseille_Exports_1757.csv,Archives de la CCI de Marseille - I 23,15,,,,,Teklia-Jules Oudot-Marie Engsi,0,,-0.5,,,,,,,,,
881,Local,1757,Marseille,,Nord,Exports,Poisson salé,,,2074,,8297,livres,0.25,sources/Local/Archives_de_la_CCI_de_Marseille_I_23_Marseille_Exports_1757.csv,Archives de la CCI de Marseille - I 23,15,,,,,Teklia-Jules Oudot-Marie Engsi,0,,-0.25,,,,,,,,,
882,Local,1757,Marseille,,Nord,Exports,Pruneaux,,,16953,,84766,livres,0.2,sources/Local/Archives_de_la_CCI_de_Marseille_I_23_Marseille_Exports_1757.csv,Archives de la CCI de Marseille - I 23,15,,,,,Teklia-Jules Oudot-Marie Engsi,0,,-0.200000000000728,,,,,,,,,
883,Local,1757,Marseille,,Nord,Exports,Raisins sec,,,271510,,1357552,livres,0.2,sources/Local/Archives_de_la_CCI_de_Marseille_I_23_Marseille_Exports_1757.csv,Archives de la CCI de Marseille - I 23,15,,,,,Teklia-Jules Oudot-Marie Engsi,0,,-0.400000000023283,,,,,,,,,
884,Local,1757,Marseille,,Nord,Exports,Reglisse,,,122.8,,1228,livres,0.1,sources/Local/Archives_de_la_CCI_de_Marseille_I_23_Marseille_Exports_1757.csv,Archives de la CCI de Marseille - I 23,15,,,,,Teklia-Jules Oudot-Marie Engsi,0,"prix illisible. Sans doute 10 lt le quintal ? Encore un urix faible (devrait être 30 lt le quintal d'après les autres flux), mais la valeur inscrite (61 lt) suppose 5 lt le quintal. Je garde 10 lt et je change la valeur",0,,,,,,,,,
885,Local,1757,Marseille,,Nord,Exports,Saffran,,,74430,,4962,livres,15,sources/Local/Archives_de_la_CCI_de_Marseille_I_23_Marseille_Exports_1757.csv,Archives de la CCI de Marseille - I 23,15,,,,,Teklia-Jules Oudot-Marie Engsi,0,,0,,,,,,,,,
886,Local,1757,Marseille,,Nord,Exports,Saffranon,,,8212,,12635,livres,0.65,sources/Local/Archives_de_la_CCI_de_Marseille_I_23_Marseille_Exports_1757.csv,Archives de la CCI de Marseille - I 23,15,,,,,Teklia-Jules Oudot-Marie Engsi,0,,-0.75,,,,,,,,,
887,Local,1757,Marseille,,Nord,Exports,Savon,,,10029,,33430,livres,0.3,sources/Local/Archives_de_la_CCI_de_Marseille_I_23_Marseille_Exports_1757.csv,Archives de la CCI de Marseille - I 23,15,,,,,Teklia-Jules Oudot-Marie Engsi,0,,0,,,,,,,,,
888,Local,1757,Marseille,,Nord,Exports,Sebestre,,,37,,148,livres,0.25,sources/Local/Archives_de_la_CCI_de_Marseille_I_23_Marseille_Exports_1757.csv,Archives de la CCI de Marseille - I 23,15,,,,,Teklia-Jules Oudot-Marie Engsi,0,,0,,,,,,,,,
889,Local,1757,Marseille,,Nord,Exports,Sel armoniac,,,30556,,30556,livres,1,sources/Local/Archives_de_la_CCI_de_Marseille_I_23_Marseille_Exports_1757.csv,Archives de la CCI de Marseille - I 23,15,,,,,Teklia-Jules Oudot-Marie Engsi,0,,0,,,,,,,,,
890,Local,1757,Marseille,,Nord,Exports,Sené,,,525,,350,livres,1.5,sources/Local/Archives_de_la_CCI_de_Marseille_I_23_Marseille_Exports_1757.csv,Archives de la CCI de Marseille - I 23,15,,,,,Teklia-Jules Oudot-Marie Engsi,0,,0,,,,,,,,,
891,Local,1757,Marseille,,Nord,Exports,Sirop d'alkerme,,,798,,665,livres,1.2,sources/Local/Archives_de_la_CCI_de_Marseille_I_23_Marseille_Exports_1757.csv,Archives de la CCI de Marseille - I 23,15,,,,,Teklia-Jules Oudot-Marie Engsi,0,,0,,,,,,,,,
892,Local,1757,Marseille,,Nord,Exports,Souffre,,,1147,,7649,livres,0.15,sources/Local/Archives_de_la_CCI_de_Marseille_I_23_Marseille_Exports_1757.csv,Archives de la CCI de Marseille - I 23,15,,,,,Teklia-Jules Oudot-Marie Engsi,0,,-0.349999999999909,,,,,,,,,
893,Local,1757,Marseille,,Nord,Exports,Soye aprestée,,,154860,,7743,livres,20,sources/Local/Archives_de_la_CCI_de_Marseille_I_23_Marseille_Exports_1757.csv,Archives de la CCI de Marseille - I 23,15,,,,,Teklia-Jules Oudot-Marie Engsi,0,,0,,,,,,,,,
894,Local,1757,Marseille,,Nord,Exports,Stafisaigre,,,360,,600,livres,0.6,sources/Local/Archives_de_la_CCI_de_Marseille_I_23_Marseille_Exports_1757.csv,Archives de la CCI de Marseille - I 23,15,,,,,Teklia-Jules Oudot-Marie Engsi,0,,0,,,,,,,,,
895,Local,1757,Marseille,,Nord,Exports,Toile blanche,,,3250,,650,livres,5,sources/Local/Archives_de_la_CCI_de_Marseille_I_23_Marseille_Exports_1757.csv,Archives de la CCI de Marseille - I 23,15,,,,,Teklia-Jules Oudot-Marie Engsi,0,,0,,,,,,,,,
896,Local,1757,Marseille,,Nord,Exports,Truffes,,,600,,150,livres,4,sources/Local/Archives_de_la_CCI_de_Marseille_I_23_Marseille_Exports_1757.csv,Archives de la CCI de Marseille - I 23,15,,,,,Teklia-Jules Oudot-Marie Engsi,0,,0,,,,,,,,,
897,Local,1757,Marseille,,Nord,Exports,Verdet,,,9062,,11328,livres,0.8,sources/Local/Archives_de_la_CCI_de_Marseille_I_23_Marseille_Exports_1757.csv,Archives de la CCI de Marseille - I 23,15,,,,,Teklia-Jules Oudot-Marie Engsi,0,,-0.399999999999636,,,,,,,,,
898,Local,1757,Marseille,,Nord,Exports,Vin rouge,,,117,,13,millerolles,9,sources/Local/Archives_de_la_CCI_de_Marseille_I_23_Marseille_Exports_1757.csv,Archives de la CCI de Marseille - I 23,15,,,,,Teklia-Jules Oudot-Marie Engsi,0,,0,,,,,,,,,
899,Local,1757,Marseille,,Nord,Exports,Vitriol,,,1926,,3210,livres,0.6,sources/Local/Archives_de_la_CCI_de_Marseille_I_23_Marseille_Exports_1757.csv,Archives de la CCI de Marseille - I 23,15,,,,,Teklia-Jules Oudot-Marie Engsi,0,,0,,,,,,,,,
900,Local,1757,Marseille,,Pour le Portugal,Exports,Acier,,,945,,2700,livres,0.35,sources/Local/Archives_de_la_CCI_de_Marseille_I_23_Marseille_Exports_1757.csv,Archives de la CCI de Marseille - I 23,15,,,,,Teklia-Jules Oudot-Marie Engsi,0,,0,,,,,,,,,
901,Local,1757,Marseille,,Pour le Portugal,Exports,Ajamis,,,1332,,148,pièces,9,sources/Local/Archives_de_la_CCI_de_Marseille_I_23_Marseille_Exports_1757.csv,Archives de la CCI de Marseille - I 23,15,,,,,Teklia-Jules Oudot-Marie Engsi,0,,0,,,,,,,,,
902,Local,1757,Marseille,,Pour le Portugal,Exports,Antimoine,,,88,,590,livres,0.15,sources/Local/Archives_de_la_CCI_de_Marseille_I_23_Marseille_Exports_1757.csv,Archives de la CCI de Marseille - I 23,15,,,,,Teklia-Jules Oudot-Marie Engsi,0,,-0.5,,,,,,,,,
903,Local,1757,Marseille,,Pour le Portugal,Exports,Bas de coton,,,3725,,745,livres,5,sources/Local/Archives_de_la_CCI_de_Marseille_I_23_Marseille_Exports_1757.csv,Archives de la CCI de Marseille - I 23,15,,,,,Teklia-Jules Oudot-Marie Engsi,0,,0,,,,,,,,,
904,Local,1757,Marseille,,Pour le Portugal,Exports,Bas de fil,,,7220,,1444,livres,5,sources/Local/Archives_de_la_CCI_de_Marseille_I_23_Marseille_Exports_1757.csv,Archives de la CCI de Marseille - I 23,15,,,,,Teklia-Jules Oudot-Marie Engsi,0,,0,,,,,,,,,
905,Local,1757,Marseille,,Pour le Portugal,Exports,Bas de filoselle,,,4500,,450,livres,10,sources/Local/Archives_de_la_CCI_de_Marseille_I_23_Marseille_Exports_1757.csv,Archives de la CCI de Marseille - I 23,15,,,,,Teklia-Jules Oudot-Marie Engsi,0,,0,,,,,,,,,
906,Local,1757,Marseille,,Pour le Portugal,Exports,Bas de laine,,,48660,,8110,livres,6,sources/Local/Archives_de_la_CCI_de_Marseille_I_23_Marseille_Exports_1757.csv,Archives de la CCI de Marseille - I 23,15,,,,,Teklia-Jules Oudot-Marie Engsi,0,,0,,,,,,,,,
907,Local,1757,Marseille,,Pour le Portugal,Exports,Bas de soye,,,36000,,900,livres,40,sources/Local/Archives_de_la_CCI_de_Marseille_I_23_Marseille_Exports_1757.csv,Archives de la CCI de Marseille - I 23,15,,,,,Teklia-Jules Oudot-Marie Engsi,0,,0,,,,,,,,,
908,Local,1757,Marseille,,Pour le Portugal,Exports,Bazin,,,12900,,2150,livres,6,sources/Local/Archives_de_la_CCI_de_Marseille_I_23_Marseille_Exports_1757.csv,Archives de la CCI de Marseille - I 23,15,,,,,Teklia-Jules Oudot-Marie Engsi,0,,0,,,,,,,,,
909,Local,1757,Marseille,,Pour le Portugal,Exports,Bonnets de fil,,,10675,,2135,livres,5,sources/Local/Archives_de_la_CCI_de_Marseille_I_23_Marseille_Exports_1757.csv,Archives de la CCI de Marseille - I 23,15,,,,,Teklia-Jules Oudot-Marie Engsi,0,,0,,,,,,,,,
910,Local,1757,Marseille,,Pour le Portugal,Exports,Bonnets de laine,,,82200,,2740,douzaine,30,sources/Local/Archives_de_la_CCI_de_Marseille_I_23_Marseille_Exports_1757.csv,Archives de la CCI de Marseille - I 23,15,,,,,Teklia-Jules Oudot-Marie Engsi,0,,0,,,,,,,,,
911,Local,1757,Marseille,,Pour le Portugal,Exports,Capots,,,384,,48,pièces,8,sources/Local/Archives_de_la_CCI_de_Marseille_I_23_Marseille_Exports_1757.csv,Archives de la CCI de Marseille - I 23,15,,,,,Teklia-Jules Oudot-Marie Engsi,0,,0,,,,,,,,,
912,Local,1757,Marseille,,Pour le Portugal,Exports,Chapeaux poil et laine,,,27420,,457,douzaine,60,sources/Local/Archives_de_la_CCI_de_Marseille_I_23_Marseille_Exports_1757.csv,Archives de la CCI de Marseille - I 23,15,,,,,Teklia-Jules Oudot-Marie Engsi,0,,0,,,,,,,,,
913,Local,1757,Marseille,,Pour le Portugal,Exports,Colle forte,,,600,,1500,livres,0.4,sources/Local/Archives_de_la_CCI_de_Marseille_I_23_Marseille_Exports_1757.csv,Archives de la CCI de Marseille - I 23,15,,,,,Teklia-Jules Oudot-Marie Engsi,0,,0,,,,,,,,,
914,Local,1757,Marseille,,Pour le Portugal,Exports,Confitures,,,236,,236,livres,1,sources/Local/Archives_de_la_CCI_de_Marseille_I_23_Marseille_Exports_1757.csv,Archives de la CCI de Marseille - I 23,15,,,,,Teklia-Jules Oudot-Marie Engsi,0,,0,,,,,,,,,
915,Local,1757,Marseille,,Pour le Portugal,Exports,Coton filés,,,30536,,27760,livres,1.1,sources/Local/Archives_de_la_CCI_de_Marseille_I_23_Marseille_Exports_1757.csv,Archives de la CCI de Marseille - I 23,15,,,,,Teklia-Jules Oudot-Marie Engsi,0,,0,,,,,,,,,
916,Local,1757,Marseille,,Pour le Portugal,Exports,Couvertures de laine,,,1312,,656,livres,2,sources/Local/Archives_de_la_CCI_de_Marseille_I_23_Marseille_Exports_1757.csv,Archives de la CCI de Marseille - I 23,15,,,,,Teklia-Jules Oudot-Marie Engsi,0,,0,,,,,,,,,
917,Local,1757,Marseille,,Pour le Portugal,Exports,Creme de tartre,,,105,,210,livres,0.5,sources/Local/Archives_de_la_CCI_de_Marseille_I_23_Marseille_Exports_1757.csv,Archives de la CCI de Marseille - I 23,15,,,,,Teklia-Jules Oudot-Marie Engsi,0,Prix et quantités raisonnables. Erreur dans la valeur qui est données comme 63 ?,0,,,,,,,,,
918,Local,1757,Marseille,,Pour le Portugal,Exports,Cuirs de beuf tannés,,,120,,200,livres,0.6,sources/Local/Archives_de_la_CCI_de_Marseille_I_23_Marseille_Exports_1757.csv,Archives de la CCI de Marseille - I 23,15,,,,,Teklia-Jules Oudot-Marie Engsi,0,,0,,,,,,,,,
919,Local,1757,Marseille,,Pour le Portugal,Exports,Demitte,,,500,,500,livres,1,sources/Local/Archives_de_la_CCI_de_Marseille_I_23_Marseille_Exports_1757.csv,Archives de la CCI de Marseille - I 23,15,,,,,Teklia-Jules Oudot-Marie Engsi,0,,0,,,,,,,,,
920,Local,1757,Marseille,,Pour le Portugal,Exports,Drap londrin,,,5600,,800,livres,7,sources/Local/Archives_de_la_CCI_de_Marseille_I_23_Marseille_Exports_1757.csv,Archives de la CCI de Marseille - I 23,15,,,,,Teklia-Jules Oudot-Marie Engsi,0,,0,,,,,,,,,
921,Local,1757,Marseille,,Pour le Portugal,Exports,Draperie ordinaire,,,24390,,4065,livres,6,sources/Local/Archives_de_la_CCI_de_Marseille_I_23_Marseille_Exports_1757.csv,Archives de la CCI de Marseille - I 23,15,,,,,Teklia-Jules Oudot-Marie Engsi,0,,0,,,,,,,,,
922,Local,1757,Marseille,,Pour le Portugal,Exports,Draperie petite,,,33915,,11305,livres,3,sources/Local/Archives_de_la_CCI_de_Marseille_I_23_Marseille_Exports_1757.csv,Archives de la CCI de Marseille - I 23,15,,,,,Teklia-Jules Oudot-Marie Engsi,0,,0,,,,,,,,,
923,Local,1757,Marseille,,Pour le Portugal,Exports,Drogueries,,,150,,150,livres,1,sources/Local/Archives_de_la_CCI_de_Marseille_I_23_Marseille_Exports_1757.csv,Archives de la CCI de Marseille - I 23,15,,,,,Teklia-Jules Oudot-Marie Engsi,0,,0,,,,,,,,,
924,Local,1757,Marseille,,Pour le Portugal,Exports,Eau de melice,,,132,,80,livres,1.65,sources/Local/Archives_de_la_CCI_de_Marseille_I_23_Marseille_Exports_1757.csv,Archives de la CCI de Marseille - I 23,15,,,,,Teklia-Jules Oudot-Marie Engsi,0,,0,,,,,,,,,
925,Local,1757,Marseille,,Pour le Portugal,Exports,Etoffe de soye,,,37480,,937,livres,40,sources/Local/Archives_de_la_CCI_de_Marseille_I_23_Marseille_Exports_1757.csv,Archives de la CCI de Marseille - I 23,15,,,,,Teklia-Jules Oudot-Marie Engsi,0,,0,,,,,,,,,
926,Local,1757,Marseille,,Pour le Portugal,Exports,Fer ouvré,,,250,,1000,livres,0.25,sources/Local/Archives_de_la_CCI_de_Marseille_I_23_Marseille_Exports_1757.csv,Archives de la CCI de Marseille - I 23,15,,,,,Teklia-Jules Oudot-Marie Engsi,0,,0,,,,,,,,,
927,Local,1757,Marseille,,Pour le Portugal,Exports,Fil a coudre,,,5790,,2895,livres,2,sources/Local/Archives_de_la_CCI_de_Marseille_I_23_Marseille_Exports_1757.csv,Archives de la CCI de Marseille - I 23,15,,,,,Teklia-Jules Oudot-Marie Engsi,0,,0,,,,,,,,,
928,Local,1757,Marseille,,Pour le Portugal,Exports,Gomme arabique,,,500,,400,livres,1.25,sources/Local/Archives_de_la_CCI_de_Marseille_I_23_Marseille_Exports_1757.csv,Archives de la CCI de Marseille - I 23,15,,,,,Teklia-Jules Oudot-Marie Engsi,0,,0,,,,,,,,,
929,Local,1757,Marseille,,Pour le Portugal,Exports,Gomme de Senegal,,,450,,300,livres,1.5,sources/Local/Archives_de_la_CCI_de_Marseille_I_23_Marseille_Exports_1757.csv,Archives de la CCI de Marseille - I 23,15,,,,,Teklia-Jules Oudot-Marie Engsi,0,,0,,,,,,,,,
930,Local,1757,Marseille,,Pour le Portugal,Exports,Huile d'olive,,,100,,250,livres,0.4,sources/Local/Archives_de_la_CCI_de_Marseille_I_23_Marseille_Exports_1757.csv,Archives de la CCI de Marseille - I 23,15,,,,,Teklia-Jules Oudot-Marie Engsi,0,,0,,,,,,,,,
931,Local,1757,Marseille,,Pour le Portugal,Exports,Indienne,,,660,,55,pièces,12,sources/Local/Archives_de_la_CCI_de_Marseille_I_23_Marseille_Exports_1757.csv,Archives de la CCI de Marseille - I 23,15,,,,,Teklia-Jules Oudot-Marie Engsi,0,,0,,,,,,,,,
932,Local,1757,Marseille,,Pour le Portugal,Exports,Librairie,,,420,,210,livres,2,sources/Local/Archives_de_la_CCI_de_Marseille_I_23_Marseille_Exports_1757.csv,Archives de la CCI de Marseille - I 23,15,,,,,Teklia-Jules Oudot-Marie Engsi,0,,0,,,,,,,,,
933,Local,1757,Marseille,,Pour le Portugal,Exports,Lin peigné,,,487,,650,livres,0.75,sources/Local/Archives_de_la_CCI_de_Marseille_I_23_Marseille_Exports_1757.csv,Archives de la CCI de Marseille - I 23,15,,,,,Teklia-Jules Oudot-Marie Engsi,0,,-0.5,,,,,,,,,
934,Local,1757,Marseille,,Pour le Portugal,Exports,Mercerie,,,25007,,7145,livres,3.5,sources/Local/Archives_de_la_CCI_de_Marseille_I_23_Marseille_Exports_1757.csv,Archives de la CCI de Marseille - I 23,15,,,,,Teklia-Jules Oudot-Marie Engsi,0,,-0.5,,,,,,,,,
935,Local,1757,Marseille,,Pour le Portugal,Exports,Mouchoirs de coton,,,3600,,450,pièces,8,sources/Local/Archives_de_la_CCI_de_Marseille_I_23_Marseille_Exports_1757.csv,Archives de la CCI de Marseille - I 23,15,,,,,Teklia-Jules Oudot-Marie Engsi,0,,0,,,,,,,,,
936,Local,1757,Marseille,,Pour le Portugal,Exports,Mouchoirs de fil et coton,,,2500,,250,pieces,10,sources/Local/Archives_de_la_CCI_de_Marseille_I_23_Marseille_Exports_1757.csv,Archives de la CCI de Marseille - I 23,15,,,,,Teklia-Jules Oudot-Marie Engsi,0,,0,,,,,,,,,
937,Local,1757,Marseille,,Pour le Portugal,Exports,Mouchoirs de fil et coton,,,17400,,2900,livres,6,sources/Local/Archives_de_la_CCI_de_Marseille_I_23_Marseille_Exports_1757.csv,Archives de la CCI de Marseille - I 23,15,,,,,Teklia-Jules Oudot-Marie Engsi,0,ligne rajoutée,0,,,,,,,,,
938,Local,1757,Marseille,,Pour le Portugal,Exports,Mouchoirs d'indienne,,,3600,,300,pièces,12,sources/Local/Archives_de_la_CCI_de_Marseille_I_23_Marseille_Exports_1757.csv,Archives de la CCI de Marseille - I 23,15,,,,,Teklia-Jules Oudot-Marie Engsi,0,,0,,,,,,,,,
939,Local,1757,Marseille,,Pour le Portugal,Exports,Mousseline,,,54000,,900,livres,60,sources/Local/Archives_de_la_CCI_de_Marseille_I_23_Marseille_Exports_1757.csv,Archives de la CCI de Marseille - I 23,15,,,,,Teklia-Jules Oudot-Marie Engsi,0,,0,,,,,,,,,
940,Local,1757,Marseille,,Pour le Portugal,Exports,Orge,,,12300,,1025,charges,12,sources/Local/Archives_de_la_CCI_de_Marseille_I_23_Marseille_Exports_1757.csv,Archives de la CCI de Marseille - I 23,15,,,,,Teklia-Jules Oudot-Marie Engsi,0,,0,,,,,,,,,
941,Local,1757,Marseille,,Pour le Portugal,Exports,Peaux de chamois,,,2912,,2330,livres,1.25,sources/Local/Archives_de_la_CCI_de_Marseille_I_23_Marseille_Exports_1757.csv,Archives de la CCI de Marseille - I 23,15,,,,,Teklia-Jules Oudot-Marie Engsi,0,,-0.5,,,,,,,,,
942,Local,1757,Marseille,,Pour le Portugal,Exports,Peignes de buis,,,675,,450,livres,1.5,sources/Local/Archives_de_la_CCI_de_Marseille_I_23_Marseille_Exports_1757.csv,Archives de la CCI de Marseille - I 23,15,,,,,Teklia-Jules Oudot-Marie Engsi,0,,0,,,,,,,,,
943,Local,1757,Marseille,,Pour le Portugal,Exports,Poisson salé,,,62,,250,livres,0.25,sources/Local/Archives_de_la_CCI_de_Marseille_I_23_Marseille_Exports_1757.csv,Archives de la CCI de Marseille - I 23,15,,,,,Teklia-Jules Oudot-Marie Engsi,0,,-0.5,,,,,,,,,
944,Local,1757,Marseille,,Pour le Portugal,Exports,Pruneaux,,,572,,2863,livres,0.2,sources/Local/Archives_de_la_CCI_de_Marseille_I_23_Marseille_Exports_1757.csv,Archives de la CCI de Marseille - I 23,16,,,,,Teklia-Jules Oudot-Marie Engsi,0,,-0.600000000000023,,,,,,,,,
945,Local,1757,Marseille,,Pour le Portugal,Exports,Quincaille de fer et acier,,,1160,,1160,livres,1,sources/Local/Archives_de_la_CCI_de_Marseille_I_23_Marseille_Exports_1757.csv,Archives de la CCI de Marseille - I 23,16,,,,,Teklia-Jules Oudot-Marie Engsi,0,,0,,,,,,,,,
946,Local,1757,Marseille,,Pour le Portugal,Exports,Savon,,,105,,350,livres,0.3,sources/Local/Archives_de_la_CCI_de_Marseille_I_23_Marseille_Exports_1757.csv,Archives de la CCI de Marseille - I 23,16,,,,,Teklia-Jules Oudot-Marie Engsi,0,,0,,,,,,,,,
947,Local,1757,Marseille,,Pour le Portugal,Exports,Soye aprestéée,,,40000,,2000,livres,20,sources/Local/Archives_de_la_CCI_de_Marseille_I_23_Marseille_Exports_1757.csv,Archives de la CCI de Marseille - I 23,16,,,,,Teklia-Jules Oudot-Marie Engsi,0,,0,,,,,,,,,
948,Local,1757,Marseille,,Pour le Portugal,Exports,Tayolles,,,2430,,810,livres,3,sources/Local/Archives_de_la_CCI_de_Marseille_I_23_Marseille_Exports_1757.csv,Archives de la CCI de Marseille - I 23,16,,,,,Teklia-Jules Oudot-Marie Engsi,0,,0,,,,,,,,,
949,Local,1757,Marseille,,Pour le Portugal,Exports,Torebenthine,,,75,,250,livres,0.3,sources/Local/Archives_de_la_CCI_de_Marseille_I_23_Marseille_Exports_1757.csv,Archives de la CCI de Marseille - I 23,16,,,,,Teklia-Jules Oudot-Marie Engsi,0,,0,,,,,,,,,
950,Local,1757,Marseille,,Pour le Portugal,Exports,Toile blanche,,,270125,,54025,livres,5,sources/Local/Archives_de_la_CCI_de_Marseille_I_23_Marseille_Exports_1757.csv,Archives de la CCI de Marseille - I 23,16,,,,,Teklia-Jules Oudot-Marie Engsi,0,,0,,,,,,,,,
951,Local,1757,Marseille,,Pour le Portugal,Exports,Toile diverses,,,96324,,24081,livres,4,sources/Local/Archives_de_la_CCI_de_Marseille_I_23_Marseille_Exports_1757.csv,Archives de la CCI de Marseille - I 23,16,,,,,Teklia-Jules Oudot-Marie Engsi,0,,0,,,,,,,,,
952,Local,1757,Marseille,,Savoie et Piemont,Exports,Acier,,,249,,714,douzaine,0.35,sources/Local/Archives_de_la_CCI_de_Marseille_I_23_Marseille_Exports_1757.csv,Archives de la CCI de Marseille - I 23,16,,,,,Teklia-Jules Oudot-Marie Engsi,0,,-0.899999999999977,,,,,,,,,
953,Local,1757,Marseille,,Savoie et Piemont,Exports,Ajamis,,,44757,,4973,pièces,9,sources/Local/Archives_de_la_CCI_de_Marseille_I_23_Marseille_Exports_1757.csv,Archives de la CCI de Marseille - I 23,16,,,,,Teklia-Jules Oudot-Marie Engsi,0,,0,,,,,,,,,
954,Local,1757,Marseille,,Savoie et Piemont,Exports,Alun,,,2372,,19768,livres,0.12,sources/Local/Archives_de_la_CCI_de_Marseille_I_23_Marseille_Exports_1757.csv,Archives de la CCI de Marseille - I 23,16,,,,,Teklia-Jules Oudot-Marie Engsi,0,,-0.159999999999854,,,,,,,,,
955,Local,1757,Marseille,,Savoie et Piemont,Exports,Amandes,,,10840,,54202,livres,0.2,sources/Local/Archives_de_la_CCI_de_Marseille_I_23_Marseille_Exports_1757.csv,Archives de la CCI de Marseille - I 23,16,,,,,Teklia-Jules Oudot-Marie Engsi,0,,-0.400000000001455,,,,,,,,,
956,Local,1757,Marseille,,Savoie et Piemont,Exports,Amidon,,,2074,,10374,livres,0.2,sources/Local/Archives_de_la_CCI_de_Marseille_I_23_Marseille_Exports_1757.csv,Archives de la CCI de Marseille - I 23,16,,,,,Teklia-Jules Oudot-Marie Engsi,0,,-0.800000000000182,,,,,,,,,
957,Local,1757,Marseille,,Savoie et Piemont,Exports,Anchois,,,400,,400,pieces,1,sources/Local/Archives_de_la_CCI_de_Marseille_I_23_Marseille_Exports_1757.csv,Archives de la CCI de Marseille - I 23,16,,,,,Teklia-Jules Oudot-Marie Engsi,0,,0,,,,,,,,,
958,Local,1757,Marseille,,Savoie et Piemont,Exports,Anis,,,832,,4162,pieces,0.2,sources/Local/Archives_de_la_CCI_de_Marseille_I_23_Marseille_Exports_1757.csv,Archives de la CCI de Marseille - I 23,16,,,,,Teklia-Jules Oudot-Marie Engsi,0,,-0.400000000000091,,,,,,,,,
959,Local,1757,Marseille,,Savoie et Piemont,Exports,Antimoine,,,326,,2175,livres,0.15,sources/Local/Archives_de_la_CCI_de_Marseille_I_23_Marseille_Exports_1757.csv,Archives de la CCI de Marseille - I 23,16,,,,,Teklia-Jules Oudot-Marie Engsi,0,,-0.25,,,,,,,,,
960,Local,1757,Marseille,,Savoie et Piemont,Exports,Arcenic,,,19,,65,livres,0.3,sources/Local/Archives_de_la_CCI_de_Marseille_I_23_Marseille_Exports_1757.csv,Archives de la CCI de Marseille - I 23,16,,,,,Teklia-Jules Oudot-Marie Engsi,0,,-0.5,,,,,,,,,
961,Local,1757,Marseille,,Savoie et Piemont,Exports,Arquifou,,,656,,4378,pieces,0.15,sources/Local/Archives_de_la_CCI_de_Marseille_I_23_Marseille_Exports_1757.csv,Archives de la CCI de Marseille - I 23,16,,,,,Teklia-Jules Oudot-Marie Engsi,0,,-0.699999999999932,,,,,,,,,
962,Local,1757,Marseille,,Savoie et Piemont,Exports,Artichaux frais,,,20,,100,livres,0.2,sources/Local/Archives_de_la_CCI_de_Marseille_I_23_Marseille_Exports_1757.csv,Archives de la CCI de Marseille - I 23,16,,,,,Teklia-Jules Oudot-Marie Engsi,0,,0,,,,,,,,,
963,Local,1757,Marseille,,Savoie et Piemont,Exports,Annes,,,210,,7,livres,30,sources/Local/Archives_de_la_CCI_de_Marseille_I_23_Marseille_Exports_1757.csv,Archives de la CCI de Marseille - I 23,16,,,,,Teklia-Jules Oudot-Marie Engsi,0,,0,,,,,,,,,
964,Local,1757,Marseille,,Savoie et Piemont,Exports,Auf,,,3,,66,livres,0.05,sources/Local/Archives_de_la_CCI_de_Marseille_I_23_Marseille_Exports_1757.csv,Archives de la CCI de Marseille - I 23,16,,,,,Teklia-Jules Oudot-Marie Engsi,0,,-0.3,,,,,,,,,
965,Local,1757,Marseille,,Savoie et Piemont,Exports,Azur,,,84,,210,livres,0.4,sources/Local/Archives_de_la_CCI_de_Marseille_I_23_Marseille_Exports_1757.csv,Archives de la CCI de Marseille - I 23,16,,,,,Teklia-Jules Oudot-Marie Engsi,0,,0,,,,,,,,,
966,Local,1757,Marseille,,Savoie et Piemont,Exports,Baleine coupée,,,1235,,247,livres,5,sources/Local/Archives_de_la_CCI_de_Marseille_I_23_Marseille_Exports_1757.csv,Archives de la CCI de Marseille - I 23,16,,,,,Teklia-Jules Oudot-Marie Engsi,0,,0,,,,,,,,,
967,Local,1757,Marseille,,Savoie et Piemont,Exports,Bas de castor,,,2325,,155,livres,15,sources/Local/Archives_de_la_CCI_de_Marseille_I_23_Marseille_Exports_1757.csv,Archives de la CCI de Marseille - I 23,16,,,,,Teklia-Jules Oudot-Marie Engsi,0,,0,,,,,,,,,
968,Local,1757,Marseille,,Savoie et Piemont,Exports,Bas de coton,,,7400,,1480,livres,5,sources/Local/Archives_de_la_CCI_de_Marseille_I_23_Marseille_Exports_1757.csv,Archives de la CCI de Marseille - I 23,16,,,,,Teklia-Jules Oudot-Marie Engsi,0,,0,,,,,,,,,
969,Local,1757,Marseille,,Savoie et Piemont,Exports,Bas d'Estames,,,384,,64,livres,6,sources/Local/Archives_de_la_CCI_de_Marseille_I_23_Marseille_Exports_1757.csv,Archives de la CCI de Marseille - I 23,16,,,,,Teklia-Jules Oudot-Marie Engsi,0,,0,,,,,,,,,
970,Local,1757,Marseille,,Savoie et Piemont,Exports,Bas de filozelle,,,632,,63.25,livres,10,sources/Local/Archives_de_la_CCI_de_Marseille_I_23_Marseille_Exports_1757.csv,Archives de la CCI de Marseille - I 23,16,,,,,Teklia-Jules Oudot-Marie Engsi,0,,-0.5,,,,,,,,,
971,Local,1757,Marseille,,Savoie et Piemont,Exports,Bas de fleuret,,,150,,10,livres,15,sources/Local/Archives_de_la_CCI_de_Marseille_I_23_Marseille_Exports_1757.csv,Archives de la CCI de Marseille - I 23,16,,,,,Teklia-Jules Oudot-Marie Engsi,0,,0,,,,,,,,,
972,Local,1757,Marseille,,Savoie et Piemont,Exports,Bas de laine,,,20082,,3347,livres,6,sources/Local/Archives_de_la_CCI_de_Marseille_I_23_Marseille_Exports_1757.csv,Archives de la CCI de Marseille - I 23,16,,,,,Teklia-Jules Oudot-Marie Engsi,0,,0,,,,,,,,,
973,Local,1757,Marseille,,Savoie et Piemont,Exports,Bas de soye,,,9900,,247.5,livres,40,sources/Local/Archives_de_la_CCI_de_Marseille_I_23_Marseille_Exports_1757.csv,Archives de la CCI de Marseille - I 23,16,,,,,Teklia-Jules Oudot-Marie Engsi,0,,0,,,,,,,,,
974,Local,1757,Marseille,,Savoie et Piemont,Exports,Bazannes tannées,,,5010,,83.5,douzaine,60,sources/Local/Archives_de_la_CCI_de_Marseille_I_23_Marseille_Exports_1757.csv,Archives de la CCI de Marseille - I 23,16,,,,,Teklia-Jules Oudot-Marie Engsi,0,,0,,,,,,,,,
975,Local,1757,Marseille,,Savoie et Piemont,Exports,Bazannes tannées,,,275,,275,livres,1,sources/Local/Archives_de_la_CCI_de_Marseille_I_23_Marseille_Exports_1757.csv,Archives de la CCI de Marseille - I 23,16,,,,,Teklia-Jules Oudot-Marie Engsi,0,ligne rajoutée,0,,,,,,,,,
976,Local,1757,Marseille,,Savoie et Piemont,Exports,Bazin,,,90,,15,livres,6,sources/Local/Archives_de_la_CCI_de_Marseille_I_23_Marseille_Exports_1757.csv,Archives de la CCI de Marseille - I 23,16,,,,,Teklia-Jules Oudot-Marie Engsi,0,,0,,,,,,,,,
977,Local,1757,Marseille,,Savoie et Piemont,Exports,Biscuies de mer,,,972,,8100,livres,0.12,sources/Local/Archives_de_la_CCI_de_Marseille_I_23_Marseille_Exports_1757.csv,Archives de la CCI de Marseille - I 23,16,,,,,Teklia-Jules Oudot-Marie Engsi,0,,0,,,,,,,,,
978,Local,1757,Marseille,,Savoie et Piemont,Exports,Bled froment,,,84540,,4227,charges,20,sources/Local/Archives_de_la_CCI_de_Marseille_I_23_Marseille_Exports_1757.csv,Archives de la CCI de Marseille - I 23,16,,,,,Teklia-Jules Oudot-Marie Engsi,0,,0,,,,,,,,,
979,Local,1757,Marseille,,Savoie et Piemont,Exports,Boëtes de bergamotte,,,2600,,260,livres,10,sources/Local/Archives_de_la_CCI_de_Marseille_I_23_Marseille_Exports_1757.csv,Archives de la CCI de Marseille - I 23,16,,,,,Teklia-Jules Oudot-Marie Engsi,0,,0,,,,,,,,,
980,Local,1757,Marseille,,Savoie et Piemont,Exports,Bois de buis,,,133,,2663,livres,0.05,sources/Local/Archives_de_la_CCI_de_Marseille_I_23_Marseille_Exports_1757.csv,Archives de la CCI de Marseille - I 23,16,,,,,Teklia-Jules Oudot-Marie Engsi,0,,-0.150000000000006,,,,,,,,,
981,Local,1757,Marseille,,Savoie et Piemont,Exports,Bois de campesche,,,4221,,28144,livres,0.15,sources/Local/Archives_de_la_CCI_de_Marseille_I_23_Marseille_Exports_1757.csv,Archives de la CCI de Marseille - I 23,16,,,,,Teklia-Jules Oudot-Marie Engsi,0,,-0.599999999999454,,,,,,,,,
982,Local,1757,Marseille,,Savoie et Piemont,Exports,Bois fustel,,,196,,1969,livres,0.1,sources/Local/Archives_de_la_CCI_de_Marseille_I_23_Marseille_Exports_1757.csv,Archives de la CCI de Marseille - I 23,16,,,,,Teklia-Jules Oudot-Marie Engsi,0,,-0.900000000000006,,,,,,,,,
983,Local,1757,Marseille,,Savoie et Piemont,Exports,Bois jaune,,,155,,620,livres,0.25,sources/Local/Archives_de_la_CCI_de_Marseille_I_23_Marseille_Exports_1757.csv,Archives de la CCI de Marseille - I 23,16,,,,,Teklia-Jules Oudot-Marie Engsi,0,,0,,,,,,,,,
984,Local,1757,Marseille,,Savoie et Piemont,Exports,Bois ouvré,,,220,,11,charges,20,sources/Local/Archives_de_la_CCI_de_Marseille_I_23_Marseille_Exports_1757.csv,Archives de la CCI de Marseille - I 23,16,,,,,Teklia-Jules Oudot-Marie Engsi,0,,0,,,,,,,,,
985,Local,1757,Marseille,,Savoie et Piemont,Exports,Bois ouvré,,,3,,25,livres,0.15,sources/Local/Archives_de_la_CCI_de_Marseille_I_23_Marseille_Exports_1757.csv,Archives de la CCI de Marseille - I 23,16,,,,,Teklia-Jules Oudot-Marie Engsi,0,,-0.75,,,,,,,,,
986,Local,1757,Marseille,,Savoie et Piemont,Exports,Bois de sandal,,,2008,,5020,livres,0.4,sources/Local/Archives_de_la_CCI_de_Marseille_I_23_Marseille_Exports_1757.csv,Archives de la CCI de Marseille - I 23,16,,,,,Teklia-Jules Oudot-Marie Engsi,0,,0,,,,,,,,,
987,Local,1757,Marseille,,Savoie et Piemont,Exports,Bonnets de laine,,,36000,,1200,douzaine,30,sources/Local/Archives_de_la_CCI_de_Marseille_I_23_Marseille_Exports_1757.csv,Archives de la CCI de Marseille - I 23,16,,,,,Teklia-Jules Oudot-Marie Engsi,0,,0,,,,,,,,,
988,Local,1757,Marseille,,Savoie et Piemont,Exports,Bonnets de laine,,,150,,25,livres,6,sources/Local/Archives_de_la_CCI_de_Marseille_I_23_Marseille_Exports_1757.csv,Archives de la CCI de Marseille - I 23,16,,,,,Teklia-Jules Oudot-Marie Engsi,0,ligne rajoutée,0,,,,,,,,,
989,Local,1757,Marseille,,Savoie et Piemont,Exports,Borax,,,450,,100,livres,4.5,sources/Local/Archives_de_la_CCI_de_Marseille_I_23_Marseille_Exports_1757.csv,Archives de la CCI de Marseille - I 23,16,,,,,Teklia-Jules Oudot-Marie Engsi,0,,0,,,,,,,,,
990,Local,1757,Marseille,,Savoie et Piemont,Exports,Bouchons de liège,,,4398,,1466,livres,3,sources/Local/Archives_de_la_CCI_de_Marseille_I_23_Marseille_Exports_1757.csv,Archives de la CCI de Marseille - I 23,16,,,,,Teklia-Jules Oudot-Marie Engsi,0,,0,,,,,,,,,
991,Local,1757,Marseille,,Savoie et Piemont,Exports,Bourde,,,384,,4804,livres,0.08,sources/Local/Archives_de_la_CCI_de_Marseille_I_23_Marseille_Exports_1757.csv,Archives de la CCI de Marseille - I 23,16,,,,,Teklia-Jules Oudot-Marie Engsi,0,,-0.319999999999993,,,,,,,,,
992,Local,1757,Marseille,,Savoie et Piemont,Exports,Bours de Levant,,,2000,,50,pièces,40,sources/Local/Archives_de_la_CCI_de_Marseille_I_23_Marseille_Exports_1757.csv,Archives de la CCI de Marseille - I 23,16,,,,,Teklia-Jules Oudot-Marie Engsi,0,,0,,,,,,,,,
993,Local,1757,Marseille,,Savoie et Piemont,Exports,Bourre à batier,,,33,,110,livres,0.3,sources/Local/Archives_de_la_CCI_de_Marseille_I_23_Marseille_Exports_1757.csv,Archives de la CCI de Marseille - I 23,16,,,,,Teklia-Jules Oudot-Marie Engsi,0,,0,,,,,,,,,
994,Local,1757,Marseille,,Savoie et Piemont,Exports,Bourses a cheveux,,,72,,3,livres,24,sources/Local/Archives_de_la_CCI_de_Marseille_I_23_Marseille_Exports_1757.csv,Archives de la CCI de Marseille - I 23,16,,,,,Teklia-Jules Oudot-Marie Engsi,0,,0,,,,,,,,,
995,Local,1757,Marseille,,Savoie et Piemont,Exports,Bouteilles de verre,,,5446,,27230,livres,0.2,sources/Local/Archives_de_la_CCI_de_Marseille_I_23_Marseille_Exports_1757.csv,Archives de la CCI de Marseille - I 23,16,,,,,Teklia-Jules Oudot-Marie Engsi,0,,0,,,,,,,,,
996,Local,1757,Marseille,,Savoie et Piemont,Exports,Boyaux salés,,,438,,2922,livres,0.15,sources/Local/Archives_de_la_CCI_de_Marseille_I_23_Marseille_Exports_1757.csv,Archives de la CCI de Marseille - I 23,16,,,,,Teklia-Jules Oudot-Marie Engsi,0,,-0.300000000000011,,,,,,,,,
997,Local,1757,Marseille,,Savoie et Piemont,Exports,Bray,,,2542,,16950,livres,0.15,sources/Local/Archives_de_la_CCI_de_Marseille_I_23_Marseille_Exports_1757.csv,Archives de la CCI de Marseille - I 23,16,,,,,Teklia-Jules Oudot-Marie Engsi,0,,-0.5,,,,,,,,,
998,Local,1757,Marseille,,Savoie et Piemont,Exports,Brun rouge,,,456,,18258,livres,0.025,sources/Local/Archives_de_la_CCI_de_Marseille_I_23_Marseille_Exports_1757.csv,Archives de la CCI de Marseille - I 23,16,,,,,Teklia-Jules Oudot-Marie Engsi,0,,-0.450000000000046,,,,,,,,,
999,Local,1757,Marseille,,Savoie et Piemont,Exports,Burat,,,100,,25,livres,4,sources/Local/Archives_de_la_CCI_de_Marseille_I_23_Marseille_Exports_1757.csv,Archives de la CCI de Marseille - I 23,16,,,,,Teklia-Jules Oudot-Marie Engsi,0,,0,,,,,,,,,
1000,Local,1757,Marseille,,Savoie et Piemont,Exports,Cacao,,,50472,,36052,livres,1.4,sources/Local/Archives_de_la_CCI_de_Marseille_I_23_Marseille_Exports_1757.csv,Archives de la CCI de Marseille - I 23,16,,,,,Teklia-Jules Oudot-Marie Engsi,0,,-0.799999999995634,,,,,,,,,
1001,Local,1757,Marseille,,Savoie et Piemont,Exports,Caffé,,,98310,,70222,livres,1.4,sources/Local/Archives_de_la_CCI_de_Marseille_I_23_Marseille_Exports_1757.csv,Archives de la CCI de Marseille - I 23,16,,,,,Teklia-Jules Oudot-Marie Engsi,0,,-0.799999999988359,,,,,,,,,
1002,Local,1757,Marseille,,Savoie et Piemont,Exports,Canefice,,,6017,,6017,livres,1,sources/Local/Archives_de_la_CCI_de_Marseille_I_23_Marseille_Exports_1757.csv,Archives de la CCI de Marseille - I 23,16,,,,,Teklia-Jules Oudot-Marie Engsi,0,,0,,,,,,,,,
1003,Local,1757,Marseille,,Savoie et Piemont,Exports,Canelle,,,4170,,695,livres,6,sources/Local/Archives_de_la_CCI_de_Marseille_I_23_Marseille_Exports_1757.csv,Archives de la CCI de Marseille - I 23,16,,,,,Teklia-Jules Oudot-Marie Engsi,0,,0,,,,,,,,,
1004,Local,1757,Marseille,,Savoie et Piemont,Exports,Capres,,,423,,1410,livres,0.3,sources/Local/Archives_de_la_CCI_de_Marseille_I_23_Marseille_Exports_1757.csv,Archives de la CCI de Marseille - I 23,16,,,,,Teklia-Jules Oudot-Marie Engsi,0,,0,,,,,,,,,
1005,Local,1757,Marseille,,Savoie et Piemont,Exports,Cardes a carder,,,892,,446,pièces,2,sources/Local/Archives_de_la_CCI_de_Marseille_I_23_Marseille_Exports_1757.csv,Archives de la CCI de Marseille - I 23,16,,,,,Teklia-Jules Oudot-Marie Engsi,0,,0,,,,,,,,,
1006,Local,1757,Marseille,,Savoie et Piemont,Exports,Cardes a carder,,,375,,250,livres,1.5,sources/Local/Archives_de_la_CCI_de_Marseille_I_23_Marseille_Exports_1757.csv,Archives de la CCI de Marseille - I 23,16,,,,,Teklia-Jules Oudot-Marie Engsi,0,rajoutée,0,,,,,,,,,
1007,Local,1757,Marseille,,Savoie et Piemont,Exports,Carreaux de briques,,,340,,17,milliers,20,sources/Local/Archives_de_la_CCI_de_Marseille_I_23_Marseille_Exports_1757.csv,Archives de la CCI de Marseille - I 23,17,,,,,Teklia-Jules Oudot-Marie Engsi,0,,0,,,,,,,,,
1008,Local,1757,Marseille,,Savoie et Piemont,Exports,Cartes a joüer,,,450,,300,livres,1.5,sources/Local/Archives_de_la_CCI_de_Marseille_I_23_Marseille_Exports_1757.csv,Archives de la CCI de Marseille - I 23,17,,,,,Teklia-Jules Oudot-Marie Engsi,0,,0,,,,,,,,,
1009,Local,1757,Marseille,,Savoie et Piemont,Exports,Cartons,,,200,,200,livres,1,sources/Local/Archives_de_la_CCI_de_Marseille_I_23_Marseille_Exports_1757.csv,Archives de la CCI de Marseille - I 23,17,,,,,Teklia-Jules Oudot-Marie Engsi,0,,0,,,,,,,,,
1010,Local,1757,Marseille,,Savoie et Piemont,Exports,Cendre communes,,,3350,,23932,livres,0.14,sources/Local/Archives_de_la_CCI_de_Marseille_I_23_Marseille_Exports_1757.csv,Archives de la CCI de Marseille - I 23,17,,,,,Teklia-Jules Oudot-Marie Engsi,0,,-0.480000000000473,,,,,,,,,
1011,Local,1757,Marseille,,Savoie et Piemont,Exports,Cercles de fer,,,97,,390,livres,0.25,sources/Local/Archives_de_la_CCI_de_Marseille_I_23_Marseille_Exports_1757.csv,Archives de la CCI de Marseille - I 23,17,,,,,Teklia-Jules Oudot-Marie Engsi,0,,-0.5,,,,,,,,,
1012,Local,1757,Marseille,,Savoie et Piemont,Exports,Ceruze,,,860,,4304,livres,0.2,sources/Local/Archives_de_la_CCI_de_Marseille_I_23_Marseille_Exports_1757.csv,Archives de la CCI de Marseille - I 23,17,,,,,Teklia-Jules Oudot-Marie Engsi,0,,-0.800000000000068,,,,,,,,,
1013,Local,1757,Marseille,,Savoie et Piemont,Exports,Chair salée,,,600,,2400,livres,0.25,sources/Local/Archives_de_la_CCI_de_Marseille_I_23_Marseille_Exports_1757.csv,Archives de la CCI de Marseille - I 23,17,,,,,Teklia-Jules Oudot-Marie Engsi,0,,0,,,,,,,,,
1014,Local,1757,Marseille,,Savoie et Piemont,Exports,Chaises de paille,,,2295,,153,douzaine,15,sources/Local/Archives_de_la_CCI_de_Marseille_I_23_Marseille_Exports_1757.csv,Archives de la CCI de Marseille - I 23,17,,,,,Teklia-Jules Oudot-Marie Engsi,0,,0,,,,,,,,,
1015,Local,1757,Marseille,,Savoie et Piemont,Exports,Chanvre peigné,,,108,,300,livres,0.36,sources/Local/Archives_de_la_CCI_de_Marseille_I_23_Marseille_Exports_1757.csv,Archives de la CCI de Marseille - I 23,17,,,,,Teklia-Jules Oudot-Marie Engsi,0,,0,,,,,,,,,
1016,Local,1757,Marseille,,Savoie et Piemont,Exports,Chapeaux de laine,,,32,,8,en nombre,4,sources/Local/Archives_de_la_CCI_de_Marseille_I_23_Marseille_Exports_1757.csv,Archives de la CCI de Marseille - I 23,17,,,,,Teklia-Jules Oudot-Marie Engsi,0,,0,,,,,,,,,
1017,Local,1757,Marseille,,Savoie et Piemont,Exports,Chapeaux de laine,,,402,,67,livres,6,sources/Local/Archives_de_la_CCI_de_Marseille_I_23_Marseille_Exports_1757.csv,Archives de la CCI de Marseille - I 23,17,,,,,Teklia-Jules Oudot-Marie Engsi,0,rajoutée,0,,,,,,,,,
1018,Local,1757,Marseille,,Savoie et Piemont,Exports,Chapeaux de paille,,,2064,,172,douzaine,12,sources/Local/Archives_de_la_CCI_de_Marseille_I_23_Marseille_Exports_1757.csv,Archives de la CCI de Marseille - I 23,17,,,,,Teklia-Jules Oudot-Marie Engsi,0,,0,,,,,,,,,
1019,Local,1757,Marseille,,Savoie et Piemont,Exports,Chapeaux poil et laine,,,49800,,830,douzaine,60,sources/Local/Archives_de_la_CCI_de_Marseille_I_23_Marseille_Exports_1757.csv,Archives de la CCI de Marseille - I 23,17,,,,,Teklia-Jules Oudot-Marie Engsi,0,,0,,,,,,,,,
1020,Local,1757,Marseille,,Savoie et Piemont,Exports,Chataignes,,,131,,2638,livres,0.05,sources/Local/Archives_de_la_CCI_de_Marseille_I_23_Marseille_Exports_1757.csv,Archives de la CCI de Marseille - I 23,17,,,,,Teklia-Jules Oudot-Marie Engsi,0,,-0.900000000000006,,,,,,,,,
1021,Local,1757,Marseille,,Savoie et Piemont,Exports,Cheval poulain,,,30,,1,pièces,30,sources/Local/Archives_de_la_CCI_de_Marseille_I_23_Marseille_Exports_1757.csv,Archives de la CCI de Marseille - I 23,17,,,,,Teklia-Jules Oudot-Marie Engsi,0,,0,,,,,,,,,
1022,Local,1757,Marseille,,Savoie et Piemont,Exports,Cheveux,,,1860,,62,livres,30,sources/Local/Archives_de_la_CCI_de_Marseille_I_23_Marseille_Exports_1757.csv,Archives de la CCI de Marseille - I 23,17,,,,,Teklia-Jules Oudot-Marie Engsi,0,,0,,,,,,,,,
1023,Local,1757,Marseille,,Savoie et Piemont,Exports,Chocolat,,,772,,386,livres,2,sources/Local/Archives_de_la_CCI_de_Marseille_I_23_Marseille_Exports_1757.csv,Archives de la CCI de Marseille - I 23,17,,,,,Teklia-Jules Oudot-Marie Engsi,0,,0,,,,,,,,,
1024,Local,1757,Marseille,,Savoie et Piemont,Exports,Cire blanche,,,2952,,1406,livres,2.1,sources/Local/Archives_de_la_CCI_de_Marseille_I_23_Marseille_Exports_1757.csv,Archives de la CCI de Marseille - I 23,17,,,,,Teklia-Jules Oudot-Marie Engsi,0,,-0.599999999999909,,,,,,,,,
1025,Local,1757,Marseille,,Savoie et Piemont,Exports,Cire jaune,,,156931,,104621,livres,1.5,sources/Local/Archives_de_la_CCI_de_Marseille_I_23_Marseille_Exports_1757.csv,Archives de la CCI de Marseille - I 23,17,,,,,Teklia-Jules Oudot-Marie Engsi,0,Le prix et la quantités sont plausible. Erreur de calcul de 10000lt ? La valeur totale est donnée comme 166931,-0.5,,,,,,,,,
1026,Local,1757,Marseille,,Savoie et Piemont,Exports,Citrons,,,331,,6620,livres,0.05,sources/Local/Archives_de_la_CCI_de_Marseille_I_23_Marseille_Exports_1757.csv,Archives de la CCI de Marseille - I 23,17,,,,,Teklia-Jules Oudot-Marie Engsi,0,,0,,,,,,,,,
1027,Local,1757,Marseille,,Savoie et Piemont,Exports,Clous de fer,,,1846,,7386,livres,0.25,sources/Local/Archives_de_la_CCI_de_Marseille_I_23_Marseille_Exports_1757.csv,Archives de la CCI de Marseille - I 23,17,,,,,Teklia-Jules Oudot-Marie Engsi,0,,-0.5,,,,,,,,,
1028,Local,1757,Marseille,,Savoie et Piemont,Exports,Cochenille,,,15588,,866,livres,18,sources/Local/Archives_de_la_CCI_de_Marseille_I_23_Marseille_Exports_1757.csv,Archives de la CCI de Marseille - I 23,17,,,,,Teklia-Jules Oudot-Marie Engsi,0,,0,,,,,,,,,
1029,Local,1757,Marseille,,Savoie et Piemont,Exports,Cochon de lait,,,26,,13,en nombre,2,sources/Local/Archives_de_la_CCI_de_Marseille_I_23_Marseille_Exports_1757.csv,Archives de la CCI de Marseille - I 23,17,,,,,Teklia-Jules Oudot-Marie Engsi,0,,0,,,,,,,,,
1030,Local,1757,Marseille,,Savoie et Piemont,Exports,Colle forte,,,598,,1497,livres,0.4,sources/Local/Archives_de_la_CCI_de_Marseille_I_23_Marseille_Exports_1757.csv,Archives de la CCI de Marseille - I 23,17,,,,,Teklia-Jules Oudot-Marie Engsi,0,,-0.800000000000068,,,,,,,,,
1031,Local,1757,Marseille,,Savoie et Piemont,Exports,Colombine,,,178,,25.5,charges,7,sources/Local/Archives_de_la_CCI_de_Marseille_I_23_Marseille_Exports_1757.csv,Archives de la CCI de Marseille - I 23,17,,,,,Teklia-Jules Oudot-Marie Engsi,0,,-0.5,,,,,,,,,
1032,Local,1757,Marseille,,Savoie et Piemont,Exports,Colombine,,,44,,44,panneaux,1,sources/Local/Archives_de_la_CCI_de_Marseille_I_23_Marseille_Exports_1757.csv,Archives de la CCI de Marseille - I 23,17,,,,,Teklia-Jules Oudot-Marie Engsi,0,,0,,,,,,,,,
1033,Local,1757,Marseille,,Savoie et Piemont,Exports,Commode,,,30,,1,pièces,30,sources/Local/Archives_de_la_CCI_de_Marseille_I_23_Marseille_Exports_1757.csv,Archives de la CCI de Marseille - I 23,17,,,,,Teklia-Jules Oudot-Marie Engsi,0,,0,,,,,,,,,
1034,Local,1757,Marseille,,Savoie et Piemont,Exports,Cordages de chanvre,,,11,,38,livres,0.3,sources/Local/Archives_de_la_CCI_de_Marseille_I_23_Marseille_Exports_1757.csv,Archives de la CCI de Marseille - I 23,17,,,,,Teklia-Jules Oudot-Marie Engsi,0,,-0.4,,,,,,,,,
1035,Local,1757,Marseille,,Savoie et Piemont,Exports,Cordages de chanvre,,,48,,32,en nombre,1.5,sources/Local/Archives_de_la_CCI_de_Marseille_I_23_Marseille_Exports_1757.csv,Archives de la CCI de Marseille - I 23,17,,,,,Teklia-Jules Oudot-Marie Engsi,0,,0,,,,,,,,,
1036,Local,1757,Marseille,,Savoie et Piemont,Exports,Cordages d'espars,,,1540,,220,douzaine,7,sources/Local/Archives_de_la_CCI_de_Marseille_I_23_Marseille_Exports_1757.csv,Archives de la CCI de Marseille - I 23,17,,,,,Teklia-Jules Oudot-Marie Engsi,0,,0,,,,,,,,,
1037,Local,1757,Marseille,,Savoie et Piemont,Exports,Cordeillard,,,53280,,888,pièces,60,sources/Local/Archives_de_la_CCI_de_Marseille_I_23_Marseille_Exports_1757.csv,Archives de la CCI de Marseille - I 23,17,,,,,Teklia-Jules Oudot-Marie Engsi,0,,0,,,,,,,,,
1038,Local,1757,Marseille,,Savoie et Piemont,Exports,Cordeillard,,,3,,3,cannes,1,sources/Local/Archives_de_la_CCI_de_Marseille_I_23_Marseille_Exports_1757.csv,Archives de la CCI de Marseille - I 23,17,,,,,Teklia-Jules Oudot-Marie Engsi,0,,0,,,,,,,,,
1039,Local,1757,Marseille,,Savoie et Piemont,Exports,Cornes de cerf rapée,,,35,,175,livres,0.2,sources/Local/Archives_de_la_CCI_de_Marseille_I_23_Marseille_Exports_1757.csv,Archives de la CCI de Marseille - I 23,17,,,,,Teklia-Jules Oudot-Marie Engsi,0,,0,,,,,,,,,
1040,Local,1757,Marseille,,Savoie et Piemont,Exports,Coton filé,,,114287,,103898,livres,1.1,sources/Local/Archives_de_la_CCI_de_Marseille_I_23_Marseille_Exports_1757.csv,Archives de la CCI de Marseille - I 23,17,,,,,Teklia-Jules Oudot-Marie Engsi,0,,-0.80000000000291,,,,,,,,,
1041,Local,1757,Marseille,,Savoie et Piemont,Exports,Coton en laine,,,15056,,30113,livres,0.5,sources/Local/Archives_de_la_CCI_de_Marseille_I_23_Marseille_Exports_1757.csv,Archives de la CCI de Marseille - I 23,17,,,,,Teklia-Jules Oudot-Marie Engsi,0,,-0.5,,,,,,,,,
1042,Local,1757,Marseille,,Savoie et Piemont,Exports,Cotonne,,,1140,,190,livres,6,sources/Local/Archives_de_la_CCI_de_Marseille_I_23_Marseille_Exports_1757.csv,Archives de la CCI de Marseille - I 23,17,,,,,Teklia-Jules Oudot-Marie Engsi,0,,0,,,,,,,,,
1043,Local,1757,Marseille,,Savoie et Piemont,Exports,Couperose,,,1489,,16550,livres,0.09,sources/Local/Archives_de_la_CCI_de_Marseille_I_23_Marseille_Exports_1757.csv,Archives de la CCI de Marseille - I 23,17,,,,,Teklia-Jules Oudot-Marie Engsi,0,,-0.5,,,,,,,,,
1044,Local,1757,Marseille,,Savoie et Piemont,Exports,Couteaux,,,2,,1,douzaine,2,sources/Local/Archives_de_la_CCI_de_Marseille_I_23_Marseille_Exports_1757.csv,Archives de la CCI de Marseille - I 23,17,,,,,Teklia-Jules Oudot-Marie Engsi,0,,0,,,,,,,,,
1045,Local,1757,Marseille,,Savoie et Piemont,Exports,Couteaux,,,1800,,900,livres,2,sources/Local/Archives_de_la_CCI_de_Marseille_I_23_Marseille_Exports_1757.csv,Archives de la CCI de Marseille - I 23,17,,,,,Teklia-Jules Oudot-Marie Engsi,0,,0,,,,,,,,,
1046,Local,1757,Marseille,,Savoie et Piemont,Exports,Couverture de laine,,,80,,10,en nombres,8,sources/Local/Archives_de_la_CCI_de_Marseille_I_23_Marseille_Exports_1757.csv,Archives de la CCI de Marseille - I 23,17,,,,,Teklia-Jules Oudot-Marie Engsi,0,,0,,,,,,,,,
1047,Local,1757,Marseille,,Savoie et Piemont,Exports,Couverture de laine,,,4190,,2095,livres,2,sources/Local/Archives_de_la_CCI_de_Marseille_I_23_Marseille_Exports_1757.csv,Archives de la CCI de Marseille - I 23,17,,,,,Teklia-Jules Oudot-Marie Engsi,0,,0,,,,,,,,,
1048,Local,1757,Marseille,,Savoie et Piemont,Exports,Crible,,,3,,1,pièces,3,sources/Local/Archives_de_la_CCI_de_Marseille_I_23_Marseille_Exports_1757.csv,Archives de la CCI de Marseille - I 23,17,,,,,Teklia-Jules Oudot-Marie Engsi,0,,0,,,,,,,,,
1049,Local,1757,Marseille,,Savoie et Piemont,Exports,Cuir de beuf en poil,,,48913,,2717.5,pièces,18,sources/Local/Archives_de_la_CCI_de_Marseille_I_23_Marseille_Exports_1757.csv,Archives de la CCI de Marseille - I 23,17,,,,,Teklia-Jules Oudot-Marie Engsi,0,,-2,,,,,,,,,
1050,Local,1757,Marseille,,Savoie et Piemont,Exports,Cuir de beuf en poil,,,4480,,11200,livres,0.4,sources/Local/Archives_de_la_CCI_de_Marseille_I_23_Marseille_Exports_1757.csv,Archives de la CCI de Marseille - I 23,17,,,,,Teklia-Jules Oudot-Marie Engsi,0,,0,,,,,,,,,
1051,Local,1757,Marseille,,Savoie et Piemont,Exports,Cuir de beuf tannés,,,1476,,41,pièces,36,sources/Local/Archives_de_la_CCI_de_Marseille_I_23_Marseille_Exports_1757.csv,Archives de la CCI de Marseille - I 23,17,,,,,Teklia-Jules Oudot-Marie Engsi,0,,0,,,,,,,,,
1052,Local,1757,Marseille,,Savoie et Piemont,Exports,Cuir de beuf tannés,,,28877,,48129,livres,0.6,sources/Local/Archives_de_la_CCI_de_Marseille_I_23_Marseille_Exports_1757.csv,Archives de la CCI de Marseille - I 23,17,,,,,Teklia-Jules Oudot-Marie Engsi,0,,-0.399999999997817,,,,,,,,,
1053,Local,1757,Marseille,,Savoie et Piemont,Exports,Cuirs de cheval tannées,,,1180,,59,pièces,20,sources/Local/Archives_de_la_CCI_de_Marseille_I_23_Marseille_Exports_1757.csv,Archives de la CCI de Marseille - I 23,17,,,,,Teklia-Jules Oudot-Marie Engsi,0,,0,,,,,,,,,
1054,Local,1757,Marseille,,Savoie et Piemont,Exports,Cuirs de genisse corroiés,,,192,,16,pièces,12,sources/Local/Archives_de_la_CCI_de_Marseille_I_23_Marseille_Exports_1757.csv,Archives de la CCI de Marseille - I 23,17,,,,,Teklia-Jules Oudot-Marie Engsi,0,,0,,,,,,,,,
1055,Local,1757,Marseille,,Savoie et Piemont,Exports,Cuirs de vache en poil,,,855,,57,pièces,15,sources/Local/Archives_de_la_CCI_de_Marseille_I_23_Marseille_Exports_1757.csv,Archives de la CCI de Marseille - I 23,17,,,,,Teklia-Jules Oudot-Marie Engsi,0,,0,,,,,,,,,
1056,Local,1757,Marseille,,Savoie et Piemont,Exports,Cuirs de vache tannés,,,2550,,102,pièces,25,sources/Local/Archives_de_la_CCI_de_Marseille_I_23_Marseille_Exports_1757.csv,Archives de la CCI de Marseille - I 23,17,,,,,Teklia-Jules Oudot-Marie Engsi,0,,0,,,,,,,,,
1057,Local,1757,Marseille,,Savoie et Piemont,Exports,Cuirs de vache tannés,,,139,,278,livres,0.5,sources/Local/Archives_de_la_CCI_de_Marseille_I_23_Marseille_Exports_1757.csv,Archives de la CCI de Marseille - I 23,17,,,,,Teklia-Jules Oudot-Marie Engsi,0,,0,,,,,,,,,
1058,Local,1757,Marseille,,Savoie et Piemont,Exports,Cuivre en rosette,,,931,,931,livres,1,sources/Local/Archives_de_la_CCI_de_Marseille_I_23_Marseille_Exports_1757.csv,Archives de la CCI de Marseille - I 23,17,,,,,Teklia-Jules Oudot-Marie Engsi,0,,0,,,,,,,,,
1059,Local,1757,Marseille,,Savoie et Piemont,Exports,Cuivre vieux,,,216,,270,livres,0.8,sources/Local/Archives_de_la_CCI_de_Marseille_I_23_Marseille_Exports_1757.csv,Archives de la CCI de Marseille - I 23,17,,,,,Teklia-Jules Oudot-Marie Engsi,0,,0,,,,,,,,,
1060,Local,1757,Marseille,,Savoie et Piemont,Exports,Damejannes,,,128,,64,livres,2,sources/Local/Archives_de_la_CCI_de_Marseille_I_23_Marseille_Exports_1757.csv,Archives de la CCI de Marseille - I 23,17,,,,,Teklia-Jules Oudot-Marie Engsi,0,,0,,,,,,,,,
1061,Local,1757,Marseille,,Savoie et Piemont,Exports,Dattes,,,10,,40,livres,0.25,sources/Local/Archives_de_la_CCI_de_Marseille_I_23_Marseille_Exports_1757.csv,Archives de la CCI de Marseille - I 23,17,,,,,Teklia-Jules Oudot-Marie Engsi,0,,0,,,,,,,,,
1062,Local,1757,Marseille,,Savoie et Piemont,Exports,Demitte,,,300,,100,pièces,3,sources/Local/Archives_de_la_CCI_de_Marseille_I_23_Marseille_Exports_1757.csv,Archives de la CCI de Marseille - I 23,17,,,,,Teklia-Jules Oudot-Marie Engsi,0,,0,,,,,,,,,
1063,Local,1757,Marseille,,Savoie et Piemont,Exports,Dentelle du Puy,,,168,,3.375,livres,50,sources/Local/Archives_de_la_CCI_de_Marseille_I_23_Marseille_Exports_1757.csv,Archives de la CCI de Marseille - I 23,17,,,,,Teklia-Jules Oudot-Marie Engsi,0,,-0.75,,,,,,,,,
1064,Local,1757,Marseille,,Savoie et Piemont,Exports,Dorure fausse,,,500,,25,livres,20,sources/Local/Archives_de_la_CCI_de_Marseille_I_23_Marseille_Exports_1757.csv,Archives de la CCI de Marseille - I 23,17,,,,,Teklia-Jules Oudot-Marie Engsi,0,,0,,,,,,,,,
1065,Local,1757,Marseille,,Savoie et Piemont,Exports,Dorure fine,,,18300,,183,livres,100,sources/Local/Archives_de_la_CCI_de_Marseille_I_23_Marseille_Exports_1757.csv,Archives de la CCI de Marseille - I 23,17,,,,,Teklia-Jules Oudot-Marie Engsi,0,,0,,,,,,,,,
1066,Local,1757,Marseille,,Savoie et Piemont,Exports,Drap écarlatte,,,500,,20,livres,25,sources/Local/Archives_de_la_CCI_de_Marseille_I_23_Marseille_Exports_1757.csv,Archives de la CCI de Marseille - I 23,17,,,,,Teklia-Jules Oudot-Marie Engsi,0,,0,,,,,,,,,
1067,Local,1757,Marseille,,Savoie et Piemont,Exports,Drap d'elbeuf,,,3600,,300,livres,12,sources/Local/Archives_de_la_CCI_de_Marseille_I_23_Marseille_Exports_1757.csv,Archives de la CCI de Marseille - I 23,17,,,,,Teklia-Jules Oudot-Marie Engsi,0,,0,,,,,,,,,
1068,Local,1757,Marseille,,Savoie et Piemont,Exports,Drap londrin,,,108500,,15500,livres,7,sources/Local/Archives_de_la_CCI_de_Marseille_I_23_Marseille_Exports_1757.csv,Archives de la CCI de Marseille - I 23,17,,,,,Teklia-Jules Oudot-Marie Engsi,0,,0,,,,,,,,,
1069,Local,1757,Marseille,,Savoie et Piemont,Exports,Draperie ordinaire,,,336624,,56104,livres,6,sources/Local/Archives_de_la_CCI_de_Marseille_I_23_Marseille_Exports_1757.csv,Archives de la CCI de Marseille - I 23,17,,,,,Teklia-Jules Oudot-Marie Engsi,0,,0,,,,,,,,,
1070,Local,1757,Marseille,,Savoie et Piemont,Exports,Draperie petite,,,197418,,65806,livres,3,sources/Local/Archives_de_la_CCI_de_Marseille_I_23_Marseille_Exports_1757.csv,Archives de la CCI de Marseille - I 23,17,,,,,Teklia-Jules Oudot-Marie Engsi,0,,0,,,,,,,,,
1071,Local,1757,Marseille,,Savoie et Piemont,Exports,Drogueries,,,18008,,18008,livres,1,sources/Local/Archives_de_la_CCI_de_Marseille_I_23_Marseille_Exports_1757.csv,Archives de la CCI de Marseille - I 23,17,,,,,Teklia-Jules Oudot-Marie Engsi,0,,0,,,,,,,,,
1072,Local,1757,Marseille,,Savoie et Piemont,Exports,Eau de fleur d'orange,,,60,,40,livres,1.5,sources/Local/Archives_de_la_CCI_de_Marseille_I_23_Marseille_Exports_1757.csv,Archives de la CCI de Marseille - I 23,17,,,,,Teklia-Jules Oudot-Marie Engsi,0,,0,,,,,,,,,
1073,Local,1757,Marseille,,Savoie et Piemont,Exports,Eau forte,,,1846,,1368,livres,1.35,sources/Local/Archives_de_la_CCI_de_Marseille_I_23_Marseille_Exports_1757.csv,Archives de la CCI de Marseille - I 23,17,,,,,Teklia-Jules Oudot-Marie Engsi,0,,-0.800000000000182,,,,,,,,,
1074,Local,1757,Marseille,,Savoie et Piemont,Exports,Eau de Lavande,,,178,,238,livres,0.75,sources/Local/Archives_de_la_CCI_de_Marseille_I_23_Marseille_Exports_1757.csv,Archives de la CCI de Marseille - I 23,17,,,,,Teklia-Jules Oudot-Marie Engsi,0,,-0.5,,,,,,,,,
1075,Local,1757,Marseille,,Savoie et Piemont,Exports,Eau de pin,,,45,,300,livres,0.15,sources/Local/Archives_de_la_CCI_de_Marseille_I_23_Marseille_Exports_1757.csv,Archives de la CCI de Marseille - I 23,18,,,,,Teklia-Jules Oudot-Marie Engsi,0,,0,,,,,,,,,
1076,Local,1757,Marseille,,Savoie et Piemont,Exports,Eau de raisine,,,231,,2312,livres,0.1,sources/Local/Archives_de_la_CCI_de_Marseille_I_23_Marseille_Exports_1757.csv,Archives de la CCI de Marseille - I 23,18,,,,,Teklia-Jules Oudot-Marie Engsi,0,,-0.200000000000017,,,,,,,,,
1077,Local,1757,Marseille,,Savoie et Piemont,Exports,Eau de la reine d'hongrie,,,3750,,5000,livres,0.75,sources/Local/Archives_de_la_CCI_de_Marseille_I_23_Marseille_Exports_1757.csv,Archives de la CCI de Marseille - I 23,18,,,,,Teklia-Jules Oudot-Marie Engsi,0,,0,,,,,,,,,
1078,Local,1757,Marseille,,Savoie et Piemont,Exports,Eau roze,,,475,,950,livres,0.5,sources/Local/Archives_de_la_CCI_de_Marseille_I_23_Marseille_Exports_1757.csv,Archives de la CCI de Marseille - I 23,18,,,,,Teklia-Jules Oudot-Marie Engsi,0,,0,,,,,,,,,
1079,Local,1757,Marseille,,Savoie et Piemont,Exports,Eau de senteur,,,60,,30,livres,2,sources/Local/Archives_de_la_CCI_de_Marseille_I_23_Marseille_Exports_1757.csv,Archives de la CCI de Marseille - I 23,18,,,,,Teklia-Jules Oudot-Marie Engsi,0,,0,,,,,,,,,
1080,Local,1757,Marseille,,Savoie et Piemont,Exports,Eau du val,,,200,,400,livres,0.5,sources/Local/Archives_de_la_CCI_de_Marseille_I_23_Marseille_Exports_1757.csv,Archives de la CCI de Marseille - I 23,18,,,,,Teklia-Jules Oudot-Marie Engsi,0,,0,,,,,,,,,
1081,Local,1757,Marseille,,Savoie et Piemont,Exports,Eau de vie,,,1128,,7520,livres,0.15,sources/Local/Archives_de_la_CCI_de_Marseille_I_23_Marseille_Exports_1757.csv,Archives de la CCI de Marseille - I 23,18,,,,,Teklia-Jules Oudot-Marie Engsi,0,,0,,,,,,,,,
1082,Local,1757,Marseille,,Savoie et Piemont,Exports,Ecorce d'orange seche,,,15,,310,livres,0.05,sources/Local/Archives_de_la_CCI_de_Marseille_I_23_Marseille_Exports_1757.csv,Archives de la CCI de Marseille - I 23,18,,,,,Teklia-Jules Oudot-Marie Engsi,0,,-0.5,,,,,,,,,
1083,Local,1757,Marseille,,Savoie et Piemont,Exports,Encens,,,472,,944,livres,0.5,sources/Local/Archives_de_la_CCI_de_Marseille_I_23_Marseille_Exports_1757.csv,Archives de la CCI de Marseille - I 23,18,,,,,Teklia-Jules Oudot-Marie Engsi,0,,0,,,,,,,,,
1084,Local,1757,Marseille,,Savoie et Piemont,Exports,Epicerie,,,2000,,200,livres,10,sources/Local/Archives_de_la_CCI_de_Marseille_I_23_Marseille_Exports_1757.csv,Archives de la CCI de Marseille - I 23,18,,,,,Teklia-Jules Oudot-Marie Engsi,0,,0,,,,,,,,,
1085,Local,1757,Marseille,,Savoie et Piemont,Exports,Eponges,,,1689,,1689,livres,1,sources/Local/Archives_de_la_CCI_de_Marseille_I_23_Marseille_Exports_1757.csv,Archives de la CCI de Marseille - I 23,18,,,,,Teklia-Jules Oudot-Marie Engsi,0,,0,,,,,,,,,
1086,Local,1757,Marseille,,Savoie et Piemont,Exports,Escarasses,,,52,,26,livres,2,sources/Local/Archives_de_la_CCI_de_Marseille_I_23_Marseille_Exports_1757.csv,Archives de la CCI de Marseille - I 23,18,,,,,Teklia-Jules Oudot-Marie Engsi,0,,0,,,,,,,,,
1087,Local,1757,Marseille,,Savoie et Piemont,Exports,Escayolles,,,293,,2939,livres,0.1,sources/Local/Archives_de_la_CCI_de_Marseille_I_23_Marseille_Exports_1757.csv,Archives de la CCI de Marseille - I 23,18,,,,,Teklia-Jules Oudot-Marie Engsi,0,,-0.900000000000034,,,,,,,,,
1088,Local,1757,Marseille,,Savoie et Piemont,Exports,Espars,,,150,,3000,livres,0.05,sources/Local/Archives_de_la_CCI_de_Marseille_I_23_Marseille_Exports_1757.csv,Archives de la CCI de Marseille - I 23,18,,,,,Teklia-Jules Oudot-Marie Engsi,0,,0,,,,,,,,,
1089,Local,1757,Marseille,,Savoie et Piemont,Exports,Essence,,,285,,190.5,livres,1.5,sources/Local/Archives_de_la_CCI_de_Marseille_I_23_Marseille_Exports_1757.csv,Archives de la CCI de Marseille - I 23,18,,,,,Teklia-Jules Oudot-Marie Engsi,0,,-0.75,,,,,,,,,
1090,Local,1757,Marseille,,Savoie et Piemont,Exports,Etain ouvré,,,1945,,1556,livres,1.25,sources/Local/Archives_de_la_CCI_de_Marseille_I_23_Marseille_Exports_1757.csv,Archives de la CCI de Marseille - I 23,18,,,,,Teklia-Jules Oudot-Marie Engsi,0,,0,,,,,,,,,
1091,Local,1757,Marseille,,Savoie et Piemont,Exports,Etamine de laine,,,1950,,325,livres,6,sources/Local/Archives_de_la_CCI_de_Marseille_I_23_Marseille_Exports_1757.csv,Archives de la CCI de Marseille - I 23,18,,,,,Teklia-Jules Oudot-Marie Engsi,0,,0,,,,,,,,,
1092,Local,1757,Marseille,,Savoie et Piemont,Exports,Etoffe d'or,,,360,,4,livres,90,sources/Local/Archives_de_la_CCI_de_Marseille_I_23_Marseille_Exports_1757.csv,Archives de la CCI de Marseille - I 23,18,,,,,Teklia-Jules Oudot-Marie Engsi,0,,0,,,,,,,,,
1093,Local,1757,Marseille,,Savoie et Piemont,Exports,Etoffe or et argent,,,47380,,592.25,livres,80,sources/Local/Archives_de_la_CCI_de_Marseille_I_23_Marseille_Exports_1757.csv,Archives de la CCI de Marseille - I 23,18,,,,,Teklia-Jules Oudot-Marie Engsi,0,,0,,,,,,,,,
1094,Local,1757,Marseille,,Savoie et Piemont,Exports,Etoffe de soye,,,64170,,1604.25,livres,40,sources/Local/Archives_de_la_CCI_de_Marseille_I_23_Marseille_Exports_1757.csv,Archives de la CCI de Marseille - I 23,18,,,,,Teklia-Jules Oudot-Marie Engsi,0,,0,,,,,,,,,
1095,Local,1757,Marseille,,Savoie et Piemont,Exports,Etoffe de misoye,,,5120,,256,livres,20,sources/Local/Archives_de_la_CCI_de_Marseille_I_23_Marseille_Exports_1757.csv,Archives de la CCI de Marseille - I 23,18,,,,,Teklia-Jules Oudot-Marie Engsi,0,,0,,,,,,,,,
1096,Local,1757,Marseille,,Savoie et Piemont,Exports,Etoffe a peu de soye,,,6000,,600,livres,10,sources/Local/Archives_de_la_CCI_de_Marseille_I_23_Marseille_Exports_1757.csv,Archives de la CCI de Marseille - I 23,18,,,,,Teklia-Jules Oudot-Marie Engsi,0,,0,,,,,,,,,
1097,Local,1757,Marseille,,Savoie et Piemont,Exports,Etoupes de chanvre,,,100,,1000,livres,0.1,sources/Local/Archives_de_la_CCI_de_Marseille_I_23_Marseille_Exports_1757.csv,Archives de la CCI de Marseille - I 23,18,,,,,Teklia-Jules Oudot-Marie Engsi,0,,0,,,,,,,,,
1098,Local,1757,Marseille,,Savoie et Piemont,Exports,Farine,,,15000,,150000,livres,0.1,sources/Local/Archives_de_la_CCI_de_Marseille_I_23_Marseille_Exports_1757.csv,Archives de la CCI de Marseille - I 23,18,,,,,Teklia-Jules Oudot-Marie Engsi,0,,0,,,,,,,,,
1099,Local,1757,Marseille,,Savoie et Piemont,Exports,Faulx a faucher,,,50,,10,en nombre,5,sources/Local/Archives_de_la_CCI_de_Marseille_I_23_Marseille_Exports_1757.csv,Archives de la CCI de Marseille - I 23,18,,,,,Teklia-Jules Oudot-Marie Engsi,0,Hésitation sur le prix : 5 ou 6 lt ? Je me cale sur la valeur,0,,,,,,,,,
1100,Local,1757,Marseille,,Savoie et Piemont,Exports,Fayance,,,8520,,17041,livres,0.5,sources/Local/Archives_de_la_CCI_de_Marseille_I_23_Marseille_Exports_1757.csv,Archives de la CCI de Marseille - I 23,18,,,,,Teklia-Jules Oudot-Marie Engsi,0,,-0.5,,,,,,,,,
1101,Local,1757,Marseille,,Savoie et Piemont,Exports,Fer en barres,,,32454,,216366,livres,0.15,sources/Local/Archives_de_la_CCI_de_Marseille_I_23_Marseille_Exports_1757.csv,Archives de la CCI de Marseille - I 23,18,,,,,Teklia-Jules Oudot-Marie Engsi,0,,-0.899999999997817,,,,,,,,,
1102,Local,1757,Marseille,,Savoie et Piemont,Exports,Fer blanc,,,3152,,5254,livres,0.6,sources/Local/Archives_de_la_CCI_de_Marseille_I_23_Marseille_Exports_1757.csv,Archives de la CCI de Marseille - I 23,18,,,,,Teklia-Jules Oudot-Marie Engsi,0,,-0.400000000000091,,,,,,,,,
1103,Local,1757,Marseille,,Savoie et Piemont,Exports,Fer coulé,,,3,,34,livres,0.1,sources/Local/Archives_de_la_CCI_de_Marseille_I_23_Marseille_Exports_1757.csv,Archives de la CCI de Marseille - I 23,18,,,,,Teklia-Jules Oudot-Marie Engsi,0,,-0.4,,,,,,,,,
1104,Local,1757,Marseille,,Savoie et Piemont,Exports,Fer ouvré,,,732,,2442,livres,0.3,sources/Local/Archives_de_la_CCI_de_Marseille_I_23_Marseille_Exports_1757.csv,Archives de la CCI de Marseille - I 23,18,,,,,Teklia-Jules Oudot-Marie Engsi,0,,-0.600000000000023,,,,,,,,,
1105,Local,1757,Marseille,,Savoie et Piemont,Exports,Feves,,,3360,,280,charges,12,sources/Local/Archives_de_la_CCI_de_Marseille_I_23_Marseille_Exports_1757.csv,Archives de la CCI de Marseille - I 23,18,,,,,Teklia-Jules Oudot-Marie Engsi,0,,0,,,,,,,,,
1106,Local,1757,Marseille,,Savoie et Piemont,Exports,Figues,,,1014,,10140,livres,0.1,sources/Local/Archives_de_la_CCI_de_Marseille_I_23_Marseille_Exports_1757.csv,Archives de la CCI de Marseille - I 23,18,,,,,Teklia-Jules Oudot-Marie Engsi,0,,0,,,,,,,,,
1107,Local,1757,Marseille,,Savoie et Piemont,Exports,Fil d'argent,,,48,,8,once,6,sources/Local/Archives_de_la_CCI_de_Marseille_I_23_Marseille_Exports_1757.csv,Archives de la CCI de Marseille - I 23,18,,,,,Teklia-Jules Oudot-Marie Engsi,0,,0,,,,,,,,,
1108,Local,1757,Marseille,,Savoie et Piemont,Exports,Fil de chevre,,,1545,,515,onces,3,sources/Local/Archives_de_la_CCI_de_Marseille_I_23_Marseille_Exports_1757.csv,Archives de la CCI de Marseille - I 23,18,,,,,Teklia-Jules Oudot-Marie Engsi,0,,0,,,,,,,,,
1109,Local,1757,Marseille,,Savoie et Piemont,Exports,Fil de corailleurs,,,2225,,4450,livres,0.5,sources/Local/Archives_de_la_CCI_de_Marseille_I_23_Marseille_Exports_1757.csv,Archives de la CCI de Marseille - I 23,18,,,,,Teklia-Jules Oudot-Marie Engsi,0,,0,,,,,,,,,
1110,Local,1757,Marseille,,Savoie et Piemont,Exports,Fil a coudre,,,310,,155,livres,2,sources/Local/Archives_de_la_CCI_de_Marseille_I_23_Marseille_Exports_1757.csv,Archives de la CCI de Marseille - I 23,18,,,,,Teklia-Jules Oudot-Marie Engsi,0,,0,,,,,,,,,
1111,Local,1757,Marseille,,Savoie et Piemont,Exports,Fil de fer,,,170,,284,livres,0.6,sources/Local/Archives_de_la_CCI_de_Marseille_I_23_Marseille_Exports_1757.csv,Archives de la CCI de Marseille - I 23,18,,,,,Teklia-Jules Oudot-Marie Engsi,0,,-0.400000000000006,,,,,,,,,
1112,Local,1757,Marseille,,Savoie et Piemont,Exports,Filets d'espar,,,24000,,480,grosses,50,sources/Local/Archives_de_la_CCI_de_Marseille_I_23_Marseille_Exports_1757.csv,Archives de la CCI de Marseille - I 23,18,,,,,Teklia-Jules Oudot-Marie Engsi,0,,0,,,,,,,,,
1113,Local,1757,Marseille,,Savoie et Piemont,Exports,Fleur de souffre,,,242,,1210,livres,0.2,sources/Local/Archives_de_la_CCI_de_Marseille_I_23_Marseille_Exports_1757.csv,Archives de la CCI de Marseille - I 23,18,,,,,Teklia-Jules Oudot-Marie Engsi,0,,0,,,,,,,,,
1114,Local,1757,Marseille,,Savoie et Piemont,Exports,Fleurs de violette,,,679,,1133,livres,0.6,sources/Local/Archives_de_la_CCI_de_Marseille_I_23_Marseille_Exports_1757.csv,Archives de la CCI de Marseille - I 23,18,,,,,Teklia-Jules Oudot-Marie Engsi,0,,-0.799999999999955,,,,,,,,,
1115,Local,1757,Marseille,,Savoie et Piemont,Exports,Formes de souliers,,,8,,17,en nombre,0.5,sources/Local/Archives_de_la_CCI_de_Marseille_I_23_Marseille_Exports_1757.csv,Archives de la CCI de Marseille - I 23,18,,,,,Teklia-Jules Oudot-Marie Engsi,0,,-0.5,,,,,,,,,
1116,Local,1757,Marseille,,Savoie et Piemont,Exports,Fromage,,,4008,,13360,livres,0.3,sources/Local/Archives_de_la_CCI_de_Marseille_I_23_Marseille_Exports_1757.csv,Archives de la CCI de Marseille - I 23,18,,,,,Teklia-Jules Oudot-Marie Engsi,0,,0,,,,,,,,,
1117,Local,1757,Marseille,,Savoie et Piemont,Exports,Fumier de pigeon,,,9440,,944,charges,10,sources/Local/Archives_de_la_CCI_de_Marseille_I_23_Marseille_Exports_1757.csv,Archives de la CCI de Marseille - I 23,18,,,,,Teklia-Jules Oudot-Marie Engsi,0,,0,,,,,,,,,
1118,Local,1757,Marseille,,Savoie et Piemont,Exports,Galles,,,1970,,3941,livres,0.5,sources/Local/Archives_de_la_CCI_de_Marseille_I_23_Marseille_Exports_1757.csv,Archives de la CCI de Marseille - I 23,18,,,,,Teklia-Jules Oudot-Marie Engsi,0,,-0.5,,,,,,,,,
1119,Local,1757,Marseille,,Savoie et Piemont,Exports,Gans communs,,,420,,42,douzaine,10,sources/Local/Archives_de_la_CCI_de_Marseille_I_23_Marseille_Exports_1757.csv,Archives de la CCI de Marseille - I 23,18,,,,,Teklia-Jules Oudot-Marie Engsi,0,,0,,,,,,,,,
1120,Local,1757,Marseille,,Savoie et Piemont,Exports,Gans communs,,,24,,6,livres,4,sources/Local/Archives_de_la_CCI_de_Marseille_I_23_Marseille_Exports_1757.csv,Archives de la CCI de Marseille - I 23,18,,,,,Teklia-Jules Oudot-Marie Engsi,0,ligne rajoutée,0,,,,,,,,,
1121,Local,1757,Marseille,,Savoie et Piemont,Exports,Garance,,,25444,,63612,livres,0.4,sources/Local/Archives_de_la_CCI_de_Marseille_I_23_Marseille_Exports_1757.csv,Archives de la CCI de Marseille - I 23,18,,,,,Teklia-Jules Oudot-Marie Engsi,0,,-0.80000000000291,,,,,,,,,
1122,Local,1757,Marseille,,Savoie et Piemont,Exports,Gaudron,,,1020,,6800,livres,0.15,sources/Local/Archives_de_la_CCI_de_Marseille_I_23_Marseille_Exports_1757.csv,Archives de la CCI de Marseille - I 23,18,,,,,Teklia-Jules Oudot-Marie Engsi,0,,0,,,,,,,,,
1123,Local,1757,Marseille,,Savoie et Piemont,Exports,Gaze de soye,,,237,,4.75,livres,50,sources/Local/Archives_de_la_CCI_de_Marseille_I_23_Marseille_Exports_1757.csv,Archives de la CCI de Marseille - I 23,18,,,,,Teklia-Jules Oudot-Marie Engsi,0,,-0.5,,,,,,,,,
1124,Local,1757,Marseille,,Savoie et Piemont,Exports,Gaze de soye et fil,,,110,,5.5,livres,20,sources/Local/Archives_de_la_CCI_de_Marseille_I_23_Marseille_Exports_1757.csv,Archives de la CCI de Marseille - I 23,18,,,,,Teklia-Jules Oudot-Marie Engsi,0,,0,,,,,,,,,
1125,Local,1757,Marseille,,Savoie et Piemont,Exports,Gerles de terre,,,1644,,548,en nombre,3,sources/Local/Archives_de_la_CCI_de_Marseille_I_23_Marseille_Exports_1757.csv,Archives de la CCI de Marseille - I 23,18,,,,,Teklia-Jules Oudot-Marie Engsi,0,,0,,,,,,,,,
1126,Local,1757,Marseille,,Savoie et Piemont,Exports,Geroffle,,,11920,,745,livres,16,sources/Local/Archives_de_la_CCI_de_Marseille_I_23_Marseille_Exports_1757.csv,Archives de la CCI de Marseille - I 23,18,,,,,Teklia-Jules Oudot-Marie Engsi,0,,0,,,,,,,,,
1127,Local,1757,Marseille,,Savoie et Piemont,Exports,Gibier perdrix,,,25,,25,livres,1,sources/Local/Archives_de_la_CCI_de_Marseille_I_23_Marseille_Exports_1757.csv,Archives de la CCI de Marseille - I 23,18,,,,,Teklia-Jules Oudot-Marie Engsi,0,,0,,,,,,,,,
1128,Local,1757,Marseille,,Savoie et Piemont,Exports,Gingembre,,,148,,372,livres,0.4,sources/Local/Archives_de_la_CCI_de_Marseille_I_23_Marseille_Exports_1757.csv,Archives de la CCI de Marseille - I 23,18,,,,,Teklia-Jules Oudot-Marie Engsi,0,,-0.800000000000011,,,,,,,,,
1129,Local,1757,Marseille,,Savoie et Piemont,Exports,Gomme adragan,,,515,,412,livres,1.25,sources/Local/Archives_de_la_CCI_de_Marseille_I_23_Marseille_Exports_1757.csv,Archives de la CCI de Marseille - I 23,18,,,,,Teklia-Jules Oudot-Marie Engsi,0,,0,,,,,,,,,
1130,Local,1757,Marseille,,Savoie et Piemont,Exports,Gomme armoniac,,,518,,259,livres,2,sources/Local/Archives_de_la_CCI_de_Marseille_I_23_Marseille_Exports_1757.csv,Archives de la CCI de Marseille - I 23,18,,,,,Teklia-Jules Oudot-Marie Engsi,0,,0,,,,,,,,,
1131,Local,1757,Marseille,,Savoie et Piemont,Exports,Gomme de barbarie,,,150,,300,livres,0.5,sources/Local/Archives_de_la_CCI_de_Marseille_I_23_Marseille_Exports_1757.csv,Archives de la CCI de Marseille - I 23,18,,,,,Teklia-Jules Oudot-Marie Engsi,0,,0,,,,,,,,,
1132,Local,1757,Marseille,,Savoie et Piemont,Exports,Gomme du Senegal,,,1191,,794,livres,1.5,sources/Local/Archives_de_la_CCI_de_Marseille_I_23_Marseille_Exports_1757.csv,Archives de la CCI de Marseille - I 23,18,,,,,Teklia-Jules Oudot-Marie Engsi,0,,0,,,,,,,,,
1133,Local,1757,Marseille,,Savoie et Piemont,Exports,Gomme de Churique,,,838,,932,livres,0.9,sources/Local/Archives_de_la_CCI_de_Marseille_I_23_Marseille_Exports_1757.csv,Archives de la CCI de Marseille - I 23,18,,,,,Teklia-Jules Oudot-Marie Engsi,0,,-0.800000000000068,,,,,,,,,
1134,Local,1757,Marseille,,Savoie et Piemont,Exports,Grabeau de cire,,,181,,363,livres,0.5,sources/Local/Archives_de_la_CCI_de_Marseille_I_23_Marseille_Exports_1757.csv,Archives de la CCI de Marseille - I 23,18,,,,,Teklia-Jules Oudot-Marie Engsi,0,,-0.5,,,,,,,,,
1135,Local,1757,Marseille,,Savoie et Piemont,Exports,Grabeau de sené,,,233,,466,livres,0.5,sources/Local/Archives_de_la_CCI_de_Marseille_I_23_Marseille_Exports_1757.csv,Archives de la CCI de Marseille - I 23,18,,,,,Teklia-Jules Oudot-Marie Engsi,0,,0,,,,,,,,,
1136,Local,1757,Marseille,,Savoie et Piemont,Exports,Graine d'avignon,,,256,,1711,livres,0.15,sources/Local/Archives_de_la_CCI_de_Marseille_I_23_Marseille_Exports_1757.csv,Archives de la CCI de Marseille - I 23,18,,,,,Teklia-Jules Oudot-Marie Engsi,0,,-0.649999999999977,,,,,,,,,
1137,Local,1757,Marseille,,Savoie et Piemont,Exports,Graine de jardin,,,415,,415,livres,1,sources/Local/Archives_de_la_CCI_de_Marseille_I_23_Marseille_Exports_1757.csv,Archives de la CCI de Marseille - I 23,18,,,,,Teklia-Jules Oudot-Marie Engsi,0,,0,,,,,,,,,
1138,Local,1757,Marseille,,Savoie et Piemont,Exports,Graine jaune,,,12,,250,livres,0.05,sources/Local/Archives_de_la_CCI_de_Marseille_I_23_Marseille_Exports_1757.csv,Archives de la CCI de Marseille - I 23,18,,,,,Teklia-Jules Oudot-Marie Engsi,0,,-0.5,,,,,,,,,
1139,Local,1757,Marseille,,Savoie et Piemont,Exports,Grainde de Luzerne,,,264,,880,livres,0.3,sources/Local/Archives_de_la_CCI_de_Marseille_I_23_Marseille_Exports_1757.csv,Archives de la CCI de Marseille - I 23,18,,,,,Teklia-Jules Oudot-Marie Engsi,0,,0,,,,,,,,,
1140,Local,1757,Marseille,,Savoie et Piemont,Exports,Graine de moutarde,,,44,,220,livres,0.2,sources/Local/Archives_de_la_CCI_de_Marseille_I_23_Marseille_Exports_1757.csv,Archives de la CCI de Marseille - I 23,18,,,,,Teklia-Jules Oudot-Marie Engsi,0,,0,,,,,,,,,
1141,Local,1757,Marseille,,Savoie et Piemont,Exports,Graisse,,,718,,2395,livres,0.3,sources/Local/Archives_de_la_CCI_de_Marseille_I_23_Marseille_Exports_1757.csv,Archives de la CCI de Marseille - I 23,18,,,,,Teklia-Jules Oudot-Marie Engsi,0,,-0.5,,,,,,,,,
1142,Local,1757,Marseille,,Savoie et Piemont,Exports,Harangs fumés,,,576,,24,barriles,24,sources/Local/Archives_de_la_CCI_de_Marseille_I_23_Marseille_Exports_1757.csv,Archives de la CCI de Marseille - I 23,18,,,,,Teklia-Jules Oudot-Marie Engsi,0,,0,,,,,,,,,
1143,Local,1757,Marseille,,Savoie et Piemont,Exports,Harangs fumés,,,4562,,18250,livres,0.25,sources/Local/Archives_de_la_CCI_de_Marseille_I_23_Marseille_Exports_1757.csv,Archives de la CCI de Marseille - I 23,18,,,,,Teklia-Jules Oudot-Marie Engsi,0,,-0.5,,,,,,,,,
1144,Local,1757,Marseille,,Savoie et Piemont,Exports,Hordes vieilles,,,60,,2,barres,30,sources/Local/Archives_de_la_CCI_de_Marseille_I_23_Marseille_Exports_1757.csv,Archives de la CCI de Marseille - I 23,19,,,,,Teklia-Jules Oudot-Marie Engsi,0,,0,,,,,,,,,
1145,Local,1757,Marseille,,Savoie et Piemont,Exports,Huile d'olive,,,7813,,19533.5,livres,0.4,sources/Local/Archives_de_la_CCI_de_Marseille_I_23_Marseille_Exports_1757.csv,Archives de la CCI de Marseille - I 23,19,,,,,Teklia-Jules Oudot-Marie Engsi,0,,-0.400000000000546,,,,,,,,,
1146,Local,1757,Marseille,,Savoie et Piemont,Exports,Huile de poisson,,,355,,1420,livres,0.25,sources/Local/Archives_de_la_CCI_de_Marseille_I_23_Marseille_Exports_1757.csv,Archives de la CCI de Marseille - I 23,19,,,,,Teklia-Jules Oudot-Marie Engsi,0,,0,,,,,,,,,
1147,Local,1757,Marseille,,Savoie et Piemont,Exports,Huile de senteur,,,72,,72,livres,1,sources/Local/Archives_de_la_CCI_de_Marseille_I_23_Marseille_Exports_1757.csv,Archives de la CCI de Marseille - I 23,19,,,,,Teklia-Jules Oudot-Marie Engsi,0,,0,,,,,,,,,
1148,Local,1757,Marseille,,Savoie et Piemont,Exports,Huile de vitriol,,,450,,150,livres,3,sources/Local/Archives_de_la_CCI_de_Marseille_I_23_Marseille_Exports_1757.csv,Archives de la CCI de Marseille - I 23,19,,,,,Teklia-Jules Oudot-Marie Engsi,0,,0,,,,,,,,,
1149,Local,1757,Marseille,,Savoie et Piemont,Exports,Jambon,,,375,,750,livres,0.5,sources/Local/Archives_de_la_CCI_de_Marseille_I_23_Marseille_Exports_1757.csv,Archives de la CCI de Marseille - I 23,19,,,,,Teklia-Jules Oudot-Marie Engsi,0,,0,,,,,,,,,
1150,Local,1757,Marseille,,Savoie et Piemont,Exports,Jarres,,,1146,,191,barriles,6,sources/Local/Archives_de_la_CCI_de_Marseille_I_23_Marseille_Exports_1757.csv,Archives de la CCI de Marseille - I 23,19,,,,,Teklia-Jules Oudot-Marie Engsi,0,,0,,,,,,,,,
1151,Local,1757,Marseille,,Savoie et Piemont,Exports,Indienne,,,25728,,2144,pieces,12,sources/Local/Archives_de_la_CCI_de_Marseille_I_23_Marseille_Exports_1757.csv,Archives de la CCI de Marseille - I 23,19,,,,,Teklia-Jules Oudot-Marie Engsi,0,,0,,,,,,,,,
1152,Local,1757,Marseille,,Savoie et Piemont,Exports,Indigo,,,60114,,10019,livres,6,sources/Local/Archives_de_la_CCI_de_Marseille_I_23_Marseille_Exports_1757.csv,Archives de la CCI de Marseille - I 23,19,,,,,Teklia-Jules Oudot-Marie Engsi,0,,0,,,,,,,,,
1153,Local,1757,Marseille,,Savoie et Piemont,Exports,Jus de reglisse,,,1320,,3774,livres,0.35,sources/Local/Archives_de_la_CCI_de_Marseille_I_23_Marseille_Exports_1757.csv,Archives de la CCI de Marseille - I 23,19,,,,,Teklia-Jules Oudot-Marie Engsi,0,,-0.899999999999864,,,,,,,,,
1154,Local,1757,Marseille,,Savoie et Piemont,Exports,Laine de chevron,,,26364,,8788,livres,3,sources/Local/Archives_de_la_CCI_de_Marseille_I_23_Marseille_Exports_1757.csv,Archives de la CCI de Marseille - I 23,19,,,,,Teklia-Jules Oudot-Marie Engsi,0,,0,,,,,,,,,
1155,Local,1757,Marseille,,Savoie et Piemont,Exports,Laine lavée,,,66425,,60387,livres,1.1,sources/Local/Archives_de_la_CCI_de_Marseille_I_23_Marseille_Exports_1757.csv,Archives de la CCI de Marseille - I 23,19,,,,,Teklia-Jules Oudot-Marie Engsi,0,,-0.700000000011642,,,,,,,,,
1156,Local,1757,Marseille,,Savoie et Piemont,Exports,Laine surge,,,15912,,39780,livres,0.4,sources/Local/Archives_de_la_CCI_de_Marseille_I_23_Marseille_Exports_1757.csv,Archives de la CCI de Marseille - I 23,19,,,,,Teklia-Jules Oudot-Marie Engsi,0,,0,,,,,,,,,
1157,Local,1757,Marseille,,Savoie et Piemont,Exports,Laine de vigogne,,,9420,,942,livres,10,sources/Local/Archives_de_la_CCI_de_Marseille_I_23_Marseille_Exports_1757.csv,Archives de la CCI de Marseille - I 23,19,,,,,Teklia-Jules Oudot-Marie Engsi,0,,0,,,,,,,,,
1158,Local,1757,Marseille,,Savoie et Piemont,Exports,Lapins,,,3,,5,en nombre,0.6,sources/Local/Archives_de_la_CCI_de_Marseille_I_23_Marseille_Exports_1757.csv,Archives de la CCI de Marseille - I 23,19,,,,,Teklia-Jules Oudot-Marie Engsi,0,,0,,,,,,,,,
1159,Local,1757,Marseille,,Savoie et Piemont,Exports,Lard,,,0.6,,2,livres,0.3,sources/Local/Archives_de_la_CCI_de_Marseille_I_23_Marseille_Exports_1757.csv,Archives de la CCI de Marseille - I 23,19,,,,,Teklia-Jules Oudot-Marie Engsi,0,,0,,,,,,,,,
1160,Local,1757,Marseille,,Savoie et Piemont,Exports,Legumes,,,1024,,6832,livres,0.15,sources/Local/Archives_de_la_CCI_de_Marseille_I_23_Marseille_Exports_1757.csv,Archives de la CCI de Marseille - I 23,19,,,,,Teklia-Jules Oudot-Marie Engsi,0,,-0.799999999999955,,,,,,,,,
1161,Local,1757,Marseille,,Savoie et Piemont,Exports,Leton ouvré,,,2208,,1472,livres,1.5,sources/Local/Archives_de_la_CCI_de_Marseille_I_23_Marseille_Exports_1757.csv,Archives de la CCI de Marseille - I 23,19,,,,,Teklia-Jules Oudot-Marie Engsi,0,,0,,,,,,,,,
1162,Local,1757,Marseille,,Savoie et Piemont,Exports,Librairie,,,11440,,5720,livres,2,sources/Local/Archives_de_la_CCI_de_Marseille_I_23_Marseille_Exports_1757.csv,Archives de la CCI de Marseille - I 23,19,,,,,Teklia-Jules Oudot-Marie Engsi,0,,0,,,,,,,,,
1163,Local,1757,Marseille,,Savoie et Piemont,Exports,Liege,,,9,,60,livres,0.15,sources/Local/Archives_de_la_CCI_de_Marseille_I_23_Marseille_Exports_1757.csv,Archives de la CCI de Marseille - I 23,19,,,,,Teklia-Jules Oudot-Marie Engsi,0,,0,,,,,,,,,
1164,Local,1757,Marseille,,Savoie et Piemont,Exports,Lin peigné,,,1800,,2400,livres,0.75,sources/Local/Archives_de_la_CCI_de_Marseille_I_23_Marseille_Exports_1757.csv,Archives de la CCI de Marseille - I 23,19,,,,,Teklia-Jules Oudot-Marie Engsi,0,,0,,,,,,,,,
1165,Local,1757,Marseille,,Savoie et Piemont,Exports,Liqueur,,,3802,,5070,livres,0.75,sources/Local/Archives_de_la_CCI_de_Marseille_I_23_Marseille_Exports_1757.csv,Archives de la CCI de Marseille - I 23,19,,,,,Teklia-Jules Oudot-Marie Engsi,0,,-0.5,,,,,,,,,
1166,Local,1757,Marseille,,Savoie et Piemont,Exports,Litarge,,,93,,520,livres,0.18,sources/Local/Archives_de_la_CCI_de_Marseille_I_23_Marseille_Exports_1757.csv,Archives de la CCI de Marseille - I 23,19,,,,,Teklia-Jules Oudot-Marie Engsi,0,,-0.599999999999994,,,,,,,,,
1167,Local,1757,Marseille,,Savoie et Piemont,Exports,Manchettes brodées,,,72,,12,paires,6,sources/Local/Archives_de_la_CCI_de_Marseille_I_23_Marseille_Exports_1757.csv,Archives de la CCI de Marseille - I 23,19,,,,,Teklia-Jules Oudot-Marie Engsi,0,,0,,,,,,,,,
1168,Local,1757,Marseille,,Savoie et Piemont,Exports,Mane,,,457,,366,livres,1.25,sources/Local/Archives_de_la_CCI_de_Marseille_I_23_Marseille_Exports_1757.csv,Archives de la CCI de Marseille - I 23,19,,,,,Teklia-Jules Oudot-Marie Engsi,0,,-0.5,,,,,,,,,
1169,Local,1757,Marseille,,Savoie et Piemont,Exports,Mercerie,,,84666,,24190.5,livres,3.5,sources/Local/Archives_de_la_CCI_de_Marseille_I_23_Marseille_Exports_1757.csv,Archives de la CCI de Marseille - I 23,19,,,,,Teklia-Jules Oudot-Marie Engsi,0,,-0.75,,,,,,,,,
1170,Local,1757,Marseille,,Savoie et Piemont,Exports,Meules a moulin,,,400,,10,en nombre,40,sources/Local/Archives_de_la_CCI_de_Marseille_I_23_Marseille_Exports_1757.csv,Archives de la CCI de Marseille - I 23,19,,,,,Teklia-Jules Oudot-Marie Engsi,0,,0,,,,,,,,,
1171,Local,1757,Marseille,,Savoie et Piemont,Exports,Miel,,,229,,1528,livres,0.15,sources/Local/Archives_de_la_CCI_de_Marseille_I_23_Marseille_Exports_1757.csv,Archives de la CCI de Marseille - I 23,19,,,,,Teklia-Jules Oudot-Marie Engsi,0,,-0.199999999999989,,,,,,,,,
1172,Local,1757,Marseille,,Savoie et Piemont,Exports,Mignonette,,,700,,140,livres,5,sources/Local/Archives_de_la_CCI_de_Marseille_I_23_Marseille_Exports_1757.csv,Archives de la CCI de Marseille - I 23,19,,,,,Teklia-Jules Oudot-Marie Engsi,0,,0,,,,,,,,,
1173,Local,1757,Marseille,,Savoie et Piemont,Exports,Miny,,,140,,561,livres,0.25,sources/Local/Archives_de_la_CCI_de_Marseille_I_23_Marseille_Exports_1757.csv,Archives de la CCI de Marseille - I 23,19,,,,,Teklia-Jules Oudot-Marie Engsi,0,,-0.25,,,,,,,,,
1174,Local,1757,Marseille,,Savoie et Piemont,Exports,Miroirs,,,4000,,200,livres,20,sources/Local/Archives_de_la_CCI_de_Marseille_I_23_Marseille_Exports_1757.csv,Archives de la CCI de Marseille - I 23,19,,,,,Teklia-Jules Oudot-Marie Engsi,0,,0,,,,,,,,,
1175,Local,1757,Marseille,,Savoie et Piemont,Exports,Moire,,,1000,,25,livres,40,sources/Local/Archives_de_la_CCI_de_Marseille_I_23_Marseille_Exports_1757.csv,Archives de la CCI de Marseille - I 23,19,,,,,Teklia-Jules Oudot-Marie Engsi,0,,0,,,,,,,,,
1176,Local,1757,Marseille,,Savoie et Piemont,Exports,Morüe,,,7820,,52138,livres,0.15,sources/Local/Archives_de_la_CCI_de_Marseille_I_23_Marseille_Exports_1757.csv,Archives de la CCI de Marseille - I 23,19,,,,,Teklia-Jules Oudot-Marie Engsi,0,,-0.699999999999818,,,,,,,,,
1177,Local,1757,Marseille,,Savoie et Piemont,Exports,Mouchoirs de coton,,,592,,74,pièces,8,sources/Local/Archives_de_la_CCI_de_Marseille_I_23_Marseille_Exports_1757.csv,Archives de la CCI de Marseille - I 23,19,,,,,Teklia-Jules Oudot-Marie Engsi,0,,0,,,,,,,,,
1178,Local,1757,Marseille,,Savoie et Piemont,Exports,Mouchoirs de fil,,,208,,26,livres,8,sources/Local/Archives_de_la_CCI_de_Marseille_I_23_Marseille_Exports_1757.csv,Archives de la CCI de Marseille - I 23,19,,,,,Teklia-Jules Oudot-Marie Engsi,0,,0,,,,,,,,,
1179,Local,1757,Marseille,,Savoie et Piemont,Exports,Mules,,,600,,4,en nombre,150,sources/Local/Archives_de_la_CCI_de_Marseille_I_23_Marseille_Exports_1757.csv,Archives de la CCI de Marseille - I 23,19,,,,,Teklia-Jules Oudot-Marie Engsi,0,,0,,,,,,,,,
1180,Local,1757,Marseille,,Savoie et Piemont,Exports,Noisettes,,,200,,2000,livres,0.1,sources/Local/Archives_de_la_CCI_de_Marseille_I_23_Marseille_Exports_1757.csv,Archives de la CCI de Marseille - I 23,19,,,,,Teklia-Jules Oudot-Marie Engsi,0,,0,,,,,,,,,
1181,Local,1757,Marseille,,Savoie et Piemont,Exports,Noix vomiques,,,40,,200,livres,0.2,sources/Local/Archives_de_la_CCI_de_Marseille_I_23_Marseille_Exports_1757.csv,Archives de la CCI de Marseille - I 23,19,,,,,Teklia-Jules Oudot-Marie Engsi,0,Prix 20 livres le quintal,0,,,,,,,,,
1182,Local,1757,Marseille,,Savoie et Piemont,Exports,Olives,,,210,,1400,livres,0.15,sources/Local/Archives_de_la_CCI_de_Marseille_I_23_Marseille_Exports_1757.csv,Archives de la CCI de Marseille - I 23,19,,,,,Teklia-Jules Oudot-Marie Engsi,0,,0,,,,,,,,,
1183,Local,1757,Marseille,,Savoie et Piemont,Exports,Oranges,,,772,,7720,livres,0.1,sources/Local/Archives_de_la_CCI_de_Marseille_I_23_Marseille_Exports_1757.csv,Archives de la CCI de Marseille - I 23,19,,,,,Teklia-Jules Oudot-Marie Engsi,0,,0,,,,,,,,,
1184,Local,1757,Marseille,,Savoie et Piemont,Exports,Papeline,,,1095,,73,livres,15,sources/Local/Archives_de_la_CCI_de_Marseille_I_23_Marseille_Exports_1757.csv,Archives de la CCI de Marseille - I 23,19,,,,,Teklia-Jules Oudot-Marie Engsi,0,,0,,,,,,,,,
1185,Local,1757,Marseille,,Savoie et Piemont,Exports,Papier blanc,,,26430,,4405,rames,6,sources/Local/Archives_de_la_CCI_de_Marseille_I_23_Marseille_Exports_1757.csv,Archives de la CCI de Marseille - I 23,19,,,,,Teklia-Jules Oudot-Marie Engsi,0,,0,,,,,,,,,
1186,Local,1757,Marseille,,Savoie et Piemont,Exports,Parasols,,,60,,12,en nombre,5,sources/Local/Archives_de_la_CCI_de_Marseille_I_23_Marseille_Exports_1757.csv,Archives de la CCI de Marseille - I 23,19,,,,,Teklia-Jules Oudot-Marie Engsi,0,,0,,,,,,,,,
1187,Local,1757,Marseille,,Savoie et Piemont,Exports,Parchemin,,,3423,,1141,livres,3,sources/Local/Archives_de_la_CCI_de_Marseille_I_23_Marseille_Exports_1757.csv,Archives de la CCI de Marseille - I 23,19,,,,,Teklia-Jules Oudot-Marie Engsi,0,,0,,,,,,,,,
1188,Local,1757,Marseille,,Savoie et Piemont,Exports,Pate d'amande,,,9,,30,livres,0.3,sources/Local/Archives_de_la_CCI_de_Marseille_I_23_Marseille_Exports_1757.csv,Archives de la CCI de Marseille - I 23,19,,,,,Teklia-Jules Oudot-Marie Engsi,0,,0,,,,,,,,,
1189,Local,1757,Marseille,,Savoie et Piemont,Exports,Peaux d'agneaux,,,408,,136,douzaine,3,sources/Local/Archives_de_la_CCI_de_Marseille_I_23_Marseille_Exports_1757.csv,Archives de la CCI de Marseille - I 23,19,,,,,Teklia-Jules Oudot-Marie Engsi,0,,0,,,,,,,,,
1190,Local,1757,Marseille,,Savoie et Piemont,Exports,Peaux d'agneaux,,,1612,,6450,livres,0.25,sources/Local/Archives_de_la_CCI_de_Marseille_I_23_Marseille_Exports_1757.csv,Archives de la CCI de Marseille - I 23,19,,,,,Teklia-Jules Oudot-Marie Engsi,0,,-0.5,,,,,,,,,
1191,Local,1757,Marseille,,Savoie et Piemont,Exports,Peaux de chamois,,,1200,,40,douzaine,30,sources/Local/Archives_de_la_CCI_de_Marseille_I_23_Marseille_Exports_1757.csv,Archives de la CCI de Marseille - I 23,19,,,,,Teklia-Jules Oudot-Marie Engsi,0,,0,,,,,,,,,
1192,Local,1757,Marseille,,Savoie et Piemont,Exports,Peaux de chamois,,,33488,,8372,livres,4,sources/Local/Archives_de_la_CCI_de_Marseille_I_23_Marseille_Exports_1757.csv,Archives de la CCI de Marseille - I 23,19,,,,,Teklia-Jules Oudot-Marie Engsi,0,,0,,,,,,,,,
1193,Local,1757,Marseille,,Savoie et Piemont,Exports,Peaux de marroquin,,,750,,500,livres,1.5,sources/Local/Archives_de_la_CCI_de_Marseille_I_23_Marseille_Exports_1757.csv,Archives de la CCI de Marseille - I 23,19,,,,,Teklia-Jules Oudot-Marie Engsi,0,,0,,,,,,,,,
1194,Local,1757,Marseille,,Savoie et Piemont,Exports,Peaux de mouton aprestée,,,204,,17,douzaine,12,sources/Local/Archives_de_la_CCI_de_Marseille_I_23_Marseille_Exports_1757.csv,Archives de la CCI de Marseille - I 23,19,,,,,Teklia-Jules Oudot-Marie Engsi,0,,0,,,,,,,,,
1195,Local,1757,Marseille,,Savoie et Piemont,Exports,Peaux de mouton aprestée,,,23615,,23615,livres,1,sources/Local/Archives_de_la_CCI_de_Marseille_I_23_Marseille_Exports_1757.csv,Archives de la CCI de Marseille - I 23,19,,,,,Teklia-Jules Oudot-Marie Engsi,0,,0,,,,,,,,,
1196,Local,1757,Marseille,,Savoie et Piemont,Exports,Peaux de sauvagines,,,960,,160,livres,6,sources/Local/Archives_de_la_CCI_de_Marseille_I_23_Marseille_Exports_1757.csv,Archives de la CCI de Marseille - I 23,19,,,,,Teklia-Jules Oudot-Marie Engsi,0,,0,,,,,,,,,
1197,Local,1757,Marseille,,Savoie et Piemont,Exports,Peaux de veau tannées,,,3660,,101.666666,douzaine,36,sources/Local/Archives_de_la_CCI_de_Marseille_I_23_Marseille_Exports_1757.csv,Archives de la CCI de Marseille - I 23,19,,,,,Teklia-Jules Oudot-Marie Engsi,0,,2.39999999394058E-05,,,,,,,,,
1198,Local,1757,Marseille,,Savoie et Piemont,Exports,Peaux de veau tannées,,,40682,,32546,livres,1.25,sources/Local/Archives_de_la_CCI_de_Marseille_I_23_Marseille_Exports_1757.csv,Archives de la CCI de Marseille - I 23,19,,,,,Teklia-Jules Oudot-Marie Engsi,0,,-0.5,,,,,,,,,
1199,Local,1757,Marseille,,Savoie et Piemont,Exports,Pelleterie aprestée,,,187,,75,livres,2.5,sources/Local/Archives_de_la_CCI_de_Marseille_I_23_Marseille_Exports_1757.csv,Archives de la CCI de Marseille - I 23,19,,,,,Teklia-Jules Oudot-Marie Engsi,0,,-0.5,,,,,,,,,
1200,Local,1757,Marseille,,Savoie et Piemont,Exports,Peignes de Buis,,,8400,,5600,livres,1.5,sources/Local/Archives_de_la_CCI_de_Marseille_I_23_Marseille_Exports_1757.csv,Archives de la CCI de Marseille - I 23,19,,,,,Teklia-Jules Oudot-Marie Engsi,0,,0,,,,,,,,,
1201,Local,1757,Marseille,,Savoie et Piemont,Exports,Peluche,,,250,,25,livres,10,sources/Local/Archives_de_la_CCI_de_Marseille_I_23_Marseille_Exports_1757.csv,Archives de la CCI de Marseille - I 23,19,,,,,Teklia-Jules Oudot-Marie Engsi,0,,0,,,,,,,,,
1202,Local,1757,Marseille,,Savoie et Piemont,Exports,Pierres à eguiser,,,460,,460,en nombre,1,sources/Local/Archives_de_la_CCI_de_Marseille_I_23_Marseille_Exports_1757.csv,Archives de la CCI de Marseille - I 23,19,,,,,Teklia-Jules Oudot-Marie Engsi,0,,0,,,,,,,,,
1203,Local,1757,Marseille,,Savoie et Piemont,Exports,Pierres de four,,,15,,5,charges,3,sources/Local/Archives_de_la_CCI_de_Marseille_I_23_Marseille_Exports_1757.csv,Archives de la CCI de Marseille - I 23,19,,,,,Teklia-Jules Oudot-Marie Engsi,0,,0,,,,,,,,,
1204,Local,1757,Marseille,,Savoie et Piemont,Exports,Pierres a soyes,,,24,,8,charges,3,sources/Local/Archives_de_la_CCI_de_Marseille_I_23_Marseille_Exports_1757.csv,Archives de la CCI de Marseille - I 23,19,,,,,Teklia-Jules Oudot-Marie Engsi,0,,0,,,,,,,,,
1205,Local,1757,Marseille,,Savoie et Piemont,Exports,Piment,,,26,,527,livres,0.05,sources/Local/Archives_de_la_CCI_de_Marseille_I_23_Marseille_Exports_1757.csv,Archives de la CCI de Marseille - I 23,19,,,,,Teklia-Jules Oudot-Marie Engsi,0,,-0.350000000000001,,,,,,,,,
1206,Local,1757,Marseille,,Savoie et Piemont,Exports,Plomb en grenaille,,,4451,,17805,livres,0.25,sources/Local/Archives_de_la_CCI_de_Marseille_I_23_Marseille_Exports_1757.csv,Archives de la CCI de Marseille - I 23,19,,,,,Teklia-Jules Oudot-Marie Engsi,0,,-0.25,,,,,,,,,
1207,Local,1757,Marseille,,Savoie et Piemont,Exports,Plomb en saumon,,,157,,788,livres,0.2,sources/Local/Archives_de_la_CCI_de_Marseille_I_23_Marseille_Exports_1757.csv,Archives de la CCI de Marseille - I 23,19,,,,,Teklia-Jules Oudot-Marie Engsi,0,,-0.600000000000023,,,,,,,,,
1208,Local,1757,Marseille,,Savoie et Piemont,Exports,Poil de lapin,,,450,,300,livres,1.5,sources/Local/Archives_de_la_CCI_de_Marseille_I_23_Marseille_Exports_1757.csv,Archives de la CCI de Marseille - I 23,19,,,,,Teklia-Jules Oudot-Marie Engsi,0,,0,,,,,,,,,
1209,Local,1757,Marseille,,Savoie et Piemont,Exports,Poissons frais gros,,,14,,75,livres,0.2,sources/Local/Archives_de_la_CCI_de_Marseille_I_23_Marseille_Exports_1757.csv,Archives de la CCI de Marseille - I 23,19,,,,,Teklia-Jules Oudot-Marie Engsi,0,,-1,,,,,,,,,
1210,Local,1757,Marseille,,Savoie et Piemont,Exports,Poisson frit,,,2565,,171,barriles,15,sources/Local/Archives_de_la_CCI_de_Marseille_I_23_Marseille_Exports_1757.csv,Archives de la CCI de Marseille - I 23,19,,,,,Teklia-Jules Oudot-Marie Engsi,0,,0,,,,,,,,,
1211,Local,1757,Marseille,,Savoie et Piemont,Exports,Poisson salé,,,3070,,12280,livres,0.25,sources/Local/Archives_de_la_CCI_de_Marseille_I_23_Marseille_Exports_1757.csv,Archives de la CCI de Marseille - I 23,19,,,,,Teklia-Jules Oudot-Marie Engsi,0,,0,,,,,,,,,
1212,Local,1757,Marseille,,Savoie et Piemont,Exports,Poivre,,,58403,,53094,livres,1.1,sources/Local/Archives_de_la_CCI_de_Marseille_I_23_Marseille_Exports_1757.csv,Archives de la CCI de Marseille - I 23,20,,,,,Teklia-Jules Oudot-Marie Engsi,0,,-0.400000000001455,,,,,,,,,
1213,Local,1757,Marseille,,Savoie et Piemont,Exports,Poivre gerofflé,,,126,,126,livres,1,sources/Local/Archives_de_la_CCI_de_Marseille_I_23_Marseille_Exports_1757.csv,Archives de la CCI de Marseille - I 23,20,,,,,Teklia-Jules Oudot-Marie Engsi,0,,0,,,,,,,,,
1214,Local,1757,Marseille,,Savoie et Piemont,Exports,Poix noire,,,8,,94,livres,0.09,sources/Local/Archives_de_la_CCI_de_Marseille_I_23_Marseille_Exports_1757.csv,Archives de la CCI de Marseille - I 23,20,,,,,Teklia-Jules Oudot-Marie Engsi,0,,-0.459999999999999,,,,,,,,,
1215,Local,1757,Marseille,,Savoie et Piemont,Exports,Pomade,,,501,,334.5,Livres,1.5,sources/Local/Archives_de_la_CCI_de_Marseille_I_23_Marseille_Exports_1757.csv,Archives de la CCI de Marseille - I 23,20,,,,,Teklia-Jules Oudot-Marie Engsi,0,,-0.75,,,,,,,,,
1216,Local,1757,Marseille,,Savoie et Piemont,Exports,Pommes,,,187,,7.5,Charges,25,sources/Local/Archives_de_la_CCI_de_Marseille_I_23_Marseille_Exports_1757.csv,Archives de la CCI de Marseille - I 23,20,,,,,Teklia-Jules Oudot-Marie Engsi,0,,-0.5,,,,,,,,,
1217,Local,1757,Marseille,,Savoie et Piemont,Exports,Pommes,,,78,,785,livres,0.1,sources/Local/Archives_de_la_CCI_de_Marseille_I_23_Marseille_Exports_1757.csv,Archives de la CCI de Marseille - I 23,20,,,,,Teklia-Jules Oudot-Marie Engsi,0,,-0.5,,,,,,,,,
1218,Local,1757,Marseille,,Savoie et Piemont,Exports,Porcs gras,,,960,,32,en nombre,30,sources/Local/Archives_de_la_CCI_de_Marseille_I_23_Marseille_Exports_1757.csv,Archives de la CCI de Marseille - I 23,20,,,,,Teklia-Jules Oudot-Marie Engsi,0,,0,,,,,,,,,
1219,Local,1757,Marseille,,Savoie et Piemont,Exports,Poudre a poudrer,,,8,,42,livres,0.2,sources/Local/Archives_de_la_CCI_de_Marseille_I_23_Marseille_Exports_1757.csv,Archives de la CCI de Marseille - I 23,20,,,,,Teklia-Jules Oudot-Marie Engsi,0,,-0.4,,,,,,,,,
1220,Local,1757,Marseille,,Savoie et Piemont,Exports,Pruneaux,,,1916,,9581,livres,0.2,sources/Local/Archives_de_la_CCI_de_Marseille_I_23_Marseille_Exports_1757.csv,Archives de la CCI de Marseille - I 23,20,,,,,Teklia-Jules Oudot-Marie Engsi,0,,-0.200000000000045,,,,,,,,,
1221,Local,1757,Marseille,,Savoie et Piemont,Exports,Quincaille de bois,,,200,,200,livres,1,sources/Local/Archives_de_la_CCI_de_Marseille_I_23_Marseille_Exports_1757.csv,Archives de la CCI de Marseille - I 23,20,,,,,Teklia-Jules Oudot-Marie Engsi,0,,0,,,,,,,,,
1222,Local,1757,Marseille,,Savoie et Piemont,Exports,Quicaille de fer et acier,,,10714,,10714,livres,1,sources/Local/Archives_de_la_CCI_de_Marseille_I_23_Marseille_Exports_1757.csv,Archives de la CCI de Marseille - I 23,20,,,,,Teklia-Jules Oudot-Marie Engsi,0,,0,,,,,,,,,
1223,Local,1757,Marseille,,Savoie et Piemont,Exports,Raisin frais,,,7091,,141829,livres,0.05,sources/Local/Archives_de_la_CCI_de_Marseille_I_23_Marseille_Exports_1757.csv,Archives de la CCI de Marseille - I 23,20,,,,,Teklia-Jules Oudot-Marie Engsi,0,,-0.450000000000728,,,,,,,,,
1224,Local,1757,Marseille,,Savoie et Piemont,Exports,Raisin sec,,,886,,4430,livres,0.2,sources/Local/Archives_de_la_CCI_de_Marseille_I_23_Marseille_Exports_1757.csv,Archives de la CCI de Marseille - I 23,20,,,,,Teklia-Jules Oudot-Marie Engsi,0,,0,,,,,,,,,
1225,Local,1757,Marseille,,Savoie et Piemont,Exports,Réglisse,,,75,,1513,livres,0.05,sources/Local/Archives_de_la_CCI_de_Marseille_I_23_Marseille_Exports_1757.csv,Archives de la CCI de Marseille - I 23,20,,,,,Teklia-Jules Oudot-Marie Engsi,0,,-0.650000000000006,,,,,,,,,
1226,Local,1757,Marseille,,Savoie et Piemont,Exports,Ris,,,206,,1717,livres,0.12,sources/Local/Archives_de_la_CCI_de_Marseille_I_23_Marseille_Exports_1757.csv,Archives de la CCI de Marseille - I 23,20,,,,,Teklia-Jules Oudot-Marie Engsi,0,,-0.039999999999992,,,,,,,,,
1227,Local,1757,Marseille,,Savoie et Piemont,Exports,Rocou,,,2280,,2280,livres,1,sources/Local/Archives_de_la_CCI_de_Marseille_I_23_Marseille_Exports_1757.csv,Archives de la CCI de Marseille - I 23,20,,,,,Teklia-Jules Oudot-Marie Engsi,0,,0,,,,,,,,,
1228,Local,1757,Marseille,,Savoie et Piemont,Exports,Rognures de cartes,,,75,,1500,livres,0.05,sources/Local/Archives_de_la_CCI_de_Marseille_I_23_Marseille_Exports_1757.csv,Archives de la CCI de Marseille - I 23,20,,,,,Teklia-Jules Oudot-Marie Engsi,0,,0,,,,,,,,,
1229,Local,1757,Marseille,,Savoie et Piemont,Exports,Rognures de cuirs,,,3,,60,livres,0.05,sources/Local/Archives_de_la_CCI_de_Marseille_I_23_Marseille_Exports_1757.csv,Archives de la CCI de Marseille - I 23,20,,,,,Teklia-Jules Oudot-Marie Engsi,0,,0,,,,,,,,,
1230,Local,1757,Marseille,,Savoie et Piemont,Exports,Ruban or et argent,,,390,,3.25,livres,120,sources/Local/Archives_de_la_CCI_de_Marseille_I_23_Marseille_Exports_1757.csv,Archives de la CCI de Marseille - I 23,20,,,,,Teklia-Jules Oudot-Marie Engsi,0,,0,,,,,,,,,
1231,Local,1757,Marseille,,Savoie et Piemont,Exports,Ruban de soye,,,480,,8,livres,60,sources/Local/Archives_de_la_CCI_de_Marseille_I_23_Marseille_Exports_1757.csv,Archives de la CCI de Marseille - I 23,20,,,,,Teklia-Jules Oudot-Marie Engsi,0,,0,,,,,,,,,
1232,Local,1757,Marseille,,Savoie et Piemont,Exports,Saffran,,,1800,,120,livres,15,sources/Local/Archives_de_la_CCI_de_Marseille_I_23_Marseille_Exports_1757.csv,Archives de la CCI de Marseille - I 23,20,,,,,Teklia-Jules Oudot-Marie Engsi,0,,0,,,,,,,,,
1233,Local,1757,Marseille,,Savoie et Piemont,Exports,Saffranon,,,566,,872,livres,0.65,sources/Local/Archives_de_la_CCI_de_Marseille_I_23_Marseille_Exports_1757.csv,Archives de la CCI de Marseille - I 23,20,,,,,Teklia-Jules Oudot-Marie Engsi,0,,-0.800000000000068,,,,,,,,,
1234,Local,1757,Marseille,,Savoie et Piemont,Exports,Salicor,,,42,,706,livres,0.06,sources/Local/Archives_de_la_CCI_de_Marseille_I_23_Marseille_Exports_1757.csv,Archives de la CCI de Marseille - I 23,20,,,,,Teklia-Jules Oudot-Marie Engsi,0,,-0.359999999999999,,,,,,,,,
1235,Local,1757,Marseille,,Savoie et Piemont,Exports,Sangles,,,9,,19,livres,0.5,sources/Local/Archives_de_la_CCI_de_Marseille_I_23_Marseille_Exports_1757.csv,Archives de la CCI de Marseille - I 23,20,,,,,Teklia-Jules Oudot-Marie Engsi,0,,-0.5,,,,,,,,,
1236,Local,1757,Marseille,,Savoie et Piemont,Exports,Saucissons,,,476,,433,livres,1.1,sources/Local/Archives_de_la_CCI_de_Marseille_I_23_Marseille_Exports_1757.csv,Archives de la CCI de Marseille - I 23,20,,,,,Teklia-Jules Oudot-Marie Engsi,0,,-0.300000000000011,,,,,,,,,
1237,Local,1757,Marseille,,Savoie et Piemont,Exports,Saumon salé,,,360,,1200,livres,0.3,sources/Local/Archives_de_la_CCI_de_Marseille_I_23_Marseille_Exports_1757.csv,Archives de la CCI de Marseille - I 23,20,,,,,Teklia-Jules Oudot-Marie Engsi,0,,0,,,,,,,,,
1238,Local,1757,Marseille,,Savoie et Piemont,Exports,Savon,,,26046,,86820,livres,0.3,sources/Local/Archives_de_la_CCI_de_Marseille_I_23_Marseille_Exports_1757.csv,Archives de la CCI de Marseille - I 23,20,,,,,Teklia-Jules Oudot-Marie Engsi,0,,0,,,,,,,,,
1239,Local,1757,Marseille,,Savoie et Piemont,Exports,Savonnette,,,1061,,1061,livres,1,sources/Local/Archives_de_la_CCI_de_Marseille_I_23_Marseille_Exports_1757.csv,Archives de la CCI de Marseille - I 23,20,,,,,Teklia-Jules Oudot-Marie Engsi,0,,0,,,,,,,,,
1240,Local,1757,Marseille,,Savoie et Piemont,Exports,Sel,,,60,,300,livres,0.2,sources/Local/Archives_de_la_CCI_de_Marseille_I_23_Marseille_Exports_1757.csv,Archives de la CCI de Marseille - I 23,20,,,,,Teklia-Jules Oudot-Marie Engsi,0,,0,,,,,,,,,
1241,Local,1757,Marseille,,Savoie et Piemont,Exports,Sel armoniac,,,180,,180,livres,1,sources/Local/Archives_de_la_CCI_de_Marseille_I_23_Marseille_Exports_1757.csv,Archives de la CCI de Marseille - I 23,20,,,,,Teklia-Jules Oudot-Marie Engsi,0,,0,,,,,,,,,
1242,Local,1757,Marseille,,Savoie et Piemont,Exports,Semen contra,,,585,,195,livres,3,sources/Local/Archives_de_la_CCI_de_Marseille_I_23_Marseille_Exports_1757.csv,Archives de la CCI de Marseille - I 23,20,,,,,Teklia-Jules Oudot-Marie Engsi,0,,0,,,,,,,,,
1243,Local,1757,Marseille,,Savoie et Piemont,Exports,Serpes,,,72,,4,douzaine,18,sources/Local/Archives_de_la_CCI_de_Marseille_I_23_Marseille_Exports_1757.csv,Archives de la CCI de Marseille - I 23,20,,,,,Teklia-Jules Oudot-Marie Engsi,0,,0,,,,,,,,,
1244,Local,1757,Marseille,,Savoie et Piemont,Exports,Sirop d'alkerme,,,108,,90,livres,1.2,sources/Local/Archives_de_la_CCI_de_Marseille_I_23_Marseille_Exports_1757.csv,Archives de la CCI de Marseille - I 23,20,,,,,Teklia-Jules Oudot-Marie Engsi,0,,0,,,,,,,,,
1245,Local,1757,Marseille,,Savoie et Piemont,Exports,Sirop de capillaire,,,3916,,3916,livres,1,sources/Local/Archives_de_la_CCI_de_Marseille_I_23_Marseille_Exports_1757.csv,Archives de la CCI de Marseille - I 23,20,,,,,Teklia-Jules Oudot-Marie Engsi,0,,0,,,,,,,,,
1246,Local,1757,Marseille,,Savoie et Piemont,Exports,Son,,,6,,200,livres,0.03,sources/Local/Archives_de_la_CCI_de_Marseille_I_23_Marseille_Exports_1757.csv,Archives de la CCI de Marseille - I 23,20,,,,,Teklia-Jules Oudot-Marie Engsi,0,,0,,,,,,,,,
1247,Local,1757,Marseille,,Savoie et Piemont,Exports,Soude,,,2435,,27060,livres,0.09,sources/Local/Archives_de_la_CCI_de_Marseille_I_23_Marseille_Exports_1757.csv,Archives de la CCI de Marseille - I 23,20,,,,,Teklia-Jules Oudot-Marie Engsi,0,,-0.400000000000091,,,,,,,,,
1248,Local,1757,Marseille,,Savoie et Piemont,Exports,Souffres,,,498,,3324,livres,0.15,sources/Local/Archives_de_la_CCI_de_Marseille_I_23_Marseille_Exports_1757.csv,Archives de la CCI de Marseille - I 23,20,,,,,Teklia-Jules Oudot-Marie Engsi,0,,-0.599999999999966,,,,,,,,,
1249,Local,1757,Marseille,,Savoie et Piemont,Exports,Souliers,,,49,,14,paires,3.5,sources/Local/Archives_de_la_CCI_de_Marseille_I_23_Marseille_Exports_1757.csv,Archives de la CCI de Marseille - I 23,20,,,,,Teklia-Jules Oudot-Marie Engsi,0,,0,,,,,,,,,
1250,Local,1757,Marseille,,Savoie et Piemont,Exports,Souliers,,,400,,100,livres,4,sources/Local/Archives_de_la_CCI_de_Marseille_I_23_Marseille_Exports_1757.csv,Archives de la CCI de Marseille - I 23,20,,,,,Teklia-Jules Oudot-Marie Engsi,0,,0,,,,,,,,,
1251,Local,1757,Marseille,,Savoie et Piemont,Exports,Soye aprestée,,,246920,,12346,livres,20,sources/Local/Archives_de_la_CCI_de_Marseille_I_23_Marseille_Exports_1757.csv,Archives de la CCI de Marseille - I 23,20,,,,,Teklia-Jules Oudot-Marie Engsi,0,,0,,,,,,,,,
1252,Local,1757,Marseille,,Savoie et Piemont,Exports,Soye blanc,,,327622,,728050,livres,0.45,sources/Local/Archives_de_la_CCI_de_Marseille_I_23_Marseille_Exports_1757.csv,Archives de la CCI de Marseille - I 23,20,,,,,Teklia-Jules Oudot-Marie Engsi,0,,-0.5,,,,,,,,,
1253,Local,1757,Marseille,,Savoie et Piemont,Exports,Sucre brut,,,5659,,16170,livres,0.35,sources/Local/Archives_de_la_CCI_de_Marseille_I_23_Marseille_Exports_1757.csv,Archives de la CCI de Marseille - I 23,20,,,,,Teklia-Jules Oudot-Marie Engsi,0,,-0.5,,,,,,,,,
1254,Local,1757,Marseille,,Savoie et Piemont,Exports,Sucre candy,,,106,,106,livres,1,sources/Local/Archives_de_la_CCI_de_Marseille_I_23_Marseille_Exports_1757.csv,Archives de la CCI de Marseille - I 23,20,,,,,Teklia-Jules Oudot-Marie Engsi,0,,0,,,,,,,,,
1255,Local,1757,Marseille,,Savoie et Piemont,Exports,Sucre rafiné,,,4680,,7800,livres,0.6,sources/Local/Archives_de_la_CCI_de_Marseille_I_23_Marseille_Exports_1757.csv,Archives de la CCI de Marseille - I 23,20,,,,,Teklia-Jules Oudot-Marie Engsi,0,,0,,,,,,,,,
1256,Local,1757,Marseille,,Savoie et Piemont,Exports,Sucre versois,,,2741,,6093,livres,0.45,sources/Local/Archives_de_la_CCI_de_Marseille_I_23_Marseille_Exports_1757.csv,Archives de la CCI de Marseille - I 23,20,,,,,Teklia-Jules Oudot-Marie Engsi,0,,-0.849999999999909,,,,,,,,,
1257,Local,1757,Marseille,,Savoie et Piemont,Exports,Sumac,,,216,,2700,livres,0.08,sources/Local/Archives_de_la_CCI_de_Marseille_I_23_Marseille_Exports_1757.csv,Archives de la CCI de Marseille - I 23,20,,,,,Teklia-Jules Oudot-Marie Engsi,0,"Prix indiqué en livres, mais il manque ""le quintal""",0,,,,,,,,,
1258,Local,1757,Marseille,,Savoie et Piemont,Exports,Tabac de la ferme,,,1300,,500,livres,2.6,sources/Local/Archives_de_la_CCI_de_Marseille_I_23_Marseille_Exports_1757.csv,Archives de la CCI de Marseille - I 23,20,,,,,Teklia-Jules Oudot-Marie Engsi,0,ligne rajoutée,0,,,,,,,,,
1259,Local,1757,Marseille,,Savoie et Piemont,Exports,Tabatières,,,300,,100,livres,3,sources/Local/Archives_de_la_CCI_de_Marseille_I_23_Marseille_Exports_1757.csv,Archives de la CCI de Marseille - I 23,20,,,,,Teklia-Jules Oudot-Marie Engsi,0,,0,,,,,,,,,
1260,Local,1757,Marseille,,Savoie et Piemont,Exports,Terebenthine,,,39,,133,livres,0.3,sources/Local/Archives_de_la_CCI_de_Marseille_I_23_Marseille_Exports_1757.csv,Archives de la CCI de Marseille - I 23,20,,,,,Teklia-Jules Oudot-Marie Engsi,0,,-0.899999999999999,,,,,,,,,
1261,Local,1757,Marseille,,Savoie et Piemont,Exports,Terrailles,,,1640,,82,charges,20,sources/Local/Archives_de_la_CCI_de_Marseille_I_23_Marseille_Exports_1757.csv,Archives de la CCI de Marseille - I 23,20,,,,,Teklia-Jules Oudot-Marie Engsi,0,,0,,,,,,,,,
1262,Local,1757,Marseille,,Savoie et Piemont,Exports,Terre a foulon,,,60,,2,charges,30,sources/Local/Archives_de_la_CCI_de_Marseille_I_23_Marseille_Exports_1757.csv,Archives de la CCI de Marseille - I 23,20,,,,,Teklia-Jules Oudot-Marie Engsi,0,,0,,,,,,,,,
1263,Local,1757,Marseille,,Savoie et Piemont,Exports,Terre a foulon,,,205,,2050,livres,0.1,sources/Local/Archives_de_la_CCI_de_Marseille_I_23_Marseille_Exports_1757.csv,Archives de la CCI de Marseille - I 23,20,,,,,Teklia-Jules Oudot-Marie Engsi,0,,0,,,,,,,,,
1264,Local,1757,Marseille,,Savoie et Piemont,Exports,Terre d'ombre,,,48,,480,livres,0.1,sources/Local/Archives_de_la_CCI_de_Marseille_I_23_Marseille_Exports_1757.csv,Archives de la CCI de Marseille - I 23,20,,,,,Teklia-Jules Oudot-Marie Engsi,0,,0,,,,,,,,,
1265,Local,1757,Marseille,,Savoie et Piemont,Exports,Thé,,,175,,50,livres,3.5,sources/Local/Archives_de_la_CCI_de_Marseille_I_23_Marseille_Exports_1757.csv,Archives de la CCI de Marseille - I 23,20,,,,,Teklia-Jules Oudot-Marie Engsi,0,,0,,,,,,,,,
1266,Local,1757,Marseille,,Savoie et Piemont,Exports,Thon frais,,,377,,1510,livres,0.25,sources/Local/Archives_de_la_CCI_de_Marseille_I_23_Marseille_Exports_1757.csv,Archives de la CCI de Marseille - I 23,20,,,,,Teklia-Jules Oudot-Marie Engsi,0,,-0.5,,,,,,,,,
1267,Local,1757,Marseille,,Savoie et Piemont,Exports,Thon mariné,,,500,,400,livres,1.25,sources/Local/Archives_de_la_CCI_de_Marseille_I_23_Marseille_Exports_1757.csv,Archives de la CCI de Marseille - I 23,20,,,,,Teklia-Jules Oudot-Marie Engsi,0,,0,,,,,,,,,
1268,Local,1757,Marseille,,Savoie et Piemont,Exports,Thonine,,,260,,867,livres,0.3,sources/Local/Archives_de_la_CCI_de_Marseille_I_23_Marseille_Exports_1757.csv,Archives de la CCI de Marseille - I 23,20,,,,,Teklia-Jules Oudot-Marie Engsi,0,,-0.0999999999999659,,,,,,,,,
1269,Local,1757,Marseille,,Savoie et Piemont,Exports,Toile d'allemagne,,,580,,116,livres,5,sources/Local/Archives_de_la_CCI_de_Marseille_I_23_Marseille_Exports_1757.csv,Archives de la CCI de Marseille - I 23,20,,,,,Teklia-Jules Oudot-Marie Engsi,0,,0,,,,,,,,,
1270,Local,1757,Marseille,,Savoie et Piemont,Exports,Toile aman,,,810,,54,pièces,15,sources/Local/Archives_de_la_CCI_de_Marseille_I_23_Marseille_Exports_1757.csv,Archives de la CCI de Marseille - I 23,20,,,,,Teklia-Jules Oudot-Marie Engsi,0,,0,,,,,,,,,
1271,Local,1757,Marseille,,Savoie et Piemont,Exports,Toile d'antioche,,,7920,,660,pièces,12,sources/Local/Archives_de_la_CCI_de_Marseille_I_23_Marseille_Exports_1757.csv,Archives de la CCI de Marseille - I 23,20,,,,,Teklia-Jules Oudot-Marie Engsi,0,,0,,,,,,,,,
1272,Local,1757,Marseille,,Savoie et Piemont,Exports,Toile blanche,,,9740,,1948,livres,5,sources/Local/Archives_de_la_CCI_de_Marseille_I_23_Marseille_Exports_1757.csv,Archives de la CCI de Marseille - I 23,20,,,,,Teklia-Jules Oudot-Marie Engsi,0,,0,,,,,,,,,
1273,Local,1757,Marseille,,Savoie et Piemont,Exports,Toile de crin,,,1500,,750,livres,2,sources/Local/Archives_de_la_CCI_de_Marseille_I_23_Marseille_Exports_1757.csv,Archives de la CCI de Marseille - I 23,20,,,,,Teklia-Jules Oudot-Marie Engsi,0,,0,,,,,,,,,
1274,Local,1757,Marseille,,Savoie et Piemont,Exports,Toile commune,,,24,,8,livres,3,sources/Local/Archives_de_la_CCI_de_Marseille_I_23_Marseille_Exports_1757.csv,Archives de la CCI de Marseille - I 23,20,,,,,Teklia-Jules Oudot-Marie Engsi,0,,0,,,,,,,,,
1275,Local,1757,Marseille,,Savoie et Piemont,Exports,Toile diverses,,,94424,,23606,livres,4,sources/Local/Archives_de_la_CCI_de_Marseille_I_23_Marseille_Exports_1757.csv,Archives de la CCI de Marseille - I 23,20,,,,,Teklia-Jules Oudot-Marie Engsi,0,,0,,,,,,,,,
1276,Local,1757,Marseille,,Savoie et Piemont,Exports,Toile d'emballage,,,2355,,2355,livres,1,sources/Local/Archives_de_la_CCI_de_Marseille_I_23_Marseille_Exports_1757.csv,Archives de la CCI de Marseille - I 23,20,,,,,Teklia-Jules Oudot-Marie Engsi,0,,0,,,,,,,,,
1277,Local,1757,Marseille,,Savoie et Piemont,Exports,Toile fil et coton,,,100,,25,livres,4,sources/Local/Archives_de_la_CCI_de_Marseille_I_23_Marseille_Exports_1757.csv,Archives de la CCI de Marseille - I 23,20,,,,,Teklia-Jules Oudot-Marie Engsi,0,,0,,,,,,,,,
1278,Local,1757,Marseille,,Savoie et Piemont,Exports,Toile de france,,,1250,,250,livres,5,sources/Local/Archives_de_la_CCI_de_Marseille_I_23_Marseille_Exports_1757.csv,Archives de la CCI de Marseille - I 23,20,,,,,Teklia-Jules Oudot-Marie Engsi,0,,0,,,,,,,,,
1279,Local,1757,Marseille,,Savoie et Piemont,Exports,Toile grise,,,177,,118,livres,1.5,sources/Local/Archives_de_la_CCI_de_Marseille_I_23_Marseille_Exports_1757.csv,Archives de la CCI de Marseille - I 23,20,,,,,Teklia-Jules Oudot-Marie Engsi,0,,0,,,,,,,,,
1280,Local,1757,Marseille,,Savoie et Piemont,Exports,Toile manouf,,,5600,,800,pièces,7,sources/Local/Archives_de_la_CCI_de_Marseille_I_23_Marseille_Exports_1757.csv,Archives de la CCI de Marseille - I 23,21,,,,,Teklia-Jules Oudot-Marie Engsi,0,,0,,,,,,,,,
1281,Local,1757,Marseille,,Savoie et Piemont,Exports,Toile ordinaire,,,7225,,1445,livres,5,sources/Local/Archives_de_la_CCI_de_Marseille_I_23_Marseille_Exports_1757.csv,Archives de la CCI de Marseille - I 23,21,,,,,Teklia-Jules Oudot-Marie Engsi,0,,0,,,,,,,,,
1282,Local,1757,Marseille,,Savoie et Piemont,Exports,Toile piquée de marseille,,,1950,,130,livres,15,sources/Local/Archives_de_la_CCI_de_Marseille_I_23_Marseille_Exports_1757.csv,Archives de la CCI de Marseille - I 23,21,,,,,Teklia-Jules Oudot-Marie Engsi,0,,0,,,,,,,,,
1283,Local,1757,Marseille,,Savoie et Piemont,Exports,Toile teinte,,,3036,,506,livres,6,sources/Local/Archives_de_la_CCI_de_Marseille_I_23_Marseille_Exports_1757.csv,Archives de la CCI de Marseille - I 23,21,,,,,Teklia-Jules Oudot-Marie Engsi,0,,0,,,,,,,,,
1284,Local,1757,Marseille,,Savoie et Piemont,Exports,Toile a voile,,,1500,,50,pièces,30,sources/Local/Archives_de_la_CCI_de_Marseille_I_23_Marseille_Exports_1757.csv,Archives de la CCI de Marseille - I 23,21,,,,,Teklia-Jules Oudot-Marie Engsi,0,,0,,,,,,,,,
1285,Local,1757,Marseille,,Savoie et Piemont,Exports,Toilette de femme,,,27,,,,,sources/Local/Archives_de_la_CCI_de_Marseille_I_23_Marseille_Exports_1757.csv,Archives de la CCI de Marseille - I 23,21,,,,,Teklia-Jules Oudot-Marie Engsi,0,En valeur,0,,,,,,,,,
1286,Local,1757,Marseille,,Savoie et Piemont,Exports,Trenelle d'espars,,,310,,2070,livres,0.15,sources/Local/Archives_de_la_CCI_de_Marseille_I_23_Marseille_Exports_1757.csv,Archives de la CCI de Marseille - I 23,21,,,,,Teklia-Jules Oudot-Marie Engsi,0,,-0.5,,,,,,,,,
1287,Local,1757,Marseille,,Savoie et Piemont,Exports,Truffes,,,360,,90,livres,4,sources/Local/Archives_de_la_CCI_de_Marseille_I_23_Marseille_Exports_1757.csv,Archives de la CCI de Marseille - I 23,21,,,,,Teklia-Jules Oudot-Marie Engsi,0,,0,,,,,,,,,
1288,Local,1757,Marseille,,Savoie et Piemont,Exports,Verdet,,,4948,,6185,livres,0.8,sources/Local/Archives_de_la_CCI_de_Marseille_I_23_Marseille_Exports_1757.csv,Archives de la CCI de Marseille - I 23,21,,,,,Teklia-Jules Oudot-Marie Engsi,0,,0,,,,,,,,,
1289,Local,1757,Marseille,,Savoie et Piemont,Exports,Verres a boire,,,4800,,4800,livres,1,sources/Local/Archives_de_la_CCI_de_Marseille_I_23_Marseille_Exports_1757.csv,Archives de la CCI de Marseille - I 23,21,,,,,Teklia-Jules Oudot-Marie Engsi,0,,0,,,,,,,,,
1290,Local,1757,Marseille,,Savoie et Piemont,Exports,Vin du Languedoc,,,4440,,296,charges,15,sources/Local/Archives_de_la_CCI_de_Marseille_I_23_Marseille_Exports_1757.csv,Archives de la CCI de Marseille - I 23,21,,,,,Teklia-Jules Oudot-Marie Engsi,0,,0,,,,,,,,,
1291,Local,1757,Marseille,,Savoie et Piemont,Exports,Vin muscat,,,1160,,29,millerolles,40,sources/Local/Archives_de_la_CCI_de_Marseille_I_23_Marseille_Exports_1757.csv,Archives de la CCI de Marseille - I 23,21,,,,,Teklia-Jules Oudot-Marie Engsi,0,,0,,,,,,,,,
1292,Local,1757,Marseille,,Savoie et Piemont,Exports,Vin rouge,,,4405,,314.6666,charges,14,sources/Local/Archives_de_la_CCI_de_Marseille_I_23_Marseille_Exports_1757.csv,Archives de la CCI de Marseille - I 23,21,,,,,Teklia-Jules Oudot-Marie Engsi,0,,-0.332400000000234,,,,,,,,,
1293,Local,1757,Marseille,,Savoie et Piemont,Exports,Vin rouge,,,22,,3.75,coupes,6,sources/Local/Archives_de_la_CCI_de_Marseille_I_23_Marseille_Exports_1757.csv,Archives de la CCI de Marseille - I 23,21,,,,,Teklia-Jules Oudot-Marie Engsi,0,ligne rajoutée,-0.5,,,,,,,,,
1294,Local,1757,Marseille,,Savoie et Piemont,Exports,Vin rouge,,,14719,,1635.5,millerolles,9,sources/Local/Archives_de_la_CCI_de_Marseille_I_23_Marseille_Exports_1757.csv,Archives de la CCI de Marseille - I 23,21,,,,,Teklia-Jules Oudot-Marie Engsi,0,ligne rajoutée,-0.5,,,,,,,,,
1295,Local,1757,Marseille,,Savoie et Piemont,Exports,Vinaigre,,,3408,,284,charges,12,sources/Local/Archives_de_la_CCI_de_Marseille_I_23_Marseille_Exports_1757.csv,Archives de la CCI de Marseille - I 23,21,,,,,Teklia-Jules Oudot-Marie Engsi,0,,0,,,,,,,,,
1296,Local,1757,Marseille,,Savoie et Piemont,Exports,Vinaigre,,,10,,2,coupes,5,sources/Local/Archives_de_la_CCI_de_Marseille_I_23_Marseille_Exports_1757.csv,Archives de la CCI de Marseille - I 23,21,,,,,Teklia-Jules Oudot-Marie Engsi,0,ligne rajoutée,0,,,,,,,,,
1297,Local,1757,Marseille,,Savoie et Piemont,Exports,Canards,,,10,,10,pièces,1,sources/Local/Archives_de_la_CCI_de_Marseille_I_23_Marseille_Exports_1757.csv,Archives de la CCI de Marseille - I 23,21,,,,,Teklia-Jules Oudot-Marie Engsi,0,,0,,,,,,,,,
1298,Local,1757,Marseille,,Savoie et Piemont,Exports,Dindons,,,318,,212,pièces,1.5,sources/Local/Archives_de_la_CCI_de_Marseille_I_23_Marseille_Exports_1757.csv,Archives de la CCI de Marseille - I 23,21,,,,,Teklia-Jules Oudot-Marie Engsi,0,ligne rajoutée,0,,,,,,,,,
1299,Local,1757,Marseille,,Savoie et Piemont,Exports,Poulets,,,3184.5,,4246,pièces,0.75,sources/Local/Archives_de_la_CCI_de_Marseille_I_23_Marseille_Exports_1757.csv,Archives de la CCI de Marseille - I 23,21,,,,,Teklia-Jules Oudot-Marie Engsi,0,Le prix et la quantités sont plausibles. Je suppose que la valeur indiquée (1592) est une erreur de calcul,0,,,,,,,,,
1300,Local,1757,Marseille,,Pour Suede,Exports,Amandes,,,9951,,33173,livres,0.3,sources/Local/Archives_de_la_CCI_de_Marseille_I_23_Marseille_Exports_1757.csv,Archives de la CCI de Marseille - I 23,21,,,,,Teklia-Jules Oudot-Marie Engsi,0,,-0.899999999999636,,,,,,,,,
1301,Local,1757,Marseille,,Pour Suede,Exports,Caffé,,,193,,138,livres,1.4,sources/Local/Archives_de_la_CCI_de_Marseille_I_23_Marseille_Exports_1757.csv,Archives de la CCI de Marseille - I 23,21,,,,,Teklia-Jules Oudot-Marie Engsi,0,,-0.199999999999989,,,,,,,,,
1302,Local,1757,Marseille,,Pour Suede,Exports,Capres,,,39,,132,livres,0.3,sources/Local/Archives_de_la_CCI_de_Marseille_I_23_Marseille_Exports_1757.csv,Archives de la CCI de Marseille - I 23,21,,,,,Teklia-Jules Oudot-Marie Engsi,0,,-0.600000000000001,,,,,,,,,
1303,Local,1757,Marseille,,Pour Suede,Exports,Citrons,,,570,,38,milliers,15,sources/Local/Archives_de_la_CCI_de_Marseille_I_23_Marseille_Exports_1757.csv,Archives de la CCI de Marseille - I 23,21,,,,,Teklia-Jules Oudot-Marie Engsi,0,,0,,,,,,,,,
1304,Local,1757,Marseille,,Pour Suede,Exports,Coton filé,,,3880,,3528,livres,1.1,sources/Local/Archives_de_la_CCI_de_Marseille_I_23_Marseille_Exports_1757.csv,Archives de la CCI de Marseille - I 23,21,,,,,Teklia-Jules Oudot-Marie Engsi,0,,-0.800000000000182,,,,,,,,,
1305,Local,1757,Marseille,,Pour Suede,Exports,Coton en laine,,,3902,,7803,livres,0.5,sources/Local/Archives_de_la_CCI_de_Marseille_I_23_Marseille_Exports_1757.csv,Archives de la CCI de Marseille - I 23,21,,,,,Teklia-Jules Oudot-Marie Engsi,0,,0.5,,,,,,,,,
1306,Local,1757,Marseille,,Pour Suede,Exports,Galles,,,530,,1061,livres,0.5,sources/Local/Archives_de_la_CCI_de_Marseille_I_23_Marseille_Exports_1757.csv,Archives de la CCI de Marseille - I 23,21,,,,,Teklia-Jules Oudot-Marie Engsi,0,,-0.5,,,,,,,,,
1307,Local,1757,Marseille,,Pour Suede,Exports,Gomme de Barbarie,,,950,,1900,livres,0.5,sources/Local/Archives_de_la_CCI_de_Marseille_I_23_Marseille_Exports_1757.csv,Archives de la CCI de Marseille - I 23,21,,,,,Teklia-Jules Oudot-Marie Engsi,0,,0,,,,,,,,,
1308,Local,1757,Marseille,,Pour Suede,Exports,Huiles d'olive,,,3361,,8404,livres,0.4,sources/Local/Archives_de_la_CCI_de_Marseille_I_23_Marseille_Exports_1757.csv,Archives de la CCI de Marseille - I 23,21,,,,,Teklia-Jules Oudot-Marie Engsi,0,,-0.600000000000364,,,,,,,,,
1309,Local,1757,Marseille,,Pour Suede,Exports,Jus de Reglisse,,,683,,1952,livres,0.35,sources/Local/Archives_de_la_CCI_de_Marseille_I_23_Marseille_Exports_1757.csv,Archives de la CCI de Marseille - I 23,21,,,,,Teklia-Jules Oudot-Marie Engsi,0,,-0.199999999999932,,,,,,,,,
1310,Local,1757,Marseille,,Pour Suede,Exports,Olives,,,294,,1960,livres,0.15,sources/Local/Archives_de_la_CCI_de_Marseille_I_23_Marseille_Exports_1757.csv,Archives de la CCI de Marseille - I 23,21,,,,,Teklia-Jules Oudot-Marie Engsi,0,,0,,,,,,,,,
1311,Local,1757,Marseille,,Pour Suede,Exports,Poisson salé,,,550,,2200,livres,0.25,sources/Local/Archives_de_la_CCI_de_Marseille_I_23_Marseille_Exports_1757.csv,Archives de la CCI de Marseille - I 23,21,,,,,Teklia-Jules Oudot-Marie Engsi,0,,0,,,,,,,,,
1312,Local,1757,Marseille,,Pour Suede,Exports,Pruneaux,,,1492,,7460,livres,0.2,sources/Local/Archives_de_la_CCI_de_Marseille_I_23_Marseille_Exports_1757.csv,Archives de la CCI de Marseille - I 23,21,,,,,Teklia-Jules Oudot-Marie Engsi,0,,0,,,,,,,,,
1313,Local,1757,Marseille,,Pour Suede,Exports,Raisin sec,,,2780,,13900,livres,0.2,sources/Local/Archives_de_la_CCI_de_Marseille_I_23_Marseille_Exports_1757.csv,Archives de la CCI de Marseille - I 23,21,,,,,Teklia-Jules Oudot-Marie Engsi,0,,0,,,,,,,,,
1314,Local,1757,Marseille,,Pour Suede,Exports,Saffran,,,4950,,330,livres,15,sources/Local/Archives_de_la_CCI_de_Marseille_I_23_Marseille_Exports_1757.csv,Archives de la CCI de Marseille - I 23,21,,,,,Teklia-Jules Oudot-Marie Engsi,0,,0,,,,,,,,,
1315,Local,1757,Marseille,,Pour Suede,Exports,Savon,,,10144,,33815,livres,0.3,sources/Local/Archives_de_la_CCI_de_Marseille_I_23_Marseille_Exports_1757.csv,Archives de la CCI de Marseille - I 23,21,,,,,Teklia-Jules Oudot-Marie Engsi,0,,-0.5,,,,,,,,,
1316,Local,1757,Marseille,,Pour Suede,Exports,Tartre,,,1818,,7575,livres,0.24,sources/Local/Archives_de_la_CCI_de_Marseille_I_23_Marseille_Exports_1757.csv,Archives de la CCI de Marseille - I 23,21,,,,,Teklia-Jules Oudot-Marie Engsi,0,,0,,,,,,,,,
1317,Local,1757,Marseille,,Pour Suede,Exports,Verdet,,,1260,,1575,livres,0.8,sources/Local/Archives_de_la_CCI_de_Marseille_I_23_Marseille_Exports_1757.csv,Archives de la CCI de Marseille - I 23,21,,,,,Teklia-Jules Oudot-Marie Engsi,0,,0,,,,,,,,,
1318,Local,1757,Marseille,,Des Isles franc de l'amerique,Exports,Amandes,,,17280,,86400,livres,0.2,sources/Local/Archives_de_la_CCI_de_Marseille_I_23_Marseille_Exports_1757.csv,Archives de la CCI de Marseille - I 23,21,,,,,Teklia-Jules Oudot-Marie Engsi,0,,0,,,,,,,,,
1319,Local,1757,Marseille,,Des Isles franc de l'amerique,Exports,Bas fil et Cotton,,,36000,,1500,douzaine,24,sources/Local/Archives_de_la_CCI_de_Marseille_I_23_Marseille_Exports_1757.csv,Archives de la CCI de Marseille - I 23,21,,,,,Teklia-Jules Oudot-Marie Engsi,0,,0,,,,,,,,,
1320,Local,1757,Marseille,,Des Isles franc de l'amerique,Exports,Bougie,,,118534,,52682,livres,2.25,sources/Local/Archives_de_la_CCI_de_Marseille_I_23_Marseille_Exports_1757.csv,Archives de la CCI de Marseille - I 23,21,,,,,Teklia-Jules Oudot-Marie Engsi,0,,-0.5,,,,,,,,,
1321,Local,1757,Marseille,,Des Isles franc de l'amerique,Exports,Briques,,,3980,,199,milliers,20,sources/Local/Archives_de_la_CCI_de_Marseille_I_23_Marseille_Exports_1757.csv,Archives de la CCI de Marseille - I 23,21,,,,,Teklia-Jules Oudot-Marie Engsi,0,,0,,,,,,,,,
1322,Local,1757,Marseille,,Des Isles franc de l'amerique,Exports,Camisolles et capuches,,,18000,,2000,en nombre,9,sources/Local/Archives_de_la_CCI_de_Marseille_I_23_Marseille_Exports_1757.csv,Archives de la CCI de Marseille - I 23,21,,,,,Teklia-Jules Oudot-Marie Engsi,0,,0,,,,,,,,,
1323,Local,1757,Marseille,,Des Isles franc de l'amerique,Exports,Carreaux de terre,,,248,,12400,en nombre,0.02,sources/Local/Archives_de_la_CCI_de_Marseille_I_23_Marseille_Exports_1757.csv,Archives de la CCI de Marseille - I 23,21,,,,,Teklia-Jules Oudot-Marie Engsi,0,Valeur difficilement lisible ; déduite de la v.u. (en mille) et de la quantité,0,,,,,,,,,
1324,Local,1757,Marseille,,Des Isles franc de l'amerique,Exports,Capres,,,12000,,1000,caisses,12,sources/Local/Archives_de_la_CCI_de_Marseille_I_23_Marseille_Exports_1757.csv,Archives de la CCI de Marseille - I 23,21,,,,,Teklia-Jules Oudot-Marie Engsi,0,,0,,,,,,,,,
1325,Local,1757,Marseille,,Des Isles franc de l'amerique,Exports,Cercles de bois,,,2564,,1282,Faix,2,sources/Local/Archives_de_la_CCI_de_Marseille_I_23_Marseille_Exports_1757.csv,Archives de la CCI de Marseille - I 23,21,,,,,Teklia-Jules Oudot-Marie Engsi,0,,0,,,,,,,,,
1326,Local,1757,Marseille,,Des Isles franc de l'amerique,Exports,Cercles de bois,,,9970,,9970,paquets,1,sources/Local/Archives_de_la_CCI_de_Marseille_I_23_Marseille_Exports_1757.csv,Archives de la CCI de Marseille - I 23,21,,,,,Teklia-Jules Oudot-Marie Engsi,0,paquet. Hésitations entre 10 et 20 s pour le prix. 10S semble trop faible et 20s correspond à la valeur données GD,0,,,,,,,,,
1327,Local,1757,Marseille,,Des Isles franc de l'amerique,Exports,Chaire salée,,,82400,,329600,livres,0.25,sources/Local/Archives_de_la_CCI_de_Marseille_I_23_Marseille_Exports_1757.csv,Archives de la CCI de Marseille - I 23,21,,,,,Teklia-Jules Oudot-Marie Engsi,0,,0,,,,,,,,,
1328,Local,1757,Marseille,,Des Isles franc de l'amerique,Exports,Chandelle,,,170010,,377800,livres,0.45,sources/Local/Archives_de_la_CCI_de_Marseille_I_23_Marseille_Exports_1757.csv,Archives de la CCI de Marseille - I 23,21,,,,,Teklia-Jules Oudot-Marie Engsi,0,,0,,,,,,,,,
1329,Local,1757,Marseille,,Des Isles franc de l'amerique,Exports,Chapeaux perse,,,96000,,2400,douzaine,40,sources/Local/Archives_de_la_CCI_de_Marseille_I_23_Marseille_Exports_1757.csv,Archives de la CCI de Marseille - I 23,21,,,,,Teklia-Jules Oudot-Marie Engsi,0,,0,,,,,,,,,
1330,Local,1757,Marseille,,Des Isles franc de l'amerique,Exports,Chapeaux poil et laine,,,30480,,508,douzaine,60,sources/Local/Archives_de_la_CCI_de_Marseille_I_23_Marseille_Exports_1757.csv,Archives de la CCI de Marseille - I 23,21,,,,,Teklia-Jules Oudot-Marie Engsi,0,,0,,,,,,,,,
1331,Local,1757,Marseille,,Des Isles franc de l'amerique,Exports,Cloux de fer,,,26825,,107300,livres,0.25,sources/Local/Archives_de_la_CCI_de_Marseille_I_23_Marseille_Exports_1757.csv,Archives de la CCI de Marseille - I 23,21,,,,,Teklia-Jules Oudot-Marie Engsi,0,,0,,,,,,,,,
1332,Local,1757,Marseille,,Des Isles franc de l'amerique,Exports,Confitures,,,47900,,47900,livres,1,sources/Local/Archives_de_la_CCI_de_Marseille_I_23_Marseille_Exports_1757.csv,Archives de la CCI de Marseille - I 23,21,,,,,Teklia-Jules Oudot-Marie Engsi,0,,0,,,,,,,,,
1333,Local,1757,Marseille,,Des Isles franc de l'amerique,Exports,Damejannes,,,900,,450,pièces,2,sources/Local/Archives_de_la_CCI_de_Marseille_I_23_Marseille_Exports_1757.csv,Archives de la CCI de Marseille - I 23,21,,,,,Teklia-Jules Oudot-Marie Engsi,0,quantité unit manquante. Sans doute la pièce,0,,,,,,,,,
1334,Local,1757,Marseille,,Des Isles franc de l'amerique,Exports,Droguerie,,,24000,,8000,livres,3,sources/Local/Archives_de_la_CCI_de_Marseille_I_23_Marseille_Exports_1757.csv,Archives de la CCI de Marseille - I 23,21,,,,,Teklia-Jules Oudot-Marie Engsi,0,,0,,,,,,,,,
1335,Local,1757,Marseille,,Des Isles franc de l'amerique,Exports,Eau de vie,,,28875,,192500,livres,0.15,sources/Local/Archives_de_la_CCI_de_Marseille_I_23_Marseille_Exports_1757.csv,Archives de la CCI de Marseille - I 23,21,,,,,Teklia-Jules Oudot-Marie Engsi,0,,0,,,,,,,,,
1336,Local,1757,Marseille,,Des Isles franc de l'amerique,Exports,Etoffe de soye,,,25720,,643,livres,40,sources/Local/Archives_de_la_CCI_de_Marseille_I_23_Marseille_Exports_1757.csv,Archives de la CCI de Marseille - I 23,21,,,,,Teklia-Jules Oudot-Marie Engsi,0,,0,,,,,,,,,
1337,Local,1757,Marseille,,Des Isles franc de l'amerique,Exports,Farine,,,32020,,320200,livres,0.1,sources/Local/Archives_de_la_CCI_de_Marseille_I_23_Marseille_Exports_1757.csv,Archives de la CCI de Marseille - I 23,21,,,,,Teklia-Jules Oudot-Marie Engsi,0,,0,,,,,,,,,
1338,Local,1757,Marseille,,Des Isles franc de l'amerique,Exports,Assiettes de fayance,,,17299,,11533,douzaine,1.5,sources/Local/Archives_de_la_CCI_de_Marseille_I_23_Marseille_Exports_1757.csv,Archives de la CCI de Marseille - I 23,21,,,,,Teklia-Jules Oudot-Marie Engsi,0,,-0.5,,,,,,,,,
1339,Local,1757,Marseille,,Des Isles franc de l'amerique,Exports,Fromage de gruyere,,,56190,,187300,livres,0.3,sources/Local/Archives_de_la_CCI_de_Marseille_I_23_Marseille_Exports_1757.csv,Archives de la CCI de Marseille - I 23,22,,,,,Teklia-Jules Oudot-Marie Engsi,0,,0,,,,,,,,,
1340,Local,1757,Marseille,,Des Isles franc de l'amerique,Exports,Huile d'olive,,,116560,,291400,livres,0.4,sources/Local/Archives_de_la_CCI_de_Marseille_I_23_Marseille_Exports_1757.csv,Archives de la CCI de Marseille - I 23,22,,,,,Teklia-Jules Oudot-Marie Engsi,0,,0,,,,,,,,,
1341,Local,1757,Marseille,,Des Isles franc de l'amerique,Exports,Jarres,,,1350,,150,pièces,9,sources/Local/Archives_de_la_CCI_de_Marseille_I_23_Marseille_Exports_1757.csv,Archives de la CCI de Marseille - I 23,22,,,,,Teklia-Jules Oudot-Marie Engsi,0,,0,,,,,,,,,
1342,Local,1757,Marseille,,Des Isles franc de l'amerique,Exports,Legumes,,,5170,,51700,livres,0.1,sources/Local/Archives_de_la_CCI_de_Marseille_I_23_Marseille_Exports_1757.csv,Archives de la CCI de Marseille - I 23,22,,,,,Teklia-Jules Oudot-Marie Engsi,0,,0,,,,,,,,,
1343,Local,1757,Marseille,,Des Isles franc de l'amerique,Exports,Liqueurs,,,30780,,3078,caisses,10,sources/Local/Archives_de_la_CCI_de_Marseille_I_23_Marseille_Exports_1757.csv,Archives de la CCI de Marseille - I 23,22,,,,,Teklia-Jules Oudot-Marie Engsi,0,,0,,,,,,,,,
1344,Local,1757,Marseille,,Des Isles franc de l'amerique,Exports,Marchandises meslées,,,132182,,,,,sources/Local/Archives_de_la_CCI_de_Marseille_I_23_Marseille_Exports_1757.csv,Archives de la CCI de Marseille - I 23,22,,,,,Teklia-Jules Oudot-Marie Engsi,0,,,,,,,,,,,
1345,Local,1757,Marseille,,Des Isles franc de l'amerique,Exports,Mercerie,,,1050,,300,livres,3.5,sources/Local/Archives_de_la_CCI_de_Marseille_I_23_Marseille_Exports_1757.csv,Archives de la CCI de Marseille - I 23,22,,,,,Teklia-Jules Oudot-Marie Engsi,0,"Le prix est bon. La quantité est, à tout prendre trop faible. La valeur est donc trop faible suite à une erreur de calcul que je corrige GD",0,,,,,,,,,
1346,Local,1757,Marseille,,Des Isles franc de l'amerique,Exports,Papier blanc,,,25698,,4283,rames,6,sources/Local/Archives_de_la_CCI_de_Marseille_I_23_Marseille_Exports_1757.csv,Archives de la CCI de Marseille - I 23,22,,,,,Teklia-Jules Oudot-Marie Engsi,0,,0,,,,,,,,,
1347,Local,1757,Marseille,,Des Isles franc de l'amerique,Exports,Plomb en grenaille,,,18675,,74700,livres,0.25,sources/Local/Archives_de_la_CCI_de_Marseille_I_23_Marseille_Exports_1757.csv,Archives de la CCI de Marseille - I 23,22,,,,,Teklia-Jules Oudot-Marie Engsi,0,,0,,,,,,,,,
1348,Local,1757,Marseille,,Des Isles franc de l'amerique,Exports,Quicaille de fer et acier,,,31200,,31200,livres,1,sources/Local/Archives_de_la_CCI_de_Marseille_I_23_Marseille_Exports_1757.csv,Archives de la CCI de Marseille - I 23,22,,,,,Teklia-Jules Oudot-Marie Engsi,0,,0,,,,,,,,,
1349,Local,1757,Marseille,,Des Isles franc de l'amerique,Exports,Raisin sec,,,15560,,77800,livres,0.2,sources/Local/Archives_de_la_CCI_de_Marseille_I_23_Marseille_Exports_1757.csv,Archives de la CCI de Marseille - I 23,22,,,,,Teklia-Jules Oudot-Marie Engsi,0,,0,,,,,,,,,
1350,Local,1757,Marseille,,Des Isles franc de l'amerique,Exports,Savons,,,184950,,616500,livres,0.3,sources/Local/Archives_de_la_CCI_de_Marseille_I_23_Marseille_Exports_1757.csv,Archives de la CCI de Marseille - I 23,22,,,,,Teklia-Jules Oudot-Marie Engsi,0,,0,,,,,,,,,
1351,Local,1757,Marseille,,Des Isles franc de l'amerique,Exports,Souliers,,,39795,,11370,paires,3.5,sources/Local/Archives_de_la_CCI_de_Marseille_I_23_Marseille_Exports_1757.csv,Archives de la CCI de Marseille - I 23,22,,,,,Teklia-Jules Oudot-Marie Engsi,0,,0,,,,,,,,,
1352,Local,1757,Marseille,,Des Isles franc de l'amerique,Exports,Vin rouge,,,399222,,44358,millerolles,9,sources/Local/Archives_de_la_CCI_de_Marseille_I_23_Marseille_Exports_1757.csv,Archives de la CCI de Marseille - I 23,22,,,,,Teklia-Jules Oudot-Marie Engsi,0,,0,,,,,,,,,
