line_number,source_type,year,customs_region,customs_office,partner,export_import,product,origin,width_in_line,value,value_part_of_bundle,quantity,quantity_unit,value_per_unit,filepath,source,sheet,value_total,value_sub_total_1,value_sub_total_2,value_sub_total_3,data_collector,unverified,remarks,value_minus_unit_val_x_qty,absurd_observation,trade_deficit,trade_surplus,duty_quantity,duty_quantity_unit,duty_by_unit,duty_total,duty_part_of_bundle,duty_remarks
1,Local,1754,Marseille,,Angleterre,Exports,Acier,,,105,,300,livres,0.35,sources/Local/Archives_de_la_CCI_de_Marseille_I_23_Marseille_Exports_1754.csv,Archives de la CCI de Marseille - I 23,1,,,,,Teklia-Jules Oudot,,,0,,,,,,,,,
2,Local,1754,Marseille,,Angleterre,Exports,Ajamis,,,4167,,463,livres,9,sources/Local/Archives_de_la_CCI_de_Marseille_I_23_Marseille_Exports_1754.csv,Archives de la CCI de Marseille - I 23,1,,,,,Teklia-Jules Oudot,,,0,,,,,,,,,
3,Local,1754,Marseille,,Angleterre,Exports,Alun,,,3027,,25220,livres,0.12,sources/Local/Archives_de_la_CCI_de_Marseille_I_23_Marseille_Exports_1754.csv,Archives de la CCI de Marseille - I 23,1,,,,,Teklia-Jules Oudot,,,0.599999999999909,,,,,,,,,
4,Local,1754,Marseille,,Angleterre,Exports,Amandes,,,1859,,9296,livres,0.2,sources/Local/Archives_de_la_CCI_de_Marseille_I_23_Marseille_Exports_1754.csv,Archives de la CCI de Marseille - I 23,1,,,,,Teklia-Jules Oudot,,,-0.200000000000045,,,,,,,,,
5,Local,1754,Marseille,,Angleterre,Exports,Amidon,,,1347,,6738,livres,0.2,sources/Local/Archives_de_la_CCI_de_Marseille_I_23_Marseille_Exports_1754.csv,Archives de la CCI de Marseille - I 23,1,,,,,Teklia-Jules Oudot,,,-0.600000000000136,,,,,,,,,
6,Local,1754,Marseille,,Angleterre,Exports,Anis,,,344,,1724,livres,0.2,sources/Local/Archives_de_la_CCI_de_Marseille_I_23_Marseille_Exports_1754.csv,Archives de la CCI de Marseille - I 23,1,,,,,Teklia-Jules Oudot,,,-0.800000000000011,,,,,,,,,
7,Local,1754,Marseille,,Angleterre,Exports,Arquifou,,,322,,2150,livres,0.15,sources/Local/Archives_de_la_CCI_de_Marseille_I_23_Marseille_Exports_1754.csv,Archives de la CCI de Marseille - I 23,1,,,,,Teklia-Jules Oudot,,,-0.5,,,,,,,,,
8,Local,1754,Marseille,,Angleterre,Exports,Bas de coton,,,2160,,30,douzaines,72,sources/Local/Archives_de_la_CCI_de_Marseille_I_23_Marseille_Exports_1754.csv,Archives de la CCI de Marseille - I 23,1,,,,,Teklia-Jules Oudot,,,0,,,,,,,,,
9,Local,1754,Marseille,,Angleterre,Exports,Bas de coton,,,3225,,215,livres,15,sources/Local/Archives_de_la_CCI_de_Marseille_I_23_Marseille_Exports_1754.csv,Archives de la CCI de Marseille - I 23,1,,,,,Teklia-Jules Oudot,,,0,,,,,,,,,
10,Local,1754,Marseille,,Angleterre,Exports,Bas de soye,,,24600,,615,livres,40,sources/Local/Archives_de_la_CCI_de_Marseille_I_23_Marseille_Exports_1754.csv,Archives de la CCI de Marseille - I 23,1,,,,,Teklia-Jules Oudot,,,0,,,,,,,,,
11,Local,1754,Marseille,,Angleterre,Exports,Batanonis,,,7188,,1797,pièces,4,sources/Local/Archives_de_la_CCI_de_Marseille_I_23_Marseille_Exports_1754.csv,Archives de la CCI de Marseille - I 23,1,,,,,Teklia-Jules Oudot,,,0,,,,,,,,,
12,Local,1754,Marseille,,Angleterre,Exports,Beurre,,,1066,,2665,livres,0.4,sources/Local/Archives_de_la_CCI_de_Marseille_I_23_Marseille_Exports_1754.csv,Archives de la CCI de Marseille - I 23,1,,,,,Teklia-Jules Oudot,,,0,,,,,,,,,
13,Local,1754,Marseille,,Angleterre,Exports,Bois de campech,,,557,,3714,livres,0.15,sources/Local/Archives_de_la_CCI_de_Marseille_I_23_Marseille_Exports_1754.csv,Archives de la CCI de Marseille - I 23,1,,,,,Teklia-Jules Oudot,,,-0.100000000000023,,,,,,,,,
14,Local,1754,Marseille,,Angleterre,Exports,Bonnets de laine,,,300,,10,douzaines,30,sources/Local/Archives_de_la_CCI_de_Marseille_I_23_Marseille_Exports_1754.csv,Archives de la CCI de Marseille - I 23,1,,,,,Teklia-Jules Oudot,,,0,,,,,,,,,
15,Local,1754,Marseille,,Angleterre,Exports,Bouteilles de verre,,,80,,400,livres,0.2,sources/Local/Archives_de_la_CCI_de_Marseille_I_23_Marseille_Exports_1754.csv,Archives de la CCI de Marseille - I 23,1,,,,,Teklia-Jules Oudot,,,0,,,,,,,,,
16,Local,1754,Marseille,,Angleterre,Exports,Brun rouge,,,250,,10000,livres,0.025,sources/Local/Archives_de_la_CCI_de_Marseille_I_23_Marseille_Exports_1754.csv,Archives de la CCI de Marseille - I 23,1,,,,,Teklia-Jules Oudot,,Prix en deniers,0,,,,,,,,,
17,Local,1754,Marseille,,Angleterre,Exports,Cacao,,,4032,,2880,livres,1.4,sources/Local/Archives_de_la_CCI_de_Marseille_I_23_Marseille_Exports_1754.csv,Archives de la CCI de Marseille - I 23,1,,,,,Teklia-Jules Oudot,,,0,,,,,,,,,
18,Local,1754,Marseille,,Angleterre,Exports,Caffé,,,11747,,8391,livres,1.4,sources/Local/Archives_de_la_CCI_de_Marseille_I_23_Marseille_Exports_1754.csv,Archives de la CCI de Marseille - I 23,1,,,,,Teklia-Jules Oudot,,,-0.399999999999636,,,,,,,,,
19,Local,1754,Marseille,,Angleterre,Exports,Capres,,,450,,1500,livres,0.3,sources/Local/Archives_de_la_CCI_de_Marseille_I_23_Marseille_Exports_1754.csv,Archives de la CCI de Marseille - I 23,1,,,,,Teklia-Jules Oudot,,,0,,,,,,,,,
20,Local,1754,Marseille,,Angleterre,Exports,Céruse,,,44,,220,livres,0.2,sources/Local/Archives_de_la_CCI_de_Marseille_I_23_Marseille_Exports_1754.csv,Archives de la CCI de Marseille - I 23,1,,,,,Teklia-Jules Oudot,,,0,,,,,,,,,
21,Local,1754,Marseille,,Angleterre,Exports,Chaises de paille,,,330,,22,livres,15,sources/Local/Archives_de_la_CCI_de_Marseille_I_23_Marseille_Exports_1754.csv,Archives de la CCI de Marseille - I 23,1,,,,,Teklia-Jules Oudot,,,0,,,,,,,,,
22,Local,1754,Marseille,,Angleterre,Exports,Chandelles,,,2435,,5412,livres,0.45,sources/Local/Archives_de_la_CCI_de_Marseille_I_23_Marseille_Exports_1754.csv,Archives de la CCI de Marseille - I 23,2,,,,,Teklia-Jules Oudot,,,-0.400000000000091,,,,,,,,,
23,Local,1754,Marseille,,Angleterre,Exports,Chanvre peigné,,,586,,1630,livres,0.36,sources/Local/Archives_de_la_CCI_de_Marseille_I_23_Marseille_Exports_1754.csv,Archives de la CCI de Marseille - I 23,2,,,,,Teklia-Jules Oudot,,,-0.799999999999955,,,,,,,,,
24,Local,1754,Marseille,,Angleterre,Exports,Chapeaux poil et laine,,,480,,10,livres,48,sources/Local/Archives_de_la_CCI_de_Marseille_I_23_Marseille_Exports_1754.csv,Archives de la CCI de Marseille - I 23,2,,,,,Teklia-Jules Oudot,,,0,,,,,,,,,
25,Local,1754,Marseille,,Angleterre,Exports,Chatagnes,,,347,,6950,livres,0.05,sources/Local/Archives_de_la_CCI_de_Marseille_I_23_Marseille_Exports_1754.csv,Archives de la CCI de Marseille - I 23,2,,,,,Teklia-Jules Oudot,,,-0.5,,,,,,,,,
26,Local,1754,Marseille,,Angleterre,Exports,Cheveux,,,4500,,450,livres,10,sources/Local/Archives_de_la_CCI_de_Marseille_I_23_Marseille_Exports_1754.csv,Archives de la CCI de Marseille - I 23,2,,,,,Teklia-Jules Oudot,,,0,,,,,,,,,
27,Local,1754,Marseille,,Angleterre,Exports,Chocolat,,,800,,400,livres,2,sources/Local/Archives_de_la_CCI_de_Marseille_I_23_Marseille_Exports_1754.csv,Archives de la CCI de Marseille - I 23,2,,,,,Teklia-Jules Oudot,,,0,,,,,,,,,
28,Local,1754,Marseille,,Angleterre,Exports,Cire blanche,,,2471,,1177,livres,2.1,sources/Local/Archives_de_la_CCI_de_Marseille_I_23_Marseille_Exports_1754.csv,Archives de la CCI de Marseille - I 23,2,,,,,Teklia-Jules Oudot,,,-0.700000000000273,,,,,,,,,
29,Local,1754,Marseille,,Angleterre,Exports,Clous de fer,,,1018,,4075,livres,0.25,sources/Local/Archives_de_la_CCI_de_Marseille_I_23_Marseille_Exports_1754.csv,Archives de la CCI de Marseille - I 23,2,,,,,Teklia-Jules Oudot,,,-0.75,,,,,,,,,
30,Local,1754,Marseille,,Angleterre,Exports,Corail ouvré,,,16000,,100,livres,160,sources/Local/Archives_de_la_CCI_de_Marseille_I_23_Marseille_Exports_1754.csv,Archives de la CCI de Marseille - I 23,2,,,,,Teklia-Jules Oudot,,,0,,,,,,,,,
31,Local,1754,Marseille,,Angleterre,Exports,Coton filé,,,2106,,1915,livres,1.1,sources/Local/Archives_de_la_CCI_de_Marseille_I_23_Marseille_Exports_1754.csv,Archives de la CCI de Marseille - I 23,2,,,,,Teklia-Jules Oudot,,,-0.5,,,,,,,,,
32,Local,1754,Marseille,,Angleterre,Exports,Coton en laine,,,30,,60,livres,0.5,sources/Local/Archives_de_la_CCI_de_Marseille_I_23_Marseille_Exports_1754.csv,Archives de la CCI de Marseille - I 23,2,,,,,Teklia-Jules Oudot,,,0,,,,,,,,,
33,Local,1754,Marseille,,Angleterre,Exports,Couperose,,,498,,4155,livres,0.12,sources/Local/Archives_de_la_CCI_de_Marseille_I_23_Marseille_Exports_1754.csv,Archives de la CCI de Marseille - I 23,2,,,,,Teklia-Jules Oudot,,,-0.599999999999966,,,,,,,,,
34,Local,1754,Marseille,,Angleterre,Exports,Creme de tartre,,,1800,,4000,livres,0.45,sources/Local/Archives_de_la_CCI_de_Marseille_I_23_Marseille_Exports_1754.csv,Archives de la CCI de Marseille - I 23,2,,,,,Teklia-Jules Oudot,,,0,,,,,,,,,
35,Local,1754,Marseille,,Angleterre,Exports,Cumin,,,1831,,9159,livres,0.2,sources/Local/Archives_de_la_CCI_de_Marseille_I_23_Marseille_Exports_1754.csv,Archives de la CCI de Marseille - I 23,2,,,,,Teklia-Jules Oudot,,,-0.800000000000182,,,,,,,,,
36,Local,1754,Marseille,,Angleterre,Exports,Draperie petite,,,2250,,750,livres,3,sources/Local/Archives_de_la_CCI_de_Marseille_I_23_Marseille_Exports_1754.csv,Archives de la CCI de Marseille - I 23,2,,,,,Teklia-Jules Oudot,,,0,,,,,,,,,
37,Local,1754,Marseille,,Angleterre,Exports,Drogueries,,,1936,,1936,livres,1,sources/Local/Archives_de_la_CCI_de_Marseille_I_23_Marseille_Exports_1754.csv,Archives de la CCI de Marseille - I 23,2,,,,,Teklia-Jules Oudot,,,0,,,,,,,,,
38,Local,1754,Marseille,,Angleterre,Exports,Eau de la Reine d'hongrie,,,251,,335,livres,0.75,sources/Local/Archives_de_la_CCI_de_Marseille_I_23_Marseille_Exports_1754.csv,Archives de la CCI de Marseille - I 23,2,,,,,Teklia-Jules Oudot,,,-0.25,,,,,,,,,
39,Local,1754,Marseille,,Angleterre,Exports,Eau de vie,,,184416,,1229446,livres,0.15,sources/Local/Archives_de_la_CCI_de_Marseille_I_23_Marseille_Exports_1754.csv,Archives de la CCI de Marseille - I 23,2,,,,,Teklia-Jules Oudot,,,-0.899999999994179,,,,,,,,,
40,Local,1754,Marseille,,Angleterre,Exports,Fayance,,,5387,,10770,livres,0.5,sources/Local/Archives_de_la_CCI_de_Marseille_I_23_Marseille_Exports_1754.csv,Archives de la CCI de Marseille - I 23,2,,,,,Teklia-Jules Oudot,,,2,,,,,,,,,
41,Local,1754,Marseille,,Angleterre,Exports,Fer en barre,,,8147,,56193,livres,0.145,sources/Local/Archives_de_la_CCI_de_Marseille_I_23_Marseille_Exports_1754.csv,Archives de la CCI de Marseille - I 23,2,,,,,Teklia-Jules Oudot,,,-0.984999999999673,,,,,,,,,
42,Local,1754,Marseille,,Angleterre,Exports,Figues,,,67,,670,livres,0.1,sources/Local/Archives_de_la_CCI_de_Marseille_I_23_Marseille_Exports_1754.csv,Archives de la CCI de Marseille - I 23,2,,,,,Teklia-Jules Oudot,,,0,,,,,,,,,
43,Local,1754,Marseille,,Angleterre,Exports,Fil de fer,,,50,,200,livres,0.5,sources/Local/Archives_de_la_CCI_de_Marseille_I_23_Marseille_Exports_1754.csv,Archives de la CCI de Marseille - I 23,2,,,,,Teklia-Jules Oudot,,,-50,,,,,,,,,
44,Local,1754,Marseille,,Angleterre,Exports,Fil de laton,,,1125,,750,livres,1.5,sources/Local/Archives_de_la_CCI_de_Marseille_I_23_Marseille_Exports_1754.csv,Archives de la CCI de Marseille - I 23,2,,,,,Teklia-Jules Oudot,,,0,,,,,,,,,
45,Local,1754,Marseille,,Angleterre,Exports,Fromage,,,460,,1534,livres,0.3,sources/Local/Archives_de_la_CCI_de_Marseille_I_23_Marseille_Exports_1754.csv,Archives de la CCI de Marseille - I 23,2,,,,,Teklia-Jules Oudot,,,-0.199999999999989,,,,,,,,,
46,Local,1754,Marseille,,Angleterre,Exports,Garence,,,362,,906,livres,0.4,sources/Local/Archives_de_la_CCI_de_Marseille_I_23_Marseille_Exports_1754.csv,Archives de la CCI de Marseille - I 23,2,,,,,Teklia-Jules Oudot,,,-0.400000000000034,,,,,,,,,
47,Local,1754,Marseille,,Angleterre,Exports,Graine d'avignon,,,296,,1184,livres,0.25,sources/Local/Archives_de_la_CCI_de_Marseille_I_23_Marseille_Exports_1754.csv,Archives de la CCI de Marseille - I 23,2,,,,,Teklia-Jules Oudot,,,0,,,,,,,,,
48,Local,1754,Marseille,,Angleterre,Exports,Graine jaune,,,512,,1970,livres,0.26,sources/Local/Archives_de_la_CCI_de_Marseille_I_23_Marseille_Exports_1754.csv,Archives de la CCI de Marseille - I 23,2,,,,,Teklia-Jules Oudot,,,-0.200000000000045,,,,,,,,,
49,Local,1754,Marseille,,Angleterre,Exports,Huile de lin,,,24,,80,livres,0.3,sources/Local/Archives_de_la_CCI_de_Marseille_I_23_Marseille_Exports_1754.csv,Archives de la CCI de Marseille - I 23,2,,,,,Teklia-Jules Oudot,,,0,,,,,,,,,
50,Local,1754,Marseille,,Angleterre,Exports,Huile d'olive,,,68,,170,livres,0.4,sources/Local/Archives_de_la_CCI_de_Marseille_I_23_Marseille_Exports_1754.csv,Archives de la CCI de Marseille - I 23,2,,,,,Teklia-Jules Oudot,,,0,,,,,,,,,
51,Local,1754,Marseille,,Angleterre,Exports,Huile de poisson,,,700,,2336,livres,0.3,sources/Local/Archives_de_la_CCI_de_Marseille_I_23_Marseille_Exports_1754.csv,Archives de la CCI de Marseille - I 23,2,,,,,Teklia-Jules Oudot,,,-0.799999999999955,,,,,,,,,
52,Local,1754,Marseille,,Angleterre,Exports,Indienne,,,242700,,20225,pièces,12,sources/Local/Archives_de_la_CCI_de_Marseille_I_23_Marseille_Exports_1754.csv,Archives de la CCI de Marseille - I 23,2,,,,,Teklia-Jules Oudot,,,0,,,,,,,,,
53,Local,1754,Marseille,,Angleterre,Exports,Jus de reglisse,,,240,,686,livres,0.35,sources/Local/Archives_de_la_CCI_de_Marseille_I_23_Marseille_Exports_1754.csv,Archives de la CCI de Marseille - I 23,2,,,,,Teklia-Jules Oudot,,,-0.0999999999999943,,,,,,,,,
54,Local,1754,Marseille,,Angleterre,Exports,Legumes,,,675,,4506,livres,0.15,sources/Local/Archives_de_la_CCI_de_Marseille_I_23_Marseille_Exports_1754.csv,Archives de la CCI de Marseille - I 23,2,,,,,Teklia-Jules Oudot,,,-0.899999999999977,,,,,,,,,
55,Local,1754,Marseille,,Angleterre,Exports,Liege,,,30,,200,livres,0.15,sources/Local/Archives_de_la_CCI_de_Marseille_I_23_Marseille_Exports_1754.csv,Archives de la CCI de Marseille - I 23,3,,,,,Teklia-Jules Oudot,,,0,,,,,,,,,
56,Local,1754,Marseille,,Angleterre,Exports,Liqueurs,,,1597,,2130,livres,0.75,sources/Local/Archives_de_la_CCI_de_Marseille_I_23_Marseille_Exports_1754.csv,Archives de la CCI de Marseille - I 23,3,,,,,Teklia-Jules Oudot,,,-0.5,,,,,,,,,
57,Local,1754,Marseille,,Angleterre,Exports,Merceries,,,27160,,7760,livres,3.5,sources/Local/Archives_de_la_CCI_de_Marseille_I_23_Marseille_Exports_1754.csv,Archives de la CCI de Marseille - I 23,3,,,,,Teklia-Jules Oudot,,,0,,,,,,,,,
58,Local,1754,Marseille,,Angleterre,Exports,Miel,,,180,,1200,livres,0.15,sources/Local/Archives_de_la_CCI_de_Marseille_I_23_Marseille_Exports_1754.csv,Archives de la CCI de Marseille - I 23,3,,,,,Teklia-Jules Oudot,,,0,,,,,,,,,
59,Local,1754,Marseille,,Angleterre,Exports,Morue seche,,,2709,,18061,livres,0.15,sources/Local/Archives_de_la_CCI_de_Marseille_I_23_Marseille_Exports_1754.csv,Archives de la CCI de Marseille - I 23,3,,,,,Teklia-Jules Oudot,,,-0.150000000000091,,,,,,,,,
60,Local,1754,Marseille,,Angleterre,Exports,Noix,,,178,,1783,livres,0.1,sources/Local/Archives_de_la_CCI_de_Marseille_I_23_Marseille_Exports_1754.csv,Archives de la CCI de Marseille - I 23,3,,,,,Teklia-Jules Oudot,,,-0.300000000000011,,,,,,,,,
61,Local,1754,Marseille,,Angleterre,Exports,Olives,,,292,,1950,livres,0.15,sources/Local/Archives_de_la_CCI_de_Marseille_I_23_Marseille_Exports_1754.csv,Archives de la CCI de Marseille - I 23,3,,,,,Teklia-Jules Oudot,,,-0.5,,,,,,,,,
62,Local,1754,Marseille,,Angleterre,Exports,Papier,,,5454,,909,rames,6,sources/Local/Archives_de_la_CCI_de_Marseille_I_23_Marseille_Exports_1754.csv,Archives de la CCI de Marseille - I 23,3,,,,,Teklia-Jules Oudot,,,0,,,,,,,,,
63,Local,1754,Marseille,,Angleterre,Exports,Peaux de veau,,,2503,,2003,livres,1.25,sources/Local/Archives_de_la_CCI_de_Marseille_I_23_Marseille_Exports_1754.csv,Archives de la CCI de Marseille - I 23,3,,,,,Teklia-Jules Oudot,,,-0.75,,,,,,,,,
64,Local,1754,Marseille,,Angleterre,Exports,Planches de sapin,,,140,,14,douzaines,10,sources/Local/Archives_de_la_CCI_de_Marseille_I_23_Marseille_Exports_1754.csv,Archives de la CCI de Marseille - I 23,3,,,,,Teklia-Jules Oudot,,,0,,,,,,,,,
65,Local,1754,Marseille,,Angleterre,Exports,Plomb en grenaille,,,146,,587,livres,0.25,sources/Local/Archives_de_la_CCI_de_Marseille_I_23_Marseille_Exports_1754.csv,Archives de la CCI de Marseille - I 23,3,,,,,Teklia-Jules Oudot,,,-0.75,,,,,,,,,
66,Local,1754,Marseille,,Angleterre,Exports,Poivre,,,1705,,1550,livres,1.1,sources/Local/Archives_de_la_CCI_de_Marseille_I_23_Marseille_Exports_1754.csv,Archives de la CCI de Marseille - I 23,3,,,,,Teklia-Jules Oudot,,,0,,,,,,,,,
67,Local,1754,Marseille,,Angleterre,Exports,Poisson salé,,,600,,2400,livres,0.25,sources/Local/Archives_de_la_CCI_de_Marseille_I_23_Marseille_Exports_1754.csv,Archives de la CCI de Marseille - I 23,3,,,,,Teklia-Jules Oudot,,,0,,,,,,,,,
68,Local,1754,Marseille,,Angleterre,Exports,Pommes,,,200,,2000,livres,0.1,sources/Local/Archives_de_la_CCI_de_Marseille_I_23_Marseille_Exports_1754.csv,Archives de la CCI de Marseille - I 23,3,,,,,Teklia-Jules Oudot,,,0,,,,,,,,,
69,Local,1754,Marseille,,Angleterre,Exports,Quicaille,,,850,,850,livres,1,sources/Local/Archives_de_la_CCI_de_Marseille_I_23_Marseille_Exports_1754.csv,Archives de la CCI de Marseille - I 23,3,,,,,Teklia-Jules Oudot,,,0,,,,,,,,,
70,Local,1754,Marseille,,Angleterre,Exports,Raisins secs,,,852,,4263,livres,0.2,sources/Local/Archives_de_la_CCI_de_Marseille_I_23_Marseille_Exports_1754.csv,Archives de la CCI de Marseille - I 23,3,,,,,Teklia-Jules Oudot,,,-0.600000000000023,,,,,,,,,
71,Local,1754,Marseille,,Angleterre,Exports,Ris,,,2633.76,,21948,livres,0.12,sources/Local/Archives_de_la_CCI_de_Marseille_I_23_Marseille_Exports_1754.csv,Archives de la CCI de Marseille - I 23,3,,,,,Teklia-Jules Oudot,,"Le prix est bon. J'ajuste la valeur, qui était 2666",0,,,,,,,,,
72,Local,1754,Marseille,,Angleterre,Exports,Salsepareille,,,254,,127,livres,2,sources/Local/Archives_de_la_CCI_de_Marseille_I_23_Marseille_Exports_1754.csv,Archives de la CCI de Marseille - I 23,3,,,,,Teklia-Jules Oudot,,,0,,,,,,,,,
73,Local,1754,Marseille,,Angleterre,Exports,Savon,,,15286,,50954,livres,0.3,sources/Local/Archives_de_la_CCI_de_Marseille_I_23_Marseille_Exports_1754.csv,Archives de la CCI de Marseille - I 23,3,,,,,Teklia-Jules Oudot,,,-0.199999999998909,,,,,,,,,
74,Local,1754,Marseille,,Angleterre,Exports,Sirops de capillaire,,,1950,,1950,livres,1,sources/Local/Archives_de_la_CCI_de_Marseille_I_23_Marseille_Exports_1754.csv,Archives de la CCI de Marseille - I 23,3,,,,,Teklia-Jules Oudot,,,0,,,,,,,,,
75,Local,1754,Marseille,,Angleterre,Exports,Souffre,,,7486,,49907,livres,0.15,sources/Local/Archives_de_la_CCI_de_Marseille_I_23_Marseille_Exports_1754.csv,Archives de la CCI de Marseille - I 23,3,,,,,Teklia-Jules Oudot,,,-0.0499999999992724,,,,,,,,,
76,Local,1754,Marseille,,Angleterre,Exports,Soye appretée,,,16200,,810,livres,20,sources/Local/Archives_de_la_CCI_de_Marseille_I_23_Marseille_Exports_1754.csv,Archives de la CCI de Marseille - I 23,3,,,,,Teklia-Jules Oudot,,,0,,,,,,,,,
77,Local,1754,Marseille,,Angleterre,Exports,Sucre blanc,,,46552,,103449,livres,0.45,sources/Local/Archives_de_la_CCI_de_Marseille_I_23_Marseille_Exports_1754.csv,Archives de la CCI de Marseille - I 23,3,,,,,Teklia-Jules Oudot,,,-0.0500000000029104,,,,,,,,,
78,Local,1754,Marseille,,Angleterre,Exports,Sucre candy,,,160,,160,livres,1,sources/Local/Archives_de_la_CCI_de_Marseille_I_23_Marseille_Exports_1754.csv,Archives de la CCI de Marseille - I 23,3,,,,,Teklia-Jules Oudot,,,0,,,,,,,,,
79,Local,1754,Marseille,,Angleterre,Exports,Sucre rafiné,,,5790,,9651,livres,0.6,sources/Local/Archives_de_la_CCI_de_Marseille_I_23_Marseille_Exports_1754.csv,Archives de la CCI de Marseille - I 23,3,,,,,Teklia-Jules Oudot,,,-0.599999999999454,,,,,,,,,
80,Local,1754,Marseille,,Angleterre,Exports,Sumac,,,148,,2117,livres,0.07,sources/Local/Archives_de_la_CCI_de_Marseille_I_23_Marseille_Exports_1754.csv,Archives de la CCI de Marseille - I 23,3,,,,,Teklia-Jules Oudot,,,-0.190000000000026,,,,,,,,,
81,Local,1754,Marseille,,Angleterre,Exports,Tabac ouvré,,,37094,,14267,livres,2.6,sources/Local/Archives_de_la_CCI_de_Marseille_I_23_Marseille_Exports_1754.csv,Archives de la CCI de Marseille - I 23,3,,,,,Teklia-Jules Oudot,,,-0.200000000004366,,,,,,,,,
82,Local,1754,Marseille,,Angleterre,Exports,Tartre,,,315,,1315,livres,0.24,sources/Local/Archives_de_la_CCI_de_Marseille_I_23_Marseille_Exports_1754.csv,Archives de la CCI de Marseille - I 23,3,,,,,Teklia-Jules Oudot,,,-0.599999999999966,,,,,,,,,
83,Local,1754,Marseille,,Angleterre,Exports,Tayolle,,,1200,,1200,livres,1,sources/Local/Archives_de_la_CCI_de_Marseille_I_23_Marseille_Exports_1754.csv,Archives de la CCI de Marseille - I 23,3,,,,,Teklia-Jules Oudot,,,0,,,,,,,,,
84,Local,1754,Marseille,,Angleterre,Exports,Terraille,,,591,,8450,livres,0.07,sources/Local/Archives_de_la_CCI_de_Marseille_I_23_Marseille_Exports_1754.csv,Archives de la CCI de Marseille - I 23,3,,,,,Teklia-Jules Oudot,,,-0.5,,,,,,,,,
85,Local,1754,Marseille,,Angleterre,Exports,Terre d'ombre,,,38,,380,livres,0.1,sources/Local/Archives_de_la_CCI_de_Marseille_I_23_Marseille_Exports_1754.csv,Archives de la CCI de Marseille - I 23,3,,,,,Teklia-Jules Oudot,,,0,,,,,,,,,
86,Local,1754,Marseille,,Angleterre,Exports,Thé,,,4606,,1316,livres,3.5,sources/Local/Archives_de_la_CCI_de_Marseille_I_23_Marseille_Exports_1754.csv,Archives de la CCI de Marseille - I 23,3,,,,,Teklia-Jules Oudot,,,0,,,,,,,,,
87,Local,1754,Marseille,,Angleterre,Exports,Thon mariné,,,446,,357,livres,1.25,sources/Local/Archives_de_la_CCI_de_Marseille_I_23_Marseille_Exports_1754.csv,Archives de la CCI de Marseille - I 23,4,,,,,Teklia-Jules Oudot,,,-0.25,,,,,,,,,
88,Local,1754,Marseille,,Angleterre,Exports,Toile d'antioche,,,1200,,100,pièces,12,sources/Local/Archives_de_la_CCI_de_Marseille_I_23_Marseille_Exports_1754.csv,Archives de la CCI de Marseille - I 23,4,,,,,Teklia-Jules Oudot,,,0,,,,,,,,,
89,Local,1754,Marseille,,Angleterre,Exports,Toile d'emballage,,,480,,800,livres,0.6,sources/Local/Archives_de_la_CCI_de_Marseille_I_23_Marseille_Exports_1754.csv,Archives de la CCI de Marseille - I 23,4,,,,,Teklia-Jules Oudot,,,0,,,,,,,,,
90,Local,1754,Marseille,,Angleterre,Exports,Toile manouf,,,2072,,296,livres,7,sources/Local/Archives_de_la_CCI_de_Marseille_I_23_Marseille_Exports_1754.csv,Archives de la CCI de Marseille - I 23,4,,,,,Teklia-Jules Oudot,,,0,,,,,,,,,
91,Local,1754,Marseille,,Angleterre,Exports,Toile de montagne,,,1500,,300,livres,5,sources/Local/Archives_de_la_CCI_de_Marseille_I_23_Marseille_Exports_1754.csv,Archives de la CCI de Marseille - I 23,4,,,,,Teklia-Jules Oudot,,,0,,,,,,,,,
92,Local,1754,Marseille,,Angleterre,Exports,Toile à voile,,,540,,18,pièces,30,sources/Local/Archives_de_la_CCI_de_Marseille_I_23_Marseille_Exports_1754.csv,Archives de la CCI de Marseille - I 23,4,,,,,Teklia-Jules Oudot,,,0,,,,,,,,,
93,Local,1754,Marseille,,Angleterre,Exports,Toileries diverses,,,18432,,4608,livres,4,sources/Local/Archives_de_la_CCI_de_Marseille_I_23_Marseille_Exports_1754.csv,Archives de la CCI de Marseille - I 23,4,,,,,Teklia-Jules Oudot,,,0,,,,,,,,,
94,Local,1754,Marseille,,Angleterre,Exports,Tuilles,,,15,,1500,pièces,0.01,sources/Local/Archives_de_la_CCI_de_Marseille_I_23_Marseille_Exports_1754.csv,Archives de la CCI de Marseille - I 23,4,,,,,Teklia-Jules Oudot,,,0,,,,,,,,,
95,Local,1754,Marseille,,Angleterre,Exports,Verdet,,,324,,405,livres,0.8,sources/Local/Archives_de_la_CCI_de_Marseille_I_23_Marseille_Exports_1754.csv,Archives de la CCI de Marseille - I 23,4,,,,,Teklia-Jules Oudot,,,0,,,,,,,,,
96,Local,1754,Marseille,,Angleterre,Exports,Vin blanc,,,216,,12,millerolle,18,sources/Local/Archives_de_la_CCI_de_Marseille_I_23_Marseille_Exports_1754.csv,Archives de la CCI de Marseille - I 23,4,,,,,Teklia-Jules Oudot,,,0,,,,,,,,,
97,Local,1754,Marseille,,Angleterre,Exports,Vin muscat,,,300,,10,livres,30,sources/Local/Archives_de_la_CCI_de_Marseille_I_23_Marseille_Exports_1754.csv,Archives de la CCI de Marseille - I 23,4,,,,,Teklia-Jules Oudot,,,0,,,,,,,,,
98,Local,1754,Marseille,,Angleterre,Exports,Vin rouge,,,2010,,335,livres,6,sources/Local/Archives_de_la_CCI_de_Marseille_I_23_Marseille_Exports_1754.csv,Archives de la CCI de Marseille - I 23,4,,,,,Teklia-Jules Oudot,,,0,,,,,,,,,
99,Local,1754,Marseille,,Angleterre,Exports,Vinaigre,,,48,,12,livres,4,sources/Local/Archives_de_la_CCI_de_Marseille_I_23_Marseille_Exports_1754.csv,Archives de la CCI de Marseille - I 23,4,,,,,Teklia-Jules Oudot,,,0,,,,,,,,,
100,Local,1754,Marseille,,Espagne,Exports,Acier,,,3937,,11250,livres,0.35,sources/Local/Archives_de_la_CCI_de_Marseille_I_23_Marseille_Exports_1754.csv,Archives de la CCI de Marseille - I 23,4,,,,,Teklia-Jules Oudot,,,-0.499999999999545,,,,,,,,,
101,Local,1754,Marseille,,Espagne,Exports,Ajamis,,,26999,,29999,pièces,0.9,sources/Local/Archives_de_la_CCI_de_Marseille_I_23_Marseille_Exports_1754.csv,Archives de la CCI de Marseille - I 23,4,,,,,Teklia-Jules Oudot,,,-0.100000000002183,,,,,,,,,
102,Local,1754,Marseille,,Espagne,Exports,Alun,,,7703,,64192,livres,0.12,sources/Local/Archives_de_la_CCI_de_Marseille_I_23_Marseille_Exports_1754.csv,Archives de la CCI de Marseille - I 23,4,,,,,Teklia-Jules Oudot,,,-0.0399999999999636,,,,,,,,,
103,Local,1754,Marseille,,Espagne,Exports,Amandes,,,15079,,75396,livres,0.2,sources/Local/Archives_de_la_CCI_de_Marseille_I_23_Marseille_Exports_1754.csv,Archives de la CCI de Marseille - I 23,4,,,,,Teklia-Jules Oudot,,,-0.200000000000728,,,,,,,,,
104,Local,1754,Marseille,,Espagne,Exports,Amidon,,,3570,,17853,livres,0.2,sources/Local/Archives_de_la_CCI_de_Marseille_I_23_Marseille_Exports_1754.csv,Archives de la CCI de Marseille - I 23,4,,,,,Teklia-Jules Oudot,,,-0.600000000000364,,,,,,,,,
105,Local,1754,Marseille,,Espagne,Exports,Ancres de fer,,,2740,,10962,livres,0.25,sources/Local/Archives_de_la_CCI_de_Marseille_I_23_Marseille_Exports_1754.csv,Archives de la CCI de Marseille - I 23,4,,,,,Teklia-Jules Oudot,,,-0.5,,,,,,,,,
106,Local,1754,Marseille,,Espagne,Exports,Anis,,,3901,,19506,livres,0.2,sources/Local/Archives_de_la_CCI_de_Marseille_I_23_Marseille_Exports_1754.csv,Archives de la CCI de Marseille - I 23,4,,,,,Teklia-Jules Oudot,,,-0.200000000000273,,,,,,,,,
107,Local,1754,Marseille,,Espagne,Exports,Antimoine,,,46,,312,livres,0.15,sources/Local/Archives_de_la_CCI_de_Marseille_I_23_Marseille_Exports_1754.csv,Archives de la CCI de Marseille - I 23,4,,,,,Teklia-Jules Oudot,,,-0.799999999999997,,,,,,,,,
108,Local,1754,Marseille,,Espagne,Exports,Arcenic,,,30,,100,livres,0.3,sources/Local/Archives_de_la_CCI_de_Marseille_I_23_Marseille_Exports_1754.csv,Archives de la CCI de Marseille - I 23,4,,,,,Teklia-Jules Oudot,,,0,,,,,,,,,
109,Local,1754,Marseille,,Espagne,Exports,Azur,,,1558,,3116,livres,0.5,sources/Local/Archives_de_la_CCI_de_Marseille_I_23_Marseille_Exports_1754.csv,Archives de la CCI de Marseille - I 23,4,,,,,Teklia-Jules Oudot,,,0,,,,,,,,,
110,Local,1754,Marseille,,Espagne,Exports,Balaine coupée,,,1120,,224,livres,5,sources/Local/Archives_de_la_CCI_de_Marseille_I_23_Marseille_Exports_1754.csv,Archives de la CCI de Marseille - I 23,4,,,,,Teklia-Jules Oudot,,,0,,,,,,,,,
111,Local,1754,Marseille,,Espagne,Exports,Bas de coton,,,1000,,100,livres,10,sources/Local/Archives_de_la_CCI_de_Marseille_I_23_Marseille_Exports_1754.csv,Archives de la CCI de Marseille - I 23,4,,,,,Teklia-Jules Oudot,,,0,,,,,,,,,
112,Local,1754,Marseille,,Espagne,Exports,Bas de fil,,,1800,,300,livres,6,sources/Local/Archives_de_la_CCI_de_Marseille_I_23_Marseille_Exports_1754.csv,Archives de la CCI de Marseille - I 23,4,,,,,Teklia-Jules Oudot,,,0,,,,,,,,,
113,Local,1754,Marseille,,Espagne,Exports,Bas de filoselle,,,3960,,264,livres,15,sources/Local/Archives_de_la_CCI_de_Marseille_I_23_Marseille_Exports_1754.csv,Archives de la CCI de Marseille - I 23,4,,,,,Teklia-Jules Oudot,,,0,,,,,,,,,
114,Local,1754,Marseille,,Espagne,Exports,Bas de Laine,,,135822,,22638,livres,6,sources/Local/Archives_de_la_CCI_de_Marseille_I_23_Marseille_Exports_1754.csv,Archives de la CCI de Marseille - I 23,4,,,,,Teklia-Jules Oudot,,,-6,,,,,,,,,
115,Local,1754,Marseille,,Espagne,Exports,Bas de Soye,,,609240,,15231,livres,40,sources/Local/Archives_de_la_CCI_de_Marseille_I_23_Marseille_Exports_1754.csv,Archives de la CCI de Marseille - I 23,4,,,,,Teklia-Jules Oudot,,,0,,,,,,,,,
116,Local,1754,Marseille,,Espagne,Exports,Batanony,,,2508,,627,pièces,4,sources/Local/Archives_de_la_CCI_de_Marseille_I_23_Marseille_Exports_1754.csv,Archives de la CCI de Marseille - I 23,5,,,,,Teklia-Jules Oudot,,,0,,,,,,,,,
117,Local,1754,Marseille,,Espagne,Exports,Bazanne tannée,,,4000,,4000,livres,1,sources/Local/Archives_de_la_CCI_de_Marseille_I_23_Marseille_Exports_1754.csv,Archives de la CCI de Marseille - I 23,5,,,,,Teklia-Jules Oudot,,,0,,,,,,,,,
118,Local,1754,Marseille,,Espagne,Exports,Bazin,,,4788,,798,livres,6,sources/Local/Archives_de_la_CCI_de_Marseille_I_23_Marseille_Exports_1754.csv,Archives de la CCI de Marseille - I 23,5,,,,,Teklia-Jules Oudot,,,0,,,,,,,,,
119,Local,1754,Marseille,,Espagne,Exports,Blanc de baleine,,,285,,190,livres,1.5,sources/Local/Archives_de_la_CCI_de_Marseille_I_23_Marseille_Exports_1754.csv,Archives de la CCI de Marseille - I 23,5,,,,,Teklia-Jules Oudot,,,0,,,,,,,,,
120,Local,1754,Marseille,,Espagne,Exports,Bled froment,,,2427620,,121381,charges,20,sources/Local/Archives_de_la_CCI_de_Marseille_I_23_Marseille_Exports_1754.csv,Archives de la CCI de Marseille - I 23,5,,,,,Teklia-Jules Oudot,,,0,,,,,,,,,
121,Local,1754,Marseille,,Espagne,Exports,Bois de bresil,,,5703,,22813,livres,0.25,sources/Local/Archives_de_la_CCI_de_Marseille_I_23_Marseille_Exports_1754.csv,Archives de la CCI de Marseille - I 23,5,,,,,Teklia-Jules Oudot,,Le prix est 5 sous la livre,-0.25,,,,,,,,,
122,Local,1754,Marseille,,Espagne,Exports,Bois de Buys,,,122,,4083,livres,0.03,sources/Local/Archives_de_la_CCI_de_Marseille_I_23_Marseille_Exports_1754.csv,Archives de la CCI de Marseille - I 23,5,,,,,Teklia-Jules Oudot,,Le prix est 3 livres le quintal,-0.489999999999995,,,,,,,,,
123,Local,1754,Marseille,,Espagne,Exports,Bois de campech,,,35961,,14387,livres,2.5,sources/Local/Archives_de_la_CCI_de_Marseille_I_23_Marseille_Exports_1754.csv,Archives de la CCI de Marseille - I 23,5,,,,,Teklia-Jules Oudot,,,-6.5,,,,,,,,,
124,Local,1754,Marseille,,Espagne,Exports,Bois surret,,,1440,,14406,livres,0.1,sources/Local/Archives_de_la_CCI_de_Marseille_I_23_Marseille_Exports_1754.csv,Archives de la CCI de Marseille - I 23,5,,,,,Teklia-Jules Oudot,,,-0.600000000000136,,,,,,,,,
125,Local,1754,Marseille,,Espagne,Exports,Bois de sandal,,,1432,,3582,livres,0.4,sources/Local/Archives_de_la_CCI_de_Marseille_I_23_Marseille_Exports_1754.csv,Archives de la CCI de Marseille - I 23,5,,,,,Teklia-Jules Oudot,,,-0.800000000000182,,,,,,,,,
126,Local,1754,Marseille,,Espagne,Exports,Bonnets de coton,,,1432,,358,livres,4,sources/Local/Archives_de_la_CCI_de_Marseille_I_23_Marseille_Exports_1754.csv,Archives de la CCI de Marseille - I 23,5,,,,,Teklia-Jules Oudot,,,0,,,,,,,,,
127,Local,1754,Marseille,,Espagne,Exports,Bonnets de fil,,,2268,,378,livres,6,sources/Local/Archives_de_la_CCI_de_Marseille_I_23_Marseille_Exports_1754.csv,Archives de la CCI de Marseille - I 23,5,,,,,Teklia-Jules Oudot,,,0,,,,,,,,,
128,Local,1754,Marseille,,Espagne,Exports,Bonnets de Laine,,,14400,,480,livres,30,sources/Local/Archives_de_la_CCI_de_Marseille_I_23_Marseille_Exports_1754.csv,Archives de la CCI de Marseille - I 23,5,,,,,Teklia-Jules Oudot,,,0,,,,,,,,,
129,Local,1754,Marseille,,Espagne,Exports,Bouchon de liége,,,2250,,750,livres,3,sources/Local/Archives_de_la_CCI_de_Marseille_I_23_Marseille_Exports_1754.csv,Archives de la CCI de Marseille - I 23,5,,,,,Teklia-Jules Oudot,,,0,,,,,,,,,
130,Local,1754,Marseille,,Espagne,Exports,Bouteilles de verre,,,736,,3680,livres,0.2,sources/Local/Archives_de_la_CCI_de_Marseille_I_23_Marseille_Exports_1754.csv,Archives de la CCI de Marseille - I 23,5,,,,,Teklia-Jules Oudot,,,0,,,,,,,,,
131,Local,1754,Marseille,,Espagne,Exports,Bray,,,1230,,8200,livres,0.15,sources/Local/Archives_de_la_CCI_de_Marseille_I_23_Marseille_Exports_1754.csv,Archives de la CCI de Marseille - I 23,5,,,,,Teklia-Jules Oudot,,,0,,,,,,,,,
132,Local,1754,Marseille,,Espagne,Exports,Brun rouge,,,12,,514,livres,0.025,sources/Local/Archives_de_la_CCI_de_Marseille_I_23_Marseille_Exports_1754.csv,Archives de la CCI de Marseille - I 23,5,,,,,Teklia-Jules Oudot,,Le prix est en deniers,-0.850000000000001,,,,,,,,,
133,Local,1754,Marseille,,Espagne,Exports,Cacao,,,303721,,216944,livres,1.4,sources/Local/Archives_de_la_CCI_de_Marseille_I_23_Marseille_Exports_1754.csv,Archives de la CCI de Marseille - I 23,5,,,,,Teklia-Jules Oudot,,,-0.599999999976717,,,,,,,,,
134,Local,1754,Marseille,,Espagne,Exports,Caffé,,,41211,,29437,livres,1.4,sources/Local/Archives_de_la_CCI_de_Marseille_I_23_Marseille_Exports_1754.csv,Archives de la CCI de Marseille - I 23,5,,,,,Teklia-Jules Oudot,,,-0.799999999995634,,,,,,,,,
135,Local,1754,Marseille,,Espagne,Exports,Callemande,,,5280,,1760,livres,3,sources/Local/Archives_de_la_CCI_de_Marseille_I_23_Marseille_Exports_1754.csv,Archives de la CCI de Marseille - I 23,5,,,,,Teklia-Jules Oudot,,,0,,,,,,,,,
136,Local,1754,Marseille,,Espagne,Exports,Camphre,,,1500,,300,livres,5,sources/Local/Archives_de_la_CCI_de_Marseille_I_23_Marseille_Exports_1754.csv,Archives de la CCI de Marseille - I 23,5,,,,,Teklia-Jules Oudot,,,0,,,,,,,,,
137,Local,1754,Marseille,,Espagne,Exports,Canefice,,,289,,965,livres,0.3,sources/Local/Archives_de_la_CCI_de_Marseille_I_23_Marseille_Exports_1754.csv,Archives de la CCI de Marseille - I 23,5,,,,,Teklia-Jules Oudot,,,-0.5,,,,,,,,,
138,Local,1754,Marseille,,Espagne,Exports,Canelle,,,59988,,9998,livres,6,sources/Local/Archives_de_la_CCI_de_Marseille_I_23_Marseille_Exports_1754.csv,Archives de la CCI de Marseille - I 23,5,,,,,Teklia-Jules Oudot,,,0,,,,,,,,,
139,Local,1754,Marseille,,Espagne,Exports,Cantarides,,,1408,,704,livres,2,sources/Local/Archives_de_la_CCI_de_Marseille_I_23_Marseille_Exports_1754.csv,Archives de la CCI de Marseille - I 23,5,,,,,Teklia-Jules Oudot,,,0,,,,,,,,,
140,Local,1754,Marseille,,Espagne,Exports,Capots,,,324,,36,pièces,9,sources/Local/Archives_de_la_CCI_de_Marseille_I_23_Marseille_Exports_1754.csv,Archives de la CCI de Marseille - I 23,5,,,,,Teklia-Jules Oudot,,,0,,,,,,,,,
141,Local,1754,Marseille,,Espagne,Exports,Capots,,,600,,1200,livres,0.5,sources/Local/Archives_de_la_CCI_de_Marseille_I_23_Marseille_Exports_1754.csv,Archives de la CCI de Marseille - I 23,5,,,,,Teklia-Jules Oudot,,,0,,,,,,,,,
142,Local,1754,Marseille,,Espagne,Exports,Cartes marines,,,5000,,500,livres,10,sources/Local/Archives_de_la_CCI_de_Marseille_I_23_Marseille_Exports_1754.csv,Archives de la CCI de Marseille - I 23,5,,,,,Teklia-Jules Oudot,,,0,,,,,,,,,
143,Local,1754,Marseille,,Espagne,Exports,Carton,,,1300,,1300,livres,1,sources/Local/Archives_de_la_CCI_de_Marseille_I_23_Marseille_Exports_1754.csv,Archives de la CCI de Marseille - I 23,5,,,,,Teklia-Jules Oudot,,,0,,,,,,,,,
144,Local,1754,Marseille,,Espagne,Exports,Cendres gravelées,,,20,,148,livres,0.14,sources/Local/Archives_de_la_CCI_de_Marseille_I_23_Marseille_Exports_1754.csv,Archives de la CCI de Marseille - I 23,5,,,,,Teklia-Jules Oudot,,,-0.720000000000002,,,,,,,,,
145,Local,1754,Marseille,,Espagne,Exports,Cercles de bois,,,1452,,121,milliers,12,sources/Local/Archives_de_la_CCI_de_Marseille_I_23_Marseille_Exports_1754.csv,Archives de la CCI de Marseille - I 23,5,,,,,Teklia-Jules Oudot,,,0,,,,,,,,,
146,Local,1754,Marseille,,Espagne,Exports,Ceruse,,,763,,3815,livres,0.2,sources/Local/Archives_de_la_CCI_de_Marseille_I_23_Marseille_Exports_1754.csv,Archives de la CCI de Marseille - I 23,5,,,,,Teklia-Jules Oudot,,,0,,,,,,,,,
147,Local,1754,Marseille,,Espagne,Exports,Chaises de paille,,,9765,,651,douzaines,15,sources/Local/Archives_de_la_CCI_de_Marseille_I_23_Marseille_Exports_1754.csv,Archives de la CCI de Marseille - I 23,5,,,,,Teklia-Jules Oudot,,,0,,,,,,,,,
148,Local,1754,Marseille,,Espagne,Exports,Chandelle,,,3669,,8155,livres,0.45,sources/Local/Archives_de_la_CCI_de_Marseille_I_23_Marseille_Exports_1754.csv,Archives de la CCI de Marseille - I 23,5,,,,,Teklia-Jules Oudot,,,-0.75,,,,,,,,,
149,Local,1754,Marseille,,Espagne,Exports,Capres,,,385,,1285,livres,0.3,sources/Local/Archives_de_la_CCI_de_Marseille_I_23_Marseille_Exports_1754.csv,Archives de la CCI de Marseille - I 23,5,,,,,Teklia-Jules Oudot,,,-0.5,,,,,,,,,
150,Local,1754,Marseille,,Espagne,Exports,Cartes à jouer grosse,,,1260,,70,grosses,18,sources/Local/Archives_de_la_CCI_de_Marseille_I_23_Marseille_Exports_1754.csv,Archives de la CCI de Marseille - I 23,5,,,,,Teklia-Jules Oudot,,,0,,,,,,,,,
151,Local,1754,Marseille,,Espagne,Exports,Cartes à jouer,,,28212,,11285,livres,2.5,sources/Local/Archives_de_la_CCI_de_Marseille_I_23_Marseille_Exports_1754.csv,Archives de la CCI de Marseille - I 23,5,,,,,Teklia-Jules Oudot,,,-0.5,,,,,,,,,
152,Local,1754,Marseille,,Espagne,Exports,Chanvre peigné,,,19854,,55150,livres,0.36,sources/Local/Archives_de_la_CCI_de_Marseille_I_23_Marseille_Exports_1754.csv,Archives de la CCI de Marseille - I 23,6,,,,,Teklia-Jules Oudot,,,0,,,,,,,,,
153,Local,1754,Marseille,,Espagne,Exports,Chapeaux de paille,,,120,,10,douzaines,12,sources/Local/Archives_de_la_CCI_de_Marseille_I_23_Marseille_Exports_1754.csv,Archives de la CCI de Marseille - I 23,6,,,,,Teklia-Jules Oudot,,,0,,,,,,,,,
154,Local,1754,Marseille,,Espagne,Exports,Chapeaux poil et laine,,,220656,,4597,douzaines,48,sources/Local/Archives_de_la_CCI_de_Marseille_I_23_Marseille_Exports_1754.csv,Archives de la CCI de Marseille - I 23,6,,,,,Teklia-Jules Oudot,,,0,,,,,,,,,
155,Local,1754,Marseille,,Espagne,Exports,Chataignes,,,747,,14948,livres,0.05,sources/Local/Archives_de_la_CCI_de_Marseille_I_23_Marseille_Exports_1754.csv,Archives de la CCI de Marseille - I 23,6,,,,,Teklia-Jules Oudot,,,-0.400000000000091,,,,,,,,,
156,Local,1754,Marseille,,Espagne,Exports,Chevaux,,,10050,,335,livres,30,sources/Local/Archives_de_la_CCI_de_Marseille_I_23_Marseille_Exports_1754.csv,Archives de la CCI de Marseille - I 23,6,,,,,Teklia-Jules Oudot,,,0,,,,,,,,,
157,Local,1754,Marseille,,Espagne,Exports,Chocolat,,,1424,,712,livres,2,sources/Local/Archives_de_la_CCI_de_Marseille_I_23_Marseille_Exports_1754.csv,Archives de la CCI de Marseille - I 23,6,,,,,Teklia-Jules Oudot,,,0,,,,,,,,,
158,Local,1754,Marseille,,Espagne,Exports,Cire blanche,,,151815,,72293,livres,2.1,sources/Local/Archives_de_la_CCI_de_Marseille_I_23_Marseille_Exports_1754.csv,Archives de la CCI de Marseille - I 23,6,,,,,Teklia-Jules Oudot,,,-0.300000000017462,,,,,,,,,
159,Local,1754,Marseille,,Espagne,Exports,Cire jaune,,,77419,,51613,livres,1.5,sources/Local/Archives_de_la_CCI_de_Marseille_I_23_Marseille_Exports_1754.csv,Archives de la CCI de Marseille - I 23,6,,,,,Teklia-Jules Oudot,,,-0.5,,,,,,,,,
160,Local,1754,Marseille,,Espagne,Exports,Clous de fer,,,6454,,25816,livres,0.25,sources/Local/Archives_de_la_CCI_de_Marseille_I_23_Marseille_Exports_1754.csv,Archives de la CCI de Marseille - I 23,6,,,,,Teklia-Jules Oudot,,,0,,,,,,,,,
161,Local,1754,Marseille,,Espagne,Exports,Colle forte,,,5532,,13830,livres,0.4,sources/Local/Archives_de_la_CCI_de_Marseille_I_23_Marseille_Exports_1754.csv,Archives de la CCI de Marseille - I 23,6,,,,,Teklia-Jules Oudot,,,0,,,,,,,,,
162,Local,1754,Marseille,,Espagne,Exports,Confitures,,,47849,,47849,livres,1,sources/Local/Archives_de_la_CCI_de_Marseille_I_23_Marseille_Exports_1754.csv,Archives de la CCI de Marseille - I 23,6,,,,,Teklia-Jules Oudot,,,0,,,,,,,,,
163,Local,1754,Marseille,,Espagne,Exports,Corail ouvré,,,108800,,680,livres,160,sources/Local/Archives_de_la_CCI_de_Marseille_I_23_Marseille_Exports_1754.csv,Archives de la CCI de Marseille - I 23,6,,,,,Teklia-Jules Oudot,,,0,,,,,,,,,
164,Local,1754,Marseille,,Espagne,Exports,Cornes de cerf,,,60,,400,livres,0.15,sources/Local/Archives_de_la_CCI_de_Marseille_I_23_Marseille_Exports_1754.csv,Archives de la CCI de Marseille - I 23,6,,,,,Teklia-Jules Oudot,,,0,,,,,,,,,
165,Local,1754,Marseille,,Espagne,Exports,Coton filé,,,163346,,148497,livres,1.1,sources/Local/Archives_de_la_CCI_de_Marseille_I_23_Marseille_Exports_1754.csv,Archives de la CCI de Marseille - I 23,6,,,,,Teklia-Jules Oudot,,,-0.700000000011642,,,,,,,,,
166,Local,1754,Marseille,,Espagne,Exports,Coton en laine,,,425,,850,livres,0.5,sources/Local/Archives_de_la_CCI_de_Marseille_I_23_Marseille_Exports_1754.csv,Archives de la CCI de Marseille - I 23,6,,,,,Teklia-Jules Oudot,,,0,,,,,,,,,
167,Local,1754,Marseille,,Espagne,Exports,Couperose,,,2740,,22835,livres,0.12,sources/Local/Archives_de_la_CCI_de_Marseille_I_23_Marseille_Exports_1754.csv,Archives de la CCI de Marseille - I 23,6,,,,,Teklia-Jules Oudot,,,-0.199999999999818,,,,,,,,,
168,Local,1754,Marseille,,Espagne,Exports,Couteaux,,,400,,200,livres,2,sources/Local/Archives_de_la_CCI_de_Marseille_I_23_Marseille_Exports_1754.csv,Archives de la CCI de Marseille - I 23,6,,,,,Teklia-Jules Oudot,,,0,,,,,,,,,
169,Local,1754,Marseille,,Espagne,Exports,Couverture de laine,,,7922,,3169,livres,2.5,sources/Local/Archives_de_la_CCI_de_Marseille_I_23_Marseille_Exports_1754.csv,Archives de la CCI de Marseille - I 23,6,,,,,Teklia-Jules Oudot,,,-0.5,,,,,,,,,
170,Local,1754,Marseille,,Espagne,Exports,Craye,,,50,,500,livres,0.1,sources/Local/Archives_de_la_CCI_de_Marseille_I_23_Marseille_Exports_1754.csv,Archives de la CCI de Marseille - I 23,6,,,,,Teklia-Jules Oudot,,,0,,,,,,,,,
171,Local,1754,Marseille,,Espagne,Exports,Crème de tartre,,,780,,1735,livres,0.45,sources/Local/Archives_de_la_CCI_de_Marseille_I_23_Marseille_Exports_1754.csv,Archives de la CCI de Marseille - I 23,6,,,,,Teklia-Jules Oudot,,,-0.75,,,,,,,,,
172,Local,1754,Marseille,,Espagne,Exports,Crin,,,729,,1215,livres,0.6,sources/Local/Archives_de_la_CCI_de_Marseille_I_23_Marseille_Exports_1754.csv,Archives de la CCI de Marseille - I 23,6,,,,,Teklia-Jules Oudot,,,0,,,,,,,,,
173,Local,1754,Marseille,,Espagne,Exports,Cristal taillé,,,200,,100,livres,2,sources/Local/Archives_de_la_CCI_de_Marseille_I_23_Marseille_Exports_1754.csv,Archives de la CCI de Marseille - I 23,6,,,,,Teklia-Jules Oudot,,,0,,,,,,,,,
174,Local,1754,Marseille,,Espagne,Exports,Cuirs de bœuf en poil,,,228600,,12700,pièces,18,sources/Local/Archives_de_la_CCI_de_Marseille_I_23_Marseille_Exports_1754.csv,Archives de la CCI de Marseille - I 23,6,,,,,Teklia-Jules Oudot,,,0,,,,,,,,,
175,Local,1754,Marseille,,Espagne,Exports,Cuirs de bœuf en poil,,,73358,,183397,livres,0.4,sources/Local/Archives_de_la_CCI_de_Marseille_I_23_Marseille_Exports_1754.csv,Archives de la CCI de Marseille - I 23,6,,,,,Teklia-Jules Oudot,,,-0.80000000000291,,,,,,,,,
176,Local,1754,Marseille,,Espagne,Exports,Cuirs de bœuf tannés,,,6540,,10900,livres,0.6,sources/Local/Archives_de_la_CCI_de_Marseille_I_23_Marseille_Exports_1754.csv,Archives de la CCI de Marseille - I 23,6,,,,,Teklia-Jules Oudot,,,0,,,,,,,,,
177,Local,1754,Marseille,,Espagne,Exports,Cuivre tangoul,,,9855,,10950,livres,0.9,sources/Local/Archives_de_la_CCI_de_Marseille_I_23_Marseille_Exports_1754.csv,Archives de la CCI de Marseille - I 23,6,,,,,Teklia-Jules Oudot,,,0,,,,,,,,,
178,Local,1754,Marseille,,Espagne,Exports,Cumin,,,1456,,7283,livres,0.2,sources/Local/Archives_de_la_CCI_de_Marseille_I_23_Marseille_Exports_1754.csv,Archives de la CCI de Marseille - I 23,6,,,,,Teklia-Jules Oudot,,,-0.600000000000136,,,,,,,,,
179,Local,1754,Marseille,,Espagne,Exports,Dattes,,,461,,1844,livres,0.25,sources/Local/Archives_de_la_CCI_de_Marseille_I_23_Marseille_Exports_1754.csv,Archives de la CCI de Marseille - I 23,6,,,,,Teklia-Jules Oudot,,,0,,,,,,,,,
180,Local,1754,Marseille,,Espagne,Exports,Dentelles du Puy,,,722800,,14456,livres,50,sources/Local/Archives_de_la_CCI_de_Marseille_I_23_Marseille_Exports_1754.csv,Archives de la CCI de Marseille - I 23,6,,,,,Teklia-Jules Oudot,,,0,,,,,,,,,
181,Local,1754,Marseille,,Espagne,Exports,Dorure fines,,,559000,,5590,livres,100,sources/Local/Archives_de_la_CCI_de_Marseille_I_23_Marseille_Exports_1754.csv,Archives de la CCI de Marseille - I 23,6,,,,,Teklia-Jules Oudot,,,0,,,,,,,,,
182,Local,1754,Marseille,,Espagne,Exports,Douelles,,,750,,150,tonneaux,5,sources/Local/Archives_de_la_CCI_de_Marseille_I_23_Marseille_Exports_1754.csv,Archives de la CCI de Marseille - I 23,6,,,,,Teklia-Jules Oudot,,,0,,,,,,,,,
183,Local,1754,Marseille,,Espagne,Exports,Drap londrin,,,75775,,10825,livres,7,sources/Local/Archives_de_la_CCI_de_Marseille_I_23_Marseille_Exports_1754.csv,Archives de la CCI de Marseille - I 23,6,,,,,Teklia-Jules Oudot,,,0,,,,,,,,,
184,Local,1754,Marseille,,Espagne,Exports,Draperie petite,,,840428,,280141,livres,3,sources/Local/Archives_de_la_CCI_de_Marseille_I_23_Marseille_Exports_1754.csv,Archives de la CCI de Marseille - I 23,6,,,,,Teklia-Jules Oudot,,,5,,,,,,,,,
185,Local,1754,Marseille,,Espagne,Exports,Drogueries,,,57680,,57680,livres,1,sources/Local/Archives_de_la_CCI_de_Marseille_I_23_Marseille_Exports_1754.csv,Archives de la CCI de Marseille - I 23,6,,,,,Teklia-Jules Oudot,,,0,,,,,,,,,
186,Local,1754,Marseille,,Espagne,Exports,Eau forte,,,1471,,1090,livres,1.35,sources/Local/Archives_de_la_CCI_de_Marseille_I_23_Marseille_Exports_1754.csv,Archives de la CCI de Marseille - I 23,6,,,,,Teklia-Jules Oudot,,,-0.5,,,,,,,,,
187,Local,1754,Marseille,,Espagne,Exports,Eau de la Reine d'hongrie,,,4401,,5869,livres,0.75,sources/Local/Archives_de_la_CCI_de_Marseille_I_23_Marseille_Exports_1754.csv,Archives de la CCI de Marseille - I 23,6,,,,,Teklia-Jules Oudot,,,-0.75,,,,,,,,,
188,Local,1754,Marseille,,Espagne,Exports,Eau rose,,,225,,450,livres,0.5,sources/Local/Archives_de_la_CCI_de_Marseille_I_23_Marseille_Exports_1754.csv,Archives de la CCI de Marseille - I 23,7,,,,,Teklia-Jules Oudot,,,0,,,,,,,,,
189,Local,1754,Marseille,,Espagne,Exports,Eau de vie,,,40,,270,livres,0.15,sources/Local/Archives_de_la_CCI_de_Marseille_I_23_Marseille_Exports_1754.csv,Archives de la CCI de Marseille - I 23,7,,,,,Teklia-Jules Oudot,,,-0.5,,,,,,,,,
190,Local,1754,Marseille,,Espagne,Exports,Encens,,,5497,,10994,livres,0.5,sources/Local/Archives_de_la_CCI_de_Marseille_I_23_Marseille_Exports_1754.csv,Archives de la CCI de Marseille - I 23,7,,,,,Teklia-Jules Oudot,,,0,,,,,,,,,
191,Local,1754,Marseille,,Espagne,Exports,Epicerie,,,3160,,316,livres,10,sources/Local/Archives_de_la_CCI_de_Marseille_I_23_Marseille_Exports_1754.csv,Archives de la CCI de Marseille - I 23,7,,,,,Teklia-Jules Oudot,,,0,,,,,,,,,
192,Local,1754,Marseille,,Espagne,Exports,Eponges,,,1399,,1399,livres,1,sources/Local/Archives_de_la_CCI_de_Marseille_I_23_Marseille_Exports_1754.csv,Archives de la CCI de Marseille - I 23,7,,,,,Teklia-Jules Oudot,,,0,,,,,,,,,
193,Local,1754,Marseille,,Espagne,Exports,Escayolle,,,1099,,10994,livres,0.1,sources/Local/Archives_de_la_CCI_de_Marseille_I_23_Marseille_Exports_1754.csv,Archives de la CCI de Marseille - I 23,7,,,,,Teklia-Jules Oudot,,,-0.400000000000091,,,,,,,,,
194,Local,1754,Marseille,,Espagne,Exports,Etain ouvré,,,5589,,3726,livres,1.5,sources/Local/Archives_de_la_CCI_de_Marseille_I_23_Marseille_Exports_1754.csv,Archives de la CCI de Marseille - I 23,7,,,,,Teklia-Jules Oudot,,,0,,,,,,,,,
195,Local,1754,Marseille,,Espagne,Exports,Etoffes de soye,,,858600,,21465,livres,40,sources/Local/Archives_de_la_CCI_de_Marseille_I_23_Marseille_Exports_1754.csv,Archives de la CCI de Marseille - I 23,7,,,,,Teklia-Jules Oudot,,,0,,,,,,,,,
196,Local,1754,Marseille,,Espagne,Exports,Etoupe de soye,,,672,,448,livres,1.5,sources/Local/Archives_de_la_CCI_de_Marseille_I_23_Marseille_Exports_1754.csv,Archives de la CCI de Marseille - I 23,7,,,,,Teklia-Jules Oudot,,,0,,,,,,,,,
197,Local,1754,Marseille,,Espagne,Exports,Farine,,,3040,,30400,livres,0.1,sources/Local/Archives_de_la_CCI_de_Marseille_I_23_Marseille_Exports_1754.csv,Archives de la CCI de Marseille - I 23,7,,,,,Teklia-Jules Oudot,,"Prix très bizarre. Comme l'autre occurrence, je suppose 2 sous (ce qui colle)",0,,,,,,,,,
198,Local,1754,Marseille,,Espagne,Exports,Fayance,,,6214,,12429,livres,0.5,sources/Local/Archives_de_la_CCI_de_Marseille_I_23_Marseille_Exports_1754.csv,Archives de la CCI de Marseille - I 23,7,,,,,Teklia-Jules Oudot,,,-0.5,,,,,,,,,
199,Local,1754,Marseille,,Espagne,Exports,Fer en barre,,,33314,,229753,livres,0.145,sources/Local/Archives_de_la_CCI_de_Marseille_I_23_Marseille_Exports_1754.csv,Archives de la CCI de Marseille - I 23,7,,,,,Teklia-Jules Oudot,,"Erreur de calcul. Comme la note manuscrite, je change la valeur qui était 32165",-0.184999999997672,,,,,,,,,
200,Local,1754,Marseille,,Espagne,Exports,Fer blanc,,,11340,,18900,livres,0.6,sources/Local/Archives_de_la_CCI_de_Marseille_I_23_Marseille_Exports_1754.csv,Archives de la CCI de Marseille - I 23,7,,,,,Teklia-Jules Oudot,,,0,,,,,,,,,
201,Local,1754,Marseille,,Espagne,Exports,Fer en cercle,,,3000,,12000,livres,0.25,sources/Local/Archives_de_la_CCI_de_Marseille_I_23_Marseille_Exports_1754.csv,Archives de la CCI de Marseille - I 23,7,,,,,Teklia-Jules Oudot,,,0,,,,,,,,,
202,Local,1754,Marseille,,Espagne,Exports,Feves,,,23604,,1967,charges,12,sources/Local/Archives_de_la_CCI_de_Marseille_I_23_Marseille_Exports_1754.csv,Archives de la CCI de Marseille - I 23,7,,,,,Teklia-Jules Oudot,,,0,,,,,,,,,
203,Local,1754,Marseille,,Espagne,Exports,Feves,,,410,,8206,livres,0.05,sources/Local/Archives_de_la_CCI_de_Marseille_I_23_Marseille_Exports_1754.csv,Archives de la CCI de Marseille - I 23,7,,,,,Teklia-Jules Oudot,,,-0.300000000000011,,,,,,,,,
204,Local,1754,Marseille,,Espagne,Exports,Ficelle,,,2154,,2872,livres,0.75,sources/Local/Archives_de_la_CCI_de_Marseille_I_23_Marseille_Exports_1754.csv,Archives de la CCI de Marseille - I 23,7,,,,,Teklia-Jules Oudot,,,0,,,,,,,,,
205,Local,1754,Marseille,,Espagne,Exports,Figues,,,16,,166,livres,0.1,sources/Local/Archives_de_la_CCI_de_Marseille_I_23_Marseille_Exports_1754.csv,Archives de la CCI de Marseille - I 23,7,,,,,Teklia-Jules Oudot,,,-0.600000000000001,,,,,,,,,
206,Local,1754,Marseille,,Espagne,Exports,Fil blanc,,,716,,955,livres,0.75,sources/Local/Archives_de_la_CCI_de_Marseille_I_23_Marseille_Exports_1754.csv,Archives de la CCI de Marseille - I 23,7,,,,,Teklia-Jules Oudot,,,-0.25,,,,,,,,,
207,Local,1754,Marseille,,Espagne,Exports,Fil de chevre,,,5976,,1992,livres,3,sources/Local/Archives_de_la_CCI_de_Marseille_I_23_Marseille_Exports_1754.csv,Archives de la CCI de Marseille - I 23,7,,,,,Teklia-Jules Oudot,,,0,,,,,,,,,
208,Local,1754,Marseille,,Espagne,Exports,Fil à coudre,,,2660,,1330,livres,2,sources/Local/Archives_de_la_CCI_de_Marseille_I_23_Marseille_Exports_1754.csv,Archives de la CCI de Marseille - I 23,7,,,,,Teklia-Jules Oudot,,,0,,,,,,,,,
209,Local,1754,Marseille,,Espagne,Exports,Fil de fer,,,77,,155,livres,0.5,sources/Local/Archives_de_la_CCI_de_Marseille_I_23_Marseille_Exports_1754.csv,Archives de la CCI de Marseille - I 23,7,,,,,Teklia-Jules Oudot,,,-0.5,,,,,,,,,
210,Local,1754,Marseille,,Espagne,Exports,Fil de laiton,,,825,,550,livres,1.5,sources/Local/Archives_de_la_CCI_de_Marseille_I_23_Marseille_Exports_1754.csv,Archives de la CCI de Marseille - I 23,7,,,,,Teklia-Jules Oudot,,,0,,,,,,,,,
211,Local,1754,Marseille,,Espagne,Exports,Filets d'esparts,,,28500,,1500,grosses,19,sources/Local/Archives_de_la_CCI_de_Marseille_I_23_Marseille_Exports_1754.csv,Archives de la CCI de Marseille - I 23,7,,,,,Teklia-Jules Oudot,,,0,,,,,,,,,
212,Local,1754,Marseille,,Espagne,Exports,Fleurs artificielles,,,6500,,130,livres,50,sources/Local/Archives_de_la_CCI_de_Marseille_I_23_Marseille_Exports_1754.csv,Archives de la CCI de Marseille - I 23,7,,,,,Teklia-Jules Oudot,,,0,,,,,,,,,
213,Local,1754,Marseille,,Espagne,Exports,Fleurs de violette,,,150,,150,livres,1,sources/Local/Archives_de_la_CCI_de_Marseille_I_23_Marseille_Exports_1754.csv,Archives de la CCI de Marseille - I 23,7,,,,,Teklia-Jules Oudot,,,0,,,,,,,,,
214,Local,1754,Marseille,,Espagne,Exports,Fromage,,,4973,,16577,livres,0.3,sources/Local/Archives_de_la_CCI_de_Marseille_I_23_Marseille_Exports_1754.csv,Archives de la CCI de Marseille - I 23,7,,,,,Teklia-Jules Oudot,,,-0.0999999999994543,,,,,,,,,
215,Local,1754,Marseille,,Espagne,Exports,Gans de chamois,,,1400,,140,livres,10,sources/Local/Archives_de_la_CCI_de_Marseille_I_23_Marseille_Exports_1754.csv,Archives de la CCI de Marseille - I 23,7,,,,,Teklia-Jules Oudot,,,0,,,,,,,,,
216,Local,1754,Marseille,,Espagne,Exports,Gans de soye,,,27000,,900,livres,30,sources/Local/Archives_de_la_CCI_de_Marseille_I_23_Marseille_Exports_1754.csv,Archives de la CCI de Marseille - I 23,7,,,,,Teklia-Jules Oudot,,,0,,,,,,,,,
217,Local,1754,Marseille,,Espagne,Exports,Galles,,,8681,,17362,livres,0.5,sources/Local/Archives_de_la_CCI_de_Marseille_I_23_Marseille_Exports_1754.csv,Archives de la CCI de Marseille - I 23,7,,,,,Teklia-Jules Oudot,,,0,,,,,,,,,
218,Local,1754,Marseille,,Espagne,Exports,Garance,,,1052,,2631,livres,0.4,sources/Local/Archives_de_la_CCI_de_Marseille_I_23_Marseille_Exports_1754.csv,Archives de la CCI de Marseille - I 23,7,,,,,Teklia-Jules Oudot,,,-0.400000000000091,,,,,,,,,
219,Local,1754,Marseille,,Espagne,Exports,Geroffle,,,83616,,5226,livres,16,sources/Local/Archives_de_la_CCI_de_Marseille_I_23_Marseille_Exports_1754.csv,Archives de la CCI de Marseille - I 23,7,,,,,Teklia-Jules Oudot,,,0,,,,,,,,,
220,Local,1754,Marseille,,Espagne,Exports,Gingembre,,,6522,,16305,livres,0.4,sources/Local/Archives_de_la_CCI_de_Marseille_I_23_Marseille_Exports_1754.csv,Archives de la CCI de Marseille - I 23,7,,,,,Teklia-Jules Oudot,,,0,,,,,,,,,
221,Local,1754,Marseille,,Espagne,Exports,Gomme adragan,,,25698,,20559,livres,1.25,sources/Local/Archives_de_la_CCI_de_Marseille_I_23_Marseille_Exports_1754.csv,Archives de la CCI de Marseille - I 23,7,,,,,Teklia-Jules Oudot,,,-0.75,,,,,,,,,
222,Local,1754,Marseille,,Espagne,Exports,Gomme arabique,,,20387,,20387,livres,1,sources/Local/Archives_de_la_CCI_de_Marseille_I_23_Marseille_Exports_1754.csv,Archives de la CCI de Marseille - I 23,7,,,,,Teklia-Jules Oudot,,,0,,,,,,,,,
223,Local,1754,Marseille,,Espagne,Exports,Gomme elemy,,,104,,233,livres,0.45,sources/Local/Archives_de_la_CCI_de_Marseille_I_23_Marseille_Exports_1754.csv,Archives de la CCI de Marseille - I 23,7,,,,,Teklia-Jules Oudot,,,-0.850000000000009,,,,,,,,,
224,Local,1754,Marseille,,Espagne,Exports,Gomme du Senegal,,,5475,,3650,livres,1.5,sources/Local/Archives_de_la_CCI_de_Marseille_I_23_Marseille_Exports_1754.csv,Archives de la CCI de Marseille - I 23,7,,,,,Teklia-Jules Oudot,,,0,,,,,,,,,
225,Local,1754,Marseille,,Espagne,Exports,Gomme turique,,,1080,,1200,livres,0.9,sources/Local/Archives_de_la_CCI_de_Marseille_I_23_Marseille_Exports_1754.csv,Archives de la CCI de Marseille - I 23,7,,,,,Teklia-Jules Oudot,,,0,,,,,,,,,
226,Local,1754,Marseille,,Espagne,Exports,Grabeau de cire,,,10092,,20184,livres,0.5,sources/Local/Archives_de_la_CCI_de_Marseille_I_23_Marseille_Exports_1754.csv,Archives de la CCI de Marseille - I 23,8,,,,,Teklia-Jules Oudot,,,0,,,,,,,,,
227,Local,1754,Marseille,,Espagne,Exports,Grabeau d'encens,,,330,,2200,livres,0.15,sources/Local/Archives_de_la_CCI_de_Marseille_I_23_Marseille_Exports_1754.csv,Archives de la CCI de Marseille - I 23,8,,,,,Teklia-Jules Oudot,,,0,,,,,,,,,
228,Local,1754,Marseille,,Espagne,Exports,Grabeau de sené,,,3688,,5675,livres,0.65,sources/Local/Archives_de_la_CCI_de_Marseille_I_23_Marseille_Exports_1754.csv,Archives de la CCI de Marseille - I 23,8,,,,,Teklia-Jules Oudot,,,-0.75,,,,,,,,,
229,Local,1754,Marseille,,Espagne,Exports,Graine d'avignon,,,100,,400,livres,0.25,sources/Local/Archives_de_la_CCI_de_Marseille_I_23_Marseille_Exports_1754.csv,Archives de la CCI de Marseille - I 23,8,,,,,Teklia-Jules Oudot,,,0,,,,,,,,,
230,Local,1754,Marseille,,Espagne,Exports,Harangs sors,,,6360,,265,barils,24,sources/Local/Archives_de_la_CCI_de_Marseille_I_23_Marseille_Exports_1754.csv,Archives de la CCI de Marseille - I 23,8,,,,,Teklia-Jules Oudot,,,0,,,,,,,,,
231,Local,1754,Marseille,,Espagne,Exports,Herbe d'orseille,,,179,,448,livres,0.4,sources/Local/Archives_de_la_CCI_de_Marseille_I_23_Marseille_Exports_1754.csv,Archives de la CCI de Marseille - I 23,8,,,,,Teklia-Jules Oudot,,,-0.200000000000017,,,,,,,,,
232,Local,1754,Marseille,,Espagne,Exports,Horlogerie,,,10000,,250,livres,40,sources/Local/Archives_de_la_CCI_de_Marseille_I_23_Marseille_Exports_1754.csv,Archives de la CCI de Marseille - I 23,8,,,,,Teklia-Jules Oudot,,,0,,,,,,,,,
233,Local,1754,Marseille,,Espagne,Exports,Huile de lin,,,201,,670,livres,0.3,sources/Local/Archives_de_la_CCI_de_Marseille_I_23_Marseille_Exports_1754.csv,Archives de la CCI de Marseille - I 23,8,,,,,Teklia-Jules Oudot,,,0,,,,,,,,,
234,Local,1754,Marseille,,Espagne,Exports,Huile de noix,,,233,,584,livres,0.4,sources/Local/Archives_de_la_CCI_de_Marseille_I_23_Marseille_Exports_1754.csv,Archives de la CCI de Marseille - I 23,8,,,,,Teklia-Jules Oudot,,,-0.600000000000023,,,,,,,,,
235,Local,1754,Marseille,,Espagne,Exports,Huile d'olive,,,6702,,16757,livres,0.4,sources/Local/Archives_de_la_CCI_de_Marseille_I_23_Marseille_Exports_1754.csv,Archives de la CCI de Marseille - I 23,8,,,,,Teklia-Jules Oudot,,,-0.800000000000182,,,,,,,,,
236,Local,1754,Marseille,,Espagne,Exports,Huile de Poisson,,,180,,600,livres,0.3,sources/Local/Archives_de_la_CCI_de_Marseille_I_23_Marseille_Exports_1754.csv,Archives de la CCI de Marseille - I 23,8,,,,,Teklia-Jules Oudot,,,0,,,,,,,,,
237,Local,1754,Marseille,,Espagne,Exports,Jalap,,,750,,300,livres,2.5,sources/Local/Archives_de_la_CCI_de_Marseille_I_23_Marseille_Exports_1754.csv,Archives de la CCI de Marseille - I 23,8,,,,,Teklia-Jules Oudot,,,0,,,,,,,,,
238,Local,1754,Marseille,,Espagne,Exports,Jambon,,,75,,150,livres,0.5,sources/Local/Archives_de_la_CCI_de_Marseille_I_23_Marseille_Exports_1754.csv,Archives de la CCI de Marseille - I 23,8,,,,,Teklia-Jules Oudot,,,0,,,,,,,,,
239,Local,1754,Marseille,,Espagne,Exports,Jaye,,,8335,,1667,livres,5,sources/Local/Archives_de_la_CCI_de_Marseille_I_23_Marseille_Exports_1754.csv,Archives de la CCI de Marseille - I 23,8,,,,,Teklia-Jules Oudot,,,0,,,,,,,,,
240,Local,1754,Marseille,,Espagne,Exports,Indienne,,,24624,,2052,pièces,12,sources/Local/Archives_de_la_CCI_de_Marseille_I_23_Marseille_Exports_1754.csv,Archives de la CCI de Marseille - I 23,8,,,,,Teklia-Jules Oudot,,,0,,,,,,,,,
241,Local,1754,Marseille,,Espagne,Exports,Indigo,,,9696,,1616,livres,6,sources/Local/Archives_de_la_CCI_de_Marseille_I_23_Marseille_Exports_1754.csv,Archives de la CCI de Marseille - I 23,8,,,,,Teklia-Jules Oudot,,,0,,,,,,,,,
242,Local,1754,Marseille,,Espagne,Exports,Lacque platte,,,100,,100,livres,1,sources/Local/Archives_de_la_CCI_de_Marseille_I_23_Marseille_Exports_1754.csv,Archives de la CCI de Marseille - I 23,8,,,,,Teklia-Jules Oudot,,,0,,,,,,,,,
243,Local,1754,Marseille,,Espagne,Exports,Laine de chevaux,,,31347,,10449,livres,3,sources/Local/Archives_de_la_CCI_de_Marseille_I_23_Marseille_Exports_1754.csv,Archives de la CCI de Marseille - I 23,8,,,,,Teklia-Jules Oudot,,,0,,,,,,,,,
244,Local,1754,Marseille,,Espagne,Exports,Laine lavée,,,10494,,9540,livres,1.1,sources/Local/Archives_de_la_CCI_de_Marseille_I_23_Marseille_Exports_1754.csv,Archives de la CCI de Marseille - I 23,8,,,,,Teklia-Jules Oudot,,,0,,,,,,,,,
245,Local,1754,Marseille,,Espagne,Exports,Laine de segovie,,,512,,320,livres,1.6,sources/Local/Archives_de_la_CCI_de_Marseille_I_23_Marseille_Exports_1754.csv,Archives de la CCI de Marseille - I 23,8,,,,,Teklia-Jules Oudot,,,0,,,,,,,,,
246,Local,1754,Marseille,,Espagne,Exports,Laine surge,,,8244,,20611,livres,0.4,sources/Local/Archives_de_la_CCI_de_Marseille_I_23_Marseille_Exports_1754.csv,Archives de la CCI de Marseille - I 23,8,,,,,Teklia-Jules Oudot,,,-0.399999999999636,,,,,,,,,
247,Local,1754,Marseille,,Espagne,Exports,Langues salées,,,180,,300,livres,0.6,sources/Local/Archives_de_la_CCI_de_Marseille_I_23_Marseille_Exports_1754.csv,Archives de la CCI de Marseille - I 23,8,,,,,Teklia-Jules Oudot,,,0,,,,,,,,,
248,Local,1754,Marseille,,Espagne,Exports,Lard,,,872,,2909,livres,0.3,sources/Local/Archives_de_la_CCI_de_Marseille_I_23_Marseille_Exports_1754.csv,Archives de la CCI de Marseille - I 23,8,,,,,Teklia-Jules Oudot,,,-0.699999999999932,,,,,,,,,
249,Local,1754,Marseille,,Espagne,Exports,Legumes,,,24288.15,,161921,livres,0.15,sources/Local/Archives_de_la_CCI_de_Marseille_I_23_Marseille_Exports_1754.csv,Archives de la CCI de Marseille - I 23,8,,,,,Teklia-Jules Oudot,,"Le prix (3 sous) est bon. La quantité (1 619 210 livres poids) est trop forte. Je divise par 10 la quantité, puis je change la valeur, qui était 152 881.",0,,,,,,,,,
250,Local,1754,Marseille,,Espagne,Exports,Librairie,,,163930,,81965,livres,2,sources/Local/Archives_de_la_CCI_de_Marseille_I_23_Marseille_Exports_1754.csv,Archives de la CCI de Marseille - I 23,8,,,,,Teklia-Jules Oudot,,,0,,,,,,,,,
251,Local,1754,Marseille,,Espagne,Exports,Lin Peigné,,,892,,1190,livres,0.75,sources/Local/Archives_de_la_CCI_de_Marseille_I_23_Marseille_Exports_1754.csv,Archives de la CCI de Marseille - I 23,8,,,,,Teklia-Jules Oudot,,,-0.5,,,,,,,,,
252,Local,1754,Marseille,,Espagne,Exports,Liqueurs,,,36786,,49049,livres,0.75,sources/Local/Archives_de_la_CCI_de_Marseille_I_23_Marseille_Exports_1754.csv,Archives de la CCI de Marseille - I 23,8,,,,,Teklia-Jules Oudot,,,-0.75,,,,,,,,,
253,Local,1754,Marseille,,Espagne,Exports,Litharge,,,52,,290,livres,0.18,sources/Local/Archives_de_la_CCI_de_Marseille_I_23_Marseille_Exports_1754.csv,Archives de la CCI de Marseille - I 23,8,,,,,Teklia-Jules Oudot,,,-0.199999999999996,,,,,,,,,
254,Local,1754,Marseille,,Espagne,Exports,Lustre de venise,,,90315,,60210,livres,1.5,sources/Local/Archives_de_la_CCI_de_Marseille_I_23_Marseille_Exports_1754.csv,Archives de la CCI de Marseille - I 23,8,,,,,Teklia-Jules Oudot,,,0,,,,,,,,,
255,Local,1754,Marseille,,Espagne,Exports,Manne,,,1922,,1538,livres,1.25,sources/Local/Archives_de_la_CCI_de_Marseille_I_23_Marseille_Exports_1754.csv,Archives de la CCI de Marseille - I 23,8,,,,,Teklia-Jules Oudot,,,-0.5,,,,,,,,,
256,Local,1754,Marseille,,Espagne,Exports,Mastic,,,249,,83,livres,3,sources/Local/Archives_de_la_CCI_de_Marseille_I_23_Marseille_Exports_1754.csv,Archives de la CCI de Marseille - I 23,8,,,,,Teklia-Jules Oudot,,,0,,,,,,,,,
257,Local,1754,Marseille,,Espagne,Exports,Merceries,,,535983,,153138,livres,3.5,sources/Local/Archives_de_la_CCI_de_Marseille_I_23_Marseille_Exports_1754.csv,Archives de la CCI de Marseille - I 23,8,,,,,Teklia-Jules Oudot,,,0,,,,,,,,,
258,Local,1754,Marseille,,Espagne,Exports,Miel,,,2853,,19025,livres,0.15,sources/Local/Archives_de_la_CCI_de_Marseille_I_23_Marseille_Exports_1754.csv,Archives de la CCI de Marseille - I 23,8,,,,,Teklia-Jules Oudot,,,-0.75,,,,,,,,,
259,Local,1754,Marseille,,Espagne,Exports,Millet gris,,,1590,,265,charges,6,sources/Local/Archives_de_la_CCI_de_Marseille_I_23_Marseille_Exports_1754.csv,Archives de la CCI de Marseille - I 23,8,,,,,Teklia-Jules Oudot,,,0,,,,,,,,,
260,Local,1754,Marseille,,Espagne,Exports,Mirobolan,,,48,,120,livres,0.4,sources/Local/Archives_de_la_CCI_de_Marseille_I_23_Marseille_Exports_1754.csv,Archives de la CCI de Marseille - I 23,8,,,,,Teklia-Jules Oudot,,,0,,,,,,,,,
261,Local,1754,Marseille,,Espagne,Exports,Miroirs,,,36000,,1800,livres,20,sources/Local/Archives_de_la_CCI_de_Marseille_I_23_Marseille_Exports_1754.csv,Archives de la CCI de Marseille - I 23,9,,,,,Teklia-Jules Oudot,,,0,,,,,,,,,
262,Local,1754,Marseille,,Espagne,Exports,Morues seches,,,105479,,703198,livres,0.15,sources/Local/Archives_de_la_CCI_de_Marseille_I_23_Marseille_Exports_1754.csv,Archives de la CCI de Marseille - I 23,9,,,,,Teklia-Jules Oudot,,,-0.69999999999709,,,,,,,,,
263,Local,1754,Marseille,,Espagne,Exports,Morues vertes,,,600,,3000,livres,0.2,sources/Local/Archives_de_la_CCI_de_Marseille_I_23_Marseille_Exports_1754.csv,Archives de la CCI de Marseille - I 23,9,,,,,Teklia-Jules Oudot,,,0,,,,,,,,,
264,Local,1754,Marseille,,Espagne,Exports,Mouchoirs de coton,,,4792,,599,pièces,8,sources/Local/Archives_de_la_CCI_de_Marseille_I_23_Marseille_Exports_1754.csv,Archives de la CCI de Marseille - I 23,9,,,,,Teklia-Jules Oudot,,,0,,,,,,,,,
265,Local,1754,Marseille,,Espagne,Exports,Mouchoirs de soye,,,840,,30,douzaines,28,sources/Local/Archives_de_la_CCI_de_Marseille_I_23_Marseille_Exports_1754.csv,Archives de la CCI de Marseille - I 23,9,,,,,Teklia-Jules Oudot,,,0,,,,,,,,,
266,Local,1754,Marseille,,Espagne,Exports,Mousseline,,,3850,,50,pièces,77,sources/Local/Archives_de_la_CCI_de_Marseille_I_23_Marseille_Exports_1754.csv,Archives de la CCI de Marseille - I 23,9,,,,,Teklia-Jules Oudot,,,0,,,,,,,,,
267,Local,1754,Marseille,,Espagne,Exports,Mousseline,,,50190,,1673,livres,30,sources/Local/Archives_de_la_CCI_de_Marseille_I_23_Marseille_Exports_1754.csv,Archives de la CCI de Marseille - I 23,9,,,,,Teklia-Jules Oudot,,,0,,,,,,,,,
268,Local,1754,Marseille,,Espagne,Exports,Muscades,,,1635,,218,livres,7.5,sources/Local/Archives_de_la_CCI_de_Marseille_I_23_Marseille_Exports_1754.csv,Archives de la CCI de Marseille - I 23,9,,,,,Teklia-Jules Oudot,,,0,,,,,,,,,
269,Local,1754,Marseille,,Espagne,Exports,Nattes,,,324,,18,douzaines,18,sources/Local/Archives_de_la_CCI_de_Marseille_I_23_Marseille_Exports_1754.csv,Archives de la CCI de Marseille - I 23,9,,,,,Teklia-Jules Oudot,,,0,,,,,,,,,
270,Local,1754,Marseille,,Espagne,Exports,Noir de fumée,,,120,,200,livres,0.6,sources/Local/Archives_de_la_CCI_de_Marseille_I_23_Marseille_Exports_1754.csv,Archives de la CCI de Marseille - I 23,9,,,,,Teklia-Jules Oudot,,,0,,,,,,,,,
271,Local,1754,Marseille,,Espagne,Exports,Noisettes,,,630,,6300,livres,0.1,sources/Local/Archives_de_la_CCI_de_Marseille_I_23_Marseille_Exports_1754.csv,Archives de la CCI de Marseille - I 23,9,,,,,Teklia-Jules Oudot,,,0,,,,,,,,,
272,Local,1754,Marseille,,Espagne,Exports,Olives,,,157,,1050,livres,0.15,sources/Local/Archives_de_la_CCI_de_Marseille_I_23_Marseille_Exports_1754.csv,Archives de la CCI de Marseille - I 23,9,,,,,Teklia-Jules Oudot,,,-0.5,,,,,,,,,
273,Local,1754,Marseille,,Espagne,Exports,Orge,,,56304,,4692,charges,12,sources/Local/Archives_de_la_CCI_de_Marseille_I_23_Marseille_Exports_1754.csv,Archives de la CCI de Marseille - I 23,9,,,,,Teklia-Jules Oudot,,,0,,,,,,,,,
274,Local,1754,Marseille,,Espagne,Exports,Orpiment,,,1000,,3335,livres,0.3,sources/Local/Archives_de_la_CCI_de_Marseille_I_23_Marseille_Exports_1754.csv,Archives de la CCI de Marseille - I 23,9,,,,,Teklia-Jules Oudot,,,-0.5,,,,,,,,,
275,Local,1754,Marseille,,Espagne,Exports,Papier,,,10754,,1792,rames,6,sources/Local/Archives_de_la_CCI_de_Marseille_I_23_Marseille_Exports_1754.csv,Archives de la CCI de Marseille - I 23,9,,,,,Teklia-Jules Oudot,,,2,,,,,,,,,
276,Local,1754,Marseille,,Espagne,Exports,Parchemin,,,6594,,2198,livres,3,sources/Local/Archives_de_la_CCI_de_Marseille_I_23_Marseille_Exports_1754.csv,Archives de la CCI de Marseille - I 23,9,,,,,Teklia-Jules Oudot,,,0,,,,,,,,,
277,Local,1754,Marseille,,Espagne,Exports,Peaux de chamois,,,960,,12,douzaines,80,sources/Local/Archives_de_la_CCI_de_Marseille_I_23_Marseille_Exports_1754.csv,Archives de la CCI de Marseille - I 23,9,,,,,Teklia-Jules Oudot,,,0,,,,,,,,,
278,Local,1754,Marseille,,Espagne,Exports,Peaux de chevrons,,,12190,,9752,livres,1.25,sources/Local/Archives_de_la_CCI_de_Marseille_I_23_Marseille_Exports_1754.csv,Archives de la CCI de Marseille - I 23,9,,,,,Teklia-Jules Oudot,,,0,,,,,,,,,
279,Local,1754,Marseille,,Espagne,Exports,Peaux de chevres,,,3500,,1750,livres,2,sources/Local/Archives_de_la_CCI_de_Marseille_I_23_Marseille_Exports_1754.csv,Archives de la CCI de Marseille - I 23,9,,,,,Teklia-Jules Oudot,,,0,,,,,,,,,
280,Local,1754,Marseille,,Espagne,Exports,Peaux de marroquins,,,2775,,1850,livres,1.5,sources/Local/Archives_de_la_CCI_de_Marseille_I_23_Marseille_Exports_1754.csv,Archives de la CCI de Marseille - I 23,9,,,,,Teklia-Jules Oudot,,,0,,,,,,,,,
281,Local,1754,Marseille,,Espagne,Exports,Peaux de moutons passés,,,2694,,2694,livres,1,sources/Local/Archives_de_la_CCI_de_Marseille_I_23_Marseille_Exports_1754.csv,Archives de la CCI de Marseille - I 23,9,,,,,Teklia-Jules Oudot,,,0,,,,,,,,,
282,Local,1754,Marseille,,Espagne,Exports,Peaux de veaux tannés,,,15475,,12380,livres,1.25,sources/Local/Archives_de_la_CCI_de_Marseille_I_23_Marseille_Exports_1754.csv,Archives de la CCI de Marseille - I 23,9,,,,,Teklia-Jules Oudot,,,0,,,,,,,,,
283,Local,1754,Marseille,,Espagne,Exports,Peignes de Buys,,,19524,,13016,livres,1.5,sources/Local/Archives_de_la_CCI_de_Marseille_I_23_Marseille_Exports_1754.csv,Archives de la CCI de Marseille - I 23,9,,,,,Teklia-Jules Oudot,,,0,,,,,,,,,
284,Local,1754,Marseille,,Espagne,Exports,Pipes à fumer,,,120,,40,grosses,3,sources/Local/Archives_de_la_CCI_de_Marseille_I_23_Marseille_Exports_1754.csv,Archives de la CCI de Marseille - I 23,9,,,,,Teklia-Jules Oudot,,,0,,,,,,,,,
285,Local,1754,Marseille,,Espagne,Exports,Pierre a fusil,,,205,,2050,livres,0.1,sources/Local/Archives_de_la_CCI_de_Marseille_I_23_Marseille_Exports_1754.csv,Archives de la CCI de Marseille - I 23,9,,,,,Teklia-Jules Oudot,,,0,,,,,,,,,
286,Local,1754,Marseille,,Espagne,Exports,Pierre ponce,,,220,,4407,livres,0.05,sources/Local/Archives_de_la_CCI_de_Marseille_I_23_Marseille_Exports_1754.csv,Archives de la CCI de Marseille - I 23,9,,,,,Teklia-Jules Oudot,,,-0.350000000000023,,,,,,,,,
287,Local,1754,Marseille,,Espagne,Exports,Pierre à rasoir,,,200,,200,livres,1,sources/Local/Archives_de_la_CCI_de_Marseille_I_23_Marseille_Exports_1754.csv,Archives de la CCI de Marseille - I 23,9,,,,,Teklia-Jules Oudot,,,0,,,,,,,,,
288,Local,1754,Marseille,,Espagne,Exports,Pistaches,,,228,,228,livres,1,sources/Local/Archives_de_la_CCI_de_Marseille_I_23_Marseille_Exports_1754.csv,Archives de la CCI de Marseille - I 23,9,,,,,Teklia-Jules Oudot,,,0,,,,,,,,,
289,Local,1754,Marseille,,Espagne,Exports,Planches de sapin,,,30,,30,pièces,1,sources/Local/Archives_de_la_CCI_de_Marseille_I_23_Marseille_Exports_1754.csv,Archives de la CCI de Marseille - I 23,9,,,,,Teklia-Jules Oudot,,,0,,,,,,,,,
290,Local,1754,Marseille,,Espagne,Exports,Plomb en grenaille,,,2094,,8376,livres,0.25,sources/Local/Archives_de_la_CCI_de_Marseille_I_23_Marseille_Exports_1754.csv,Archives de la CCI de Marseille - I 23,9,,,,,Teklia-Jules Oudot,,,0,,,,,,,,,
291,Local,1754,Marseille,,Espagne,Exports,Plomb en saumon,,,134,,598,livres,0.225,sources/Local/Archives_de_la_CCI_de_Marseille_I_23_Marseille_Exports_1754.csv,Archives de la CCI de Marseille - I 23,9,,,,,Teklia-Jules Oudot,,,-0.550000000000011,,,,,,,,,
292,Local,1754,Marseille,,Espagne,Exports,Poil de chevre,,,4728,,1182,livres,4,sources/Local/Archives_de_la_CCI_de_Marseille_I_23_Marseille_Exports_1754.csv,Archives de la CCI de Marseille - I 23,9,,,,,Teklia-Jules Oudot,,,0,,,,,,,,,
293,Local,1754,Marseille,,Espagne,Exports,Poisson salé,,,1135,,4542,livres,0.25,sources/Local/Archives_de_la_CCI_de_Marseille_I_23_Marseille_Exports_1754.csv,Archives de la CCI de Marseille - I 23,9,,,,,Teklia-Jules Oudot,,,-0.5,,,,,,,,,
294,Local,1754,Marseille,,Espagne,Exports,Poivre,,,65081,,59165,livres,1.1,sources/Local/Archives_de_la_CCI_de_Marseille_I_23_Marseille_Exports_1754.csv,Archives de la CCI de Marseille - I 23,9,,,,,Teklia-Jules Oudot,,,-0.500000000007276,,,,,,,,,
295,Local,1754,Marseille,,Espagne,Exports,Pomade,,,540,,360,livres,1.5,sources/Local/Archives_de_la_CCI_de_Marseille_I_23_Marseille_Exports_1754.csv,Archives de la CCI de Marseille - I 23,9,,,,,Teklia-Jules Oudot,,,0,,,,,,,,,
296,Local,1754,Marseille,,Espagne,Exports,Poussière de tartre,,,173,,1732,livres,0.1,sources/Local/Archives_de_la_CCI_de_Marseille_I_23_Marseille_Exports_1754.csv,Archives de la CCI de Marseille - I 23,10,,,,,Teklia-Jules Oudot,,,-0.200000000000017,,,,,,,,,
297,Local,1754,Marseille,,Espagne,Exports,Poutargue,,,125,,50,livres,2.5,sources/Local/Archives_de_la_CCI_de_Marseille_I_23_Marseille_Exports_1754.csv,Archives de la CCI de Marseille - I 23,10,,,,,Teklia-Jules Oudot,,,0,,,,,,,,,
298,Local,1754,Marseille,,Espagne,Exports,Pruneaux,,,5064,,25321,livres,0.2,sources/Local/Archives_de_la_CCI_de_Marseille_I_23_Marseille_Exports_1754.csv,Archives de la CCI de Marseille - I 23,10,,,,,Teklia-Jules Oudot,,,-0.200000000000728,,,,,,,,,
299,Local,1754,Marseille,,Espagne,Exports,Quincaillerie,,,100565,,100565,livres,1,sources/Local/Archives_de_la_CCI_de_Marseille_I_23_Marseille_Exports_1754.csv,Archives de la CCI de Marseille - I 23,10,,,,,Teklia-Jules Oudot,,,0,,,,,,,,,
300,Local,1754,Marseille,,Espagne,Exports,Raisins secs,,,107,,537,livres,0.2,sources/Local/Archives_de_la_CCI_de_Marseille_I_23_Marseille_Exports_1754.csv,Archives de la CCI de Marseille - I 23,10,,,,,Teklia-Jules Oudot,,,-0.400000000000006,,,,,,,,,
301,Local,1754,Marseille,,Espagne,Exports,Rhubarbe,,,6615,,441,livres,15,sources/Local/Archives_de_la_CCI_de_Marseille_I_23_Marseille_Exports_1754.csv,Archives de la CCI de Marseille - I 23,10,,,,,Teklia-Jules Oudot,,,0,,,,,,,,,
302,Local,1754,Marseille,,Espagne,Exports,Ris,,,308449,,2570413,livres,0.12,sources/Local/Archives_de_la_CCI_de_Marseille_I_23_Marseille_Exports_1754.csv,Archives de la CCI de Marseille - I 23,10,,,,,Teklia-Jules Oudot,,,-0.559999999997672,,,,,,,,,
303,Local,1754,Marseille,,Espagne,Exports,Rocaille,,,300,,300,livres,1,sources/Local/Archives_de_la_CCI_de_Marseille_I_23_Marseille_Exports_1754.csv,Archives de la CCI de Marseille - I 23,10,,,,,Teklia-Jules Oudot,,,0,,,,,,,,,
304,Local,1754,Marseille,,Espagne,Exports,Rocou,,,8180,,8180,livres,1,sources/Local/Archives_de_la_CCI_de_Marseille_I_23_Marseille_Exports_1754.csv,Archives de la CCI de Marseille - I 23,10,,,,,Teklia-Jules Oudot,,,0,,,,,,,,,
305,Local,1754,Marseille,,Espagne,Exports,Rubans de soye,,,526560,,8776,livres,60,sources/Local/Archives_de_la_CCI_de_Marseille_I_23_Marseille_Exports_1754.csv,Archives de la CCI de Marseille - I 23,10,,,,,Teklia-Jules Oudot,,,0,,,,,,,,,
306,Local,1754,Marseille,,Espagne,Exports,Saffranon,,,20384,,31360,livres,0.65,sources/Local/Archives_de_la_CCI_de_Marseille_I_23_Marseille_Exports_1754.csv,Archives de la CCI de Marseille - I 23,10,,,,,Teklia-Jules Oudot,,,0,,,,,,,,,
307,Local,1754,Marseille,,Espagne,Exports,Salsepareille,,,8400,,4200,livres,2,sources/Local/Archives_de_la_CCI_de_Marseille_I_23_Marseille_Exports_1754.csv,Archives de la CCI de Marseille - I 23,10,,,,,Teklia-Jules Oudot,,,0,,,,,,,,,
308,Local,1754,Marseille,,Espagne,Exports,Saucisson,,,2180,,1744,livres,1.25,sources/Local/Archives_de_la_CCI_de_Marseille_I_23_Marseille_Exports_1754.csv,Archives de la CCI de Marseille - I 23,10,,,,,Teklia-Jules Oudot,,,0,,,,,,,,,
309,Local,1754,Marseille,,Espagne,Exports,Savon,,,1670,,5568,livres,0.3,sources/Local/Archives_de_la_CCI_de_Marseille_I_23_Marseille_Exports_1754.csv,Archives de la CCI de Marseille - I 23,10,,,,,Teklia-Jules Oudot,,,-0.399999999999864,,,,,,,,,
310,Local,1754,Marseille,,Espagne,Exports,Savonettes,,,96,,160,livres,0.6,sources/Local/Archives_de_la_CCI_de_Marseille_I_23_Marseille_Exports_1754.csv,Archives de la CCI de Marseille - I 23,10,,,,,Teklia-Jules Oudot,,,0,,,,,,,,,
311,Local,1754,Marseille,,Espagne,Exports,Scamonée,,,8640,,720,livres,12,sources/Local/Archives_de_la_CCI_de_Marseille_I_23_Marseille_Exports_1754.csv,Archives de la CCI de Marseille - I 23,10,,,,,Teklia-Jules Oudot,,,0,,,,,,,,,
312,Local,1754,Marseille,,Espagne,Exports,Sel de saturne,,,915,,610,livres,1.5,sources/Local/Archives_de_la_CCI_de_Marseille_I_23_Marseille_Exports_1754.csv,Archives de la CCI de Marseille - I 23,10,,,,,Teklia-Jules Oudot,,,0,,,,,,,,,
313,Local,1754,Marseille,,Espagne,Exports,Sel d'ipsum,,,60,,400,livres,0.15,sources/Local/Archives_de_la_CCI_de_Marseille_I_23_Marseille_Exports_1754.csv,Archives de la CCI de Marseille - I 23,10,,,,,Teklia-Jules Oudot,,,0,,,,,,,,,
314,Local,1754,Marseille,,Espagne,Exports,Sené,,,10281,,6854,livres,1.5,sources/Local/Archives_de_la_CCI_de_Marseille_I_23_Marseille_Exports_1754.csv,Archives de la CCI de Marseille - I 23,10,,,,,Teklia-Jules Oudot,,,0,,,,,,,,,
315,Local,1754,Marseille,,Espagne,Exports,Sirop de Capilaire,,,7800,,7800,livres,1,sources/Local/Archives_de_la_CCI_de_Marseille_I_23_Marseille_Exports_1754.csv,Archives de la CCI de Marseille - I 23,10,,,,,Teklia-Jules Oudot,,,0,,,,,,,,,
316,Local,1754,Marseille,,Espagne,Exports,Souffre,,,14324,,95495,livres,0.15,sources/Local/Archives_de_la_CCI_de_Marseille_I_23_Marseille_Exports_1754.csv,Archives de la CCI de Marseille - I 23,10,,,,,Teklia-Jules Oudot,,,-0.25,,,,,,,,,
317,Local,1754,Marseille,,Espagne,Exports,Soufliers,,,980,,280,paires,3.5,sources/Local/Archives_de_la_CCI_de_Marseille_I_23_Marseille_Exports_1754.csv,Archives de la CCI de Marseille - I 23,10,,,,,Teklia-Jules Oudot,,,0,,,,,,,,,
318,Local,1754,Marseille,,Espagne,Exports,Spermacety,,,2000,,500,livres,4,sources/Local/Archives_de_la_CCI_de_Marseille_I_23_Marseille_Exports_1754.csv,Archives de la CCI de Marseille - I 23,10,,,,,Teklia-Jules Oudot,,,0,,,,,,,,,
319,Local,1754,Marseille,,Espagne,Exports,Storax,,,1060,,106,livres,10,sources/Local/Archives_de_la_CCI_de_Marseille_I_23_Marseille_Exports_1754.csv,Archives de la CCI de Marseille - I 23,10,,,,,Teklia-Jules Oudot,,,0,,,,,,,,,
320,Local,1754,Marseille,,Espagne,Exports,Sucre blanc,,,1828563,,4063475,livres,0.45,sources/Local/Archives_de_la_CCI_de_Marseille_I_23_Marseille_Exports_1754.csv,Archives de la CCI de Marseille - I 23,10,,,,,Teklia-Jules Oudot,,,-0.75,,,,,,,,,
321,Local,1754,Marseille,,Espagne,Exports,Sucre brut,,,8628,,24654,livres,0.35,sources/Local/Archives_de_la_CCI_de_Marseille_I_23_Marseille_Exports_1754.csv,Archives de la CCI de Marseille - I 23,10,,,,,Teklia-Jules Oudot,,,-0.899999999999636,,,,,,,,,
322,Local,1754,Marseille,,Espagne,Exports,Sucre Candy,,,1204,,1204,livres,1,sources/Local/Archives_de_la_CCI_de_Marseille_I_23_Marseille_Exports_1754.csv,Archives de la CCI de Marseille - I 23,10,,,,,Teklia-Jules Oudot,,,0,,,,,,,,,
323,Local,1754,Marseille,,Espagne,Exports,Sucre rafiné,,,9352,,15587,livres,0.6,sources/Local/Archives_de_la_CCI_de_Marseille_I_23_Marseille_Exports_1754.csv,Archives de la CCI de Marseille - I 23,10,,,,,Teklia-Jules Oudot,,,-0.199999999998909,,,,,,,,,
324,Local,1754,Marseille,,Espagne,Exports,Suif,,,11078,,36929,livres,0.3,sources/Local/Archives_de_la_CCI_de_Marseille_I_23_Marseille_Exports_1754.csv,Archives de la CCI de Marseille - I 23,10,,,,,Teklia-Jules Oudot,,,-0.699999999998909,,,,,,,,,
325,Local,1754,Marseille,,Espagne,Exports,Sumac,,,2452,,35041,livres,0.07,sources/Local/Archives_de_la_CCI_de_Marseille_I_23_Marseille_Exports_1754.csv,Archives de la CCI de Marseille - I 23,10,,,,,Teklia-Jules Oudot,,,-0.870000000000346,,,,,,,,,
326,Local,1754,Marseille,,Espagne,Exports,Tabac ouvré,,,728,,280,livres,2.6,sources/Local/Archives_de_la_CCI_de_Marseille_I_23_Marseille_Exports_1754.csv,Archives de la CCI de Marseille - I 23,10,,,,,Teklia-Jules Oudot,,,0,,,,,,,,,
327,Local,1754,Marseille,,Espagne,Exports,Tabatière d'olivier,,,300,,120,douzaines,2.5,sources/Local/Archives_de_la_CCI_de_Marseille_I_23_Marseille_Exports_1754.csv,Archives de la CCI de Marseille - I 23,10,,,,,Teklia-Jules Oudot,,,0,,,,,,,,,
328,Local,1754,Marseille,,Espagne,Exports,Tamarin,,,126,,210,livres,0.6,sources/Local/Archives_de_la_CCI_de_Marseille_I_23_Marseille_Exports_1754.csv,Archives de la CCI de Marseille - I 23,10,,,,,Teklia-Jules Oudot,,,0,,,,,,,,,
329,Local,1754,Marseille,,Espagne,Exports,Tapis de laine,,,4080,,680,pièces,6,sources/Local/Archives_de_la_CCI_de_Marseille_I_23_Marseille_Exports_1754.csv,Archives de la CCI de Marseille - I 23,10,,,,,Teklia-Jules Oudot,,,0,,,,,,,,,
330,Local,1754,Marseille,,Espagne,Exports,Tartre,,,581,,2422,livres,0.24,sources/Local/Archives_de_la_CCI_de_Marseille_I_23_Marseille_Exports_1754.csv,Archives de la CCI de Marseille - I 23,11,,,,,Teklia-Jules Oudot,,,-0.279999999999973,,,,,,,,,
331,Local,1754,Marseille,,Espagne,Exports,Terraille,,,606,,8665,livres,0.07,sources/Local/Archives_de_la_CCI_de_Marseille_I_23_Marseille_Exports_1754.csv,Archives de la CCI de Marseille - I 23,11,,,,,Teklia-Jules Oudot,,,-0.550000000000068,,,,,,,,,
332,Local,1754,Marseille,,Espagne,Exports,Terre d'ombre,,,37,,370,livres,0.1,sources/Local/Archives_de_la_CCI_de_Marseille_I_23_Marseille_Exports_1754.csv,Archives de la CCI de Marseille - I 23,11,,,,,Teklia-Jules Oudot,,,0,,,,,,,,,
333,Local,1754,Marseille,,Espagne,Exports,Thé,,,17500,,5000,livres,3.5,sources/Local/Archives_de_la_CCI_de_Marseille_I_23_Marseille_Exports_1754.csv,Archives de la CCI de Marseille - I 23,11,,,,,Teklia-Jules Oudot,,,0,,,,,,,,,
334,Local,1754,Marseille,,Espagne,Exports,Thérebantine,,,99,,331,livres,0.3,sources/Local/Archives_de_la_CCI_de_Marseille_I_23_Marseille_Exports_1754.csv,Archives de la CCI de Marseille - I 23,11,,,,,Teklia-Jules Oudot,,,-0.299999999999997,,,,,,,,,
335,Local,1754,Marseille,,Espagne,Exports,Thérurque,,,1240,,620,livres,2,sources/Local/Archives_de_la_CCI_de_Marseille_I_23_Marseille_Exports_1754.csv,Archives de la CCI de Marseille - I 23,11,,,,,Teklia-Jules Oudot,,,0,,,,,,,,,
336,Local,1754,Marseille,,Espagne,Exports,Thon marine,,,437,,350,livres,1.25,sources/Local/Archives_de_la_CCI_de_Marseille_I_23_Marseille_Exports_1754.csv,Archives de la CCI de Marseille - I 23,11,,,,,Teklia-Jules Oudot,,,-0.5,,,,,,,,,
337,Local,1754,Marseille,,Espagne,Exports,Toiles D'aman,,,18000,,1200,pièces,15,sources/Local/Archives_de_la_CCI_de_Marseille_I_23_Marseille_Exports_1754.csv,Archives de la CCI de Marseille - I 23,11,,,,,Teklia-Jules Oudot,,,0,,,,,,,,,
338,Local,1754,Marseille,,Espagne,Exports,Toiles d'antioche,,,28140,,2345,pièces,12,sources/Local/Archives_de_la_CCI_de_Marseille_I_23_Marseille_Exports_1754.csv,Archives de la CCI de Marseille - I 23,11,,,,,Teklia-Jules Oudot,,,0,,,,,,,,,
339,Local,1754,Marseille,,Espagne,Exports,Toiles Caissie,,,750,,150,livres,5,sources/Local/Archives_de_la_CCI_de_Marseille_I_23_Marseille_Exports_1754.csv,Archives de la CCI de Marseille - I 23,11,,,,,Teklia-Jules Oudot,,,0,,,,,,,,,
340,Local,1754,Marseille,,Espagne,Exports,Toiles cirée,,,1573,,1210,livres,1.3,sources/Local/Archives_de_la_CCI_de_Marseille_I_23_Marseille_Exports_1754.csv,Archives de la CCI de Marseille - I 23,11,,,,,Teklia-Jules Oudot,,,0,,,,,,,,,
341,Local,1754,Marseille,,Espagne,Exports,Toiles de crin,,,1500,,750,livres,2,sources/Local/Archives_de_la_CCI_de_Marseille_I_23_Marseille_Exports_1754.csv,Archives de la CCI de Marseille - I 23,11,,,,,Teklia-Jules Oudot,,,0,,,,,,,,,
342,Local,1754,Marseille,,Espagne,Exports,Toiles d'emballage,,,1099,,1832,livres,0.6,sources/Local/Archives_de_la_CCI_de_Marseille_I_23_Marseille_Exports_1754.csv,Archives de la CCI de Marseille - I 23,11,,,,,Teklia-Jules Oudot,,,-0.200000000000045,,,,,,,,,
343,Local,1754,Marseille,,Espagne,Exports,Toiles manouf,,,26131,,3733,pièces,7,sources/Local/Archives_de_la_CCI_de_Marseille_I_23_Marseille_Exports_1754.csv,Archives de la CCI de Marseille - I 23,11,,,,,Teklia-Jules Oudot,,,0,,,,,,,,,
344,Local,1754,Marseille,,Espagne,Exports,Toileries diverses,,,2004616,,501154,livres,4,sources/Local/Archives_de_la_CCI_de_Marseille_I_23_Marseille_Exports_1754.csv,Archives de la CCI de Marseille - I 23,11,,,,,Teklia-Jules Oudot,,,0,,,,,,,,,
345,Local,1754,Marseille,,Espagne,Exports,Truffes,,,768,,192,livres,4,sources/Local/Archives_de_la_CCI_de_Marseille_I_23_Marseille_Exports_1754.csv,Archives de la CCI de Marseille - I 23,11,,,,,Teklia-Jules Oudot,,,0,,,,,,,,,
346,Local,1754,Marseille,,Espagne,Exports,Velours,,,16800,,42,pièces,400,sources/Local/Archives_de_la_CCI_de_Marseille_I_23_Marseille_Exports_1754.csv,Archives de la CCI de Marseille - I 23,11,,,,,Teklia-Jules Oudot,,,0,,,,,,,,,
347,Local,1754,Marseille,,Espagne,Exports,Verdet,,,16988,,21235,livres,0.8,sources/Local/Archives_de_la_CCI_de_Marseille_I_23_Marseille_Exports_1754.csv,Archives de la CCI de Marseille - I 23,11,,,,,Teklia-Jules Oudot,,,0,,,,,,,,,
348,Local,1754,Marseille,,Espagne,Exports,Vermichel,,,198,,990,livres,0.2,sources/Local/Archives_de_la_CCI_de_Marseille_I_23_Marseille_Exports_1754.csv,Archives de la CCI de Marseille - I 23,11,,,,,Teklia-Jules Oudot,,,0,,,,,,,,,
349,Local,1754,Marseille,,Espagne,Exports,Verres à boire,,,4930,,4930,livres,1,sources/Local/Archives_de_la_CCI_de_Marseille_I_23_Marseille_Exports_1754.csv,Archives de la CCI de Marseille - I 23,11,,,,,Teklia-Jules Oudot,,,0,,,,,,,,,
350,Local,1754,Marseille,,Espagne,Exports,Vin de Chypres,,,425,,850,livres,0.5,sources/Local/Archives_de_la_CCI_de_Marseille_I_23_Marseille_Exports_1754.csv,Archives de la CCI de Marseille - I 23,11,,,,,Teklia-Jules Oudot,,,0,,,,,,,,,
351,Local,1754,Marseille,,Espagne,Exports,Vin muscat,,,4800,,160,millerolles,30,sources/Local/Archives_de_la_CCI_de_Marseille_I_23_Marseille_Exports_1754.csv,Archives de la CCI de Marseille - I 23,11,,,,,Teklia-Jules Oudot,,,0,,,,,,,,,
352,Local,1754,Marseille,,Espagne,Exports,Vin Rouge,,,6336,,1056,livres,6,sources/Local/Archives_de_la_CCI_de_Marseille_I_23_Marseille_Exports_1754.csv,Archives de la CCI de Marseille - I 23,11,,,,,Teklia-Jules Oudot,,,0,,,,,,,,,
353,Local,1754,Marseille,,Espagne,Exports,Vin rouge,,,1110,,123.3,charge,9,sources/Local/Archives_de_la_CCI_de_Marseille_I_23_Marseille_Exports_1754.csv,Archives de la CCI de Marseille - I 23,11,,,,,Teklia-Jules Oudot,,,0.299999999999955,,,,,,,,,
354,Local,1754,Marseille,,Espagne,Exports,Vitriol de chypres,,,2019,,3365,livres,0.6,sources/Local/Archives_de_la_CCI_de_Marseille_I_23_Marseille_Exports_1754.csv,Archives de la CCI de Marseille - I 23,11,,,,,Teklia-Jules Oudot,,,0,,,,,,,,,
355,Local,1754,Marseille,,Hollande,Exports,Alun,,,151,,1265,livres,0.12,sources/Local/Archives_de_la_CCI_de_Marseille_I_23_Marseille_Exports_1754.csv,Archives de la CCI de Marseille - I 23,11,,,,,Teklia-Jules Oudot,,,-0.799999999999983,,,,,,,,,
356,Local,1754,Marseille,,Hollande,Exports,Amandes,,,26515,,132578,livres,0.2,sources/Local/Archives_de_la_CCI_de_Marseille_I_23_Marseille_Exports_1754.csv,Archives de la CCI de Marseille - I 23,11,,,,,Teklia-Jules Oudot,,,-0.600000000002183,,,,,,,,,
357,Local,1754,Marseille,,Hollande,Exports,Anis,,,4035,,20177,livres,0.2,sources/Local/Archives_de_la_CCI_de_Marseille_I_23_Marseille_Exports_1754.csv,Archives de la CCI de Marseille - I 23,11,,,,,Teklia-Jules Oudot,,,-0.400000000000091,,,,,,,,,
358,Local,1754,Marseille,,Hollande,Exports,Azur,,,835,,1670,livres,0.5,sources/Local/Archives_de_la_CCI_de_Marseille_I_23_Marseille_Exports_1754.csv,Archives de la CCI de Marseille - I 23,11,,,,,Teklia-Jules Oudot,,,0,,,,,,,,,
359,Local,1754,Marseille,,Hollande,Exports,Balaustre,,,193,,1290,livres,0.15,sources/Local/Archives_de_la_CCI_de_Marseille_I_23_Marseille_Exports_1754.csv,Archives de la CCI de Marseille - I 23,11,,,,,Teklia-Jules Oudot,,,-0.5,,,,,,,,,
360,Local,1754,Marseille,,Hollande,Exports,Bois de fustel,,,34,,340,livres,0.1,sources/Local/Archives_de_la_CCI_de_Marseille_I_23_Marseille_Exports_1754.csv,Archives de la CCI de Marseille - I 23,12,,,,,Teklia-Jules Oudot,,,0,,,,,,,,,
361,Local,1754,Marseille,,Hollande,Exports,Bois d'olivier pelé,,,440,,29340,livres,0.015,sources/Local/Archives_de_la_CCI_de_Marseille_I_23_Marseille_Exports_1754.csv,Archives de la CCI de Marseille - I 23,12,,,,,Teklia-Jules Oudot,,,-0.0999999999999659,,,,,,,,,
362,Local,1754,Marseille,,Hollande,Exports,Caffé,,,116480,,83200,livres,1.4,sources/Local/Archives_de_la_CCI_de_Marseille_I_23_Marseille_Exports_1754.csv,Archives de la CCI de Marseille - I 23,12,,,,,Teklia-Jules Oudot,,,0,,,,,,,,,
363,Local,1754,Marseille,,Hollande,Exports,Capres,,,5310,,17701,livres,0.3,sources/Local/Archives_de_la_CCI_de_Marseille_I_23_Marseille_Exports_1754.csv,Archives de la CCI de Marseille - I 23,12,,,,,Teklia-Jules Oudot,,,-0.300000000000182,,,,,,,,,
364,Local,1754,Marseille,,Hollande,Exports,Citrons,,,375,,25,milliers,15,sources/Local/Archives_de_la_CCI_de_Marseille_I_23_Marseille_Exports_1754.csv,Archives de la CCI de Marseille - I 23,12,,,,,Teklia-Jules Oudot,,,0,,,,,,,,,
365,Local,1754,Marseille,,Hollande,Exports,Corail ouvré,,,20000,,125,livres,160,sources/Local/Archives_de_la_CCI_de_Marseille_I_23_Marseille_Exports_1754.csv,Archives de la CCI de Marseille - I 23,12,,,,,Teklia-Jules Oudot,,,0,,,,,,,,,
366,Local,1754,Marseille,,Hollande,Exports,Coton filé,,,36205.4,,32914,livres,1.1,sources/Local/Archives_de_la_CCI_de_Marseille_I_23_Marseille_Exports_1754.csv,Archives de la CCI de Marseille - I 23,12,,,,,Teklia-Jules Oudot,,Le prix est bon. J'ajuste la valeur qui était 26205 (erreur sur un chiffre),0,,,,,,,,,
367,Local,1754,Marseille,,Hollande,Exports,Coton en Laine,,,112511,,225022,livres,0.5,sources/Local/Archives_de_la_CCI_de_Marseille_I_23_Marseille_Exports_1754.csv,Archives de la CCI de Marseille - I 23,12,,,,,Teklia-Jules Oudot,,,0,,,,,,,,,
368,Local,1754,Marseille,,Hollande,Exports,Cumin,,,55805,,279025,livres,0.2,sources/Local/Archives_de_la_CCI_de_Marseille_I_23_Marseille_Exports_1754.csv,Archives de la CCI de Marseille - I 23,12,,,,,Teklia-Jules Oudot,,,0,,,,,,,,,
369,Local,1754,Marseille,,Hollande,Exports,Dentelle du Puy,,,240000,,4800,livres,50,sources/Local/Archives_de_la_CCI_de_Marseille_I_23_Marseille_Exports_1754.csv,Archives de la CCI de Marseille - I 23,12,,,,,Teklia-Jules Oudot,,,0,,,,,,,,,
370,Local,1754,Marseille,,Hollande,Exports,Drogueries,,,6206,,6206,livres,1,sources/Local/Archives_de_la_CCI_de_Marseille_I_23_Marseille_Exports_1754.csv,Archives de la CCI de Marseille - I 23,12,,,,,Teklia-Jules Oudot,,,0,,,,,,,,,
371,Local,1754,Marseille,,Hollande,Exports,Eau de la Reyne d'hongrie,,,1710,,2280,livres,0.75,sources/Local/Archives_de_la_CCI_de_Marseille_I_23_Marseille_Exports_1754.csv,Archives de la CCI de Marseille - I 23,12,,,,,Teklia-Jules Oudot,,,0,,,,,,,,,
372,Local,1754,Marseille,,Hollande,Exports,Eau de vie,,,57481,,383208,livres,0.15,sources/Local/Archives_de_la_CCI_de_Marseille_I_23_Marseille_Exports_1754.csv,Archives de la CCI de Marseille - I 23,12,,,,,Teklia-Jules Oudot,,,-0.19999999999709,,,,,,,,,
373,Local,1754,Marseille,,Hollande,Exports,Encens,,,3016,,6033,livres,0.5,sources/Local/Archives_de_la_CCI_de_Marseille_I_23_Marseille_Exports_1754.csv,Archives de la CCI de Marseille - I 23,12,,,,,Teklia-Jules Oudot,,,-0.5,,,,,,,,,
374,Local,1754,Marseille,,Hollande,Exports,Eponges,,,705,,705,livres,1,sources/Local/Archives_de_la_CCI_de_Marseille_I_23_Marseille_Exports_1754.csv,Archives de la CCI de Marseille - I 23,12,,,,,Teklia-Jules Oudot,,,0,,,,,,,,,
375,Local,1754,Marseille,,Hollande,Exports,Fayance,,,125,,250,livres,0.5,sources/Local/Archives_de_la_CCI_de_Marseille_I_23_Marseille_Exports_1754.csv,Archives de la CCI de Marseille - I 23,12,,,,,Teklia-Jules Oudot,,,0,,,,,,,,,
376,Local,1754,Marseille,,Hollande,Exports,Fruits a l'eau de vie,,,175,,175,livres,1,sources/Local/Archives_de_la_CCI_de_Marseille_I_23_Marseille_Exports_1754.csv,Archives de la CCI de Marseille - I 23,12,,,,,Teklia-Jules Oudot,,,0,,,,,,,,,
377,Local,1754,Marseille,,Hollande,Exports,Galles,,,86622,,173245,livres,0.5,sources/Local/Archives_de_la_CCI_de_Marseille_I_23_Marseille_Exports_1754.csv,Archives de la CCI de Marseille - I 23,12,,,,,Teklia-Jules Oudot,,,-0.5,,,,,,,,,
378,Local,1754,Marseille,,Hollande,Exports,Gomme adragan,,,2912,,2330,livres,1.25,sources/Local/Archives_de_la_CCI_de_Marseille_I_23_Marseille_Exports_1754.csv,Archives de la CCI de Marseille - I 23,12,,,,,Teklia-Jules Oudot,,,-0.5,,,,,,,,,
379,Local,1754,Marseille,,Hollande,Exports,Gomme arabique,,,5229,,5229,livres,1,sources/Local/Archives_de_la_CCI_de_Marseille_I_23_Marseille_Exports_1754.csv,Archives de la CCI de Marseille - I 23,12,,,,,Teklia-Jules Oudot,,,0,,,,,,,,,
380,Local,1754,Marseille,,Hollande,Exports,Gomme lacque,,,1172,,1066,livres,1.1,sources/Local/Archives_de_la_CCI_de_Marseille_I_23_Marseille_Exports_1754.csv,Archives de la CCI de Marseille - I 23,12,,,,,Teklia-Jules Oudot,,,-0.600000000000136,,,,,,,,,
381,Local,1754,Marseille,,Hollande,Exports,Gomme du senegal,,,22081,,14721,livres,1.5,sources/Local/Archives_de_la_CCI_de_Marseille_I_23_Marseille_Exports_1754.csv,Archives de la CCI de Marseille - I 23,12,,,,,Teklia-Jules Oudot,,,-0.5,,,,,,,,,
382,Local,1754,Marseille,,Hollande,Exports,Gomme turique,,,852,,947,livres,0.9,sources/Local/Archives_de_la_CCI_de_Marseille_I_23_Marseille_Exports_1754.csv,Archives de la CCI de Marseille - I 23,12,,,,,Teklia-Jules Oudot,,,-0.300000000000068,,,,,,,,,
383,Local,1754,Marseille,,Hollande,Exports,Graine d'avignon,,,4222,,16888,livres,0.25,sources/Local/Archives_de_la_CCI_de_Marseille_I_23_Marseille_Exports_1754.csv,Archives de la CCI de Marseille - I 23,12,,,,,Teklia-Jules Oudot,,,0,,,,,,,,,
384,Local,1754,Marseille,,Hollande,Exports,Graine de jardin,,,5050,,5050,livres,1,sources/Local/Archives_de_la_CCI_de_Marseille_I_23_Marseille_Exports_1754.csv,Archives de la CCI de Marseille - I 23,12,,,,,Teklia-Jules Oudot,,,0,,,,,,,,,
385,Local,1754,Marseille,,Hollande,Exports,Huile de noix,,,819,,2049,livres,0.4,sources/Local/Archives_de_la_CCI_de_Marseille_I_23_Marseille_Exports_1754.csv,Archives de la CCI de Marseille - I 23,12,,,,,Teklia-Jules Oudot,,,-0.600000000000023,,,,,,,,,
386,Local,1754,Marseille,,Hollande,Exports,Huile d'olive,,,10436,,26090,livres,0.4,sources/Local/Archives_de_la_CCI_de_Marseille_I_23_Marseille_Exports_1754.csv,Archives de la CCI de Marseille - I 23,12,,,,,Teklia-Jules Oudot,,,0,,,,,,,,,
387,Local,1754,Marseille,,Hollande,Exports,Iris,,,967,,1290,livres,0.75,sources/Local/Archives_de_la_CCI_de_Marseille_I_23_Marseille_Exports_1754.csv,Archives de la CCI de Marseille - I 23,12,,,,,Teklia-Jules Oudot,,,-0.5,,,,,,,,,
388,Local,1754,Marseille,,Hollande,Exports,Jus de Reglisse,,,8940,,25545,livres,0.35,sources/Local/Archives_de_la_CCI_de_Marseille_I_23_Marseille_Exports_1754.csv,Archives de la CCI de Marseille - I 23,12,,,,,Teklia-Jules Oudot,,,-0.75,,,,,,,,,
389,Local,1754,Marseille,,Hollande,Exports,Laine de chevron,,,16812,,5604,livres,3,sources/Local/Archives_de_la_CCI_de_Marseille_I_23_Marseille_Exports_1754.csv,Archives de la CCI de Marseille - I 23,12,,,,,Teklia-Jules Oudot,,,0,,,,,,,,,
390,Local,1754,Marseille,,Hollande,Exports,Laine lavée,,,7458,,6780,livres,1.1,sources/Local/Archives_de_la_CCI_de_Marseille_I_23_Marseille_Exports_1754.csv,Archives de la CCI de Marseille - I 23,12,,,,,Teklia-Jules Oudot,,,0,,,,,,,,,
391,Local,1754,Marseille,,Hollande,Exports,Laine surge,,,944,,2360,livres,0.4,sources/Local/Archives_de_la_CCI_de_Marseille_I_23_Marseille_Exports_1754.csv,Archives de la CCI de Marseille - I 23,12,,,,,Teklia-Jules Oudot,,,0,,,,,,,,,
392,Local,1754,Marseille,,Hollande,Exports,Legumes,,,111228,,741525,livres,0.15,sources/Local/Archives_de_la_CCI_de_Marseille_I_23_Marseille_Exports_1754.csv,Archives de la CCI de Marseille - I 23,12,,,,,Teklia-Jules Oudot,,,-0.75,,,,,,,,,
393,Local,1754,Marseille,,Hollande,Exports,Librairie,,,7690,,3845,livres,2,sources/Local/Archives_de_la_CCI_de_Marseille_I_23_Marseille_Exports_1754.csv,Archives de la CCI de Marseille - I 23,12,,,,,Teklia-Jules Oudot,,,0,,,,,,,,,
394,Local,1754,Marseille,,Hollande,Exports,Liege,,,3390,,22600,livres,0.15,sources/Local/Archives_de_la_CCI_de_Marseille_I_23_Marseille_Exports_1754.csv,Archives de la CCI de Marseille - I 23,12,,,,,Teklia-Jules Oudot,,,0,,,,,,,,,
395,Local,1754,Marseille,,Hollande,Exports,Liqueurs,,,244,,326,livres,0.75,sources/Local/Archives_de_la_CCI_de_Marseille_I_23_Marseille_Exports_1754.csv,Archives de la CCI de Marseille - I 23,13,,,,,Teklia-Jules Oudot,,,-0.5,,,,,,,,,
396,Local,1754,Marseille,,Hollande,Exports,Marbre ouvré,,,1275,,4250,livres,0.3,sources/Local/Archives_de_la_CCI_de_Marseille_I_23_Marseille_Exports_1754.csv,Archives de la CCI de Marseille - I 23,13,,,,,Teklia-Jules Oudot,,,0,,,,,,,,,
397,Local,1754,Marseille,,Hollande,Exports,Mercerie,,,194299,,55514,livres,3.5,sources/Local/Archives_de_la_CCI_de_Marseille_I_23_Marseille_Exports_1754.csv,Archives de la CCI de Marseille - I 23,13,,,,,Teklia-Jules Oudot,,,0,,,,,,,,,
398,Local,1754,Marseille,,Hollande,Exports,Miel,,,4548,,30321,livres,0.15,sources/Local/Archives_de_la_CCI_de_Marseille_I_23_Marseille_Exports_1754.csv,Archives de la CCI de Marseille - I 23,13,,,,,Teklia-Jules Oudot,,,-0.149999999999636,,,,,,,,,
399,Local,1754,Marseille,,Hollande,Exports,Mirrhe,,,375,,150,livres,2.5,sources/Local/Archives_de_la_CCI_de_Marseille_I_23_Marseille_Exports_1754.csv,Archives de la CCI de Marseille - I 23,13,,,,,Teklia-Jules Oudot,,,0,,,,,,,,,
400,Local,1754,Marseille,,Hollande,Exports,Oignons de fleurs,,,1462,,1950,livres,0.75,sources/Local/Archives_de_la_CCI_de_Marseille_I_23_Marseille_Exports_1754.csv,Archives de la CCI de Marseille - I 23,13,,,,,Teklia-Jules Oudot,,,-0.5,,,,,,,,,
401,Local,1754,Marseille,,Hollande,Exports,Olives,,,1509,,10060,livres,0.15,sources/Local/Archives_de_la_CCI_de_Marseille_I_23_Marseille_Exports_1754.csv,Archives de la CCI de Marseille - I 23,13,,,,,Teklia-Jules Oudot,,,0,,,,,,,,,
402,Local,1754,Marseille,,Hollande,Exports,Orpiment,,,408,,1360,livres,0.3,sources/Local/Archives_de_la_CCI_de_Marseille_I_23_Marseille_Exports_1754.csv,Archives de la CCI de Marseille - I 23,13,,,,,Teklia-Jules Oudot,,,0,,,,,,,,,
403,Local,1754,Marseille,,Hollande,Exports,Papier,,,570,,95,rames,6,sources/Local/Archives_de_la_CCI_de_Marseille_I_23_Marseille_Exports_1754.csv,Archives de la CCI de Marseille - I 23,13,,,,,Teklia-Jules Oudot,,,0,,,,,,,,,
404,Local,1754,Marseille,,Hollande,Exports,Pierre ponce,,,4262,,85243,livres,0.05,sources/Local/Archives_de_la_CCI_de_Marseille_I_23_Marseille_Exports_1754.csv,Archives de la CCI de Marseille - I 23,13,,,,,Teklia-Jules Oudot,,,-0.150000000000546,,,,,,,,,
405,Local,1754,Marseille,,Hollande,Exports,Pignons de pin,,,496,,1656,livres,0.3,sources/Local/Archives_de_la_CCI_de_Marseille_I_23_Marseille_Exports_1754.csv,Archives de la CCI de Marseille - I 23,13,,,,,Teklia-Jules Oudot,,,-0.799999999999955,,,,,,,,,
406,Local,1754,Marseille,,Hollande,Exports,Liqueure de Marseille,,,5000,,100,livres,50,sources/Local/Archives_de_la_CCI_de_Marseille_I_23_Marseille_Exports_1754.csv,Archives de la CCI de Marseille - I 23,13,,,,,Teklia-Jules Oudot,,,0,,,,,,,,,
407,Local,1754,Marseille,,Hollande,Exports,Poisson salé,,,4155,,16620,livres,0.25,sources/Local/Archives_de_la_CCI_de_Marseille_I_23_Marseille_Exports_1754.csv,Archives de la CCI de Marseille - I 23,13,,,,,Teklia-Jules Oudot,,,0,,,,,,,,,
408,Local,1754,Marseille,,Hollande,Exports,Pruneaux,,,21489,,107447,livres,0.2,sources/Local/Archives_de_la_CCI_de_Marseille_I_23_Marseille_Exports_1754.csv,Archives de la CCI de Marseille - I 23,13,,,,,Teklia-Jules Oudot,,,-0.400000000001455,,,,,,,,,
409,Local,1754,Marseille,,Hollande,Exports,Raisins secs,,,189805,,949029,livres,0.2,sources/Local/Archives_de_la_CCI_de_Marseille_I_23_Marseille_Exports_1754.csv,Archives de la CCI de Marseille - I 23,13,,,,,Teklia-Jules Oudot,,,-0.800000000017462,,,,,,,,,
410,Local,1754,Marseille,,Hollande,Exports,Ris,,,4792,,39935,livres,0.12,sources/Local/Archives_de_la_CCI_de_Marseille_I_23_Marseille_Exports_1754.csv,Archives de la CCI de Marseille - I 23,13,,,,,Teklia-Jules Oudot,,,-0.199999999999818,,,,,,,,,
411,Local,1754,Marseille,,Hollande,Exports,Saffran,,,6000,,400,livres,15,sources/Local/Archives_de_la_CCI_de_Marseille_I_23_Marseille_Exports_1754.csv,Archives de la CCI de Marseille - I 23,13,,,,,Teklia-Jules Oudot,,,0,,,,,,,,,
412,Local,1754,Marseille,,Hollande,Exports,Saffranon,,,30723.55,,47267,livres,0.65,sources/Local/Archives_de_la_CCI_de_Marseille_I_23_Marseille_Exports_1754.csv,Archives de la CCI de Marseille - I 23,13,,,,,Teklia-Jules Oudot,,Le prix est le bon. J'ajuste la valeur qui était 6144 (même si la quantité a l'air trop grande. Mais la diviser par 10 ne règle pas le problème),0,,,,,,,,,
413,Local,1754,Marseille,,Hollande,Exports,Sang de Dragon,,,22,,45,livres,0.5,sources/Local/Archives_de_la_CCI_de_Marseille_I_23_Marseille_Exports_1754.csv,Archives de la CCI de Marseille - I 23,13,,,,,Teklia-Jules Oudot,,,-0.5,,,,,,,,,
414,Local,1754,Marseille,,Hollande,Exports,Savon,,,340130,,1133768,livres,0.3,sources/Local/Archives_de_la_CCI_de_Marseille_I_23_Marseille_Exports_1754.csv,Archives de la CCI de Marseille - I 23,13,,,,,Teklia-Jules Oudot,,,-0.399999999965075,,,,,,,,,
415,Local,1754,Marseille,,Hollande,Exports,Savonnettes,,,100,,100,livres,1,sources/Local/Archives_de_la_CCI_de_Marseille_I_23_Marseille_Exports_1754.csv,Archives de la CCI de Marseille - I 23,13,,,,,Teklia-Jules Oudot,,,0,,,,,,,,,
416,Local,1754,Marseille,,Hollande,Exports,Scamonée,,,2076,,173,livres,12,sources/Local/Archives_de_la_CCI_de_Marseille_I_23_Marseille_Exports_1754.csv,Archives de la CCI de Marseille - I 23,13,,,,,Teklia-Jules Oudot,,,0,,,,,,,,,
417,Local,1754,Marseille,,Hollande,Exports,Sel armoniac,,,19996,,19996,livres,1,sources/Local/Archives_de_la_CCI_de_Marseille_I_23_Marseille_Exports_1754.csv,Archives de la CCI de Marseille - I 23,13,,,,,Teklia-Jules Oudot,,,0,,,,,,,,,
418,Local,1754,Marseille,,Hollande,Exports,Semen contra,,,300,,150,livres,2,sources/Local/Archives_de_la_CCI_de_Marseille_I_23_Marseille_Exports_1754.csv,Archives de la CCI de Marseille - I 23,13,,,,,Teklia-Jules Oudot,,,0,,,,,,,,,
419,Local,1754,Marseille,,Hollande,Exports,Sirop capilaire,,,1086,,1086,livres,1,sources/Local/Archives_de_la_CCI_de_Marseille_I_23_Marseille_Exports_1754.csv,Archives de la CCI de Marseille - I 23,13,,,,,Teklia-Jules Oudot,,,0,,,,,,,,,
420,Local,1754,Marseille,,Hollande,Exports,Soye appretée,,,87940,,4397,livres,20,sources/Local/Archives_de_la_CCI_de_Marseille_I_23_Marseille_Exports_1754.csv,Archives de la CCI de Marseille - I 23,13,,,,,Teklia-Jules Oudot,,,0,,,,,,,,,
421,Local,1754,Marseille,,Hollande,Exports,Sucre blanc,,,39912,,88696,livres,0.45,sources/Local/Archives_de_la_CCI_de_Marseille_I_23_Marseille_Exports_1754.csv,Archives de la CCI de Marseille - I 23,13,,,,,Teklia-Jules Oudot,,,-1.20000000000437,,,,,,,,,
422,Local,1754,Marseille,,Hollande,Exports,Sumac,,,5096,,72810,livres,0.07,sources/Local/Archives_de_la_CCI_de_Marseille_I_23_Marseille_Exports_1754.csv,Archives de la CCI de Marseille - I 23,13,,,,,Teklia-Jules Oudot,,,-0.700000000000728,,,,,,,,,
423,Local,1754,Marseille,,Hollande,Exports,Tartre,,,1428,,5950,livres,0.24,sources/Local/Archives_de_la_CCI_de_Marseille_I_23_Marseille_Exports_1754.csv,Archives de la CCI de Marseille - I 23,13,,,,,Teklia-Jules Oudot,,,0,,,,,,,,,
424,Local,1754,Marseille,,Hollande,Exports,Terre d'ombre,,,57,,570,livres,0.1,sources/Local/Archives_de_la_CCI_de_Marseille_I_23_Marseille_Exports_1754.csv,Archives de la CCI de Marseille - I 23,13,,,,,Teklia-Jules Oudot,,,0,,,,,,,,,
425,Local,1754,Marseille,,Hollande,Exports,Terre de porcelaine,,,235,,4700,livres,0.05,sources/Local/Archives_de_la_CCI_de_Marseille_I_23_Marseille_Exports_1754.csv,Archives de la CCI de Marseille - I 23,13,,,,,Teklia-Jules Oudot,,Prix 1 sous,0,,,,,,,,,
426,Local,1754,Marseille,,Hollande,Exports,Toilleries diverses,,,520,,130,livres,4,sources/Local/Archives_de_la_CCI_de_Marseille_I_23_Marseille_Exports_1754.csv,Archives de la CCI de Marseille - I 23,13,,,,,Teklia-Jules Oudot,,,0,,,,,,,,,
427,Local,1754,Marseille,,Hollande,Exports,Verdet,,,4168,,5210,livres,0.8,sources/Local/Archives_de_la_CCI_de_Marseille_I_23_Marseille_Exports_1754.csv,Archives de la CCI de Marseille - I 23,13,,,,,Teklia-Jules Oudot,,,0,,,,,,,,,
428,Local,1754,Marseille,,Hollande,Exports,Vin blanc,,,252,,14,mulleroles,18,sources/Local/Archives_de_la_CCI_de_Marseille_I_23_Marseille_Exports_1754.csv,Archives de la CCI de Marseille - I 23,13,,,,,Teklia-Jules Oudot,,,0,,,,,,,,,
429,Local,1754,Marseille,,Hollande,Exports,Vin muscat,,,1590,,53,livres,30,sources/Local/Archives_de_la_CCI_de_Marseille_I_23_Marseille_Exports_1754.csv,Archives de la CCI de Marseille - I 23,13,,,,,Teklia-Jules Oudot,,,0,,,,,,,,,
430,Local,1754,Marseille,,Hollande,Exports,Vin rouge,,,5772,,962,livres,6,sources/Local/Archives_de_la_CCI_de_Marseille_I_23_Marseille_Exports_1754.csv,Archives de la CCI de Marseille - I 23,13,,,,,Teklia-Jules Oudot,,,0,,,,,,,,,
431,Local,1754,Marseille,,Italie,Exports,Acier,,,941,,2689,livres,0.35,sources/Local/Archives_de_la_CCI_de_Marseille_I_23_Marseille_Exports_1754.csv,Archives de la CCI de Marseille - I 23,14,,,,,Teklia-Jules Oudot,,,-0.149999999999977,,,,,,,,,
432,Local,1754,Marseille,,Italie,Exports,Ajamys,,,325728,,36192,pièces,9,sources/Local/Archives_de_la_CCI_de_Marseille_I_23_Marseille_Exports_1754.csv,Archives de la CCI de Marseille - I 23,14,,,,,Teklia-Jules Oudot,,,0,,,,,,,,,
433,Local,1754,Marseille,,Italie,Exports,Aloes,,,168,,112,livres,1.5,sources/Local/Archives_de_la_CCI_de_Marseille_I_23_Marseille_Exports_1754.csv,Archives de la CCI de Marseille - I 23,14,,,,,Teklia-Jules Oudot,,,0,,,,,,,,,
434,Local,1754,Marseille,,Italie,Exports,Alun,,,655,,5459,livres,0.12,sources/Local/Archives_de_la_CCI_de_Marseille_I_23_Marseille_Exports_1754.csv,Archives de la CCI de Marseille - I 23,14,,,,,Teklia-Jules Oudot,,,-0.0799999999999272,,,,,,,,,
435,Local,1754,Marseille,,Italie,Exports,Amandes cassées,,,2199,,8799,livres,0.25,sources/Local/Archives_de_la_CCI_de_Marseille_I_23_Marseille_Exports_1754.csv,Archives de la CCI de Marseille - I 23,14,,,,,Teklia-Jules Oudot,,,-0.75,,,,,,,,,
436,Local,1754,Marseille,,Italie,Exports,Amandes en coque,,,226590,,1132950,livres,0.2,sources/Local/Archives_de_la_CCI_de_Marseille_I_23_Marseille_Exports_1754.csv,Archives de la CCI de Marseille - I 23,14,,,,,Teklia-Jules Oudot,,,0,,,,,,,,,
437,Local,1754,Marseille,,Italie,Exports,Amidon,,,10665,,53329,livres,0.2,sources/Local/Archives_de_la_CCI_de_Marseille_I_23_Marseille_Exports_1754.csv,Archives de la CCI de Marseille - I 23,14,,,,,Teklia-Jules Oudot,,,-0.800000000001091,,,,,,,,,
438,Local,1754,Marseille,,Italie,Exports,Ancres de fer,,,1323,,5295,livres,0.25,sources/Local/Archives_de_la_CCI_de_Marseille_I_23_Marseille_Exports_1754.csv,Archives de la CCI de Marseille - I 23,14,,,,,Teklia-Jules Oudot,,,-0.75,,,,,,,,,
439,Local,1754,Marseille,,Italie,Exports,Anis,,,1716,,8580,livres,0.2,sources/Local/Archives_de_la_CCI_de_Marseille_I_23_Marseille_Exports_1754.csv,Archives de la CCI de Marseille - I 23,14,,,,,Teklia-Jules Oudot,,,0,,,,,,,,,
440,Local,1754,Marseille,,Italie,Exports,Avirons,,,320,,16,pièces,20,sources/Local/Archives_de_la_CCI_de_Marseille_I_23_Marseille_Exports_1754.csv,Archives de la CCI de Marseille - I 23,14,,,,,Teklia-Jules Oudot,,,0,,,,,,,,,
441,Local,1754,Marseille,,Italie,Exports,Antimoine,,,868,,5793,livres,0.15,sources/Local/Archives_de_la_CCI_de_Marseille_I_23_Marseille_Exports_1754.csv,Archives de la CCI de Marseille - I 23,14,,,,,Teklia-Jules Oudot,,,-0.949999999999932,,,,,,,,,
442,Local,1754,Marseille,,Italie,Exports,Arbres a planter,,,1700,,6800,livres,0.25,sources/Local/Archives_de_la_CCI_de_Marseille_I_23_Marseille_Exports_1754.csv,Archives de la CCI de Marseille - I 23,14,,,,,Teklia-Jules Oudot,,,0,,,,,,,,,
443,Local,1754,Marseille,,Italie,Exports,Arcenic,,,39,,130,livres,0.3,sources/Local/Archives_de_la_CCI_de_Marseille_I_23_Marseille_Exports_1754.csv,Archives de la CCI de Marseille - I 23,14,,,,,Teklia-Jules Oudot,,,0,,,,,,,,,
444,Local,1754,Marseille,,Italie,Exports,Aristoloche,,,300,,3006,livres,0.1,sources/Local/Archives_de_la_CCI_de_Marseille_I_23_Marseille_Exports_1754.csv,Archives de la CCI de Marseille - I 23,14,,,,,Teklia-Jules Oudot,,,-0.600000000000023,,,,,,,,,
445,Local,1754,Marseille,,Italie,Exports,Arquifou,,,6457,,43052,livres,0.15,sources/Local/Archives_de_la_CCI_de_Marseille_I_23_Marseille_Exports_1754.csv,Archives de la CCI de Marseille - I 23,14,,,,,Teklia-Jules Oudot,,,-0.800000000000182,,,,,,,,,
446,Local,1754,Marseille,,Italie,Exports,Avoine,,,2520,,210,charges,12,sources/Local/Archives_de_la_CCI_de_Marseille_I_23_Marseille_Exports_1754.csv,Archives de la CCI de Marseille - I 23,14,,,,,Teklia-Jules Oudot,,,0,,,,,,,,,
447,Local,1754,Marseille,,Italie,Exports,Azur,,,216,,433,livres,0.5,sources/Local/Archives_de_la_CCI_de_Marseille_I_23_Marseille_Exports_1754.csv,Archives de la CCI de Marseille - I 23,14,,,,,Teklia-Jules Oudot,,,-0.5,,,,,,,,,
448,Local,1754,Marseille,,Italie,Exports,Baleine coupée,,,12110,,2422,livres,5,sources/Local/Archives_de_la_CCI_de_Marseille_I_23_Marseille_Exports_1754.csv,Archives de la CCI de Marseille - I 23,14,,,,,Teklia-Jules Oudot,,,0,,,,,,,,,
449,Local,1754,Marseille,,Italie,Exports,Bas de coton,,,13305,,2661,livres,5,sources/Local/Archives_de_la_CCI_de_Marseille_I_23_Marseille_Exports_1754.csv,Archives de la CCI de Marseille - I 23,14,,,,,Teklia-Jules Oudot,,,0,,,,,,,,,
450,Local,1754,Marseille,,Italie,Exports,Bas de coton,,,480,,16,douzaines,30,sources/Local/Archives_de_la_CCI_de_Marseille_I_23_Marseille_Exports_1754.csv,Archives de la CCI de Marseille - I 23,14,,,,,Teklia-Jules Oudot,,,0,,,,,,,,,
451,Local,1754,Marseille,,Italie,Exports,Bas de fil,,,1740,,348,livres,5,sources/Local/Archives_de_la_CCI_de_Marseille_I_23_Marseille_Exports_1754.csv,Archives de la CCI de Marseille - I 23,14,,,,,Teklia-Jules Oudot,,,0,,,,,,,,,
452,Local,1754,Marseille,,Italie,Exports,Bas de filoselle,,,4530,,302,livres,15,sources/Local/Archives_de_la_CCI_de_Marseille_I_23_Marseille_Exports_1754.csv,Archives de la CCI de Marseille - I 23,14,,,,,Teklia-Jules Oudot,,,0,,,,,,,,,
453,Local,1754,Marseille,,Italie,Exports,Bas de laine,,,43536,,7256,livres,6,sources/Local/Archives_de_la_CCI_de_Marseille_I_23_Marseille_Exports_1754.csv,Archives de la CCI de Marseille - I 23,14,,,,,Teklia-Jules Oudot,,,0,,,,,,,,,
454,Local,1754,Marseille,,Italie,Exports,Bas de soye,,,99760,,2494,livres,40,sources/Local/Archives_de_la_CCI_de_Marseille_I_23_Marseille_Exports_1754.csv,Archives de la CCI de Marseille - I 23,14,,,,,Teklia-Jules Oudot,,,0,,,,,,,,,
455,Local,1754,Marseille,,Italie,Exports,Bazannes tannées,,,1005,,201,pièces,5,sources/Local/Archives_de_la_CCI_de_Marseille_I_23_Marseille_Exports_1754.csv,Archives de la CCI de Marseille - I 23,14,,,,,Teklia-Jules Oudot,,,0,,,,,,,,,
456,Local,1754,Marseille,,Italie,Exports,Bazannes tannées,,,8386,,8386,livres,1,sources/Local/Archives_de_la_CCI_de_Marseille_I_23_Marseille_Exports_1754.csv,Archives de la CCI de Marseille - I 23,14,,,,,Teklia-Jules Oudot,,,0,,,,,,,,,
457,Local,1754,Marseille,,Italie,Exports,Bière,,,240,,8,barriques,30,sources/Local/Archives_de_la_CCI_de_Marseille_I_23_Marseille_Exports_1754.csv,Archives de la CCI de Marseille - I 23,14,,,,,Teklia-Jules Oudot,,,0,,,,,,,,,
458,Local,1754,Marseille,,Italie,Exports,Bière,,,222,,4458,livres,0.05,sources/Local/Archives_de_la_CCI_de_Marseille_I_23_Marseille_Exports_1754.csv,Archives de la CCI de Marseille - I 23,14,,,,,Teklia-Jules Oudot,,,-0.900000000000006,,,,,,,,,
459,Local,1754,Marseille,,Italie,Exports,Biscuit de mer,,,7854,,65450,livres,0.12,sources/Local/Archives_de_la_CCI_de_Marseille_I_23_Marseille_Exports_1754.csv,Archives de la CCI de Marseille - I 23,14,,,,,Teklia-Jules Oudot,,,0,,,,,,,,,
460,Local,1754,Marseille,,Italie,Exports,Bled froment,,,1241280,,62064,charges,20,sources/Local/Archives_de_la_CCI_de_Marseille_I_23_Marseille_Exports_1754.csv,Archives de la CCI de Marseille - I 23,14,,,,,Teklia-Jules Oudot,,,0,,,,,,,,,
461,Local,1754,Marseille,,Italie,Exports,Boetes de bergamotte,,,864,,24,douzaines,36,sources/Local/Archives_de_la_CCI_de_Marseille_I_23_Marseille_Exports_1754.csv,Archives de la CCI de Marseille - I 23,14,,,,,Teklia-Jules Oudot,,,0,,,,,,,,,
462,Local,1754,Marseille,,Italie,Exports,Bois du brezil,,,6665,,26661,livres,0.25,sources/Local/Archives_de_la_CCI_de_Marseille_I_23_Marseille_Exports_1754.csv,Archives de la CCI de Marseille - I 23,15,,,,,Teklia-Jules Oudot,,,-0.25,,,,,,,,,
463,Local,1754,Marseille,,Italie,Exports,Bois de buys,,,48,,1629,livres,0.03,sources/Local/Archives_de_la_CCI_de_Marseille_I_23_Marseille_Exports_1754.csv,Archives de la CCI de Marseille - I 23,15,,,,,Teklia-Jules Oudot,,,-0.869999999999997,,,,,,,,,
464,Local,1754,Marseille,,Italie,Exports,Bois de campech,,,35444,,236299,livres,0.15,sources/Local/Archives_de_la_CCI_de_Marseille_I_23_Marseille_Exports_1754.csv,Archives de la CCI de Marseille - I 23,15,,,,,Teklia-Jules Oudot,,,-0.849999999998545,,,,,,,,,
465,Local,1754,Marseille,,Italie,Exports,Bois de gayac,,,630,,6300,livres,0.1,sources/Local/Archives_de_la_CCI_de_Marseille_I_23_Marseille_Exports_1754.csv,Archives de la CCI de Marseille - I 23,15,,,,,Teklia-Jules Oudot,,,0,,,,,,,,,
466,Local,1754,Marseille,,Italie,Exports,Bois jaune,,,70,,700,livres,0.1,sources/Local/Archives_de_la_CCI_de_Marseille_I_23_Marseille_Exports_1754.csv,Archives de la CCI de Marseille - I 23,15,,,,,Teklia-Jules Oudot,,,0,,,,,,,,,
467,Local,1754,Marseille,,Italie,Exports,Bois de noyer,,,70,,1400,livres,0.05,sources/Local/Archives_de_la_CCI_de_Marseille_I_23_Marseille_Exports_1754.csv,Archives de la CCI de Marseille - I 23,15,,,,,Teklia-Jules Oudot,,,0,,,,,,,,,
468,Local,1754,Marseille,,Italie,Exports,Bois de sandal,,,2565,,6413,livres,0.4,sources/Local/Archives_de_la_CCI_de_Marseille_I_23_Marseille_Exports_1754.csv,Archives de la CCI de Marseille - I 23,15,,,,,Teklia-Jules Oudot,,,-0.200000000000273,,,,,,,,,
469,Local,1754,Marseille,,Italie,Exports,Bol d'Armenie,,,12,,250,livres,0.05,sources/Local/Archives_de_la_CCI_de_Marseille_I_23_Marseille_Exports_1754.csv,Archives de la CCI de Marseille - I 23,15,,,,,Teklia-Jules Oudot,,,-0.5,,,,,,,,,
470,Local,1754,Marseille,,Italie,Exports,Bonnets de coton,,,4840,,1210,livres,4,sources/Local/Archives_de_la_CCI_de_Marseille_I_23_Marseille_Exports_1754.csv,Archives de la CCI de Marseille - I 23,15,,,,,Teklia-Jules Oudot,,,0,,,,,,,,,
471,Local,1754,Marseille,,Italie,Exports,Bonnets de laine,,,67930,,6793,douzaines,10,sources/Local/Archives_de_la_CCI_de_Marseille_I_23_Marseille_Exports_1754.csv,Archives de la CCI de Marseille - I 23,15,,,,,Teklia-Jules Oudot,,,0,,,,,,,,,
472,Local,1754,Marseille,,Italie,Exports,Bonnets de laine,,,7200,,1200,livres,6,sources/Local/Archives_de_la_CCI_de_Marseille_I_23_Marseille_Exports_1754.csv,Archives de la CCI de Marseille - I 23,15,,,,,Teklia-Jules Oudot,,,0,,,,,,,,,
473,Local,1754,Marseille,,Italie,Exports,Bouchons de liège,,,3720,,1240,livres,3,sources/Local/Archives_de_la_CCI_de_Marseille_I_23_Marseille_Exports_1754.csv,Archives de la CCI de Marseille - I 23,15,,,,,Teklia-Jules Oudot,,,0,,,,,,,,,
474,Local,1754,Marseille,,Italie,Exports,Bourde,,,54880,,686000,livres,0.08,sources/Local/Archives_de_la_CCI_de_Marseille_I_23_Marseille_Exports_1754.csv,Archives de la CCI de Marseille - I 23,15,,,,,Teklia-Jules Oudot,,,0,,,,,,,,,
475,Local,1754,Marseille,,Italie,Exports,Bourre de soye,,,2424,,4040,livres,0.6,sources/Local/Archives_de_la_CCI_de_Marseille_I_23_Marseille_Exports_1754.csv,Archives de la CCI de Marseille - I 23,15,,,,,Teklia-Jules Oudot,,,0,,,,,,,,,
476,Local,1754,Marseille,,Italie,Exports,Bouteilles de verre,,,1628,,8140,livres,0.2,sources/Local/Archives_de_la_CCI_de_Marseille_I_23_Marseille_Exports_1754.csv,Archives de la CCI de Marseille - I 23,15,,,,,Teklia-Jules Oudot,,,0,,,,,,,,,
477,Local,1754,Marseille,,Italie,Exports,Boyaux salés,,,784,,5228,livres,0.15,sources/Local/Archives_de_la_CCI_de_Marseille_I_23_Marseille_Exports_1754.csv,Archives de la CCI de Marseille - I 23,15,,,,,Teklia-Jules Oudot,,,-0.199999999999932,,,,,,,,,
478,Local,1754,Marseille,,Italie,Exports,Bray,,,23236,,154913,livres,0.15,sources/Local/Archives_de_la_CCI_de_Marseille_I_23_Marseille_Exports_1754.csv,Archives de la CCI de Marseille - I 23,15,,,,,Teklia-Jules Oudot,,,-0.950000000000728,,,,,,,,,
479,Local,1754,Marseille,,Italie,Exports,Brun rouge,,,2512,,100490,livres,0.025,sources/Local/Archives_de_la_CCI_de_Marseille_I_23_Marseille_Exports_1754.csv,Archives de la CCI de Marseille - I 23,15,,,,,Teklia-Jules Oudot,,,-0.25,,,,,,,,,
480,Local,1754,Marseille,,Italie,Exports,Cacao,,,421051,,300751,livres,1.4,sources/Local/Archives_de_la_CCI_de_Marseille_I_23_Marseille_Exports_1754.csv,Archives de la CCI de Marseille - I 23,15,,,,,Teklia-Jules Oudot,,,-0.399999999965075,,,,,,,,,
481,Local,1754,Marseille,,Italie,Exports,Caffé,,,848853,,606324,livres,1.4,sources/Local/Archives_de_la_CCI_de_Marseille_I_23_Marseille_Exports_1754.csv,Archives de la CCI de Marseille - I 23,15,,,,,Teklia-Jules Oudot,,,-0.599999999976717,,,,,,,,,
482,Local,1754,Marseille,,Italie,Exports,Callamande,,,8800,,110,pièce,80,sources/Local/Archives_de_la_CCI_de_Marseille_I_23_Marseille_Exports_1754.csv,Archives de la CCI de Marseille - I 23,15,,,,,Teklia-Jules Oudot,,,0,,,,,,,,,
483,Local,1754,Marseille,,Italie,Exports,Callamande,,,2325,,775,livres,3,sources/Local/Archives_de_la_CCI_de_Marseille_I_23_Marseille_Exports_1754.csv,Archives de la CCI de Marseille - I 23,15,,,,,Teklia-Jules Oudot,,,0,,,,,,,,,
484,Local,1754,Marseille,,Italie,Exports,Camphre,,,2500,,500,livres,5,sources/Local/Archives_de_la_CCI_de_Marseille_I_23_Marseille_Exports_1754.csv,Archives de la CCI de Marseille - I 23,15,,,,,Teklia-Jules Oudot,,,0,,,,,,,,,
485,Local,1754,Marseille,,Italie,Exports,Canefice,,,8582,,28609,livres,0.3,sources/Local/Archives_de_la_CCI_de_Marseille_I_23_Marseille_Exports_1754.csv,Archives de la CCI de Marseille - I 23,15,,,,,Teklia-Jules Oudot,,,-0.699999999998909,,,,,,,,,
486,Local,1754,Marseille,,Italie,Exports,Canelle,,,83034,,13839,livres,6,sources/Local/Archives_de_la_CCI_de_Marseille_I_23_Marseille_Exports_1754.csv,Archives de la CCI de Marseille - I 23,15,,,,,Teklia-Jules Oudot,,,0,,,,,,,,,
487,Local,1754,Marseille,,Italie,Exports,Cantarides,,,1000,,500,livres,2,sources/Local/Archives_de_la_CCI_de_Marseille_I_23_Marseille_Exports_1754.csv,Archives de la CCI de Marseille - I 23,15,,,,,Teklia-Jules Oudot,,,0,,,,,,,,,
488,Local,1754,Marseille,,Italie,Exports,Capres,,,26973,,89911,livres,0.3,sources/Local/Archives_de_la_CCI_de_Marseille_I_23_Marseille_Exports_1754.csv,Archives de la CCI de Marseille - I 23,15,,,,,Teklia-Jules Oudot,,,-0.299999999999272,,,,,,,,,
489,Local,1754,Marseille,,Italie,Exports,Cardes à Carder,,,750,,500,livres,1.5,sources/Local/Archives_de_la_CCI_de_Marseille_I_23_Marseille_Exports_1754.csv,Archives de la CCI de Marseille - I 23,15,,,,,Teklia-Jules Oudot,,,0,,,,,,,,,
490,Local,1754,Marseille,,Italie,Exports,Cartes geographiques,,,12000,,300,livres,40,sources/Local/Archives_de_la_CCI_de_Marseille_I_23_Marseille_Exports_1754.csv,Archives de la CCI de Marseille - I 23,15,,,,,Teklia-Jules Oudot,,,0,,,,,,,,,
491,Local,1754,Marseille,,Italie,Exports,Carré,,,900,,90,livres,10,sources/Local/Archives_de_la_CCI_de_Marseille_I_23_Marseille_Exports_1754.csv,Archives de la CCI de Marseille - I 23,15,,,,,Teklia-Jules Oudot,,,0,,,,,,,,,
492,Local,1754,Marseille,,Italie,Exports,Carreaux de briques,,,345,,34500,livres,0.01,sources/Local/Archives_de_la_CCI_de_Marseille_I_23_Marseille_Exports_1754.csv,Archives de la CCI de Marseille - I 23,15,,,,,Teklia-Jules Oudot,,,0,,,,,,,,,
493,Local,1754,Marseille,,Italie,Exports,Cendre Gravelée,,,222,,1590,livres,0.14,sources/Local/Archives_de_la_CCI_de_Marseille_I_23_Marseille_Exports_1754.csv,Archives de la CCI de Marseille - I 23,15,,,,,Teklia-Jules Oudot,,,-0.600000000000023,,,,,,,,,
494,Local,1754,Marseille,,Italie,Exports,Ceruse,,,562,,2811,livres,0.2,sources/Local/Archives_de_la_CCI_de_Marseille_I_23_Marseille_Exports_1754.csv,Archives de la CCI de Marseille - I 23,15,,,,,Teklia-Jules Oudot,,,-0.200000000000045,,,,,,,,,
495,Local,1754,Marseille,,Italie,Exports,Chaises,,,2160,,144,douzaines,15,sources/Local/Archives_de_la_CCI_de_Marseille_I_23_Marseille_Exports_1754.csv,Archives de la CCI de Marseille - I 23,16,,,,,Teklia-Jules Oudot,,,0,,,,,,,,,
496,Local,1754,Marseille,,Italie,Exports,Chandelles,,,128,,285,livres,0.45,sources/Local/Archives_de_la_CCI_de_Marseille_I_23_Marseille_Exports_1754.csv,Archives de la CCI de Marseille - I 23,16,,,,,Teklia-Jules Oudot,,,-0.25,,,,,,,,,
497,Local,1754,Marseille,,Italie,Exports,Chanvre Peigné,,,14182,,39396,livres,0.36,sources/Local/Archives_de_la_CCI_de_Marseille_I_23_Marseille_Exports_1754.csv,Archives de la CCI de Marseille - I 23,16,,,,,Teklia-Jules Oudot,,,-0.559999999999491,,,,,,,,,
498,Local,1754,Marseille,,Italie,Exports,Chapeaux de paille,,,2352,,196,douzaines,12,sources/Local/Archives_de_la_CCI_de_Marseille_I_23_Marseille_Exports_1754.csv,Archives de la CCI de Marseille - I 23,16,,,,,Teklia-Jules Oudot,,,0,,,,,,,,,
499,Local,1754,Marseille,,Italie,Exports,Chapeaux poil et laine,,,127560,,2657.5,douzaines,48,sources/Local/Archives_de_la_CCI_de_Marseille_I_23_Marseille_Exports_1754.csv,Archives de la CCI de Marseille - I 23,16,,,,,Teklia-Jules Oudot,,,0,,,,,,,,,
500,Local,1754,Marseille,,Italie,Exports,Chataignes,,,2,,39,livres,0.05,sources/Local/Archives_de_la_CCI_de_Marseille_I_23_Marseille_Exports_1754.csv,Archives de la CCI de Marseille - I 23,16,,,,,Teklia-Jules Oudot,,,0.0499999999999998,,,,,,,,,
501,Local,1754,Marseille,,Italie,Exports,Cheveux,,,3600,,120,livres,30,sources/Local/Archives_de_la_CCI_de_Marseille_I_23_Marseille_Exports_1754.csv,Archives de la CCI de Marseille - I 23,16,,,,,Teklia-Jules Oudot,,,0,,,,,,,,,
502,Local,1754,Marseille,,Italie,Exports,Chocolat,,,1296,,648,livres,2,sources/Local/Archives_de_la_CCI_de_Marseille_I_23_Marseille_Exports_1754.csv,Archives de la CCI de Marseille - I 23,16,,,,,Teklia-Jules Oudot,,,0,,,,,,,,,
503,Local,1754,Marseille,,Italie,Exports,Cire blanche,,,5445,,2593,livres,2.1,sources/Local/Archives_de_la_CCI_de_Marseille_I_23_Marseille_Exports_1754.csv,Archives de la CCI de Marseille - I 23,16,,,,,Teklia-Jules Oudot,,,-0.300000000000182,,,,,,,,,
504,Local,1754,Marseille,,Italie,Exports,Cire jaune,,,504735,,336490,livres,1.5,sources/Local/Archives_de_la_CCI_de_Marseille_I_23_Marseille_Exports_1754.csv,Archives de la CCI de Marseille - I 23,16,,,,,Teklia-Jules Oudot,,"Prix convenable. Quantité importante, mais pas absurde. Je change la valeur qui était 564735",0,,,,,,,,,
505,Local,1754,Marseille,,Italie,Exports,Clous de fer,,,2467,,9868,livres,0.25,sources/Local/Archives_de_la_CCI_de_Marseille_I_23_Marseille_Exports_1754.csv,Archives de la CCI de Marseille - I 23,16,,,,,Teklia-Jules Oudot,,,0,,,,,,,,,
506,Local,1754,Marseille,,Italie,Exports,Cochenille,,,99468,,5526,livres,18,sources/Local/Archives_de_la_CCI_de_Marseille_I_23_Marseille_Exports_1754.csv,Archives de la CCI de Marseille - I 23,16,,,,,Teklia-Jules Oudot,,,0,,,,,,,,,
507,Local,1754,Marseille,,Italie,Exports,Colle forte,,,3113,,7784,livres,0.4,sources/Local/Archives_de_la_CCI_de_Marseille_I_23_Marseille_Exports_1754.csv,Archives de la CCI de Marseille - I 23,16,,,,,Teklia-Jules Oudot,,,-0.600000000000364,,,,,,,,,
508,Local,1754,Marseille,,Italie,Exports,Colombine,,,940,,31350,livres,0.03,sources/Local/Archives_de_la_CCI_de_Marseille_I_23_Marseille_Exports_1754.csv,Archives de la CCI de Marseille - I 23,16,,,,,Teklia-Jules Oudot,,,-0.5,,,,,,,,,
509,Local,1754,Marseille,,Italie,Exports,Confitures,,,1707,,1707,livres,1,sources/Local/Archives_de_la_CCI_de_Marseille_I_23_Marseille_Exports_1754.csv,Archives de la CCI de Marseille - I 23,16,,,,,Teklia-Jules Oudot,,,0,,,,,,,,,
510,Local,1754,Marseille,,Italie,Exports,Corail ouvré,,,1056640,,6604,livres,160,sources/Local/Archives_de_la_CCI_de_Marseille_I_23_Marseille_Exports_1754.csv,Archives de la CCI de Marseille - I 23,16,,,,,Teklia-Jules Oudot,,,0,,,,,,,,,
511,Local,1754,Marseille,,Italie,Exports,Cordages de chanvre,,,618,,2060,livres,0.3,sources/Local/Archives_de_la_CCI_de_Marseille_I_23_Marseille_Exports_1754.csv,Archives de la CCI de Marseille - I 23,16,,,,,Teklia-Jules Oudot,,,0,,,,,,,,,
512,Local,1754,Marseille,,Italie,Exports,Cordages d'Esparts,,,6223,,889,douzaines,7,sources/Local/Archives_de_la_CCI_de_Marseille_I_23_Marseille_Exports_1754.csv,Archives de la CCI de Marseille - I 23,16,,,,,Teklia-Jules Oudot,,,0,,,,,,,,,
513,Local,1754,Marseille,,Italie,Exports,Cornes de cerf rapées,,,233,,1167,livres,0.2,sources/Local/Archives_de_la_CCI_de_Marseille_I_23_Marseille_Exports_1754.csv,Archives de la CCI de Marseille - I 23,16,,,,,Teklia-Jules Oudot,,,-0.400000000000006,,,,,,,,,
514,Local,1754,Marseille,,Italie,Exports,Coton filé,,,24216,,22015,livres,1.1,sources/Local/Archives_de_la_CCI_de_Marseille_I_23_Marseille_Exports_1754.csv,Archives de la CCI de Marseille - I 23,16,,,,,Teklia-Jules Oudot,,,-0.500000000003638,,,,,,,,,
515,Local,1754,Marseille,,Italie,Exports,Coton en laine,,,72498,,144996,livres,0.5,sources/Local/Archives_de_la_CCI_de_Marseille_I_23_Marseille_Exports_1754.csv,Archives de la CCI de Marseille - I 23,16,,,,,Teklia-Jules Oudot,,,0,,,,,,,,,
516,Local,1754,Marseille,,Italie,Exports,Couffins d'esparts,,,204,,68,douzaines,3,sources/Local/Archives_de_la_CCI_de_Marseille_I_23_Marseille_Exports_1754.csv,Archives de la CCI de Marseille - I 23,16,,,,,Teklia-Jules Oudot,,,0,,,,,,,,,
517,Local,1754,Marseille,,Italie,Exports,Couperose,,,3564,,39602,livres,0.09,sources/Local/Archives_de_la_CCI_de_Marseille_I_23_Marseille_Exports_1754.csv,Archives de la CCI de Marseille - I 23,16,,,,,Teklia-Jules Oudot,,,-0.179999999999836,,,,,,,,,
518,Local,1754,Marseille,,Italie,Exports,Couteaux,,,14280,,595,grosses,24,sources/Local/Archives_de_la_CCI_de_Marseille_I_23_Marseille_Exports_1754.csv,Archives de la CCI de Marseille - I 23,16,,,,,Teklia-Jules Oudot,,,0,,,,,,,,,
519,Local,1754,Marseille,,Italie,Exports,Couvertures,,,26920,,13460,livres,2,sources/Local/Archives_de_la_CCI_de_Marseille_I_23_Marseille_Exports_1754.csv,Archives de la CCI de Marseille - I 23,16,,,,,Teklia-Jules Oudot,,,0,,,,,,,,,
520,Local,1754,Marseille,,Italie,Exports,Crasse d'huile,,,5110,,2555,livres,2,sources/Local/Archives_de_la_CCI_de_Marseille_I_23_Marseille_Exports_1754.csv,Archives de la CCI de Marseille - I 23,16,,,,,Teklia-Jules Oudot,,,0,,,,,,,,,
521,Local,1754,Marseille,,Italie,Exports,Creme de tartre,,,94,,949,livres,0.1,sources/Local/Archives_de_la_CCI_de_Marseille_I_23_Marseille_Exports_1754.csv,Archives de la CCI de Marseille - I 23,16,,,,,Teklia-Jules Oudot,,,-0.900000000000006,,,,,,,,,
522,Local,1754,Marseille,,Italie,Exports,Crin,,,3538,,7863,livres,0.45,sources/Local/Archives_de_la_CCI_de_Marseille_I_23_Marseille_Exports_1754.csv,Archives de la CCI de Marseille - I 23,16,,,,,Teklia-Jules Oudot,,,-0.349999999999909,,,,,,,,,
523,Local,1754,Marseille,,Italie,Exports,Cristal taillé,,,108,,180,livres,0.6,sources/Local/Archives_de_la_CCI_de_Marseille_I_23_Marseille_Exports_1754.csv,Archives de la CCI de Marseille - I 23,16,,,,,Teklia-Jules Oudot,,,0,,,,,,,,,
524,Local,1754,Marseille,,Italie,Exports,Cuirs de beuf en poil,,,20340,,1130,pièces,18,sources/Local/Archives_de_la_CCI_de_Marseille_I_23_Marseille_Exports_1754.csv,Archives de la CCI de Marseille - I 23,16,,,,,Teklia-Jules Oudot,,,0,,,,,,,,,
525,Local,1754,Marseille,,Italie,Exports,Cuirs de beuf en poil,,,49443,,123609,livres,0.4,sources/Local/Archives_de_la_CCI_de_Marseille_I_23_Marseille_Exports_1754.csv,Archives de la CCI de Marseille - I 23,16,,,,,Teklia-Jules Oudot,,,-0.600000000005821,,,,,,,,,
526,Local,1754,Marseille,,Italie,Exports,Cuirs de beuf tannés,,,36938,,61564,livres,0.6,sources/Local/Archives_de_la_CCI_de_Marseille_I_23_Marseille_Exports_1754.csv,Archives de la CCI de Marseille - I 23,16,,,,,Teklia-Jules Oudot,,,-0.400000000001455,,,,,,,,,
527,Local,1754,Marseille,,Italie,Exports,Cuirs dorés,,,1120,,112,livres,10,sources/Local/Archives_de_la_CCI_de_Marseille_I_23_Marseille_Exports_1754.csv,Archives de la CCI de Marseille - I 23,16,,,,,Teklia-Jules Oudot,,,0,,,,,,,,,
528,Local,1754,Marseille,,Italie,Exports,Cuirs de russie,,,3000,,3000,livres,1,sources/Local/Archives_de_la_CCI_de_Marseille_I_23_Marseille_Exports_1754.csv,Archives de la CCI de Marseille - I 23,16,,,,,Teklia-Jules Oudot,,,0,,,,,,,,,
529,Local,1754,Marseille,,Italie,Exports,Cuirs de vache tannés,,,9900,,277,douzaines,36,sources/Local/Archives_de_la_CCI_de_Marseille_I_23_Marseille_Exports_1754.csv,Archives de la CCI de Marseille - I 23,17,,,,,Teklia-Jules Oudot,,,-72,,,,,,,,,
530,Local,1754,Marseille,,Italie,Exports,Cuivre ouvré,,,1820,,1040,livres,1.75,sources/Local/Archives_de_la_CCI_de_Marseille_I_23_Marseille_Exports_1754.csv,Archives de la CCI de Marseille - I 23,17,,,,,Teklia-Jules Oudot,,,0,,,,,,,,,
531,Local,1754,Marseille,,Italie,Exports,Cuivre tangoul,,,27472,,30525,livres,0.9,sources/Local/Archives_de_la_CCI_de_Marseille_I_23_Marseille_Exports_1754.csv,Archives de la CCI de Marseille - I 23,17,,,,,Teklia-Jules Oudot,,,-0.5,,,,,,,,,
532,Local,1754,Marseille,,Italie,Exports,Cuivre vieux,,,486,,600,livres,0.8,sources/Local/Archives_de_la_CCI_de_Marseille_I_23_Marseille_Exports_1754.csv,Archives de la CCI de Marseille - I 23,17,,,,,Teklia-Jules Oudot,,,6,,,,,,,,,
533,Local,1754,Marseille,,Italie,Exports,Cumin,,,774,,3870,livres,0.2,sources/Local/Archives_de_la_CCI_de_Marseille_I_23_Marseille_Exports_1754.csv,Archives de la CCI de Marseille - I 23,17,,,,,Teklia-Jules Oudot,,Prix et quantité raisonnables. J'ajuste la valeur qui était 574,0,,,,,,,,,
534,Local,1754,Marseille,,Italie,Exports,Damejanes,,,864,,36,douzaines,24,sources/Local/Archives_de_la_CCI_de_Marseille_I_23_Marseille_Exports_1754.csv,Archives de la CCI de Marseille - I 23,17,,,,,Teklia-Jules Oudot,,,0,,,,,,,,,
535,Local,1754,Marseille,,Italie,Exports,Damejanes,,,20,,10,pièces,2,sources/Local/Archives_de_la_CCI_de_Marseille_I_23_Marseille_Exports_1754.csv,Archives de la CCI de Marseille - I 23,17,,,,,Teklia-Jules Oudot,,,0,,,,,,,,,
536,Local,1754,Marseille,,Italie,Exports,Demittes,,,75,,25,pièces,3,sources/Local/Archives_de_la_CCI_de_Marseille_I_23_Marseille_Exports_1754.csv,Archives de la CCI de Marseille - I 23,17,,,,,Teklia-Jules Oudot,,,0,,,,,,,,,
537,Local,1754,Marseille,,Italie,Exports,Dentelle du Puy,,,59500,,1190,livres,50,sources/Local/Archives_de_la_CCI_de_Marseille_I_23_Marseille_Exports_1754.csv,Archives de la CCI de Marseille - I 23,17,,,,,Teklia-Jules Oudot,,,0,,,,,,,,,
538,Local,1754,Marseille,,Italie,Exports,Dorure fine,,,218700,,2187,livres,100,sources/Local/Archives_de_la_CCI_de_Marseille_I_23_Marseille_Exports_1754.csv,Archives de la CCI de Marseille - I 23,17,,,,,Teklia-Jules Oudot,,,0,,,,,,,,,
539,Local,1754,Marseille,,Italie,Exports,Douelles à tonneaux,,,855,,171,tonneaux,5,sources/Local/Archives_de_la_CCI_de_Marseille_I_23_Marseille_Exports_1754.csv,Archives de la CCI de Marseille - I 23,17,,,,,Teklia-Jules Oudot,,,0,,,,,,,,,
540,Local,1754,Marseille,,Italie,Exports,Draps londrins,,,377125,,53875,livres,7,sources/Local/Archives_de_la_CCI_de_Marseille_I_23_Marseille_Exports_1754.csv,Archives de la CCI de Marseille - I 23,17,,,,,Teklia-Jules Oudot,,Prix raisonnable. Erreur de calcul. Je change la valeur qui était 277125,0,,,,,,,,,
541,Local,1754,Marseille,,Italie,Exports,Draperie petite,,,1359978,,453326,livres,3,sources/Local/Archives_de_la_CCI_de_Marseille_I_23_Marseille_Exports_1754.csv,Archives de la CCI de Marseille - I 23,17,,,,,Teklia-Jules Oudot,,,0,,,,,,,,,
542,Local,1754,Marseille,,Italie,Exports,Drogueries,,,59411,,59411,livres,1,sources/Local/Archives_de_la_CCI_de_Marseille_I_23_Marseille_Exports_1754.csv,Archives de la CCI de Marseille - I 23,17,,,,,Teklia-Jules Oudot,,,0,,,,,,,,,
543,Local,1754,Marseille,,Italie,Exports,Eau de fleur d'orange,,,1265,,2530,livres,0.5,sources/Local/Archives_de_la_CCI_de_Marseille_I_23_Marseille_Exports_1754.csv,Archives de la CCI de Marseille - I 23,17,,,,,Teklia-Jules Oudot,,,0,,,,,,,,,
544,Local,1754,Marseille,,Italie,Exports,Eau forte,,,3082,,2283,livres,1.35,sources/Local/Archives_de_la_CCI_de_Marseille_I_23_Marseille_Exports_1754.csv,Archives de la CCI de Marseille - I 23,17,,,,,Teklia-Jules Oudot,,,-0.0500000000001819,,,,,,,,,
545,Local,1754,Marseille,,Italie,Exports,Eau de melisse,,,948,,575,livres,1.65,sources/Local/Archives_de_la_CCI_de_Marseille_I_23_Marseille_Exports_1754.csv,Archives de la CCI de Marseille - I 23,17,,,,,Teklia-Jules Oudot,,,-0.75,,,,,,,,,
546,Local,1754,Marseille,,Italie,Exports,Eau minerale,,,420,,1400,livres,0.3,sources/Local/Archives_de_la_CCI_de_Marseille_I_23_Marseille_Exports_1754.csv,Archives de la CCI de Marseille - I 23,17,,,,,Teklia-Jules Oudot,,,0,,,,,,,,,
547,Local,1754,Marseille,,Italie,Exports,Eau de raisine,,,1088,,10882,livres,0.1,sources/Local/Archives_de_la_CCI_de_Marseille_I_23_Marseille_Exports_1754.csv,Archives de la CCI de Marseille - I 23,17,,,,,Teklia-Jules Oudot,,,-0.200000000000045,,,,,,,,,
548,Local,1754,Marseille,,Italie,Exports,Eau de la reine d'hongrie,,,42525,,56701,livres,0.75,sources/Local/Archives_de_la_CCI_de_Marseille_I_23_Marseille_Exports_1754.csv,Archives de la CCI de Marseille - I 23,17,,,,,Teklia-Jules Oudot,,,-0.75,,,,,,,,,
549,Local,1754,Marseille,,Italie,Exports,Eau rose,,,1281,,2562,livres,0.5,sources/Local/Archives_de_la_CCI_de_Marseille_I_23_Marseille_Exports_1754.csv,Archives de la CCI de Marseille - I 23,17,,,,,Teklia-Jules Oudot,,,0,,,,,,,,,
550,Local,1754,Marseille,,Italie,Exports,Eau de vie,,,16662,,111080,livres,0.15,sources/Local/Archives_de_la_CCI_de_Marseille_I_23_Marseille_Exports_1754.csv,Archives de la CCI de Marseille - I 23,17,,,,,Teklia-Jules Oudot,,,0,,,,,,,,,
551,Local,1754,Marseille,,Italie,Exports,Encens,,,10923,,21846,livres,0.5,sources/Local/Archives_de_la_CCI_de_Marseille_I_23_Marseille_Exports_1754.csv,Archives de la CCI de Marseille - I 23,17,,,,,Teklia-Jules Oudot,,,0,,,,,,,,,
552,Local,1754,Marseille,,Italie,Exports,Epicerie,,,12550,,1255,livres,10,sources/Local/Archives_de_la_CCI_de_Marseille_I_23_Marseille_Exports_1754.csv,Archives de la CCI de Marseille - I 23,17,,,,,Teklia-Jules Oudot,,,0,,,,,,,,,
553,Local,1754,Marseille,,Italie,Exports,Eponges,,,3225,,3225,livres,1,sources/Local/Archives_de_la_CCI_de_Marseille_I_23_Marseille_Exports_1754.csv,Archives de la CCI de Marseille - I 23,17,,,,,Teklia-Jules Oudot,,,0,,,,,,,,,
554,Local,1754,Marseille,,Italie,Exports,Escayolles,,,2220,,22208,livres,0.1,sources/Local/Archives_de_la_CCI_de_Marseille_I_23_Marseille_Exports_1754.csv,Archives de la CCI de Marseille - I 23,17,,,,,Teklia-Jules Oudot,,,-0.800000000000182,,,,,,,,,
555,Local,1754,Marseille,,Italie,Exports,Esparts,,,640,,16,milliers,40,sources/Local/Archives_de_la_CCI_de_Marseille_I_23_Marseille_Exports_1754.csv,Archives de la CCI de Marseille - I 23,17,,,,,Teklia-Jules Oudot,,,0,,,,,,,,,
556,Local,1754,Marseille,,Italie,Exports,Estrasse de soye,,,237,,791,livres,0.3,sources/Local/Archives_de_la_CCI_de_Marseille_I_23_Marseille_Exports_1754.csv,Archives de la CCI de Marseille - I 23,17,,,,,Teklia-Jules Oudot,,,-0.299999999999983,,,,,,,,,
557,Local,1754,Marseille,,Italie,Exports,Etain ouvré,,,6699,,4466,livres,1.5,sources/Local/Archives_de_la_CCI_de_Marseille_I_23_Marseille_Exports_1754.csv,Archives de la CCI de Marseille - I 23,17,,,,,Teklia-Jules Oudot,,,0,,,,,,,,,
558,Local,1754,Marseille,,Italie,Exports,Etoffe de soye,,,786360,,19659,livres,40,sources/Local/Archives_de_la_CCI_de_Marseille_I_23_Marseille_Exports_1754.csv,Archives de la CCI de Marseille - I 23,17,,,,,Teklia-Jules Oudot,,,0,,,,,,,,,
559,Local,1754,Marseille,,Italie,Exports,Etoupe de chanvre,,,594,,5946,livres,0.1,sources/Local/Archives_de_la_CCI_de_Marseille_I_23_Marseille_Exports_1754.csv,Archives de la CCI de Marseille - I 23,17,,,,,Teklia-Jules Oudot,,,-0.600000000000023,,,,,,,,,
560,Local,1754,Marseille,,Italie,Exports,Eventails,,,1520,,190,livres,8,sources/Local/Archives_de_la_CCI_de_Marseille_I_23_Marseille_Exports_1754.csv,Archives de la CCI de Marseille - I 23,17,,,,,Teklia-Jules Oudot,,,0,,,,,,,,,
561,Local,1754,Marseille,,Italie,Exports,Fayance,,,24931,,49863,livres,0.5,sources/Local/Archives_de_la_CCI_de_Marseille_I_23_Marseille_Exports_1754.csv,Archives de la CCI de Marseille - I 23,17,,,,,Teklia-Jules Oudot,,,-0.5,,,,,,,,,
562,Local,1754,Marseille,,Italie,Exports,Fenouil,,,700,,3501,livres,0.2,sources/Local/Archives_de_la_CCI_de_Marseille_I_23_Marseille_Exports_1754.csv,Archives de la CCI de Marseille - I 23,17,,,,,Teklia-Jules Oudot,,,-0.200000000000045,,,,,,,,,
563,Local,1754,Marseille,,Italie,Exports,Fer en barres,,,104302,,719329,livres,0.145,sources/Local/Archives_de_la_CCI_de_Marseille_I_23_Marseille_Exports_1754.csv,Archives de la CCI de Marseille - I 23,17,,,,,Teklia-Jules Oudot,,,-0.704999999987194,,,,,,,,,
564,Local,1754,Marseille,,Italie,Exports,Fer blanc,,,1999,,3332,livres,0.6,sources/Local/Archives_de_la_CCI_de_Marseille_I_23_Marseille_Exports_1754.csv,Archives de la CCI de Marseille - I 23,17,,,,,Teklia-Jules Oudot,,,-0.199999999999818,,,,,,,,,
565,Local,1754,Marseille,,Italie,Exports,Fer ouvré,,,180,,600,livres,0.3,sources/Local/Archives_de_la_CCI_de_Marseille_I_23_Marseille_Exports_1754.csv,Archives de la CCI de Marseille - I 23,18,,,,,Teklia-Jules Oudot,,,0,,,,,,,,,
566,Local,1754,Marseille,,Italie,Exports,Fer vieux,,,4485,,64072,livres,0.07,sources/Local/Archives_de_la_CCI_de_Marseille_I_23_Marseille_Exports_1754.csv,Archives de la CCI de Marseille - I 23,18,,,,,Teklia-Jules Oudot,,,-0.0400000000008731,,,,,,,,,
567,Local,1754,Marseille,,Italie,Exports,Feves,,,300,,25,charges,12,sources/Local/Archives_de_la_CCI_de_Marseille_I_23_Marseille_Exports_1754.csv,Archives de la CCI de Marseille - I 23,18,,,,,Teklia-Jules Oudot,,,0,,,,,,,,,
568,Local,1754,Marseille,,Italie,Exports,Figues,,,1790,,17902,livres,0.1,sources/Local/Archives_de_la_CCI_de_Marseille_I_23_Marseille_Exports_1754.csv,Archives de la CCI de Marseille - I 23,18,,,,,Teklia-Jules Oudot,,,-0.200000000000045,,,,,,,,,
569,Local,1754,Marseille,,Italie,Exports,Fil blanc,,,1387,,1850,livres,0.75,sources/Local/Archives_de_la_CCI_de_Marseille_I_23_Marseille_Exports_1754.csv,Archives de la CCI de Marseille - I 23,18,,,,,Teklia-Jules Oudot,,,-0.5,,,,,,,,,
570,Local,1754,Marseille,,Italie,Exports,Fil de Chevre,,,9273,,3091,livres,3,sources/Local/Archives_de_la_CCI_de_Marseille_I_23_Marseille_Exports_1754.csv,Archives de la CCI de Marseille - I 23,18,,,,,Teklia-Jules Oudot,,,0,,,,,,,,,
571,Local,1754,Marseille,,Italie,Exports,Fil à Coudre,,,2800,,1400,livres,2,sources/Local/Archives_de_la_CCI_de_Marseille_I_23_Marseille_Exports_1754.csv,Archives de la CCI de Marseille - I 23,18,,,,,Teklia-Jules Oudot,,,0,,,,,,,,,
572,Local,1754,Marseille,,Italie,Exports,Fil de fer,,,135,,270,livres,0.5,sources/Local/Archives_de_la_CCI_de_Marseille_I_23_Marseille_Exports_1754.csv,Archives de la CCI de Marseille - I 23,18,,,,,Teklia-Jules Oudot,,,0,,,,,,,,,
573,Local,1754,Marseille,,Italie,Exports,Fil de Loton,,,1161,,774,livres,1.5,sources/Local/Archives_de_la_CCI_de_Marseille_I_23_Marseille_Exports_1754.csv,Archives de la CCI de Marseille - I 23,18,,,,,Teklia-Jules Oudot,,,0,,,,,,,,,
574,Local,1754,Marseille,,Italie,Exports,Filets d'esparts,,,5396,,284,grosses,19,sources/Local/Archives_de_la_CCI_de_Marseille_I_23_Marseille_Exports_1754.csv,Archives de la CCI de Marseille - I 23,18,,,,,Teklia-Jules Oudot,,,0,,,,,,,,,
575,Local,1754,Marseille,,Italie,Exports,Filets d'esparts,,,1500,,30,milliers,50,sources/Local/Archives_de_la_CCI_de_Marseille_I_23_Marseille_Exports_1754.csv,Archives de la CCI de Marseille - I 23,18,,,,,Teklia-Jules Oudot,,,0,,,,,,,,,
576,Local,1754,Marseille,,Italie,Exports,Fleur de ditam,,,51,,115,livres,0.45,sources/Local/Archives_de_la_CCI_de_Marseille_I_23_Marseille_Exports_1754.csv,Archives de la CCI de Marseille - I 23,18,,,,,Teklia-Jules Oudot,,,-0.75,,,,,,,,,
577,Local,1754,Marseille,,Italie,Exports,Fleur de souffre,,,576,,2882,livres,0.2,sources/Local/Archives_de_la_CCI_de_Marseille_I_23_Marseille_Exports_1754.csv,Archives de la CCI de Marseille - I 23,18,,,,,Teklia-Jules Oudot,,,-0.399999999999977,,,,,,,,,
578,Local,1754,Marseille,,Italie,Exports,Fleur de violette,,,3716,,3716,livres,1,sources/Local/Archives_de_la_CCI_de_Marseille_I_23_Marseille_Exports_1754.csv,Archives de la CCI de Marseille - I 23,18,,,,,Teklia-Jules Oudot,,,0,,,,,,,,,
579,Local,1754,Marseille,,Italie,Exports,Fromage,,,14776,,49254,livres,0.3,sources/Local/Archives_de_la_CCI_de_Marseille_I_23_Marseille_Exports_1754.csv,Archives de la CCI de Marseille - I 23,18,,,,,Teklia-Jules Oudot,,,-0.199999999998909,,,,,,,,,
580,Local,1754,Marseille,,Italie,Exports,Fruits Cruds,,,178,,1789,livres,0.1,sources/Local/Archives_de_la_CCI_de_Marseille_I_23_Marseille_Exports_1754.csv,Archives de la CCI de Marseille - I 23,18,,,,,Teklia-Jules Oudot,,,-0.900000000000006,,,,,,,,,
581,Local,1754,Marseille,,Italie,Exports,Fruits à l'eau de vie,,,1800,,2400,livres,0.75,sources/Local/Archives_de_la_CCI_de_Marseille_I_23_Marseille_Exports_1754.csv,Archives de la CCI de Marseille - I 23,18,,,,,Teklia-Jules Oudot,,,0,,,,,,,,,
582,Local,1754,Marseille,,Italie,Exports,Fruits Sec,,,17100,,34200,livres,0.5,sources/Local/Archives_de_la_CCI_de_Marseille_I_23_Marseille_Exports_1754.csv,Archives de la CCI de Marseille - I 23,18,,,,,Teklia-Jules Oudot,,,0,,,,,,,,,
583,Local,1754,Marseille,,Italie,Exports,Fusils,,,10440,,29,livres,360,sources/Local/Archives_de_la_CCI_de_Marseille_I_23_Marseille_Exports_1754.csv,Archives de la CCI de Marseille - I 23,18,,,,,Teklia-Jules Oudot,,,0,,,,,,,,,
584,Local,1754,Marseille,,Italie,Exports,Fusils,,,5400,,360,pièces,15,sources/Local/Archives_de_la_CCI_de_Marseille_I_23_Marseille_Exports_1754.csv,Archives de la CCI de Marseille - I 23,18,,,,,Teklia-Jules Oudot,,,0,,,,,,,,,
585,Local,1754,Marseille,,Italie,Exports,Fusils,,,18060,,12040,livres,1.5,sources/Local/Archives_de_la_CCI_de_Marseille_I_23_Marseille_Exports_1754.csv,Archives de la CCI de Marseille - I 23,18,,,,,Teklia-Jules Oudot,,,0,,,,,,,,,
586,Local,1754,Marseille,,Italie,Exports,Galles,,,10483,,20996,livres,0.5,sources/Local/Archives_de_la_CCI_de_Marseille_I_23_Marseille_Exports_1754.csv,Archives de la CCI de Marseille - I 23,18,,,,,Teklia-Jules Oudot,,,-15,,,,,,,,,
587,Local,1754,Marseille,,Italie,Exports,Gans de Laine,,,1020,,170,livres,6,sources/Local/Archives_de_la_CCI_de_Marseille_I_23_Marseille_Exports_1754.csv,Archives de la CCI de Marseille - I 23,18,,,,,Teklia-Jules Oudot,,,0,,,,,,,,,
588,Local,1754,Marseille,,Italie,Exports,Gans Communs,,,100,,10,douzaines,10,sources/Local/Archives_de_la_CCI_de_Marseille_I_23_Marseille_Exports_1754.csv,Archives de la CCI de Marseille - I 23,18,,,,,Teklia-Jules Oudot,,,0,,,,,,,,,
589,Local,1754,Marseille,,Italie,Exports,Garance,,,15353,,38384,livres,0.4,sources/Local/Archives_de_la_CCI_de_Marseille_I_23_Marseille_Exports_1754.csv,Archives de la CCI de Marseille - I 23,18,,,,,Teklia-Jules Oudot,,,-0.600000000000364,,,,,,,,,
590,Local,1754,Marseille,,Italie,Exports,Goudron,,,3284,,21895,livres,0.15,sources/Local/Archives_de_la_CCI_de_Marseille_I_23_Marseille_Exports_1754.csv,Archives de la CCI de Marseille - I 23,18,,,,,Teklia-Jules Oudot,,,-0.25,,,,,,,,,
591,Local,1754,Marseille,,Italie,Exports,Geroffle,,,130000,,8125,livres,16,sources/Local/Archives_de_la_CCI_de_Marseille_I_23_Marseille_Exports_1754.csv,Archives de la CCI de Marseille - I 23,18,,,,,Teklia-Jules Oudot,,,0,,,,,,,,,
592,Local,1754,Marseille,,Italie,Exports,Gingembre,,,1337,,3344,livres,0.4,sources/Local/Archives_de_la_CCI_de_Marseille_I_23_Marseille_Exports_1754.csv,Archives de la CCI de Marseille - I 23,18,,,,,Teklia-Jules Oudot,,,-0.600000000000136,,,,,,,,,
593,Local,1754,Marseille,,Italie,Exports,Gomme adragan,,,581,,465,livres,1.25,sources/Local/Archives_de_la_CCI_de_Marseille_I_23_Marseille_Exports_1754.csv,Archives de la CCI de Marseille - I 23,18,,,,,Teklia-Jules Oudot,,,-0.25,,,,,,,,,
594,Local,1754,Marseille,,Italie,Exports,Gomme arabique,,,3499,,3499,livres,1,sources/Local/Archives_de_la_CCI_de_Marseille_I_23_Marseille_Exports_1754.csv,Archives de la CCI de Marseille - I 23,18,,,,,Teklia-Jules Oudot,,,0,,,,,,,,,
595,Local,1754,Marseille,,Italie,Exports,Gomme armoniac,,,576,,384,livres,1.5,sources/Local/Archives_de_la_CCI_de_Marseille_I_23_Marseille_Exports_1754.csv,Archives de la CCI de Marseille - I 23,18,,,,,Teklia-Jules Oudot,,,0,,,,,,,,,
596,Local,1754,Marseille,,Italie,Exports,Gomme galle,,,620,,155,livres,4,sources/Local/Archives_de_la_CCI_de_Marseille_I_23_Marseille_Exports_1754.csv,Archives de la CCI de Marseille - I 23,18,,,,,Teklia-Jules Oudot,,,0,,,,,,,,,
597,Local,1754,Marseille,,Italie,Exports,Gomme lacque,,,640,,320,livres,2,sources/Local/Archives_de_la_CCI_de_Marseille_I_23_Marseille_Exports_1754.csv,Archives de la CCI de Marseille - I 23,18,,,,,Teklia-Jules Oudot,,,0,,,,,,,,,
598,Local,1754,Marseille,,Italie,Exports,Gomme Senegal,,,288,,192,livres,1.5,sources/Local/Archives_de_la_CCI_de_Marseille_I_23_Marseille_Exports_1754.csv,Archives de la CCI de Marseille - I 23,19,,,,,Teklia-Jules Oudot,,,0,,,,,,,,,
599,Local,1754,Marseille,,Italie,Exports,Gomme turique,,,545,,606,livres,0.9,sources/Local/Archives_de_la_CCI_de_Marseille_I_23_Marseille_Exports_1754.csv,Archives de la CCI de Marseille - I 23,19,,,,,Teklia-Jules Oudot,,,-0.399999999999977,,,,,,,,,
600,Local,1754,Marseille,,Italie,Exports,Grabeau de cire,,,226,,453,livres,0.5,sources/Local/Archives_de_la_CCI_de_Marseille_I_23_Marseille_Exports_1754.csv,Archives de la CCI de Marseille - I 23,19,,,,,Teklia-Jules Oudot,,,-0.5,,,,,,,,,
601,Local,1754,Marseille,,Italie,Exports,Grabeau d'encens,,,946,,6311,livres,0.15,sources/Local/Archives_de_la_CCI_de_Marseille_I_23_Marseille_Exports_1754.csv,Archives de la CCI de Marseille - I 23,19,,,,,Teklia-Jules Oudot,,,-0.649999999999977,,,,,,,,,
602,Local,1754,Marseille,,Italie,Exports,Grabeau de poivre,,,165,,550,livres,0.3,sources/Local/Archives_de_la_CCI_de_Marseille_I_23_Marseille_Exports_1754.csv,Archives de la CCI de Marseille - I 23,19,,,,,Teklia-Jules Oudot,,,0,,,,,,,,,
603,Local,1754,Marseille,,Italie,Exports,Grabeau de sel armoniac,,,208,,1390,livres,0.15,sources/Local/Archives_de_la_CCI_de_Marseille_I_23_Marseille_Exports_1754.csv,Archives de la CCI de Marseille - I 23,19,,,,,Teklia-Jules Oudot,,,-0.5,,,,,,,,,
604,Local,1754,Marseille,,Italie,Exports,Graines d'aspic,,,24,,122,livres,0.2,sources/Local/Archives_de_la_CCI_de_Marseille_I_23_Marseille_Exports_1754.csv,Archives de la CCI de Marseille - I 23,19,,,,,Teklia-Jules Oudot,,,-0.400000000000002,,,,,,,,,
605,Local,1754,Marseille,,Italie,Exports,Graines d'avignon,,,4848,,19394,livres,0.25,sources/Local/Archives_de_la_CCI_de_Marseille_I_23_Marseille_Exports_1754.csv,Archives de la CCI de Marseille - I 23,19,,,,,Teklia-Jules Oudot,,,-0.5,,,,,,,,,
606,Local,1754,Marseille,,Italie,Exports,Graines de chanvre,,,15400,,15400,livres,1,sources/Local/Archives_de_la_CCI_de_Marseille_I_23_Marseille_Exports_1754.csv,Archives de la CCI de Marseille - I 23,19,,,,,Teklia-Jules Oudot,,,0,,,,,,,,,
607,Local,1754,Marseille,,Italie,Exports,Graines de fenouil,,,147,,590,livres,0.25,sources/Local/Archives_de_la_CCI_de_Marseille_I_23_Marseille_Exports_1754.csv,Archives de la CCI de Marseille - I 23,19,,,,,Teklia-Jules Oudot,,,-0.5,,,,,,,,,
608,Local,1754,Marseille,,Italie,Exports,Graines de Genievre,,,51,,205,livres,0.25,sources/Local/Archives_de_la_CCI_de_Marseille_I_23_Marseille_Exports_1754.csv,Archives de la CCI de Marseille - I 23,19,,,,,Teklia-Jules Oudot,,,-0.25,,,,,,,,,
609,Local,1754,Marseille,,Italie,Exports,Graines de jardin,,,1100,,1100,livres,1,sources/Local/Archives_de_la_CCI_de_Marseille_I_23_Marseille_Exports_1754.csv,Archives de la CCI de Marseille - I 23,19,,,,,Teklia-Jules Oudot,,,0,,,,,,,,,
610,Local,1754,Marseille,,Italie,Exports,Graines jaune,,,279,,1076,livres,0.26,sources/Local/Archives_de_la_CCI_de_Marseille_I_23_Marseille_Exports_1754.csv,Archives de la CCI de Marseille - I 23,19,,,,,Teklia-Jules Oudot,,,-0.759999999999991,,,,,,,,,
611,Local,1754,Marseille,,Italie,Exports,Graines de Luzerne,,,45,,150,livres,0.3,sources/Local/Archives_de_la_CCI_de_Marseille_I_23_Marseille_Exports_1754.csv,Archives de la CCI de Marseille - I 23,19,,,,,Teklia-Jules Oudot,,,0,,,,,,,,,
612,Local,1754,Marseille,,Italie,Exports,Graines de moutarde,,,183,,916,livres,0.2,sources/Local/Archives_de_la_CCI_de_Marseille_I_23_Marseille_Exports_1754.csv,Archives de la CCI de Marseille - I 23,19,,,,,Teklia-Jules Oudot,,,-0.200000000000017,,,,,,,,,
613,Local,1754,Marseille,,Italie,Exports,Harangs fumés,,,7440,,310,barrils,24,sources/Local/Archives_de_la_CCI_de_Marseille_I_23_Marseille_Exports_1754.csv,Archives de la CCI de Marseille - I 23,19,,,,,Teklia-Jules Oudot,,,0,,,,,,,,,
614,Local,1754,Marseille,,Italie,Exports,Herbes d'orseille,,,700,,1750,livres,0.4,sources/Local/Archives_de_la_CCI_de_Marseille_I_23_Marseille_Exports_1754.csv,Archives de la CCI de Marseille - I 23,19,,,,,Teklia-Jules Oudot,,,0,,,,,,,,,
615,Local,1754,Marseille,,Italie,Exports,Horlogerie,,,148000,,370,livres,400,sources/Local/Archives_de_la_CCI_de_Marseille_I_23_Marseille_Exports_1754.csv,Archives de la CCI de Marseille - I 23,19,,,,,Teklia-Jules Oudot,,,0,,,,,,,,,
616,Local,1754,Marseille,,Italie,Exports,Huile d'olive,,,14606,,36515,livres,0.4,sources/Local/Archives_de_la_CCI_de_Marseille_I_23_Marseille_Exports_1754.csv,Archives de la CCI de Marseille - I 23,19,,,,,Teklia-Jules Oudot,,,0,,,,,,,,,
617,Local,1754,Marseille,,Italie,Exports,Huile de poisson,,,1097,,3659,livres,0.3,sources/Local/Archives_de_la_CCI_de_Marseille_I_23_Marseille_Exports_1754.csv,Archives de la CCI de Marseille - I 23,19,,,,,Teklia-Jules Oudot,,,-0.700000000000046,,,,,,,,,
618,Local,1754,Marseille,,Italie,Exports,Jalap,,,3737,,1495,livres,2.5,sources/Local/Archives_de_la_CCI_de_Marseille_I_23_Marseille_Exports_1754.csv,Archives de la CCI de Marseille - I 23,19,,,,,Teklia-Jules Oudot,,,-0.5,,,,,,,,,
619,Local,1754,Marseille,,Italie,Exports,Jambons,,,542,,1084,livres,0.5,sources/Local/Archives_de_la_CCI_de_Marseille_I_23_Marseille_Exports_1754.csv,Archives de la CCI de Marseille - I 23,19,,,,,Teklia-Jules Oudot,,,0,,,,,,,,,
620,Local,1754,Marseille,,Italie,Exports,Jarrés,,,9339,,3113,barrils,3,sources/Local/Archives_de_la_CCI_de_Marseille_I_23_Marseille_Exports_1754.csv,Archives de la CCI de Marseille - I 23,19,,,,,Teklia-Jules Oudot,,,0,,,,,,,,,
621,Local,1754,Marseille,,Italie,Exports,Jayé,,,10965,,2193,livres,5,sources/Local/Archives_de_la_CCI_de_Marseille_I_23_Marseille_Exports_1754.csv,Archives de la CCI de Marseille - I 23,19,,,,,Teklia-Jules Oudot,,,0,,,,,,,,,
622,Local,1754,Marseille,,Italie,Exports,Indienne,,,163668,,13639,pièces,12,sources/Local/Archives_de_la_CCI_de_Marseille_I_23_Marseille_Exports_1754.csv,Archives de la CCI de Marseille - I 23,19,,,,,Teklia-Jules Oudot,,,0,,,,,,,,,
623,Local,1754,Marseille,,Italie,Exports,Indigo,,,237888,,39648,livres,6,sources/Local/Archives_de_la_CCI_de_Marseille_I_23_Marseille_Exports_1754.csv,Archives de la CCI de Marseille - I 23,19,,,,,Teklia-Jules Oudot,,"le prix et la quantité sont convenables. J'ajuste la valeur, qui était 234288",0,,,,,,,,,
624,Local,1754,Marseille,,Italie,Exports,Iris,,,90,,120,livres,0.75,sources/Local/Archives_de_la_CCI_de_Marseille_I_23_Marseille_Exports_1754.csv,Archives de la CCI de Marseille - I 23,19,,,,,Teklia-Jules Oudot,,,0,,,,,,,,,
625,Local,1754,Marseille,,Italie,Exports,Jus de Reglisse,,,636,,1818,livres,0.35,sources/Local/Archives_de_la_CCI_de_Marseille_I_23_Marseille_Exports_1754.csv,Archives de la CCI de Marseille - I 23,19,,,,,Teklia-Jules Oudot,,,-0.299999999999955,,,,,,,,,
626,Local,1754,Marseille,,Italie,Exports,Lacque platte,,,2425,,1940,livres,1.25,sources/Local/Archives_de_la_CCI_de_Marseille_I_23_Marseille_Exports_1754.csv,Archives de la CCI de Marseille - I 23,19,,,,,Teklia-Jules Oudot,,,0,,,,,,,,,
627,Local,1754,Marseille,,Italie,Exports,Laine de chevron,,,50304,,16768,livres,3,sources/Local/Archives_de_la_CCI_de_Marseille_I_23_Marseille_Exports_1754.csv,Archives de la CCI de Marseille - I 23,19,,,,,Teklia-Jules Oudot,,,0,,,,,,,,,
628,Local,1754,Marseille,,Italie,Exports,Laine filée,,,1290,,430,livres,3,sources/Local/Archives_de_la_CCI_de_Marseille_I_23_Marseille_Exports_1754.csv,Archives de la CCI de Marseille - I 23,19,,,,,Teklia-Jules Oudot,,,0,,,,,,,,,
629,Local,1754,Marseille,,Italie,Exports,Laine lavée,,,157208,,142917,livres,1.1,sources/Local/Archives_de_la_CCI_de_Marseille_I_23_Marseille_Exports_1754.csv,Archives de la CCI de Marseille - I 23,19,,,,,Teklia-Jules Oudot,,,-0.700000000011642,,,,,,,,,
630,Local,1754,Marseille,,Italie,Exports,Laine de Ségovie,,,8320,,5200,livres,1.6,sources/Local/Archives_de_la_CCI_de_Marseille_I_23_Marseille_Exports_1754.csv,Archives de la CCI de Marseille - I 23,19,,,,,Teklia-Jules Oudot,,,0,,,,,,,,,
631,Local,1754,Marseille,,Italie,Exports,Laine surge,,,73480,,183700,livres,0.4,sources/Local/Archives_de_la_CCI_de_Marseille_I_23_Marseille_Exports_1754.csv,Archives de la CCI de Marseille - I 23,19,,,,,Teklia-Jules Oudot,,,0,,,,,,,,,
632,Local,1754,Marseille,,Italie,Exports,Lard,,,431,,1437,livres,0.3,sources/Local/Archives_de_la_CCI_de_Marseille_I_23_Marseille_Exports_1754.csv,Archives de la CCI de Marseille - I 23,20,,,,,Teklia-Jules Oudot,,,-0.0999999999999659,,,,,,,,,
633,Local,1754,Marseille,,Italie,Exports,Legumes,,,840,,42,charges,20,sources/Local/Archives_de_la_CCI_de_Marseille_I_23_Marseille_Exports_1754.csv,Archives de la CCI de Marseille - I 23,20,,,,,Teklia-Jules Oudot,,,0,,,,,,,,,
634,Local,1754,Marseille,,Italie,Exports,Légumes,,,34307,,228718,livres,0.15,sources/Local/Archives_de_la_CCI_de_Marseille_I_23_Marseille_Exports_1754.csv,Archives de la CCI de Marseille - I 23,20,,,,,Teklia-Jules Oudot,,,-0.69999999999709,,,,,,,,,
635,Local,1754,Marseille,,Italie,Exports,Librairie,,,65112,,32556,livres,2,sources/Local/Archives_de_la_CCI_de_Marseille_I_23_Marseille_Exports_1754.csv,Archives de la CCI de Marseille - I 23,20,,,,,Teklia-Jules Oudot,,,0,,,,,,,,,
636,Local,1754,Marseille,,Italie,Exports,Liege,,,1023,,6820,livres,0.15,sources/Local/Archives_de_la_CCI_de_Marseille_I_23_Marseille_Exports_1754.csv,Archives de la CCI de Marseille - I 23,20,,,,,Teklia-Jules Oudot,,,0,,,,,,,,,
637,Local,1754,Marseille,,Italie,Exports,Lin peigné,,,5512,,7350,livres,0.75,sources/Local/Archives_de_la_CCI_de_Marseille_I_23_Marseille_Exports_1754.csv,Archives de la CCI de Marseille - I 23,20,,,,,Teklia-Jules Oudot,,,-0.5,,,,,,,,,
638,Local,1754,Marseille,,Italie,Exports,Liqueurs,,,40809,,54413,livres,0.75,sources/Local/Archives_de_la_CCI_de_Marseille_I_23_Marseille_Exports_1754.csv,Archives de la CCI de Marseille - I 23,20,,,,,Teklia-Jules Oudot,,,-0.75,,,,,,,,,
639,Local,1754,Marseille,,Italie,Exports,Litarge,,,460,,2560,livres,0.18,sources/Local/Archives_de_la_CCI_de_Marseille_I_23_Marseille_Exports_1754.csv,Archives de la CCI de Marseille - I 23,20,,,,,Teklia-Jules Oudot,,,-0.799999999999955,,,,,,,,,
640,Local,1754,Marseille,,Italie,Exports,Lustre de venise,,,2130,,1420,livres,1.5,sources/Local/Archives_de_la_CCI_de_Marseille_I_23_Marseille_Exports_1754.csv,Archives de la CCI de Marseille - I 23,20,,,,,Teklia-Jules Oudot,,,0,,,,,,,,,
641,Local,1754,Marseille,,Italie,Exports,Manne,,,23373,,18699,livres,1.25,sources/Local/Archives_de_la_CCI_de_Marseille_I_23_Marseille_Exports_1754.csv,Archives de la CCI de Marseille - I 23,20,,,,,Teklia-Jules Oudot,,,-0.75,,,,,,,,,
642,Local,1754,Marseille,,Italie,Exports,Marbre,,,280,,28,livres,10,sources/Local/Archives_de_la_CCI_de_Marseille_I_23_Marseille_Exports_1754.csv,Archives de la CCI de Marseille - I 23,20,,,,,Teklia-Jules Oudot,,,0,,,,,,,,,
643,Local,1754,Marseille,,Italie,Exports,Marbre,,,525,,150,livres,3.5,sources/Local/Archives_de_la_CCI_de_Marseille_I_23_Marseille_Exports_1754.csv,Archives de la CCI de Marseille - I 23,20,,,,,Teklia-Jules Oudot,,,0,,,,,,,,,
644,Local,1754,Marseille,,Italie,Exports,Mastic,,,1869,,623,livres,3,sources/Local/Archives_de_la_CCI_de_Marseille_I_23_Marseille_Exports_1754.csv,Archives de la CCI de Marseille - I 23,20,,,,,Teklia-Jules Oudot,,,0,,,,,,,,,
645,Local,1754,Marseille,,Italie,Exports,Mercerie,,,445147,,127185,livres,3.5,sources/Local/Archives_de_la_CCI_de_Marseille_I_23_Marseille_Exports_1754.csv,Archives de la CCI de Marseille - I 23,20,,,,,Teklia-Jules Oudot,,,-0.5,,,,,,,,,
646,Local,1754,Marseille,,Italie,Exports,Miel,,,16582,,110550,livres,0.15,sources/Local/Archives_de_la_CCI_de_Marseille_I_23_Marseille_Exports_1754.csv,Archives de la CCI de Marseille - I 23,20,,,,,Teklia-Jules Oudot,,,-0.5,,,,,,,,,
647,Local,1754,Marseille,,Italie,Exports,Millet gros,,,552,,9213,livres,0.06,sources/Local/Archives_de_la_CCI_de_Marseille_I_23_Marseille_Exports_1754.csv,Archives de la CCI de Marseille - I 23,20,,,,,Teklia-Jules Oudot,,,-0.779999999999973,,,,,,,,,
648,Local,1754,Marseille,,Italie,Exports,Miny,,,146,,733,livres,0.2,sources/Local/Archives_de_la_CCI_de_Marseille_I_23_Marseille_Exports_1754.csv,Archives de la CCI de Marseille - I 23,20,,,,,Teklia-Jules Oudot,,,-0.599999999999994,,,,,,,,,
649,Local,1754,Marseille,,Italie,Exports,Miroir,,,53200,,2660,livres,20,sources/Local/Archives_de_la_CCI_de_Marseille_I_23_Marseille_Exports_1754.csv,Archives de la CCI de Marseille - I 23,20,,,,,Teklia-Jules Oudot,,,0,,,,,,,,,
650,Local,1754,Marseille,,Italie,Exports,Morue seche,,,767485,,5116568,livres,0.15,sources/Local/Archives_de_la_CCI_de_Marseille_I_23_Marseille_Exports_1754.csv,Archives de la CCI de Marseille - I 23,20,,,,,Teklia-Jules Oudot,,,-0.199999999953434,,,,,,,,,
651,Local,1754,Marseille,,Italie,Exports,Morue verte,,,40,,200,livres,0.2,sources/Local/Archives_de_la_CCI_de_Marseille_I_23_Marseille_Exports_1754.csv,Archives de la CCI de Marseille - I 23,20,,,,,Teklia-Jules Oudot,,,0,,,,,,,,,
652,Local,1754,Marseille,,Italie,Exports,Mouchoirs de coton,,,19984,,2498,pièces,8,sources/Local/Archives_de_la_CCI_de_Marseille_I_23_Marseille_Exports_1754.csv,Archives de la CCI de Marseille - I 23,20,,,,,Teklia-Jules Oudot,,,0,,,,,,,,,
653,Local,1754,Marseille,,Italie,Exports,Mouchoirs de fil,,,2214,,246,livres,9,sources/Local/Archives_de_la_CCI_de_Marseille_I_23_Marseille_Exports_1754.csv,Archives de la CCI de Marseille - I 23,20,,,,,Teklia-Jules Oudot,,,0,,,,,,,,,
654,Local,1754,Marseille,,Italie,Exports,Mouchoirs de Soye,,,3125,,125,douzaines,25,sources/Local/Archives_de_la_CCI_de_Marseille_I_23_Marseille_Exports_1754.csv,Archives de la CCI de Marseille - I 23,20,,,,,Teklia-Jules Oudot,,Le prix et la quantité sont convenables. J'ajuste la valeur qui était 3500,0,,,,,,,,,
655,Local,1754,Marseille,,Italie,Exports,Mouchoirs de soye,,,12000,,400,livres,30,sources/Local/Archives_de_la_CCI_de_Marseille_I_23_Marseille_Exports_1754.csv,Archives de la CCI de Marseille - I 23,20,,,,,Teklia-Jules Oudot,,,0,,,,,,,,,
656,Local,1754,Marseille,,Italie,Exports,Moulin a Caffe,,,600,,20,douzaines,30,sources/Local/Archives_de_la_CCI_de_Marseille_I_23_Marseille_Exports_1754.csv,Archives de la CCI de Marseille - I 23,20,,,,,Teklia-Jules Oudot,,,0,,,,,,,,,
657,Local,1754,Marseille,,Italie,Exports,Mulets,,,150,,1,pièces,150,sources/Local/Archives_de_la_CCI_de_Marseille_I_23_Marseille_Exports_1754.csv,Archives de la CCI de Marseille - I 23,20,,,,,Teklia-Jules Oudot,,,0,,,,,,,,,
658,Local,1754,Marseille,,Italie,Exports,Mousseline,,,5740,,82,pièces,70,sources/Local/Archives_de_la_CCI_de_Marseille_I_23_Marseille_Exports_1754.csv,Archives de la CCI de Marseille - I 23,20,,,,,Teklia-Jules Oudot,,,0,,,,,,,,,
659,Local,1754,Marseille,,Italie,Exports,Muscade,,,2272,,303,livres,7.5,sources/Local/Archives_de_la_CCI_de_Marseille_I_23_Marseille_Exports_1754.csv,Archives de la CCI de Marseille - I 23,20,,,,,Teklia-Jules Oudot,,,-0.5,,,,,,,,,
660,Local,1754,Marseille,,Italie,Exports,Nacre de perles,,,450,,600,livres,0.75,sources/Local/Archives_de_la_CCI_de_Marseille_I_23_Marseille_Exports_1754.csv,Archives de la CCI de Marseille - I 23,20,,,,,Teklia-Jules Oudot,,Le prix semble plutôt être 15 sous (exportations de Rennes),0,,,,,,,,,
661,Local,1754,Marseille,,Italie,Exports,Noisettes,,,4880,,48800,livres,0.1,sources/Local/Archives_de_la_CCI_de_Marseille_I_23_Marseille_Exports_1754.csv,Archives de la CCI de Marseille - I 23,20,,,,,Teklia-Jules Oudot,,,0,,,,,,,,,
662,Local,1754,Marseille,,Italie,Exports,Oignons de fleurs,,,187,,250,livres,0.75,sources/Local/Archives_de_la_CCI_de_Marseille_I_23_Marseille_Exports_1754.csv,Archives de la CCI de Marseille - I 23,20,,,,,Teklia-Jules Oudot,,,-0.5,,,,,,,,,
663,Local,1754,Marseille,,Italie,Exports,Olives,,,3042,,20281,livres,0.15,sources/Local/Archives_de_la_CCI_de_Marseille_I_23_Marseille_Exports_1754.csv,Archives de la CCI de Marseille - I 23,20,,,,,Teklia-Jules Oudot,,,-0.150000000000091,,,,,,,,,
664,Local,1754,Marseille,,Italie,Exports,Opium,,,7,,99,livres,0.08,sources/Local/Archives_de_la_CCI_de_Marseille_I_23_Marseille_Exports_1754.csv,Archives de la CCI de Marseille - I 23,20,,,,,Teklia-Jules Oudot,,,-0.92,,,,,,,,,
665,Local,1754,Marseille,,Italie,Exports,Oranges,,,36600,,2440,milliers,15,sources/Local/Archives_de_la_CCI_de_Marseille_I_23_Marseille_Exports_1754.csv,Archives de la CCI de Marseille - I 23,20,,,,,Teklia-Jules Oudot,,,0,,,,,,,,,
666,Local,1754,Marseille,,Italie,Exports,Orge,,,1920,,160,charges,12,sources/Local/Archives_de_la_CCI_de_Marseille_I_23_Marseille_Exports_1754.csv,Archives de la CCI de Marseille - I 23,21,,,,,Teklia-Jules Oudot,,,0,,,,,,,,,
667,Local,1754,Marseille,,Italie,Exports,Ouate,,,12816,,712,douzaines,18,sources/Local/Archives_de_la_CCI_de_Marseille_I_23_Marseille_Exports_1754.csv,Archives de la CCI de Marseille - I 23,21,,,,,Teklia-Jules Oudot,,,0,,,,,,,,,
668,Local,1754,Marseille,,Italie,Exports,Ouate,,,1081,,721,livres,1.5,sources/Local/Archives_de_la_CCI_de_Marseille_I_23_Marseille_Exports_1754.csv,Archives de la CCI de Marseille - I 23,21,,,,,Teklia-Jules Oudot,,,-0.5,,,,,,,,,
669,Local,1754,Marseille,,Italie,Exports,Ozier,,,20,,400,livres,0.05,sources/Local/Archives_de_la_CCI_de_Marseille_I_23_Marseille_Exports_1754.csv,Archives de la CCI de Marseille - I 23,21,,,,,Teklia-Jules Oudot,,,0,,,,,,,,,
670,Local,1754,Marseille,,Italie,Exports,Papier,,,17826,,2971,rames,6,sources/Local/Archives_de_la_CCI_de_Marseille_I_23_Marseille_Exports_1754.csv,Archives de la CCI de Marseille - I 23,21,,,,,Teklia-Jules Oudot,,,0,,,,,,,,,
671,Local,1754,Marseille,,Italie,Exports,Parchemin,,,3630,,1210,livres,3,sources/Local/Archives_de_la_CCI_de_Marseille_I_23_Marseille_Exports_1754.csv,Archives de la CCI de Marseille - I 23,21,,,,,Teklia-Jules Oudot,,,0,,,,,,,,,
672,Local,1754,Marseille,,Italie,Exports,Pâtes d'amande,,,4,,12,livres,0.35,sources/Local/Archives_de_la_CCI_de_Marseille_I_23_Marseille_Exports_1754.csv,Archives de la CCI de Marseille - I 23,21,,,,,Teklia-Jules Oudot,,,-0.199999999999999,,,,,,,,,
673,Local,1754,Marseille,,Italie,Exports,Peaux d'agneau,,,2625,,10500,pièces,0.25,sources/Local/Archives_de_la_CCI_de_Marseille_I_23_Marseille_Exports_1754.csv,Archives de la CCI de Marseille - I 23,21,,,,,Teklia-Jules Oudot,,,0,,,,,,,,,
673.5,Local,1754,Marseille,,Italie,Exports,Peaux de Bravot,,,522,,58,douzaines,9,sources/Local/Archives_de_la_CCI_de_Marseille_I_23_Marseille_Exports_1754.csv,Archives de la CCI de Marseille - I 23,21,,,,,Teklia-Jules Oudot,,"Je ne sais pas. 9 lt la douzaine n'est pas absurde, donc j'ajuste la valeur qui était 43",0,,,,,,,,,
674,Local,1754,Marseille,,Italie,Exports,Peaux de Chagrin,,,1580,,790,livres,2,sources/Local/Archives_de_la_CCI_de_Marseille_I_23_Marseille_Exports_1754.csv,Archives de la CCI de Marseille - I 23,21,,,,,Teklia-Jules Oudot,,,0,,,,,,,,,
675,Local,1754,Marseille,,Italie,Exports,Peaux de chamois,,,1860,,62,douzaines,30,sources/Local/Archives_de_la_CCI_de_Marseille_I_23_Marseille_Exports_1754.csv,Archives de la CCI de Marseille - I 23,21,,,,,Teklia-Jules Oudot,,,0,,,,,,,,,
676,Local,1754,Marseille,,Italie,Exports,Peaux de chamois,,,28610,,22888,douzaines,1.25,sources/Local/Archives_de_la_CCI_de_Marseille_I_23_Marseille_Exports_1754.csv,Archives de la CCI de Marseille - I 23,21,,,,,Teklia-Jules Oudot,,,0,,,,,,,,,
677,Local,1754,Marseille,,Italie,Exports,Peaux de chevre,,,200,,100,livres,2,sources/Local/Archives_de_la_CCI_de_Marseille_I_23_Marseille_Exports_1754.csv,Archives de la CCI de Marseille - I 23,21,,,,,Teklia-Jules Oudot,,,0,,,,,,,,,
678,Local,1754,Marseille,,Italie,Exports,Peaux de maroquin,,,432,,18,douzaines,24,sources/Local/Archives_de_la_CCI_de_Marseille_I_23_Marseille_Exports_1754.csv,Archives de la CCI de Marseille - I 23,21,,,,,Teklia-Jules Oudot,,,0,,,,,,,,,
679,Local,1754,Marseille,,Italie,Exports,Peaux de maroquin,,,3271,,2181,livres,1.5,sources/Local/Archives_de_la_CCI_de_Marseille_I_23_Marseille_Exports_1754.csv,Archives de la CCI de Marseille - I 23,21,,,,,Teklia-Jules Oudot,,,-0.5,,,,,,,,,
680,Local,1754,Marseille,,Italie,Exports,Peaux de mouton,,,66,,66,pièces,1,sources/Local/Archives_de_la_CCI_de_Marseille_I_23_Marseille_Exports_1754.csv,Archives de la CCI de Marseille - I 23,21,,,,,Teklia-Jules Oudot,,,0,,,,,,,,,
681,Local,1754,Marseille,,Italie,Exports,Peaux de mouton,,,57015,,57015,livres,1,sources/Local/Archives_de_la_CCI_de_Marseille_I_23_Marseille_Exports_1754.csv,Archives de la CCI de Marseille - I 23,21,,,,,Teklia-Jules Oudot,,,0,,,,,,,,,
682,Local,1754,Marseille,,Italie,Exports,Peaux de renard,,,2120,,530,livres,4,sources/Local/Archives_de_la_CCI_de_Marseille_I_23_Marseille_Exports_1754.csv,Archives de la CCI de Marseille - I 23,21,,,,,Teklia-Jules Oudot,,,0,,,,,,,,,
683,Local,1754,Marseille,,Italie,Exports,Peaux de veau,,,1152,,32,douzaines,36,sources/Local/Archives_de_la_CCI_de_Marseille_I_23_Marseille_Exports_1754.csv,Archives de la CCI de Marseille - I 23,21,,,,,Teklia-Jules Oudot,,,0,,,,,,,,,
684,Local,1754,Marseille,,Italie,Exports,Peaux de veau,,,115005,,92004,livres,1.25,sources/Local/Archives_de_la_CCI_de_Marseille_I_23_Marseille_Exports_1754.csv,Archives de la CCI de Marseille - I 23,21,,,,,Teklia-Jules Oudot,,,0,,,,,,,,,
685,Local,1754,Marseille,,Italie,Exports,Peignes de Buys,,,14101,,9401,livres,1.5,sources/Local/Archives_de_la_CCI_de_Marseille_I_23_Marseille_Exports_1754.csv,Archives de la CCI de Marseille - I 23,21,,,,,Teklia-Jules Oudot,,,-0.5,,,,,,,,,
686,Local,1754,Marseille,,Italie,Exports,Pelleteries,,,7850,,3140,livres,2.5,sources/Local/Archives_de_la_CCI_de_Marseille_I_23_Marseille_Exports_1754.csv,Archives de la CCI de Marseille - I 23,21,,,,,Teklia-Jules Oudot,,,0,,,,,,,,,
687,Local,1754,Marseille,,Italie,Exports,Pierre a eguiser,,,22818,,11409,livres,2,sources/Local/Archives_de_la_CCI_de_Marseille_I_23_Marseille_Exports_1754.csv,Archives de la CCI de Marseille - I 23,21,,,,,Teklia-Jules Oudot,,,0,,,,,,,,,
688,Local,1754,Marseille,,Italie,Exports,Pierre a fusil,,,2731,,27319,livres,0.1,sources/Local/Archives_de_la_CCI_de_Marseille_I_23_Marseille_Exports_1754.csv,Archives de la CCI de Marseille - I 23,21,,,,,Teklia-Jules Oudot,,,-0.900000000000091,,,,,,,,,
689,Local,1754,Marseille,,Italie,Exports,Pierre à rasoir,,,950,,950,livres,1,sources/Local/Archives_de_la_CCI_de_Marseille_I_23_Marseille_Exports_1754.csv,Archives de la CCI de Marseille - I 23,21,,,,,Teklia-Jules Oudot,,,0,,,,,,,,,
690,Local,1754,Marseille,,Italie,Exports,Pignons d'epine,,,2371,,7905,livres,0.3,sources/Local/Archives_de_la_CCI_de_Marseille_I_23_Marseille_Exports_1754.csv,Archives de la CCI de Marseille - I 23,21,,,,,Teklia-Jules Oudot,,,-0.5,,,,,,,,,
691,Local,1754,Marseille,,Italie,Exports,Piment,,,13,,135,livres,0.1,sources/Local/Archives_de_la_CCI_de_Marseille_I_23_Marseille_Exports_1754.csv,Archives de la CCI de Marseille - I 23,21,,,,,Teklia-Jules Oudot,,,-0.5,,,,,,,,,
692,Local,1754,Marseille,,Italie,Exports,Pipes à fumer,,,6510,,2170,grosses,3,sources/Local/Archives_de_la_CCI_de_Marseille_I_23_Marseille_Exports_1754.csv,Archives de la CCI de Marseille - I 23,21,,,,,Teklia-Jules Oudot,,,0,,,,,,,,,
693,Local,1754,Marseille,,Italie,Exports,Pistaches,,,6300,,6300,livres,1,sources/Local/Archives_de_la_CCI_de_Marseille_I_23_Marseille_Exports_1754.csv,Archives de la CCI de Marseille - I 23,21,,,,,Teklia-Jules Oudot,,,0,,,,,,,,,
694,Local,1754,Marseille,,Italie,Exports,Plomb en Grenaille,,,16944,,67779,livres,0.25,sources/Local/Archives_de_la_CCI_de_Marseille_I_23_Marseille_Exports_1754.csv,Archives de la CCI de Marseille - I 23,21,,,,,Teklia-Jules Oudot,,,-0.75,,,,,,,,,
695,Local,1754,Marseille,,Italie,Exports,Plomb en saumon,,,10721,,53607,livres,0.2,sources/Local/Archives_de_la_CCI_de_Marseille_I_23_Marseille_Exports_1754.csv,Archives de la CCI de Marseille - I 23,21,,,,,Teklia-Jules Oudot,,,-0.400000000001455,,,,,,,,,
696,Local,1754,Marseille,,Italie,Exports,Plumes d'autruche apretes,,,22320,,279,livres,80,sources/Local/Archives_de_la_CCI_de_Marseille_I_23_Marseille_Exports_1754.csv,Archives de la CCI de Marseille - I 23,21,,,,,Teklia-Jules Oudot,,,0,,,,,,,,,
697,Local,1754,Marseille,,Italie,Exports,Plumes a ecrire,,,1250,,250,livres,5,sources/Local/Archives_de_la_CCI_de_Marseille_I_23_Marseille_Exports_1754.csv,Archives de la CCI de Marseille - I 23,22,,,,,Teklia-Jules Oudot,,,0,,,,,,,,,
698,Local,1754,Marseille,,Italie,Exports,Poil de chevre,,,11838,,3946,livres,3,sources/Local/Archives_de_la_CCI_de_Marseille_I_23_Marseille_Exports_1754.csv,Archives de la CCI de Marseille - I 23,22,,,,,Teklia-Jules Oudot,,,0,,,,,,,,,
699,Local,1754,Marseille,,Italie,Exports,Poil de lapin,,,7450,,745,livres,10,sources/Local/Archives_de_la_CCI_de_Marseille_I_23_Marseille_Exports_1754.csv,Archives de la CCI de Marseille - I 23,22,,,,,Teklia-Jules Oudot,,,0,,,,,,,,,
700,Local,1754,Marseille,,Italie,Exports,Poisson frais,,,105,,525,livres,0.2,sources/Local/Archives_de_la_CCI_de_Marseille_I_23_Marseille_Exports_1754.csv,Archives de la CCI de Marseille - I 23,22,,,,,Teklia-Jules Oudot,,,0,,,,,,,,,
701,Local,1754,Marseille,,Italie,Exports,Poisson salé,,,1450,,5800,livres,0.25,sources/Local/Archives_de_la_CCI_de_Marseille_I_23_Marseille_Exports_1754.csv,Archives de la CCI de Marseille - I 23,22,,,,,Teklia-Jules Oudot,,,0,,,,,,,,,
702,Local,1754,Marseille,,Italie,Exports,Poivre,,,183583,,166894,livres,1.1,sources/Local/Archives_de_la_CCI_de_Marseille_I_23_Marseille_Exports_1754.csv,Archives de la CCI de Marseille - I 23,22,,,,,Teklia-Jules Oudot,,,-0.400000000023283,,,,,,,,,
703,Local,1754,Marseille,,Italie,Exports,Poivre geroflé,,,274,,274,livres,1,sources/Local/Archives_de_la_CCI_de_Marseille_I_23_Marseille_Exports_1754.csv,Archives de la CCI de Marseille - I 23,22,,,,,Teklia-Jules Oudot,,,0,,,,,,,,,
704,Local,1754,Marseille,,Italie,Exports,Poie raisine,,,7303,,81154,livres,0.09,sources/Local/Archives_de_la_CCI_de_Marseille_I_23_Marseille_Exports_1754.csv,Archives de la CCI de Marseille - I 23,22,,,,,Teklia-Jules Oudot,,,-0.859999999999673,,,,,,,,,
705,Local,1754,Marseille,,Italie,Exports,Pomade,,,340,,227,livres,1.5,sources/Local/Archives_de_la_CCI_de_Marseille_I_23_Marseille_Exports_1754.csv,Archives de la CCI de Marseille - I 23,22,,,,,Teklia-Jules Oudot,,,-0.5,,,,,,,,,
706,Local,1754,Marseille,,Italie,Exports,Poudre d'amidon,,,10,,50,livres,0.2,sources/Local/Archives_de_la_CCI_de_Marseille_I_23_Marseille_Exports_1754.csv,Archives de la CCI de Marseille - I 23,22,,,,,Teklia-Jules Oudot,,,0,,,,,,,,,
707,Local,1754,Marseille,,Italie,Exports,Pruneaux,,,5572,,27864,livres,0.2,sources/Local/Archives_de_la_CCI_de_Marseille_I_23_Marseille_Exports_1754.csv,Archives de la CCI de Marseille - I 23,22,,,,,Teklia-Jules Oudot,,,-0.800000000000182,,,,,,,,,
708,Local,1754,Marseille,,Italie,Exports,Quincaillerie,,,126252,,126252,livres,1,sources/Local/Archives_de_la_CCI_de_Marseille_I_23_Marseille_Exports_1754.csv,Archives de la CCI de Marseille - I 23,22,,,,,Teklia-Jules Oudot,,,0,,,,,,,,,
709,Local,1754,Marseille,,Italie,Exports,Quinquina,,,32072,,8018,livres,4,sources/Local/Archives_de_la_CCI_de_Marseille_I_23_Marseille_Exports_1754.csv,Archives de la CCI de Marseille - I 23,22,,,,,Teklia-Jules Oudot,,,0,,,,,,,,,
710,Local,1754,Marseille,,Italie,Exports,Racine d'Alizaris,,,118,,296,livres,0.4,sources/Local/Archives_de_la_CCI_de_Marseille_I_23_Marseille_Exports_1754.csv,Archives de la CCI de Marseille - I 23,22,,,,,Teklia-Jules Oudot,,,-0.400000000000006,,,,,,,,,
711,Local,1754,Marseille,,Italie,Exports,Raisin secs,,,17603,,88017,livres,0.2,sources/Local/Archives_de_la_CCI_de_Marseille_I_23_Marseille_Exports_1754.csv,Archives de la CCI de Marseille - I 23,22,,,,,Teklia-Jules Oudot,,,-0.400000000001455,,,,,,,,,
712,Local,1754,Marseille,,Italie,Exports,Reglisse,,,305,,3819,livres,0.08,sources/Local/Archives_de_la_CCI_de_Marseille_I_23_Marseille_Exports_1754.csv,Archives de la CCI de Marseille - I 23,22,,,,,Teklia-Jules Oudot,,,-0.519999999999982,,,,,,,,,
713,Local,1754,Marseille,,Italie,Exports,Rhubarbe,,,14100,,940,livres,15,sources/Local/Archives_de_la_CCI_de_Marseille_I_23_Marseille_Exports_1754.csv,Archives de la CCI de Marseille - I 23,22,,,,,Teklia-Jules Oudot,,,0,,,,,,,,,
714,Local,1754,Marseille,,Italie,Exports,Ris,,,2092,,17434,livres,0.12,sources/Local/Archives_de_la_CCI_de_Marseille_I_23_Marseille_Exports_1754.csv,Archives de la CCI de Marseille - I 23,22,,,,,Teklia-Jules Oudot,,,-0.0799999999999272,,,,,,,,,
715,Local,1754,Marseille,,Italie,Exports,Rocaille,,,1425,,1425,livres,1,sources/Local/Archives_de_la_CCI_de_Marseille_I_23_Marseille_Exports_1754.csv,Archives de la CCI de Marseille - I 23,22,,,,,Teklia-Jules Oudot,,,0,,,,,,,,,
716,Local,1754,Marseille,,Italie,Exports,Rocoul,,,41711,,41711,livres,1,sources/Local/Archives_de_la_CCI_de_Marseille_I_23_Marseille_Exports_1754.csv,Archives de la CCI de Marseille - I 23,22,,,,,Teklia-Jules Oudot,,,0,,,,,,,,,
717,Local,1754,Marseille,,Italie,Exports,Rognures de cartes,,,400,,8000,livres,0.05,sources/Local/Archives_de_la_CCI_de_Marseille_I_23_Marseille_Exports_1754.csv,Archives de la CCI de Marseille - I 23,22,,,,,Teklia-Jules Oudot,,,0,,,,,,,,,
718,Local,1754,Marseille,,Italie,Exports,Rubans de soye,,,28620,,477,livres,60,sources/Local/Archives_de_la_CCI_de_Marseille_I_23_Marseille_Exports_1754.csv,Archives de la CCI de Marseille - I 23,22,,,,,Teklia-Jules Oudot,,,0,,,,,,,,,
719,Local,1754,Marseille,,Italie,Exports,Saffran,,,21210,,1414,livres,15,sources/Local/Archives_de_la_CCI_de_Marseille_I_23_Marseille_Exports_1754.csv,Archives de la CCI de Marseille - I 23,22,,,,,Teklia-Jules Oudot,,,0,,,,,,,,,
720,Local,1754,Marseille,,Italie,Exports,Safframon,,,18024,,27730,livres,0.65,sources/Local/Archives_de_la_CCI_de_Marseille_I_23_Marseille_Exports_1754.csv,Archives de la CCI de Marseille - I 23,22,,,,,Teklia-Jules Oudot,,,-0.5,,,,,,,,,
721,Local,1754,Marseille,,Italie,Exports,Salsepareille,,,5606,,2803,livres,2,sources/Local/Archives_de_la_CCI_de_Marseille_I_23_Marseille_Exports_1754.csv,Archives de la CCI de Marseille - I 23,22,,,,,Teklia-Jules Oudot,,,0,,,,,,,,,
722,Local,1754,Marseille,,Italie,Exports,Saumon salé,,,393,,1573,livres,0.25,sources/Local/Archives_de_la_CCI_de_Marseille_I_23_Marseille_Exports_1754.csv,Archives de la CCI de Marseille - I 23,22,,,,,Teklia-Jules Oudot,,,-0.25,,,,,,,,,
723,Local,1754,Marseille,,Italie,Exports,Savon,,,72095,,240317,livres,0.3,sources/Local/Archives_de_la_CCI_de_Marseille_I_23_Marseille_Exports_1754.csv,Archives de la CCI de Marseille - I 23,22,,,,,Teklia-Jules Oudot,,,-0.0999999999912689,,,,,,,,,
724,Local,1754,Marseille,,Italie,Exports,Savonnettes,,,14,,28,pièces,0.5,sources/Local/Archives_de_la_CCI_de_Marseille_I_23_Marseille_Exports_1754.csv,Archives de la CCI de Marseille - I 23,22,,,,,Teklia-Jules Oudot,,,0,,,,,,,,,
725,Local,1754,Marseille,,Italie,Exports,Scamonée,,,2640,,220,livres,12,sources/Local/Archives_de_la_CCI_de_Marseille_I_23_Marseille_Exports_1754.csv,Archives de la CCI de Marseille - I 23,22,,,,,Teklia-Jules Oudot,,,0,,,,,,,,,
726,Local,1754,Marseille,,Italie,Exports,Sel armoniac,,,15798,,15798,livres,1,sources/Local/Archives_de_la_CCI_de_Marseille_I_23_Marseille_Exports_1754.csv,Archives de la CCI de Marseille - I 23,22,,,,,Teklia-Jules Oudot,,,0,,,,,,,,,
727,Local,1754,Marseille,,Italie,Exports,Sel de saturne,,,1920,,1280,livres,1.5,sources/Local/Archives_de_la_CCI_de_Marseille_I_23_Marseille_Exports_1754.csv,Archives de la CCI de Marseille - I 23,22,,,,,Teklia-Jules Oudot,,,0,,,,,,,,,
728,Local,1754,Marseille,,Italie,Exports,Sel d'ipsum,,,52,,350,livres,0.15,sources/Local/Archives_de_la_CCI_de_Marseille_I_23_Marseille_Exports_1754.csv,Archives de la CCI de Marseille - I 23,23,,,,,Teklia-Jules Oudot,,,-0.5,,,,,,,,,
729,Local,1754,Marseille,,Italie,Exports,Semen contra,,,368,,184,livres,2,sources/Local/Archives_de_la_CCI_de_Marseille_I_23_Marseille_Exports_1754.csv,Archives de la CCI de Marseille - I 23,23,,,,,Teklia-Jules Oudot,,,0,,,,,,,,,
730,Local,1754,Marseille,,Italie,Exports,Serrures,,,5400,,2700,livres,2,sources/Local/Archives_de_la_CCI_de_Marseille_I_23_Marseille_Exports_1754.csv,Archives de la CCI de Marseille - I 23,23,,,,,Teklia-Jules Oudot,,,0,,,,,,,,,
731,Local,1754,Marseille,,Italie,Exports,Sirop d'alkermes,,,2984,,2487,livres,1.2,sources/Local/Archives_de_la_CCI_de_Marseille_I_23_Marseille_Exports_1754.csv,Archives de la CCI de Marseille - I 23,23,,,,,Teklia-Jules Oudot,,,-0.400000000000091,,,,,,,,,
732,Local,1754,Marseille,,Italie,Exports,Sirop de capilaires,,,21733,,21733,livres,1,sources/Local/Archives_de_la_CCI_de_Marseille_I_23_Marseille_Exports_1754.csv,Archives de la CCI de Marseille - I 23,23,,,,,Teklia-Jules Oudot,,,0,,,,,,,,,
733,Local,1754,Marseille,,Italie,Exports,Sirop melasse,,,34745,,434320,livres,0.08,sources/Local/Archives_de_la_CCI_de_Marseille_I_23_Marseille_Exports_1754.csv,Archives de la CCI de Marseille - I 23,23,,,,,Teklia-Jules Oudot,,,-0.599999999998545,,,,,,,,,
734,Local,1754,Marseille,,Italie,Exports,Soude,,,4587,,50977,livres,0.09,sources/Local/Archives_de_la_CCI_de_Marseille_I_23_Marseille_Exports_1754.csv,Archives de la CCI de Marseille - I 23,23,,,,,Teklia-Jules Oudot,,,-0.929999999999382,,,,,,,,,
735,Local,1754,Marseille,,Italie,Exports,Souffres,,,2074,,13828,livres,0.15,sources/Local/Archives_de_la_CCI_de_Marseille_I_23_Marseille_Exports_1754.csv,Archives de la CCI de Marseille - I 23,23,,,,,Teklia-Jules Oudot,,,-0.199999999999818,,,,,,,,,
736,Local,1754,Marseille,,Italie,Exports,Souliers,,,1498,,428,paires,3.5,sources/Local/Archives_de_la_CCI_de_Marseille_I_23_Marseille_Exports_1754.csv,Archives de la CCI de Marseille - I 23,23,,,,,Teklia-Jules Oudot,,,0,,,,,,,,,
737,Local,1754,Marseille,,Italie,Exports,Soye appretée,,,696600,,34830,livres,20,sources/Local/Archives_de_la_CCI_de_Marseille_I_23_Marseille_Exports_1754.csv,Archives de la CCI de Marseille - I 23,23,,,,,Teklia-Jules Oudot,,Le prix et la quantité sont convenables. J'ajuste la valeur qui était 696800,0,,,,,,,,,
738,Local,1754,Marseille,,Italie,Exports,Squine,,,5316,,4253,livres,1.25,sources/Local/Archives_de_la_CCI_de_Marseille_I_23_Marseille_Exports_1754.csv,Archives de la CCI de Marseille - I 23,23,,,,,Teklia-Jules Oudot,,,-0.25,,,,,,,,,
739,Local,1754,Marseille,,Italie,Exports,Sucre Blanc,,,5559804,,12355121,livres,0.45,sources/Local/Archives_de_la_CCI_de_Marseille_I_23_Marseille_Exports_1754.csv,Archives de la CCI de Marseille - I 23,23,,,,,Teklia-Jules Oudot,,,-0.450000000186265,,,,,,,,,
740,Local,1754,Marseille,,Italie,Exports,Sucre Brut,,,474292,,1355121,livres,0.35,sources/Local/Archives_de_la_CCI_de_Marseille_I_23_Marseille_Exports_1754.csv,Archives de la CCI de Marseille - I 23,23,,,,,Teklia-Jules Oudot,,,-0.349999999976717,,,,,,,,,
741,Local,1754,Marseille,,Italie,Exports,Sucre Candi,,,450,,450,livres,1,sources/Local/Archives_de_la_CCI_de_Marseille_I_23_Marseille_Exports_1754.csv,Archives de la CCI de Marseille - I 23,23,,,,,Teklia-Jules Oudot,,,0,,,,,,,,,
742,Local,1754,Marseille,,Italie,Exports,Sucre Rafiné,,,61410,,102351,livres,0.6,sources/Local/Archives_de_la_CCI_de_Marseille_I_23_Marseille_Exports_1754.csv,Archives de la CCI de Marseille - I 23,23,,,,,Teklia-Jules Oudot,,,-0.599999999998545,,,,,,,,,
743,Local,1754,Marseille,,Italie,Exports,Sucre versois,,,85921,,190937,livres,0.45,sources/Local/Archives_de_la_CCI_de_Marseille_I_23_Marseille_Exports_1754.csv,Archives de la CCI de Marseille - I 23,23,,,,,Teklia-Jules Oudot,,,-0.650000000008731,,,,,,,,,
744,Local,1754,Marseille,,Italie,Exports,Sumac,,,111,,1592,livres,0.07,sources/Local/Archives_de_la_CCI_de_Marseille_I_23_Marseille_Exports_1754.csv,Archives de la CCI de Marseille - I 23,23,,,,,Teklia-Jules Oudot,,,-0.440000000000012,,,,,,,,,
745,Local,1754,Marseille,,Italie,Exports,Tabac ouvré,,,418051,,160789,livres,2.6,sources/Local/Archives_de_la_CCI_de_Marseille_I_23_Marseille_Exports_1754.csv,Archives de la CCI de Marseille - I 23,23,,,,,Teklia-Jules Oudot,,,-0.400000000023283,,,,,,,,,
746,Local,1754,Marseille,,Italie,Exports,Taffia,,,14,,280,livres,0.05,sources/Local/Archives_de_la_CCI_de_Marseille_I_23_Marseille_Exports_1754.csv,Archives de la CCI de Marseille - I 23,23,,,,,Teklia-Jules Oudot,,,0,,,,,,,,,
747,Local,1754,Marseille,,Italie,Exports,Tartre,,,1661,,6923,livres,0.24,sources/Local/Archives_de_la_CCI_de_Marseille_I_23_Marseille_Exports_1754.csv,Archives de la CCI de Marseille - I 23,23,,,,,Teklia-Jules Oudot,,,-0.519999999999982,,,,,,,,,
748,Local,1754,Marseille,,Italie,Exports,Tapis de laine,,,2400,,400,livres,6,sources/Local/Archives_de_la_CCI_de_Marseille_I_23_Marseille_Exports_1754.csv,Archives de la CCI de Marseille - I 23,23,,,,,Teklia-Jules Oudot,,,0,,,,,,,,,
749,Local,1754,Marseille,,Italie,Exports,Tapisserie,,,800,,200,livres,4,sources/Local/Archives_de_la_CCI_de_Marseille_I_23_Marseille_Exports_1754.csv,Archives de la CCI de Marseille - I 23,23,,,,,Teklia-Jules Oudot,,,0,,,,,,,,,
750,Local,1754,Marseille,,Italie,Exports,Terraille,,,3530,,176.5,charges,20,sources/Local/Archives_de_la_CCI_de_Marseille_I_23_Marseille_Exports_1754.csv,Archives de la CCI de Marseille - I 23,23,,,,,Teklia-Jules Oudot,,,0,,,,,,,,,
751,Local,1754,Marseille,,Italie,Exports,Teraille,,,1076,,15380,livres,0.07,sources/Local/Archives_de_la_CCI_de_Marseille_I_23_Marseille_Exports_1754.csv,Archives de la CCI de Marseille - I 23,23,,,,,Teklia-Jules Oudot,,,-0.600000000000136,,,,,,,,,
752,Local,1754,Marseille,,Italie,Exports,Therebentine,,,630,,2100,livres,0.3,sources/Local/Archives_de_la_CCI_de_Marseille_I_23_Marseille_Exports_1754.csv,Archives de la CCI de Marseille - I 23,23,,,,,Teklia-Jules Oudot,,,0,,,,,,,,,
753,Local,1754,Marseille,,Italie,Exports,Terre d'ombre,,,20,,200,livres,0.1,sources/Local/Archives_de_la_CCI_de_Marseille_I_23_Marseille_Exports_1754.csv,Archives de la CCI de Marseille - I 23,23,,,,,Teklia-Jules Oudot,,,0,,,,,,,,,
754,Local,1754,Marseille,,Italie,Exports,Thé,,,6937,,1982,livres,3.5,sources/Local/Archives_de_la_CCI_de_Marseille_I_23_Marseille_Exports_1754.csv,Archives de la CCI de Marseille - I 23,23,,,,,Teklia-Jules Oudot,,,0,,,,,,,,,
755,Local,1754,Marseille,,Italie,Exports,Thon mariné,,,1215,,972,livres,1.25,sources/Local/Archives_de_la_CCI_de_Marseille_I_23_Marseille_Exports_1754.csv,Archives de la CCI de Marseille - I 23,23,,,,,Teklia-Jules Oudot,,,0,,,,,,,,,
756,Local,1754,Marseille,,Italie,Exports,Toile d'aman,,,6435,,429,pièces,15,sources/Local/Archives_de_la_CCI_de_Marseille_I_23_Marseille_Exports_1754.csv,Archives de la CCI de Marseille - I 23,23,,,,,Teklia-Jules Oudot,,,0,,,,,,,,,
757,Local,1754,Marseille,,Italie,Exports,Toile d'antioche,,,10740,,895,livres,12,sources/Local/Archives_de_la_CCI_de_Marseille_I_23_Marseille_Exports_1754.csv,Archives de la CCI de Marseille - I 23,23,,,,,Teklia-Jules Oudot,,,0,,,,,,,,,
758,Local,1754,Marseille,,Italie,Exports,Toile Cirée,,,559,,430,livres,1.3,sources/Local/Archives_de_la_CCI_de_Marseille_I_23_Marseille_Exports_1754.csv,Archives de la CCI de Marseille - I 23,23,,,,,Teklia-Jules Oudot,,,0,,,,,,,,,
759,Local,1754,Marseille,,Italie,Exports,Toile de Crin,,,268,,179,livres,1.5,sources/Local/Archives_de_la_CCI_de_Marseille_I_23_Marseille_Exports_1754.csv,Archives de la CCI de Marseille - I 23,23,,,,,Teklia-Jules Oudot,,,-0.5,,,,,,,,,
760,Local,1754,Marseille,,Italie,Exports,Toile Kilis,,,648,,72,pièces,9,sources/Local/Archives_de_la_CCI_de_Marseille_I_23_Marseille_Exports_1754.csv,Archives de la CCI de Marseille - I 23,23,,,,,Teklia-Jules Oudot,,,0,,,,,,,,,
761,Local,1754,Marseille,,Italie,Exports,Storax,,,2428,,607,livres,4,sources/Local/Archives_de_la_CCI_de_Marseille_I_23_Marseille_Exports_1754.csv,Archives de la CCI de Marseille - I 23,24,,,,,Teklia-Jules Oudot,,,0,,,,,,,,,
762,Local,1754,Marseille,,Italie,Exports,Toile manouf,,,560,,80,pièces,7,sources/Local/Archives_de_la_CCI_de_Marseille_I_23_Marseille_Exports_1754.csv,Archives de la CCI de Marseille - I 23,24,,,,,Teklia-Jules Oudot,,,0,,,,,,,,,
763,Local,1754,Marseille,,Italie,Exports,Toileries diverses,,,748948,,187237,livres,4,sources/Local/Archives_de_la_CCI_de_Marseille_I_23_Marseille_Exports_1754.csv,Archives de la CCI de Marseille - I 23,24,,,,,Teklia-Jules Oudot,,,0,,,,,,,,,
764,Local,1754,Marseille,,Italie,Exports,Toile à voile,,,1920,,64,pièces,30,sources/Local/Archives_de_la_CCI_de_Marseille_I_23_Marseille_Exports_1754.csv,Archives de la CCI de Marseille - I 23,24,,,,,Teklia-Jules Oudot,,,0,,,,,,,,,
765,Local,1754,Marseille,,Italie,Exports,Trelis,,,250,,200,livres,1.25,sources/Local/Archives_de_la_CCI_de_Marseille_I_23_Marseille_Exports_1754.csv,Archives de la CCI de Marseille - I 23,24,,,,,Teklia-Jules Oudot,,,0,,,,,,,,,
766,Local,1754,Marseille,,Italie,Exports,Tremelle d'Esparts,,,1416,,9440,livres,0.15,sources/Local/Archives_de_la_CCI_de_Marseille_I_23_Marseille_Exports_1754.csv,Archives de la CCI de Marseille - I 23,24,,,,,Teklia-Jules Oudot,,,0,,,,,,,,,
767,Local,1754,Marseille,,Italie,Exports,Truffes,,,4340,,1085,livres,4,sources/Local/Archives_de_la_CCI_de_Marseille_I_23_Marseille_Exports_1754.csv,Archives de la CCI de Marseille - I 23,24,,,,,Teklia-Jules Oudot,,,0,,,,,,,,,
768,Local,1754,Marseille,,Italie,Exports,Tuilles,,,998,,49900,pièces,0.02,sources/Local/Archives_de_la_CCI_de_Marseille_I_23_Marseille_Exports_1754.csv,Archives de la CCI de Marseille - I 23,24,,,,,Teklia-Jules Oudot,,,0,,,,,,,,,
769,Local,1754,Marseille,,Italie,Exports,Velours,,,10000,,25,pièces,400,sources/Local/Archives_de_la_CCI_de_Marseille_I_23_Marseille_Exports_1754.csv,Archives de la CCI de Marseille - I 23,24,,,,,Teklia-Jules Oudot,,,0,,,,,,,,,
770,Local,1754,Marseille,,Italie,Exports,Verdet,,,106200,,132751,livres,0.8,sources/Local/Archives_de_la_CCI_de_Marseille_I_23_Marseille_Exports_1754.csv,Archives de la CCI de Marseille - I 23,24,,,,,Teklia-Jules Oudot,,,-0.80000000000291,,,,,,,,,
771,Local,1754,Marseille,,Italie,Exports,Vermichel,,,121,,620,livres,0.2,sources/Local/Archives_de_la_CCI_de_Marseille_I_23_Marseille_Exports_1754.csv,Archives de la CCI de Marseille - I 23,24,,,,,Teklia-Jules Oudot,,,-3,,,,,,,,,
772,Local,1754,Marseille,,Italie,Exports,Vermillon,,,13365,,2673,livres,5,sources/Local/Archives_de_la_CCI_de_Marseille_I_23_Marseille_Exports_1754.csv,Archives de la CCI de Marseille - I 23,24,,,,,Teklia-Jules Oudot,,,0,,,,,,,,,
773,Local,1754,Marseille,,Italie,Exports,Verres à boire,,,10528,,10528,livres,1,sources/Local/Archives_de_la_CCI_de_Marseille_I_23_Marseille_Exports_1754.csv,Archives de la CCI de Marseille - I 23,24,,,,,Teklia-Jules Oudot,,,0,,,,,,,,,
774,Local,1754,Marseille,,Italie,Exports,Vin blanc,,,990,,55,millerolle,18,sources/Local/Archives_de_la_CCI_de_Marseille_I_23_Marseille_Exports_1754.csv,Archives de la CCI de Marseille - I 23,24,,,,,Teklia-Jules Oudot,,,0,,,,,,,,,
775,Local,1754,Marseille,,Italie,Exports,Vin de Chypres,,,32240,,403,livres,80,sources/Local/Archives_de_la_CCI_de_Marseille_I_23_Marseille_Exports_1754.csv,Archives de la CCI de Marseille - I 23,24,,,,,Teklia-Jules Oudot,,,0,,,,,,,,,
776,Local,1754,Marseille,,Italie,Exports,Vin muscat,,,18090,,603,livres,30,sources/Local/Archives_de_la_CCI_de_Marseille_I_23_Marseille_Exports_1754.csv,Archives de la CCI de Marseille - I 23,24,,,,,Teklia-Jules Oudot,,,0,,,,,,,,,
777,Local,1754,Marseille,,Italie,Exports,Vin rouge,,,63009,,7001,charges,9,sources/Local/Archives_de_la_CCI_de_Marseille_I_23_Marseille_Exports_1754.csv,Archives de la CCI de Marseille - I 23,24,,,,,Teklia-Jules Oudot,,,0,,,,,,,,,
778,Local,1754,Marseille,,Italie,Exports,Vin rouge,,,506637,,84439.5,milliers,6,sources/Local/Archives_de_la_CCI_de_Marseille_I_23_Marseille_Exports_1754.csv,Archives de la CCI de Marseille - I 23,24,,,,,Teklia-Jules Oudot,,,0,,,,,,,,,
779,Local,1754,Marseille,,Italie,Exports,Vinaigre,,,42,,7,charges,6,sources/Local/Archives_de_la_CCI_de_Marseille_I_23_Marseille_Exports_1754.csv,Archives de la CCI de Marseille - I 23,24,,,,,Teklia-Jules Oudot,,,0,,,,,,,,,
780,Local,1754,Marseille,,Italie,Exports,Vinaigre,,,1816,,454,milliers,4,sources/Local/Archives_de_la_CCI_de_Marseille_I_23_Marseille_Exports_1754.csv,Archives de la CCI de Marseille - I 23,24,,,,,Teklia-Jules Oudot,,,0,,,,,,,,,
781,Local,1754,Marseille,,Italie,Exports,Vitriol de chypres,,,102,,856,livres,0.12,sources/Local/Archives_de_la_CCI_de_Marseille_I_23_Marseille_Exports_1754.csv,Archives de la CCI de Marseille - I 23,24,,,,,Teklia-Jules Oudot,,,-0.719999999999999,,,,,,,,,
782,Local,1754,Marseille,,Italie,Exports,Yvoire,,,600,,150,livres,4,sources/Local/Archives_de_la_CCI_de_Marseille_I_23_Marseille_Exports_1754.csv,Archives de la CCI de Marseille - I 23,24,,,,,Teklia-Jules Oudot,,,0,,,,,,,,,
783,Local,1754,Marseille,,Italie,Exports,Zedoria,,,96,,160,livres,0.6,sources/Local/Archives_de_la_CCI_de_Marseille_I_23_Marseille_Exports_1754.csv,Archives de la CCI de Marseille - I 23,24,,,,,Teklia-Jules Oudot,,,0,,,,,,,,,
784,Local,1754,Marseille,,Le Levant,Exports,Ajamis,,,900,,100,pièces,9,sources/Local/Archives_de_la_CCI_de_Marseille_I_23_Marseille_Exports_1754.csv,Archives de la CCI de Marseille - I 23,24,,,,,Teklia-Jules Oudot,,,0,,,,,,,,,
785,Local,1754,Marseille,,Le Levant,Exports,Alun,,,9462,,78852,livres,0.12,sources/Local/Archives_de_la_CCI_de_Marseille_I_23_Marseille_Exports_1754.csv,Archives de la CCI de Marseille - I 23,24,,,,,Teklia-Jules Oudot,,,-0.239999999999782,,,,,,,,,
786,Local,1754,Marseille,,Le Levant,Exports,Amandes,,,107966,,539831,livres,0.2,sources/Local/Archives_de_la_CCI_de_Marseille_I_23_Marseille_Exports_1754.csv,Archives de la CCI de Marseille - I 23,24,,,,,Teklia-Jules Oudot,,,-0.200000000011642,,,,,,,,,
787,Local,1754,Marseille,,Le Levant,Exports,Ambre karabé,,,200,,200,livres,1,sources/Local/Archives_de_la_CCI_de_Marseille_I_23_Marseille_Exports_1754.csv,Archives de la CCI de Marseille - I 23,24,,,,,Teklia-Jules Oudot,,,0,,,,,,,,,
788,Local,1754,Marseille,,Le Levant,Exports,Amidon,,,2061,,10309,livres,0.2,sources/Local/Archives_de_la_CCI_de_Marseille_I_23_Marseille_Exports_1754.csv,Archives de la CCI de Marseille - I 23,24,,,,,Teklia-Jules Oudot,,,-0.800000000000182,,,,,,,,,
789,Local,1754,Marseille,,Le Levant,Exports,Anis,,,630,,3150,livres,0.2,sources/Local/Archives_de_la_CCI_de_Marseille_I_23_Marseille_Exports_1754.csv,Archives de la CCI de Marseille - I 23,24,,,,,Teklia-Jules Oudot,,,0,,,,,,,,,
790,Local,1754,Marseille,,Le Levant,Exports,Argent vif,,,17748,,4437,livres,4,sources/Local/Archives_de_la_CCI_de_Marseille_I_23_Marseille_Exports_1754.csv,Archives de la CCI de Marseille - I 23,25,,,,,Teklia-Jules Oudot,,,0,,,,,,,,,
791,Local,1754,Marseille,,Le Levant,Exports,Arquifou,,,5295,,35306,livres,0.15,sources/Local/Archives_de_la_CCI_de_Marseille_I_23_Marseille_Exports_1754.csv,Archives de la CCI de Marseille - I 23,25,,,,,Teklia-Jules Oudot,,,-0.899999999999636,,,,,,,,,
792,Local,1754,Marseille,,Le Levant,Exports,Avoine,,,1464,,122,charges,12,sources/Local/Archives_de_la_CCI_de_Marseille_I_23_Marseille_Exports_1754.csv,Archives de la CCI de Marseille - I 23,25,,,,,Teklia-Jules Oudot,,,0,,,,,,,,,
793,Local,1754,Marseille,,Le Levant,Exports,Azur,,,6244,,15610,livres,0.4,sources/Local/Archives_de_la_CCI_de_Marseille_I_23_Marseille_Exports_1754.csv,Archives de la CCI de Marseille - I 23,25,,,,,Teklia-Jules Oudot,,,0,,,,,,,,,
794,Local,1754,Marseille,,Le Levant,Exports,Bas de laine,,,600,,100,livres,6,sources/Local/Archives_de_la_CCI_de_Marseille_I_23_Marseille_Exports_1754.csv,Archives de la CCI de Marseille - I 23,25,,,,,Teklia-Jules Oudot,,,0,,,,,,,,,
795,Local,1754,Marseille,,Le Levant,Exports,Bas de soye,,,7160,,179,livres,40,sources/Local/Archives_de_la_CCI_de_Marseille_I_23_Marseille_Exports_1754.csv,Archives de la CCI de Marseille - I 23,25,,,,,Teklia-Jules Oudot,,,0,,,,,,,,,
796,Local,1754,Marseille,,Le Levant,Exports,Batanony,,,400,,100,pièces,4,sources/Local/Archives_de_la_CCI_de_Marseille_I_23_Marseille_Exports_1754.csv,Archives de la CCI de Marseille - I 23,25,,,,,Teklia-Jules Oudot,,,0,,,,,,,,,
797,Local,1754,Marseille,,Le Levant,Exports,Beurre,,,3240,,8101,livres,0.4,sources/Local/Archives_de_la_CCI_de_Marseille_I_23_Marseille_Exports_1754.csv,Archives de la CCI de Marseille - I 23,25,,,,,Teklia-Jules Oudot,,,-0.400000000000091,,,,,,,,,
798,Local,1754,Marseille,,Le Levant,Exports,Biere,,,80,,1600,livres,0.05,sources/Local/Archives_de_la_CCI_de_Marseille_I_23_Marseille_Exports_1754.csv,Archives de la CCI de Marseille - I 23,25,,,,,Teklia-Jules Oudot,,,0,,,,,,,,,
799,Local,1754,Marseille,,Le Levant,Exports,Bled froment,,,35940,,1797,charges,20,sources/Local/Archives_de_la_CCI_de_Marseille_I_23_Marseille_Exports_1754.csv,Archives de la CCI de Marseille - I 23,25,,,,,Teklia-Jules Oudot,,,0,,,,,,,,,
800,Local,1754,Marseille,,Le Levant,Exports,Bois du brezil,,,6383,,25532,livres,0.25,sources/Local/Archives_de_la_CCI_de_Marseille_I_23_Marseille_Exports_1754.csv,Archives de la CCI de Marseille - I 23,25,,,,,Teklia-Jules Oudot,,Le prix est convenable. Je change la valeur qui était 6333,0,,,,,,,,,
801,Local,1754,Marseille,,Le Levant,Exports,Bois de campech,,,4273,,28488,livres,0.15,sources/Local/Archives_de_la_CCI_de_Marseille_I_23_Marseille_Exports_1754.csv,Archives de la CCI de Marseille - I 23,25,,,,,Teklia-Jules Oudot,,,-0.199999999999818,,,,,,,,,
802,Local,1754,Marseille,,Le Levant,Exports,Bois de construction,,,1500,,100,pièces,15,sources/Local/Archives_de_la_CCI_de_Marseille_I_23_Marseille_Exports_1754.csv,Archives de la CCI de Marseille - I 23,25,,,,,Teklia-Jules Oudot,,,0,,,,,,,,,
803,Local,1754,Marseille,,Le Levant,Exports,Bois fustel,,,60,,600,livres,0.1,sources/Local/Archives_de_la_CCI_de_Marseille_I_23_Marseille_Exports_1754.csv,Archives de la CCI de Marseille - I 23,25,,,,,Teklia-Jules Oudot,,,0,,,,,,,,,
804,Local,1754,Marseille,,Le Levant,Exports,Bonnet de laine,,,608790,,20293,douzaines,30,sources/Local/Archives_de_la_CCI_de_Marseille_I_23_Marseille_Exports_1754.csv,Archives de la CCI de Marseille - I 23,25,,,,,Teklia-Jules Oudot,,Prix raisonnable. Erreur de calcul ? Je change la valeur qui est 600690,0,,,,,,,,,
805,Local,1754,Marseille,,Le Levant,Exports,Bonnet de soye,,,101720,,2543,livres,40,sources/Local/Archives_de_la_CCI_de_Marseille_I_23_Marseille_Exports_1754.csv,Archives de la CCI de Marseille - I 23,25,,,,,Teklia-Jules Oudot,,,0,,,,,,,,,
806,Local,1754,Marseille,,Le Levant,Exports,Bouteilles de verre,,,820,,4100,livres,0.2,sources/Local/Archives_de_la_CCI_de_Marseille_I_23_Marseille_Exports_1754.csv,Archives de la CCI de Marseille - I 23,25,,,,,Teklia-Jules Oudot,,,0,,,,,,,,,
807,Local,1754,Marseille,,Le Levant,Exports,Bray,,,2855,,19035,livres,0.15,sources/Local/Archives_de_la_CCI_de_Marseille_I_23_Marseille_Exports_1754.csv,Archives de la CCI de Marseille - I 23,25,,,,,Teklia-Jules Oudot,,,-0.25,,,,,,,,,
808,Local,1754,Marseille,,Le Levant,Exports,Brun rouge,,,3093,,123735,livres,0.025,sources/Local/Archives_de_la_CCI_de_Marseille_I_23_Marseille_Exports_1754.csv,Archives de la CCI de Marseille - I 23,25,,,,,Teklia-Jules Oudot,,Prix en deniers,-0.375,,,,,,,,,
809,Local,1754,Marseille,,Le Levant,Exports,Cacao,,,30769,,21978,livres,1.4,sources/Local/Archives_de_la_CCI_de_Marseille_I_23_Marseille_Exports_1754.csv,Archives de la CCI de Marseille - I 23,25,,,,,Teklia-Jules Oudot,,,-0.19999999999709,,,,,,,,,
810,Local,1754,Marseille,,Le Levant,Exports,Caffé,,,1975528,,1411092,livres,1.4,sources/Local/Archives_de_la_CCI_de_Marseille_I_23_Marseille_Exports_1754.csv,Archives de la CCI de Marseille - I 23,25,,,,,Teklia-Jules Oudot,,,-0.799999999813736,,,,,,,,,
811,Local,1754,Marseille,,Le Levant,Exports,Caillemandre,,,7280,,910,livres,8,sources/Local/Archives_de_la_CCI_de_Marseille_I_23_Marseille_Exports_1754.csv,Archives de la CCI de Marseille - I 23,25,,,,,Teklia-Jules Oudot,,,0,,,,,,,,,
812,Local,1754,Marseille,,Le Levant,Exports,Canefice,,,500,,500,livres,1,sources/Local/Archives_de_la_CCI_de_Marseille_I_23_Marseille_Exports_1754.csv,Archives de la CCI de Marseille - I 23,25,,,,,Teklia-Jules Oudot,,,0,,,,,,,,,
813,Local,1754,Marseille,,Le Levant,Exports,Canelle,,,71940,,11990,livres,6,sources/Local/Archives_de_la_CCI_de_Marseille_I_23_Marseille_Exports_1754.csv,Archives de la CCI de Marseille - I 23,25,,,,,Teklia-Jules Oudot,,,0,,,,,,,,,
814,Local,1754,Marseille,,Le Levant,Exports,Capres,,,330,,1100,livres,0.3,sources/Local/Archives_de_la_CCI_de_Marseille_I_23_Marseille_Exports_1754.csv,Archives de la CCI de Marseille - I 23,25,,,,,Teklia-Jules Oudot,,,0,,,,,,,,,
815,Local,1754,Marseille,,Le Levant,Exports,Cardes a carder,,,1335,,445,paires,3,sources/Local/Archives_de_la_CCI_de_Marseille_I_23_Marseille_Exports_1754.csv,Archives de la CCI de Marseille - I 23,25,,,,,Teklia-Jules Oudot,,,0,,,,,,,,,
816,Local,1754,Marseille,,Le Levant,Exports,Cardes à carder,,,28462,,18975,livres,1.5,sources/Local/Archives_de_la_CCI_de_Marseille_I_23_Marseille_Exports_1754.csv,Archives de la CCI de Marseille - I 23,25,,,,,Teklia-Jules Oudot,,,-0.5,,,,,,,,,
817,Local,1754,Marseille,,Le Levant,Exports,Cartes à jouer,,,8010,,445,grosses,18,sources/Local/Archives_de_la_CCI_de_Marseille_I_23_Marseille_Exports_1754.csv,Archives de la CCI de Marseille - I 23,25,,,,,Teklia-Jules Oudot,,,0,,,,,,,,,
818,Local,1754,Marseille,,Le Levant,Exports,Cartes à jouer,,,7570,,3785,livres,2,sources/Local/Archives_de_la_CCI_de_Marseille_I_23_Marseille_Exports_1754.csv,Archives de la CCI de Marseille - I 23,25,,,,,Teklia-Jules Oudot,,,0,,,,,,,,,
819,Local,1754,Marseille,,Le Levant,Exports,Cendres gravelées,,,64,,800,livres,0.08,sources/Local/Archives_de_la_CCI_de_Marseille_I_23_Marseille_Exports_1754.csv,Archives de la CCI de Marseille - I 23,25,,,,,Teklia-Jules Oudot,,,0,,,,,,,,,
820,Local,1754,Marseille,,Le Levant,Exports,Ceruse,,,2850,,14250,livres,0.2,sources/Local/Archives_de_la_CCI_de_Marseille_I_23_Marseille_Exports_1754.csv,Archives de la CCI de Marseille - I 23,25,,,,,Teklia-Jules Oudot,,,0,,,,,,,,,
821,Local,1754,Marseille,,Le Levant,Exports,Chaises de paille,,,690,,46,douzaines,15,sources/Local/Archives_de_la_CCI_de_Marseille_I_23_Marseille_Exports_1754.csv,Archives de la CCI de Marseille - I 23,26,,,,,Teklia-Jules Oudot,,,0,,,,,,,,,
822,Local,1754,Marseille,,Le Levant,Exports,Chandelles,,,697,,1549,livres,0.45,sources/Local/Archives_de_la_CCI_de_Marseille_I_23_Marseille_Exports_1754.csv,Archives de la CCI de Marseille - I 23,26,,,,,Teklia-Jules Oudot,,,-0.0500000000000682,,,,,,,,,
823,Local,1754,Marseille,,Le Levant,Exports,Chapeau poil et laine,,,12048,,251,douzaines,48,sources/Local/Archives_de_la_CCI_de_Marseille_I_23_Marseille_Exports_1754.csv,Archives de la CCI de Marseille - I 23,26,,,,,Teklia-Jules Oudot,,,0,,,,,,,,,
824,Local,1754,Marseille,,Le Levant,Exports,Charbon de terre,,,500,,200,chapeaux,2.5,sources/Local/Archives_de_la_CCI_de_Marseille_I_23_Marseille_Exports_1754.csv,Archives de la CCI de Marseille - I 23,26,,,,,Teklia-Jules Oudot,,,0,,,,,,,,,
825,Local,1754,Marseille,,Le Levant,Exports,Chataignes,,,3049,,60995,livres,0.05,sources/Local/Archives_de_la_CCI_de_Marseille_I_23_Marseille_Exports_1754.csv,Archives de la CCI de Marseille - I 23,26,,,,,Teklia-Jules Oudot,,,-0.75,,,,,,,,,
826,Local,1754,Marseille,,Le Levant,Exports,Chocolat,,,100,,50,livres,2,sources/Local/Archives_de_la_CCI_de_Marseille_I_23_Marseille_Exports_1754.csv,Archives de la CCI de Marseille - I 23,26,,,,,Teklia-Jules Oudot,,,0,,,,,,,,,
827,Local,1754,Marseille,,Le Levant,Exports,Coton filé,,,1122,,1020,livres,1.1,sources/Local/Archives_de_la_CCI_de_Marseille_I_23_Marseille_Exports_1754.csv,Archives de la CCI de Marseille - I 23,26,,,,,Teklia-Jules Oudot,,,0,,,,,,,,,
828,Local,1754,Marseille,,Le Levant,Exports,Coton en laine,,,2400,,4800,livres,0.5,sources/Local/Archives_de_la_CCI_de_Marseille_I_23_Marseille_Exports_1754.csv,Archives de la CCI de Marseille - I 23,26,,,,,Teklia-Jules Oudot,,,0,,,,,,,,,
829,Local,1754,Marseille,,Le Levant,Exports,Cire blanche,,,3769,,1795,livres,2.1,sources/Local/Archives_de_la_CCI_de_Marseille_I_23_Marseille_Exports_1754.csv,Archives de la CCI de Marseille - I 23,26,,,,,Teklia-Jules Oudot,,,-0.5,,,,,,,,,
830,Local,1754,Marseille,,Le Levant,Exports,Cire d'espagne,,,2000,,250,livres,8,sources/Local/Archives_de_la_CCI_de_Marseille_I_23_Marseille_Exports_1754.csv,Archives de la CCI de Marseille - I 23,26,,,,,Teklia-Jules Oudot,,,0,,,,,,,,,
831,Local,1754,Marseille,,Le Levant,Exports,Cire jaune,,,450,,300,livres,1.5,sources/Local/Archives_de_la_CCI_de_Marseille_I_23_Marseille_Exports_1754.csv,Archives de la CCI de Marseille - I 23,26,,,,,Teklia-Jules Oudot,,,0,,,,,,,,,
832,Local,1754,Marseille,,Le Levant,Exports,Clous de fer,,,8884,,35539,livres,0.25,sources/Local/Archives_de_la_CCI_de_Marseille_I_23_Marseille_Exports_1754.csv,Archives de la CCI de Marseille - I 23,26,,,,,Teklia-Jules Oudot,,,-0.75,,,,,,,,,
833,Local,1754,Marseille,,Le Levant,Exports,Cochenille,,,972990,,54055,livres,18,sources/Local/Archives_de_la_CCI_de_Marseille_I_23_Marseille_Exports_1754.csv,Archives de la CCI de Marseille - I 23,26,,,,,Teklia-Jules Oudot,,,0,,,,,,,,,
834,Local,1754,Marseille,,Le Levant,Exports,Confitures,,,9935,,9935,livres,1,sources/Local/Archives_de_la_CCI_de_Marseille_I_23_Marseille_Exports_1754.csv,Archives de la CCI de Marseille - I 23,26,,,,,Teklia-Jules Oudot,,,0,,,,,,,,,
835,Local,1754,Marseille,,Le Levant,Exports,Couperose,,,786,,8741,livres,0.09,sources/Local/Archives_de_la_CCI_de_Marseille_I_23_Marseille_Exports_1754.csv,Archives de la CCI de Marseille - I 23,26,,,,,Teklia-Jules Oudot,,,-0.689999999999941,,,,,,,,,
836,Local,1754,Marseille,,Le Levant,Exports,Corail ouvré,,,156320,,977,livres,160,sources/Local/Archives_de_la_CCI_de_Marseille_I_23_Marseille_Exports_1754.csv,Archives de la CCI de Marseille - I 23,26,,,,,Teklia-Jules Oudot,,,0,,,,,,,,,
837,Local,1754,Marseille,,Le Levant,Exports,Cordages de chanvre,,,14985,,49951,livres,0.3,sources/Local/Archives_de_la_CCI_de_Marseille_I_23_Marseille_Exports_1754.csv,Archives de la CCI de Marseille - I 23,26,,,,,Teklia-Jules Oudot,,,-0.299999999999272,,,,,,,,,
838,Local,1754,Marseille,,Le Levant,Exports,Cordages d'esparts,,,620,,31,douzaines,20,sources/Local/Archives_de_la_CCI_de_Marseille_I_23_Marseille_Exports_1754.csv,Archives de la CCI de Marseille - I 23,26,,,,,Teklia-Jules Oudot,,,0,,,,,,,,,
839,Local,1754,Marseille,,Le Levant,Exports,Couteaux,,,4968,,207,grosses,24,sources/Local/Archives_de_la_CCI_de_Marseille_I_23_Marseille_Exports_1754.csv,Archives de la CCI de Marseille - I 23,26,,,,,Teklia-Jules Oudot,,,0,,,,,,,,,
840,Local,1754,Marseille,,Le Levant,Exports,Couteaux,,,10222,,5111,livres,2,sources/Local/Archives_de_la_CCI_de_Marseille_I_23_Marseille_Exports_1754.csv,Archives de la CCI de Marseille - I 23,26,,,,,Teklia-Jules Oudot,,,0,,,,,,,,,
841,Local,1754,Marseille,,Le Levant,Exports,Cuirs de beuf tannés,,,1974,,3290,livres,0.6,sources/Local/Archives_de_la_CCI_de_Marseille_I_23_Marseille_Exports_1754.csv,Archives de la CCI de Marseille - I 23,26,,,,,Teklia-Jules Oudot,,,0,,,,,,,,,
842,Local,1754,Marseille,,Le Levant,Exports,Cuivre ouvré,,,1252,,835,livres,1.5,sources/Local/Archives_de_la_CCI_de_Marseille_I_23_Marseille_Exports_1754.csv,Archives de la CCI de Marseille - I 23,26,,,,,Teklia-Jules Oudot,,,-0.5,,,,,,,,,
843,Local,1754,Marseille,,Le Levant,Exports,Cuivre tangoul,,,5566,,6185,livres,0.9,sources/Local/Archives_de_la_CCI_de_Marseille_I_23_Marseille_Exports_1754.csv,Archives de la CCI de Marseille - I 23,26,,,,,Teklia-Jules Oudot,,,-0.5,,,,,,,,,
844,Local,1754,Marseille,,Le Levant,Exports,Dentelles Dupuy,,,10250,,205,livres,50,sources/Local/Archives_de_la_CCI_de_Marseille_I_23_Marseille_Exports_1754.csv,Archives de la CCI de Marseille - I 23,26,,,,,Teklia-Jules Oudot,,,0,,,,,,,,,
845,Local,1754,Marseille,,Le Levant,Exports,Dents d'elephants,,,900,,600,livres,1.5,sources/Local/Archives_de_la_CCI_de_Marseille_I_23_Marseille_Exports_1754.csv,Archives de la CCI de Marseille - I 23,26,,,,,Teklia-Jules Oudot,,,0,,,,,,,,,
846,Local,1754,Marseille,,Le Levant,Exports,Dorure fine,,,267800,,2678,livres,100,sources/Local/Archives_de_la_CCI_de_Marseille_I_23_Marseille_Exports_1754.csv,Archives de la CCI de Marseille - I 23,26,,,,,Teklia-Jules Oudot,,,0,,,,,,,,,
847,Local,1754,Marseille,,Le Levant,Exports,Draps londrin,,,20381942,,2911706,livres,7,sources/Local/Archives_de_la_CCI_de_Marseille_I_23_Marseille_Exports_1754.csv,Archives de la CCI de Marseille - I 23,26,,,,,Teklia-Jules Oudot,,,0,,,,,,,,,
848,Local,1754,Marseille,,Le Levant,Exports,Draperie petite,,,371412,,123804,livres,3,sources/Local/Archives_de_la_CCI_de_Marseille_I_23_Marseille_Exports_1754.csv,Archives de la CCI de Marseille - I 23,26,,,,,Teklia-Jules Oudot,,,0,,,,,,,,,
849,Local,1754,Marseille,,Le Levant,Exports,Drogueries,,,12350,,12350,livres,1,sources/Local/Archives_de_la_CCI_de_Marseille_I_23_Marseille_Exports_1754.csv,Archives de la CCI de Marseille - I 23,26,,,,,Teklia-Jules Oudot,,,0,,,,,,,,,
850,Local,1754,Marseille,,Le Levant,Exports,Eaux de fleur d'orange,,,100,,200,livres,0.5,sources/Local/Archives_de_la_CCI_de_Marseille_I_23_Marseille_Exports_1754.csv,Archives de la CCI de Marseille - I 23,26,,,,,Teklia-Jules Oudot,,,0,,,,,,,,,
851,Local,1754,Marseille,,Le Levant,Exports,Eaux de melisse,,,240,,120,livres,2,sources/Local/Archives_de_la_CCI_de_Marseille_I_23_Marseille_Exports_1754.csv,Archives de la CCI de Marseille - I 23,26,,,,,Teklia-Jules Oudot,,,0,,,,,,,,,
852,Local,1754,Marseille,,Le Levant,Exports,Eau de raisine,,,36,,180,livres,0.2,sources/Local/Archives_de_la_CCI_de_Marseille_I_23_Marseille_Exports_1754.csv,Archives de la CCI de Marseille - I 23,26,,,,,Teklia-Jules Oudot,,,0,,,,,,,,,
853,Local,1754,Marseille,,Le Levant,Exports,Eau de la reine d'hongrie,,,3262,,4350,livres,0.75,sources/Local/Archives_de_la_CCI_de_Marseille_I_23_Marseille_Exports_1754.csv,Archives de la CCI de Marseille - I 23,26,,,,,Teklia-Jules Oudot,,,-0.5,,,,,,,,,
854,Local,1754,Marseille,,Le Levant,Exports,Eau de vie,,,9580,,63870,livres,0.15,sources/Local/Archives_de_la_CCI_de_Marseille_I_23_Marseille_Exports_1754.csv,Archives de la CCI de Marseille - I 23,26,,,,,Teklia-Jules Oudot,,,-0.5,,,,,,,,,
855,Local,1754,Marseille,,Le Levant,Exports,Encens,,,783,,1567,livres,0.5,sources/Local/Archives_de_la_CCI_de_Marseille_I_23_Marseille_Exports_1754.csv,Archives de la CCI de Marseille - I 23,27,,,,,Teklia-Jules Oudot,,,-0.5,,,,,,,,,
856,Local,1754,Marseille,,Le Levant,Exports,Epicerie,,,27830,,2783,livres,10,sources/Local/Archives_de_la_CCI_de_Marseille_I_23_Marseille_Exports_1754.csv,Archives de la CCI de Marseille - I 23,27,,,,,Teklia-Jules Oudot,,,0,,,,,,,,,
857,Local,1754,Marseille,,Le Levant,Exports,Escamittes,,,100,,100,livres,1,sources/Local/Archives_de_la_CCI_de_Marseille_I_23_Marseille_Exports_1754.csv,Archives de la CCI de Marseille - I 23,27,,,,,Teklia-Jules Oudot,,,0,,,,,,,,,
858,Local,1754,Marseille,,Le Levant,Exports,Escayolle,,,36,,610,livres,0.06,sources/Local/Archives_de_la_CCI_de_Marseille_I_23_Marseille_Exports_1754.csv,Archives de la CCI de Marseille - I 23,27,,,,,Teklia-Jules Oudot,,,-0.600000000000001,,,,,,,,,
859,Local,1754,Marseille,,Le Levant,Exports,Etain ouvré,,,241230,,160820,livres,1.5,sources/Local/Archives_de_la_CCI_de_Marseille_I_23_Marseille_Exports_1754.csv,Archives de la CCI de Marseille - I 23,27,,,,,Teklia-Jules Oudot,,,0,,,,,,,,,
860,Local,1754,Marseille,,Le Levant,Exports,Etoffe de soye,,,140880,,3522,livres,40,sources/Local/Archives_de_la_CCI_de_Marseille_I_23_Marseille_Exports_1754.csv,Archives de la CCI de Marseille - I 23,27,,,,,Teklia-Jules Oudot,,,0,,,,,,,,,
861,Local,1754,Marseille,,Le Levant,Exports,Etoupe de soye,,,72,,180,livres,0.4,sources/Local/Archives_de_la_CCI_de_Marseille_I_23_Marseille_Exports_1754.csv,Archives de la CCI de Marseille - I 23,27,,,,,Teklia-Jules Oudot,,,0,,,,,,,,,
862,Local,1754,Marseille,,Le Levant,Exports,Eventails fins,,,5416,,677,livres,8,sources/Local/Archives_de_la_CCI_de_Marseille_I_23_Marseille_Exports_1754.csv,Archives de la CCI de Marseille - I 23,27,,,,,Teklia-Jules Oudot,,,0,,,,,,,,,
863,Local,1754,Marseille,,Le Levant,Exports,Euphorbe,,,90,,600,livres,0.15,sources/Local/Archives_de_la_CCI_de_Marseille_I_23_Marseille_Exports_1754.csv,Archives de la CCI de Marseille - I 23,27,,,,,Teklia-Jules Oudot,,,0,,,,,,,,,
864,Local,1754,Marseille,,Le Levant,Exports,Fayance,,,14710,,29420,livres,0.5,sources/Local/Archives_de_la_CCI_de_Marseille_I_23_Marseille_Exports_1754.csv,Archives de la CCI de Marseille - I 23,27,,,,,Teklia-Jules Oudot,,,0,,,,,,,,,
865,Local,1754,Marseille,,Le Levant,Exports,Fer en barres,,,73701.18,,508284,livres,0.145,sources/Local/Archives_de_la_CCI_de_Marseille_I_23_Marseille_Exports_1754.csv,Archives de la CCI de Marseille - I 23,27,,,,,Teklia-Jules Oudot,,Prix raisonnable. Erreur de calcul ? Je change la valeur qui était 71154,0,,,,,,,,,
866,Local,1754,Marseille,,Le Levant,Exports,Fer blanc,,,40800,,20400,livres,2,sources/Local/Archives_de_la_CCI_de_Marseille_I_23_Marseille_Exports_1754.csv,Archives de la CCI de Marseille - I 23,27,,,,,Teklia-Jules Oudot,,,0,,,,,,,,,
867,Local,1754,Marseille,,Le Levant,Exports,Fer vieux,,,460,,9200,livres,0.05,sources/Local/Archives_de_la_CCI_de_Marseille_I_23_Marseille_Exports_1754.csv,Archives de la CCI de Marseille - I 23,27,,,,,Teklia-Jules Oudot,,,0,,,,,,,,,
868,Local,1754,Marseille,,Le Levant,Exports,Fiscelle,,,30,,100,livres,0.3,sources/Local/Archives_de_la_CCI_de_Marseille_I_23_Marseille_Exports_1754.csv,Archives de la CCI de Marseille - I 23,27,,,,,Teklia-Jules Oudot,,,0,,,,,,,,,
869,Local,1754,Marseille,,Le Levant,Exports,Figues,,,300,,3000,livres,0.1,sources/Local/Archives_de_la_CCI_de_Marseille_I_23_Marseille_Exports_1754.csv,Archives de la CCI de Marseille - I 23,27,,,,,Teklia-Jules Oudot,,,0,,,,,,,,,
870,Local,1754,Marseille,,Le Levant,Exports,Fil blanc,,,2800,,1400,livres,2,sources/Local/Archives_de_la_CCI_de_Marseille_I_23_Marseille_Exports_1754.csv,Archives de la CCI de Marseille - I 23,27,,,,,Teklia-Jules Oudot,,,0,,,,,,,,,
871,Local,1754,Marseille,,Le Levant,Exports,Fil à Coudre,,,7570,,3785,livres,2,sources/Local/Archives_de_la_CCI_de_Marseille_I_23_Marseille_Exports_1754.csv,Archives de la CCI de Marseille - I 23,27,,,,,Teklia-Jules Oudot,,,0,,,,,,,,,
872,Local,1754,Marseille,,Le Levant,Exports,Fil de fer,,,750,,1500,livres,0.5,sources/Local/Archives_de_la_CCI_de_Marseille_I_23_Marseille_Exports_1754.csv,Archives de la CCI de Marseille - I 23,27,,,,,Teklia-Jules Oudot,,,0,,,,,,,,,
873,Local,1754,Marseille,,Le Levant,Exports,Fil de laiton,,,11826,,7884,livres,1.5,sources/Local/Archives_de_la_CCI_de_Marseille_I_23_Marseille_Exports_1754.csv,Archives de la CCI de Marseille - I 23,27,,,,,Teklia-Jules Oudot,,,0,,,,,,,,,
874,Local,1754,Marseille,,Le Levant,Exports,Flanelle,,,2778,,2223,livres,1.25,sources/Local/Archives_de_la_CCI_de_Marseille_I_23_Marseille_Exports_1754.csv,Archives de la CCI de Marseille - I 23,27,,,,,Teklia-Jules Oudot,,,-0.75,,,,,,,,,
875,Local,1754,Marseille,,Le Levant,Exports,Fleurs d'aspic,,,809,,4049,livres,0.2,sources/Local/Archives_de_la_CCI_de_Marseille_I_23_Marseille_Exports_1754.csv,Archives de la CCI de Marseille - I 23,27,,,,,Teklia-Jules Oudot,,,-0.800000000000068,,,,,,,,,
876,Local,1754,Marseille,,Le Levant,Exports,Fromage,,,5549,,18498,livres,0.3,sources/Local/Archives_de_la_CCI_de_Marseille_I_23_Marseille_Exports_1754.csv,Archives de la CCI de Marseille - I 23,27,,,,,Teklia-Jules Oudot,,,-0.399999999999636,,,,,,,,,
877,Local,1754,Marseille,,Le Levant,Exports,Galles,,,365,,730,livres,0.5,sources/Local/Archives_de_la_CCI_de_Marseille_I_23_Marseille_Exports_1754.csv,Archives de la CCI de Marseille - I 23,27,,,,,Teklia-Jules Oudot,,,0,,,,,,,,,
878,Local,1754,Marseille,,Le Levant,Exports,Garence,,,1040,,2602,livres,0.4,sources/Local/Archives_de_la_CCI_de_Marseille_I_23_Marseille_Exports_1754.csv,Archives de la CCI de Marseille - I 23,27,,,,,Teklia-Jules Oudot,,,-0.799999999999955,,,,,,,,,
879,Local,1754,Marseille,,Le Levant,Exports,Goudron,,,224,,2800,livres,0.08,sources/Local/Archives_de_la_CCI_de_Marseille_I_23_Marseille_Exports_1754.csv,Archives de la CCI de Marseille - I 23,27,,,,,Teklia-Jules Oudot,,,0,,,,,,,,,
880,Local,1754,Marseille,,Le Levant,Exports,Gerles de terre,,,200,,50,pièces,4,sources/Local/Archives_de_la_CCI_de_Marseille_I_23_Marseille_Exports_1754.csv,Archives de la CCI de Marseille - I 23,27,,,,,Teklia-Jules Oudot,,,0,,,,,,,,,
881,Local,1754,Marseille,,Le Levant,Exports,Gerofle,,,158907,,22701,livres,7,sources/Local/Archives_de_la_CCI_de_Marseille_I_23_Marseille_Exports_1754.csv,Archives de la CCI de Marseille - I 23,27,,,,,Teklia-Jules Oudot,,,0,,,,,,,,,
882,Local,1754,Marseille,,Le Levant,Exports,Gingembre,,,41828,,104570,livres,0.4,sources/Local/Archives_de_la_CCI_de_Marseille_I_23_Marseille_Exports_1754.csv,Archives de la CCI de Marseille - I 23,27,,,,,Teklia-Jules Oudot,,Prix trop faible. Je suppose 0.4 (8 sols) qui est le prix modal plutôt que 3 sols,0,,,,,,,,,
883,Local,1754,Marseille,,Le Levant,Exports,Gomme lacque,,,300,,240,livres,1.25,sources/Local/Archives_de_la_CCI_de_Marseille_I_23_Marseille_Exports_1754.csv,Archives de la CCI de Marseille - I 23,27,,,,,Teklia-Jules Oudot,,,0,,,,,,,,,
884,Local,1754,Marseille,,Le Levant,Exports,Grabeau de cochenille,,,15380,,1538,livres,10,sources/Local/Archives_de_la_CCI_de_Marseille_I_23_Marseille_Exports_1754.csv,Archives de la CCI de Marseille - I 23,27,,,,,Teklia-Jules Oudot,,,0,,,,,,,,,
885,Local,1754,Marseille,,Le Levant,Exports,Grabeau d'encens,,,434,,2171,livres,0.2,sources/Local/Archives_de_la_CCI_de_Marseille_I_23_Marseille_Exports_1754.csv,Archives de la CCI de Marseille - I 23,27,,,,,Teklia-Jules Oudot,,,-0.200000000000045,,,,,,,,,
886,Local,1754,Marseille,,Le Levant,Exports,Grabeau d'indigo,,,86355,,19190,livres,4.5,sources/Local/Archives_de_la_CCI_de_Marseille_I_23_Marseille_Exports_1754.csv,Archives de la CCI de Marseille - I 23,27,,,,,Teklia-Jules Oudot,,,0,,,,,,,,,
887,Local,1754,Marseille,,Le Levant,Exports,Grabeau de sené,,,90,,300,livres,0.3,sources/Local/Archives_de_la_CCI_de_Marseille_I_23_Marseille_Exports_1754.csv,Archives de la CCI de Marseille - I 23,27,,,,,Teklia-Jules Oudot,,,0,,,,,,,,,
888,Local,1754,Marseille,,Le Levant,Exports,Graine d'aspic,,,1562,,15623,livres,0.1,sources/Local/Archives_de_la_CCI_de_Marseille_I_23_Marseille_Exports_1754.csv,Archives de la CCI de Marseille - I 23,28,,,,,Teklia-Jules Oudot,,,-0.300000000000182,,,,,,,,,
889,Local,1754,Marseille,,Le Levant,Exports,Graine de chanvre,,,5500,,11000,livres,0.5,sources/Local/Archives_de_la_CCI_de_Marseille_I_23_Marseille_Exports_1754.csv,Archives de la CCI de Marseille - I 23,28,,,,,Teklia-Jules Oudot,,,0,,,,,,,,,
890,Local,1754,Marseille,,Le Levant,Exports,Harangs fumés,,,1488,,62,barrils,24,sources/Local/Archives_de_la_CCI_de_Marseille_I_23_Marseille_Exports_1754.csv,Archives de la CCI de Marseille - I 23,28,,,,,Teklia-Jules Oudot,,,0,,,,,,,,,
891,Local,1754,Marseille,,Le Levant,Exports,Herbes vulnéraires,,,76,,152,livres,0.5,sources/Local/Archives_de_la_CCI_de_Marseille_I_23_Marseille_Exports_1754.csv,Archives de la CCI de Marseille - I 23,28,,,,,Teklia-Jules Oudot,,,0,,,,,,,,,
892,Local,1754,Marseille,,Le Levant,Exports,Huile d'olive,,,36014,,90036,livres,0.4,sources/Local/Archives_de_la_CCI_de_Marseille_I_23_Marseille_Exports_1754.csv,Archives de la CCI de Marseille - I 23,28,,,,,Teklia-Jules Oudot,,,-0.400000000001455,,,,,,,,,
893,Local,1754,Marseille,,Le Levant,Exports,Jambons,,,1260,,2521,livres,0.5,sources/Local/Archives_de_la_CCI_de_Marseille_I_23_Marseille_Exports_1754.csv,Archives de la CCI de Marseille - I 23,28,,,,,Teklia-Jules Oudot,,,-0.5,,,,,,,,,
894,Local,1754,Marseille,,Le Levant,Exports,Indienne,,,12156,,1013,livres,12,sources/Local/Archives_de_la_CCI_de_Marseille_I_23_Marseille_Exports_1754.csv,Archives de la CCI de Marseille - I 23,28,,,,,Teklia-Jules Oudot,,,0,,,,,,,,,
895,Local,1754,Marseille,,Le Levant,Exports,Indigo,,,1601418,,266900,livres,6,sources/Local/Archives_de_la_CCI_de_Marseille_I_23_Marseille_Exports_1754.csv,Archives de la CCI de Marseille - I 23,28,,,,,Teklia-Jules Oudot,,,18,,,,,,,,,
896,Local,1754,Marseille,,Le Levant,Exports,Laine lavée,,,3300,,3000,livres,1.1,sources/Local/Archives_de_la_CCI_de_Marseille_I_23_Marseille_Exports_1754.csv,Archives de la CCI de Marseille - I 23,28,,,,,Teklia-Jules Oudot,,,0,,,,,,,,,
897,Local,1754,Marseille,,Le Levant,Exports,Laine de ségovie,,,161641,,101026,livres,1.6,sources/Local/Archives_de_la_CCI_de_Marseille_I_23_Marseille_Exports_1754.csv,Archives de la CCI de Marseille - I 23,28,,,,,Teklia-Jules Oudot,,,-0.600000000005821,,,,,,,,,
898,Local,1754,Marseille,,Le Levant,Exports,Lard,,,330,,660,livres,0.5,sources/Local/Archives_de_la_CCI_de_Marseille_I_23_Marseille_Exports_1754.csv,Archives de la CCI de Marseille - I 23,28,,,,,Teklia-Jules Oudot,,,0,,,,,,,,,
899,Local,1754,Marseille,,Le Levant,Exports,Legumes,,,2347,,15653,livres,0.15,sources/Local/Archives_de_la_CCI_de_Marseille_I_23_Marseille_Exports_1754.csv,Archives de la CCI de Marseille - I 23,28,,,,,Teklia-Jules Oudot,,,-0.949999999999818,,,,,,,,,
900,Local,1754,Marseille,,Le Levant,Exports,Librairie,,,1300,,650,livres,2,sources/Local/Archives_de_la_CCI_de_Marseille_I_23_Marseille_Exports_1754.csv,Archives de la CCI de Marseille - I 23,28,,,,,Teklia-Jules Oudot,,,0,,,,,,,,,
901,Local,1754,Marseille,,Le Levant,Exports,Liege,,,142,,950,livres,0.15,sources/Local/Archives_de_la_CCI_de_Marseille_I_23_Marseille_Exports_1754.csv,Archives de la CCI de Marseille - I 23,28,,,,,Teklia-Jules Oudot,,,-0.5,,,,,,,,,
902,Local,1754,Marseille,,Le Levant,Exports,Liqueurs,,,59865,,79820,livres,0.75,sources/Local/Archives_de_la_CCI_de_Marseille_I_23_Marseille_Exports_1754.csv,Archives de la CCI de Marseille - I 23,28,,,,,Teklia-Jules Oudot,,,0,,,,,,,,,
903,Local,1754,Marseille,,Le Levant,Exports,Lustres de Venise,,,450,,300,livres,1.5,sources/Local/Archives_de_la_CCI_de_Marseille_I_23_Marseille_Exports_1754.csv,Archives de la CCI de Marseille - I 23,28,,,,,Teklia-Jules Oudot,,,0,,,,,,,,,
904,Local,1754,Marseille,,Le Levant,Exports,Mastic,,,450,,150,livres,3,sources/Local/Archives_de_la_CCI_de_Marseille_I_23_Marseille_Exports_1754.csv,Archives de la CCI de Marseille - I 23,28,,,,,Teklia-Jules Oudot,,,0,,,,,,,,,
905,Local,1754,Marseille,,Le Levant,Exports,Merceries,,,54057,,15445,livres,3.5,sources/Local/Archives_de_la_CCI_de_Marseille_I_23_Marseille_Exports_1754.csv,Archives de la CCI de Marseille - I 23,28,,,,,Teklia-Jules Oudot,,,-0.5,,,,,,,,,
906,Local,1754,Marseille,,Le Levant,Exports,Meules de Moulins,,,80,,2,livres,40,sources/Local/Archives_de_la_CCI_de_Marseille_I_23_Marseille_Exports_1754.csv,Archives de la CCI de Marseille - I 23,28,,,,,Teklia-Jules Oudot,,,0,,,,,,,,,
907,Local,1754,Marseille,,Le Levant,Exports,Miel,,,5748,,38323,livres,0.15,sources/Local/Archives_de_la_CCI_de_Marseille_I_23_Marseille_Exports_1754.csv,Archives de la CCI de Marseille - I 23,28,,,,,Teklia-Jules Oudot,,,-0.449999999999818,,,,,,,,,
908,Local,1754,Marseille,,Le Levant,Exports,Morues seche,,,20203,,134697,livres,0.15,sources/Local/Archives_de_la_CCI_de_Marseille_I_23_Marseille_Exports_1754.csv,Archives de la CCI de Marseille - I 23,28,,,,,Teklia-Jules Oudot,,,-1.54999999999927,,,,,,,,,
909,Local,1754,Marseille,,Le Levant,Exports,Mouchoirs de coton,,,400,,50,pièces,8,sources/Local/Archives_de_la_CCI_de_Marseille_I_23_Marseille_Exports_1754.csv,Archives de la CCI de Marseille - I 23,28,,,,,Teklia-Jules Oudot,,,0,,,,,,,,,
910,Local,1754,Marseille,,Le Levant,Exports,Mouchoirs de soye,,,500,,25,douzaines,20,sources/Local/Archives_de_la_CCI_de_Marseille_I_23_Marseille_Exports_1754.csv,Archives de la CCI de Marseille - I 23,28,,,,,Teklia-Jules Oudot,,,0,,,,,,,,,
911,Local,1754,Marseille,,Le Levant,Exports,Mouchoirs de soye,,,6000,,300,livres,20,sources/Local/Archives_de_la_CCI_de_Marseille_I_23_Marseille_Exports_1754.csv,Archives de la CCI de Marseille - I 23,28,,,,,Teklia-Jules Oudot,,,0,,,,,,,,,
912,Local,1754,Marseille,,Le Levant,Exports,Muscade,,,18090,,2412,livres,7.5,sources/Local/Archives_de_la_CCI_de_Marseille_I_23_Marseille_Exports_1754.csv,Archives de la CCI de Marseille - I 23,28,,,,,Teklia-Jules Oudot,,,0,,,,,,,,,
913,Local,1754,Marseille,,Le Levant,Exports,Olives,,,472,,3150,livres,0.15,sources/Local/Archives_de_la_CCI_de_Marseille_I_23_Marseille_Exports_1754.csv,Archives de la CCI de Marseille - I 23,28,,,,,Teklia-Jules Oudot,,,-0.5,,,,,,,,,
914,Local,1754,Marseille,,Le Levant,Exports,Orpiment,,,453,,1510,livres,0.3,sources/Local/Archives_de_la_CCI_de_Marseille_I_23_Marseille_Exports_1754.csv,Archives de la CCI de Marseille - I 23,28,,,,,Teklia-Jules Oudot,,,0,,,,,,,,,
915,Local,1754,Marseille,,Le Levant,Exports,Papier,,,43894,,87788,livres,0.5,sources/Local/Archives_de_la_CCI_de_Marseille_I_23_Marseille_Exports_1754.csv,Archives de la CCI de Marseille - I 23,28,,,,,Teklia-Jules Oudot,,,0,,,,,,,,,
916,Local,1754,Marseille,,Le Levant,Exports,Parchemin,,,630,,210,livres,3,sources/Local/Archives_de_la_CCI_de_Marseille_I_23_Marseille_Exports_1754.csv,Archives de la CCI de Marseille - I 23,28,,,,,Teklia-Jules Oudot,,,0,,,,,,,,,
917,Local,1754,Marseille,,Le Levant,Exports,Peaux de chamois,,,1512,,1210,livres,1.25,sources/Local/Archives_de_la_CCI_de_Marseille_I_23_Marseille_Exports_1754.csv,Archives de la CCI de Marseille - I 23,28,,,,,Teklia-Jules Oudot,,,-0.5,,,,,,,,,
918,Local,1754,Marseille,,Le Levant,Exports,Peaux de mouton,,,3114,,3114,livres,1,sources/Local/Archives_de_la_CCI_de_Marseille_I_23_Marseille_Exports_1754.csv,Archives de la CCI de Marseille - I 23,28,,,,,Teklia-Jules Oudot,,,0,,,,,,,,,
919,Local,1754,Marseille,,Le Levant,Exports,Peaux de veau,,,3531,,2825,livres,1.25,sources/Local/Archives_de_la_CCI_de_Marseille_I_23_Marseille_Exports_1754.csv,Archives de la CCI de Marseille - I 23,28,,,,,Teklia-Jules Oudot,,,-0.25,,,,,,,,,
920,Local,1754,Marseille,,Le Levant,Exports,Peignes de Buys,,,12600,,8400,livres,1.5,sources/Local/Archives_de_la_CCI_de_Marseille_I_23_Marseille_Exports_1754.csv,Archives de la CCI de Marseille - I 23,28,,,,,Teklia-Jules Oudot,,,0,,,,,,,,,
921,Local,1754,Marseille,,Le Levant,Exports,Pelleterie appretée,,,9387,,3755,livres,2.5,sources/Local/Archives_de_la_CCI_de_Marseille_I_23_Marseille_Exports_1754.csv,Archives de la CCI de Marseille - I 23,29,,,,,Teklia-Jules Oudot,,,-0.5,,,,,,,,,
922,Local,1754,Marseille,,Le Levant,Exports,Pierres a fusil,,,1748,,17484,livres,0.1,sources/Local/Archives_de_la_CCI_de_Marseille_I_23_Marseille_Exports_1754.csv,Archives de la CCI de Marseille - I 23,29,,,,,Teklia-Jules Oudot,,,-0.400000000000091,,,,,,,,,
923,Local,1754,Marseille,,Le Levant,Exports,Pierres a rasoir,,,1600,,1600,livres,1,sources/Local/Archives_de_la_CCI_de_Marseille_I_23_Marseille_Exports_1754.csv,Archives de la CCI de Marseille - I 23,29,,,,,Teklia-Jules Oudot,,,0,,,,,,,,,
924,Local,1754,Marseille,,Le Levant,Exports,Pignons d'épine,,,130,,435,livres,0.3,sources/Local/Archives_de_la_CCI_de_Marseille_I_23_Marseille_Exports_1754.csv,Archives de la CCI de Marseille - I 23,29,,,,,Teklia-Jules Oudot,,,-0.5,,,,,,,,,
925,Local,1754,Marseille,,Le Levant,Exports,Pistaches,,,199,,199,livres,1,sources/Local/Archives_de_la_CCI_de_Marseille_I_23_Marseille_Exports_1754.csv,Archives de la CCI de Marseille - I 23,29,,,,,Teklia-Jules Oudot,,,0,,,,,,,,,
926,Local,1754,Marseille,,Le Levant,Exports,Planches de sapin,,,130,,13,douzaines,10,sources/Local/Archives_de_la_CCI_de_Marseille_I_23_Marseille_Exports_1754.csv,Archives de la CCI de Marseille - I 23,29,,,,,Teklia-Jules Oudot,,,0,,,,,,,,,
927,Local,1754,Marseille,,Le Levant,Exports,Plomb en Grenaille,,,10164,,40659,livres,0.25,sources/Local/Archives_de_la_CCI_de_Marseille_I_23_Marseille_Exports_1754.csv,Archives de la CCI de Marseille - I 23,29,,,,,Teklia-Jules Oudot,,,-0.75,,,,,,,,,
928,Local,1754,Marseille,,Le Levant,Exports,Plomb en Saumon,,,84059,,420288,livres,0.2,sources/Local/Archives_de_la_CCI_de_Marseille_I_23_Marseille_Exports_1754.csv,Archives de la CCI de Marseille - I 23,29,,,,,Teklia-Jules Oudot,,,1.39999999999418,,,,,,,,,
929,Local,1754,Marseille,,Le Levant,Exports,Poil de chevre filé,,,2728,,682,livres,4,sources/Local/Archives_de_la_CCI_de_Marseille_I_23_Marseille_Exports_1754.csv,Archives de la CCI de Marseille - I 23,29,,,,,Teklia-Jules Oudot,,,0,,,,,,,,,
930,Local,1754,Marseille,,Le Levant,Exports,Poisson salé,,,3900,,15602,livres,0.25,sources/Local/Archives_de_la_CCI_de_Marseille_I_23_Marseille_Exports_1754.csv,Archives de la CCI de Marseille - I 23,29,,,,,Teklia-Jules Oudot,,,-0.5,,,,,,,,,
931,Local,1754,Marseille,,Le Levant,Exports,Poivre,,,188332,,171211,livres,1.1,sources/Local/Archives_de_la_CCI_de_Marseille_I_23_Marseille_Exports_1754.csv,Archives de la CCI de Marseille - I 23,29,,,,,Teklia-Jules Oudot,,,-0.100000000005821,,,,,,,,,
932,Local,1754,Marseille,,Le Levant,Exports,Pommes,,,197,,3952,livres,0.05,sources/Local/Archives_de_la_CCI_de_Marseille_I_23_Marseille_Exports_1754.csv,Archives de la CCI de Marseille - I 23,29,,,,,Teklia-Jules Oudot,,,-0.600000000000023,,,,,,,,,
933,Local,1754,Marseille,,Le Levant,Exports,Porcelaine,,,1050,,210,livres,5,sources/Local/Archives_de_la_CCI_de_Marseille_I_23_Marseille_Exports_1754.csv,Archives de la CCI de Marseille - I 23,29,,,,,Teklia-Jules Oudot,,,0,,,,,,,,,
934,Local,1754,Marseille,,Le Levant,Exports,Poudre a canon,,,360,,600,livres,0.6,sources/Local/Archives_de_la_CCI_de_Marseille_I_23_Marseille_Exports_1754.csv,Archives de la CCI de Marseille - I 23,29,,,,,Teklia-Jules Oudot,,,0,,,,,,,,,
935,Local,1754,Marseille,,Le Levant,Exports,Poussière de tartre,,,30,,200,livres,0.15,sources/Local/Archives_de_la_CCI_de_Marseille_I_23_Marseille_Exports_1754.csv,Archives de la CCI de Marseille - I 23,29,,,,,Teklia-Jules Oudot,,,0,,,,,,,,,
936,Local,1754,Marseille,,Le Levant,Exports,Pruneaux,,,8620,,43100,livres,0.2,sources/Local/Archives_de_la_CCI_de_Marseille_I_23_Marseille_Exports_1754.csv,Archives de la CCI de Marseille - I 23,29,,,,,Teklia-Jules Oudot,,,0,,,,,,,,,
937,Local,1754,Marseille,,Le Levant,Exports,Quincaillerie,,,15984,,15984,livres,1,sources/Local/Archives_de_la_CCI_de_Marseille_I_23_Marseille_Exports_1754.csv,Archives de la CCI de Marseille - I 23,29,,,,,Teklia-Jules Oudot,,,0,,,,,,,,,
938,Local,1754,Marseille,,Le Levant,Exports,Quinquina,,,1656,,414,livres,4,sources/Local/Archives_de_la_CCI_de_Marseille_I_23_Marseille_Exports_1754.csv,Archives de la CCI de Marseille - I 23,29,,,,,Teklia-Jules Oudot,,,0,,,,,,,,,
939,Local,1754,Marseille,,Le Levant,Exports,Raisins secs,,,17888,,89442,livres,0.2,sources/Local/Archives_de_la_CCI_de_Marseille_I_23_Marseille_Exports_1754.csv,Archives de la CCI de Marseille - I 23,29,,,,,Teklia-Jules Oudot,,,-0.400000000001455,,,,,,,,,
940,Local,1754,Marseille,,Le Levant,Exports,Ris,,,24571,,204762,livres,0.12,sources/Local/Archives_de_la_CCI_de_Marseille_I_23_Marseille_Exports_1754.csv,Archives de la CCI de Marseille - I 23,29,,,,,Teklia-Jules Oudot,,,-0.43999999999869,,,,,,,,,
941,Local,1754,Marseille,,Le Levant,Exports,Rubans de soye,,,13500,,225,livres,60,sources/Local/Archives_de_la_CCI_de_Marseille_I_23_Marseille_Exports_1754.csv,Archives de la CCI de Marseille - I 23,29,,,,,Teklia-Jules Oudot,,,0,,,,,,,,,
942,Local,1754,Marseille,,Le Levant,Exports,Savon,,,37026,,123421,livres,0.3,sources/Local/Archives_de_la_CCI_de_Marseille_I_23_Marseille_Exports_1754.csv,Archives de la CCI de Marseille - I 23,29,,,,,Teklia-Jules Oudot,,,-0.299999999995634,,,,,,,,,
943,Local,1754,Marseille,,Le Levant,Exports,Saucisson,,,143,,115,livres,1.25,sources/Local/Archives_de_la_CCI_de_Marseille_I_23_Marseille_Exports_1754.csv,Archives de la CCI de Marseille - I 23,29,,,,,Teklia-Jules Oudot,,,-0.75,,,,,,,,,
944,Local,1754,Marseille,,Le Levant,Exports,Sel d'ipsum,,,60,,400,livres,0.15,sources/Local/Archives_de_la_CCI_de_Marseille_I_23_Marseille_Exports_1754.csv,Archives de la CCI de Marseille - I 23,29,,,,,Teklia-Jules Oudot,,,0,,,,,,,,,
945,Local,1754,Marseille,,Le Levant,Exports,Serrures,,,1000,,500,livres,2,sources/Local/Archives_de_la_CCI_de_Marseille_I_23_Marseille_Exports_1754.csv,Archives de la CCI de Marseille - I 23,29,,,,,Teklia-Jules Oudot,,,0,,,,,,,,,
946,Local,1754,Marseille,,Le Levant,Exports,Sirop de Capilaire,,,26502,,26502,livres,1,sources/Local/Archives_de_la_CCI_de_Marseille_I_23_Marseille_Exports_1754.csv,Archives de la CCI de Marseille - I 23,29,,,,,Teklia-Jules Oudot,,,0,,,,,,,,,
947,Local,1754,Marseille,,Le Levant,Exports,Sirop de melasse,,,13587,,169840,livres,0.08,sources/Local/Archives_de_la_CCI_de_Marseille_I_23_Marseille_Exports_1754.csv,Archives de la CCI de Marseille - I 23,29,,,,,Teklia-Jules Oudot,,,-0.200000000000728,,,,,,,,,
948,Local,1754,Marseille,,Le Levant,Exports,Souffre,,,6071,,40479,livres,0.15,sources/Local/Archives_de_la_CCI_de_Marseille_I_23_Marseille_Exports_1754.csv,Archives de la CCI de Marseille - I 23,29,,,,,Teklia-Jules Oudot,,,-0.849999999999454,,,,,,,,,
949,Local,1754,Marseille,,Le Levant,Exports,Soye apretée,,,71060,,3553,livres,20,sources/Local/Archives_de_la_CCI_de_Marseille_I_23_Marseille_Exports_1754.csv,Archives de la CCI de Marseille - I 23,29,,,,,Teklia-Jules Oudot,,,0,,,,,,,,,
950,Local,1754,Marseille,,Le Levant,Exports,Spicaceltica,,,4946,,4946,livres,1,sources/Local/Archives_de_la_CCI_de_Marseille_I_23_Marseille_Exports_1754.csv,Archives de la CCI de Marseille - I 23,29,,,,,Teklia-Jules Oudot,,,0,,,,,,,,,
951,Local,1754,Marseille,,Le Levant,Exports,Sucre blanc,,,942610,,2094691,livres,0.45,sources/Local/Archives_de_la_CCI_de_Marseille_I_23_Marseille_Exports_1754.csv,Archives de la CCI de Marseille - I 23,29,,,,,Teklia-Jules Oudot,,,-0.950000000069849,,,,,,,,,
952,Local,1754,Marseille,,Le Levant,Exports,Sucre brut,,,3686,,10532,livres,0.35,sources/Local/Archives_de_la_CCI_de_Marseille_I_23_Marseille_Exports_1754.csv,Archives de la CCI de Marseille - I 23,29,,,,,Teklia-Jules Oudot,,,-0.199999999999818,,,,,,,,,
953,Local,1754,Marseille,,Le Levant,Exports,Sucre candy,,,226,,226,livres,1,sources/Local/Archives_de_la_CCI_de_Marseille_I_23_Marseille_Exports_1754.csv,Archives de la CCI de Marseille - I 23,29,,,,,Teklia-Jules Oudot,,,0,,,,,,,,,
954,Local,1754,Marseille,,Le Levant,Exports,Sucre rafiné,,,268564,,447608,livres,0.6,sources/Local/Archives_de_la_CCI_de_Marseille_I_23_Marseille_Exports_1754.csv,Archives de la CCI de Marseille - I 23,30,,,,,Teklia-Jules Oudot,,,-0.799999999988359,,,,,,,,,
955,Local,1754,Marseille,,Le Levant,Exports,Suif,,,3204,,8010,livres,0.4,sources/Local/Archives_de_la_CCI_de_Marseille_I_23_Marseille_Exports_1754.csv,Archives de la CCI de Marseille - I 23,30,,,,,Teklia-Jules Oudot,,,0,,,,,,,,,
956,Local,1754,Marseille,,Le Levant,Exports,Tabac ouvré,,,202,,78,livres,2.6,sources/Local/Archives_de_la_CCI_de_Marseille_I_23_Marseille_Exports_1754.csv,Archives de la CCI de Marseille - I 23,30,,,,,Teklia-Jules Oudot,,,-0.800000000000011,,,,,,,,,
957,Local,1754,Marseille,,Le Levant,Exports,Tartre,,,23754,,98975,livres,0.24,sources/Local/Archives_de_la_CCI_de_Marseille_I_23_Marseille_Exports_1754.csv,Archives de la CCI de Marseille - I 23,30,,,,,Teklia-Jules Oudot,,,0,,,,,,,,,
958,Local,1754,Marseille,,Le Levant,Exports,Terebentine,,,64,,160,livres,0.4,sources/Local/Archives_de_la_CCI_de_Marseille_I_23_Marseille_Exports_1754.csv,Archives de la CCI de Marseille - I 23,30,,,,,Teklia-Jules Oudot,,,0,,,,,,,,,
959,Local,1754,Marseille,,Le Levant,Exports,Teraille,,,14409,,205850,livres,0.07,sources/Local/Archives_de_la_CCI_de_Marseille_I_23_Marseille_Exports_1754.csv,Archives de la CCI de Marseille - I 23,30,,,,,Teklia-Jules Oudot,,,-0.500000000001819,,,,,,,,,
960,Local,1754,Marseille,,Le Levant,Exports,Terre d'ombre,,,80,,800,livres,0.1,sources/Local/Archives_de_la_CCI_de_Marseille_I_23_Marseille_Exports_1754.csv,Archives de la CCI de Marseille - I 23,30,,,,,Teklia-Jules Oudot,,,0,,,,,,,,,
961,Local,1754,Marseille,,Le Levant,Exports,Terre en plomb,,,1500,,5000,livres,0.3,sources/Local/Archives_de_la_CCI_de_Marseille_I_23_Marseille_Exports_1754.csv,Archives de la CCI de Marseille - I 23,30,,,,,Teklia-Jules Oudot,,,0,,,,,,,,,
962,Local,1754,Marseille,,Le Levant,Exports,Thé,,,1050,,300,livres,3.5,sources/Local/Archives_de_la_CCI_de_Marseille_I_23_Marseille_Exports_1754.csv,Archives de la CCI de Marseille - I 23,30,,,,,Teklia-Jules Oudot,,,0,,,,,,,,,
963,Local,1754,Marseille,,Le Levant,Exports,Toile d'aman,,,300,,20,pièces,15,sources/Local/Archives_de_la_CCI_de_Marseille_I_23_Marseille_Exports_1754.csv,Archives de la CCI de Marseille - I 23,30,,,,,Teklia-Jules Oudot,,,0,,,,,,,,,
964,Local,1754,Marseille,,Le Levant,Exports,Toile cirée,,,136,,105,livres,1.3,sources/Local/Archives_de_la_CCI_de_Marseille_I_23_Marseille_Exports_1754.csv,Archives de la CCI de Marseille - I 23,30,,,,,Teklia-Jules Oudot,,,-0.5,,,,,,,,,
965,Local,1754,Marseille,,Le Levant,Exports,Toile cordat,,,360,,600,livres,0.6,sources/Local/Archives_de_la_CCI_de_Marseille_I_23_Marseille_Exports_1754.csv,Archives de la CCI de Marseille - I 23,30,,,,,Teklia-Jules Oudot,,,0,,,,,,,,,
966,Local,1754,Marseille,,Le Levant,Exports,Toileries diverses,,,114296,,28574,livres,4,sources/Local/Archives_de_la_CCI_de_Marseille_I_23_Marseille_Exports_1754.csv,Archives de la CCI de Marseille - I 23,30,,,,,Teklia-Jules Oudot,,,0,,,,,,,,,
967,Local,1754,Marseille,,Le Levant,Exports,Truffes,,,600,,150,livres,4,sources/Local/Archives_de_la_CCI_de_Marseille_I_23_Marseille_Exports_1754.csv,Archives de la CCI de Marseille - I 23,30,,,,,Teklia-Jules Oudot,,,0,,,,,,,,,
968,Local,1754,Marseille,,Le Levant,Exports,Verdet,,,31334,,39168,livres,0.8,sources/Local/Archives_de_la_CCI_de_Marseille_I_23_Marseille_Exports_1754.csv,Archives de la CCI de Marseille - I 23,30,,,,,Teklia-Jules Oudot,,,-0.400000000001455,,,,,,,,,
969,Local,1754,Marseille,,Le Levant,Exports,Vermillon,,,47700,,9540,livres,5,sources/Local/Archives_de_la_CCI_de_Marseille_I_23_Marseille_Exports_1754.csv,Archives de la CCI de Marseille - I 23,30,,,,,Teklia-Jules Oudot,,,0,,,,,,,,,
970,Local,1754,Marseille,,Le Levant,Exports,Verres à boire,,,4720,,4720,livres,1,sources/Local/Archives_de_la_CCI_de_Marseille_I_23_Marseille_Exports_1754.csv,Archives de la CCI de Marseille - I 23,30,,,,,Teklia-Jules Oudot,,,0,,,,,,,,,
971,Local,1754,Marseille,,Le Levant,Exports,Vin blanc,,,360,,20,millerolles,18,sources/Local/Archives_de_la_CCI_de_Marseille_I_23_Marseille_Exports_1754.csv,Archives de la CCI de Marseille - I 23,30,,,,,Teklia-Jules Oudot,,,0,,,,,,,,,
972,Local,1754,Marseille,,Le Levant,Exports,Vin cuit,,,72,,3,livres,24,sources/Local/Archives_de_la_CCI_de_Marseille_I_23_Marseille_Exports_1754.csv,Archives de la CCI de Marseille - I 23,30,,,,,Teklia-Jules Oudot,,,0,,,,,,,,,
973,Local,1754,Marseille,,Le Levant,Exports,Vin muscat,,,1290,,43,livres,30,sources/Local/Archives_de_la_CCI_de_Marseille_I_23_Marseille_Exports_1754.csv,Archives de la CCI de Marseille - I 23,30,,,,,Teklia-Jules Oudot,,,0,,,,,,,,,
974,Local,1754,Marseille,,Le Levant,Exports,Vin rouge,,,234,,26,charges,9,sources/Local/Archives_de_la_CCI_de_Marseille_I_23_Marseille_Exports_1754.csv,Archives de la CCI de Marseille - I 23,30,,,,,Teklia-Jules Oudot,,,0,,,,,,,,,
975,Local,1754,Marseille,,Le Levant,Exports,Vin rouge,,,172038,,28673,milliers,6,sources/Local/Archives_de_la_CCI_de_Marseille_I_23_Marseille_Exports_1754.csv,Archives de la CCI de Marseille - I 23,30,,,,,Teklia-Jules Oudot,,,0,,,,,,,,,
976,Local,1754,Marseille,,Le Levant,Exports,Vinaigre,,,508,,127,livres,4,sources/Local/Archives_de_la_CCI_de_Marseille_I_23_Marseille_Exports_1754.csv,Archives de la CCI de Marseille - I 23,30,,,,,Teklia-Jules Oudot,,,0,,,,,,,,,
977,Local,1754,Marseille,,Le Nord qui comprend les villes anseatiques,Exports,Ajamis,,,261,,29,pièces,9,sources/Local/Archives_de_la_CCI_de_Marseille_I_23_Marseille_Exports_1754.csv,Archives de la CCI de Marseille - I 23,30,,,,,Teklia-Jules Oudot,,,0,,,,,,,,,
978,Local,1754,Marseille,,Le Nord qui comprend les villes anseatiques,Exports,Alun,,,123,,1027,livres,0.12,sources/Local/Archives_de_la_CCI_de_Marseille_I_23_Marseille_Exports_1754.csv,Archives de la CCI de Marseille - I 23,30,,,,,Teklia-Jules Oudot,,,-0.239999999999995,,,,,,,,,
979,Local,1754,Marseille,,Le Nord qui comprend les villes anseatiques,Exports,Amandes,,,82889,,414449,livres,0.2,sources/Local/Archives_de_la_CCI_de_Marseille_I_23_Marseille_Exports_1754.csv,Archives de la CCI de Marseille - I 23,30,,,,,Teklia-Jules Oudot,,,-0.80000000000291,,,,,,,,,
980,Local,1754,Marseille,,Le Nord qui comprend les villes anseatiques,Exports,Amidon,,,32,,160,livres,0.2,sources/Local/Archives_de_la_CCI_de_Marseille_I_23_Marseille_Exports_1754.csv,Archives de la CCI de Marseille - I 23,30,,,,,Teklia-Jules Oudot,,,0,,,,,,,,,
981,Local,1754,Marseille,,Le Nord qui comprend les villes anseatiques,Exports,Anis,,,604,,3022,livres,0.2,sources/Local/Archives_de_la_CCI_de_Marseille_I_23_Marseille_Exports_1754.csv,Archives de la CCI de Marseille - I 23,30,,,,,Teklia-Jules Oudot,,,-0.399999999999977,,,,,,,,,
982,Local,1754,Marseille,,Le Nord qui comprend les villes anseatiques,Exports,Arquifou,,,636,,4243,livres,0.15,sources/Local/Archives_de_la_CCI_de_Marseille_I_23_Marseille_Exports_1754.csv,Archives de la CCI de Marseille - I 23,30,,,,,Teklia-Jules Oudot,,,-0.449999999999932,,,,,,,,,
983,Local,1754,Marseille,,Le Nord qui comprend les villes anseatiques,Exports,Asa foetida,,,2715,,1810,livres,1.5,sources/Local/Archives_de_la_CCI_de_Marseille_I_23_Marseille_Exports_1754.csv,Archives de la CCI de Marseille - I 23,30,,,,,Teklia-Jules Oudot,,,0,,,,,,,,,
984,Local,1754,Marseille,,Le Nord qui comprend les villes anseatiques,Exports,Bois de fustel,,,695,,6859,livres,0.1,sources/Local/Archives_de_la_CCI_de_Marseille_I_23_Marseille_Exports_1754.csv,Archives de la CCI de Marseille - I 23,30,,,,,Teklia-Jules Oudot,,,9.09999999999991,,,,,,,,,
985,Local,1754,Marseille,,Le Nord qui comprend les villes anseatiques,Exports,Cacao,,,4180,,2986,livres,1.4,sources/Local/Archives_de_la_CCI_de_Marseille_I_23_Marseille_Exports_1754.csv,Archives de la CCI de Marseille - I 23,31,,,,,Teklia-Jules Oudot,,,-0.399999999999636,,,,,,,,,
986,Local,1754,Marseille,,Le Nord qui comprend les villes anseatiques,Exports,Caffé,,,472339,,337385,livres,1.4,sources/Local/Archives_de_la_CCI_de_Marseille_I_23_Marseille_Exports_1754.csv,Archives de la CCI de Marseille - I 23,31,,,,,Teklia-Jules Oudot,,,0,,,,,,,,,
987,Local,1754,Marseille,,Le Nord qui comprend les villes anseatiques,Exports,Canelle,,,2100,,350,livres,6,sources/Local/Archives_de_la_CCI_de_Marseille_I_23_Marseille_Exports_1754.csv,Archives de la CCI de Marseille - I 23,31,,,,,Teklia-Jules Oudot,,,0,,,,,,,,,
988,Local,1754,Marseille,,Le Nord qui comprend les villes anseatiques,Exports,Capres,,,37738,,125796,livres,0.3,sources/Local/Archives_de_la_CCI_de_Marseille_I_23_Marseille_Exports_1754.csv,Archives de la CCI de Marseille - I 23,31,,,,,Teklia-Jules Oudot,,,-0.799999999995634,,,,,,,,,
989,Local,1754,Marseille,,Le Nord qui comprend les villes anseatiques,Exports,Chapeaux poil et laine,,,288,,6,douzaines,48,sources/Local/Archives_de_la_CCI_de_Marseille_I_23_Marseille_Exports_1754.csv,Archives de la CCI de Marseille - I 23,31,,,,,Teklia-Jules Oudot,,,0,,,,,,,,,
990,Local,1754,Marseille,,Le Nord qui comprend les villes anseatiques,Exports,Citrons,,,5055,,337,milliers,15,sources/Local/Archives_de_la_CCI_de_Marseille_I_23_Marseille_Exports_1754.csv,Archives de la CCI de Marseille - I 23,31,,,,,Teklia-Jules Oudot,,,0,,,,,,,,,
991,Local,1754,Marseille,,Le Nord qui comprend les villes anseatiques,Exports,Corail ouvré,,,103200,,645,livres,160,sources/Local/Archives_de_la_CCI_de_Marseille_I_23_Marseille_Exports_1754.csv,Archives de la CCI de Marseille - I 23,31,,,,,Teklia-Jules Oudot,,,0,,,,,,,,,
992,Local,1754,Marseille,,Le Nord qui comprend les villes anseatiques,Exports,Coton filé,,,11865,,10787,livres,1.1,sources/Local/Archives_de_la_CCI_de_Marseille_I_23_Marseille_Exports_1754.csv,Archives de la CCI de Marseille - I 23,31,,,,,Teklia-Jules Oudot,,,-0.700000000000728,,,,,,,,,
993,Local,1754,Marseille,,Le Nord qui comprend les villes anseatiques,Exports,Coton en laine,,,56243,,112487,livres,0.5,sources/Local/Archives_de_la_CCI_de_Marseille_I_23_Marseille_Exports_1754.csv,Archives de la CCI de Marseille - I 23,31,,,,,Teklia-Jules Oudot,,,-0.5,,,,,,,,,
994,Local,1754,Marseille,,Le Nord qui comprend les villes anseatiques,Exports,Creme de tartre,,,694,,1543,livres,0.45,sources/Local/Archives_de_la_CCI_de_Marseille_I_23_Marseille_Exports_1754.csv,Archives de la CCI de Marseille - I 23,31,,,,,Teklia-Jules Oudot,,,-0.350000000000023,,,,,,,,,
995,Local,1754,Marseille,,Le Nord qui comprend les villes anseatiques,Exports,Cumin,,,11605,,58026,livres,0.2,sources/Local/Archives_de_la_CCI_de_Marseille_I_23_Marseille_Exports_1754.csv,Archives de la CCI de Marseille - I 23,31,,,,,Teklia-Jules Oudot,,,-0.200000000000728,,,,,,,,,
996,Local,1754,Marseille,,Le Nord qui comprend les villes anseatiques,Exports,Draps londrins,,,3983,,569,livres,7,sources/Local/Archives_de_la_CCI_de_Marseille_I_23_Marseille_Exports_1754.csv,Archives de la CCI de Marseille - I 23,31,,,,,Teklia-Jules Oudot,,,0,,,,,,,,,
997,Local,1754,Marseille,,Le Nord qui comprend les villes anseatiques,Exports,Demittes,,,525,,175,pièces,3,sources/Local/Archives_de_la_CCI_de_Marseille_I_23_Marseille_Exports_1754.csv,Archives de la CCI de Marseille - I 23,31,,,,,Teklia-Jules Oudot,,,0,,,,,,,,,
998,Local,1754,Marseille,,Le Nord qui comprend les villes anseatiques,Exports,Drogueries,,,888,,888,livres,1,sources/Local/Archives_de_la_CCI_de_Marseille_I_23_Marseille_Exports_1754.csv,Archives de la CCI de Marseille - I 23,31,,,,,Teklia-Jules Oudot,,,0,,,,,,,,,
999,Local,1754,Marseille,,Le Nord qui comprend les villes anseatiques,Exports,Eau de la Reine d'hongrie,,,454,,606,livres,0.75,sources/Local/Archives_de_la_CCI_de_Marseille_I_23_Marseille_Exports_1754.csv,Archives de la CCI de Marseille - I 23,31,,,,,Teklia-Jules Oudot,,,-0.5,,,,,,,,,
1000,Local,1754,Marseille,,Le Nord qui comprend les villes anseatiques,Exports,Eau de vie,,,77656,,517707,livres,0.15,sources/Local/Archives_de_la_CCI_de_Marseille_I_23_Marseille_Exports_1754.csv,Archives de la CCI de Marseille - I 23,31,,,,,Teklia-Jules Oudot,,,-0.0500000000029104,,,,,,,,,
1001,Local,1754,Marseille,,Le Nord qui comprend les villes anseatiques,Exports,Echalotte,,,50,,250,livres,0.2,sources/Local/Archives_de_la_CCI_de_Marseille_I_23_Marseille_Exports_1754.csv,Archives de la CCI de Marseille - I 23,31,,,,,Teklia-Jules Oudot,,,0,,,,,,,,,
1002,Local,1754,Marseille,,Le Nord qui comprend les villes anseatiques,Exports,Encens,,,13314,,26628,livres,0.5,sources/Local/Archives_de_la_CCI_de_Marseille_I_23_Marseille_Exports_1754.csv,Archives de la CCI de Marseille - I 23,31,,,,,Teklia-Jules Oudot,,,0,,,,,,,,,
1003,Local,1754,Marseille,,Le Nord qui comprend les villes anseatiques,Exports,Eponges,,,186,,186,livres,1,sources/Local/Archives_de_la_CCI_de_Marseille_I_23_Marseille_Exports_1754.csv,Archives de la CCI de Marseille - I 23,31,,,,,Teklia-Jules Oudot,,,0,,,,,,,,,
1004,Local,1754,Marseille,,Le Nord qui comprend les villes anseatiques,Exports,Fayance,,,14740,,29480,livres,0.5,sources/Local/Archives_de_la_CCI_de_Marseille_I_23_Marseille_Exports_1754.csv,Archives de la CCI de Marseille - I 23,31,,,,,Teklia-Jules Oudot,,,0,,,,,,,,,
1005,Local,1754,Marseille,,Le Nord qui comprend les villes anseatiques,Exports,Figuere,,,19,,190,livres,0.1,sources/Local/Archives_de_la_CCI_de_Marseille_I_23_Marseille_Exports_1754.csv,Archives de la CCI de Marseille - I 23,31,,,,,Teklia-Jules Oudot,,,0,,,,,,,,,
1006,Local,1754,Marseille,,Le Nord qui comprend les villes anseatiques,Exports,Fil de chevre filé,,,3748,,937,livres,4,sources/Local/Archives_de_la_CCI_de_Marseille_I_23_Marseille_Exports_1754.csv,Archives de la CCI de Marseille - I 23,31,,,,,Teklia-Jules Oudot,,,0,,,,,,,,,
1007,Local,1754,Marseille,,Le Nord qui comprend les villes anseatiques,Exports,Fruits à l'eau de vie,,,337,,450,livres,0.75,sources/Local/Archives_de_la_CCI_de_Marseille_I_23_Marseille_Exports_1754.csv,Archives de la CCI de Marseille - I 23,31,,,,,Teklia-Jules Oudot,,,-0.5,,,,,,,,,
1008,Local,1754,Marseille,,Le Nord qui comprend les villes anseatiques,Exports,Galles,,,46203,,92406,livres,0.5,sources/Local/Archives_de_la_CCI_de_Marseille_I_23_Marseille_Exports_1754.csv,Archives de la CCI de Marseille - I 23,31,,,,,Teklia-Jules Oudot,,,0,,,,,,,,,
1009,Local,1754,Marseille,,Le Nord qui comprend les villes anseatiques,Exports,Gingembre,,,5888,,14720,livres,0.4,sources/Local/Archives_de_la_CCI_de_Marseille_I_23_Marseille_Exports_1754.csv,Archives de la CCI de Marseille - I 23,31,,,,,Teklia-Jules Oudot,,,0,,,,,,,,,
1010,Local,1754,Marseille,,Le Nord qui comprend les villes anseatiques,Exports,Gomme adragan,,,830,,664,livres,1.25,sources/Local/Archives_de_la_CCI_de_Marseille_I_23_Marseille_Exports_1754.csv,Archives de la CCI de Marseille - I 23,31,,,,,Teklia-Jules Oudot,,,0,,,,,,,,,
1011,Local,1754,Marseille,,Le Nord qui comprend les villes anseatiques,Exports,Gomme arabique,,,230,,230,livres,1,sources/Local/Archives_de_la_CCI_de_Marseille_I_23_Marseille_Exports_1754.csv,Archives de la CCI de Marseille - I 23,31,,,,,Teklia-Jules Oudot,,,0,,,,,,,,,
1012,Local,1754,Marseille,,Le Nord qui comprend les villes anseatiques,Exports,Gomme senegal,,,12094,,8063,livres,1.5,sources/Local/Archives_de_la_CCI_de_Marseille_I_23_Marseille_Exports_1754.csv,Archives de la CCI de Marseille - I 23,31,,,,,Teklia-Jules Oudot,,,-0.5,,,,,,,,,
1013,Local,1754,Marseille,,Le Nord qui comprend les villes anseatiques,Exports,Graine d'avignon,,,1645,,6583,livres,0.25,sources/Local/Archives_de_la_CCI_de_Marseille_I_23_Marseille_Exports_1754.csv,Archives de la CCI de Marseille - I 23,31,,,,,Teklia-Jules Oudot,,,-0.75,,,,,,,,,
1014,Local,1754,Marseille,,Le Nord qui comprend les villes anseatiques,Exports,Graine de jardin,,,1220,,1220,livres,1,sources/Local/Archives_de_la_CCI_de_Marseille_I_23_Marseille_Exports_1754.csv,Archives de la CCI de Marseille - I 23,31,,,,,Teklia-Jules Oudot,,,0,,,,,,,,,
1015,Local,1754,Marseille,,Le Nord qui comprend les villes anseatiques,Exports,Herbes d'orseille,,,75,,150,livres,0.5,sources/Local/Archives_de_la_CCI_de_Marseille_I_23_Marseille_Exports_1754.csv,Archives de la CCI de Marseille - I 23,31,,,,,Teklia-Jules Oudot,,,0,,,,,,,,,
1016,Local,1754,Marseille,,Le Nord qui comprend les villes anseatiques,Exports,Huile de jasmin,,,360,,600,livres,0.6,sources/Local/Archives_de_la_CCI_de_Marseille_I_23_Marseille_Exports_1754.csv,Archives de la CCI de Marseille - I 23,31,,,,,Teklia-Jules Oudot,,,0,,,,,,,,,
1017,Local,1754,Marseille,,Le Nord qui comprend les villes anseatiques,Exports,Huile d'olive,,,22461,,56154,livres,0.4,sources/Local/Archives_de_la_CCI_de_Marseille_I_23_Marseille_Exports_1754.csv,Archives de la CCI de Marseille - I 23,31,,,,,Teklia-Jules Oudot,,,-0.600000000002183,,,,,,,,,
1018,Local,1754,Marseille,,Le Nord qui comprend les villes anseatiques,Exports,Jalap,,,287,,230,livres,1.25,sources/Local/Archives_de_la_CCI_de_Marseille_I_23_Marseille_Exports_1754.csv,Archives de la CCI de Marseille - I 23,32,,,,,Teklia-Jules Oudot,,,-0.5,,,,,,,,,
1019,Local,1754,Marseille,,Le Nord qui comprend les villes anseatiques,Exports,Jus de citron,,,1220,,6104,livres,0.2,sources/Local/Archives_de_la_CCI_de_Marseille_I_23_Marseille_Exports_1754.csv,Archives de la CCI de Marseille - I 23,32,,,,,Teklia-Jules Oudot,,,-0.799999999999955,,,,,,,,,
1020,Local,1754,Marseille,,Le Nord qui comprend les villes anseatiques,Exports,Jus de reglisse,,,4531,,12953,livres,0.35,sources/Local/Archives_de_la_CCI_de_Marseille_I_23_Marseille_Exports_1754.csv,Archives de la CCI de Marseille - I 23,32,,,,,Teklia-Jules Oudot,,,-2.54999999999927,,,,,,,,,
1021,Local,1754,Marseille,,Le Nord qui comprend les villes anseatiques,Exports,Laine de chevron,,,3252,,1084,livres,3,sources/Local/Archives_de_la_CCI_de_Marseille_I_23_Marseille_Exports_1754.csv,Archives de la CCI de Marseille - I 23,32,,,,,Teklia-Jules Oudot,,,0,,,,,,,,,
1022,Local,1754,Marseille,,Le Nord qui comprend les villes anseatiques,Exports,Liqueur,,,463,,618,livres,0.75,sources/Local/Archives_de_la_CCI_de_Marseille_I_23_Marseille_Exports_1754.csv,Archives de la CCI de Marseille - I 23,32,,,,,Teklia-Jules Oudot,,,-0.5,,,,,,,,,
1023,Local,1754,Marseille,,Le Nord qui comprend les villes anseatiques,Exports,Mastic,,,774,,258,livres,3,sources/Local/Archives_de_la_CCI_de_Marseille_I_23_Marseille_Exports_1754.csv,Archives de la CCI de Marseille - I 23,32,,,,,Teklia-Jules Oudot,,,0,,,,,,,,,
1024,Local,1754,Marseille,,Le Nord qui comprend les villes anseatiques,Exports,Mercerie,,,78750,,22500,livres,3.5,sources/Local/Archives_de_la_CCI_de_Marseille_I_23_Marseille_Exports_1754.csv,Archives de la CCI de Marseille - I 23,32,,,,,Teklia-Jules Oudot,,,0,,,,,,,,,
1025,Local,1754,Marseille,,Le Nord qui comprend les villes anseatiques,Exports,Morue seche,,,24,,165,livres,0.15,sources/Local/Archives_de_la_CCI_de_Marseille_I_23_Marseille_Exports_1754.csv,Archives de la CCI de Marseille - I 23,32,,,,,Teklia-Jules Oudot,,,-0.75,,,,,,,,,
1026,Local,1754,Marseille,,Le Nord qui comprend les villes anseatiques,Exports,Olives,,,2312,,15415,livres,0.15,sources/Local/Archives_de_la_CCI_de_Marseille_I_23_Marseille_Exports_1754.csv,Archives de la CCI de Marseille - I 23,32,,,,,Teklia-Jules Oudot,,,-0.25,,,,,,,,,
1027,Local,1754,Marseille,,Le Nord qui comprend les villes anseatiques,Exports,Oranges,,,270,,27,milliers,10,sources/Local/Archives_de_la_CCI_de_Marseille_I_23_Marseille_Exports_1754.csv,Archives de la CCI de Marseille - I 23,32,,,,,Teklia-Jules Oudot,,,0,,,,,,,,,
1028,Local,1754,Marseille,,Le Nord qui comprend les villes anseatiques,Exports,Oignon de fleurs,,,102,,136,livres,0.75,sources/Local/Archives_de_la_CCI_de_Marseille_I_23_Marseille_Exports_1754.csv,Archives de la CCI de Marseille - I 23,32,,,,,Teklia-Jules Oudot,,,0,,,,,,,,,
1029,Local,1754,Marseille,,Le Nord qui comprend les villes anseatiques,Exports,Pierre ponce,,,118,,1186,livres,0.1,sources/Local/Archives_de_la_CCI_de_Marseille_I_23_Marseille_Exports_1754.csv,Archives de la CCI de Marseille - I 23,32,,,,,Teklia-Jules Oudot,,,-0.600000000000009,,,,,,,,,
1030,Local,1754,Marseille,,Le Nord qui comprend les villes anseatiques,Exports,Poil en chevre filé,,,11824,,2956,livres,4,sources/Local/Archives_de_la_CCI_de_Marseille_I_23_Marseille_Exports_1754.csv,Archives de la CCI de Marseille - I 23,32,,,,,Teklia-Jules Oudot,,,0,,,,,,,,,
1031,Local,1754,Marseille,,Le Nord qui comprend les villes anseatiques,Exports,Poisson salé,,,4695,,18781,livres,0.25,sources/Local/Archives_de_la_CCI_de_Marseille_I_23_Marseille_Exports_1754.csv,Archives de la CCI de Marseille - I 23,32,,,,,Teklia-Jules Oudot,,,-0.25,,,,,,,,,
1032,Local,1754,Marseille,,Le Nord qui comprend les villes anseatiques,Exports,Pruneaux,,,30677,,153385,livres,0.2,sources/Local/Archives_de_la_CCI_de_Marseille_I_23_Marseille_Exports_1754.csv,Archives de la CCI de Marseille - I 23,32,,,,,Teklia-Jules Oudot,,,0,,,,,,,,,
1033,Local,1754,Marseille,,Le Nord qui comprend les villes anseatiques,Exports,Raisins secs,,,49641,,248206,livres,0.2,sources/Local/Archives_de_la_CCI_de_Marseille_I_23_Marseille_Exports_1754.csv,Archives de la CCI de Marseille - I 23,32,,,,,Teklia-Jules Oudot,,,-0.200000000004366,,,,,,,,,
1034,Local,1754,Marseille,,Le Nord qui comprend les villes anseatiques,Exports,Ris,,,1068,,8905,livres,0.12,sources/Local/Archives_de_la_CCI_de_Marseille_I_23_Marseille_Exports_1754.csv,Archives de la CCI de Marseille - I 23,32,,,,,Teklia-Jules Oudot,,,-0.599999999999909,,,,,,,,,
1035,Local,1754,Marseille,,Le Nord qui comprend les villes anseatiques,Exports,Rocoul,,,1130,,1130,livres,1,sources/Local/Archives_de_la_CCI_de_Marseille_I_23_Marseille_Exports_1754.csv,Archives de la CCI de Marseille - I 23,32,,,,,Teklia-Jules Oudot,,,0,,,,,,,,,
1036,Local,1754,Marseille,,Le Nord qui comprend les villes anseatiques,Exports,Saffran,,,930940,,62056,livres,15,sources/Local/Archives_de_la_CCI_de_Marseille_I_23_Marseille_Exports_1754.csv,Archives de la CCI de Marseille - I 23,32,,,,,Teklia-Jules Oudot,,,100,,,,,,,,,
1037,Local,1754,Marseille,,Le Nord qui comprend les villes anseatiques,Exports,Saffranon,,,15719,,24184,livres,0.65,sources/Local/Archives_de_la_CCI_de_Marseille_I_23_Marseille_Exports_1754.csv,Archives de la CCI de Marseille - I 23,32,,,,,Teklia-Jules Oudot,,,-0.600000000000364,,,,,,,,,
1038,Local,1754,Marseille,,Le Nord qui comprend les villes anseatiques,Exports,Savon,,,65046,,216823,livres,0.3,sources/Local/Archives_de_la_CCI_de_Marseille_I_23_Marseille_Exports_1754.csv,Archives de la CCI de Marseille - I 23,32,,,,,Teklia-Jules Oudot,,,-0.899999999994179,,,,,,,,,
1039,Local,1754,Marseille,,Le Nord qui comprend les villes anseatiques,Exports,Sel ammoniac,,,15861,,15861,livres,1,sources/Local/Archives_de_la_CCI_de_Marseille_I_23_Marseille_Exports_1754.csv,Archives de la CCI de Marseille - I 23,32,,,,,Teklia-Jules Oudot,,,0,,,,,,,,,
1040,Local,1754,Marseille,,Le Nord qui comprend les villes anseatiques,Exports,Sené,,,2604,,1736,livres,1.5,sources/Local/Archives_de_la_CCI_de_Marseille_I_23_Marseille_Exports_1754.csv,Archives de la CCI de Marseille - I 23,32,,,,,Teklia-Jules Oudot,,,0,,,,,,,,,
1041,Local,1754,Marseille,,Le Nord qui comprend les villes anseatiques,Exports,Sirop capillaire,,,805,,805,livres,1,sources/Local/Archives_de_la_CCI_de_Marseille_I_23_Marseille_Exports_1754.csv,Archives de la CCI de Marseille - I 23,32,,,,,Teklia-Jules Oudot,,,0,,,,,,,,,
1042,Local,1754,Marseille,,Le Nord qui comprend les villes anseatiques,Exports,Souffre,,,2247,,14984,livres,0.15,sources/Local/Archives_de_la_CCI_de_Marseille_I_23_Marseille_Exports_1754.csv,Archives de la CCI de Marseille - I 23,32,,,,,Teklia-Jules Oudot,,,-0.599999999999909,,,,,,,,,
1043,Local,1754,Marseille,,Le Nord qui comprend les villes anseatiques,Exports,Soye apprétée,,,42480,,2124,livres,20,sources/Local/Archives_de_la_CCI_de_Marseille_I_23_Marseille_Exports_1754.csv,Archives de la CCI de Marseille - I 23,32,,,,,Teklia-Jules Oudot,,,0,,,,,,,,,
1044,Local,1754,Marseille,,Le Nord qui comprend les villes anseatiques,Exports,Sucre blanc,,,16392,,36427,livres,0.45,sources/Local/Archives_de_la_CCI_de_Marseille_I_23_Marseille_Exports_1754.csv,Archives de la CCI de Marseille - I 23,32,,,,,Teklia-Jules Oudot,,,-0.150000000001455,,,,,,,,,
1045,Local,1754,Marseille,,Le Nord qui comprend les villes anseatiques,Exports,Sumac,,,1476,,21099,livres,0.07,sources/Local/Archives_de_la_CCI_de_Marseille_I_23_Marseille_Exports_1754.csv,Archives de la CCI de Marseille - I 23,32,,,,,Teklia-Jules Oudot,,,-0.930000000000064,,,,,,,,,
1046,Local,1754,Marseille,,Le Nord qui comprend les villes anseatiques,Exports,Tartre,,,3700,,15419,livres,0.24,sources/Local/Archives_de_la_CCI_de_Marseille_I_23_Marseille_Exports_1754.csv,Archives de la CCI de Marseille - I 23,32,,,,,Teklia-Jules Oudot,,,-0.559999999999945,,,,,,,,,
1047,Local,1754,Marseille,,Le Nord qui comprend les villes anseatiques,Exports,Terre d'ombre,,,101,,1010,livres,0.1,sources/Local/Archives_de_la_CCI_de_Marseille_I_23_Marseille_Exports_1754.csv,Archives de la CCI de Marseille - I 23,32,,,,,Teklia-Jules Oudot,,,0,,,,,,,,,
1048,Local,1754,Marseille,,Le Nord qui comprend les villes anseatiques,Exports,Thon mariné,,,632,,506,livres,1.25,sources/Local/Archives_de_la_CCI_de_Marseille_I_23_Marseille_Exports_1754.csv,Archives de la CCI de Marseille - I 23,32,,,,,Teklia-Jules Oudot,,,-0.5,,,,,,,,,
1049,Local,1754,Marseille,,Le Nord qui comprend les villes anseatiques,Exports,Toileries diverses,,,2600,,650,livres,4,sources/Local/Archives_de_la_CCI_de_Marseille_I_23_Marseille_Exports_1754.csv,Archives de la CCI de Marseille - I 23,32,,,,,Teklia-Jules Oudot,,,0,,,,,,,,,
1050,Local,1754,Marseille,,Le Nord qui comprend les villes anseatiques,Exports,Truffes,,,1200,,300,livres,4,sources/Local/Archives_de_la_CCI_de_Marseille_I_23_Marseille_Exports_1754.csv,Archives de la CCI de Marseille - I 23,32,,,,,Teklia-Jules Oudot,,,0,,,,,,,,,
1051,Local,1754,Marseille,,Le Nord qui comprend les villes anseatiques,Exports,Verdet,,,19416,,24271,livres,0.8,sources/Local/Archives_de_la_CCI_de_Marseille_I_23_Marseille_Exports_1754.csv,Archives de la CCI de Marseille - I 23,32,,,,,Teklia-Jules Oudot,,,-0.799999999999272,,,,,,,,,
1052,Local,1754,Marseille,,Le Nord qui comprend les villes anseatiques,Exports,Vermillon,,,1750,,350,livres,5,sources/Local/Archives_de_la_CCI_de_Marseille_I_23_Marseille_Exports_1754.csv,Archives de la CCI de Marseille - I 23,32,,,,,Teklia-Jules Oudot,,,0,,,,,,,,,
1053,Local,1754,Marseille,,Le Nord qui comprend les villes anseatiques,Exports,Vin de chypres,,,32000,,400,milleroles,80,sources/Local/Archives_de_la_CCI_de_Marseille_I_23_Marseille_Exports_1754.csv,Archives de la CCI de Marseille - I 23,32,,,,,Teklia-Jules Oudot,,,0,,,,,,,,,
1054,Local,1754,Marseille,,Le Nord qui comprend les villes anseatiques,Exports,Vin muscat,,,1830,,61,livres,30,sources/Local/Archives_de_la_CCI_de_Marseille_I_23_Marseille_Exports_1754.csv,Archives de la CCI de Marseille - I 23,32,,,,,Teklia-Jules Oudot,,,0,,,,,,,,,
1055,Local,1754,Marseille,,Le Nord qui comprend les villes anseatiques,Exports,Vin rouge,,,2634,,439,livres,6,sources/Local/Archives_de_la_CCI_de_Marseille_I_23_Marseille_Exports_1754.csv,Archives de la CCI de Marseille - I 23,32,,,,,Teklia-Jules Oudot,,,0,,,,,,,,,
1056,Local,1754,Marseille,,Portugal,Exports,Acier,,,532,,1520,livres,0.35,sources/Local/Archives_de_la_CCI_de_Marseille_I_23_Marseille_Exports_1754.csv,Archives de la CCI de Marseille - I 23,33,,,,,Teklia-Jules Oudot,,,0,,,,,,,,,
1057,Local,1754,Marseille,,Portugal,Exports,Ajamis,,,13140,,1460.8,pièces,9,sources/Local/Archives_de_la_CCI_de_Marseille_I_23_Marseille_Exports_1754.csv,Archives de la CCI de Marseille - I 23,33,,,,,Teklia-Jules Oudot,,,-7.19999999999891,,,,,,,,,
1058,Local,1754,Marseille,,Portugal,Exports,Amidon,,,4000,,20000,livres,0.2,sources/Local/Archives_de_la_CCI_de_Marseille_I_23_Marseille_Exports_1754.csv,Archives de la CCI de Marseille - I 23,33,,,,,Teklia-Jules Oudot,,,0,,,,,,,,,
1059,Local,1754,Marseille,,Portugal,Exports,Baleine coupée,,,1135,,227,livres,5,sources/Local/Archives_de_la_CCI_de_Marseille_I_23_Marseille_Exports_1754.csv,Archives de la CCI de Marseille - I 23,33,,,,,Teklia-Jules Oudot,,,0,,,,,,,,,
1060,Local,1754,Marseille,,Portugal,Exports,Bas de laine,,,5022,,837,livres,6,sources/Local/Archives_de_la_CCI_de_Marseille_I_23_Marseille_Exports_1754.csv,Archives de la CCI de Marseille - I 23,33,,,,,Teklia-Jules Oudot,,,0,,,,,,,,,
1061,Local,1754,Marseille,,Portugal,Exports,Bas de soye,,,20000,,500,livres,40,sources/Local/Archives_de_la_CCI_de_Marseille_I_23_Marseille_Exports_1754.csv,Archives de la CCI de Marseille - I 23,33,,,,,Teklia-Jules Oudot,,,0,,,,,,,,,
1062,Local,1754,Marseille,,Portugal,Exports,Bazin,,,1200,,200,livres,6,sources/Local/Archives_de_la_CCI_de_Marseille_I_23_Marseille_Exports_1754.csv,Archives de la CCI de Marseille - I 23,33,,,,,Teklia-Jules Oudot,,,0,,,,,,,,,
1063,Local,1754,Marseille,,Portugal,Exports,Bois de campech,,,199,,1330,livres,0.15,sources/Local/Archives_de_la_CCI_de_Marseille_I_23_Marseille_Exports_1754.csv,Archives de la CCI de Marseille - I 23,33,,,,,Teklia-Jules Oudot,,,-0.5,,,,,,,,,
1064,Local,1754,Marseille,,Portugal,Exports,Bois de fustel,,,414,,4143,livres,0.1,sources/Local/Archives_de_la_CCI_de_Marseille_I_23_Marseille_Exports_1754.csv,Archives de la CCI de Marseille - I 23,33,,,,,Teklia-Jules Oudot,,,-0.300000000000011,,,,,,,,,
1065,Local,1754,Marseille,,Portugal,Exports,Bonnets de fil,,,1200,,200,livres,6,sources/Local/Archives_de_la_CCI_de_Marseille_I_23_Marseille_Exports_1754.csv,Archives de la CCI de Marseille - I 23,33,,,,,Teklia-Jules Oudot,,,0,,,,,,,,,
1066,Local,1754,Marseille,,Portugal,Exports,Bonnets de Laine,,,5460,,300,douzaines,18,sources/Local/Archives_de_la_CCI_de_Marseille_I_23_Marseille_Exports_1754.csv,Archives de la CCI de Marseille - I 23,33,,,,,Teklia-Jules Oudot,,,60,,,,,,,,,
1067,Local,1754,Marseille,,Portugal,Exports,Caffé,,,592,,423,livres,1.4,sources/Local/Archives_de_la_CCI_de_Marseille_I_23_Marseille_Exports_1754.csv,Archives de la CCI de Marseille - I 23,33,,,,,Teklia-Jules Oudot,,,-0.199999999999932,,,,,,,,,
1068,Local,1754,Marseille,,Portugal,Exports,Callamandre,,,750,,250,livres,3,sources/Local/Archives_de_la_CCI_de_Marseille_I_23_Marseille_Exports_1754.csv,Archives de la CCI de Marseille - I 23,33,,,,,Teklia-Jules Oudot,,,0,,,,,,,,,
1069,Local,1754,Marseille,,Portugal,Exports,Cendres gravelées,,,90,,1125,livres,0.08,sources/Local/Archives_de_la_CCI_de_Marseille_I_23_Marseille_Exports_1754.csv,Archives de la CCI de Marseille - I 23,33,,,,,Teklia-Jules Oudot,,,0,,,,,,,,,
1070,Local,1754,Marseille,,Portugal,Exports,Chandelles,,,544,,1210,livres,0.45,sources/Local/Archives_de_la_CCI_de_Marseille_I_23_Marseille_Exports_1754.csv,Archives de la CCI de Marseille - I 23,33,,,,,Teklia-Jules Oudot,,,-0.5,,,,,,,,,
1071,Local,1754,Marseille,,Portugal,Exports,Chapeaux poil et laine,,,1440,,30,douzaines,48,sources/Local/Archives_de_la_CCI_de_Marseille_I_23_Marseille_Exports_1754.csv,Archives de la CCI de Marseille - I 23,33,,,,,Teklia-Jules Oudot,,,0,,,,,,,,,
1072,Local,1754,Marseille,,Portugal,Exports,Cire jaune,,,1050,,700,livres,1.5,sources/Local/Archives_de_la_CCI_de_Marseille_I_23_Marseille_Exports_1754.csv,Archives de la CCI de Marseille - I 23,33,,,,,Teklia-Jules Oudot,,,0,,,,,,,,,
1073,Local,1754,Marseille,,Portugal,Exports,Coton filé,,,6006,,5460,livres,1.1,sources/Local/Archives_de_la_CCI_de_Marseille_I_23_Marseille_Exports_1754.csv,Archives de la CCI de Marseille - I 23,33,,,,,Teklia-Jules Oudot,,,0,,,,,,,,,
1074,Local,1754,Marseille,,Portugal,Exports,Couteaux,,,800,,400,livres,2,sources/Local/Archives_de_la_CCI_de_Marseille_I_23_Marseille_Exports_1754.csv,Archives de la CCI de Marseille - I 23,33,,,,,Teklia-Jules Oudot,,,0,,,,,,,,,
1075,Local,1754,Marseille,,Portugal,Exports,Draperie petite,,,20010,,6670,livres,3,sources/Local/Archives_de_la_CCI_de_Marseille_I_23_Marseille_Exports_1754.csv,Archives de la CCI de Marseille - I 23,33,,,,,Teklia-Jules Oudot,,,0,,,,,,,,,
1076,Local,1754,Marseille,,Portugal,Exports,Drogueries,,,410,,410,livres,1,sources/Local/Archives_de_la_CCI_de_Marseille_I_23_Marseille_Exports_1754.csv,Archives de la CCI de Marseille - I 23,33,,,,,Teklia-Jules Oudot,,,0,,,,,,,,,
1077,Local,1754,Marseille,,Portugal,Exports,Eau de la reine d'hongrie,,,1200,,1600,livres,0.75,sources/Local/Archives_de_la_CCI_de_Marseille_I_23_Marseille_Exports_1754.csv,Archives de la CCI de Marseille - I 23,33,,,,,Teklia-Jules Oudot,,,0,,,,,,,,,
1078,Local,1754,Marseille,,Portugal,Exports,Etoffes de Soye,,,20000,,500,livres,40,sources/Local/Archives_de_la_CCI_de_Marseille_I_23_Marseille_Exports_1754.csv,Archives de la CCI de Marseille - I 23,33,,,,,Teklia-Jules Oudot,,,0,,,,,,,,,
1079,Local,1754,Marseille,,Portugal,Exports,Fayance,,,908,,1816,livres,0.5,sources/Local/Archives_de_la_CCI_de_Marseille_I_23_Marseille_Exports_1754.csv,Archives de la CCI de Marseille - I 23,33,,,,,Teklia-Jules Oudot,,,0,,,,,,,,,
1080,Local,1754,Marseille,,Portugal,Exports,Fil à coudre,,,300,,150,livres,2,sources/Local/Archives_de_la_CCI_de_Marseille_I_23_Marseille_Exports_1754.csv,Archives de la CCI de Marseille - I 23,33,,,,,Teklia-Jules Oudot,,,0,,,,,,,,,
1081,Local,1754,Marseille,,Portugal,Exports,Galles,,,578,,1157,livres,0.5,sources/Local/Archives_de_la_CCI_de_Marseille_I_23_Marseille_Exports_1754.csv,Archives de la CCI de Marseille - I 23,34,,,,,Teklia-Jules Oudot,,,-0.5,,,,,,,,,
1082,Local,1754,Marseille,,Portugal,Exports,Gaude pour teinture,,,2208,,8832,livres,0.25,sources/Local/Archives_de_la_CCI_de_Marseille_I_23_Marseille_Exports_1754.csv,Archives de la CCI de Marseille - I 23,34,,,,,Teklia-Jules Oudot,,,0,,,,,,,,,
1083,Local,1754,Marseille,,Portugal,Exports,Gomme adragan,,,690,,552,livres,1.25,sources/Local/Archives_de_la_CCI_de_Marseille_I_23_Marseille_Exports_1754.csv,Archives de la CCI de Marseille - I 23,34,,,,,Teklia-Jules Oudot,,,0,,,,,,,,,
1084,Local,1754,Marseille,,Portugal,Exports,Herbe d'orseille,,,578,,1156,livres,0.5,sources/Local/Archives_de_la_CCI_de_Marseille_I_23_Marseille_Exports_1754.csv,Archives de la CCI de Marseille - I 23,34,,,,,Teklia-Jules Oudot,,,0,,,,,,,,,
1085,Local,1754,Marseille,,Portugal,Exports,Huile d'olive,,,158,,396,livres,0.4,sources/Local/Archives_de_la_CCI_de_Marseille_I_23_Marseille_Exports_1754.csv,Archives de la CCI de Marseille - I 23,34,,,,,Teklia-Jules Oudot,,,-0.400000000000006,,,,,,,,,
1086,Local,1754,Marseille,,Portugal,Exports,Huile de noix,,,165,,550,livres,0.3,sources/Local/Archives_de_la_CCI_de_Marseille_I_23_Marseille_Exports_1754.csv,Archives de la CCI de Marseille - I 23,34,,,,,Teklia-Jules Oudot,,,0,,,,,,,,,
1087,Local,1754,Marseille,,Portugal,Exports,Indienne,,,840,,70,pièces,12,sources/Local/Archives_de_la_CCI_de_Marseille_I_23_Marseille_Exports_1754.csv,Archives de la CCI de Marseille - I 23,34,,,,,Teklia-Jules Oudot,,,0,,,,,,,,,
1088,Local,1754,Marseille,,Portugal,Exports,Jus de Reglisse,,,364,,1040,livres,0.35,sources/Local/Archives_de_la_CCI_de_Marseille_I_23_Marseille_Exports_1754.csv,Archives de la CCI de Marseille - I 23,34,,,,,Teklia-Jules Oudot,,,0,,,,,,,,,
1089,Local,1754,Marseille,,Portugal,Exports,Miroirs,,,6000,,300,livres,20,sources/Local/Archives_de_la_CCI_de_Marseille_I_23_Marseille_Exports_1754.csv,Archives de la CCI de Marseille - I 23,34,,,,,Teklia-Jules Oudot,,,0,,,,,,,,,
1090,Local,1754,Marseille,,Portugal,Exports,Morues seches,,,22,,150,livres,0.15,sources/Local/Archives_de_la_CCI_de_Marseille_I_23_Marseille_Exports_1754.csv,Archives de la CCI de Marseille - I 23,34,,,,,Teklia-Jules Oudot,,,-0.5,,,,,,,,,
1091,Local,1754,Marseille,,Portugal,Exports,Mouchoirs de coton,,,500,,250,pièces,2,sources/Local/Archives_de_la_CCI_de_Marseille_I_23_Marseille_Exports_1754.csv,Archives de la CCI de Marseille - I 23,34,,,,,Teklia-Jules Oudot,,,0,,,,,,,,,
1092,Local,1754,Marseille,,Portugal,Exports,Mousseline,,,375,,250,livres,1.5,sources/Local/Archives_de_la_CCI_de_Marseille_I_23_Marseille_Exports_1754.csv,Archives de la CCI de Marseille - I 23,34,,,,,Teklia-Jules Oudot,,,0,,,,,,,,,
1093,Local,1754,Marseille,,Portugal,Exports,Parapluyes,,,500,,10,douzaines,50,sources/Local/Archives_de_la_CCI_de_Marseille_I_23_Marseille_Exports_1754.csv,Archives de la CCI de Marseille - I 23,34,,,,,Teklia-Jules Oudot,,,0,,,,,,,,,
1094,Local,1754,Marseille,,Portugal,Exports,Peaux de chamois,,,3082,,2055,livres,1.5,sources/Local/Archives_de_la_CCI_de_Marseille_I_23_Marseille_Exports_1754.csv,Archives de la CCI de Marseille - I 23,34,,,,,Teklia-Jules Oudot,,,-0.5,,,,,,,,,
1095,Local,1754,Marseille,,Portugal,Exports,Peaux de mouton,,,1327,,1327,pièces,1,sources/Local/Archives_de_la_CCI_de_Marseille_I_23_Marseille_Exports_1754.csv,Archives de la CCI de Marseille - I 23,34,,,,,Teklia-Jules Oudot,,,0,,,,,,,,,
1096,Local,1754,Marseille,,Portugal,Exports,Peignes de buys,,,780,,520,livres,1.5,sources/Local/Archives_de_la_CCI_de_Marseille_I_23_Marseille_Exports_1754.csv,Archives de la CCI de Marseille - I 23,34,,,,,Teklia-Jules Oudot,,,0,,,,,,,,,
1097,Local,1754,Marseille,,Portugal,Exports,Poudre d'amidon,,,2000,,10000,livres,0.2,sources/Local/Archives_de_la_CCI_de_Marseille_I_23_Marseille_Exports_1754.csv,Archives de la CCI de Marseille - I 23,34,,,,,Teklia-Jules Oudot,,,0,,,,,,,,,
1098,Local,1754,Marseille,,Portugal,Exports,Quincaillerie,,,7012,,7012,livres,1,sources/Local/Archives_de_la_CCI_de_Marseille_I_23_Marseille_Exports_1754.csv,Archives de la CCI de Marseille - I 23,34,,,,,Teklia-Jules Oudot,,,0,,,,,,,,,
1099,Local,1754,Marseille,,Portugal,Exports,Ris,,,24360,,203000,livres,0.12,sources/Local/Archives_de_la_CCI_de_Marseille_I_23_Marseille_Exports_1754.csv,Archives de la CCI de Marseille - I 23,34,,,,,Teklia-Jules Oudot,,,0,,,,,,,,,
1100,Local,1754,Marseille,,Portugal,Exports,Rocoul,,,2516,,2516,livres,1,sources/Local/Archives_de_la_CCI_de_Marseille_I_23_Marseille_Exports_1754.csv,Archives de la CCI de Marseille - I 23,34,,,,,Teklia-Jules Oudot,,,0,,,,,,,,,
1101,Local,1754,Marseille,,Portugal,Exports,Savon,,,7341,,24472,livres,0.3,sources/Local/Archives_de_la_CCI_de_Marseille_I_23_Marseille_Exports_1754.csv,Archives de la CCI de Marseille - I 23,34,,,,,Teklia-Jules Oudot,,,-0.599999999999454,,,,,,,,,
1102,Local,1754,Marseille,,Portugal,Exports,Sirop de capilaire,,,700,,700,livres,1,sources/Local/Archives_de_la_CCI_de_Marseille_I_23_Marseille_Exports_1754.csv,Archives de la CCI de Marseille - I 23,34,,,,,Teklia-Jules Oudot,,,0,,,,,,,,,
1103,Local,1754,Marseille,,Portugal,Exports,Tayolles,,,1215,,1215,pièces,1,sources/Local/Archives_de_la_CCI_de_Marseille_I_23_Marseille_Exports_1754.csv,Archives de la CCI de Marseille - I 23,34,,,,,Teklia-Jules Oudot,,,0,,,,,,,,,
1104,Local,1754,Marseille,,Portugal,Exports,Toileries diverses,,,109028,,27257,livres,4,sources/Local/Archives_de_la_CCI_de_Marseille_I_23_Marseille_Exports_1754.csv,Archives de la CCI de Marseille - I 23,34,,,,,Teklia-Jules Oudot,,,0,,,,,,,,,
1105,Local,1754,Marseille,,Portugal,Exports,Verdet,,,7392,,9240,livres,0.8,sources/Local/Archives_de_la_CCI_de_Marseille_I_23_Marseille_Exports_1754.csv,Archives de la CCI de Marseille - I 23,34,,,,,Teklia-Jules Oudot,,,0,,,,,,,,,
1106,Local,1754,Marseille,,Pour la Savoye et le Piemont,Exports,Acier,,,21,,60,livres,0.35,sources/Local/Archives_de_la_CCI_de_Marseille_I_23_Marseille_Exports_1754.csv,Archives de la CCI de Marseille - I 23,35,,,,,Teklia-Jules Oudot,,,0,,,,,,,,,
1107,Local,1754,Marseille,,Pour la Savoye et le Piemont,Exports,Amandes cassées,,,2512,,10051,livres,0.25,sources/Local/Archives_de_la_CCI_de_Marseille_I_23_Marseille_Exports_1754.csv,Archives de la CCI de Marseille - I 23,35,,,,,Teklia-Jules Oudot,,,-0.75,,,,,,,,,
1108,Local,1754,Marseille,,Pour la Savoye et le Piemont,Exports,Amandes en coque,,,25,,125,livres,0.2,sources/Local/Archives_de_la_CCI_de_Marseille_I_23_Marseille_Exports_1754.csv,Archives de la CCI de Marseille - I 23,35,,,,,Teklia-Jules Oudot,,,0,,,,,,,,,
1109,Local,1754,Marseille,,Pour la Savoye et le Piemont,Exports,Arquifou,,,17,,117,livres,0.15,sources/Local/Archives_de_la_CCI_de_Marseille_I_23_Marseille_Exports_1754.csv,Archives de la CCI de Marseille - I 23,35,,,,,Teklia-Jules Oudot,,,-0.550000000000001,,,,,,,,,
1110,Local,1754,Marseille,,Pour la Savoye et le Piemont,Exports,Aufs travaillées,,,5,,100,livres,0.05,sources/Local/Archives_de_la_CCI_de_Marseille_I_23_Marseille_Exports_1754.csv,Archives de la CCI de Marseille - I 23,36,,,,,Teklia-Jules Oudot,,,0,,,,,,,,,
1111,Local,1754,Marseille,,Pour la Savoye et le Piemont,Exports,Aufs travaillées,,,980,,19600,pièces,0.05,sources/Local/Archives_de_la_CCI_de_Marseille_I_23_Marseille_Exports_1754.csv,Archives de la CCI de Marseille - I 23,36,,,,,Teklia-Jules Oudot,,,0,,,,,,,,,
1112,Local,1754,Marseille,,Pour la Savoye et le Piemont,Exports,Bas de filoselle,,,30,,2,livres,15,sources/Local/Archives_de_la_CCI_de_Marseille_I_23_Marseille_Exports_1754.csv,Archives de la CCI de Marseille - I 23,36,,,,,Teklia-Jules Oudot,,,0,,,,,,,,,
1113,Local,1754,Marseille,,Pour la Savoye et le Piemont,Exports,Bas de soye,,,60,,1.5,livres,40,sources/Local/Archives_de_la_CCI_de_Marseille_I_23_Marseille_Exports_1754.csv,Archives de la CCI de Marseille - I 23,36,,,,,Teklia-Jules Oudot,,,0,,,,,,,,,
1114,Local,1754,Marseille,,Pour la Savoye et le Piemont,Exports,Bazannes tannées,,,222,,370.5,livres,0.6,sources/Local/Archives_de_la_CCI_de_Marseille_I_23_Marseille_Exports_1754.csv,Archives de la CCI de Marseille - I 23,36,,,,,Teklia-Jules Oudot,,,-0.299999999999983,,,,,,,,,
1115,Local,1754,Marseille,,Pour la Savoye et le Piemont,Exports,Bois ouvré,,,100,,5,charges,20,sources/Local/Archives_de_la_CCI_de_Marseille_I_23_Marseille_Exports_1754.csv,Archives de la CCI de Marseille - I 23,36,,,,,Teklia-Jules Oudot,,,0,,,,,,,,,
1116,Local,1754,Marseille,,Pour la Savoye et le Piemont,Exports,Bouchons de liege,,,1167,,389,livres,3,sources/Local/Archives_de_la_CCI_de_Marseille_I_23_Marseille_Exports_1754.csv,Archives de la CCI de Marseille - I 23,36,,,,,Teklia-Jules Oudot,,,0,,,,,,,,,
1117,Local,1754,Marseille,,Pour la Savoye et le Piemont,Exports,Bougies,,,68,,34,livres,2,sources/Local/Archives_de_la_CCI_de_Marseille_I_23_Marseille_Exports_1754.csv,Archives de la CCI de Marseille - I 23,36,,,,,Teklia-Jules Oudot,,,0,,,,,,,,,
1118,Local,1754,Marseille,,Pour la Savoye et le Piemont,Exports,Bourre a batier,,,6,,20,livres,0.3,sources/Local/Archives_de_la_CCI_de_Marseille_I_23_Marseille_Exports_1754.csv,Archives de la CCI de Marseille - I 23,36,,,,,Teklia-Jules Oudot,,,0,,,,,,,,,
1119,Local,1754,Marseille,,Pour la Savoye et le Piemont,Exports,Bouteilles de verre,,,13087,,65436,livres,0.2,sources/Local/Archives_de_la_CCI_de_Marseille_I_23_Marseille_Exports_1754.csv,Archives de la CCI de Marseille - I 23,36,,,,,Teklia-Jules Oudot,,,-0.200000000000728,,,,,,,,,
1120,Local,1754,Marseille,,Pour la Savoye et le Piemont,Exports,Camelot de lille,,,160,,16,livres,10,sources/Local/Archives_de_la_CCI_de_Marseille_I_23_Marseille_Exports_1754.csv,Archives de la CCI de Marseille - I 23,36,,,,,Teklia-Jules Oudot,,,0,,,,,,,,,
1121,Local,1754,Marseille,,Pour la Savoye et le Piemont,Exports,Callamandre,,,15,,5,livres,3,sources/Local/Archives_de_la_CCI_de_Marseille_I_23_Marseille_Exports_1754.csv,Archives de la CCI de Marseille - I 23,36,,,,,Teklia-Jules Oudot,,,0,,,,,,,,,
1122,Local,1754,Marseille,,Pour la Savoye et le Piemont,Exports,Cardes a carder,,,80,,40,paires,2,sources/Local/Archives_de_la_CCI_de_Marseille_I_23_Marseille_Exports_1754.csv,Archives de la CCI de Marseille - I 23,36,,,,,Teklia-Jules Oudot,,,0,,,,,,,,,
1123,Local,1754,Marseille,,Pour la Savoye et le Piemont,Exports,Chaises de paille,,,63,,51,pièces,1.25,sources/Local/Archives_de_la_CCI_de_Marseille_I_23_Marseille_Exports_1754.csv,Archives de la CCI de Marseille - I 23,36,,,,,Teklia-Jules Oudot,,,-0.75,,,,,,,,,
1124,Local,1754,Marseille,,Pour la Savoye et le Piemont,Exports,Chapeaux poil et laine,,,2128,,532,livres,4,sources/Local/Archives_de_la_CCI_de_Marseille_I_23_Marseille_Exports_1754.csv,Archives de la CCI de Marseille - I 23,36,,,,,Teklia-Jules Oudot,,,0,,,,,,,,,
1125,Local,1754,Marseille,,Pour la Savoye et le Piemont,Exports,Chapeaux poil et laine,,,3390,,565,livres,6,sources/Local/Archives_de_la_CCI_de_Marseille_I_23_Marseille_Exports_1754.csv,Archives de la CCI de Marseille - I 23,36,,,,,Teklia-Jules Oudot,,,0,,,,,,,,,
1126,Local,1754,Marseille,,Pour la Savoye et le Piemont,Exports,Colombine,,,723,,96.5,charges,7.5,sources/Local/Archives_de_la_CCI_de_Marseille_I_23_Marseille_Exports_1754.csv,Archives de la CCI de Marseille - I 23,36,,,,,Teklia-Jules Oudot,,,-0.75,,,,,,,,,
1127,Local,1754,Marseille,,Pour la Savoye et le Piemont,Exports,Cordages vieux,,,150,,1500,livres,0.1,sources/Local/Archives_de_la_CCI_de_Marseille_I_23_Marseille_Exports_1754.csv,Archives de la CCI de Marseille - I 23,36,,,,,Teklia-Jules Oudot,,,0,,,,,,,,,
1128,Local,1754,Marseille,,Pour la Savoye et le Piemont,Exports,Cordeillat,,,65160,,1086,pièces,60,sources/Local/Archives_de_la_CCI_de_Marseille_I_23_Marseille_Exports_1754.csv,Archives de la CCI de Marseille - I 23,36,,,,,Teklia-Jules Oudot,,,0,,,,,,,,,
1129,Local,1754,Marseille,,Pour la Savoye et le Piemont,Exports,Cordeillat,,,30,,10,livres,3,sources/Local/Archives_de_la_CCI_de_Marseille_I_23_Marseille_Exports_1754.csv,Archives de la CCI de Marseille - I 23,36,,,,,Teklia-Jules Oudot,,,0,,,,,,,,,
1130,Local,1754,Marseille,,Pour la Savoye et le Piemont,Exports,Coton filé,,,5,,5,livres,1.1,sources/Local/Archives_de_la_CCI_de_Marseille_I_23_Marseille_Exports_1754.csv,Archives de la CCI de Marseille - I 23,36,,,,,Teklia-Jules Oudot,,,-0.5,,,,,,,,,
1131,Local,1754,Marseille,,Pour la Savoye et le Piemont,Exports,Couperose,,,8,,80,livres,0.1,sources/Local/Archives_de_la_CCI_de_Marseille_I_23_Marseille_Exports_1754.csv,Archives de la CCI de Marseille - I 23,36,,,,,Teklia-Jules Oudot,,,0,,,,,,,,,
1132,Local,1754,Marseille,,Pour la Savoye et le Piemont,Exports,Crasse d'huile,,,20,,200,livres,0.1,sources/Local/Archives_de_la_CCI_de_Marseille_I_23_Marseille_Exports_1754.csv,Archives de la CCI de Marseille - I 23,36,,,,,Teklia-Jules Oudot,,,0,,,,,,,,,
1133,Local,1754,Marseille,,Pour la Savoye et le Piemont,Exports,Cuirs d'annes tannes,,,340,,17,pièces,20,sources/Local/Archives_de_la_CCI_de_Marseille_I_23_Marseille_Exports_1754.csv,Archives de la CCI de Marseille - I 23,36,,,,,Teklia-Jules Oudot,,,0,,,,,,,,,
1134,Local,1754,Marseille,,Pour la Savoye et le Piemont,Exports,Cuirs de boeuf tannés,,,1098,,30.5,livres,36,sources/Local/Archives_de_la_CCI_de_Marseille_I_23_Marseille_Exports_1754.csv,Archives de la CCI de Marseille - I 23,36,,,,,Teklia-Jules Oudot,,,0,,,,,,,,,
1135,Local,1754,Marseille,,Pour la Savoye et le Piemont,Exports,Cuirs de bœuf tannés,,,166,,278,livres,0.6,sources/Local/Archives_de_la_CCI_de_Marseille_I_23_Marseille_Exports_1754.csv,Archives de la CCI de Marseille - I 23,36,,,,,Teklia-Jules Oudot,,,-0.799999999999983,,,,,,,,,
1136,Local,1754,Marseille,,Pour la Savoye et le Piemont,Exports,Cuirs de cheval tanné,,,60,,3,pièces,20,sources/Local/Archives_de_la_CCI_de_Marseille_I_23_Marseille_Exports_1754.csv,Archives de la CCI de Marseille - I 23,36,,,,,Teklia-Jules Oudot,,,0,,,,,,,,,
1137,Local,1754,Marseille,,Pour la Savoye et le Piemont,Exports,Cuirs de vache en poil,,,180,,12,livres,15,sources/Local/Archives_de_la_CCI_de_Marseille_I_23_Marseille_Exports_1754.csv,Archives de la CCI de Marseille - I 23,36,,,,,Teklia-Jules Oudot,,,0,,,,,,,,,
1138,Local,1754,Marseille,,Pour la Savoye et le Piemont,Exports,Cuirs de vache tannés,,,12000,,40,douzaines,300,sources/Local/Archives_de_la_CCI_de_Marseille_I_23_Marseille_Exports_1754.csv,Archives de la CCI de Marseille - I 23,36,,,,,Teklia-Jules Oudot,,,0,,,,,,,,,
1139,Local,1754,Marseille,,Pour la Savoye et le Piemont,Exports,Cuirs de vache tannés,,,262,,10.5,douzaines,25,sources/Local/Archives_de_la_CCI_de_Marseille_I_23_Marseille_Exports_1754.csv,Archives de la CCI de Marseille - I 23,36,,,,,Teklia-Jules Oudot,,,-0.5,,,,,,,,,
1140,Local,1754,Marseille,,Pour la Savoye et le Piemont,Exports,Cuivre ouvré,,,1268,,725,livres,1.75,sources/Local/Archives_de_la_CCI_de_Marseille_I_23_Marseille_Exports_1754.csv,Archives de la CCI de Marseille - I 23,36,,,,,Teklia-Jules Oudot,,,-0.75,,,,,,,,,
1141,Local,1754,Marseille,,Pour la Savoye et le Piemont,Exports,Cuivre en rosette,,,405,,405,livres,1,sources/Local/Archives_de_la_CCI_de_Marseille_I_23_Marseille_Exports_1754.csv,Archives de la CCI de Marseille - I 23,36,,,,,Teklia-Jules Oudot,,,0,,,,,,,,,
1142,Local,1754,Marseille,,Pour la Savoye et le Piemont,Exports,Cuivre vieux,,,80,,100,livres,0.8,sources/Local/Archives_de_la_CCI_de_Marseille_I_23_Marseille_Exports_1754.csv,Archives de la CCI de Marseille - I 23,36,,,,,Teklia-Jules Oudot,,,0,,,,,,,,,
1143,Local,1754,Marseille,,Pour la Savoye et le Piemont,Exports,Draps de Laine,,,582,,97,livres,6,sources/Local/Archives_de_la_CCI_de_Marseille_I_23_Marseille_Exports_1754.csv,Archives de la CCI de Marseille - I 23,37,,,,,Teklia-Jules Oudot,,,0,,,,,,,,,
1144,Local,1754,Marseille,,Pour la Savoye et le Piemont,Exports,Draps de montagne,,,21,,3.5,livres,6,sources/Local/Archives_de_la_CCI_de_Marseille_I_23_Marseille_Exports_1754.csv,Archives de la CCI de Marseille - I 23,37,,,,,Teklia-Jules Oudot,,,0,,,,,,,,,
1145,Local,1754,Marseille,,Pour la Savoye et le Piemont,Exports,Draps de soye,,,450,,45,livres,10,sources/Local/Archives_de_la_CCI_de_Marseille_I_23_Marseille_Exports_1754.csv,Archives de la CCI de Marseille - I 23,37,,,,,Teklia-Jules Oudot,,,0,,,,,,,,,
1146,Local,1754,Marseille,,Pour la Savoye et le Piemont,Exports,Draps en draperie petite,,,2454,,818,livres,3,sources/Local/Archives_de_la_CCI_de_Marseille_I_23_Marseille_Exports_1754.csv,Archives de la CCI de Marseille - I 23,37,,,,,Teklia-Jules Oudot,,,0,,,,,,,,,
1147,Local,1754,Marseille,,Pour la Savoye et le Piemont,Exports,Droguerie,,,10,,10,livres,1,sources/Local/Archives_de_la_CCI_de_Marseille_I_23_Marseille_Exports_1754.csv,Archives de la CCI de Marseille - I 23,37,,,,,Teklia-Jules Oudot,,,0,,,,,,,,,
1148,Local,1754,Marseille,,Pour la Savoye et le Piemont,Exports,Eau de mirrhe,,,97,,130,livres,0.75,sources/Local/Archives_de_la_CCI_de_Marseille_I_23_Marseille_Exports_1754.csv,Archives de la CCI de Marseille - I 23,37,,,,,Teklia-Jules Oudot,,,-0.5,,,,,,,,,
1149,Local,1754,Marseille,,Pour la Savoye et le Piemont,Exports,Eau de senteur,,,13,,9,livres,1.5,sources/Local/Archives_de_la_CCI_de_Marseille_I_23_Marseille_Exports_1754.csv,Archives de la CCI de Marseille - I 23,37,,,,,Teklia-Jules Oudot,,,-0.5,,,,,,,,,
1150,Local,1754,Marseille,,Pour la Savoye et le Piemont,Exports,Eaux de vie,,,781,,5210,livres,0.15,sources/Local/Archives_de_la_CCI_de_Marseille_I_23_Marseille_Exports_1754.csv,Archives de la CCI de Marseille - I 23,37,,,,,Teklia-Jules Oudot,,,-0.5,,,,,,,,,
1151,Local,1754,Marseille,,Pour la Savoye et le Piemont,Exports,Escarasses,,,8,,4,pièces,2,sources/Local/Archives_de_la_CCI_de_Marseille_I_23_Marseille_Exports_1754.csv,Archives de la CCI de Marseille - I 23,37,,,,,Teklia-Jules Oudot,,,0,,,,,,,,,
1152,Local,1754,Marseille,,Pour la Savoye et le Piemont,Exports,Essence,,,20,,13.5,livres,1.5,sources/Local/Archives_de_la_CCI_de_Marseille_I_23_Marseille_Exports_1754.csv,Archives de la CCI de Marseille - I 23,37,,,,,Teklia-Jules Oudot,,,-0.25,,,,,,,,,
1153,Local,1754,Marseille,,Pour la Savoye et le Piemont,Exports,Etamines du Mans,,,420,,70,pièces,6,sources/Local/Archives_de_la_CCI_de_Marseille_I_23_Marseille_Exports_1754.csv,Archives de la CCI de Marseille - I 23,37,,,,,Teklia-Jules Oudot,,,0,,,,,,,,,
1154,Local,1754,Marseille,,Pour la Savoye et le Piemont,Exports,Etamines rayée,,,78,,13,livres,6,sources/Local/Archives_de_la_CCI_de_Marseille_I_23_Marseille_Exports_1754.csv,Archives de la CCI de Marseille - I 23,37,,,,,Teklia-Jules Oudot,,,0,,,,,,,,,
1155,Local,1754,Marseille,,Pour la Savoye et le Piemont,Exports,Etamines de Reims,,,320,,40,livres,8,sources/Local/Archives_de_la_CCI_de_Marseille_I_23_Marseille_Exports_1754.csv,Archives de la CCI de Marseille - I 23,37,,,,,Teklia-Jules Oudot,,,0,,,,,,,,,
1156,Local,1754,Marseille,,Pour la Savoye et le Piemont,Exports,Etoffes or et argent,,,840,,10.5,livres,80,sources/Local/Archives_de_la_CCI_de_Marseille_I_23_Marseille_Exports_1754.csv,Archives de la CCI de Marseille - I 23,37,,,,,Teklia-Jules Oudot,,,0,,,,,,,,,
1157,Local,1754,Marseille,,Pour la Savoye et le Piemont,Exports,Etoffes de soye,,,6680,,167,livres,40,sources/Local/Archives_de_la_CCI_de_Marseille_I_23_Marseille_Exports_1754.csv,Archives de la CCI de Marseille - I 23,37,,,,,Teklia-Jules Oudot,,,0,,,,,,,,,
1158,Local,1754,Marseille,,Pour la Savoye et le Piemont,Exports,Etoffes à peu de soye,,,200,,20,livres,10,sources/Local/Archives_de_la_CCI_de_Marseille_I_23_Marseille_Exports_1754.csv,Archives de la CCI de Marseille - I 23,37,,,,,Teklia-Jules Oudot,,,0,,,,,,,,,
1159,Local,1754,Marseille,,Pour la Savoye et le Piemont,Exports,Extrait de lavande,,,52,,35,livres,1.5,sources/Local/Archives_de_la_CCI_de_Marseille_I_23_Marseille_Exports_1754.csv,Archives de la CCI de Marseille - I 23,37,,,,,Teklia-Jules Oudot,,,-0.5,,,,,,,,,
1160,Local,1754,Marseille,,Pour la Savoye et le Piemont,Exports,Fayance,,,1000,,2000,livres,0.5,sources/Local/Archives_de_la_CCI_de_Marseille_I_23_Marseille_Exports_1754.csv,Archives de la CCI de Marseille - I 23,37,,,,,Teklia-Jules Oudot,,,0,,,,,,,,,
1161,Local,1754,Marseille,,Pour la Savoye et le Piemont,Exports,Fer ouvré,,,361,,1445,livres,0.25,sources/Local/Archives_de_la_CCI_de_Marseille_I_23_Marseille_Exports_1754.csv,Archives de la CCI de Marseille - I 23,37,,,,,Teklia-Jules Oudot,,,-0.25,,,,,,,,,
1162,Local,1754,Marseille,,Pour la Savoye et le Piemont,Exports,Figues,,,4081,,40815,livres,0.1,sources/Local/Archives_de_la_CCI_de_Marseille_I_23_Marseille_Exports_1754.csv,Archives de la CCI de Marseille - I 23,37,,,,,Teklia-Jules Oudot,,,-0.5,,,,,,,,,
1163,Local,1754,Marseille,,Pour la Savoye et le Piemont,Exports,Fromage,,,124,,415,livres,0.3,sources/Local/Archives_de_la_CCI_de_Marseille_I_23_Marseille_Exports_1754.csv,Archives de la CCI de Marseille - I 23,37,,,,,Teklia-Jules Oudot,,,-0.5,,,,,,,,,
1164,Local,1754,Marseille,,Pour la Savoye et le Piemont,Exports,Fruit crud,,,30,,2,charges,15,sources/Local/Archives_de_la_CCI_de_Marseille_I_23_Marseille_Exports_1754.csv,Archives de la CCI de Marseille - I 23,37,,,,,Teklia-Jules Oudot,,,0,,,,,,,,,
1165,Local,1754,Marseille,,Pour la Savoye et le Piemont,Exports,Fumier,,,75,,150,livres,0.5,sources/Local/Archives_de_la_CCI_de_Marseille_I_23_Marseille_Exports_1754.csv,Archives de la CCI de Marseille - I 23,37,,,,,Teklia-Jules Oudot,,,0,,,,,,,,,
1166,Local,1754,Marseille,,Pour la Savoye et le Piemont,Exports,Galles,,,76,,152,livres,0.5,sources/Local/Archives_de_la_CCI_de_Marseille_I_23_Marseille_Exports_1754.csv,Archives de la CCI de Marseille - I 23,37,,,,,Teklia-Jules Oudot,,,0,,,,,,,,,
1167,Local,1754,Marseille,,Pour la Savoye et le Piemont,Exports,Gant communs,,,198,,22,douzaines,9,sources/Local/Archives_de_la_CCI_de_Marseille_I_23_Marseille_Exports_1754.csv,Archives de la CCI de Marseille - I 23,37,,,,,Teklia-Jules Oudot,,,0,,,,,,,,,
1168,Local,1754,Marseille,,Pour la Savoye et le Piemont,Exports,Garderobe,,,100,,1,livres,100,sources/Local/Archives_de_la_CCI_de_Marseille_I_23_Marseille_Exports_1754.csv,Archives de la CCI de Marseille - I 23,37,,,,,Teklia-Jules Oudot,,,0,,,,,,,,,
1169,Local,1754,Marseille,,Pour la Savoye et le Piemont,Exports,Graine blanche,,,4,,9,livres,0.5,sources/Local/Archives_de_la_CCI_de_Marseille_I_23_Marseille_Exports_1754.csv,Archives de la CCI de Marseille - I 23,37,,,,,Teklia-Jules Oudot,,,-0.5,,,,,,,,,
1170,Local,1754,Marseille,,Pour la Savoye et le Piemont,Exports,Hardes vieilles,,,200,,60,livres,3.33,sources/Local/Archives_de_la_CCI_de_Marseille_I_23_Marseille_Exports_1754.csv,Archives de la CCI de Marseille - I 23,37,,,,,Teklia-Jules Oudot,,,0.199999999999989,,,,,,,,,
1171,Local,1754,Marseille,,Pour la Savoye et le Piemont,Exports,Huile de noix,,,30,,100,livres,0.03,sources/Local/Archives_de_la_CCI_de_Marseille_I_23_Marseille_Exports_1754.csv,Archives de la CCI de Marseille - I 23,37,,,,,Teklia-Jules Oudot,,,27,,,,,,,,,
1172,Local,1754,Marseille,,Pour la Savoye et le Piemont,Exports,Huile d'olive,,,75,,189,livres,0.4,sources/Local/Archives_de_la_CCI_de_Marseille_I_23_Marseille_Exports_1754.csv,Archives de la CCI de Marseille - I 23,37,,,,,Teklia-Jules Oudot,,,-0.600000000000009,,,,,,,,,
1173,Local,1754,Marseille,,Pour la Savoye et le Piemont,Exports,Huile de senteur,,,45,,45,livres,1,sources/Local/Archives_de_la_CCI_de_Marseille_I_23_Marseille_Exports_1754.csv,Archives de la CCI de Marseille - I 23,37,,,,,Teklia-Jules Oudot,,,0,,,,,,,,,
1174,Local,1754,Marseille,,Pour la Savoye et le Piemont,Exports,Lard,,,1163,,2326,livres,0.5,sources/Local/Archives_de_la_CCI_de_Marseille_I_23_Marseille_Exports_1754.csv,Archives de la CCI de Marseille - I 23,38,,,,,Teklia-Jules Oudot,,,0,,,,,,,,,
1175,Local,1754,Marseille,,Pour la Savoye et le Piemont,Exports,Liège,,,7,,50,livres,0.15,sources/Local/Archives_de_la_CCI_de_Marseille_I_23_Marseille_Exports_1754.csv,Archives de la CCI de Marseille - I 23,38,,,,,Teklia-Jules Oudot,,,-0.5,,,,,,,,,
1176,Local,1754,Marseille,,Pour la Savoye et le Piemont,Exports,Mercerie,,,1295,,370,livres,3.5,sources/Local/Archives_de_la_CCI_de_Marseille_I_23_Marseille_Exports_1754.csv,Archives de la CCI de Marseille - I 23,38,,,,,Teklia-Jules Oudot,,,0,,,,,,,,,
1177,Local,1754,Marseille,,Pour la Savoye et le Piemont,Exports,Meules de moulin,,,200,,5,pièces,40,sources/Local/Archives_de_la_CCI_de_Marseille_I_23_Marseille_Exports_1754.csv,Archives de la CCI de Marseille - I 23,38,,,,,Teklia-Jules Oudot,,,0,,,,,,,,,
1178,Local,1754,Marseille,,Pour la Savoye et le Piemont,Exports,Miel,,,281,,1876,livres,0.15,sources/Local/Archives_de_la_CCI_de_Marseille_I_23_Marseille_Exports_1754.csv,Archives de la CCI de Marseille - I 23,38,,,,,Teklia-Jules Oudot,,,-0.399999999999977,,,,,,,,,
1179,Local,1754,Marseille,,Pour la Savoye et le Piemont,Exports,Migon,,,176,,235,charges,0.75,sources/Local/Archives_de_la_CCI_de_Marseille_I_23_Marseille_Exports_1754.csv,Archives de la CCI de Marseille - I 23,38,,,,,Teklia-Jules Oudot,,,-0.25,,,,,,,,,
1180,Local,1754,Marseille,,Pour la Savoye et le Piemont,Exports,Mulet,,,200,,200,livres,1,sources/Local/Archives_de_la_CCI_de_Marseille_I_23_Marseille_Exports_1754.csv,Archives de la CCI de Marseille - I 23,38,,,,,Teklia-Jules Oudot,,,0,,,,,,,,,
1181,Local,1754,Marseille,,Pour la Savoye et le Piemont,Exports,Nogat,,,19,,55,livres,0.35,sources/Local/Archives_de_la_CCI_de_Marseille_I_23_Marseille_Exports_1754.csv,Archives de la CCI de Marseille - I 23,38,,,,,Teklia-Jules Oudot,,,-0.25,,,,,,,,,
1182,Local,1754,Marseille,,Pour la Savoye et le Piemont,Exports,Noix,,,65,,6.5,charges,10,sources/Local/Archives_de_la_CCI_de_Marseille_I_23_Marseille_Exports_1754.csv,Archives de la CCI de Marseille - I 23,38,,,,,Teklia-Jules Oudot,,,0,,,,,,,,,
1183,Local,1754,Marseille,,Pour la Savoye et le Piemont,Exports,Oeufs,,,1275,,4250,livres,0.3,sources/Local/Archives_de_la_CCI_de_Marseille_I_23_Marseille_Exports_1754.csv,Archives de la CCI de Marseille - I 23,38,,,,,Teklia-Jules Oudot,,,0,,,,,,,,,
1184,Local,1754,Marseille,,Pour la Savoye et le Piemont,Exports,Pate d'amande,,,3,,10,livres,0.3,sources/Local/Archives_de_la_CCI_de_Marseille_I_23_Marseille_Exports_1754.csv,Archives de la CCI de Marseille - I 23,38,,,,,Teklia-Jules Oudot,,,0,,,,,,,,,
1185,Local,1754,Marseille,,Pour la Savoye et le Piemont,Exports,Peaux d'agneaux,,,240,,80,douzaines,3,sources/Local/Archives_de_la_CCI_de_Marseille_I_23_Marseille_Exports_1754.csv,Archives de la CCI de Marseille - I 23,38,,,,,Teklia-Jules Oudot,,,0,,,,,,,,,
1186,Local,1754,Marseille,,Pour la Savoye et le Piemont,Exports,Peaux de Bravot,,,81,,9,douzaines,9,sources/Local/Archives_de_la_CCI_de_Marseille_I_23_Marseille_Exports_1754.csv,Archives de la CCI de Marseille - I 23,38,,,,,Teklia-Jules Oudot,,,0,,,,,,,,,
1187,Local,1754,Marseille,,Pour la Savoye et le Piemont,Exports,Peaux de Chevreaux,,,9,,12,douzaines,0.9,sources/Local/Archives_de_la_CCI_de_Marseille_I_23_Marseille_Exports_1754.csv,Archives de la CCI de Marseille - I 23,38,,,,,Teklia-Jules Oudot,,,-1.8,,,,,,,,,
1188,Local,1754,Marseille,,Pour la Savoye et le Piemont,Exports,Peaux de fouine,,,15,,5,livres,3,sources/Local/Archives_de_la_CCI_de_Marseille_I_23_Marseille_Exports_1754.csv,Archives de la CCI de Marseille - I 23,38,,,,,Teklia-Jules Oudot,,,0,,,,,,,,,
1189,Local,1754,Marseille,,Pour la Savoye et le Piemont,Exports,Peaux de marroquin,,,120,,4,douzaines,30,sources/Local/Archives_de_la_CCI_de_Marseille_I_23_Marseille_Exports_1754.csv,Archives de la CCI de Marseille - I 23,38,,,,,Teklia-Jules Oudot,,,0,,,,,,,,,
1190,Local,1754,Marseille,,Pour la Savoye et le Piemont,Exports,Peaux de marroquin,,,12,,5,livres,2.5,sources/Local/Archives_de_la_CCI_de_Marseille_I_23_Marseille_Exports_1754.csv,Archives de la CCI de Marseille - I 23,38,,,,,Teklia-Jules Oudot,,,-0.5,,,,,,,,,
1191,Local,1754,Marseille,,Pour la Savoye et le Piemont,Exports,Peaux de mouton gras,,,1296,,54,douzaines,24,sources/Local/Archives_de_la_CCI_de_Marseille_I_23_Marseille_Exports_1754.csv,Archives de la CCI de Marseille - I 23,38,,,,,Teklia-Jules Oudot,,,0,,,,,,,,,
1192,Local,1754,Marseille,,Pour la Savoye et le Piemont,Exports,Peaux de mouton gras,,,425,,425,livres,1,sources/Local/Archives_de_la_CCI_de_Marseille_I_23_Marseille_Exports_1754.csv,Archives de la CCI de Marseille - I 23,38,,,,,Teklia-Jules Oudot,,,0,,,,,,,,,
1193,Local,1754,Marseille,,Pour la Savoye et le Piemont,Exports,Peaux de Veau tanné,,,279,,466,livres,0.6,sources/Local/Archives_de_la_CCI_de_Marseille_I_23_Marseille_Exports_1754.csv,Archives de la CCI de Marseille - I 23,38,,,,,Teklia-Jules Oudot,,,-0.599999999999966,,,,,,,,,
1194,Local,1754,Marseille,,Pour la Savoye et le Piemont,Exports,Planches de sapin,,,2500,,250,douzaines,10,sources/Local/Archives_de_la_CCI_de_Marseille_I_23_Marseille_Exports_1754.csv,Archives de la CCI de Marseille - I 23,38,,,,,Teklia-Jules Oudot,,,0,,,,,,,,,
1195,Local,1754,Marseille,,Pour la Savoye et le Piemont,Exports,Plomb ouvré,,,50,,200,livres,0.25,sources/Local/Archives_de_la_CCI_de_Marseille_I_23_Marseille_Exports_1754.csv,Archives de la CCI de Marseille - I 23,38,,,,,Teklia-Jules Oudot,,,0,,,,,,,,,
1196,Local,1754,Marseille,,Pour la Savoye et le Piemont,Exports,Poil de chevre filé,,,252,,63,livres,4,sources/Local/Archives_de_la_CCI_de_Marseille_I_23_Marseille_Exports_1754.csv,Archives de la CCI de Marseille - I 23,38,,,,,Teklia-Jules Oudot,,,0,,,,,,,,,
1197,Local,1754,Marseille,,Pour la Savoye et le Piemont,Exports,Poisson frais,,,27,,180,livres,0.15,sources/Local/Archives_de_la_CCI_de_Marseille_I_23_Marseille_Exports_1754.csv,Archives de la CCI de Marseille - I 23,38,,,,,Teklia-Jules Oudot,,,0,,,,,,,,,
1198,Local,1754,Marseille,,Pour la Savoye et le Piemont,Exports,Poisson frit,,,10035,,669,barils,15,sources/Local/Archives_de_la_CCI_de_Marseille_I_23_Marseille_Exports_1754.csv,Archives de la CCI de Marseille - I 23,38,,,,,Teklia-Jules Oudot,,,0,,,,,,,,,
1199,Local,1754,Marseille,,Pour la Savoye et le Piemont,Exports,Poisson mariné,,,500,,500,livres,1,sources/Local/Archives_de_la_CCI_de_Marseille_I_23_Marseille_Exports_1754.csv,Archives de la CCI de Marseille - I 23,38,,,,,Teklia-Jules Oudot,,,0,,,,,,,,,
1200,Local,1754,Marseille,,Pour la Savoye et le Piemont,Exports,Pommade,,,222,,148,livres,1.5,sources/Local/Archives_de_la_CCI_de_Marseille_I_23_Marseille_Exports_1754.csv,Archives de la CCI de Marseille - I 23,38,,,,,Teklia-Jules Oudot,,,0,,,,,,,,,
1201,Local,1754,Marseille,,Pour la Savoye et le Piemont,Exports,Pommes,,,837,,33.5,charges,25,sources/Local/Archives_de_la_CCI_de_Marseille_I_23_Marseille_Exports_1754.csv,Archives de la CCI de Marseille - I 23,38,,,,,Teklia-Jules Oudot,,,-0.5,,,,,,,,,
1202,Local,1754,Marseille,,Pour la Savoye et le Piemont,Exports,Pois,,,2,,36,livres,0.07,sources/Local/Archives_de_la_CCI_de_Marseille_I_23_Marseille_Exports_1754.csv,Archives de la CCI de Marseille - I 23,38,,,,,Teklia-Jules Oudot,,,-0.520000000000001,,,,,,,,,
1203,Local,1754,Marseille,,Pour la Savoye et le Piemont,Exports,Pruneaux,,,930,,4651,livres,0.2,sources/Local/Archives_de_la_CCI_de_Marseille_I_23_Marseille_Exports_1754.csv,Archives de la CCI de Marseille - I 23,38,,,,,Teklia-Jules Oudot,,,-0.200000000000045,,,,,,,,,
1204,Local,1754,Marseille,,Pour la Savoye et le Piemont,Exports,Quincaille,,,10,,10,livres,1,sources/Local/Archives_de_la_CCI_de_Marseille_I_23_Marseille_Exports_1754.csv,Archives de la CCI de Marseille - I 23,38,,,,,Teklia-Jules Oudot,,,0,,,,,,,,,
1205,Local,1754,Marseille,,Pour la Savoye et le Piemont,Exports,Raisins secs,,,20225,,101127,livres,0.2,sources/Local/Archives_de_la_CCI_de_Marseille_I_23_Marseille_Exports_1754.csv,Archives de la CCI de Marseille - I 23,39,,,,,Teklia-Jules Oudot,,,-0.400000000001455,,,,,,,,,
1206,Local,1754,Marseille,,Pour la Savoye et le Piemont,Exports,Rognures de peaux,,,3,,75,livres,0.05,sources/Local/Archives_de_la_CCI_de_Marseille_I_23_Marseille_Exports_1754.csv,Archives de la CCI de Marseille - I 23,39,,,,,Teklia-Jules Oudot,,,-0.75,,,,,,,,,
1207,Local,1754,Marseille,,Pour la Savoye et le Piemont,Exports,Roseaux pour canes,,,6,,6,faix,1,sources/Local/Archives_de_la_CCI_de_Marseille_I_23_Marseille_Exports_1754.csv,Archives de la CCI de Marseille - I 23,39,,,,,Teklia-Jules Oudot,,,0,,,,,,,,,
1208,Local,1754,Marseille,,Pour la Savoye et le Piemont,Exports,Rubans d'or et d'argent,,,375,,3.75,livres,100,sources/Local/Archives_de_la_CCI_de_Marseille_I_23_Marseille_Exports_1754.csv,Archives de la CCI de Marseille - I 23,39,,,,,Teklia-Jules Oudot,,,0,,,,,,,,,
1209,Local,1754,Marseille,,Pour la Savoye et le Piemont,Exports,Saignes,,,300,,600,livres,0.5,sources/Local/Archives_de_la_CCI_de_Marseille_I_23_Marseille_Exports_1754.csv,Archives de la CCI de Marseille - I 23,39,,,,,Teklia-Jules Oudot,,,0,,,,,,,,,
1210,Local,1754,Marseille,,Pour la Savoye et le Piemont,Exports,Savon,,,702,,2343,livres,0.3,sources/Local/Archives_de_la_CCI_de_Marseille_I_23_Marseille_Exports_1754.csv,Archives de la CCI de Marseille - I 23,39,,,,,Teklia-Jules Oudot,,,-0.899999999999977,,,,,,,,,
1211,Local,1754,Marseille,,Pour la Savoye et le Piemont,Exports,Savonetes,,,131,,131,livres,1,sources/Local/Archives_de_la_CCI_de_Marseille_I_23_Marseille_Exports_1754.csv,Archives de la CCI de Marseille - I 23,39,,,,,Teklia-Jules Oudot,,,0,,,,,,,,,
1212,Local,1754,Marseille,,Pour la Savoye et le Piemont,Exports,Sirop de capilaire,,,200,,200,livres,1,sources/Local/Archives_de_la_CCI_de_Marseille_I_23_Marseille_Exports_1754.csv,Archives de la CCI de Marseille - I 23,39,,,,,Teklia-Jules Oudot,,,0,,,,,,,,,
1213,Local,1754,Marseille,,Pour la Savoye et le Piemont,Exports,Soude,,,45,,500,livres,0.09,sources/Local/Archives_de_la_CCI_de_Marseille_I_23_Marseille_Exports_1754.csv,Archives de la CCI de Marseille - I 23,39,,,,,Teklia-Jules Oudot,,Prix en lt au cent,0,,,,,,,,,
1214,Local,1754,Marseille,,Pour la Savoye et le Piemont,Exports,Souliers,,,111,,37,paires,3,sources/Local/Archives_de_la_CCI_de_Marseille_I_23_Marseille_Exports_1754.csv,Archives de la CCI de Marseille - I 23,39,,,,,Teklia-Jules Oudot,,,0,,,,,,,,,
1215,Local,1754,Marseille,,Pour la Savoye et le Piemont,Exports,Suif,,,8,,20,livres,0.4,sources/Local/Archives_de_la_CCI_de_Marseille_I_23_Marseille_Exports_1754.csv,Archives de la CCI de Marseille - I 23,39,,,,,Teklia-Jules Oudot,,,0,,,,,,,,,
1216,Local,1754,Marseille,,Pour la Savoye et le Piemont,Exports,Terraille,,,1284,,183.5,charges,7,sources/Local/Archives_de_la_CCI_de_Marseille_I_23_Marseille_Exports_1754.csv,Archives de la CCI de Marseille - I 23,39,,,,,Teklia-Jules Oudot,,,-0.5,,,,,,,,,
1217,Local,1754,Marseille,,Pour la Savoye et le Piemont,Exports,Terre à foulon,,,150,,5,livres,30,sources/Local/Archives_de_la_CCI_de_Marseille_I_23_Marseille_Exports_1754.csv,Archives de la CCI de Marseille - I 23,39,,,,,Teklia-Jules Oudot,,,0,,,,,,,,,
1218,Local,1754,Marseille,,Pour la Savoye et le Piemont,Exports,Terre à foulon,,,45,,450,livres,0.1,sources/Local/Archives_de_la_CCI_de_Marseille_I_23_Marseille_Exports_1754.csv,Archives de la CCI de Marseille - I 23,39,,,,,Teklia-Jules Oudot,,,0,,,,,,,,,
1219,Local,1754,Marseille,,Pour la Savoye et le Piemont,Exports,Toile blanche,,,1020,,17,pièces,60,sources/Local/Archives_de_la_CCI_de_Marseille_I_23_Marseille_Exports_1754.csv,Archives de la CCI de Marseille - I 23,39,,,,,Teklia-Jules Oudot,,,0,,,,,,,,,
1220,Local,1754,Marseille,,Pour la Savoye et le Piemont,Exports,Toile blanche,,,1680,,280,livres,6,sources/Local/Archives_de_la_CCI_de_Marseille_I_23_Marseille_Exports_1754.csv,Archives de la CCI de Marseille - I 23,39,,,,,Teklia-Jules Oudot,,,0,,,,,,,,,
1221,Local,1754,Marseille,,Pour la Savoye et le Piemont,Exports,Truffes fraiches,,,1320,,330,livres,4,sources/Local/Archives_de_la_CCI_de_Marseille_I_23_Marseille_Exports_1754.csv,Archives de la CCI de Marseille - I 23,39,,,,,Teklia-Jules Oudot,,,0,,,,,,,,,
1222,Local,1754,Marseille,,Pour la Savoye et le Piemont,Exports,Truffes seches,,,760,,190,livres,4,sources/Local/Archives_de_la_CCI_de_Marseille_I_23_Marseille_Exports_1754.csv,Archives de la CCI de Marseille - I 23,39,,,,,Teklia-Jules Oudot,,,0,,,,,,,,,
1223,Local,1754,Marseille,,Pour la Savoye et le Piemont,Exports,Vernis,,,3,,2.5,livres,1.5,sources/Local/Archives_de_la_CCI_de_Marseille_I_23_Marseille_Exports_1754.csv,Archives de la CCI de Marseille - I 23,39,,,,,Teklia-Jules Oudot,,,-0.75,,,,,,,,,
1224,Local,1754,Marseille,,Pour la Savoye et le Piemont,Exports,Verres a boire,,,22,,22,livres,1,sources/Local/Archives_de_la_CCI_de_Marseille_I_23_Marseille_Exports_1754.csv,Archives de la CCI de Marseille - I 23,39,,,,,Teklia-Jules Oudot,,,0,,,,,,,,,
1225,Local,1754,Marseille,,Pour la Savoye et le Piemont,Exports,Vin rouge,,,4878,,542,charges,9,sources/Local/Archives_de_la_CCI_de_Marseille_I_23_Marseille_Exports_1754.csv,Archives de la CCI de Marseille - I 23,39,,,,,Teklia-Jules Oudot,,,0,,,,,,,,,
1226,Local,1754,Marseille,,Pour la Savoye et le Piemont,Exports,Vin rouge,,,1124,,281,coupes,4,sources/Local/Archives_de_la_CCI_de_Marseille_I_23_Marseille_Exports_1754.csv,Archives de la CCI de Marseille - I 23,39,,,,,Teklia-Jules Oudot,,,0,,,,,,,,,
1227,Local,1754,Marseille,,Pour la Savoye et le Piemont,Exports,Vin rouge,,,9,,1.5,millerolles,6,sources/Local/Archives_de_la_CCI_de_Marseille_I_23_Marseille_Exports_1754.csv,Archives de la CCI de Marseille - I 23,39,,,,,Teklia-Jules Oudot,,,0,,,,,,,,,
1228,Local,1754,Marseille,,Pour la Savoye et le Piemont,Exports,Vinaigre,,,726,,121,charges,6,sources/Local/Archives_de_la_CCI_de_Marseille_I_23_Marseille_Exports_1754.csv,Archives de la CCI de Marseille - I 23,39,,,,,Teklia-Jules Oudot,,,0,,,,,,,,,
1229,Local,1754,Marseille,,Pour la Savoye et le Piemont,Exports,Volaille dindons,,,774,,387,pièces,2,sources/Local/Archives_de_la_CCI_de_Marseille_I_23_Marseille_Exports_1754.csv,Archives de la CCI de Marseille - I 23,39,,,,,Teklia-Jules Oudot,,,0,,,,,,,,,
1230,Local,1754,Marseille,,Pour la Savoye et le Piemont,Exports,Volaille poules et poulets,,,8541,,5694,paires,1.5,sources/Local/Archives_de_la_CCI_de_Marseille_I_23_Marseille_Exports_1754.csv,Archives de la CCI de Marseille - I 23,39,,,,,Teklia-Jules Oudot,,,0,,,,,,,,,
1231,Local,1754,Marseille,,Suisse et Genève,Exports,Amandes cassées,,,465.15,,1860,livres,0.25,sources/Local/Archives_de_la_CCI_de_Marseille_I_23_Marseille_Exports_1754.csv,Archives de la CCI de Marseille - I 23,40,,,,,Teklia-Jules Oudot,,,0.149999999999977,,,,,,,,,
1232,Local,1754,Marseille,,Suisse et Genève,Exports,Anchois,,,247,,330,livres,0.75,sources/Local/Archives_de_la_CCI_de_Marseille_I_23_Marseille_Exports_1754.csv,Archives de la CCI de Marseille - I 23,40,,,,,Teklia-Jules Oudot,,,-0.5,,,,,,,,,
1233,Local,1754,Marseille,,Suisse et Genève,Exports,Arbres à planter,,,12,,50,livres,0.25,sources/Local/Archives_de_la_CCI_de_Marseille_I_23_Marseille_Exports_1754.csv,Archives de la CCI de Marseille - I 23,40,,,,,Teklia-Jules Oudot,,,-0.5,,,,,,,,,
1234,Local,1754,Marseille,,Suisse et Genève,Exports,Artichaux,,,250,,250,cent,1,sources/Local/Archives_de_la_CCI_de_Marseille_I_23_Marseille_Exports_1754.csv,Archives de la CCI de Marseille - I 23,40,,,,,Teklia-Jules Oudot,,,0,,,,,,,,,
1235,Local,1754,Marseille,,Suisse et Genève,Exports,Bergamotes seches,,,159,,53,livres,3,sources/Local/Archives_de_la_CCI_de_Marseille_I_23_Marseille_Exports_1754.csv,Archives de la CCI de Marseille - I 23,40,,,,,Teklia-Jules Oudot,,,0,,,,,,,,,
1236,Local,1754,Marseille,,Suisse et Genève,Exports,Boetes de bergamote,,,224,,28,livres,8,sources/Local/Archives_de_la_CCI_de_Marseille_I_23_Marseille_Exports_1754.csv,Archives de la CCI de Marseille - I 23,40,,,,,Teklia-Jules Oudot,,,0,,,,,,,,,
1237,Local,1754,Marseille,,Suisse et Genève,Exports,Bouchons de liege,,,30,,10,livres,3,sources/Local/Archives_de_la_CCI_de_Marseille_I_23_Marseille_Exports_1754.csv,Archives de la CCI de Marseille - I 23,40,,,,,Teklia-Jules Oudot,,,0,,,,,,,,,
1238,Local,1754,Marseille,,Suisse et Genève,Exports,Capres,,,9,,30,livres,0.3,sources/Local/Archives_de_la_CCI_de_Marseille_I_23_Marseille_Exports_1754.csv,Archives de la CCI de Marseille - I 23,40,,,,,Teklia-Jules Oudot,,,0,,,,,,,,,
1239,Local,1754,Marseille,,Suisse et Genève,Exports,Citrons,,,589,,11783,pièces,0.05,sources/Local/Archives_de_la_CCI_de_Marseille_I_23_Marseille_Exports_1754.csv,Archives de la CCI de Marseille - I 23,40,,,,,Teklia-Jules Oudot,,,-0.149999999999977,,,,,,,,,
1240,Local,1754,Marseille,,Suisse et Genève,Exports,Eau de pin,,,30,,300,livres,0.1,sources/Local/Archives_de_la_CCI_de_Marseille_I_23_Marseille_Exports_1754.csv,Archives de la CCI de Marseille - I 23,40,,,,,Teklia-Jules Oudot,,,0,,,,,,,,,
1241,Local,1754,Marseille,,Suisse et Genève,Exports,Eau de vie,,,69,,460,livres,0.15,sources/Local/Archives_de_la_CCI_de_Marseille_I_23_Marseille_Exports_1754.csv,Archives de la CCI de Marseille - I 23,40,,,,,Teklia-Jules Oudot,,,0,,,,,,,,,
1242,Local,1754,Marseille,,Suisse et Genève,Exports,Ecorce d'orange seche,,,237,,1185,livres,0.2,sources/Local/Archives_de_la_CCI_de_Marseille_I_23_Marseille_Exports_1754.csv,Archives de la CCI de Marseille - I 23,40,,,,,Teklia-Jules Oudot,,,0,,,,,,,,,
1243,Local,1754,Marseille,,Suisse et Genève,Exports,Essence,,,3,,2,livres,1.5,sources/Local/Archives_de_la_CCI_de_Marseille_I_23_Marseille_Exports_1754.csv,Archives de la CCI de Marseille - I 23,40,,,,,Teklia-Jules Oudot,,,0,,,,,,,,,
1244,Local,1754,Marseille,,Suisse et Genève,Exports,Etain vieux,,,11,,11.5,livres,1,sources/Local/Archives_de_la_CCI_de_Marseille_I_23_Marseille_Exports_1754.csv,Archives de la CCI de Marseille - I 23,40,,,,,Teklia-Jules Oudot,,,-0.5,,,,,,,,,
1245,Local,1754,Marseille,,Suisse et Genève,Exports,Figues,,,1023,,10234,livres,0.1,sources/Local/Archives_de_la_CCI_de_Marseille_I_23_Marseille_Exports_1754.csv,Archives de la CCI de Marseille - I 23,40,,,,,Teklia-Jules Oudot,,,-0.400000000000091,,,,,,,,,
1246,Local,1754,Marseille,,Suisse et Genève,Exports,Graine de jardins,,,125,,125,livres,1,sources/Local/Archives_de_la_CCI_de_Marseille_I_23_Marseille_Exports_1754.csv,Archives de la CCI de Marseille - I 23,40,,,,,Teklia-Jules Oudot,,,0,,,,,,,,,
1247,Local,1754,Marseille,,Suisse et Genève,Exports,Graine de Luzerne,,,341,,1365,livres,0.25,sources/Local/Archives_de_la_CCI_de_Marseille_I_23_Marseille_Exports_1754.csv,Archives de la CCI de Marseille - I 23,40,,,,,Teklia-Jules Oudot,,,-0.25,,,,,,,,,
1248,Local,1754,Marseille,,Suisse et Genève,Exports,Guetres de bazanne,,,90,,5,paires,18,sources/Local/Archives_de_la_CCI_de_Marseille_I_23_Marseille_Exports_1754.csv,Archives de la CCI de Marseille - I 23,40,,,,,Teklia-Jules Oudot,,,0,,,,,,,,,
1249,Local,1754,Marseille,,Suisse et Genève,Exports,Huile d'olive,,,4971,,12428,livres,0.4,sources/Local/Archives_de_la_CCI_de_Marseille_I_23_Marseille_Exports_1754.csv,Archives de la CCI de Marseille - I 23,40,,,,,Teklia-Jules Oudot,,,-0.200000000000728,,,,,,,,,
1250,Local,1754,Marseille,,Suisse et Genève,Exports,Jujubes,,,49,,490,livres,0.1,sources/Local/Archives_de_la_CCI_de_Marseille_I_23_Marseille_Exports_1754.csv,Archives de la CCI de Marseille - I 23,40,,,,,Teklia-Jules Oudot,,,0,,,,,,,,,
1251,Local,1754,Marseille,,Suisse et Genève,Exports,Liège,,,39,,260,livres,0.15,sources/Local/Archives_de_la_CCI_de_Marseille_I_23_Marseille_Exports_1754.csv,Archives de la CCI de Marseille - I 23,40,,,,,Teklia-Jules Oudot,,,0,,,,,,,,,
1252,Local,1754,Marseille,,Suisse et Genève,Exports,Merluche,,,13,,90,livres,0.15,sources/Local/Archives_de_la_CCI_de_Marseille_I_23_Marseille_Exports_1754.csv,Archives de la CCI de Marseille - I 23,40,,,,,Teklia-Jules Oudot,,,-0.5,,,,,,,,,
1253,Local,1754,Marseille,,Suisse et Genève,Exports,Olives,,,3,,25,livres,0.15,sources/Local/Archives_de_la_CCI_de_Marseille_I_23_Marseille_Exports_1754.csv,Archives de la CCI de Marseille - I 23,40,,,,,Teklia-Jules Oudot,,,-0.75,,,,,,,,,
1254,Local,1754,Marseille,,Suisse et Genève,Exports,Oranges,,,966,,19325,pièces,0.05,sources/Local/Archives_de_la_CCI_de_Marseille_I_23_Marseille_Exports_1754.csv,Archives de la CCI de Marseille - I 23,40,,,,,Teklia-Jules Oudot,,,-0.25,,,,,,,,,
1255,Local,1754,Marseille,,Suisse et Genève,Exports,Ouäte,,,15,,10,livres,1.5,sources/Local/Archives_de_la_CCI_de_Marseille_I_23_Marseille_Exports_1754.csv,Archives de la CCI de Marseille - I 23,40,,,,,Teklia-Jules Oudot,,,0,,,,,,,,,
1256,Local,1754,Marseille,,Suisse et Genève,Exports,Peaux de mouton passées,,,265,,265,livres,1,sources/Local/Archives_de_la_CCI_de_Marseille_I_23_Marseille_Exports_1754.csv,Archives de la CCI de Marseille - I 23,40,,,,,Teklia-Jules Oudot,,,0,,,,,,,,,
1257,Local,1754,Marseille,,Suisse et Genève,Exports,Peaux sauvagines,,,15,,5,livres,3,sources/Local/Archives_de_la_CCI_de_Marseille_I_23_Marseille_Exports_1754.csv,Archives de la CCI de Marseille - I 23,40,,,,,Teklia-Jules Oudot,,,0,,,,,,,,,
1258,Local,1754,Marseille,,Suisse et Genève,Exports,Perdrix,,,12,,6,paires,2,sources/Local/Archives_de_la_CCI_de_Marseille_I_23_Marseille_Exports_1754.csv,Archives de la CCI de Marseille - I 23,40,,,,,Teklia-Jules Oudot,,,0,,,,,,,,,
1259,Local,1754,Marseille,,Suisse et Genève,Exports,Pomade,,,31,,21,livres,1.5,sources/Local/Archives_de_la_CCI_de_Marseille_I_23_Marseille_Exports_1754.csv,Archives de la CCI de Marseille - I 23,40,,,,,Teklia-Jules Oudot,,,-0.5,,,,,,,,,
1260,Local,1754,Marseille,,Suisse et Genève,Exports,Pruneaux,,,1031,,5155,livres,0.2,sources/Local/Archives_de_la_CCI_de_Marseille_I_23_Marseille_Exports_1754.csv,Archives de la CCI de Marseille - I 23,40,,,,,Teklia-Jules Oudot,,,0,,,,,,,,,
1261,Local,1754,Marseille,,Suisse et Genève,Exports,Raisins secs,,,1972,,9860,livres,0.2,sources/Local/Archives_de_la_CCI_de_Marseille_I_23_Marseille_Exports_1754.csv,Archives de la CCI de Marseille - I 23,41,,,,,Teklia-Jules Oudot,,,0,,,,,,,,,
1262,Local,1754,Marseille,,Suisse et Genève,Exports,Savon,,,28503,,95012,livres,0.3,sources/Local/Archives_de_la_CCI_de_Marseille_I_23_Marseille_Exports_1754.csv,Archives de la CCI de Marseille - I 23,41,,,,,Teklia-Jules Oudot,,,-0.599999999998545,,,,,,,,,
1263,Local,1754,Marseille,,Suisse et Genève,Exports,Savonettes,,,56,,56,livres,1,sources/Local/Archives_de_la_CCI_de_Marseille_I_23_Marseille_Exports_1754.csv,Archives de la CCI de Marseille - I 23,41,,,,,Teklia-Jules Oudot,,,0,,,,,,,,,
1264,Local,1754,Marseille,,Suisse et Genève,Exports,Truffes,,,40,,10,livres,4,sources/Local/Archives_de_la_CCI_de_Marseille_I_23_Marseille_Exports_1754.csv,Archives de la CCI de Marseille - I 23,41,,,,,Teklia-Jules Oudot,,,0,,,,,,,,,
1265,Local,1754,Marseille,,Suisse et Genève,Exports,Vin muscat,,,192,,385,livres,0.5,sources/Local/Archives_de_la_CCI_de_Marseille_I_23_Marseille_Exports_1754.csv,Archives de la CCI de Marseille - I 23,41,,,,,Teklia-Jules Oudot,,,-0.5,,,,,,,,,
1266,Local,1754,Marseille,,Pour les Isles françaises de L'Amérique,Exports,Amandes,,,10380,,173,charges,60,sources/Local/Archives_de_la_CCI_de_Marseille_I_23_Marseille_Exports_1754.csv,Archives de la CCI de Marseille - I 23,41,,,,,Teklia-Jules Oudot,,,0,,,,,,,,,
1267,Local,1754,Marseille,,Pour les Isles françaises de L'Amérique,Exports,Amandes,,,11420,,57100,livres,0.2,sources/Local/Archives_de_la_CCI_de_Marseille_I_23_Marseille_Exports_1754.csv,Archives de la CCI de Marseille - I 23,41,,,,,Teklia-Jules Oudot,,,0,,,,,,,,,
1268,Local,1754,Marseille,,Pour les Isles françaises de L'Amérique,Exports,Ameublemens,,,2000,,,,2000,sources/Local/Archives_de_la_CCI_de_Marseille_I_23_Marseille_Exports_1754.csv,Archives de la CCI de Marseille - I 23,41,,,,,Teklia-Jules Oudot,,,,,,,,,,,,
1269,Local,1754,Marseille,,Pour les Isles françaises de L'Amérique,Exports,Anchois,,,2748,,229,caisses,12,sources/Local/Archives_de_la_CCI_de_Marseille_I_23_Marseille_Exports_1754.csv,Archives de la CCI de Marseille - I 23,41,,,,,Teklia-Jules Oudot,,Le prix semble bon (un peu bas?). J'ajuste la valeur qui était 2628,0,,,,,,,,,
1270,Local,1754,Marseille,,Pour les Isles françaises de L'Amérique,Exports,Anchois,,,402,,67,cannettes,6,sources/Local/Archives_de_la_CCI_de_Marseille_I_23_Marseille_Exports_1754.csv,Archives de la CCI de Marseille - I 23,41,,,,,Teklia-Jules Oudot,,,0,,,,,,,,,
1271,Local,1754,Marseille,,Pour les Isles françaises de L'Amérique,Exports,Bougies,,,92076,,43846,livres,2.1,sources/Local/Archives_de_la_CCI_de_Marseille_I_23_Marseille_Exports_1754.csv,Archives de la CCI de Marseille - I 23,41,,,,,Teklia-Jules Oudot,,,-0.600000000005821,,,,,,,,,
1272,Local,1754,Marseille,,Pour les Isles françaises de L'Amérique,Exports,Briques,,,37140,,619,milliers,60,sources/Local/Archives_de_la_CCI_de_Marseille_I_23_Marseille_Exports_1754.csv,Archives de la CCI de Marseille - I 23,41,,,,,Teklia-Jules Oudot,,,0,,,,,,,,,
1273,Local,1754,Marseille,,Pour les Isles françaises de L'Amérique,Exports,Capres,,,2628,,219,caisses,12,sources/Local/Archives_de_la_CCI_de_Marseille_I_23_Marseille_Exports_1754.csv,Archives de la CCI de Marseille - I 23,41,,,,,Teklia-Jules Oudot,,,0,,,,,,,,,
1274,Local,1754,Marseille,,Pour les Isles françaises de L'Amérique,Exports,Capres,,,402,,67,canettes,6,sources/Local/Archives_de_la_CCI_de_Marseille_I_23_Marseille_Exports_1754.csv,Archives de la CCI de Marseille - I 23,41,,,,,Teklia-Jules Oudot,,,0,,,,,,,,,
1275,Local,1754,Marseille,,Pour les Isles françaises de L'Amérique,Exports,Cercles de bois,,,36768,,18384,paquets,2,sources/Local/Archives_de_la_CCI_de_Marseille_I_23_Marseille_Exports_1754.csv,Archives de la CCI de Marseille - I 23,41,,,,,Teklia-Jules Oudot,,,0,,,,,,,,,
1276,Local,1754,Marseille,,Pour les Isles françaises de L'Amérique,Exports,Chair salée,,,124275,,497100,livres,0.25,sources/Local/Archives_de_la_CCI_de_Marseille_I_23_Marseille_Exports_1754.csv,Archives de la CCI de Marseille - I 23,41,,,,,Teklia-Jules Oudot,,,0,,,,,,,,,
1277,Local,1754,Marseille,,Pour les Isles françaises de L'Amérique,Exports,Chapeaux assortis,,,145740,,2429,douzaines,60,sources/Local/Archives_de_la_CCI_de_Marseille_I_23_Marseille_Exports_1754.csv,Archives de la CCI de Marseille - I 23,41,,,,,Teklia-Jules Oudot,,,0,,,,,,,,,
1278,Local,1754,Marseille,,Pour les Isles françaises de L'Amérique,Exports,Chapeaux castor,,,125280,,580,douzaines,216,sources/Local/Archives_de_la_CCI_de_Marseille_I_23_Marseille_Exports_1754.csv,Archives de la CCI de Marseille - I 23,41,,,,,Teklia-Jules Oudot,,,0,,,,,,,,,
1279,Local,1754,Marseille,,Pour les Isles françaises de L'Amérique,Exports,Chapeaux à negre,,,18432,,512,douzaines,36,sources/Local/Archives_de_la_CCI_de_Marseille_I_23_Marseille_Exports_1754.csv,Archives de la CCI de Marseille - I 23,41,,,,,Teklia-Jules Oudot,,,0,,,,,,,,,
1280,Local,1754,Marseille,,Pour les Isles françaises de L'Amérique,Exports,Chandelle,,,324990,,722200,livres,0.45,sources/Local/Archives_de_la_CCI_de_Marseille_I_23_Marseille_Exports_1754.csv,Archives de la CCI de Marseille - I 23,41,,,,,Teklia-Jules Oudot,,,0,,,,,,,,,
1281,Local,1754,Marseille,,Pour les Isles françaises de L'Amérique,Exports,Chemises garnies,,,78000,,26,ballots,3000,sources/Local/Archives_de_la_CCI_de_Marseille_I_23_Marseille_Exports_1754.csv,Archives de la CCI de Marseille - I 23,41,,,,,Teklia-Jules Oudot,,,0,,,,,,,,,
1282,Local,1754,Marseille,,Pour les Isles françaises de L'Amérique,Exports,Chemises garnies,,,13800,,138,douzaines,100,sources/Local/Archives_de_la_CCI_de_Marseille_I_23_Marseille_Exports_1754.csv,Archives de la CCI de Marseille - I 23,41,,,,,Teklia-Jules Oudot,,,0,,,,,,,,,
1283,Local,1754,Marseille,,Pour les Isles françaises de L'Amérique,Exports,Chemises à negres,,,120,,60,pièces,2,sources/Local/Archives_de_la_CCI_de_Marseille_I_23_Marseille_Exports_1754.csv,Archives de la CCI de Marseille - I 23,41,,,,,Teklia-Jules Oudot,,,0,,,,,,,,,
1284,Local,1754,Marseille,,Pour les Isles françaises de L'Amérique,Exports,Clous de fer,,,121710,,405700,livres,0.3,sources/Local/Archives_de_la_CCI_de_Marseille_I_23_Marseille_Exports_1754.csv,Archives de la CCI de Marseille - I 23,41,,,,,Teklia-Jules Oudot,,le prix 6 sous (0.3) est raisonnable (plutôt 0.25). Je change la valeur qui était 26425 (la quantité est peut-être trop forte aussi?),0,,,,,,,,,
1285,Local,1754,Marseille,,Pour les Isles françaises de L'Amérique,Exports,Confitures,,,3840,,96,caisses,40,sources/Local/Archives_de_la_CCI_de_Marseille_I_23_Marseille_Exports_1754.csv,Archives de la CCI de Marseille - I 23,41,,,,,Teklia-Jules Oudot,,,0,,,,,,,,,
1286,Local,1754,Marseille,,Pour les Isles françaises de L'Amérique,Exports,Confitures,,,34800,,34800,livres,1,sources/Local/Archives_de_la_CCI_de_Marseille_I_23_Marseille_Exports_1754.csv,Archives de la CCI de Marseille - I 23,41,,,,,Teklia-Jules Oudot,,,0,,,,,,,,,
1287,Local,1754,Marseille,,Pour les Isles françaises de L'Amérique,Exports,Cuivre ouvré,,,8480,,5300,livres,1.6,sources/Local/Archives_de_la_CCI_de_Marseille_I_23_Marseille_Exports_1754.csv,Archives de la CCI de Marseille - I 23,41,,,,,Teklia-Jules Oudot,,,0,,,,,,,,,
1288,Local,1754,Marseille,,Pour les Isles françaises de L'Amérique,Exports,Dame janes,,,624,,26,douzaines,24,sources/Local/Archives_de_la_CCI_de_Marseille_I_23_Marseille_Exports_1754.csv,Archives de la CCI de Marseille - I 23,41,,,,,Teklia-Jules Oudot,,,0,,,,,,,,,
1289,Local,1754,Marseille,,Pour les Isles françaises de L'Amérique,Exports,Dame janes,,,2064,,1032,pièces,2,sources/Local/Archives_de_la_CCI_de_Marseille_I_23_Marseille_Exports_1754.csv,Archives de la CCI de Marseille - I 23,41,,,,,Teklia-Jules Oudot,,,0,,,,,,,,,
1290,Local,1754,Marseille,,Pour les Isles françaises de L'Amérique,Exports,Draperie,,,26800,,67,pièces,400,sources/Local/Archives_de_la_CCI_de_Marseille_I_23_Marseille_Exports_1754.csv,Archives de la CCI de Marseille - I 23,42,,,,,Teklia-Jules Oudot,,,0,,,,,,,,,
1291,Local,1754,Marseille,,Pour les Isles françaises de L'Amérique,Exports,Draperie,,,1200,,6,pièces,200,sources/Local/Archives_de_la_CCI_de_Marseille_I_23_Marseille_Exports_1754.csv,Archives de la CCI de Marseille - I 23,42,,,,,Teklia-Jules Oudot,,,0,,,,,,,,,
1292,Local,1754,Marseille,,Pour les Isles françaises de L'Amérique,Exports,Drogueries,,,11265,,3755,livres,3,sources/Local/Archives_de_la_CCI_de_Marseille_I_23_Marseille_Exports_1754.csv,Archives de la CCI de Marseille - I 23,42,,,,,Teklia-Jules Oudot,,,0,,,,,,,,,
1293,Local,1754,Marseille,,Pour les Isles françaises de L'Amérique,Exports,Eau de vie,,,64410,,429400,livres,0.15,sources/Local/Archives_de_la_CCI_de_Marseille_I_23_Marseille_Exports_1754.csv,Archives de la CCI de Marseille - I 23,42,,,,,Teklia-Jules Oudot,,,0,,,,,,,,,
1294,Local,1754,Marseille,,Pour les Isles françaises de L'Amérique,Exports,Etoffe d'or,,,43875,,225,livres,195,sources/Local/Archives_de_la_CCI_de_Marseille_I_23_Marseille_Exports_1754.csv,Archives de la CCI de Marseille - I 23,42,,,,,Teklia-Jules Oudot,,,0,,,,,,,,,
1295,Local,1754,Marseille,,Pour les Isles françaises de L'Amérique,Exports,Etoffe d'or et d'argent,,,141300,,942,livres,150,sources/Local/Archives_de_la_CCI_de_Marseille_I_23_Marseille_Exports_1754.csv,Archives de la CCI de Marseille - I 23,42,,,,,Teklia-Jules Oudot,,,0,,,,,,,,,
1296,Local,1754,Marseille,,Pour les Isles françaises de L'Amérique,Exports,Etoffe de soye,,,131880,,3297,livres,40,sources/Local/Archives_de_la_CCI_de_Marseille_I_23_Marseille_Exports_1754.csv,Archives de la CCI de Marseille - I 23,42,,,,,Teklia-Jules Oudot,,,0,,,,,,,,,
1297,Local,1754,Marseille,,Pour les Isles françaises de L'Amérique,Exports,Farine,,,49670,,496700,livres,0.1,sources/Local/Archives_de_la_CCI_de_Marseille_I_23_Marseille_Exports_1754.csv,Archives de la CCI de Marseille - I 23,42,,,,,Teklia-Jules Oudot,,,0,,,,,,,,,
1298,Local,1754,Marseille,,Pour les Isles françaises de L'Amérique,Exports,Fayance en assiétes,,,211800,,7060,douzaines,30,sources/Local/Archives_de_la_CCI_de_Marseille_I_23_Marseille_Exports_1754.csv,Archives de la CCI de Marseille - I 23,42,,,,,Teklia-Jules Oudot,,,0,,,,,,,,,
1299,Local,1754,Marseille,,Pour les Isles françaises de L'Amérique,Exports,Figues,,,481,,4810,livres,0.1,sources/Local/Archives_de_la_CCI_de_Marseille_I_23_Marseille_Exports_1754.csv,Archives de la CCI de Marseille - I 23,42,,,,,Teklia-Jules Oudot,,,0,,,,,,,,,
1300,Local,1754,Marseille,,Pour les Isles françaises de L'Amérique,Exports,Fromage de Gruyere,,,65040,,216800,livres,0.3,sources/Local/Archives_de_la_CCI_de_Marseille_I_23_Marseille_Exports_1754.csv,Archives de la CCI de Marseille - I 23,42,,,,,Teklia-Jules Oudot,,,0,,,,,,,,,
1301,Local,1754,Marseille,,Pour les Isles françaises de L'Amérique,Exports,Huiles d'olive,,,97160,,242900,livres,0.4,sources/Local/Archives_de_la_CCI_de_Marseille_I_23_Marseille_Exports_1754.csv,Archives de la CCI de Marseille - I 23,42,,,,,Teklia-Jules Oudot,,,0,,,,,,,,,
1302,Local,1754,Marseille,,Pour les Isles françaises de L'Amérique,Exports,Jarres,,,3060,,340,pièces,9,sources/Local/Archives_de_la_CCI_de_Marseille_I_23_Marseille_Exports_1754.csv,Archives de la CCI de Marseille - I 23,42,,,,,Teklia-Jules Oudot,,,0,,,,,,,,,
1303,Local,1754,Marseille,,Pour les Isles françaises de L'Amérique,Exports,Legumes,,,12330,,82200,livres,0.15,sources/Local/Archives_de_la_CCI_de_Marseille_I_23_Marseille_Exports_1754.csv,Archives de la CCI de Marseille - I 23,42,,,,,Teklia-Jules Oudot,,,0,,,,,,,,,
1304,Local,1754,Marseille,,Pour les Isles françaises de L'Amérique,Exports,Liqueurs,,,30490,,3049,caisses,10,sources/Local/Archives_de_la_CCI_de_Marseille_I_23_Marseille_Exports_1754.csv,Archives de la CCI de Marseille - I 23,42,,,,,Teklia-Jules Oudot,,,0,,,,,,,,,
1305,Local,1754,Marseille,,Pour les Isles françaises de L'Amérique,Exports,Liqueurs,,,2250,,3000,bouteilles,0.75,sources/Local/Archives_de_la_CCI_de_Marseille_I_23_Marseille_Exports_1754.csv,Archives de la CCI de Marseille - I 23,42,,,,,Teklia-Jules Oudot,,,0,,,,,,,,,
1306,Local,1754,Marseille,,Pour les Isles françaises de L'Amérique,Exports,Marchandises mêlées,,,55062,,,,55062,sources/Local/Archives_de_la_CCI_de_Marseille_I_23_Marseille_Exports_1754.csv,Archives de la CCI de Marseille - I 23,42,,,,,Teklia-Jules Oudot,,,,,,,,,,,,
1307,Local,1754,Marseille,,Pour les Isles françaises de L'Amérique,Exports,Mercerie fine,,,37470,,1249,livres,30,sources/Local/Archives_de_la_CCI_de_Marseille_I_23_Marseille_Exports_1754.csv,Archives de la CCI de Marseille - I 23,42,,,,,Teklia-Jules Oudot,,,0,,,,,,,,,
1308,Local,1754,Marseille,,Pour les Isles françaises de L'Amérique,Exports,Mercerie ordinaire,,,10626,,3036,livres,3.5,sources/Local/Archives_de_la_CCI_de_Marseille_I_23_Marseille_Exports_1754.csv,Archives de la CCI de Marseille - I 23,42,,,,,Teklia-Jules Oudot,,,0,,,,,,,,,
1309,Local,1754,Marseille,,Pour les Isles françaises de L'Amérique,Exports,Merluche,,,18720,,124800,livres,0.15,sources/Local/Archives_de_la_CCI_de_Marseille_I_23_Marseille_Exports_1754.csv,Archives de la CCI de Marseille - I 23,42,,,,,Teklia-Jules Oudot,,,0,,,,,,,,,
1310,Local,1754,Marseille,,Pour les Isles françaises de L'Amérique,Exports,Morue seche,,,5070,,33800,livres,0.15,sources/Local/Archives_de_la_CCI_de_Marseille_I_23_Marseille_Exports_1754.csv,Archives de la CCI de Marseille - I 23,42,,,,,Teklia-Jules Oudot,,,0,,,,,,,,,
1311,Local,1754,Marseille,,Pour les Isles françaises de L'Amérique,Exports,Noisettes,,,795,,53,charges,15,sources/Local/Archives_de_la_CCI_de_Marseille_I_23_Marseille_Exports_1754.csv,Archives de la CCI de Marseille - I 23,42,,,,,Teklia-Jules Oudot,,,0,,,,,,,,,
1312,Local,1754,Marseille,,Pour les Isles françaises de L'Amérique,Exports,Noisettes,,,1152,,19200,livres,0.06,sources/Local/Archives_de_la_CCI_de_Marseille_I_23_Marseille_Exports_1754.csv,Archives de la CCI de Marseille - I 23,42,,,,,Teklia-Jules Oudot,,,0,,,,,,,,,
1313,Local,1754,Marseille,,Pour les Isles françaises de L'Amérique,Exports,Olives,,,2628,,219,caisses,12,sources/Local/Archives_de_la_CCI_de_Marseille_I_23_Marseille_Exports_1754.csv,Archives de la CCI de Marseille - I 23,42,,,,,Teklia-Jules Oudot,,,0,,,,,,,,,
1314,Local,1754,Marseille,,Pour les Isles françaises de L'Amérique,Exports,Olives,,,402,,67,livres,6,sources/Local/Archives_de_la_CCI_de_Marseille_I_23_Marseille_Exports_1754.csv,Archives de la CCI de Marseille - I 23,42,,,,,Teklia-Jules Oudot,,,0,,,,,,,,,
1315,Local,1754,Marseille,,Pour les Isles françaises de L'Amérique,Exports,Papier blanc,,,14400,,48,caisses,300,sources/Local/Archives_de_la_CCI_de_Marseille_I_23_Marseille_Exports_1754.csv,Archives de la CCI de Marseille - I 23,42,,,,,Teklia-Jules Oudot,,,0,,,,,,,,,
1316,Local,1754,Marseille,,Pour les Isles françaises de L'Amérique,Exports,Papier blanc,,,16038,,2673,rames,6,sources/Local/Archives_de_la_CCI_de_Marseille_I_23_Marseille_Exports_1754.csv,Archives de la CCI de Marseille - I 23,42,,,,,Teklia-Jules Oudot,,,0,,,,,,,,,
1317,Local,1754,Marseille,,Pour les Isles françaises de L'Amérique,Exports,Plomb en grenaille,,,11550,,46200,livres,0.25,sources/Local/Archives_de_la_CCI_de_Marseille_I_23_Marseille_Exports_1754.csv,Archives de la CCI de Marseille - I 23,42,,,,,Teklia-Jules Oudot,,,0,,,,,,,,,
1318,Local,1754,Marseille,,Pour les Isles françaises de L'Amérique,Exports,Plomb ouvré,,,7575,,30300,livres,0.25,sources/Local/Archives_de_la_CCI_de_Marseille_I_23_Marseille_Exports_1754.csv,Archives de la CCI de Marseille - I 23,42,,,,,Teklia-Jules Oudot,,,0,,,,,,,,,
1319,Local,1754,Marseille,,Pour les Isles françaises de L'Amérique,Exports,Poisson salé,,,5610,,18700,livres,0.3,sources/Local/Archives_de_la_CCI_de_Marseille_I_23_Marseille_Exports_1754.csv,Archives de la CCI de Marseille - I 23,42,,,,,Teklia-Jules Oudot,,,0,,,,,,,,,
1320,Local,1754,Marseille,,Pour les Isles françaises de L'Amérique,Exports,Pruneaux,,,962,,4810,livres,0.2,sources/Local/Archives_de_la_CCI_de_Marseille_I_23_Marseille_Exports_1754.csv,Archives de la CCI de Marseille - I 23,42,,,,,Teklia-Jules Oudot,,,0,,,,,,,,,
1321,Local,1754,Marseille,,Pour les Isles françaises de L'Amérique,Exports,Quincaillerie,,,78200,,78200,livres,1,sources/Local/Archives_de_la_CCI_de_Marseille_I_23_Marseille_Exports_1754.csv,Archives de la CCI de Marseille - I 23,42,,,,,Teklia-Jules Oudot,,,0,,,,,,,,,
1322,Local,1754,Marseille,,Pour les Isles françaises de L'Amérique,Exports,Raisins secs,,,962,,4810,livres,0.2,sources/Local/Archives_de_la_CCI_de_Marseille_I_23_Marseille_Exports_1754.csv,Archives de la CCI de Marseille - I 23,42,,,,,Teklia-Jules Oudot,,,0,,,,,,,,,
1323,Local,1754,Marseille,,Pour les Isles françaises de L'Amérique,Exports,Savon,,,116190,,387300,livres,0.3,sources/Local/Archives_de_la_CCI_de_Marseille_I_23_Marseille_Exports_1754.csv,Archives de la CCI de Marseille - I 23,43,,,,,Teklia-Jules Oudot,,,0,,,,,,,,,
1324,Local,1754,Marseille,,Pour les Isles françaises de L'Amérique,Exports,Sirop de capilaire,,,1500,,3000,bouteilles,0.5,sources/Local/Archives_de_la_CCI_de_Marseille_I_23_Marseille_Exports_1754.csv,Archives de la CCI de Marseille - I 23,43,,,,,Teklia-Jules Oudot,,,0,,,,,,,,,
1325,Local,1754,Marseille,,Pour les Isles françaises de L'Amérique,Exports,Sirop d'orgeat,,,36000,,3000,caisses,12,sources/Local/Archives_de_la_CCI_de_Marseille_I_23_Marseille_Exports_1754.csv,Archives de la CCI de Marseille - I 23,43,,,,,Teklia-Jules Oudot,,,0,,,,,,,,,
1326,Local,1754,Marseille,,Pour les Isles françaises de L'Amérique,Exports,Souliers,,,52759,,15074,poires,3.5,sources/Local/Archives_de_la_CCI_de_Marseille_I_23_Marseille_Exports_1754.csv,Archives de la CCI de Marseille - I 23,43,,,,,Teklia-Jules Oudot,,,0,,,,,,,,,
1327,Local,1754,Marseille,,Pour les Isles françaises de L'Amérique,Exports,Toiles mêlées,,,33020,,254,pièces,130,sources/Local/Archives_de_la_CCI_de_Marseille_I_23_Marseille_Exports_1754.csv,Archives de la CCI de Marseille - I 23,43,,,,,Teklia-Jules Oudot,,"Le prix est convenable. Pour une différence de 1000, je pense que c'est une erreur de calcul. J'ajuste la valeur qui était 32020",0,,,,,,,,,
1328,Local,1754,Marseille,,Pour les Isles françaises de L'Amérique,Exports,Tuiles,,,8020,,401,milliers,20,sources/Local/Archives_de_la_CCI_de_Marseille_I_23_Marseille_Exports_1754.csv,Archives de la CCI de Marseille - I 23,43,,,,,Teklia-Jules Oudot,,,0,,,,,,,,,
1329,Local,1754,Marseille,,Pour les Isles françaises de L'Amérique,Exports,Vin de liqueurs,,,8840,,442,caisses,20,sources/Local/Archives_de_la_CCI_de_Marseille_I_23_Marseille_Exports_1754.csv,Archives de la CCI de Marseille - I 23,43,,,,,Teklia-Jules Oudot,,,0,,,,,,,,,
1330,Local,1754,Marseille,,Pour les Isles françaises de L'Amérique,Exports,Vin de liqueurs,,,4500,,3000,bouteilles,1.5,sources/Local/Archives_de_la_CCI_de_Marseille_I_23_Marseille_Exports_1754.csv,Archives de la CCI de Marseille - I 23,43,,,,,Teklia-Jules Oudot,,,0,,,,,,,,,
1331,Local,1754,Marseille,,Pour les Isles françaises de L'Amérique,Exports,Vin Muscat,,,7026,,14053,livres,0.5,sources/Local/Archives_de_la_CCI_de_Marseille_I_23_Marseille_Exports_1754.csv,Archives de la CCI de Marseille - I 23,43,,,,,Teklia-Jules Oudot,,,-0.5,,,,,,,,,
1332,Local,1754,Marseille,,Pour les Isles françaises de L'Amérique,Exports,Vin Rouge,,,243450,,40575,millerolles,6,sources/Local/Archives_de_la_CCI_de_Marseille_I_23_Marseille_Exports_1754.csv,Archives de la CCI de Marseille - I 23,43,,,,,Teklia-Jules Oudot,,,0,,,,,,,,,
