line_number,source_type,year,customs_region,customs_office,partner,export_import,product,origin,width_in_line,value,value_part_of_bundle,quantity,quantity_unit,value_per_unit,filepath,source,sheet,value_total,value_sub_total_1,value_sub_total_2,value_sub_total_3,data_collector,unverified,remarks,value_minus_unit_val_x_qty,absurd_observation,trade_deficit,trade_surplus,duty_quantity,duty_quantity_unit,duty_by_unit,duty_total,duty_part_of_bundle,duty_remarks
1,Local,1742,Marseille,,Hollande,Exports,anchois,,,6982,,13965,livres,0.5,sources/Local/Archives_de_la_CCI_de_Marseille_I_22_Marseille_Exports_1764.csv,Archives de la CCI de Marseille - I 22,1,,,,,Teklia-Jules Oudot,,,-0.5,,,,,,,,,
2,Local,1742,Marseille,,Hollande,Exports,amandes,,,26467,,132337,livres,0.2,sources/Local/Archives_de_la_CCI_de_Marseille_I_22_Marseille_Exports_1764.csv,Archives de la CCI de Marseille - I 22,1,,,,,Teklia-Jules Oudot,,,-0.400000000001455,,,,,,,,,
3,Local,1742,Marseille,,Hollande,Exports,agaric,,,660,,330,libres,2,sources/Local/Archives_de_la_CCI_de_Marseille_I_22_Marseille_Exports_1764.csv,Archives de la CCI de Marseille - I 22,1,,,,,Teklia-Jules Oudot,,,0,,,,,,,,,
4,Local,1742,Marseille,,Hollande,Exports,ajamis,,,3970,,663,pieces,6,sources/Local/Archives_de_la_CCI_de_Marseille_I_22_Marseille_Exports_1764.csv,Archives de la CCI de Marseille - I 22,1,,,,,Teklia-Jules Oudot,,,-8,,,,,,,,,
5,Local,1742,Marseille,,Hollande,Exports,arquifou,,,285,,1900,livres,0.15,sources/Local/Archives_de_la_CCI_de_Marseille_I_22_Marseille_Exports_1764.csv,Archives de la CCI de Marseille - I 22,1,,,,,Teklia-Jules Oudot,,,0,,,,,,,,,
6,Local,1742,Marseille,,Hollande,Exports,borax,,,1800,,1800,livres,1,sources/Local/Archives_de_la_CCI_de_Marseille_I_22_Marseille_Exports_1764.csv,Archives de la CCI de Marseille - I 22,1,,,,,Teklia-Jules Oudot,,,0,,,,,,,,,
7,Local,1742,Marseille,,Hollande,Exports,bours fil et coton,,,472,,59,pièces,8,sources/Local/Archives_de_la_CCI_de_Marseille_I_22_Marseille_Exports_1764.csv,Archives de la CCI de Marseille - I 22,1,,,,,Teklia-Jules Oudot,,,0,,,,,,,,,
8,Local,1742,Marseille,,Hollande,Exports,bas de soye,,,11400,,285,livres,40,sources/Local/Archives_de_la_CCI_de_Marseille_I_22_Marseille_Exports_1764.csv,Archives de la CCI de Marseille - I 22,1,,,,,Teklia-Jules Oudot,,,0,,,,,,,,,
9,Local,1742,Marseille,,Hollande,Exports,basannes tannées,,,767,,767,livres,1,sources/Local/Archives_de_la_CCI_de_Marseille_I_22_Marseille_Exports_1764.csv,Archives de la CCI de Marseille - I 22,1,,,,,Teklia-Jules Oudot,,,0,,,,,,,,,
10,Local,1742,Marseille,,Hollande,Exports,bois d’olivier pellé,,,1600,,20000,livres,0.08,sources/Local/Archives_de_la_CCI_de_Marseille_I_22_Marseille_Exports_1764.csv,Archives de la CCI de Marseille - I 22,1,,,,,Teklia-Jules Oudot,,,0,,,,,,,,,
11,Local,1742,Marseille,,Hollande,Exports,citrons,,,5120,,640,milliers,8,sources/Local/Archives_de_la_CCI_de_Marseille_I_22_Marseille_Exports_1764.csv,Archives de la CCI de Marseille - I 22,1,,,,,Teklia-Jules Oudot,,,0,,,,,,,,,
12,Local,1742,Marseille,,Hollande,Exports,confitures,,,482,,482,livres,1,sources/Local/Archives_de_la_CCI_de_Marseille_I_22_Marseille_Exports_1764.csv,Archives de la CCI de Marseille - I 22,1,,,,,Teklia-Jules Oudot,,,0,,,,,,,,,
13,Local,1742,Marseille,,Hollande,Exports,culs d’artichaut,,,165,,110,livres,1.5,sources/Local/Archives_de_la_CCI_de_Marseille_I_22_Marseille_Exports_1764.csv,Archives de la CCI de Marseille - I 22,1,,,,,Teklia-Jules Oudot,,,0,,,,,,,,,
14,Local,1742,Marseille,,Hollande,Exports,capres,,,3635,,16525,livres,0.22,sources/Local/Archives_de_la_CCI_de_Marseille_I_22_Marseille_Exports_1764.csv,Archives de la CCI de Marseille - I 22,1,,,,,Teklia-Jules Oudot,,,-0.5,,,,,,,,,
15,Local,1742,Marseille,,Hollande,Exports,caffé de l’ameriq,,,1211,,2202,livres,0.55,sources/Local/Archives_de_la_CCI_de_Marseille_I_22_Marseille_Exports_1764.csv,Archives de la CCI de Marseille - I 22,1,,,,,Teklia-Jules Oudot,,,-0.100000000000136,,,,,,,,,
16,Local,1742,Marseille,,Hollande,Exports,cumin,,,12996,,76450,livres,0.17,sources/Local/Archives_de_la_CCI_de_Marseille_I_22_Marseille_Exports_1764.csv,Archives de la CCI de Marseille - I 22,1,,,,,Teklia-Jules Oudot,,,-0.500000000001819,,,,,,,,,
17,Local,1742,Marseille,,Hollande,Exports,corail blanc et rouge ouvré,,,18750,,6250,livres,3,sources/Local/Archives_de_la_CCI_de_Marseille_I_22_Marseille_Exports_1764.csv,Archives de la CCI de Marseille - I 22,1,,,,,Teklia-Jules Oudot,,,0,,,,,,,,,
18,Local,1742,Marseille,,Hollande,Exports,coton filé,,,159969,,145427,livres,1.1,sources/Local/Archives_de_la_CCI_de_Marseille_I_22_Marseille_Exports_1764.csv,Archives de la CCI de Marseille - I 22,1,,,,,Teklia-Jules Oudot,,,-0.700000000011642,,,,,,,,,
19,Local,1742,Marseille,,Hollande,Exports,coton en laines,,,56719,,113438,livres,0.5,sources/Local/Archives_de_la_CCI_de_Marseille_I_22_Marseille_Exports_1764.csv,Archives de la CCI de Marseille - I 22,1,,,,,Teklia-Jules Oudot,,,0,,,,,,,,,
20,Local,1742,Marseille,,Hollande,Exports,cordage d’espars,,,400,,80,douzaines,5,sources/Local/Archives_de_la_CCI_de_Marseille_I_22_Marseille_Exports_1764.csv,Archives de la CCI de Marseille - I 22,1,,,,,Teklia-Jules Oudot,,,0,,,,,,,,,
21,Local,1742,Marseille,,Hollande,Exports,demitte,,,14491,,4830,pièces,3,sources/Local/Archives_de_la_CCI_de_Marseille_I_22_Marseille_Exports_1764.csv,Archives de la CCI de Marseille - I 22,1,,,,,Teklia-Jules Oudot,,,1,,,,,,,,,
22,Local,1742,Marseille,,Hollande,Exports,eau de vie,,,2090,,104508,livres,0.2,sources/Local/Archives_de_la_CCI_de_Marseille_I_22_Marseille_Exports_1764.csv,Archives de la CCI de Marseille - I 22,1,,,,,Teklia-Jules Oudot,,,-18811.6,,,,,,,,,
23,Local,1742,Marseille,,Hollande,Exports,eau de fleur d’orange,,,80,,160,livres,0.5,sources/Local/Archives_de_la_CCI_de_Marseille_I_22_Marseille_Exports_1764.csv,Archives de la CCI de Marseille - I 22,1,,,,,Teklia-Jules Oudot,,,0,,,,,,,,,
24,Local,1742,Marseille,,Hollande,Exports,eau de la renne d’hongrie,,,380,,760,livres,0.5,sources/Local/Archives_de_la_CCI_de_Marseille_I_22_Marseille_Exports_1764.csv,Archives de la CCI de Marseille - I 22,1,,,,,Teklia-Jules Oudot,,,0,,,,,,,,,
25,Local,1742,Marseille,,Hollande,Exports,Eau vulneraire,,,75,,150,livres,0.5,sources/Local/Archives_de_la_CCI_de_Marseille_I_22_Marseille_Exports_1764.csv,Archives de la CCI de Marseille - I 22,1,,,,,Teklia-Jules Oudot,,,0,,,,,,,,,
26,Local,1742,Marseille,,Hollande,Exports,Essence,,,1298,,1298,livres,1,sources/Local/Archives_de_la_CCI_de_Marseille_I_22_Marseille_Exports_1764.csv,Archives de la CCI de Marseille - I 22,1,,,,,Teklia-Jules Oudot,,,0,,,,,,,,,
27,Local,1742,Marseille,,Hollande,Exports,encens,,,3555,,7900,livres,0.45,sources/Local/Archives_de_la_CCI_de_Marseille_I_22_Marseille_Exports_1764.csv,Archives de la CCI de Marseille - I 22,1,,,,,Teklia-Jules Oudot,,,0,,,,,,,,,
28,Local,1742,Marseille,,Hollande,Exports,etoffe de soye,,,19200,,480,livres,40,sources/Local/Archives_de_la_CCI_de_Marseille_I_22_Marseille_Exports_1764.csv,Archives de la CCI de Marseille - I 22,1,,,,,Teklia-Jules Oudot,,,0,,,,,,,,,
29,Local,1742,Marseille,,Hollande,Exports,estampes,,,1050,,210,livres,5,sources/Local/Archives_de_la_CCI_de_Marseille_I_22_Marseille_Exports_1764.csv,Archives de la CCI de Marseille - I 22,1,,,,,Teklia-Jules Oudot,,,0,,,,,,,,,
30,Local,1742,Marseille,,Hollande,Exports,fleurs de souffre,,,144,,800,livres,0.18,sources/Local/Archives_de_la_CCI_de_Marseille_I_22_Marseille_Exports_1764.csv,Archives de la CCI de Marseille - I 22,1,,,,,Teklia-Jules Oudot,,,0,,,,,,,,,
31,Local,1742,Marseille,,Hollande,Exports,galbanum,,,930,,310,livres,3,sources/Local/Archives_de_la_CCI_de_Marseille_I_22_Marseille_Exports_1764.csv,Archives de la CCI de Marseille - I 22,2,,,,,Teklia-Jules Oudot,,,0,,,,,,,,,
32,Local,1742,Marseille,,Hollande,Exports,galle de levan,,,10653,,23675,livres,0.45,sources/Local/Archives_de_la_CCI_de_Marseille_I_22_Marseille_Exports_1764.csv,Archives de la CCI de Marseille - I 22,2,,,,,Teklia-Jules Oudot,,,-0.75,,,,,,,,,
33,Local,1742,Marseille,,Hollande,Exports,gomme a dragan,,,481,,507,livres,0.95,sources/Local/Archives_de_la_CCI_de_Marseille_I_22_Marseille_Exports_1764.csv,Archives de la CCI de Marseille - I 22,2,,,,,Teklia-Jules Oudot,,,-0.649999999999977,,,,,,,,,
34,Local,1742,Marseille,,Hollande,Exports,graine de jardin,,,24292,,22084,livres,1.1,sources/Local/Archives_de_la_CCI_de_Marseille_I_22_Marseille_Exports_1764.csv,Archives de la CCI de Marseille - I 22,2,,,,,Teklia-Jules Oudot,,,-0.400000000001455,,,,,,,,,
35,Local,1742,Marseille,,Hollande,Exports,grainette d’avignon,,,51075,,17025,livres,3,sources/Local/Archives_de_la_CCI_de_Marseille_I_22_Marseille_Exports_1764.csv,Archives de la CCI de Marseille - I 22,2,,,,,Teklia-Jules Oudot,,,0,,,,,,,,,
36,Local,1742,Marseille,,Hollande,Exports,graine d’alkerme,,,187,,75,livres,2.5,sources/Local/Archives_de_la_CCI_de_Marseille_I_22_Marseille_Exports_1764.csv,Archives de la CCI de Marseille - I 22,2,,,,,Teklia-Jules Oudot,,,-0.5,,,,,,,,,
37,Local,1742,Marseille,,Hollande,Exports,huile d'olive,,,8568,,204,mille,42,sources/Local/Archives_de_la_CCI_de_Marseille_I_22_Marseille_Exports_1764.csv,Archives de la CCI de Marseille - I 22,2,,,,,Teklia-Jules Oudot,,,0,,,,,,,,,
38,Local,1742,Marseille,,Hollande,Exports,jus de reglisse,,,652,,870,livres,0.75,sources/Local/Archives_de_la_CCI_de_Marseille_I_22_Marseille_Exports_1764.csv,Archives de la CCI de Marseille - I 22,2,,,,,Teklia-Jules Oudot,,,-0.5,,,,,,,,,
39,Local,1742,Marseille,,Hollande,Exports,jais,,,2206,,9192,livres,0.24,sources/Local/Archives_de_la_CCI_de_Marseille_I_22_Marseille_Exports_1764.csv,Archives de la CCI de Marseille - I 22,2,,,,,Teklia-Jules Oudot,,,-0.0799999999999272,,,,,,,,,
40,Local,1742,Marseille,,Hollande,Exports,liqueur a boire,,,97,,130,livres,0.75,sources/Local/Archives_de_la_CCI_de_Marseille_I_22_Marseille_Exports_1764.csv,Archives de la CCI de Marseille - I 22,2,,,,,Teklia-Jules Oudot,,,-0.5,,,,,,,,,
41,Local,1742,Marseille,,Hollande,Exports,laine tanné,,,1008,,917,livres,1.1,sources/Local/Archives_de_la_CCI_de_Marseille_I_22_Marseille_Exports_1764.csv,Archives de la CCI de Marseille - I 22,2,,,,,Teklia-Jules Oudot,,,-0.700000000000046,,,,,,,,,
42,Local,1742,Marseille,,Hollande,Exports,livre,,,420,,210,livres,2,sources/Local/Archives_de_la_CCI_de_Marseille_I_22_Marseille_Exports_1764.csv,Archives de la CCI de Marseille - I 22,2,,,,,Teklia-Jules Oudot,,,0,,,,,,,,,
43,Local,1742,Marseille,,Hollande,Exports,morue seche,,,511,,3656,livres,14,sources/Local/Archives_de_la_CCI_de_Marseille_I_22_Marseille_Exports_1764.csv,Archives de la CCI de Marseille - I 22,2,,,,,Teklia-Jules Oudot,,,-50673,,,,,,,,,
44,Local,1742,Marseille,,Hollande,Exports,miel,,,2100,,150,livres,14,sources/Local/Archives_de_la_CCI_de_Marseille_I_22_Marseille_Exports_1764.csv,Archives de la CCI de Marseille - I 22,2,,,,,Teklia-Jules Oudot,,,0,,,,,,,,,
45,Local,1742,Marseille,,Hollande,Exports,mirabolans,,,112,,375,livres,0.3,sources/Local/Archives_de_la_CCI_de_Marseille_I_22_Marseille_Exports_1764.csv,Archives de la CCI de Marseille - I 22,2,,,,,Teklia-Jules Oudot,,,-0.5,,,,,,,,,
46,Local,1742,Marseille,,Hollande,Exports,marbre ouvré,,,2000,,2000,livres,1,sources/Local/Archives_de_la_CCI_de_Marseille_I_22_Marseille_Exports_1764.csv,Archives de la CCI de Marseille - I 22,2,,,,,Teklia-Jules Oudot,,,0,,,,,,,,,
47,Local,1742,Marseille,,Hollande,Exports,oranges,,,875,,125,milliers,7,sources/Local/Archives_de_la_CCI_de_Marseille_I_22_Marseille_Exports_1764.csv,Archives de la CCI de Marseille - I 22,2,,,,,Teklia-Jules Oudot,,,0,,,,,,,,,
48,Local,1742,Marseille,,Hollande,Exports,olives,,,1299,,8665,livres,0.15,sources/Local/Archives_de_la_CCI_de_Marseille_I_22_Marseille_Exports_1764.csv,Archives de la CCI de Marseille - I 22,2,,,,,Teklia-Jules Oudot,,,-0.75,,,,,,,,,
49,Local,1742,Marseille,,Hollande,Exports,oignons de fleurs,,,225,,225,livres,1,sources/Local/Archives_de_la_CCI_de_Marseille_I_22_Marseille_Exports_1764.csv,Archives de la CCI de Marseille - I 22,2,,,,,Teklia-Jules Oudot,,,0,,,,,,,,,
50,Local,1742,Marseille,,Hollande,Exports,prunnes,,,24231,,121157,livres,0.2,sources/Local/Archives_de_la_CCI_de_Marseille_I_22_Marseille_Exports_1764.csv,Archives de la CCI de Marseille - I 22,2,,,,,Teklia-Jules Oudot,,,-0.400000000001455,,,,,,,,,
51,Local,1742,Marseille,,Hollande,Exports,gom a ouvrire,,,2016,,504,rames,4,sources/Local/Archives_de_la_CCI_de_Marseille_I_22_Marseille_Exports_1764.csv,Archives de la CCI de Marseille - I 22,2,,,,,Teklia-Jules Oudot,,,0,,,,,,,,,
52,Local,1742,Marseille,,Hollande,Exports,pierre ponce,,,2040,,25500,livres,0.08,sources/Local/Archives_de_la_CCI_de_Marseille_I_22_Marseille_Exports_1764.csv,Archives de la CCI de Marseille - I 22,2,,,,,Teklia-Jules Oudot,,,0,,,,,,,,,
53,Local,1742,Marseille,,Hollande,Exports,raisins secs,,,6240,,31200,livres,0.2,sources/Local/Archives_de_la_CCI_de_Marseille_I_22_Marseille_Exports_1764.csv,Archives de la CCI de Marseille - I 22,2,,,,,Teklia-Jules Oudot,,,0,,,,,,,,,
54,Local,1742,Marseille,,Hollande,Exports,ris,,,54,,450,livres,0.12,sources/Local/Archives_de_la_CCI_de_Marseille_I_22_Marseille_Exports_1764.csv,Archives de la CCI de Marseille - I 22,2,,,,,Teklia-Jules Oudot,,,0,,,,,,,,,
55,Local,1742,Marseille,,Hollande,Exports,rhubarbe du levan,,,39480,,658,livres,60,sources/Local/Archives_de_la_CCI_de_Marseille_I_22_Marseille_Exports_1764.csv,Archives de la CCI de Marseille - I 22,2,,,,,Teklia-Jules Oudot,,,0,,,,,,,,,
56,Local,1742,Marseille,,Hollande,Exports,sucre blanc,,,58887,,163575,livres,0.36,sources/Local/Archives_de_la_CCI_de_Marseille_I_22_Marseille_Exports_1764.csv,Archives de la CCI de Marseille - I 22,2,,,,,Teklia-Jules Oudot,,,0,,,,,,,,,
57,Local,1742,Marseille,,Hollande,Exports,sirop de capillaire,,,200,,200,livres,1,sources/Local/Archives_de_la_CCI_de_Marseille_I_22_Marseille_Exports_1764.csv,Archives de la CCI de Marseille - I 22,2,,,,,Teklia-Jules Oudot,,,0,,,,,,,,,
58,Local,1742,Marseille,,Hollande,Exports,,,,1677,,671,livres,2.5,sources/Local/Archives_de_la_CCI_de_Marseille_I_22_Marseille_Exports_1764.csv,Archives de la CCI de Marseille - I 22,2,,,,,Teklia-Jules Oudot,,,-0.5,,,,,,,,,
59,Local,1742,Marseille,,Hollande,Exports,safran,,,5600,,280,livres,20,sources/Local/Archives_de_la_CCI_de_Marseille_I_22_Marseille_Exports_1764.csv,Archives de la CCI de Marseille - I 22,2,,,,,Teklia-Jules Oudot,,,0,,,,,,,,,
60,Local,1742,Marseille,,Hollande,Exports,safranum,,,2996,,4610,livres,0.65,sources/Local/Archives_de_la_CCI_de_Marseille_I_22_Marseille_Exports_1764.csv,Archives de la CCI de Marseille - I 22,2,,,,,Teklia-Jules Oudot,,,-0.5,,,,,,,,,
61,Local,1742,Marseille,,Hollande,Exports,sel d’armoniac,,,4305,,6150,livres,70,sources/Local/Archives_de_la_CCI_de_Marseille_I_22_Marseille_Exports_1764.csv,Archives de la CCI de Marseille - I 22,2,,,,,Teklia-Jules Oudot,,,-426195,,,,,,,,,
62,Local,1742,Marseille,,Hollande,Exports,sumac,,,2100,,10500,livres,0.2,sources/Local/Archives_de_la_CCI_de_Marseille_I_22_Marseille_Exports_1764.csv,Archives de la CCI de Marseille - I 22,2,,,,,Teklia-Jules Oudot,,,0,,,,,,,,,
63,Local,1742,Marseille,,Hollande,Exports,Sel de Borax,,,1100,,880,livres,1.25,sources/Local/Archives_de_la_CCI_de_Marseille_I_22_Marseille_Exports_1764.csv,Archives de la CCI de Marseille - I 22,2,,,,,Teklia-Jules Oudot,,,0,,,,,,,,,
64,Local,1742,Marseille,,Hollande,Exports,scamonée,,,875,,125,livres,7,sources/Local/Archives_de_la_CCI_de_Marseille_I_22_Marseille_Exports_1764.csv,Archives de la CCI de Marseille - I 22,2,,,,,Teklia-Jules Oudot,,,0,,,,,,,,,
65,Local,1742,Marseille,,Hollande,Exports,Souffre,,,24,,200,livres,0.12,sources/Local/Archives_de_la_CCI_de_Marseille_I_22_Marseille_Exports_1764.csv,Archives de la CCI de Marseille - I 22,2,,,,,Teklia-Jules Oudot,,,0,,,,,,,,,
66,Local,1742,Marseille,,Hollande,Exports,savon blanc,,,1212,,5050,livres,0.24,sources/Local/Archives_de_la_CCI_de_Marseille_I_22_Marseille_Exports_1764.csv,Archives de la CCI de Marseille - I 22,2,,,,,Teklia-Jules Oudot,,,0,,,,,,,,,
67,Local,1742,Marseille,,Hollande,Exports,savon madré,,,126234,,525975,livres,1.2,sources/Local/Archives_de_la_CCI_de_Marseille_I_22_Marseille_Exports_1764.csv,Archives de la CCI de Marseille - I 22,2,,,,,Teklia-Jules Oudot,,,-504936,,,,,,,,,
68,Local,1742,Marseille,,Hollande,Exports,soye ouvrée,,,494520,,24720,livres,20,sources/Local/Archives_de_la_CCI_de_Marseille_I_22_Marseille_Exports_1764.csv,Archives de la CCI de Marseille - I 22,2,,,,,Teklia-Jules Oudot,,,120,,,,,,,,,
69,Local,1742,Marseille,,Hollande,Exports,tabac a fumer,,,127,,635,livres,0.2,sources/Local/Archives_de_la_CCI_de_Marseille_I_22_Marseille_Exports_1764.csv,Archives de la CCI de Marseille - I 22,2,,,,,Teklia-Jules Oudot,,,0,,,,,,,,,
70,Local,1742,Marseille,,Hollande,Exports,toile pignée,,,5320,,532,livres,10,sources/Local/Archives_de_la_CCI_de_Marseille_I_22_Marseille_Exports_1764.csv,Archives de la CCI de Marseille - I 22,2,,,,,Teklia-Jules Oudot,,,0,,,,,,,,,
71,Local,1742,Marseille,,Hollande,Exports,toile pignée,,,2200,,2200,livres,,sources/Local/Archives_de_la_CCI_de_Marseille_I_22_Marseille_Exports_1764.csv,Archives de la CCI de Marseille - I 22,2,,,,,Teklia-Jules Oudot,,,2200,,,,,,,,,
72,Local,1742,Marseille,,Hollande,Exports,Vin muscas,,,140, ,4,milliers,35,sources/Local/Archives_de_la_CCI_de_Marseille_I_22_Marseille_Exports_1764.csv,Archives de la CCI de Marseille - I 22,3,,,,,Teklia-Jules Oudot,,,0,,,,,,,,,
73,Local,1742,Marseille,,Hollande,Exports,Vin de bourgogne,,,600,,6,milliers,100,sources/Local/Archives_de_la_CCI_de_Marseille_I_22_Marseille_Exports_1764.csv,Archives de la CCI de Marseille - I 22,3,,,,,Teklia-Jules Oudot,,,0,,,,,,,,,
74,Local,1742,Marseille,,Hollande,Exports,Vin de Côte-Rotie,,,150,,15,milliers,10,sources/Local/Archives_de_la_CCI_de_Marseille_I_22_Marseille_Exports_1764.csv,Archives de la CCI de Marseille - I 22,3,,,,,Teklia-Jules Oudot,,,0,,,,,,,,,
75,Local,1742,Marseille,,Hollande,Exports,Vin Rouge,,,21266,,3038,milliers,7,sources/Local/Archives_de_la_CCI_de_Marseille_I_22_Marseille_Exports_1764.csv,Archives de la CCI de Marseille - I 22,3,,,,,Teklia-Jules Oudot,,,0,,,,,,,,,
76,Local,1742,Marseille,,Hollande,Exports,vermillon,,,200,,80,livres,2.5,sources/Local/Archives_de_la_CCI_de_Marseille_I_22_Marseille_Exports_1764.csv,Archives de la CCI de Marseille - I 22,3,,,,,Teklia-Jules Oudot,,,0,,,,,,,,,
77,Local,1742,Marseille,,Hollande,Exports,vitrail de chypres,,,9759,,13012,pièces,0.75,sources/Local/Archives_de_la_CCI_de_Marseille_I_22_Marseille_Exports_1764.csv,Archives de la CCI de Marseille - I 22,3,,,,,Teklia-Jules Oudot,,,0,,,,,,,,,
78,Local,1742,Marseille,,Hollande,Exports,verdes,,,29800,,37250,livres,0.8,sources/Local/Archives_de_la_CCI_de_Marseille_I_22_Marseille_Exports_1764.csv,Archives de la CCI de Marseille - I 22,3,,,,,Teklia-Jules Oudot,,,0,,,,,,,,,
79,Local,1742,Marseille,,Angleterre et la flotte Anglaise,Exports,Anchois,,,150,,300,livres,0.5,sources/Local/Archives_de_la_CCI_de_Marseille_I_22_Marseille_Exports_1764.csv,Archives de la CCI de Marseille - I 22,3,,,,,Teklia-Jules Oudot,,,0,,,,,,,,,
80,Local,1742,Marseille,,Angleterre et la flotte Anglaise,Exports,agneaux en vie,,,42,,21,pièces,2,sources/Local/Archives_de_la_CCI_de_Marseille_I_22_Marseille_Exports_1764.csv,Archives de la CCI de Marseille - I 22,3,,,,,Teklia-Jules Oudot,,,0,,,,,,,,,
81,Local,1742,Marseille,,Angleterre et la flotte Anglaise,Exports,amandes,,,242,,1214,livres,0.2,sources/Local/Archives_de_la_CCI_de_Marseille_I_22_Marseille_Exports_1764.csv,Archives de la CCI de Marseille - I 22,3,,,,,Teklia-Jules Oudot,,,-0.800000000000011,,,,,,,,,
82,Local,1742,Marseille,,Angleterre et la flotte Anglaise,Exports,anis,,,1063,,5316,livres,0.2,sources/Local/Archives_de_la_CCI_de_Marseille_I_22_Marseille_Exports_1764.csv,Archives de la CCI de Marseille - I 22,3,,,,,Teklia-Jules Oudot,,,-0.200000000000045,,,,,,,,,
83,Local,1742,Marseille,,Angleterre et la flotte Anglaise,Exports,ails,,,2,,14,livres,0.15,sources/Local/Archives_de_la_CCI_de_Marseille_I_22_Marseille_Exports_1764.csv,Archives de la CCI de Marseille - I 22,3,,,,,Teklia-Jules Oudot,,,-0.1,,,,,,,,,
84,Local,1742,Marseille,,Angleterre et la flotte Anglaise,Exports,Alin,,,1400,,100,livres,14,sources/Local/Archives_de_la_CCI_de_Marseille_I_22_Marseille_Exports_1764.csv,Archives de la CCI de Marseille - I 22,3,,,,,Teklia-Jules Oudot,,,0,,,,,,,,,
85,Local,1742,Marseille,,Angleterre et la flotte Anglaise,Exports,Amidon,,,410,,2050,livres,0.2,sources/Local/Archives_de_la_CCI_de_Marseille_I_22_Marseille_Exports_1764.csv,Archives de la CCI de Marseille - I 22,3,,,,,Teklia-Jules Oudot,,,0,,,,,,,,,
86,Local,1742,Marseille,,Angleterre et la flotte Anglaise,Exports,Ajamis,,,2070,,345,pièces,6,sources/Local/Archives_de_la_CCI_de_Marseille_I_22_Marseille_Exports_1764.csv,Archives de la CCI de Marseille - I 22,3,,,,,Teklia-Jules Oudot,,,0,,,,,,,,,
87,Local,1742,Marseille,,Angleterre et la flotte Anglaise,Exports,bœuf en vie,,,3825,,51,livres,75,sources/Local/Archives_de_la_CCI_de_Marseille_I_22_Marseille_Exports_1764.csv,Archives de la CCI de Marseille - I 22,3,,,,,Teklia-Jules Oudot,,,0,,,,,,,,,
88,Local,1742,Marseille,,Angleterre et la flotte Anglaise,Exports,Becasses,,,31,,31,pièces,1,sources/Local/Archives_de_la_CCI_de_Marseille_I_22_Marseille_Exports_1764.csv,Archives de la CCI de Marseille - I 22,3,,,,,Teklia-Jules Oudot,,,0,,,,,,,,,
89,Local,1742,Marseille,,Angleterre et la flotte Anglaise,Exports,beurre,,,12,,51,livres,0.25,sources/Local/Archives_de_la_CCI_de_Marseille_I_22_Marseille_Exports_1764.csv,Archives de la CCI de Marseille - I 22,3,,,,,Teklia-Jules Oudot,,,-0.75,,,,,,,,,
90,Local,1742,Marseille,,Angleterre et la flotte Anglaise,Exports,Bray sec,,,50,,500,livres,0.1,sources/Local/Archives_de_la_CCI_de_Marseille_I_22_Marseille_Exports_1764.csv,Archives de la CCI de Marseille - I 22,3,,,,,Teklia-Jules Oudot,,,0,,,,,,,,,
91,Local,1742,Marseille,,Angleterre et la flotte Anglaise,Exports,Bruns rouges,,,30,,1000,livres,0.03,sources/Local/Archives_de_la_CCI_de_Marseille_I_22_Marseille_Exports_1764.csv,Archives de la CCI de Marseille - I 22,3,,,,,Teklia-Jules Oudot,,,0,,,,,,,,,
92,Local,1742,Marseille,,Angleterre et la flotte Anglaise,Exports,Batanoimes,,,2352,,941,pièces,2.5,sources/Local/Archives_de_la_CCI_de_Marseille_I_22_Marseille_Exports_1764.csv,Archives de la CCI de Marseille - I 22,3,,,,,Teklia-Jules Oudot,,,-0.5,,,,,,,,,
93,Local,1742,Marseille,,Angleterre et la flotte Anglaise,Exports,Bours fil et coton,,,2336,,292,pièces,8,sources/Local/Archives_de_la_CCI_de_Marseille_I_22_Marseille_Exports_1764.csv,Archives de la CCI de Marseille - I 22,3,,,,,Teklia-Jules Oudot,,,0,,,,,,,,,
94,Local,1742,Marseille,,Angleterre et la flotte Anglaise,Exports,bazin,,,2,,2,livres,1,sources/Local/Archives_de_la_CCI_de_Marseille_I_22_Marseille_Exports_1764.csv,Archives de la CCI de Marseille - I 22,3,,,,,Teklia-Jules Oudot,,,0,,,,,,,,,
95,Local,1742,Marseille,,Angleterre et la flotte Anglaise,Exports,Bourses a chevaux,,,9,,3,pièces,3,sources/Local/Archives_de_la_CCI_de_Marseille_I_22_Marseille_Exports_1764.csv,Archives de la CCI de Marseille - I 22,3,,,,,Teklia-Jules Oudot,,,0,,,,,,,,,
96,Local,1742,Marseille,,Angleterre et la flotte Anglaise,Exports,bas de laine,,,1644,,274,livres,6,sources/Local/Archives_de_la_CCI_de_Marseille_I_22_Marseille_Exports_1764.csv,Archives de la CCI de Marseille - I 22,3,,,,,Teklia-Jules Oudot,,,0,,,,,,,,,
97,Local,1742,Marseille,,Angleterre et la flotte Anglaise,Exports,bonnets de laine,,,132,,11,douzaines,12,sources/Local/Archives_de_la_CCI_de_Marseille_I_22_Marseille_Exports_1764.csv,Archives de la CCI de Marseille - I 22,3,,,,,Teklia-Jules Oudot,,,0,,,,,,,,,
98,Local,1742,Marseille,,Angleterre et la flotte Anglaise,Exports,Bois de ???,,,87,,350,livres,0.25,sources/Local/Archives_de_la_CCI_de_Marseille_I_22_Marseille_Exports_1764.csv,Archives de la CCI de Marseille - I 22,3,,,,,Teklia-Jules Oudot,,,-0.5,,,,,,,,,
99,Local,1742,Marseille,,Angleterre et la flotte Anglaise,Exports,bois de fustel,,,10,,200,livres,0.05,sources/Local/Archives_de_la_CCI_de_Marseille_I_22_Marseille_Exports_1764.csv,Archives de la CCI de Marseille - I 22,3,,,,,Teklia-Jules Oudot,,,0,,,,,,,,,
100,Local,1742,Marseille,,Angleterre et la flotte Anglaise,Exports,bois de campeche,,,216,,1350,livres,0.16,sources/Local/Archives_de_la_CCI_de_Marseille_I_22_Marseille_Exports_1764.csv,Archives de la CCI de Marseille - I 22,3,,,,,Teklia-Jules Oudot,,,0,,,,,,,,,
101,Local,1742,Marseille,,Angleterre et la flotte Anglaise,Exports,Bois a brules,,,1533,,170400,livres,9,sources/Local/Archives_de_la_CCI_de_Marseille_I_22_Marseille_Exports_1764.csv,Archives de la CCI de Marseille - I 22,3,,,,,Teklia-Jules Oudot,,,-1532067,,,,,,,,,
102,Local,1742,Marseille,,Angleterre et la flotte Anglaise,Exports,Bonchons de liege,,,4200,,700,livres,6,sources/Local/Archives_de_la_CCI_de_Marseille_I_22_Marseille_Exports_1764.csv,Archives de la CCI de Marseille - I 22,3,,,,,Teklia-Jules Oudot,,,0,,,,,,,,,
103,Local,1742,Marseille,,Angleterre et la flotte Anglaise,Exports,Balais de palme,,,190,,212,douzaines,0.9,sources/Local/Archives_de_la_CCI_de_Marseille_I_22_Marseille_Exports_1764.csv,Archives de la CCI de Marseille - I 22,3,,,,,Teklia-Jules Oudot,,,-0.800000000000011,,,,,,,,,
104,Local,1742,Marseille,,Angleterre et la flotte Anglaise,Exports,Cochon de lait,,,40,,16,livres,2.5,sources/Local/Archives_de_la_CCI_de_Marseille_I_22_Marseille_Exports_1764.csv,Archives de la CCI de Marseille - I 22,3,,,,,Teklia-Jules Oudot,,,0,,,,,,,,,
105,Local,1742,Marseille,,Angleterre et la flotte Anglaise,Exports,chevres,,,70,,14,livres,5,sources/Local/Archives_de_la_CCI_de_Marseille_I_22_Marseille_Exports_1764.csv,Archives de la CCI de Marseille - I 22,3,,,,,Teklia-Jules Oudot,,,0,,,,,,,,,
106,Local,1742,Marseille,,Angleterre et la flotte Anglaise,Exports,cannards,,,25,,34,pièces,0.75,sources/Local/Archives_de_la_CCI_de_Marseille_I_22_Marseille_Exports_1764.csv,Archives de la CCI de Marseille - I 22,3,,,,,Teklia-Jules Oudot,,,-0.5,,,,,,,,,
107,Local,1742,Marseille,,Angleterre et la flotte Anglaise,Exports,caille ,,,0.2,,1,pièces,0.2,sources/Local/Archives_de_la_CCI_de_Marseille_I_22_Marseille_Exports_1764.csv,Archives de la CCI de Marseille - I 22,3,,,,,Teklia-Jules Oudot,,,0,,,,,,,,,
108,Local,1742,Marseille,,Angleterre et la flotte Anglaise,Exports,Chair fraiche,,,99,,399,livres,0.25,sources/Local/Archives_de_la_CCI_de_Marseille_I_22_Marseille_Exports_1764.csv,Archives de la CCI de Marseille - I 22,3,,,,,Teklia-Jules Oudot,,,-0.75,,,,,,,,,
109,Local,1742,Marseille,,Angleterre et la flotte Anglaise,Exports,Chataigne,,,536,,10725,livres,0.05,sources/Local/Archives_de_la_CCI_de_Marseille_I_22_Marseille_Exports_1764.csv,Archives de la CCI de Marseille - I 22,3,,,,,Teklia-Jules Oudot,,,-0.25,,,,,,,,,
110,Local,1742,Marseille,,Angleterre et la flotte Anglaise,Exports,citroniers,,,66,,1339,livres,0.05,sources/Local/Archives_de_la_CCI_de_Marseille_I_22_Marseille_Exports_1764.csv,Archives de la CCI de Marseille - I 22,3,,,,,Teklia-Jules Oudot,,,-0.950000000000003,,,,,,,,,
111,Local,1742,Marseille,,Angleterre et la flotte Anglaise,Exports,citrons,,,183,,22895,pièces,8,sources/Local/Archives_de_la_CCI_de_Marseille_I_22_Marseille_Exports_1764.csv,Archives de la CCI de Marseille - I 22,3,,,,,Teklia-Jules Oudot,,,-182977,,,,,,,,,
112,Local,1742,Marseille,,Angleterre et la flotte Anglaise,Exports,capres,,,616,,2800,livres,0.22,sources/Local/Archives_de_la_CCI_de_Marseille_I_22_Marseille_Exports_1764.csv,Archives de la CCI de Marseille - I 22,4,,,,,Teklia-Jules Oudot,,,0,,,,,,,,,
113,Local,1742,Marseille,,Angleterre et la flotte Anglaise,Exports,cassonade,,,57,,190,livres,0.3,sources/Local/Archives_de_la_CCI_de_Marseille_I_22_Marseille_Exports_1764.csv,Archives de la CCI de Marseille - I 22,4,,,,,Teklia-Jules Oudot,,,0,,,,,,,,,
114,Local,1742,Marseille,,Angleterre et la flotte Anglaise,Exports,chous,,,10,,200,livres,0.05,sources/Local/Archives_de_la_CCI_de_Marseille_I_22_Marseille_Exports_1764.csv,Archives de la CCI de Marseille - I 22,4,,,,,Teklia-Jules Oudot,,,0,,,,,,,,,
115,Local,1742,Marseille,,Angleterre et la flotte Anglaise,Exports,caffé de l’amérique,,,114,,209,livres,0.65,sources/Local/Archives_de_la_CCI_de_Marseille_I_22_Marseille_Exports_1764.csv,Archives de la CCI de Marseille - I 22,4,,,,,Teklia-Jules Oudot,,,-21.85,,,,,,,,,
116,Local,1742,Marseille,,Angleterre et la flotte Anglaise,Exports,cacao,,,1703,,120,livres,1.4,sources/Local/Archives_de_la_CCI_de_Marseille_I_22_Marseille_Exports_1764.csv,Archives de la CCI de Marseille - I 22,4,,,,,Teklia-Jules Oudot,,,1535,,,,,,,,,
117,Local,1742,Marseille,,Angleterre et la flotte Anglaise,Exports,canelle,,,650,,100,livres,6.5,sources/Local/Archives_de_la_CCI_de_Marseille_I_22_Marseille_Exports_1764.csv,Archives de la CCI de Marseille - I 22,4,,,,,Teklia-Jules Oudot,,,0,,,,,,,,,
118,Local,1742,Marseille,,Angleterre et la flotte Anglaise,Exports,Ceruze,,,20,,100,livres,0.2,sources/Local/Archives_de_la_CCI_de_Marseille_I_22_Marseille_Exports_1764.csv,Archives de la CCI de Marseille - I 22,4,,,,,Teklia-Jules Oudot,,,0,,,,,,,,,
119,Local,1742,Marseille,,Angleterre et la flotte Anglaise,Exports,cire blanche,,,2655,,1770,livres,1.5,sources/Local/Archives_de_la_CCI_de_Marseille_I_22_Marseille_Exports_1764.csv,Archives de la CCI de Marseille - I 22,4,,,,,Teklia-Jules Oudot,,,0,,,,,,,,,
120,Local,1742,Marseille,,Angleterre et la flotte Anglaise,Exports,chandelle,,,5085,,11502,livres,0.45,sources/Local/Archives_de_la_CCI_de_Marseille_I_22_Marseille_Exports_1764.csv,Archives de la CCI de Marseille - I 22,4,,,,,Teklia-Jules Oudot,,,-90.9000000000006,,,,,,,,,
121,Local,1742,Marseille,,Angleterre et la flotte Anglaise,Exports,colle forte,,,1,,3,livres,0.4,sources/Local/Archives_de_la_CCI_de_Marseille_I_22_Marseille_Exports_1764.csv,Archives de la CCI de Marseille - I 22,4,,,,,Teklia-Jules Oudot,,,-0.2,,,,,,,,,
122,Local,1742,Marseille,,Angleterre et la flotte Anglaise,Exports,Callemande,,,1440,,24,pièces,60,sources/Local/Archives_de_la_CCI_de_Marseille_I_22_Marseille_Exports_1764.csv,Archives de la CCI de Marseille - I 22,4,,,,,Teklia-Jules Oudot,,,0,,,,,,,,,
123,Local,1742,Marseille,,Angleterre et la flotte Anglaise,Exports,chapeaux poil et laine,,,3120,,86.66,douzaine,36,sources/Local/Archives_de_la_CCI_de_Marseille_I_22_Marseille_Exports_1764.csv,Archives de la CCI de Marseille - I 22,4,,,,,Teklia-Jules Oudot,,,0.240000000000236,,,,,,,,,
124,Local,1742,Marseille,,Angleterre et la flotte Anglaise,Exports,cabac a joncs,,,1800,,100,grosses,18,sources/Local/Archives_de_la_CCI_de_Marseille_I_22_Marseille_Exports_1764.csv,Archives de la CCI de Marseille - I 22,4,,,,,Teklia-Jules Oudot,,,0,,,,,,,,,
125,Local,1742,Marseille,,Angleterre et la flotte Anglaise,Exports,cuirs tanes,,,1442,,2404,livres ,0.6,sources/Local/Archives_de_la_CCI_de_Marseille_I_22_Marseille_Exports_1764.csv,Archives de la CCI de Marseille - I 22,4,,,,,Teklia-Jules Oudot,,,-0.399999999999864,,,,,,,,,
126,Local,1742,Marseille,,Angleterre et la flotte Anglaise,Exports,cuirs de bœuf tanner,,,60,,2,pièces,30,sources/Local/Archives_de_la_CCI_de_Marseille_I_22_Marseille_Exports_1764.csv,Archives de la CCI de Marseille - I 22,4,,,,,Teklia-Jules Oudot,,,0,,,,,,,,,
127,Local,1742,Marseille,,Angleterre et la flotte Anglaise,Exports,cuir en poil ,,,720,,2202,pièces,,sources/Local/Archives_de_la_CCI_de_Marseille_I_22_Marseille_Exports_1764.csv,Archives de la CCI de Marseille - I 22,4,,,,,Teklia-Jules Oudot,,,720,,,,,,,,,
128,Local,1742,Marseille,,Angleterre et la flotte Anglaise,Exports,chanvre peigné,,,422,,1409,livres,0.3,sources/Local/Archives_de_la_CCI_de_Marseille_I_22_Marseille_Exports_1764.csv,Archives de la CCI de Marseille - I 22,4,,,,,Teklia-Jules Oudot,,,-0.699999999999989,,,,,,,,,
129,Local,1742,Marseille,,Angleterre et la flotte Anglaise,Exports,coton en rames,,,73,,195,livres,0.5,sources/Local/Archives_de_la_CCI_de_Marseille_I_22_Marseille_Exports_1764.csv,Archives de la CCI de Marseille - I 22,4,,,,,Teklia-Jules Oudot,,,-24.5,,,,,,,,,
130,Local,1742,Marseille,,Angleterre et la flotte Anglaise,Exports,cordages de chanvre,,,990,,3300,livres,0.3,sources/Local/Archives_de_la_CCI_de_Marseille_I_22_Marseille_Exports_1764.csv,Archives de la CCI de Marseille - I 22,4,,,,,Teklia-Jules Oudot,,,0,,,,,,,,,
131,Local,1742,Marseille,,Angleterre et la flotte Anglaise,Exports,cordages d’espar,,,380,,76,douzaines,5,sources/Local/Archives_de_la_CCI_de_Marseille_I_22_Marseille_Exports_1764.csv,Archives de la CCI de Marseille - I 22,4,,,,,Teklia-Jules Oudot,,,0,,,,,,,,,
132,Local,1742,Marseille,,Angleterre et la flotte Anglaise,Exports,cristal ouvré,,,1000,,500,livres,2,sources/Local/Archives_de_la_CCI_de_Marseille_I_22_Marseille_Exports_1764.csv,Archives de la CCI de Marseille - I 22,4,,,,,Teklia-Jules Oudot,,,0,,,,,,,,,
133,Local,1742,Marseille,,Angleterre et la flotte Anglaise,Exports,cuivre tangoul,,,450,,300,livres,1.5,sources/Local/Archives_de_la_CCI_de_Marseille_I_22_Marseille_Exports_1764.csv,Archives de la CCI de Marseille - I 22,4,,,,,Teklia-Jules Oudot,,,0,,,,,,,,,
134,Local,1742,Marseille,,Angleterre et la flotte Anglaise,Exports,cuivre de fer,,,385,,1925,livres,0.2,sources/Local/Archives_de_la_CCI_de_Marseille_I_22_Marseille_Exports_1764.csv,Archives de la CCI de Marseille - I 22,4,,,,,Teklia-Jules Oudot,,,0,,,,,,,,,
135,Local,1742,Marseille,,Angleterre et la flotte Anglaise,Exports,cordage d’espars ,,,75,,25,douzaines,3,sources/Local/Archives_de_la_CCI_de_Marseille_I_22_Marseille_Exports_1764.csv,Archives de la CCI de Marseille - I 22,4,,,,,Teklia-Jules Oudot,,,0,,,,,,,,,
136,Local,1742,Marseille,,Angleterre et la flotte Anglaise,Exports,cuivre blanc ,,,1980,,330,douzaines,6,sources/Local/Archives_de_la_CCI_de_Marseille_I_22_Marseille_Exports_1764.csv,Archives de la CCI de Marseille - I 22,4,,,,,Teklia-Jules Oudot,,,0,,,,,,,,,
137,Local,1742,Marseille,,Angleterre et la flotte Anglaise,Exports,????,,,150,,6,milliers,25,sources/Local/Archives_de_la_CCI_de_Marseille_I_22_Marseille_Exports_1764.csv,Archives de la CCI de Marseille - I 22,4,,,,,Teklia-Jules Oudot,,,0,,,,,,,,,
138,Local,1742,Marseille,,Angleterre et la flotte Anglaise,Exports,chaise de joncs,,,3654,,203,douzaines,18,sources/Local/Archives_de_la_CCI_de_Marseille_I_22_Marseille_Exports_1764.csv,Archives de la CCI de Marseille - I 22,4,,,,,Teklia-Jules Oudot,,,0,,,,,,,,,
139,Local,1742,Marseille,,Angleterre et la flotte Anglaise,Exports,charbon de bois,,,80,,4025,livres,0.02,sources/Local/Archives_de_la_CCI_de_Marseille_I_22_Marseille_Exports_1764.csv,Archives de la CCI de Marseille - I 22,4,,,,,Teklia-Jules Oudot,,,-0.5,,,,,,,,,
140,Local,1742,Marseille,,Angleterre et la flotte Anglaise,Exports,dindoneaux,,,68,,68,pièces,1,sources/Local/Archives_de_la_CCI_de_Marseille_I_22_Marseille_Exports_1764.csv,Archives de la CCI de Marseille - I 22,4,,,,,Teklia-Jules Oudot,,,0,,,,,,,,,
141,Local,1742,Marseille,,Angleterre et la flotte Anglaise,Exports,denrées comestibles,,,10,,10,,,sources/Local/Archives_de_la_CCI_de_Marseille_I_22_Marseille_Exports_1764.csv,Archives de la CCI de Marseille - I 22,4,,,,,Teklia-Jules Oudot,,,10,,,,,,,,,
142,Local,1742,Marseille,,Angleterre et la flotte Anglaise,Exports,dragés,,,1,,2,livres,0.75,sources/Local/Archives_de_la_CCI_de_Marseille_I_22_Marseille_Exports_1764.csv,Archives de la CCI de Marseille - I 22,4,,,,,Teklia-Jules Oudot,,,-0.5,,,,,,,,,
143,Local,1742,Marseille,,Angleterre et la flotte Anglaise,Exports,drogueries,,,1380,,1380,livres,1,sources/Local/Archives_de_la_CCI_de_Marseille_I_22_Marseille_Exports_1764.csv,Archives de la CCI de Marseille - I 22,4,,,,,Teklia-Jules Oudot,,,0,,,,,,,,,
144,Local,1742,Marseille,,Angleterre et la flotte Anglaise,Exports,drap londrin,,,5642,,806,livres,7,sources/Local/Archives_de_la_CCI_de_Marseille_I_22_Marseille_Exports_1764.csv,Archives de la CCI de Marseille - I 22,4,,,,,Teklia-Jules Oudot,,,0,,,,,,,,,
145,Local,1742,Marseille,,Angleterre et la flotte Anglaise,Exports,draperie petite,,,8138,,2034,livres,4,sources/Local/Archives_de_la_CCI_de_Marseille_I_22_Marseille_Exports_1764.csv,Archives de la CCI de Marseille - I 22,4,,,,,Teklia-Jules Oudot,,,2,,,,,,,,,
146,Local,1742,Marseille,,Angleterre et la flotte Anglaise,Exports,eau de vie,,,4659,,23299,livres,0.2,sources/Local/Archives_de_la_CCI_de_Marseille_I_22_Marseille_Exports_1764.csv,Archives de la CCI de Marseille - I 22,4,,,,,Teklia-Jules Oudot,,,-0.800000000000182,,,,,,,,,
147,Local,1742,Marseille,,Angleterre et la flotte Anglaise,Exports,eau de fleur d’orange,,,12,,25,livres,0.5,sources/Local/Archives_de_la_CCI_de_Marseille_I_22_Marseille_Exports_1764.csv,Archives de la CCI de Marseille - I 22,4,,,,,Teklia-Jules Oudot,,,-0.5,,,,,,,,,
148,Local,1742,Marseille,,Angleterre et la flotte Anglaise,Exports,eau de lavande,,,1,,3,livres,0.5,sources/Local/Archives_de_la_CCI_de_Marseille_I_22_Marseille_Exports_1764.csv,Archives de la CCI de Marseille - I 22,4,,,,,Teklia-Jules Oudot,,,-0.5,,,,,,,,,
149,Local,1742,Marseille,,Angleterre et la flotte Anglaise,Exports,essence,,,501,,501,livres,1,sources/Local/Archives_de_la_CCI_de_Marseille_I_22_Marseille_Exports_1764.csv,Archives de la CCI de Marseille - I 22,4,,,,,Teklia-Jules Oudot,,,0,,,,,,,,,
150,Local,1742,Marseille,,Angleterre et la flotte Anglaise,Exports,ettoffe de soye et en argen,,,20400,,255,livres,80,sources/Local/Archives_de_la_CCI_de_Marseille_I_22_Marseille_Exports_1764.csv,Archives de la CCI de Marseille - I 22,4,,,,,Teklia-Jules Oudot,,,0,,,,,,,,,
151,Local,1742,Marseille,,Angleterre et la flotte Anglaise,Exports,ettoffe de soye,,,65,,1.5,livres,40,sources/Local/Archives_de_la_CCI_de_Marseille_I_22_Marseille_Exports_1764.csv,Archives de la CCI de Marseille - I 22,4,,,,,Teklia-Jules Oudot,,,5,,,,,,,,,
152,Local,1742,Marseille,,Angleterre et la flotte Anglaise,Exports,épars,,,400,,10,milliers,400,sources/Local/Archives_de_la_CCI_de_Marseille_I_22_Marseille_Exports_1764.csv,Archives de la CCI de Marseille - I 22,4,,,,,Teklia-Jules Oudot,,,-3600,,,,,,,,,
153,Local,1742,Marseille,,Angleterre et la flotte Anglaise,Exports,fruits frais,,,2276,,15843,livres,0.15,sources/Local/Archives_de_la_CCI_de_Marseille_I_22_Marseille_Exports_1764.csv,Archives de la CCI de Marseille - I 22,4,,,,,Teklia-Jules Oudot,,,-100.45,,,,,,,,,
154,Local,1742,Marseille,,Angleterre et la flotte Anglaise,Exports,figues,,,2,,16,livres,0.1,sources/Local/Archives_de_la_CCI_de_Marseille_I_22_Marseille_Exports_1764.csv,Archives de la CCI de Marseille - I 22,5,,,,,Teklia-Jules Oudot,,,0.4,,,,,,,,,
155,Local,1742,Marseille,,Angleterre et la flotte Anglaise,Exports,fromagerie,,,12,,60,livres,0.2,sources/Local/Archives_de_la_CCI_de_Marseille_I_22_Marseille_Exports_1764.csv,Archives de la CCI de Marseille - I 22,5,,,,,Teklia-Jules Oudot,,,0,,,,,,,,,
156,Local,1742,Marseille,,Angleterre et la flotte Anglaise,Exports,foin,,,134,,6700,livres,0.02,sources/Local/Archives_de_la_CCI_de_Marseille_I_22_Marseille_Exports_1764.csv,Archives de la CCI de Marseille - I 22,5,,,,,Teklia-Jules Oudot,,,0,,,,,,,,,
157,Local,1742,Marseille,,Angleterre et la flotte Anglaise,Exports,fil a coudre,,,500,,250,livres,2,sources/Local/Archives_de_la_CCI_de_Marseille_I_22_Marseille_Exports_1764.csv,Archives de la CCI de Marseille - I 22,5,,,,,Teklia-Jules Oudot,,,0,,,,,,,,,
158,Local,1742,Marseille,,Angleterre et la flotte Anglaise,Exports,fil de fer,,,25,,50,livres,0.5,sources/Local/Archives_de_la_CCI_de_Marseille_I_22_Marseille_Exports_1764.csv,Archives de la CCI de Marseille - I 22,5,,,,,Teklia-Jules Oudot,,,0,,,,,,,,,
159,Local,1742,Marseille,,Angleterre et la flotte Anglaise,Exports,Fer blanc,,,361,,603,livres,0.6,sources/Local/Archives_de_la_CCI_de_Marseille_I_22_Marseille_Exports_1764.csv,Archives de la CCI de Marseille - I 22,5,,,,,Teklia-Jules Oudot,,,-0.800000000000011,,,,,,,,,
160,Local,1742,Marseille,,Angleterre et la flotte Anglaise,Exports,fer en barre,,,3190,,17725,livres,0.18,sources/Local/Archives_de_la_CCI_de_Marseille_I_22_Marseille_Exports_1764.csv,Archives de la CCI de Marseille - I 22,5,,,,,Teklia-Jules Oudot,,,-0.5,,,,,,,,,
161,Local,1742,Marseille,,Angleterre et la flotte Anglaise,Exports,fayence,,,400,,800,livres,0.5,sources/Local/Archives_de_la_CCI_de_Marseille_I_22_Marseille_Exports_1764.csv,Archives de la CCI de Marseille - I 22,5,,,,,Teklia-Jules Oudot,,,0,,,,,,,,,
162,Local,1742,Marseille,,Angleterre et la flotte Anglaise,Exports,graines,,,7,,49,pièces,0.15,sources/Local/Archives_de_la_CCI_de_Marseille_I_22_Marseille_Exports_1764.csv,Archives de la CCI de Marseille - I 22,5,,,,,Teklia-Jules Oudot,,,-0.35,,,,,,,,,
163,Local,1742,Marseille,,Angleterre et la flotte Anglaise,Exports,grenades,,,24,,1227,pièces,0.02,sources/Local/Archives_de_la_CCI_de_Marseille_I_22_Marseille_Exports_1764.csv,Archives de la CCI de Marseille - I 22,5,,,,,Teklia-Jules Oudot,,,-0.539999999999999,,,,,,,,,
164,Local,1742,Marseille,,Angleterre et la flotte Anglaise,Exports,graine de jardin,,,5000,,4000,livres,1.25,sources/Local/Archives_de_la_CCI_de_Marseille_I_22_Marseille_Exports_1764.csv,Archives de la CCI de Marseille - I 22,5,,,,,Teklia-Jules Oudot,,,0,,,,,,,,,
165,Local,1742,Marseille,,Angleterre et la flotte Anglaise,Exports,graine de moutarde,,,20,,100,livres,0.2,sources/Local/Archives_de_la_CCI_de_Marseille_I_22_Marseille_Exports_1764.csv,Archives de la CCI de Marseille - I 22,5,,,,,Teklia-Jules Oudot,,,0,,,,,,,,,
166,Local,1742,Marseille,,Angleterre et la flotte Anglaise,Exports,graine de canarie,,,1,,10,livres,0.1,sources/Local/Archives_de_la_CCI_de_Marseille_I_22_Marseille_Exports_1764.csv,Archives de la CCI de Marseille - I 22,5,,,,,Teklia-Jules Oudot,,,0,,,,,,,,,
167,Local,1742,Marseille,,Angleterre et la flotte Anglaise,Exports,huile d’olive,,,49926,,1193,milliers,42,sources/Local/Archives_de_la_CCI_de_Marseille_I_22_Marseille_Exports_1764.csv,Archives de la CCI de Marseille - I 22,5,,,,,Teklia-Jules Oudot,,,-180,,,,,,,,,
168,Local,1742,Marseille,,Angleterre et la flotte Anglaise,Exports,huile de lin,,,168,,675,livres,0.25,sources/Local/Archives_de_la_CCI_de_Marseille_I_22_Marseille_Exports_1764.csv,Archives de la CCI de Marseille - I 22,5,,,,,Teklia-Jules Oudot,,,-0.75,,,,,,,,,
169,Local,1742,Marseille,,Angleterre et la flotte Anglaise,Exports,indigo,,,450,,100,livres,4.5,sources/Local/Archives_de_la_CCI_de_Marseille_I_22_Marseille_Exports_1764.csv,Archives de la CCI de Marseille - I 22,5,,,,,Teklia-Jules Oudot,,,0,,,,,,,,,
170,Local,1742,Marseille,,Angleterre et la flotte Anglaise,Exports,indienne,,,14120,,706,pièces,20,sources/Local/Archives_de_la_CCI_de_Marseille_I_22_Marseille_Exports_1764.csv,Archives de la CCI de Marseille - I 22,5,,,,,Teklia-Jules Oudot,,,0,,,,,,,,,
171,Local,1742,Marseille,,Angleterre et la flotte Anglaise,Exports,levreaux,,,19,,13,pièces,1.5,sources/Local/Archives_de_la_CCI_de_Marseille_I_22_Marseille_Exports_1764.csv,Archives de la CCI de Marseille - I 22,5,,,,,Teklia-Jules Oudot,,,-0.5,,,,,,,,,
172,Local,1742,Marseille,,Angleterre et la flotte Anglaise,Exports,lapin ,,,10,,25,pièces,0.4,sources/Local/Archives_de_la_CCI_de_Marseille_I_22_Marseille_Exports_1764.csv,Archives de la CCI de Marseille - I 22,5,,,,,Teklia-Jules Oudot,,,0,,,,,,,,,
173,Local,1742,Marseille,,Angleterre et la flotte Anglaise,Exports,legumes,,,980,,29200,livres,0.05,sources/Local/Archives_de_la_CCI_de_Marseille_I_22_Marseille_Exports_1764.csv,Archives de la CCI de Marseille - I 22,5,,,,,Teklia-Jules Oudot,,,-480,,,,,,,,,
174,Local,1742,Marseille,,Angleterre et la flotte Anglaise,Exports,liqueur a boire,,,1197,,1596,livres,0.75,sources/Local/Archives_de_la_CCI_de_Marseille_I_22_Marseille_Exports_1764.csv,Archives de la CCI de Marseille - I 22,5,,,,,Teklia-Jules Oudot,,,0,,,,,,,,,
175,Local,1742,Marseille,,Angleterre et la flotte Anglaise,Exports,lustre de venise,,,900,,600,livres,1.5,sources/Local/Archives_de_la_CCI_de_Marseille_I_22_Marseille_Exports_1764.csv,Archives de la CCI de Marseille - I 22,5,,,,,Teklia-Jules Oudot,,,0,,,,,,,,,
176,Local,1742,Marseille,,Angleterre et la flotte Anglaise,Exports,moutons,,,1920,,320,livres,6,sources/Local/Archives_de_la_CCI_de_Marseille_I_22_Marseille_Exports_1764.csv,Archives de la CCI de Marseille - I 22,5,,,,,Teklia-Jules Oudot,,,0,,,,,,,,,
177,Local,1742,Marseille,,Angleterre et la flotte Anglaise,Exports,merluches,,,47,,314.15,livres,0.15,sources/Local/Archives_de_la_CCI_de_Marseille_I_22_Marseille_Exports_1764.csv,Archives de la CCI de Marseille - I 22,5,,,,,Teklia-Jules Oudot,,,-0.122499999999995,,,,,,,,,
178,Local,1742,Marseille,,Angleterre et la flotte Anglaise,Exports,miel,,,1697,,12125,livres,0.14,sources/Local/Archives_de_la_CCI_de_Marseille_I_22_Marseille_Exports_1764.csv,Archives de la CCI de Marseille - I 22,5,,,,,Teklia-Jules Oudot,,,-0.500000000000227,,,,,,,,,
179,Local,1742,Marseille,,Angleterre et la flotte Anglaise,Exports,mercerie,,,27086,,7739,livres,3.5,sources/Local/Archives_de_la_CCI_de_Marseille_I_22_Marseille_Exports_1764.csv,Archives de la CCI de Marseille - I 22,5,,,,,Teklia-Jules Oudot,,,-0.5,,,,,,,,,
180,Local,1742,Marseille,,Angleterre et la flotte Anglaise,Exports,noix,,,78,,1560,livres,0.05,sources/Local/Archives_de_la_CCI_de_Marseille_I_22_Marseille_Exports_1764.csv,Archives de la CCI de Marseille - I 22,5,,,,,Teklia-Jules Oudot,,,0,,,,,,,,,
181,Local,1742,Marseille,,Angleterre et la flotte Anglaise,Exports,noisettes,,,70,,1414,livres,0.05,sources/Local/Archives_de_la_CCI_de_Marseille_I_22_Marseille_Exports_1764.csv,Archives de la CCI de Marseille - I 22,5,,,,,Teklia-Jules Oudot,,,-0.700000000000003,,,,,,,,,
182,Local,1742,Marseille,,Angleterre et la flotte Anglaise,Exports,œufs,,,5.4,,18,douzaines,0.3,sources/Local/Archives_de_la_CCI_de_Marseille_I_22_Marseille_Exports_1764.csv,Archives de la CCI de Marseille - I 22,5,,,,,Teklia-Jules Oudot,,,0,,,,,,,,,
183,Local,1742,Marseille,,Angleterre et la flotte Anglaise,Exports,orange,,,36,,5145,pièces,7,sources/Local/Archives_de_la_CCI_de_Marseille_I_22_Marseille_Exports_1764.csv,Archives de la CCI de Marseille - I 22,5,,,,,Teklia-Jules Oudot,,,-35979,,,,,,,,,
184,Local,1742,Marseille,,Angleterre et la flotte Anglaise,Exports,olives,,,70,1,100,barils,0.75,sources/Local/Archives_de_la_CCI_de_Marseille_I_22_Marseille_Exports_1764.csv,Archives de la CCI de Marseille - I 22,5,,,,,Teklia-Jules Oudot,,,-5,,,,,,,,,
185,Local,1742,Marseille,,Angleterre et la flotte Anglaise,Exports,,,,278,2,1859,livres,0.15,sources/Local/Archives_de_la_CCI_de_Marseille_I_22_Marseille_Exports_1764.csv,Archives de la CCI de Marseille - I 22,5,,,,,Teklia-Jules Oudot,,,-0.849999999999966,,,,,,,,,
186,Local,1742,Marseille,,Angleterre et la flotte Anglaise,Exports,oignon,,,73,,2450,livres,0.03,sources/Local/Archives_de_la_CCI_de_Marseille_I_22_Marseille_Exports_1764.csv,Archives de la CCI de Marseille - I 22,5,,,,,Teklia-Jules Oudot,,,-0.5,,,,,,,,,
187,Local,1742,Marseille,,Angleterre et la flotte Anglaise,Exports,ouatte,,,541,,361,livres,0.15,sources/Local/Archives_de_la_CCI_de_Marseille_I_22_Marseille_Exports_1764.csv,Archives de la CCI de Marseille - I 22,5,,,,,Teklia-Jules Oudot,,,486.85,,,,,,,,,
188,Local,1742,Marseille,,Angleterre et la flotte Anglaise,Exports,Porcs en vie,,,45,,3,pièces,15,sources/Local/Archives_de_la_CCI_de_Marseille_I_22_Marseille_Exports_1764.csv,Archives de la CCI de Marseille - I 22,5,,,,,Teklia-Jules Oudot,,,0,,,,,,,,,
189,Local,1742,Marseille,,Angleterre et la flotte Anglaise,Exports,porcs frais,,,345,,1728,livres,0.2,sources/Local/Archives_de_la_CCI_de_Marseille_I_22_Marseille_Exports_1764.csv,Archives de la CCI de Marseille - I 22,5,,,,,Teklia-Jules Oudot,,,-0.600000000000023,,,,,,,,,
190,Local,1742,Marseille,,Angleterre et la flotte Anglaise,Exports,Poulardes,,,56,,45,pièces,1.25,sources/Local/Archives_de_la_CCI_de_Marseille_I_22_Marseille_Exports_1764.csv,Archives de la CCI de Marseille - I 22,5,,,,,Teklia-Jules Oudot,,,-0.25,,,,,,,,,
191,Local,1742,Marseille,,Angleterre et la flotte Anglaise,Exports,poules,,,12,,17,pièces,0.75,sources/Local/Archives_de_la_CCI_de_Marseille_I_22_Marseille_Exports_1764.csv,Archives de la CCI de Marseille - I 22,5,,,,,Teklia-Jules Oudot,,,-0.75,,,,,,,,,
192,Local,1742,Marseille,,Angleterre et la flotte Anglaise,Exports,Perdrix,,,22,,22,pièces,1,sources/Local/Archives_de_la_CCI_de_Marseille_I_22_Marseille_Exports_1764.csv,Archives de la CCI de Marseille - I 22,5,,,,,Teklia-Jules Oudot,,,0,,,,,,,,,
193,Local,1742,Marseille,,Angleterre et la flotte Anglaise,Exports,poule d’eau,,,1,,1,pièces,1,sources/Local/Archives_de_la_CCI_de_Marseille_I_22_Marseille_Exports_1764.csv,Archives de la CCI de Marseille - I 22,5,,,,,Teklia-Jules Oudot,,,0,,,,,,,,,
194,Local,1742,Marseille,,Angleterre et la flotte Anglaise,Exports,pain,,,217,,2900,livres,75,sources/Local/Archives_de_la_CCI_de_Marseille_I_22_Marseille_Exports_1764.csv,Archives de la CCI de Marseille - I 22,5,,,,,Teklia-Jules Oudot,,,-217283,,,,,,,,,
195,Local,1742,Marseille,,Angleterre et la flotte Anglaise,Exports,Pruneaux,,,64,,320,livres,0.2,sources/Local/Archives_de_la_CCI_de_Marseille_I_22_Marseille_Exports_1764.csv,Archives de la CCI de Marseille - I 22,5,,,,,Teklia-Jules Oudot,,,0,,,,,,,,,
196,Local,1742,Marseille,,Angleterre et la flotte Anglaise,Exports,poires,,,23,,236,livres,0.1,sources/Local/Archives_de_la_CCI_de_Marseille_I_22_Marseille_Exports_1764.csv,Archives de la CCI de Marseille - I 22,6,,,,,Teklia-Jules Oudot,,,-0.600000000000001,,,,,,,,,
197,Local,1742,Marseille,,Angleterre et la flotte Anglaise,Exports,pommes,,,598,,5981,livres,0.1,sources/Local/Archives_de_la_CCI_de_Marseille_I_22_Marseille_Exports_1764.csv,Archives de la CCI de Marseille - I 22,6,,,,,Teklia-Jules Oudot,,,-0.100000000000023,,,,,,,,,
198,Local,1742,Marseille,,Angleterre et la flotte Anglaise,Exports,prune,,,1002,,802,livres,1.25,sources/Local/Archives_de_la_CCI_de_Marseille_I_22_Marseille_Exports_1764.csv,Archives de la CCI de Marseille - I 22,6,,,,,Teklia-Jules Oudot,,,-0.5,,,,,,,,,
199,Local,1742,Marseille,,Angleterre et la flotte Anglaise,Exports,poudre a poudrer,,,3,,12,livres,0.3,sources/Local/Archives_de_la_CCI_de_Marseille_I_22_Marseille_Exports_1764.csv,Archives de la CCI de Marseille - I 22,6,,,,,Teklia-Jules Oudot,,,-0.6,,,,,,,,,
200,Local,1742,Marseille,,Angleterre et la flotte Anglaise,Exports,peluche,,,16,,4,livres,4,sources/Local/Archives_de_la_CCI_de_Marseille_I_22_Marseille_Exports_1764.csv,Archives de la CCI de Marseille - I 22,6,,,,,Teklia-Jules Oudot,,,0,,,,,,,,,
201,Local,1742,Marseille,,Angleterre et la flotte Anglaise,Exports,perruques,,,360,,24,livres,15,sources/Local/Archives_de_la_CCI_de_Marseille_I_22_Marseille_Exports_1764.csv,Archives de la CCI de Marseille - I 22,6,,,,,Teklia-Jules Oudot,,,0,,,,,,,,,
202,Local,1742,Marseille,,Angleterre et la flotte Anglaise,Exports,Papier a ecrire,,,18606,,3101,rames,6,sources/Local/Archives_de_la_CCI_de_Marseille_I_22_Marseille_Exports_1764.csv,Archives de la CCI de Marseille - I 22,6,,,,,Teklia-Jules Oudot,,,0,,,,,,,,,
203,Local,1742,Marseille,,Angleterre et la flotte Anglaise,Exports,Peaux de marroquins,,,150,,100,livres,1.5,sources/Local/Archives_de_la_CCI_de_Marseille_I_22_Marseille_Exports_1764.csv,Archives de la CCI de Marseille - I 22,6,,,,,Teklia-Jules Oudot,,,0,,,,,,,,,
204,Local,1742,Marseille,,Angleterre et la flotte Anglaise,Exports,Peaux de chamois,,,937,,750,livres,1.25,sources/Local/Archives_de_la_CCI_de_Marseille_I_22_Marseille_Exports_1764.csv,Archives de la CCI de Marseille - I 22,6,,,,,Teklia-Jules Oudot,,,-0.5,,,,,,,,,
205,Local,1742,Marseille,,Angleterre et la flotte Anglaise,Exports,peaux de chevres passés,,,1200,,4000,livres,0.3,sources/Local/Archives_de_la_CCI_de_Marseille_I_22_Marseille_Exports_1764.csv,Archives de la CCI de Marseille - I 22,6,,,,,Teklia-Jules Oudot,,,0,,,,,,,,,
206,Local,1742,Marseille,,Angleterre et la flotte Anglaise,Exports,Peaux de veau tannés,,,204,,17,pièces,12,sources/Local/Archives_de_la_CCI_de_Marseille_I_22_Marseille_Exports_1764.csv,Archives de la CCI de Marseille - I 22,6,,,,,Teklia-Jules Oudot,,,0,,,,,,,,,
207,Local,1742,Marseille,,Angleterre et la flotte Anglaise,Exports,Peigne de buys,,,720,,16,grosses,45,sources/Local/Archives_de_la_CCI_de_Marseille_I_22_Marseille_Exports_1764.csv,Archives de la CCI de Marseille - I 22,6,,,,,Teklia-Jules Oudot,,,0,,,,,,,,,
208,Local,1742,Marseille,,Angleterre et la flotte Anglaise,Exports,porcelaines,,,7500,,1500,livres,5,sources/Local/Archives_de_la_CCI_de_Marseille_I_22_Marseille_Exports_1764.csv,Archives de la CCI de Marseille - I 22,6,,,,,Teklia-Jules Oudot,,,0,,,,,,,,,
209,Local,1742,Marseille,,Angleterre et la flotte Anglaise,Exports,poterie de verre,,,48,,240,livres,0.2,sources/Local/Archives_de_la_CCI_de_Marseille_I_22_Marseille_Exports_1764.csv,Archives de la CCI de Marseille - I 22,6,,,,,Teklia-Jules Oudot,,,0,,,,,,,,,
210,Local,1742,Marseille,,Angleterre et la flotte Anglaise,Exports,pipes a fumer,,,600,,200,grosses,3,sources/Local/Archives_de_la_CCI_de_Marseille_I_22_Marseille_Exports_1764.csv,Archives de la CCI de Marseille - I 22,6,,,,,Teklia-Jules Oudot,,,0,,,,,,,,,
211,Local,1742,Marseille,,Angleterre et la flotte Anglaise,Exports,pipes à fumer,,,15,,28,livres,,sources/Local/Archives_de_la_CCI_de_Marseille_I_22_Marseille_Exports_1764.csv,Archives de la CCI de Marseille - I 22,6,,,,,Teklia-Jules Oudot,,,,,,,,,,,,
212,Local,1742,Marseille,,Angleterre et la flotte Anglaise,Exports,plomb en grenaille,,,479,,1919,livres,0.25,sources/Local/Archives_de_la_CCI_de_Marseille_I_22_Marseille_Exports_1764.csv,Archives de la CCI de Marseille - I 22,6,,,,,Teklia-Jules Oudot,,,-0.75,,,,,,,,,
213,Local,1742,Marseille,,Angleterre et la flotte Anglaise,Exports,plomb en saumon,,,40,,200,livres,0.2,sources/Local/Archives_de_la_CCI_de_Marseille_I_22_Marseille_Exports_1764.csv,Archives de la CCI de Marseille - I 22,6,,,,,Teklia-Jules Oudot,,,0,,,,,,,,,
214,Local,1742,Marseille,,Angleterre et la flotte Anglaise,Exports,Palmes en feuille,,,60,,1000,livres,0.06,sources/Local/Archives_de_la_CCI_de_Marseille_I_22_Marseille_Exports_1764.csv,Archives de la CCI de Marseille - I 22,6,,,,,Teklia-Jules Oudot,,,0,,,,,,,,,
215,Local,1742,Marseille,,Angleterre et la flotte Anglaise,Exports,quincaille de cuivre,,,12,,7,livres,1.75,sources/Local/Archives_de_la_CCI_de_Marseille_I_22_Marseille_Exports_1764.csv,Archives de la CCI de Marseille - I 22,6,,,,,Teklia-Jules Oudot,,,-0.25,,,,,,,,,
216,Local,1742,Marseille,,Angleterre et la flotte Anglaise,Exports,quincaille de fer et acier,,,750,,750,livres,1,sources/Local/Archives_de_la_CCI_de_Marseille_I_22_Marseille_Exports_1764.csv,Archives de la CCI de Marseille - I 22,6,,,,,Teklia-Jules Oudot,,,0,,,,,,,,,
217,Local,1742,Marseille,,Angleterre et la flotte Anglaise,Exports,pinceaux,,,447,,298,douzaines,1.5,sources/Local/Archives_de_la_CCI_de_Marseille_I_22_Marseille_Exports_1764.csv,Archives de la CCI de Marseille - I 22,6,,,,,Teklia-Jules Oudot,,,0,,,,,,,,,
218,Local,1742,Marseille,,Angleterre et la flotte Anglaise,Exports,raisins secs,,,8832,,442163,livres,0.2,sources/Local/Archives_de_la_CCI_de_Marseille_I_22_Marseille_Exports_1764.csv,Archives de la CCI de Marseille - I 22,6,,,,,Teklia-Jules Oudot,,,-79600.6,,,,,,,,,
219,Local,1742,Marseille,,Angleterre et la flotte Anglaise,Exports,ris,,,1002,,8350,livres,0.2,sources/Local/Archives_de_la_CCI_de_Marseille_I_22_Marseille_Exports_1764.csv,Archives de la CCI de Marseille - I 22,6,,,,,Teklia-Jules Oudot,,,-668,,,,,,,,,
220,Local,1742,Marseille,,Angleterre et la flotte Anglaise,Exports,rubans de soye,,,6,,4,onces,1.5,sources/Local/Archives_de_la_CCI_de_Marseille_I_22_Marseille_Exports_1764.csv,Archives de la CCI de Marseille - I 22,6,,,,,Teklia-Jules Oudot,,,0,,,,,,,,,
221,Local,1742,Marseille,,Angleterre et la flotte Anglaise,Exports,rubans de filoselle,,,2,,2,onces,1,sources/Local/Archives_de_la_CCI_de_Marseille_I_22_Marseille_Exports_1764.csv,Archives de la CCI de Marseille - I 22,6,,,,,Teklia-Jules Oudot,,,0,,,,,,,,,
222,Local,1742,Marseille,,Angleterre et la flotte Anglaise,Exports,Saucisses,,,1087,,1087,livres,1,sources/Local/Archives_de_la_CCI_de_Marseille_I_22_Marseille_Exports_1764.csv,Archives de la CCI de Marseille - I 22,6,,,,,Teklia-Jules Oudot,,,0,,,,,,,,,
223,Local,1742,Marseille,,Angleterre et la flotte Anglaise,Exports,Sardine,,,8,1,1,baril,8,sources/Local/Archives_de_la_CCI_de_Marseille_I_22_Marseille_Exports_1764.csv,Archives de la CCI de Marseille - I 22,6,,,,,Teklia-Jules Oudot,,,0,,,,,,,,,
224,Local,1742,Marseille,,Angleterre et la flotte Anglaise,Exports,sardine,,,8,2,100,livres,0.08,sources/Local/Archives_de_la_CCI_de_Marseille_I_22_Marseille_Exports_1764.csv,Archives de la CCI de Marseille - I 22,6,,,,,Teklia-Jules Oudot,,,0,,,,,,,,,
225,Local,1742,Marseille,,Angleterre et la flotte Anglaise,Exports,Saphran,,,2000,,100,livres,20,sources/Local/Archives_de_la_CCI_de_Marseille_I_22_Marseille_Exports_1764.csv,Archives de la CCI de Marseille - I 22,6,,,,,Teklia-Jules Oudot,,,0,,,,,,,,,
226,Local,1742,Marseille,,Angleterre et la flotte Anglaise,Exports,Sucre rafiné,,,3732,,7465,livres,0.5,sources/Local/Archives_de_la_CCI_de_Marseille_I_22_Marseille_Exports_1764.csv,Archives de la CCI de Marseille - I 22,6,,,,,Teklia-Jules Oudot,,,-0.5,,,,,,,,,
227,Local,1742,Marseille,,Angleterre et la flotte Anglaise,Exports,sucre blanc,,,10867,,31050,livres,0.35,sources/Local/Archives_de_la_CCI_de_Marseille_I_22_Marseille_Exports_1764.csv,Archives de la CCI de Marseille - I 22,6,,,,,Teklia-Jules Oudot,,,-0.5,,,,,,,,,
228,Local,1742,Marseille,,Angleterre et la flotte Anglaise,Exports,sirop de capitaine,,,660,,660,livres,1,sources/Local/Archives_de_la_CCI_de_Marseille_I_22_Marseille_Exports_1764.csv,Archives de la CCI de Marseille - I 22,6,,,,,Teklia-Jules Oudot,,,0,,,,,,,,,
229,Local,1742,Marseille,,Angleterre et la flotte Anglaise,Exports,,,,0.5,,10,livres,0.05,sources/Local/Archives_de_la_CCI_de_Marseille_I_22_Marseille_Exports_1764.csv,Archives de la CCI de Marseille - I 22,6,,,,,Teklia-Jules Oudot,,,0,,,,,,,,,
230,Local,1742,Marseille,,Angleterre et la flotte Anglaise,Exports,Sumac,,,390,,1950,livres,0.2,sources/Local/Archives_de_la_CCI_de_Marseille_I_22_Marseille_Exports_1764.csv,Archives de la CCI de Marseille - I 22,6,,,,,Teklia-Jules Oudot,,,0,,,,,,,,,
231,Local,1742,Marseille,,Angleterre et la flotte Anglaise,Exports,souffre,,,90,,750,livres,12,sources/Local/Archives_de_la_CCI_de_Marseille_I_22_Marseille_Exports_1764.csv,Archives de la CCI de Marseille - I 22,6,,,,,Teklia-Jules Oudot,,,-8910,,,,,,,,,
232,Local,1742,Marseille,,Angleterre et la flotte Anglaise,Exports,Savon mol,,,1835,,9175,livres,20,sources/Local/Archives_de_la_CCI_de_Marseille_I_22_Marseille_Exports_1764.csv,Archives de la CCI de Marseille - I 22,6,,,,,Teklia-Jules Oudot,,,-181665,,,,,,,,,
233,Local,1742,Marseille,,Angleterre et la flotte Anglaise,Exports,Savon blanc,,,108,,450,livres,0.24,sources/Local/Archives_de_la_CCI_de_Marseille_I_22_Marseille_Exports_1764.csv,Archives de la CCI de Marseille - I 22,6,,,,,Teklia-Jules Oudot,,,0,,,,,,,,,
234,Local,1742,Marseille,,Angleterre et la flotte Anglaise,Exports,Savon madré,,,3426,,14275,livres,0.24,sources/Local/Archives_de_la_CCI_de_Marseille_I_22_Marseille_Exports_1764.csv,Archives de la CCI de Marseille - I 22,6,,,,,Teklia-Jules Oudot,,,0,,,,,,,,,
235,Local,1742,Marseille,,Angleterre et la flotte Anglaise,Exports,soye ouvrée,,,68780,,3439,livres,20,sources/Local/Archives_de_la_CCI_de_Marseille_I_22_Marseille_Exports_1764.csv,Archives de la CCI de Marseille - I 22,6,,,,,Teklia-Jules Oudot,,,0,,,,,,,,,
236,Local,1742,Marseille,,Angleterre et la flotte Anglaise,Exports,souliers,,,14,,4,pièces,3.5,sources/Local/Archives_de_la_CCI_de_Marseille_I_22_Marseille_Exports_1764.csv,Archives de la CCI de Marseille - I 22,6,,,,,Teklia-Jules Oudot,,,0,,,,,,,,,
237,Local,1742,Marseille,,Angleterre et la flotte Anglaise,Exports,Thé,,,2220,,444,livres,5,sources/Local/Archives_de_la_CCI_de_Marseille_I_22_Marseille_Exports_1764.csv,Archives de la CCI de Marseille - I 22,6,,,,,Teklia-Jules Oudot,,,0,,,,,,,,,
238,Local,1742,Marseille,,Angleterre et la flotte Anglaise,Exports,tabac en poudre,,,48386,,24193,livres,2,sources/Local/Archives_de_la_CCI_de_Marseille_I_22_Marseille_Exports_1764.csv,Archives de la CCI de Marseille - I 22,6,,,,,Teklia-Jules Oudot,,,0,,,,,,,,,
239,Local,1742,Marseille,,Angleterre et la flotte Anglaise,Exports,toile pignée,,,2800,,280,livres,10,sources/Local/Archives_de_la_CCI_de_Marseille_I_22_Marseille_Exports_1764.csv,Archives de la CCI de Marseille - I 22,6,,,,,Teklia-Jules Oudot,,,0,,,,,,,,,
240,Local,1742,Marseille,,Angleterre et la flotte Anglaise,Exports,Toille blanche,,,22528,,5632,livres,4,sources/Local/Archives_de_la_CCI_de_Marseille_I_22_Marseille_Exports_1764.csv,Archives de la CCI de Marseille - I 22,7,,,,,Teklia-Jules Oudot,,,0,,,,,,,,,
241,Local,1742,Marseille,,Angleterre et la flotte Anglaise,Exports,toille crue et teinte,,,22,,15,livres,1.5,sources/Local/Archives_de_la_CCI_de_Marseille_I_22_Marseille_Exports_1764.csv,Archives de la CCI de Marseille - I 22,7,,,,,Teklia-Jules Oudot,,,-0.5,,,,,,,,,
242,Local,1742,Marseille,,Angleterre et la flotte Anglaise,Exports,Toille a voile,,,520,,20,pièces,26,sources/Local/Archives_de_la_CCI_de_Marseille_I_22_Marseille_Exports_1764.csv,Archives de la CCI de Marseille - I 22,7,,,,,Teklia-Jules Oudot,,,0,,,,,,,,,
243,Local,1742,Marseille,,Angleterre et la flotte Anglaise,Exports,toille d’embalage,,,125,,125,livres,1,sources/Local/Archives_de_la_CCI_de_Marseille_I_22_Marseille_Exports_1764.csv,Archives de la CCI de Marseille - I 22,7,,,,,Teklia-Jules Oudot,,,0,,,,,,,,,
244,Local,1742,Marseille,,Angleterre et la flotte Anglaise,Exports,tabatière de Bergamotes,,,3,,2,douzaines,1.5,sources/Local/Archives_de_la_CCI_de_Marseille_I_22_Marseille_Exports_1764.csv,Archives de la CCI de Marseille - I 22,7,,,,,Teklia-Jules Oudot,,,0,,,,,,,,,
245,Local,1742,Marseille,,Angleterre et la flotte Anglaise,Exports,tables de noyer,,,264,,44,pièces,6,sources/Local/Archives_de_la_CCI_de_Marseille_I_22_Marseille_Exports_1764.csv,Archives de la CCI de Marseille - I 22,7,,,,,Teklia-Jules Oudot,,,0,,,,,,,,,
246,Local,1742,Marseille,,Angleterre et la flotte Anglaise,Exports,teraille fine,,,1875,,7500,livres,0.25,sources/Local/Archives_de_la_CCI_de_Marseille_I_22_Marseille_Exports_1764.csv,Archives de la CCI de Marseille - I 22,7,,,,,Teklia-Jules Oudot,,,0,,,,,,,,,
247,Local,1742,Marseille,,Angleterre et la flotte Anglaise,Exports,teraille blanche,,,3862,,15450,livres,0.25,sources/Local/Archives_de_la_CCI_de_Marseille_I_22_Marseille_Exports_1764.csv,Archives de la CCI de Marseille - I 22,7,,,,,Teklia-Jules Oudot,,,-0.5,,,,,,,,,
248,Local,1742,Marseille,,Angleterre et la flotte Anglaise,Exports,vache en vie,,,1680,,24,livres,70,sources/Local/Archives_de_la_CCI_de_Marseille_I_22_Marseille_Exports_1764.csv,Archives de la CCI de Marseille - I 22,7,,,,,Teklia-Jules Oudot,,,0,,,,,,,,,
249,Local,1742,Marseille,,Angleterre et la flotte Anglaise,Exports,veaux en vie,,,144,,8,livres,18,sources/Local/Archives_de_la_CCI_de_Marseille_I_22_Marseille_Exports_1764.csv,Archives de la CCI de Marseille - I 22,7,,,,,Teklia-Jules Oudot,,,0,,,,,,,,,
250,Local,1742,Marseille,,Angleterre et la flotte Anglaise,Exports,vins d’espagne,,,240,,6,milliers,40,sources/Local/Archives_de_la_CCI_de_Marseille_I_22_Marseille_Exports_1764.csv,Archives de la CCI de Marseille - I 22,7,,,,,Teklia-Jules Oudot,,,0,,,,,,,,,
251,Local,1742,Marseille,,Angleterre et la flotte Anglaise,Exports,vin rouge,,,12096,1,1728,milliers,7,sources/Local/Archives_de_la_CCI_de_Marseille_I_22_Marseille_Exports_1764.csv,Archives de la CCI de Marseille - I 22,7,,,,,Teklia-Jules Oudot,,,0,,,,,,,,,
252,Local,1742,Marseille,,Angleterre et la flotte Anglaise,Exports,vin rouge,,,2,2,15,pots,0.1,sources/Local/Archives_de_la_CCI_de_Marseille_I_22_Marseille_Exports_1764.csv,Archives de la CCI de Marseille - I 22,7,,,,,Teklia-Jules Oudot,,,0.5,,,,,,,,,
253,Local,1742,Marseille,,Angleterre et la flotte Anglaise,Exports,vermichel,,,138,,693,livres,0.2,sources/Local/Archives_de_la_CCI_de_Marseille_I_22_Marseille_Exports_1764.csv,Archives de la CCI de Marseille - I 22,7,,,,,Teklia-Jules Oudot,,,-0.6,,,,,,,,,
254,Local,1742,Marseille,,Angleterre et la flotte Anglaise,Exports,vitrio de chypre,,,1940,,2587,livres,0.75,sources/Local/Archives_de_la_CCI_de_Marseille_I_22_Marseille_Exports_1764.csv,Archives de la CCI de Marseille - I 22,7,,,,,Teklia-Jules Oudot,,,-0.25,,,,,,,,,
255,Local,1742,Marseille,,Angleterre et la flotte Anglaise,Exports,verre de cristal,,,3600,,1800,livres,2,sources/Local/Archives_de_la_CCI_de_Marseille_I_22_Marseille_Exports_1764.csv,Archives de la CCI de Marseille - I 22,7,,,,,Teklia-Jules Oudot,,,0,,,,,,,,,
256,Local,1742,Marseille,,Angleterre et la flotte Anglaise,Exports,verres communs,,,500,,500,livres,1,sources/Local/Archives_de_la_CCI_de_Marseille_I_22_Marseille_Exports_1764.csv,Archives de la CCI de Marseille - I 22,7,,,,,Teklia-Jules Oudot,,,0,,,,,,,,,
257,Local,1742,Marseille,,Pour le nord,Exports,anchois,,,1475,,2950,livres,0.5,sources/Local/Archives_de_la_CCI_de_Marseille_I_22_Marseille_Exports_1764.csv,Archives de la CCI de Marseille - I 22,7,,,,,Teklia-Jules Oudot,,,0,,,,,,,,,
258,Local,1742,Marseille,,Pour le nord,Exports,amandes cassées,,,95297,,476485,livres,0.2,sources/Local/Archives_de_la_CCI_de_Marseille_I_22_Marseille_Exports_1764.csv,Archives de la CCI de Marseille - I 22,7,,,,,Teklia-Jules Oudot,,,0,,,,,,,,,
259,Local,1742,Marseille,,Pour le nord,Exports,acier,,,3345,,9558,livres,0.35,sources/Local/Archives_de_la_CCI_de_Marseille_I_22_Marseille_Exports_1764.csv,Archives de la CCI de Marseille - I 22,7,,,,,Teklia-Jules Oudot,,,-0.3,,,,,,,,,
260,Local,1742,Marseille,,Pour le nord,Exports,bas en bonnets de coton,,,500,,100,livres,5,sources/Local/Archives_de_la_CCI_de_Marseille_I_22_Marseille_Exports_1764.csv,Archives de la CCI de Marseille - I 22,7,,,,,Teklia-Jules Oudot,,,0,,,,,,,,,
261,Local,1742,Marseille,,Pour le nord,Exports,babouches,,,360,,30,douzaines,24,sources/Local/Archives_de_la_CCI_de_Marseille_I_22_Marseille_Exports_1764.csv,Archives de la CCI de Marseille - I 22,7,,,,,Teklia-Jules Oudot,,,-360,,,,,,,,,
262,Local,1742,Marseille,,Pour le nord,Exports,citrons,,,3840,,480,milliers,8,sources/Local/Archives_de_la_CCI_de_Marseille_I_22_Marseille_Exports_1764.csv,Archives de la CCI de Marseille - I 22,7,,,,,Teklia-Jules Oudot,,,0,,,,,,,,,
263,Local,1742,Marseille,,Pour le nord,Exports,capres,,,20581,,93550,livres,0.22,sources/Local/Archives_de_la_CCI_de_Marseille_I_22_Marseille_Exports_1764.csv,Archives de la CCI de Marseille - I 22,7,,,,,Teklia-Jules Oudot,,,0,,,,,,,,,
264,Local,1742,Marseille,,Pour le nord,Exports,confitures,,,474,,474,livres,1,sources/Local/Archives_de_la_CCI_de_Marseille_I_22_Marseille_Exports_1764.csv,Archives de la CCI de Marseille - I 22,7,,,,,Teklia-Jules Oudot,,,0,,,,,,,,,
265,Local,1742,Marseille,,Pour le nord,Exports,caffé du levan,,,2160,,1600,livres,1.35,sources/Local/Archives_de_la_CCI_de_Marseille_I_22_Marseille_Exports_1764.csv,Archives de la CCI de Marseille - I 22,7,,,,,Teklia-Jules Oudot,,,0,,,,,,,,,
266,Local,1742,Marseille,,Pour le nord,Exports,cavé de l’amerique,,,4515,,9030,livres,0.5,sources/Local/Archives_de_la_CCI_de_Marseille_I_22_Marseille_Exports_1764.csv,Archives de la CCI de Marseille - I 22,7,,,,,Teklia-Jules Oudot,,,0,,,,,,,,,
267,Local,1742,Marseille,,Pour le nord,Exports,cumin,,,33256,,195625,livres,0.17,sources/Local/Archives_de_la_CCI_de_Marseille_I_22_Marseille_Exports_1764.csv,Archives de la CCI de Marseille - I 22,7,,,,,Teklia-Jules Oudot,,,-0.25,,,,,,,,,
268,Local,1742,Marseille,,Pour le nord,Exports,creme de tartre,,,2150,,5375,livres,0.4,sources/Local/Archives_de_la_CCI_de_Marseille_I_22_Marseille_Exports_1764.csv,Archives de la CCI de Marseille - I 22,7,,,,,Teklia-Jules Oudot,,,0,,,,,,,,,
269,Local,1742,Marseille,,Pour le nord,Exports,corail ouvré,,,43200,,270,livres,160,sources/Local/Archives_de_la_CCI_de_Marseille_I_22_Marseille_Exports_1764.csv,Archives de la CCI de Marseille - I 22,7,,,,,Teklia-Jules Oudot,,,0,,,,,,,,,
270,Local,1742,Marseille,,Pour le nord,Exports,corail de jardin,,,257,,2575,livres,0.1,sources/Local/Archives_de_la_CCI_de_Marseille_I_22_Marseille_Exports_1764.csv,Archives de la CCI de Marseille - I 22,7,,,,,Teklia-Jules Oudot,,,-0.5,,,,,,,,,
271,Local,1742,Marseille,,Pour le nord,Exports,coton filé,,,12128,,11026,livres,1.1,sources/Local/Archives_de_la_CCI_de_Marseille_I_22_Marseille_Exports_1764.csv,Archives de la CCI de Marseille - I 22,7,,,,,Teklia-Jules Oudot,,,-0.6,,,,,,,,,
272,Local,1742,Marseille,,Pour le nord,Exports,coton en laine,,,47225,,94450,livres,0.5,sources/Local/Archives_de_la_CCI_de_Marseille_I_22_Marseille_Exports_1764.csv,Archives de la CCI de Marseille - I 22,7,,,,,Teklia-Jules Oudot,,,0,,,,,,,,,
273,Local,1742,Marseille,,Pour le nord,Exports,cendre de Levan,,,742,,8250,livres,0.09,sources/Local/Archives_de_la_CCI_de_Marseille_I_22_Marseille_Exports_1764.csv,Archives de la CCI de Marseille - I 22,7,,,,,Teklia-Jules Oudot,,,-0.5,,,,,,,,,
274,Local,1742,Marseille,,Pour le nord,Exports,Droguerie,,,300,,300,livres,1,sources/Local/Archives_de_la_CCI_de_Marseille_I_22_Marseille_Exports_1764.csv,Archives de la CCI de Marseille - I 22,7,,,,,Teklia-Jules Oudot,,,0,,,,,,,,,
275,Local,1742,Marseille,,Pour le nord,Exports,demittes,,,450,,150,pièces,3,sources/Local/Archives_de_la_CCI_de_Marseille_I_22_Marseille_Exports_1764.csv,Archives de la CCI de Marseille - I 22,7,,,,,Teklia-Jules Oudot,,,0,,,,,,,,,
276,Local,1742,Marseille,,Pour le nord,Exports,eau de vie,,,9235,,46178,livres,0.2,sources/Local/Archives_de_la_CCI_de_Marseille_I_22_Marseille_Exports_1764.csv,Archives de la CCI de Marseille - I 22,7,,,,,Teklia-Jules Oudot,,,-0.6,,,,,,,,,
277,Local,1742,Marseille,,Pour le nord,Exports,eau de la reine de hongrie,,,495,,660,livres,0.75,sources/Local/Archives_de_la_CCI_de_Marseille_I_22_Marseille_Exports_1764.csv,Archives de la CCI de Marseille - I 22,7,,,,,Teklia-Jules Oudot,,,0,,,,,,,,,
278,Local,1742,Marseille,,Pour le nord,Exports,essence,,,1492,,1492,livres,1,sources/Local/Archives_de_la_CCI_de_Marseille_I_22_Marseille_Exports_1764.csv,Archives de la CCI de Marseille - I 22,7,,,,,Teklia-Jules Oudot,,,0,,,,,,,,,
279,Local,1742,Marseille,,Pour le nord,Exports,encens,,,6952,,15450,livres,0.45,sources/Local/Archives_de_la_CCI_de_Marseille_I_22_Marseille_Exports_1764.csv,Archives de la CCI de Marseille - I 22,7,,,,,Teklia-Jules Oudot,,,-0.5,,,,,,,,,
280,Local,1742,Marseille,,Pour le nord,Exports,eponges,,,1946,,1946,livres,1,sources/Local/Archives_de_la_CCI_de_Marseille_I_22_Marseille_Exports_1764.csv,Archives de la CCI de Marseille - I 22,7,,,,,Teklia-Jules Oudot,,,0,,,,,,,,,
281,Local,1742,Marseille,,Pour le nord,Exports,fil de poil de chevre,,,9615,,3205,livres,3,sources/Local/Archives_de_la_CCI_de_Marseille_I_22_Marseille_Exports_1764.csv,Archives de la CCI de Marseille - I 22,7,,,,,Teklia-Jules Oudot,,,0,,,,,,,,,
282,Local,1742,Marseille,,Pour le nord,Exports,graine de jardin,,,5365,,4292,livres,1.25,sources/Local/Archives_de_la_CCI_de_Marseille_I_22_Marseille_Exports_1764.csv,Archives de la CCI de Marseille - I 22,7,,,,,Teklia-Jules Oudot,,,0,,,,,,,,,
283,Local,1742,Marseille,,Pour le nord,Exports,graine de béen,,,62,,225,livres,0.3,sources/Local/Archives_de_la_CCI_de_Marseille_I_22_Marseille_Exports_1764.csv,Archives de la CCI de Marseille - I 22,8,,,,,Teklia-Jules Oudot,,,-5.5,,,,,,,,,
284,Local,1742,Marseille,,Pour le nord,Exports,galle de Levan,,,15772,,35050,livres,0.45,sources/Local/Archives_de_la_CCI_de_Marseille_I_22_Marseille_Exports_1764.csv,Archives de la CCI de Marseille - I 22,8,,,,,Teklia-Jules Oudot,,,-0.5,,,,,,,,,
285,Local,1742,Marseille,,Pour le nord,Exports,Gomme adragan,,,712,,750,livres,0.95,sources/Local/Archives_de_la_CCI_de_Marseille_I_22_Marseille_Exports_1764.csv,Archives de la CCI de Marseille - I 22,8,,,,,Teklia-Jules Oudot,,,-0.5,,,,,,,,,
286,Local,1742,Marseille,,Pour le nord,Exports,gomme arabique,,,750,,2145,livres,0.35,sources/Local/Archives_de_la_CCI_de_Marseille_I_22_Marseille_Exports_1764.csv,Archives de la CCI de Marseille - I 22,8,,,,,Teklia-Jules Oudot,,,-0.75,,,,,,,,,
287,Local,1742,Marseille,,Pour le nord,Exports,gomme armoniac,,,550,,275,livres,2,sources/Local/Archives_de_la_CCI_de_Marseille_I_22_Marseille_Exports_1764.csv,Archives de la CCI de Marseille - I 22,8,,,,,Teklia-Jules Oudot,,,0,,,,,,,,,
288,Local,1742,Marseille,,Pour le nord,Exports,huile d’olive,,,6006,,143,milliers,42,sources/Local/Archives_de_la_CCI_de_Marseille_I_22_Marseille_Exports_1764.csv,Archives de la CCI de Marseille - I 22,8,,,,,Teklia-Jules Oudot,,,0,,,,,,,,,
289,Local,1742,Marseille,,Pour le nord,Exports,jus de réglisse,,,2730,,3640,livres,0.75,sources/Local/Archives_de_la_CCI_de_Marseille_I_22_Marseille_Exports_1764.csv,Archives de la CCI de Marseille - I 22,8,,,,,Teklia-Jules Oudot,,,0,,,,,,,,,
290,Local,1742,Marseille,,Pour le nord,Exports,jujubes,,,49,,995,livres,0.05,sources/Local/Archives_de_la_CCI_de_Marseille_I_22_Marseille_Exports_1764.csv,Archives de la CCI de Marseille - I 22,8,,,,,Teklia-Jules Oudot,,,-0.75,,,,,,,,,
291,Local,1742,Marseille,,Pour le nord,Exports,lignum a boire,,,1173,,1565,livres,0.75,sources/Local/Archives_de_la_CCI_de_Marseille_I_22_Marseille_Exports_1764.csv,Archives de la CCI de Marseille - I 22,8,,,,,Teklia-Jules Oudot,,,-0.75,,,,,,,,,
292,Local,1742,Marseille,,Pour le nord,Exports,laine de segovie,,,870,,580,livres,1.5,sources/Local/Archives_de_la_CCI_de_Marseille_I_22_Marseille_Exports_1764.csv,Archives de la CCI de Marseille - I 22,8,,,,,Teklia-Jules Oudot,,,0,,,,,,,,,
293,Local,1742,Marseille,,Pour le nord,Exports,mane de calabre,,,550,,440,livres,1.25,sources/Local/Archives_de_la_CCI_de_Marseille_I_22_Marseille_Exports_1764.csv,Archives de la CCI de Marseille - I 22,8,,,,,Teklia-Jules Oudot,,,0,,,,,,,,,
294,Local,1742,Marseille,,Pour le nord,Exports,mirabolans,,,30,,100,livres,0.3,sources/Local/Archives_de_la_CCI_de_Marseille_I_22_Marseille_Exports_1764.csv,Archives de la CCI de Marseille - I 22,8,,,,,Teklia-Jules Oudot,,,0,,,,,,,,,
295,Local,1742,Marseille,,Pour le nord,Exports,mhirre,,,980,,980,livres,1,sources/Local/Archives_de_la_CCI_de_Marseille_I_22_Marseille_Exports_1764.csv,Archives de la CCI de Marseille - I 22,8,,,,,Teklia-Jules Oudot,,,0,,,,,,,,,
296,Local,1742,Marseille,,Pour le nord,Exports,mastic,,,2625,,875,livres,3,sources/Local/Archives_de_la_CCI_de_Marseille_I_22_Marseille_Exports_1764.csv,Archives de la CCI de Marseille - I 22,8,,,,,Teklia-Jules Oudot,,,0,,,,,,,,,
297,Local,1742,Marseille,,Pour le nord,Exports,mercerie,,,2800,,800,livres,3.5,sources/Local/Archives_de_la_CCI_de_Marseille_I_22_Marseille_Exports_1764.csv,Archives de la CCI de Marseille - I 22,8,,,,,Teklia-Jules Oudot,,,0,,,,,,,,,
298,Local,1742,Marseille,,Pour le nord,Exports,oranges,,,840,,120,milliers,4,sources/Local/Archives_de_la_CCI_de_Marseille_I_22_Marseille_Exports_1764.csv,Archives de la CCI de Marseille - I 22,8,,,,,Teklia-Jules Oudot,,,360,,,,,,,,,
299,Local,1742,Marseille,,Pour le nord,Exports,olives,,,809,,5395,livres,0.15,sources/Local/Archives_de_la_CCI_de_Marseille_I_22_Marseille_Exports_1764.csv,Archives de la CCI de Marseille - I 22,8,,,,,Teklia-Jules Oudot,,,-0.25,,,,,,,,,
300,Local,1742,Marseille,,Pour le nord,Exports,oignons blancs,,,500,,2000,livres,0.25,sources/Local/Archives_de_la_CCI_de_Marseille_I_22_Marseille_Exports_1764.csv,Archives de la CCI de Marseille - I 22,8,,,,,Teklia-Jules Oudot,,,0,,,,,,,,,
301,Local,1742,Marseille,,Pour le nord,Exports,prunes,,,13549,,67745,livres,0.2,sources/Local/Archives_de_la_CCI_de_Marseille_I_22_Marseille_Exports_1764.csv,Archives de la CCI de Marseille - I 22,8,,,,,Teklia-Jules Oudot,,,0,,,,,,,,,
302,Local,1742,Marseille,,Pour le nord,Exports,pistaches,,,9000,,6000,livres,1.5,sources/Local/Archives_de_la_CCI_de_Marseille_I_22_Marseille_Exports_1764.csv,Archives de la CCI de Marseille - I 22,8,,,,,Teklia-Jules Oudot,,,0,,,,,,,,,
303,Local,1742,Marseille,,Pour le nord,Exports,poussière de tartre,,,822,,16450,livres,0.05,sources/Local/Archives_de_la_CCI_de_Marseille_I_22_Marseille_Exports_1764.csv,Archives de la CCI de Marseille - I 22,8,,,,,Teklia-Jules Oudot,,,-0.5,,,,,,,,,
304,Local,1742,Marseille,,Pour le nord,Exports,raisins secs,,,25115,,125578,livres,0.2,sources/Local/Archives_de_la_CCI_de_Marseille_I_22_Marseille_Exports_1764.csv,Archives de la CCI de Marseille - I 22,8,,,,,Teklia-Jules Oudot,,,-0.6,,,,,,,,,
305,Local,1742,Marseille,,Pour le nord,Exports,ris,,,27,,225,livres,0.12,sources/Local/Archives_de_la_CCI_de_Marseille_I_22_Marseille_Exports_1764.csv,Archives de la CCI de Marseille - I 22,8,,,,,Teklia-Jules Oudot,,,0,,,,,,,,,
306,Local,1742,Marseille,,Pour le nord,Exports,rocou,,,60,,100,livres,0.6,sources/Local/Archives_de_la_CCI_de_Marseille_I_22_Marseille_Exports_1764.csv,Archives de la CCI de Marseille - I 22,8,,,,,Teklia-Jules Oudot,,,0,,,,,,,,,
307,Local,1742,Marseille,,Pour le nord,Exports,sucre blanc,,,72895,,202375,livres,0.36,sources/Local/Archives_de_la_CCI_de_Marseille_I_22_Marseille_Exports_1764.csv,Archives de la CCI de Marseille - I 22,8,,,,,Teklia-Jules Oudot,,,40,,,,,,,,,
308,Local,1742,Marseille,,Pour le nord,Exports,saffran,,,14520,,726,livres,20,sources/Local/Archives_de_la_CCI_de_Marseille_I_22_Marseille_Exports_1764.csv,Archives de la CCI de Marseille - I 22,8,,,,,Teklia-Jules Oudot,,,0,,,,,,,,,
309,Local,1742,Marseille,,Pour le nord,Exports,sirop de capitaine,,,350,,350,livres,1,sources/Local/Archives_de_la_CCI_de_Marseille_I_22_Marseille_Exports_1764.csv,Archives de la CCI de Marseille - I 22,8,,,,,Teklia-Jules Oudot,,,0,,,,,,,,,
310,Local,1742,Marseille,,Pour le nord,Exports,sel armoniac,,,3528,,5041,livres,0.7,sources/Local/Archives_de_la_CCI_de_Marseille_I_22_Marseille_Exports_1764.csv,Archives de la CCI de Marseille - I 22,8,,,,,Teklia-Jules Oudot,,,-0.7,,,,,,,,,
311,Local,1742,Marseille,,Pour le nord,Exports,sené,,,712,,475,livres,1.5,sources/Local/Archives_de_la_CCI_de_Marseille_I_22_Marseille_Exports_1764.csv,Archives de la CCI de Marseille - I 22,8,,,,,Teklia-Jules Oudot,,,-0.5,,,,,,,,,
312,Local,1742,Marseille,,Pour le nord,Exports,Socreton ,,,1225,,980,livres,1.25,sources/Local/Archives_de_la_CCI_de_Marseille_I_22_Marseille_Exports_1764.csv,Archives de la CCI de Marseille - I 22,8,,,,,Teklia-Jules Oudot,,,0,,,,,,,,,
313,Local,1742,Marseille,,Pour le nord,Exports,salsepareille,,,200,,100,livres,2,sources/Local/Archives_de_la_CCI_de_Marseille_I_22_Marseille_Exports_1764.csv,Archives de la CCI de Marseille - I 22,8,,,,,Teklia-Jules Oudot,,,0,,,,,,,,,
314,Local,1742,Marseille,,Pour le nord,Exports,saffranum,,,4390,,6755,livres,0.65,sources/Local/Archives_de_la_CCI_de_Marseille_I_22_Marseille_Exports_1764.csv,Archives de la CCI de Marseille - I 22,8,,,,,Teklia-Jules Oudot,,,-0.75,,,,,,,,,
315,Local,1742,Marseille,,Pour le nord,Exports,savon madré,,,24066,,100275,livres,0.24,sources/Local/Archives_de_la_CCI_de_Marseille_I_22_Marseille_Exports_1764.csv,Archives de la CCI de Marseille - I 22,8,,,,,Teklia-Jules Oudot,,,0,,,,,,,,,
316,Local,1742,Marseille,,Pour le nord,Exports,soye ouvrée,,,65840,,3292,livres,20,sources/Local/Archives_de_la_CCI_de_Marseille_I_22_Marseille_Exports_1764.csv,Archives de la CCI de Marseille - I 22,8,,,,,Teklia-Jules Oudot,,,0,,,,,,,,,
317,Local,1742,Marseille,,Pour le nord,Exports,truffes seches,,,1400,,350,livres,4,sources/Local/Archives_de_la_CCI_de_Marseille_I_22_Marseille_Exports_1764.csv,Archives de la CCI de Marseille - I 22,8,,,,,Teklia-Jules Oudot,,,0,,,,,,,,,
318,Local,1743,Marseille,,Pour le nord,Exports,Thé,,,4600,,920,livres,5,sources/Local/Archives_de_la_CCI_de_Marseille_I_22_Marseille_Exports_1764.csv,Archives de la CCI de Marseille - I 22,8,,,,,Teklia-Jules Oudot,,,0,,,,,,,,,
319,Local,1744,Marseille,,Pour le nord,Exports,tasses,,,7758,,32325,livres,0.24,sources/Local/Archives_de_la_CCI_de_Marseille_I_22_Marseille_Exports_1764.csv,Archives de la CCI de Marseille - I 22,8,,,,,Teklia-Jules Oudot,,,0,,,,,,,,,
320,Local,1745,Marseille,,Pour le nord,Exports,toille pignée,,,800,,80,livres,10,sources/Local/Archives_de_la_CCI_de_Marseille_I_22_Marseille_Exports_1764.csv,Archives de la CCI de Marseille - I 22,8,,,,,Teklia-Jules Oudot,,,0,,,,,,,,,
321,Local,1746,Marseille,,Pour le nord,Exports,terre d’ombre,,,1340,,26800,livres,0.05,sources/Local/Archives_de_la_CCI_de_Marseille_I_22_Marseille_Exports_1764.csv,Archives de la CCI de Marseille - I 22,8,,,,,Teklia-Jules Oudot,,,0,,,,,,,,,
322,Local,1747,Marseille,,Pour le nord,Exports,vin muscat,,,105,,3,milliers,35,sources/Local/Archives_de_la_CCI_de_Marseille_I_22_Marseille_Exports_1764.csv,Archives de la CCI de Marseille - I 22,8,,,,,Teklia-Jules Oudot,,,0,,,,,,,,,
323,Local,1748,Marseille,,Pour le nord,Exports,vin rouge,,,1498,,214,milliers,7,sources/Local/Archives_de_la_CCI_de_Marseille_I_22_Marseille_Exports_1764.csv,Archives de la CCI de Marseille - I 22,8,,,,,Teklia-Jules Oudot,,,0,,,,,,,,,
324,Local,1749,Marseille,,Pour le nord,Exports,vin blanc,,,140,,7,milliers,20,sources/Local/Archives_de_la_CCI_de_Marseille_I_22_Marseille_Exports_1764.csv,Archives de la CCI de Marseille - I 22,8,,,,,Teklia-Jules Oudot,,,0,,,,,,,,,
325,Local,1750,Marseille,,Pour le nord,Exports,verdet,,,16432,,20540,livres,0.8,sources/Local/Archives_de_la_CCI_de_Marseille_I_22_Marseille_Exports_1764.csv,Archives de la CCI de Marseille - I 22,8,,,,,Teklia-Jules Oudot,,,0,,,,,,,,,
326,Local,1742,Marseille,,Espagne,Exports,anchois,,,3090,,6180,livres,0.5,sources/Local/Archives_de_la_CCI_de_Marseille_I_22_Marseille_Exports_1764.csv,Archives de la CCI de Marseille - I 22,8,,,,,Teklia-Jules Oudot,,,0,,,,,,,,,
327,Local,1742,Marseille,,Espagne,Exports,amandes,,,1962,,9810,livres,0.2,sources/Local/Archives_de_la_CCI_de_Marseille_I_22_Marseille_Exports_1764.csv,Archives de la CCI de Marseille - I 22,8,,,,,Teklia-Jules Oudot,,,0,,,,,,,,,
328,Local,1742,Marseille,,Espagne,Exports,arcenic,,,133,,445,livres,0.3,sources/Local/Archives_de_la_CCI_de_Marseille_I_22_Marseille_Exports_1764.csv,Archives de la CCI de Marseille - I 22,9,,,,,Teklia-Jules Oudot,,,-0.5,,,,,,,,,
329,Local,1742,Marseille,,Espagne,Exports,amidon,,,1214,,6071,livres,0.2,sources/Local/Archives_de_la_CCI_de_Marseille_I_22_Marseille_Exports_1764.csv,Archives de la CCI de Marseille - I 22,9,,,,,Teklia-Jules Oudot,,,-0.2,,,,,,,,,
330,Local,1742,Marseille,,Espagne,Exports,azur commun,,,6548,,10914,livres,0.6,sources/Local/Archives_de_la_CCI_de_Marseille_I_22_Marseille_Exports_1764.csv,Archives de la CCI de Marseille - I 22,9,,,,,Teklia-Jules Oudot,,,-0.4,,,,,,,,,
331,Local,1742,Marseille,,Espagne,Exports,alun,,,8323,,59450,livres,0.14,sources/Local/Archives_de_la_CCI_de_Marseille_I_22_Marseille_Exports_1764.csv,Archives de la CCI de Marseille - I 22,9,,,,,Teklia-Jules Oudot,,,0,,,,,,,,,
332,Local,1742,Marseille,,Espagne,Exports,amadou,,,280,,350,livres,0.8,sources/Local/Archives_de_la_CCI_de_Marseille_I_22_Marseille_Exports_1764.csv,Archives de la CCI de Marseille - I 22,9,,,,,Teklia-Jules Oudot,,,0,,,,,,,,,
333,Local,1742,Marseille,,Espagne,Exports,alumettes,,,20,,200,livres,0.1,sources/Local/Archives_de_la_CCI_de_Marseille_I_22_Marseille_Exports_1764.csv,Archives de la CCI de Marseille - I 22,9,,,,,Teklia-Jules Oudot,,,0,,,,,,,,,
334,Local,1742,Marseille,,Espagne,Exports,acier,,,13263,,37895,livres,0.35,sources/Local/Archives_de_la_CCI_de_Marseille_I_22_Marseille_Exports_1764.csv,Archives de la CCI de Marseille - I 22,9,,,,,Teklia-Jules Oudot,,,-0.25,,,,,,,,,
335,Local,1742,Marseille,,Espagne,Exports,ajamis,,,138186,,46062,pièces,3,sources/Local/Archives_de_la_CCI_de_Marseille_I_22_Marseille_Exports_1764.csv,Archives de la CCI de Marseille - I 22,9,,,,,Teklia-Jules Oudot,,,0,,,,,,,,,
336,Local,1742,Marseille,,Espagne,Exports,allaya,,,3000,,1000,pièces,3,sources/Local/Archives_de_la_CCI_de_Marseille_I_22_Marseille_Exports_1764.csv,Archives de la CCI de Marseille - I 22,9,,,,,Teklia-Jules Oudot,,,0,,,,,,,,,
337,Local,1742,Marseille,,Espagne,Exports,arquifou,,,1503,,10025,livres,0.15,sources/Local/Archives_de_la_CCI_de_Marseille_I_22_Marseille_Exports_1764.csv,Archives de la CCI de Marseille - I 22,9,,,,,Teklia-Jules Oudot,,,-0.75,,,,,,,,,
338,Local,1742,Marseille,,Espagne,Exports,avirons,,,400,,50,pièces,8,sources/Local/Archives_de_la_CCI_de_Marseille_I_22_Marseille_Exports_1764.csv,Archives de la CCI de Marseille - I 22,9,,,,,Teklia-Jules Oudot,,,0,,,,,,,,,
339,Local,1742,Marseille,,Espagne,Exports,bled fromen,,,4482,,249,charges,18,sources/Local/Archives_de_la_CCI_de_Marseille_I_22_Marseille_Exports_1764.csv,Archives de la CCI de Marseille - I 22,9,,,,,Teklia-Jules Oudot,,,0,,,,,,,,,
340,Local,1742,Marseille,,Espagne,Exports,basins,,,1442,,5768,livres,0.25,sources/Local/Archives_de_la_CCI_de_Marseille_I_22_Marseille_Exports_1764.csv,Archives de la CCI de Marseille - I 22,9,,,,,Teklia-Jules Oudot,,,0,,,,,,,,,
341,Local,1742,Marseille,,Espagne,Exports,bedelium,,,2062,,2062,livres,1,sources/Local/Archives_de_la_CCI_de_Marseille_I_22_Marseille_Exports_1764.csv,Archives de la CCI de Marseille - I 22,9,,,,,Teklia-Jules Oudot,,,0,,,,,,,,,
342,Local,1742,Marseille,,Espagne,Exports,beaume du levan,,,184,,46,livres,4,sources/Local/Archives_de_la_CCI_de_Marseille_I_22_Marseille_Exports_1764.csv,Archives de la CCI de Marseille - I 22,9,,,,,Teklia-Jules Oudot,,,0,,,,,,,,,
343,Local,1742,Marseille,,Espagne,Exports,boucassin,,,90,,30,pièces,3,sources/Local/Archives_de_la_CCI_de_Marseille_I_22_Marseille_Exports_1764.csv,Archives de la CCI de Marseille - I 22,9,,,,,Teklia-Jules Oudot,,,0,,,,,,,,,
344,Local,1742,Marseille,,Espagne,Exports,bours fil et coton,,,17040,,2230,pièces,8,sources/Local/Archives_de_la_CCI_de_Marseille_I_22_Marseille_Exports_1764.csv,Archives de la CCI de Marseille - I 22,9,,,,,Teklia-Jules Oudot,,,-800,,,,,,,,,
345,Local,1742,Marseille,,Espagne,Exports,batanois,,,8137,,3255,pièces,2.5,sources/Local/Archives_de_la_CCI_de_Marseille_I_22_Marseille_Exports_1764.csv,Archives de la CCI de Marseille - I 22,9,,,,,Teklia-Jules Oudot,,,-0.5,,,,,,,,,
346,Local,1742,Marseille,,Espagne,Exports,bas de soye,,,500880,,12522,livres,40,sources/Local/Archives_de_la_CCI_de_Marseille_I_22_Marseille_Exports_1764.csv,Archives de la CCI de Marseille - I 22,9,,,,,Teklia-Jules Oudot,,,0,,,,,,,,,
347,Local,1742,Marseille,,Espagne,Exports,bas de filoselle,,,81210,,5414,livres,15,sources/Local/Archives_de_la_CCI_de_Marseille_I_22_Marseille_Exports_1764.csv,Archives de la CCI de Marseille - I 22,9,,,,,Teklia-Jules Oudot,,,0,,,,,,,,,
348,Local,1742,Marseille,,Espagne,Exports,bas d’Estame,,,17900,,1790,livres,10,sources/Local/Archives_de_la_CCI_de_Marseille_I_22_Marseille_Exports_1764.csv,Archives de la CCI de Marseille - I 22,9,,,,,Teklia-Jules Oudot,,,0,,,,,,,,,
349,Local,1742,Marseille,,Espagne,Exports,bas de castor,,,3600,,360,livres,10,sources/Local/Archives_de_la_CCI_de_Marseille_I_22_Marseille_Exports_1764.csv,Archives de la CCI de Marseille - I 22,9,,,,,Teklia-Jules Oudot,,,0,,,,,,,,,
350,Local,1742,Marseille,,Espagne,Exports,bas de laine,,,320784,,53464,livres,6,sources/Local/Archives_de_la_CCI_de_Marseille_I_22_Marseille_Exports_1764.csv,Archives de la CCI de Marseille - I 22,9,,,,,Teklia-Jules Oudot,,,0,,,,,,,,,
351,Local,1742,Marseille,,Espagne,Exports,bonnets de laine,,,9588,,799,douzaines,12,sources/Local/Archives_de_la_CCI_de_Marseille_I_22_Marseille_Exports_1764.csv,Archives de la CCI de Marseille - I 22,9,,,,,Teklia-Jules Oudot,,,0,,,,,,,,,
352,Local,1742,Marseille,,Espagne,Exports,bas en bonnets de coton,,,22725,,4545,livres,5,sources/Local/Archives_de_la_CCI_de_Marseille_I_22_Marseille_Exports_1764.csv,Archives de la CCI de Marseille - I 22,9,,,,,Teklia-Jules Oudot,,,0,,,,,,,,,
353,Local,1742,Marseille,,Espagne,Exports,bas de coton,,,468,,13,douzaines,36,sources/Local/Archives_de_la_CCI_de_Marseille_I_22_Marseille_Exports_1764.csv,Archives de la CCI de Marseille - I 22,9,,,,,Teklia-Jules Oudot,,,0,,,,,,,,,
354,Local,1742,Marseille,,Espagne,Exports,bas de fil,,,1250,,250,livres,5,sources/Local/Archives_de_la_CCI_de_Marseille_I_22_Marseille_Exports_1764.csv,Archives de la CCI de Marseille - I 22,9,,,,,Teklia-Jules Oudot,,,0,,,,,,,,,
355,Local,1742,Marseille,,Espagne,Exports,bourres a cheveux,,,4680,,130,douzaines,36,sources/Local/Archives_de_la_CCI_de_Marseille_I_22_Marseille_Exports_1764.csv,Archives de la CCI de Marseille - I 22,9,,,,,Teklia-Jules Oudot,,,0,,,,,,,,,
356,Local,1742,Marseille,,Espagne,Exports,Bijouterie,,,4000,,4000,livres,,sources/Local/Archives_de_la_CCI_de_Marseille_I_22_Marseille_Exports_1764.csv,Archives de la CCI de Marseille - I 22,9,,,,,Teklia-Jules Oudot,,,4000,,,,,,,,,
357,Local,1742,Marseille,,Espagne,Exports,balaine coupée,,,5500,,1100,livres,5,sources/Local/Archives_de_la_CCI_de_Marseille_I_22_Marseille_Exports_1764.csv,Archives de la CCI de Marseille - I 22,9,,,,,Teklia-Jules Oudot,,,0,,,,,,,,,
358,Local,1742,Marseille,,Espagne,Exports,Bois de sandal moulu,,,288,,1200,livres,0.24,sources/Local/Archives_de_la_CCI_de_Marseille_I_22_Marseille_Exports_1764.csv,Archives de la CCI de Marseille - I 22,9,,,,,Teklia-Jules Oudot,,,0,,,,,,,,,
359,Local,1742,Marseille,,Espagne,Exports,bois de gayac,,,150,,250,livres,0.6,sources/Local/Archives_de_la_CCI_de_Marseille_I_22_Marseille_Exports_1764.csv,Archives de la CCI de Marseille - I 22,9,,,,,Teklia-Jules Oudot,,,0,,,,,,,,,
360,Local,1742,Marseille,,Espagne,Exports,bois de bresil,,,3028,,12113,livres,0.25,sources/Local/Archives_de_la_CCI_de_Marseille_I_22_Marseille_Exports_1764.csv,Archives de la CCI de Marseille - I 22,9,,,,,Teklia-Jules Oudot,,,-0.25,,,,,,,,,
361,Local,1742,Marseille,,Espagne,Exports,bois de fustel,,,638,,12775,livres,0.05,sources/Local/Archives_de_la_CCI_de_Marseille_I_22_Marseille_Exports_1764.csv,Archives de la CCI de Marseille - I 22,9,,,,,Teklia-Jules Oudot,,,-0.75,,,,,,,,,
362,Local,1742,Marseille,,Espagne,Exports,bois de campeche,,,1240,,7750,livres,0.16,sources/Local/Archives_de_la_CCI_de_Marseille_I_22_Marseille_Exports_1764.csv,Archives de la CCI de Marseille - I 22,9,,,,,Teklia-Jules Oudot,,,0,,,,,,,,,
363,Local,1742,Marseille,,Espagne,Exports,citrons,,,391,,23,milliers,17,sources/Local/Archives_de_la_CCI_de_Marseille_I_22_Marseille_Exports_1764.csv,Archives de la CCI de Marseille - I 22,9,,,,,Teklia-Jules Oudot,,,0,,,,,,,,,
364,Local,1742,Marseille,,Espagne,Exports,congres secs,,,3250,,13000,livres,0.25,sources/Local/Archives_de_la_CCI_de_Marseille_I_22_Marseille_Exports_1764.csv,Archives de la CCI de Marseille - I 22,9,,,,,Teklia-Jules Oudot,,,0,,,,,,,,,
365,Local,1742,Marseille,,Espagne,Exports,confitures,,,51012,,51012,livres,1,sources/Local/Archives_de_la_CCI_de_Marseille_I_22_Marseille_Exports_1764.csv,Archives de la CCI de Marseille - I 22,9,,,,,Teklia-Jules Oudot,,,0,,,,,,,,,
366,Local,1742,Marseille,,Espagne,Exports,capres,,,88,,400,livres,0.22,sources/Local/Archives_de_la_CCI_de_Marseille_I_22_Marseille_Exports_1764.csv,Archives de la CCI de Marseille - I 22,9,,,,,Teklia-Jules Oudot,,,0,,,,,,,,,
367,Local,1742,Marseille,,Espagne,Exports,caffé de l’amérique,,,47262,,94524,livres,0.5,sources/Local/Archives_de_la_CCI_de_Marseille_I_22_Marseille_Exports_1764.csv,Archives de la CCI de Marseille - I 22,9,,,,,Teklia-Jules Oudot,,,0,,,,,,,,,
368,Local,1742,Marseille,,Espagne,Exports,cacao,,,106969,,76407,livres,1.4,sources/Local/Archives_de_la_CCI_de_Marseille_I_22_Marseille_Exports_1764.csv,Archives de la CCI de Marseille - I 22,9,,,,,Teklia-Jules Oudot,,,-0.8,,,,,,,,,
369,Local,1742,Marseille,,Espagne,Exports,cumin,,,369,,2175,livres,0.15,sources/Local/Archives_de_la_CCI_de_Marseille_I_22_Marseille_Exports_1764.csv,Archives de la CCI de Marseille - I 22,9,,,,,Teklia-Jules Oudot,,,42.75,,,,,,,,,
370,Local,1742,Marseille,,Espagne,Exports,Collequinte,,,304,,203,livres,1.5,sources/Local/Archives_de_la_CCI_de_Marseille_I_22_Marseille_Exports_1764.csv,Archives de la CCI de Marseille - I 22,9,,,,,Teklia-Jules Oudot,,,-0.5,,,,,,,,,
371,Local,1742,Marseille,,Espagne,Exports,canefice,,,72,,300,livres,0.24,sources/Local/Archives_de_la_CCI_de_Marseille_I_22_Marseille_Exports_1764.csv,Archives de la CCI de Marseille - I 22,9,,,,,Teklia-Jules Oudot,,,0,,,,,,,,,
372,Local,1742,Marseille,,Espagne,Exports,caisses vides,,,39,,197,livres,0.2,sources/Local/Archives_de_la_CCI_de_Marseille_I_22_Marseille_Exports_1764.csv,Archives de la CCI de Marseille - I 22,9,,,,,Teklia-Jules Oudot,,,-0.4,,,,,,,,,
373,Local,1742,Marseille,,Espagne,Exports,ceruze,,,483,,2410,livres,0.2,sources/Local/Archives_de_la_CCI_de_Marseille_I_22_Marseille_Exports_1764.csv,Archives de la CCI de Marseille - I 22,9,,,,,Teklia-Jules Oudot,,,1,,,,,,,,,
374,Local,1742,Marseille,,Espagne,Exports,canelle,,,56049,,8623,livres,6.5,sources/Local/Archives_de_la_CCI_de_Marseille_I_22_Marseille_Exports_1764.csv,Archives de la CCI de Marseille - I 22,10,,,,,Teklia-Jules Oudot,,,-0.5,,,,,,,,,
375,Local,1742,Marseille,,Espagne,Exports,cochenille mestèque,,,1440,,80,livres,18,sources/Local/Archives_de_la_CCI_de_Marseille_I_22_Marseille_Exports_1764.csv,Archives de la CCI de Marseille - I 22,10,,,,,Teklia-Jules Oudot,,,0,,,,,,,,,
376,Local,1742,Marseille,,Espagne,Exports,caperose blanche,,,472,,6750,livres,0.07,sources/Local/Archives_de_la_CCI_de_Marseille_I_22_Marseille_Exports_1764.csv,Archives de la CCI de Marseille - I 22,10,,,,,Teklia-Jules Oudot,,,-0.5,,,,,,,,,
377,Local,1742,Marseille,,Espagne,Exports,couperose verte,,,2864,,31825,livres,0.09,sources/Local/Archives_de_la_CCI_de_Marseille_I_22_Marseille_Exports_1764.csv,Archives de la CCI de Marseille - I 22,10,,,,,Teklia-Jules Oudot,,,-0.25,,,,,,,,,
378,Local,1742,Marseille,,Espagne,Exports,cire blanche,,,88525,,59017,livres,1.5,sources/Local/Archives_de_la_CCI_de_Marseille_I_22_Marseille_Exports_1764.csv,Archives de la CCI de Marseille - I 22,10,,,,,Teklia-Jules Oudot,,,-0.5,,,,,,,,,
379,Local,1742,Marseille,,Espagne,Exports,cire jaune,,,29307,,24423,livres,1.2,sources/Local/Archives_de_la_CCI_de_Marseille_I_22_Marseille_Exports_1764.csv,Archives de la CCI de Marseille - I 22,10,,,,,Teklia-Jules Oudot,,,-0.6,,,,,,,,,
380,Local,1742,Marseille,,Espagne,Exports,chandelle,,,1340,,2979,livres,0.45,sources/Local/Archives_de_la_CCI_de_Marseille_I_22_Marseille_Exports_1764.csv,Archives de la CCI de Marseille - I 22,10,,,,,Teklia-Jules Oudot,,,-0.55,,,,,,,,,
381,Local,1742,Marseille,,Espagne,Exports,crème de tartre,,,358,,1025,livres,0.35,sources/Local/Archives_de_la_CCI_de_Marseille_I_22_Marseille_Exports_1764.csv,Archives de la CCI de Marseille - I 22,10,,,,,Teklia-Jules Oudot,,,-0.75,,,,,,,,,
382,Local,1742,Marseille,,Espagne,Exports,cole forte,,,544,,1362,livres,0.4,sources/Local/Archives_de_la_CCI_de_Marseille_I_22_Marseille_Exports_1764.csv,Archives de la CCI de Marseille - I 22,10,,,,,Teklia-Jules Oudot,,,-0.8,,,,,,,,,
383,Local,1742,Marseille,,Espagne,Exports,corail ouvré,,,420,,42,livres,10,sources/Local/Archives_de_la_CCI_de_Marseille_I_22_Marseille_Exports_1764.csv,Archives de la CCI de Marseille - I 22,10,,,,,Teklia-Jules Oudot,,,0,,,,,,,,,
384,Local,1742,Marseille,,Espagne,Exports,cheveux,,,8130,,271,livres,30,sources/Local/Archives_de_la_CCI_de_Marseille_I_22_Marseille_Exports_1764.csv,Archives de la CCI de Marseille - I 22,10,,,,,Teklia-Jules Oudot,,,0,,,,,,,,,
385,Local,1742,Marseille,,Espagne,Exports,crin,,,1074,,1790,livres,0.6,sources/Local/Archives_de_la_CCI_de_Marseille_I_22_Marseille_Exports_1764.csv,Archives de la CCI de Marseille - I 22,10,,,,,Teklia-Jules Oudot,,,0,,,,,,,,,
386,Local,1742,Marseille,,Espagne,Exports,cordage de chanvre,,,567,,1892,livres,0.3,sources/Local/Archives_de_la_CCI_de_Marseille_I_22_Marseille_Exports_1764.csv,Archives de la CCI de Marseille - I 22,10,,,,,Teklia-Jules Oudot,,,-0.6,,,,,,,,,
387,Local,1742,Marseille,,Espagne,Exports,coton filé,,,122659,,111509,livres,1.1,sources/Local/Archives_de_la_CCI_de_Marseille_I_22_Marseille_Exports_1764.csv,Archives de la CCI de Marseille - I 22,10,,,,,Teklia-Jules Oudot,,,-0.9,,,,,,,,,
388,Local,1742,Marseille,,Espagne,Exports,coton en laine,,,28613,,57227,livres,0.5,sources/Local/Archives_de_la_CCI_de_Marseille_I_22_Marseille_Exports_1764.csv,Archives de la CCI de Marseille - I 22,10,,,,,Teklia-Jules Oudot,,,-0.5,,,,,,,,,
389,Local,1742,Marseille,,Espagne,Exports,coton souffré,,,225,,300,livres,0.75,sources/Local/Archives_de_la_CCI_de_Marseille_I_22_Marseille_Exports_1764.csv,Archives de la CCI de Marseille - I 22,10,,,,,Teklia-Jules Oudot,,,0,,,,,,,,,
390,Local,1742,Marseille,,Espagne,Exports,??????,,,38500,,550,pieces,70,sources/Local/Archives_de_la_CCI_de_Marseille_I_22_Marseille_Exports_1764.csv,Archives de la CCI de Marseille - I 22,10,,,,,Teklia-Jules Oudot,,,0,,,,,,,,,
391,Local,1742,Marseille,,Espagne,Exports,Couverture de laine,,,588,,49,livres,12,sources/Local/Archives_de_la_CCI_de_Marseille_I_22_Marseille_Exports_1764.csv,Archives de la CCI de Marseille - I 22,10,,,,,Teklia-Jules Oudot,,,0,,,,,,,,,
392,Local,1742,Marseille,,Espagne,Exports,chapeaux poil et laine,,,120276,1,3341,douzaines,36,sources/Local/Archives_de_la_CCI_de_Marseille_I_22_Marseille_Exports_1764.csv,Archives de la CCI de Marseille - I 22,10,,,,,Teklia-Jules Oudot,,,0,,,,,,,,,
393,Local,1742,Marseille,,Espagne,Exports,chapeaux poil et laine,,,373,2,373,livres,1,sources/Local/Archives_de_la_CCI_de_Marseille_I_22_Marseille_Exports_1764.csv,Archives de la CCI de Marseille - I 22,10,,,,,Teklia-Jules Oudot,,,0,,,,,,,,,
394,Local,1742,Marseille,,Espagne,Exports,carte a jouer,,,24426,,1357.33,grosses,18,sources/Local/Archives_de_la_CCI_de_Marseille_I_22_Marseille_Exports_1764.csv,Archives de la CCI de Marseille - I 22,10,,,,,Teklia-Jules Oudot,,,-5.94,,,,,,,,,
395,Local,1742,Marseille,,Espagne,Exports,cuir tanné de bœuf,,,75031,,125052,livres,0.6,sources/Local/Archives_de_la_CCI_de_Marseille_I_22_Marseille_Exports_1764.csv,Archives de la CCI de Marseille - I 22,10,,,,,Teklia-Jules Oudot,,,-0.2,,,,,,,,,
396,Local,1742,Marseille,,Espagne,Exports,cuir de bœuf en poil,,,77616,1,4312,pièces,18,sources/Local/Archives_de_la_CCI_de_Marseille_I_22_Marseille_Exports_1764.csv,Archives de la CCI de Marseille - I 22,10,,,,,Teklia-Jules Oudot,,,0,,,,,,,,,
397,Local,1742,Marseille,,Espagne,Exports,,,,37960,2,94900,livres,0.4,sources/Local/Archives_de_la_CCI_de_Marseille_I_22_Marseille_Exports_1764.csv,Archives de la CCI de Marseille - I 22,10,,,,,Teklia-Jules Oudot,,,0,,,,,,,,,
398,Local,1742,Marseille,,Espagne,Exports,cristal,,,7900,,3950,livres,2,sources/Local/Archives_de_la_CCI_de_Marseille_I_22_Marseille_Exports_1764.csv,Archives de la CCI de Marseille - I 22,10,,,,,Teklia-Jules Oudot,,,0,,,,,,,,,
399,Local,1742,Marseille,,Espagne,Exports,cuivre ouvré,,,4443,,2962,livres,1.5,sources/Local/Archives_de_la_CCI_de_Marseille_I_22_Marseille_Exports_1764.csv,Archives de la CCI de Marseille - I 22,10,,,,,Teklia-Jules Oudot,,,0,,,,,,,,,
400,Local,1742,Marseille,,Espagne,Exports,cuivre tangoul,,,16974,,18860,livres,0.9,sources/Local/Archives_de_la_CCI_de_Marseille_I_22_Marseille_Exports_1764.csv,Archives de la CCI de Marseille - I 22,10,,,,,Teklia-Jules Oudot,,,0,,,,,,,,,
401,Local,1742,Marseille,,Espagne,Exports,couteaux communs,,,4250,,2125,livres,2,sources/Local/Archives_de_la_CCI_de_Marseille_I_22_Marseille_Exports_1764.csv,Archives de la CCI de Marseille - I 22,10,,,,,Teklia-Jules Oudot,,,0,,,,,,,,,
402,Local,1742,Marseille,,Espagne,Exports,cordes a carder,,,202,,225,livres,0.9,sources/Local/Archives_de_la_CCI_de_Marseille_I_22_Marseille_Exports_1764.csv,Archives de la CCI de Marseille - I 22,10,,,,,Teklia-Jules Oudot,,,-0.5,,,,,,,,,
403,Local,1742,Marseille,,Espagne,Exports,cloux de fer,,,11162,,55812,livres,0.2,sources/Local/Archives_de_la_CCI_de_Marseille_I_22_Marseille_Exports_1764.csv,Archives de la CCI de Marseille - I 22,10,,,,,Teklia-Jules Oudot,,,-0.4,,,,,,,,,
404,Local,1742,Marseille,,Espagne,Exports,cercles de fer,,,7560,,42000,livres,0.18,sources/Local/Archives_de_la_CCI_de_Marseille_I_22_Marseille_Exports_1764.csv,Archives de la CCI de Marseille - I 22,10,,,,,Teklia-Jules Oudot,,,0,,,,,,,,,
405,Local,1742,Marseille,,Espagne,Exports,craze blanche,,,6000,,6000,livres,1,sources/Local/Archives_de_la_CCI_de_Marseille_I_22_Marseille_Exports_1764.csv,Archives de la CCI de Marseille - I 22,10,,,,,Teklia-Jules Oudot,,,0,,,,,,,,,
406,Local,1742,Marseille,,Espagne,Exports,cendre de plomb,,,900,,900,livres,1,sources/Local/Archives_de_la_CCI_de_Marseille_I_22_Marseille_Exports_1764.csv,Archives de la CCI de Marseille - I 22,10,,,,,Teklia-Jules Oudot,,,0,,,,,,,,,
407,Local,1742,Marseille,,Espagne,Exports,cercles de bois,,,2062,,165,milliers,25,sources/Local/Archives_de_la_CCI_de_Marseille_I_22_Marseille_Exports_1764.csv,Archives de la CCI de Marseille - I 22,10,,,,,Teklia-Jules Oudot,,,-2063,,,,,,,,,
408,Local,1742,Marseille,,Espagne,Exports,carreaux de briques,,,416,,16650,pièces,25,sources/Local/Archives_de_la_CCI_de_Marseille_I_22_Marseille_Exports_1764.csv,Archives de la CCI de Marseille - I 22,10,,,,,Teklia-Jules Oudot,,,-0.25,,,,,,,,,
409,Local,1742,Marseille,,Espagne,Exports,dattes,,,20,,100,livres,0.2,sources/Local/Archives_de_la_CCI_de_Marseille_I_22_Marseille_Exports_1764.csv,Archives de la CCI de Marseille - I 22,10,,,,,Teklia-Jules Oudot,,,0,,,,,,,,,
410,Local,1742,Marseille,,Espagne,Exports,droguerie,,,46398,,46398,livres,1,sources/Local/Archives_de_la_CCI_de_Marseille_I_22_Marseille_Exports_1764.csv,Archives de la CCI de Marseille - I 22,10,,,,,Teklia-Jules Oudot,,,0,,,,,,,,,
411,Local,1742,Marseille,,Espagne,Exports,dantelle dupuy,,,1345600,,26912,livres,50,sources/Local/Archives_de_la_CCI_de_Marseille_I_22_Marseille_Exports_1764.csv,Archives de la CCI de Marseille - I 22,10,,,,,Teklia-Jules Oudot,,,0,,,,,,,,,
412,Local,1742,Marseille,,Espagne,Exports,drap londrin,,,691537,,98791,livres,7,sources/Local/Archives_de_la_CCI_de_Marseille_I_22_Marseille_Exports_1764.csv,Archives de la CCI de Marseille - I 22,10,,,,,Teklia-Jules Oudot,,,0,,,,,,,,,
413,Local,1742,Marseille,,Espagne,Exports,draperie petite,,,847566,,282522,livres,3,sources/Local/Archives_de_la_CCI_de_Marseille_I_22_Marseille_Exports_1764.csv,Archives de la CCI de Marseille - I 22,10,,,,,Teklia-Jules Oudot,,,0,,,,,,,,,
414,Local,1742,Marseille,,Espagne,Exports,demitte,,,3996,,1332,pieces,3,sources/Local/Archives_de_la_CCI_de_Marseille_I_22_Marseille_Exports_1764.csv,Archives de la CCI de Marseille - I 22,10,,,,,Teklia-Jules Oudot,,,0,,,,,,,,,
415,Local,1742,Marseille,,Espagne,Exports,douelles a tonneaux,,,11274,,3758,tonneaux,3,sources/Local/Archives_de_la_CCI_de_Marseille_I_22_Marseille_Exports_1764.csv,Archives de la CCI de Marseille - I 22,10,,,,,Teklia-Jules Oudot,,,0,,,,,,,,,
416,Local,1742,Marseille,,Espagne,Exports,epiceries fines,,,5800,,1450,livres,4,sources/Local/Archives_de_la_CCI_de_Marseille_I_22_Marseille_Exports_1764.csv,Archives de la CCI de Marseille - I 22,10,,,,,Teklia-Jules Oudot,,,0,,,,,,,,,
417,Local,1742,Marseille,,Espagne,Exports,cuillieres de bois,,,900,,1600,livres,0.6,sources/Local/Archives_de_la_CCI_de_Marseille_I_22_Marseille_Exports_1764.csv,Archives de la CCI de Marseille - I 22,10,,,,,Teklia-Jules Oudot,,,-60,,,,,,,,,
418,Local,1742,Marseille,,Espagne,Exports,eau de vie,,,2082,,10413,livres,0.2,sources/Local/Archives_de_la_CCI_de_Marseille_I_22_Marseille_Exports_1764.csv,Archives de la CCI de Marseille - I 22,11,,,,,Teklia-Jules Oudot,,,-0.6,,,,,,,,,
419,Local,1742,Marseille,,Espagne,Exports,eau fleurs d’orange,,,100,,200,livres,0.5,sources/Local/Archives_de_la_CCI_de_Marseille_I_22_Marseille_Exports_1764.csv,Archives de la CCI de Marseille - I 22,11,,,,,Teklia-Jules Oudot,,,0,,,,,,,,,
420,Local,1742,Marseille,,Espagne,Exports,eau de la Reine d’Hongrie,,,1500,,2000,livres,0.75,sources/Local/Archives_de_la_CCI_de_Marseille_I_22_Marseille_Exports_1764.csv,Archives de la CCI de Marseille - I 22,11,,,,,Teklia-Jules Oudot,,,0,,,,,,,,,
421,Local,1742,Marseille,,Espagne,Exports,eau rose,,,375,,750,livres,0.5,sources/Local/Archives_de_la_CCI_de_Marseille_I_22_Marseille_Exports_1764.csv,Archives de la CCI de Marseille - I 22,11,,,,,Teklia-Jules Oudot,,,0,,,,,,,,,
422,Local,1742,Marseille,,Espagne,Exports,eau de balaruc,,,100,,200,livres,0.5,sources/Local/Archives_de_la_CCI_de_Marseille_I_22_Marseille_Exports_1764.csv,Archives de la CCI de Marseille - I 22,11,,,,,Teklia-Jules Oudot,,,0,,,,,,,,,
423,Local,1742,Marseille,,Espagne,Exports,eau de raisine,,,150,,600,livres,0.25,sources/Local/Archives_de_la_CCI_de_Marseille_I_22_Marseille_Exports_1764.csv,Archives de la CCI de Marseille - I 22,11,,,,,Teklia-Jules Oudot,,,0,,,,,,,,,
424,Local,1742,Marseille,,Espagne,Exports,eau forte,,,1380,,1104,livres,1.25,sources/Local/Archives_de_la_CCI_de_Marseille_I_22_Marseille_Exports_1764.csv,Archives de la CCI de Marseille - I 22,11,,,,,Teklia-Jules Oudot,,,0,,,,,,,,,
425,Local,1742,Marseille,,Espagne,Exports,essence,,,525,,525,livres,1,sources/Local/Archives_de_la_CCI_de_Marseille_I_22_Marseille_Exports_1764.csv,Archives de la CCI de Marseille - I 22,11,,,,,Teklia-Jules Oudot,,,0,,,,,,,,,
426,Local,1742,Marseille,,Espagne,Exports,encens,,,6525,,14500,livres,0.45,sources/Local/Archives_de_la_CCI_de_Marseille_I_22_Marseille_Exports_1764.csv,Archives de la CCI de Marseille - I 22,11,,,,,Teklia-Jules Oudot,,,0,,,,,,,,,
427,Local,1742,Marseille,,Espagne,Exports,etoffe de soye et argen,,,882560,,11032,livres,80,sources/Local/Archives_de_la_CCI_de_Marseille_I_22_Marseille_Exports_1764.csv,Archives de la CCI de Marseille - I 22,11,,,,,Teklia-Jules Oudot,,,0,,,,,,,,,
428,Local,1742,Marseille,,Espagne,Exports,etoffe de soye,,,567320,,14183,livres,40,sources/Local/Archives_de_la_CCI_de_Marseille_I_22_Marseille_Exports_1764.csv,Archives de la CCI de Marseille - I 22,11,,,,,Teklia-Jules Oudot,,,0,,,,,,,,,
429,Local,1742,Marseille,,Espagne,Exports,evantails de taffetas,,,2220,,74,douzaines,30,sources/Local/Archives_de_la_CCI_de_Marseille_I_22_Marseille_Exports_1764.csv,Archives de la CCI de Marseille - I 22,11,,,,,Teklia-Jules Oudot,,,0,,,,,,,,,
430,Local,1742,Marseille,,Espagne,Exports,,,,53000,,1325,livres,40,sources/Local/Archives_de_la_CCI_de_Marseille_I_22_Marseille_Exports_1764.csv,Archives de la CCI de Marseille - I 22,11,,,,,Teklia-Jules Oudot,,,0,,,,,,,,,
431,Local,1742,Marseille,,Espagne,Exports,estampes,,,47465,,9493,livres,5,sources/Local/Archives_de_la_CCI_de_Marseille_I_22_Marseille_Exports_1764.csv,Archives de la CCI de Marseille - I 22,11,,,,,Teklia-Jules Oudot,,,0,,,,,,,,,
432,Local,1742,Marseille,,Espagne,Exports,emery,,,25,,500,livres,0.05,sources/Local/Archives_de_la_CCI_de_Marseille_I_22_Marseille_Exports_1764.csv,Archives de la CCI de Marseille - I 22,11,,,,,Teklia-Jules Oudot,,,0,,,,,,,,,
433,Local,1742,Marseille,,Espagne,Exports,etain ouvré,,,2706,,2165,livres,1.25,sources/Local/Archives_de_la_CCI_de_Marseille_I_22_Marseille_Exports_1764.csv,Archives de la CCI de Marseille - I 22,11,,,,,Teklia-Jules Oudot,,,-0.25,,,,,,,,,
434,Local,1742,Marseille,,Espagne,Exports,feves,,,3564,,297,charges,12,sources/Local/Archives_de_la_CCI_de_Marseille_I_22_Marseille_Exports_1764.csv,Archives de la CCI de Marseille - I 22,11,,,,,Teklia-Jules Oudot,,,0,,,,,,,,,
435,Local,1742,Marseille,,Espagne,Exports,figues,,,450,,4502,livres,0.1,sources/Local/Archives_de_la_CCI_de_Marseille_I_22_Marseille_Exports_1764.csv,Archives de la CCI de Marseille - I 22,11,,,,,Teklia-Jules Oudot,,,-0.2,,,,,,,,,
436,Local,1742,Marseille,,Espagne,Exports,Fruits a l’eau de vie,,,202,,405,livres,0.5,sources/Local/Archives_de_la_CCI_de_Marseille_I_22_Marseille_Exports_1764.csv,Archives de la CCI de Marseille - I 22,11,,,,,Teklia-Jules Oudot,,,-0.5,,,,,,,,,
437,Local,1742,Marseille,,Espagne,Exports,fromage,,,1634,,8173,livres,0.2,sources/Local/Archives_de_la_CCI_de_Marseille_I_22_Marseille_Exports_1764.csv,Archives de la CCI de Marseille - I 22,11,,,,,Teklia-Jules Oudot,,,-0.6,,,,,,,,,
438,Local,1742,Marseille,,Espagne,Exports,fil de Bourgogne,,,1104,,2761,livres,0.4,sources/Local/Archives_de_la_CCI_de_Marseille_I_22_Marseille_Exports_1764.csv,Archives de la CCI de Marseille - I 22,11,,,,,Teklia-Jules Oudot,,,-0.4,,,,,,,,,
439,Local,1742,Marseille,,Espagne,Exports,fil de chevre,,,7791,,2597,livres,3,sources/Local/Archives_de_la_CCI_de_Marseille_I_22_Marseille_Exports_1764.csv,Archives de la CCI de Marseille - I 22,11,,,,,Teklia-Jules Oudot,,,0,,,,,,,,,
440,Local,1742,Marseille,,Espagne,Exports,fil a coudre,,,4126,,2063,livres,2,sources/Local/Archives_de_la_CCI_de_Marseille_I_22_Marseille_Exports_1764.csv,Archives de la CCI de Marseille - I 22,11,,,,,Teklia-Jules Oudot,,,0,,,,,,,,,
441,Local,1742,Marseille,,Espagne,Exports,fil a peycher,,,1980,,66,pièces,30,sources/Local/Archives_de_la_CCI_de_Marseille_I_22_Marseille_Exports_1764.csv,Archives de la CCI de Marseille - I 22,11,,,,,Teklia-Jules Oudot,,,0,,,,,,,,,
442,Local,1742,Marseille,,Espagne,Exports,fil de fer,,,303,,606,livres,0.5,sources/Local/Archives_de_la_CCI_de_Marseille_I_22_Marseille_Exports_1764.csv,Archives de la CCI de Marseille - I 22,11,,,,,Teklia-Jules Oudot,,,0,,,,,,,,,
443,Local,1742,Marseille,,Espagne,Exports,fer en barre,,,16767,,93150,livres,0.18,sources/Local/Archives_de_la_CCI_de_Marseille_I_22_Marseille_Exports_1764.csv,Archives de la CCI de Marseille - I 22,11,,,,,Teklia-Jules Oudot,,,0,,,,,,,,,
444,Local,1742,Marseille,,Espagne,Exports,fer vieux,,,4293,,57250,livres,7.5,sources/Local/Archives_de_la_CCI_de_Marseille_I_22_Marseille_Exports_1764.csv,Archives de la CCI de Marseille - I 22,11,,,,,Teklia-Jules Oudot,,,-425082,,,,,,,,,
445,Local,1742,Marseille,,Espagne,Exports,fayence,,,8570,,17140,livres,0.5,sources/Local/Archives_de_la_CCI_de_Marseille_I_22_Marseille_Exports_1764.csv,Archives de la CCI de Marseille - I 22,11,,,,,Teklia-Jules Oudot,,,0,,,,,,,,,
446,Local,1742,Marseille,,Espagne,Exports,graine de moutarde,,,383,,1918,livres,0.2,sources/Local/Archives_de_la_CCI_de_Marseille_I_22_Marseille_Exports_1764.csv,Archives de la CCI de Marseille - I 22,11,,,,,Teklia-Jules Oudot,,,-0.6,,,,,,,,,
447,Local,1742,Marseille,,Espagne,Exports,graine de jardin,,,437,,350,livres,1.25,sources/Local/Archives_de_la_CCI_de_Marseille_I_22_Marseille_Exports_1764.csv,Archives de la CCI de Marseille - I 22,11,,,,,Teklia-Jules Oudot,,,-0.5,,,,,,,,,
448,Local,1742,Marseille,,Espagne,Exports,graine d’avignon,,,750,,250,livres,3,sources/Local/Archives_de_la_CCI_de_Marseille_I_22_Marseille_Exports_1764.csv,Archives de la CCI de Marseille - I 22,11,,,,,Teklia-Jules Oudot,,,0,,,,,,,,,
449,Local,1742,Marseille,,Espagne,Exports,geroffle,,,18479,,2174,livres,8.5,sources/Local/Archives_de_la_CCI_de_Marseille_I_22_Marseille_Exports_1764.csv,Archives de la CCI de Marseille - I 22,11,,,,,Teklia-Jules Oudot,,,0,,,,,,,,,
450,Local,1742,Marseille,,Espagne,Exports,gingembre,,,1795,,12825,livres,0.14,sources/Local/Archives_de_la_CCI_de_Marseille_I_22_Marseille_Exports_1764.csv,Archives de la CCI de Marseille - I 22,11,,,,,Teklia-Jules Oudot,,,-0.5,,,,,,,,,
451,Local,1742,Marseille,,Espagne,Exports,Galbanum,,,300,,100,livres,3,sources/Local/Archives_de_la_CCI_de_Marseille_I_22_Marseille_Exports_1764.csv,Archives de la CCI de Marseille - I 22,11,,,,,Teklia-Jules Oudot,,,0,,,,,,,,,
452,Local,1742,Marseille,,Espagne,Exports,garance  ,,,4534,,11336,livres,0.4,sources/Local/Archives_de_la_CCI_de_Marseille_I_22_Marseille_Exports_1764.csv,Archives de la CCI de Marseille - I 22,11,,,,,Teklia-Jules Oudot,,,-0.4,,,,,,,,,
453,Local,1742,Marseille,,Espagne,Exports,grabeau de sené,,,1431,,5725,livres,0.25,sources/Local/Archives_de_la_CCI_de_Marseille_I_22_Marseille_Exports_1764.csv,Archives de la CCI de Marseille - I 22,11,,,,,Teklia-Jules Oudot,,,-0.25,,,,,,,,,
454,Local,1742,Marseille,,Espagne,Exports,grabeau de cire,,,12062,,24125,livres,0.5,sources/Local/Archives_de_la_CCI_de_Marseille_I_22_Marseille_Exports_1764.csv,Archives de la CCI de Marseille - I 22,11,,,,,Teklia-Jules Oudot,,,-0.5,,,,,,,,,
455,Local,1742,Marseille,,Espagne,Exports,grabeau d’encens,,,1425,,14250,livres,0.1,sources/Local/Archives_de_la_CCI_de_Marseille_I_22_Marseille_Exports_1764.csv,Archives de la CCI de Marseille - I 22,11,,,,,Teklia-Jules Oudot,,,0,,,,,,,,,
456,Local,1742,Marseille,,Espagne,Exports,galles de Levan,,,2846,,6325,livres,0.45,sources/Local/Archives_de_la_CCI_de_Marseille_I_22_Marseille_Exports_1764.csv,Archives de la CCI de Marseille - I 22,11,,,,,Teklia-Jules Oudot,,,-0.25,,,,,,,,,
457,Local,1742,Marseille,,Espagne,Exports,gomme adragan,,,950,,1000,livres,0.95,sources/Local/Archives_de_la_CCI_de_Marseille_I_22_Marseille_Exports_1764.csv,Archives de la CCI de Marseille - I 22,11,,,,,Teklia-Jules Oudot,,,0,,,,,,,,,
458,Local,1742,Marseille,,Espagne,Exports,gomme arabique,,,1327,,3793,livres,0.35,sources/Local/Archives_de_la_CCI_de_Marseille_I_22_Marseille_Exports_1764.csv,Archives de la CCI de Marseille - I 22,11,,,,,Teklia-Jules Oudot,,,-0.55,,,,,,,,,
459,Local,1742,Marseille,,Espagne,Exports,gomme laique ,,,2400,,800,livres,3,sources/Local/Archives_de_la_CCI_de_Marseille_I_22_Marseille_Exports_1764.csv,Archives de la CCI de Marseille - I 22,11,,,,,Teklia-Jules Oudot,,,0,,,,,,,,,
460,Local,1742,Marseille,,Espagne,Exports,gaudron,,,50,,500,livres,0.1,sources/Local/Archives_de_la_CCI_de_Marseille_I_22_Marseille_Exports_1764.csv,Archives de la CCI de Marseille - I 22,11,,,,,Teklia-Jules Oudot,,,0,,,,,,,,,
461,Local,1742,Marseille,,Espagne,Exports,gans de chamois,,,1680,1,140,douzaines de paires,12,sources/Local/Archives_de_la_CCI_de_Marseille_I_22_Marseille_Exports_1764.csv,Archives de la CCI de Marseille - I 22,11,,,,,Teklia-Jules Oudot,,,0,,,,,,,,,
462,Local,1742,Marseille,,Espagne,Exports,gans de chamois,,,4680,2,390,livres,12,sources/Local/Archives_de_la_CCI_de_Marseille_I_22_Marseille_Exports_1764.csv,Archives de la CCI de Marseille - I 22,11,,,,,Teklia-Jules Oudot,,,0,,,,,,,,,
463,Local,1742,Marseille,,Espagne,Exports,harans fumes,,,100,,4,barils,25,sources/Local/Archives_de_la_CCI_de_Marseille_I_22_Marseille_Exports_1764.csv,Archives de la CCI de Marseille - I 22,12,,,,,Teklia-Jules Oudot,,,0,,,,,,,,,
464,Local,1742,Marseille,,Espagne,Exports,huile d’olive,,,7350,,175,milliers,42,sources/Local/Archives_de_la_CCI_de_Marseille_I_22_Marseille_Exports_1764.csv,Archives de la CCI de Marseille - I 22,12,,,,,Teklia-Jules Oudot,,,0,,,,,,,,,
465,Local,1742,Marseille,,Espagne,Exports,huile de noix,,,800,,4000,livres,0.2,sources/Local/Archives_de_la_CCI_de_Marseille_I_22_Marseille_Exports_1764.csv,Archives de la CCI de Marseille - I 22,12,,,,,Teklia-Jules Oudot,,,0,,,,,,,,,
466,Local,1742,Marseille,,Espagne,Exports,huile de poisson,,,152,,305,livres,0.5,sources/Local/Archives_de_la_CCI_de_Marseille_I_22_Marseille_Exports_1764.csv,Archives de la CCI de Marseille - I 22,11,,,,,Teklia-Jules Oudot,,,-0.5,,,,,,,,,
467,Local,1742,Marseille,,Espagne,Exports,huile de lin,,,587,,2350,livres,0.25,sources/Local/Archives_de_la_CCI_de_Marseille_I_22_Marseille_Exports_1764.csv,Archives de la CCI de Marseille - I 22,12,,,,,Teklia-Jules Oudot,,,-0.5,,,,,,,,,
468,Local,1742,Marseille,,Espagne,Exports,herbes d’orseilles,,,120,,600,livres,0.2,sources/Local/Archives_de_la_CCI_de_Marseille_I_22_Marseille_Exports_1764.csv,Archives de la CCI de Marseille - I 22,12,,,,,Teklia-Jules Oudot,,,0,,,,,,,,,
469,Local,1742,Marseille,,Espagne,Exports,indigo,,,7168,,1593,livres,4.5,sources/Local/Archives_de_la_CCI_de_Marseille_I_22_Marseille_Exports_1764.csv,Archives de la CCI de Marseille - I 22,12,,,,,Teklia-Jules Oudot,,,-0.5,,,,,,,,,
470,Local,1742,Marseille,,Espagne,Exports,indiennes,,,111480,1,13935,pièces,8,sources/Local/Archives_de_la_CCI_de_Marseille_I_22_Marseille_Exports_1764.csv,Archives de la CCI de Marseille - I 22,12,,,,,Teklia-Jules Oudot,,,0,,,,,,,,,
471,Local,1742,Marseille,,Espagne,Exports,indiennes,,,1945,2,1945,livres,1,sources/Local/Archives_de_la_CCI_de_Marseille_I_22_Marseille_Exports_1764.csv,Archives de la CCI de Marseille - I 22,11,,,,,Teklia-Jules Oudot,,,0,,,,,,,,,
472,Local,1742,Marseille,,Espagne,Exports,jonc a faire chaises,,,38,,155,douzaines,0.25,sources/Local/Archives_de_la_CCI_de_Marseille_I_22_Marseille_Exports_1764.csv,Archives de la CCI de Marseille - I 22,12,,,,,Teklia-Jules Oudot,,,-0.75,,,,,,,,,
473,Local,1742,Marseille,,Espagne,Exports,langues de morüe,,,6,,60,livres,0.1,sources/Local/Archives_de_la_CCI_de_Marseille_I_22_Marseille_Exports_1764.csv,Archives de la CCI de Marseille - I 22,12,,,,,Teklia-Jules Oudot,,,0,,,,,,,,,
474,Local,1742,Marseille,,Espagne,Exports,legumes,,,3063,,61275,livres,0.05,sources/Local/Archives_de_la_CCI_de_Marseille_I_22_Marseille_Exports_1764.csv,Archives de la CCI de Marseille - I 22,12,,,,,Teklia-Jules Oudot,,,-0.75,,,,,,,,,
475,Local,1742,Marseille,,Espagne,Exports,liqueurs a boire,,,8137,,10850,livres,0.75,sources/Local/Archives_de_la_CCI_de_Marseille_I_22_Marseille_Exports_1764.csv,Archives de la CCI de Marseille - I 22,12,,,,,Teklia-Jules Oudot,,,-0.5,,,,,,,,,
476,Local,1742,Marseille,,Espagne,Exports,lin peigné,,,9880,,9880,livres,1,sources/Local/Archives_de_la_CCI_de_Marseille_I_22_Marseille_Exports_1764.csv,Archives de la CCI de Marseille - I 22,12,,,,,Teklia-Jules Oudot,,,0,,,,,,,,,
477,Local,1742,Marseille,,Espagne,Exports,laine lavée,,,330,,300,livres,1.1,sources/Local/Archives_de_la_CCI_de_Marseille_I_22_Marseille_Exports_1764.csv,Archives de la CCI de Marseille - I 22,12,,,,,Teklia-Jules Oudot,,,0,,,,,,,,,
478,Local,1742,Marseille,,Espagne,Exports,laine de chevron,,,6142,,4095,livres,1.5,sources/Local/Archives_de_la_CCI_de_Marseille_I_22_Marseille_Exports_1764.csv,Archives de la CCI de Marseille - I 22,12,,,,,Teklia-Jules Oudot,,,-0.5,,,,,,,,,
479,Local,1742,Marseille,,Espagne,Exports,laine d’agnelin,,,3825,,2550,livres,1.5,sources/Local/Archives_de_la_CCI_de_Marseille_I_22_Marseille_Exports_1764.csv,Archives de la CCI de Marseille - I 22,12,,,,,Teklia-Jules Oudot,,,0,,,,,,,,,
480,Local,1742,Marseille,,Espagne,Exports,librairie,,,65211,,28983,livres,2.25,sources/Local/Archives_de_la_CCI_de_Marseille_I_22_Marseille_Exports_1764.csv,Archives de la CCI de Marseille - I 22,12,,,,,Teklia-Jules Oudot,,,-0.75,,,,,,,,,
481,Local,1742,Marseille,,Espagne,Exports,litarge d’or,,,257,,1030,livres,0.25,sources/Local/Archives_de_la_CCI_de_Marseille_I_22_Marseille_Exports_1764.csv,Archives de la CCI de Marseille - I 22,12,,,,,Teklia-Jules Oudot,,,-0.5,,,,,,,,,
482,Local,1742,Marseille,,Espagne,Exports,lacque platte,,,150,,50,livres,3,sources/Local/Archives_de_la_CCI_de_Marseille_I_22_Marseille_Exports_1764.csv,Archives de la CCI de Marseille - I 22,12,,,,,Teklia-Jules Oudot,,,0,,,,,,,,,
483,Local,1742,Marseille,,Espagne,Exports,lustres de Venise,,,5175,,3450,livres,1.5,sources/Local/Archives_de_la_CCI_de_Marseille_I_22_Marseille_Exports_1764.csv,Archives de la CCI de Marseille - I 22,12,,,,,Teklia-Jules Oudot,,,0,,,,,,,,,
484,Local,1742,Marseille,,Espagne,Exports,morüe seche,,,414737,,2764916,livres,0.15,sources/Local/Archives_de_la_CCI_de_Marseille_I_22_Marseille_Exports_1764.csv,Archives de la CCI de Marseille - I 22,12,,,,,Teklia-Jules Oudot,,,-0.4,,,,,,,,,
485,Local,1742,Marseille,,Espagne,Exports,miel,,,910,,6500,livres,0.14,sources/Local/Archives_de_la_CCI_de_Marseille_I_22_Marseille_Exports_1764.csv,Archives de la CCI de Marseille - I 22,12,,,,,Teklia-Jules Oudot,,,0,,,,,,,,,
486,Local,1742,Marseille,,Espagne,Exports,mane de calabre,,,4390,,3512,livres,1.25,sources/Local/Archives_de_la_CCI_de_Marseille_I_22_Marseille_Exports_1764.csv,Archives de la CCI de Marseille - I 22,12,,,,,Teklia-Jules Oudot,,,0,,,,,,,,,
487,Local,1742,Marseille,,Espagne,Exports,miny,,,754,,3770,livres,0.2,sources/Local/Archives_de_la_CCI_de_Marseille_I_22_Marseille_Exports_1764.csv,Archives de la CCI de Marseille - I 22,12,,,,,Teklia-Jules Oudot,,,0,,,,,,,,,
488,Local,1742,Marseille,,Espagne,Exports,milles,,,10,,200,livres,0.05,sources/Local/Archives_de_la_CCI_de_Marseille_I_22_Marseille_Exports_1764.csv,Archives de la CCI de Marseille - I 22,12,,,,,Teklia-Jules Oudot,,,0,,,,,,,,,
489,Local,1742,Marseille,,Espagne,Exports,mastie ,,,450,,150,livres,3,sources/Local/Archives_de_la_CCI_de_Marseille_I_22_Marseille_Exports_1764.csv,Archives de la CCI de Marseille - I 22,12,,,,,Teklia-Jules Oudot,,,0,,,,,,,,,
490,Local,1742,Marseille,,Espagne,Exports,mousseline,,,11850,,158,pièces,75,sources/Local/Archives_de_la_CCI_de_Marseille_I_22_Marseille_Exports_1764.csv,Archives de la CCI de Marseille - I 22,12,,,,,Teklia-Jules Oudot,,,0,,,,,,,,,
491,Local,1742,Marseille,,Espagne,Exports,mouchoirs de soye,,,4872,,174,douzaines,28,sources/Local/Archives_de_la_CCI_de_Marseille_I_22_Marseille_Exports_1764.csv,Archives de la CCI de Marseille - I 22,12,,,,,Teklia-Jules Oudot,,,0,,,,,,,,,
492,Local,1742,Marseille,,Espagne,Exports,mouchoirs de coton,,,1408,,88,pièces,16,sources/Local/Archives_de_la_CCI_de_Marseille_I_22_Marseille_Exports_1764.csv,Archives de la CCI de Marseille - I 22,12,,,,,Teklia-Jules Oudot,,,0,,,,,,,,,
493,Local,1742,Marseille,,Espagne,Exports,mouchoirs d’indienne,,,168,,7,pièces,24,sources/Local/Archives_de_la_CCI_de_Marseille_I_22_Marseille_Exports_1764.csv,Archives de la CCI de Marseille - I 22,12,,,,,Teklia-Jules Oudot,,,0,,,,,,,,,
494,Local,1742,Marseille,,Espagne,Exports,mouchoirs de gaze,,,3360,,112,livres,30,sources/Local/Archives_de_la_CCI_de_Marseille_I_22_Marseille_Exports_1764.csv,Archives de la CCI de Marseille - I 22,12,,,,,Teklia-Jules Oudot,,,0,,,,,,,,,
495,Local,1742,Marseille,,Espagne,Exports,mercerie,,,249613,,71318,livres,3.5,sources/Local/Archives_de_la_CCI_de_Marseille_I_22_Marseille_Exports_1764.csv,Archives de la CCI de Marseille - I 22,12,,,,,Teklia-Jules Oudot,,,0,,,,,,,,,
496,Local,1742,Marseille,,Espagne,Exports,miroirs de venise,,,16500,,5500,livres,3,sources/Local/Archives_de_la_CCI_de_Marseille_I_22_Marseille_Exports_1764.csv,Archives de la CCI de Marseille - I 22,12,,,,,Teklia-Jules Oudot,,,0,,,,,,,,,
497,Local,1742,Marseille,,Espagne,Exports,marbre ouvré,,,100,,50,pieds,2,sources/Local/Archives_de_la_CCI_de_Marseille_I_22_Marseille_Exports_1764.csv,Archives de la CCI de Marseille - I 22,12,,,,,Teklia-Jules Oudot,,,0,,,,,,,,,
498,Local,1742,Marseille,,Espagne,Exports,noisettes,,,170,,1700,livres,0.1,sources/Local/Archives_de_la_CCI_de_Marseille_I_22_Marseille_Exports_1764.csv,Archives de la CCI de Marseille - I 22,12,,,,,Teklia-Jules Oudot,,,0,,,,,,,,,
499,Local,1742,Marseille,,Espagne,Exports,nacre de perles,,,100,,440,livres,,sources/Local/Archives_de_la_CCI_de_Marseille_I_22_Marseille_Exports_1764.csv,Archives de la CCI de Marseille - I 22,12,,,,,Teklia-Jules Oudot,,,100,,,,,,,,,
500,Local,1742,Marseille,,Espagne,Exports,orge,,,1328,,41,charges,8,sources/Local/Archives_de_la_CCI_de_Marseille_I_22_Marseille_Exports_1764.csv,Archives de la CCI de Marseille - I 22,12,,,,,Teklia-Jules Oudot,,,1000,,,,,,,,,
501,Local,1742,Marseille,,Espagne,Exports,oranges,,,7,,5,milliers,1.5,sources/Local/Archives_de_la_CCI_de_Marseille_I_22_Marseille_Exports_1764.csv,Archives de la CCI de Marseille - I 22,12,,,,,Teklia-Jules Oudot,,,-0.5,,,,,,,,,
502,Local,1742,Marseille,,Espagne,Exports,olives,,,1370,,9135,livres,0.15,sources/Local/Archives_de_la_CCI_de_Marseille_I_22_Marseille_Exports_1764.csv,Archives de la CCI de Marseille - I 22,12,,,,,Teklia-Jules Oudot,,,-0.25,,,,,,,,,
503,Local,1742,Marseille,,Espagne,Exports,opium,,,735,,245,livres,3,sources/Local/Archives_de_la_CCI_de_Marseille_I_22_Marseille_Exports_1764.csv,Archives de la CCI de Marseille - I 22,12,,,,,Teklia-Jules Oudot,,,0,,,,,,,,,
504,Local,1742,Marseille,,Espagne,Exports,ouatte,,,1915,,1277,livres,1.5,sources/Local/Archives_de_la_CCI_de_Marseille_I_22_Marseille_Exports_1764.csv,Archives de la CCI de Marseille - I 22,12,,,,,Teklia-Jules Oudot,,,-0.5,,,,,,,,,
505,Local,1742,Marseille,,Espagne,Exports,prunes,,,4810,,24052,livres,0.2,sources/Local/Archives_de_la_CCI_de_Marseille_I_22_Marseille_Exports_1764.csv,Archives de la CCI de Marseille - I 22,12,,,,,Teklia-Jules Oudot,,,-0.4,,,,,,,,,
506,Local,1742,Marseille,,Espagne,Exports,poivre,,,91463,,73171,livres,1.25,sources/Local/Archives_de_la_CCI_de_Marseille_I_22_Marseille_Exports_1764.csv,Archives de la CCI de Marseille - I 22,12,,,,,Teklia-Jules Oudot,,,-0.75,,,,,,,,,
507,Local,1742,Marseille,,Espagne,Exports,poivre gerofflé,,,450,,300,livres,1.5,sources/Local/Archives_de_la_CCI_de_Marseille_I_22_Marseille_Exports_1764.csv,Archives de la CCI de Marseille - I 22,15,,,,,Teklia-Jules Oudot,,,0,,,,,,,,,
508,Local,1742,Marseille,,Espagne,Exports,poussière d’ensens,,,855,,8550,livres,0.1,sources/Local/Archives_de_la_CCI_de_Marseille_I_22_Marseille_Exports_1764.csv,Archives de la CCI de Marseille - I 22,15,,,,,Teklia-Jules Oudot,,,0,,,,,,,,,
509,Local,1742,Marseille,,Espagne,Exports,poussiere de tartre,,,20,,400,livres,0.05,sources/Local/Archives_de_la_CCI_de_Marseille_I_22_Marseille_Exports_1764.csv,Archives de la CCI de Marseille - I 22,15,,,,,Teklia-Jules Oudot,,,0,,,,,,,,,
510,Local,1742,Marseille,,Espagne,Exports,pomades,,,160,,160,livres,1,sources/Local/Archives_de_la_CCI_de_Marseille_I_22_Marseille_Exports_1764.csv,Archives de la CCI de Marseille - I 22,15,,,,,Teklia-Jules Oudot,,,0,,,,,,,,,
511,Local,1742,Marseille,,Espagne,Exports,poix raisines,,,30,,300,livres,0.1,sources/Local/Archives_de_la_CCI_de_Marseille_I_22_Marseille_Exports_1764.csv,Archives de la CCI de Marseille - I 22,15,,,,,Teklia-Jules Oudot,,,0,,,,,,,,,
512,Local,1742,Marseille,,Espagne,Exports,ozier,,,888,1,37,grosses,24,sources/Local/Archives_de_la_CCI_de_Marseille_I_22_Marseille_Exports_1764.csv,Archives de la CCI de Marseille - I 22,15,,,,,Teklia-Jules Oudot,,,0,,,,,,,,,
513,Local,1742,Marseille,,Espagne,Exports,ozier,,,264,2,11,douzaines,24,sources/Local/Archives_de_la_CCI_de_Marseille_I_22_Marseille_Exports_1764.csv,Archives de la CCI de Marseille - I 22,15,,,,,Teklia-Jules Oudot,,,0,,,,,,,,,
514,Local,1742,Marseille,,Espagne,Exports,ozier,,,2400,3,12000,livres,0.2,sources/Local/Archives_de_la_CCI_de_Marseille_I_22_Marseille_Exports_1764.csv,Archives de la CCI de Marseille - I 22,15,,,,,Teklia-Jules Oudot,,,0,,,,,,,,,
515,Local,1742,Marseille,,Espagne,Exports,poile de chevre,,,1593,,531,livres,3,sources/Local/Archives_de_la_CCI_de_Marseille_I_22_Marseille_Exports_1764.csv,Archives de la CCI de Marseille - I 22,15,,,,,Teklia-Jules Oudot,,,0,,,,,,,,,
516,Local,1742,Marseille,,Espagne,Exports,poil de castor,,,300,,150,livres,2,sources/Local/Archives_de_la_CCI_de_Marseille_I_22_Marseille_Exports_1764.csv,Archives de la CCI de Marseille - I 22,15,,,,,Teklia-Jules Oudot,,,0,,,,,,,,,
517,Local,1742,Marseille,,Espagne,Exports,papier,,,74058,,12343,rames,6,sources/Local/Archives_de_la_CCI_de_Marseille_I_22_Marseille_Exports_1764.csv,Archives de la CCI de Marseille - I 22,15,,,,,Teklia-Jules Oudot,,,0,,,,,,,,,
518,Local,1742,Marseille,,Espagne,Exports,peaux de marroquins,,,17256,,11504,rames,1.5,sources/Local/Archives_de_la_CCI_de_Marseille_I_22_Marseille_Exports_1764.csv,Archives de la CCI de Marseille - I 22,15,,,,,Teklia-Jules Oudot,,,0,,,,,,,,,
519,Local,1742,Marseille,,Espagne,Exports,peaux de renard,,,200,,200,pièces,1,sources/Local/Archives_de_la_CCI_de_Marseille_I_22_Marseille_Exports_1764.csv,Archives de la CCI de Marseille - I 22,15,,,,,Teklia-Jules Oudot,,,0,,,,,,,,,
520,Local,1742,Marseille,,Espagne,Exports,peaux de chamois passées,,,15463,,12371,livres,1.25,sources/Local/Archives_de_la_CCI_de_Marseille_I_22_Marseille_Exports_1764.csv,Archives de la CCI de Marseille - I 22,15,,,,,Teklia-Jules Oudot,,,-0.75,,,,,,,,,
521,Local,1742,Marseille,,Espagne,Exports,peaux de moutons passés,,,1750,,1400,livres,1.25,sources/Local/Archives_de_la_CCI_de_Marseille_I_22_Marseille_Exports_1764.csv,Archives de la CCI de Marseille - I 22,15,,,,,Teklia-Jules Oudot,,,0,,,,,,,,,
522,Local,1742,Marseille,,Espagne,Exports,peaux d’agneau en laine,,,375,,750,livres,0.5,sources/Local/Archives_de_la_CCI_de_Marseille_I_22_Marseille_Exports_1764.csv,Archives de la CCI de Marseille - I 22,15,,,,,Teklia-Jules Oudot,,,0,,,,,,,,,
523,Local,1742,Marseille,,Espagne,Exports,peaux de veau corroyées,,,2881,,2305,livres,1.25,sources/Local/Archives_de_la_CCI_de_Marseille_I_22_Marseille_Exports_1764.csv,Archives de la CCI de Marseille - I 22,15,,,,,Teklia-Jules Oudot,,,-0.25,,,,,,,,,
524,Local,1742,Marseille,,Espagne,Exports,peleteries aprétées,,,300,,300,livres,1,sources/Local/Archives_de_la_CCI_de_Marseille_I_22_Marseille_Exports_1764.csv,Archives de la CCI de Marseille - I 22,15,,,,,Teklia-Jules Oudot,,,0,,,,,,,,,
525,Local,1742,Marseille,,Espagne,Exports,plumes d’autruche ouvrées,,,960,,160,livres,6,sources/Local/Archives_de_la_CCI_de_Marseille_I_22_Marseille_Exports_1764.csv,Archives de la CCI de Marseille - I 22,15,,,,,Teklia-Jules Oudot,,,0,,,,,,,,,
526,Local,1742,Marseille,,Espagne,Exports,plumes d’oye,,,150,,250,livres,0.6,sources/Local/Archives_de_la_CCI_de_Marseille_I_22_Marseille_Exports_1764.csv,Archives de la CCI de Marseille - I 22,15,,,,,Teklia-Jules Oudot,,,0,,,,,,,,,
527,Local,1742,Marseille,,Espagne,Exports,porcelaine,,,2100,,420,livres,5,sources/Local/Archives_de_la_CCI_de_Marseille_I_22_Marseille_Exports_1764.csv,Archives de la CCI de Marseille - I 22,15,,,,,Teklia-Jules Oudot,,,0,,,,,,,,,
528,Local,1742,Marseille,,Espagne,Exports,pipes a fumer,,,75,,25,grosses,3,sources/Local/Archives_de_la_CCI_de_Marseille_I_22_Marseille_Exports_1764.csv,Archives de la CCI de Marseille - I 22,15,,,,,Teklia-Jules Oudot,,,0,,,,,,,,,
529,Local,1742,Marseille,,Espagne,Exports,plomb en grenaille,,,2554,,10218,livres,0.25,sources/Local/Archives_de_la_CCI_de_Marseille_I_22_Marseille_Exports_1764.csv,Archives de la CCI de Marseille - I 22,15,,,,,Teklia-Jules Oudot,,,-0.5,,,,,,,,,
530,Local,1742,Marseille,,Espagne,Exports,plomb en saumons,,,22,,100,livres,0.22,sources/Local/Archives_de_la_CCI_de_Marseille_I_22_Marseille_Exports_1764.csv,Archives de la CCI de Marseille - I 22,15,,,,,Teklia-Jules Oudot,,,0,,,,,,,,,
531,Local,1742,Marseille,,Espagne,Exports,poëles de fer,,,230,,1150,livres,0.2,sources/Local/Archives_de_la_CCI_de_Marseille_I_22_Marseille_Exports_1764.csv,Archives de la CCI de Marseille - I 22,15,,,,,Teklia-Jules Oudot,,,0,,,,,,,,,
532,Local,1742,Marseille,,Espagne,Exports,peignes de buys,,,162405,,3609,grosses,45,sources/Local/Archives_de_la_CCI_de_Marseille_I_22_Marseille_Exports_1764.csv,Archives de la CCI de Marseille - I 22,15,,,,,Teklia-Jules Oudot,,,0,,,,,,,,,
533,Local,1742,Marseille,,Espagne,Exports,pierre ponce,,,14,,350,livres,0.04,sources/Local/Archives_de_la_CCI_de_Marseille_I_22_Marseille_Exports_1764.csv,Archives de la CCI de Marseille - I 22,15,,,,,Teklia-Jules Oudot,,,0,,,,,,,,,
534,Local,1742,Marseille,,Espagne,Exports,pierres a fusil,,,99,,990,livres,0.1,sources/Local/Archives_de_la_CCI_de_Marseille_I_22_Marseille_Exports_1764.csv,Archives de la CCI de Marseille - I 22,15,,,,,Teklia-Jules Oudot,,,0,,,,,,,,,
535,Local,1742,Marseille,,Espagne,Exports,pierres a faulx,,,500,,2500,livres,0.2,sources/Local/Archives_de_la_CCI_de_Marseille_I_22_Marseille_Exports_1764.csv,Archives de la CCI de Marseille - I 22,15,,,,,Teklia-Jules Oudot,,,0,,,,,,,,,
536,Local,1742,Marseille,,Espagne,Exports,planches de sapin communs,,,135,,15,douzaines,9,sources/Local/Archives_de_la_CCI_de_Marseille_I_22_Marseille_Exports_1764.csv,Archives de la CCI de Marseille - I 22,15,,,,,Teklia-Jules Oudot,,,0,,,,,,,,,
537,Local,1742,Marseille,,Espagne,Exports,quinquina,,,6512,,1628,livres,4,sources/Local/Archives_de_la_CCI_de_Marseille_I_22_Marseille_Exports_1764.csv,Archives de la CCI de Marseille - I 22,15,,,,,Teklia-Jules Oudot,,,0,,,,,,,,,
538,Local,1742,Marseille,,Espagne,Exports,quincaille de fer et acier,,,107594,,107594,livres,1,sources/Local/Archives_de_la_CCI_de_Marseille_I_22_Marseille_Exports_1764.csv,Archives de la CCI de Marseille - I 22,15,,,,,Teklia-Jules Oudot,,,0,,,,,,,,,
539,Local,1742,Marseille,,Espagne,Exports,raisins secs,,,16269,,81345,livres,0.2,sources/Local/Archives_de_la_CCI_de_Marseille_I_22_Marseille_Exports_1764.csv,Archives de la CCI de Marseille - I 22,15,,,,,Teklia-Jules Oudot,,,0,,,,,,,,,
540,Local,1742,Marseille,,Espagne,Exports,ris,,,30072,,250600,livres,0.12,sources/Local/Archives_de_la_CCI_de_Marseille_I_22_Marseille_Exports_1764.csv,Archives de la CCI de Marseille - I 22,15,,,,,Teklia-Jules Oudot,,,0,,,,,,,,,
541,Local,1742,Marseille,,Espagne,Exports,rocou,,,6845,,11409,livres,0.6,sources/Local/Archives_de_la_CCI_de_Marseille_I_22_Marseille_Exports_1764.csv,Archives de la CCI de Marseille - I 22,15,,,,,Teklia-Jules Oudot,,,-0.4,,,,,,,,,
542,Local,1742,Marseille,,Espagne,Exports,rubans de soye,,,41950,,1718,livres,25,sources/Local/Archives_de_la_CCI_de_Marseille_I_22_Marseille_Exports_1764.csv,Archives de la CCI de Marseille - I 22,15,,,,,Teklia-Jules Oudot,,,-1000,,,,,,,,,
543,Local,1742,Marseille,,Espagne,Exports,saumons salé ,,,39,,131,livres,0.3,sources/Local/Archives_de_la_CCI_de_Marseille_I_22_Marseille_Exports_1764.csv,Archives de la CCI de Marseille - I 22,15,,,,,Teklia-Jules Oudot,,,-0.3,,,,,,,,,
544,Local,1742,Marseille,,Espagne,Exports,sucre rafinés,,,3832,,7664,livres,0.5,sources/Local/Archives_de_la_CCI_de_Marseille_I_22_Marseille_Exports_1764.csv,Archives de la CCI de Marseille - I 22,15,,,,,Teklia-Jules Oudot,,,0,,,,,,,,,
545,Local,1742,Marseille,,Espagne,Exports,sucre blanc,,,909855,,2527375,livres,0.36,sources/Local/Archives_de_la_CCI_de_Marseille_I_22_Marseille_Exports_1764.csv,Archives de la CCI de Marseille - I 22,15,,,,,Teklia-Jules Oudot,,,0,,,,,,,,,
546,Local,1742,Marseille,,Espagne,Exports,sucre brunc,,,5496,,22900,livres,0.24,sources/Local/Archives_de_la_CCI_de_Marseille_I_22_Marseille_Exports_1764.csv,Archives de la CCI de Marseille - I 22,15,,,,,Teklia-Jules Oudot,,,0,,,,,,,,,
547,Local,1742,Marseille,,Espagne,Exports,sel armoniac,,,710,,1015,livres,0.7,sources/Local/Archives_de_la_CCI_de_Marseille_I_22_Marseille_Exports_1764.csv,Archives de la CCI de Marseille - I 22,15,,,,,Teklia-Jules Oudot,,,-0.5,,,,,,,,,
548,Local,1742,Marseille,,Espagne,Exports,saffranum,,,2660,,4000,livres,0.65,sources/Local/Archives_de_la_CCI_de_Marseille_I_22_Marseille_Exports_1764.csv,Archives de la CCI de Marseille - I 22,15,,,,,Teklia-Jules Oudot,,,60,,,,,,,,,
549,Local,1742,Marseille,,Espagne,Exports,sené,,,9468,,6312,livres,1.5,sources/Local/Archives_de_la_CCI_de_Marseille_I_22_Marseille_Exports_1764.csv,Archives de la CCI de Marseille - I 22,15,,,,,Teklia-Jules Oudot,,,0,,,,,,,,,
550,Local,1742,Marseille,,Espagne,Exports,sirop de capitaine,,,3950,,3950,livres,1,sources/Local/Archives_de_la_CCI_de_Marseille_I_22_Marseille_Exports_1764.csv,Archives de la CCI de Marseille - I 22,15,,,,,Teklia-Jules Oudot,,,0,,,,,,,,,
551,Local,1742,Marseille,,Espagne,Exports,storax,,,435,,348,livres,1.25,sources/Local/Archives_de_la_CCI_de_Marseille_I_22_Marseille_Exports_1764.csv,Archives de la CCI de Marseille - I 22,16,,,,,Teklia-Jules Oudot,,,0,,,,,,,,,
552,Local,1742,Marseille,,Espagne,Exports,sunac,,,3880,,19000,livres,0.2,sources/Local/Archives_de_la_CCI_de_Marseille_I_22_Marseille_Exports_1764.csv,Archives de la CCI de Marseille - I 22,16,,,,,Teklia-Jules Oudot,,,80,,,,,,,,,
553,Local,1742,Marseille,,Espagne,Exports,sel d’ipsum,,,44,,148,livres,0.3,sources/Local/Archives_de_la_CCI_de_Marseille_I_22_Marseille_Exports_1764.csv,Archives de la CCI de Marseille - I 22,16,,,,,Teklia-Jules Oudot,,,-0.4,,,,,,,,,
554,Local,1742,Marseille,,Espagne,Exports,sang dragon,,,50,,200,livres,0.25,sources/Local/Archives_de_la_CCI_de_Marseille_I_22_Marseille_Exports_1764.csv,Archives de la CCI de Marseille - I 22,16,,,,,Teklia-Jules Oudot,,,0,,,,,,,,,
555,Local,1742,Marseille,,Espagne,Exports,salsafrax,,,59,,118,livres,0.5,sources/Local/Archives_de_la_CCI_de_Marseille_I_22_Marseille_Exports_1764.csv,Archives de la CCI de Marseille - I 22,16,,,,,Teklia-Jules Oudot,,,0,,,,,,,,,
556,Local,1742,Marseille,,Espagne,Exports,salsepareille,,,80,,40,livres,2,sources/Local/Archives_de_la_CCI_de_Marseille_I_22_Marseille_Exports_1764.csv,Archives de la CCI de Marseille - I 22,16,,,,,Teklia-Jules Oudot,,,0,,,,,,,,,
557,Local,1742,Marseille,,Espagne,Exports,souffre,,,8499,,70825,livres,0.12,sources/Local/Archives_de_la_CCI_de_Marseille_I_22_Marseille_Exports_1764.csv,Archives de la CCI de Marseille - I 22,16,,,,,Teklia-Jules Oudot,,,0,,,,,,,,,
558,Local,1742,Marseille,,Espagne,Exports,savon madré,,,5370,,22575,livres,0.24,sources/Local/Archives_de_la_CCI_de_Marseille_I_22_Marseille_Exports_1764.csv,Archives de la CCI de Marseille - I 22,16,,,,,Teklia-Jules Oudot,,,-48,,,,,,,,,
559,Local,1742,Marseille,,Espagne,Exports,soye ouvrée,,,128600,,6430,livres,20,sources/Local/Archives_de_la_CCI_de_Marseille_I_22_Marseille_Exports_1764.csv,Archives de la CCI de Marseille - I 22,16,,,,,Teklia-Jules Oudot,,,0,,,,,,,,,
560,Local,1742,Marseille,,Espagne,Exports,souliers,,,4000,,1143,paires,3.5,sources/Local/Archives_de_la_CCI_de_Marseille_I_22_Marseille_Exports_1764.csv,Archives de la CCI de Marseille - I 22,16,,,,,Teklia-Jules Oudot,,,-0.5,,,,,,,,,
561,Local,1742,Marseille,,Espagne,Exports,soufflets,,,1800,,100,douzaines,18,sources/Local/Archives_de_la_CCI_de_Marseille_I_22_Marseille_Exports_1764.csv,Archives de la CCI de Marseille - I 22,16,,,,,Teklia-Jules Oudot,,,0,,,,,,,,,
562,Local,1742,Marseille,,Espagne,Exports,soliveaux de sapin,,,4,,1,douzaines,4,sources/Local/Archives_de_la_CCI_de_Marseille_I_22_Marseille_Exports_1764.csv,Archives de la CCI de Marseille - I 22,16,,,,,Teklia-Jules Oudot,,,0,,,,,,,,,
563,Local,1742,Marseille,,Espagne,Exports,thon mariné,,,9810,,10900,livres,0.9,sources/Local/Archives_de_la_CCI_de_Marseille_I_22_Marseille_Exports_1764.csv,Archives de la CCI de Marseille - I 22,16,,,,,Teklia-Jules Oudot,,,0,,,,,,,,,
564,Local,1742,Marseille,,Espagne,Exports,truffes sèches,,,1480,,370,livres,4,sources/Local/Archives_de_la_CCI_de_Marseille_I_22_Marseille_Exports_1764.csv,Archives de la CCI de Marseille - I 22,16,,,,,Teklia-Jules Oudot,,,0,,,,,,,,,
565,Local,1742,Marseille,,Espagne,Exports,teriaque,,,3600,,300,livres,12,sources/Local/Archives_de_la_CCI_de_Marseille_I_22_Marseille_Exports_1764.csv,Archives de la CCI de Marseille - I 22,16,,,,,Teklia-Jules Oudot,,,0,,,,,,,,,
566,Local,1742,Marseille,,Espagne,Exports,tamarin,,,494,,1237,livres,0.4,sources/Local/Archives_de_la_CCI_de_Marseille_I_22_Marseille_Exports_1764.csv,Archives de la CCI de Marseille - I 22,16,,,,,Teklia-Jules Oudot,,,-0.8,,,,,,,,,
567,Local,1742,Marseille,,Espagne,Exports,thé,,,1080,,216,livres,5,sources/Local/Archives_de_la_CCI_de_Marseille_I_22_Marseille_Exports_1764.csv,Archives de la CCI de Marseille - I 22,16,,,,,Teklia-Jules Oudot,,,0,,,,,,,,,
568,Local,1742,Marseille,,Espagne,Exports,térébentine,,,802,,1605,livres,0.5,sources/Local/Archives_de_la_CCI_de_Marseille_I_22_Marseille_Exports_1764.csv,Archives de la CCI de Marseille - I 22,16,,,,,Teklia-Jules Oudot,,,-0.5,,,,,,,,,
569,Local,1742,Marseille,,Espagne,Exports,tartre,,,5484,,22850,livres,0.24,sources/Local/Archives_de_la_CCI_de_Marseille_I_22_Marseille_Exports_1764.csv,Archives de la CCI de Marseille - I 22,16,,,,,Teklia-Jules Oudot,,,0,,,,,,,,,
570,Local,1742,Marseille,,Espagne,Exports,terre d’ombre,,,226,,4525,livres,0.05,sources/Local/Archives_de_la_CCI_de_Marseille_I_22_Marseille_Exports_1764.csv,Archives de la CCI de Marseille - I 22,16,,,,,Teklia-Jules Oudot,,,-0.25,,,,,,,,,
571,Local,1742,Marseille,,Espagne,Exports,toille pignée,,,1000,,100,livres,10,sources/Local/Archives_de_la_CCI_de_Marseille_I_22_Marseille_Exports_1764.csv,Archives de la CCI de Marseille - I 22,16,,,,,Teklia-Jules Oudot,,,0,,,,,,,,,
572,Local,1742,Marseille,,Espagne,Exports,toille blanche,,,860332,,215083,livres,4,sources/Local/Archives_de_la_CCI_de_Marseille_I_22_Marseille_Exports_1764.csv,Archives de la CCI de Marseille - I 22,16,,,,,Teklia-Jules Oudot,,,0,,,,,,,,,
573,Local,1742,Marseille,,Espagne,Exports,toille d’antioche,,,3150,,450,pièces,7,sources/Local/Archives_de_la_CCI_de_Marseille_I_22_Marseille_Exports_1764.csv,Archives de la CCI de Marseille - I 22,16,,,,,Teklia-Jules Oudot,,,0,,,,,,,,,
574,Local,1742,Marseille,,Espagne,Exports,toille de bretagne,,,7300,,1460,livres,5,sources/Local/Archives_de_la_CCI_de_Marseille_I_22_Marseille_Exports_1764.csv,Archives de la CCI de Marseille - I 22,16,,,,,Teklia-Jules Oudot,,,0,,,,,,,,,
575,Local,1742,Marseille,,Espagne,Exports,toille de montagne,,,572892,,47741,livres,6,sources/Local/Archives_de_la_CCI_de_Marseille_I_22_Marseille_Exports_1764.csv,Archives de la CCI de Marseille - I 22,16,,,,,Teklia-Jules Oudot,,,286446,,,,,,,,,
576,Local,1742,Marseille,,Espagne,Exports,toille manouf,,,6180,,1236,pièces,5,sources/Local/Archives_de_la_CCI_de_Marseille_I_22_Marseille_Exports_1764.csv,Archives de la CCI de Marseille - I 22,16,,,,,Teklia-Jules Oudot,,,0,,,,,,,,,
577,Local,1742,Marseille,,Espagne,Exports,toille d’alemagne,,,202224,,33704,livres,6,sources/Local/Archives_de_la_CCI_de_Marseille_I_22_Marseille_Exports_1764.csv,Archives de la CCI de Marseille - I 22,16,,,,,Teklia-Jules Oudot,,,0,,,,,,,,,
578,Local,1742,Marseille,,Espagne,Exports,toille de Piemont,,,3420,,3420,livres,1,sources/Local/Archives_de_la_CCI_de_Marseille_I_22_Marseille_Exports_1764.csv,Archives de la CCI de Marseille - I 22,16,,,,,Teklia-Jules Oudot,,,0,,,,,,,,,
579,Local,1742,Marseille,,Espagne,Exports,toille caissies,,,1050,,175,pièces,6,sources/Local/Archives_de_la_CCI_de_Marseille_I_22_Marseille_Exports_1764.csv,Archives de la CCI de Marseille - I 22,16,,,,,Teklia-Jules Oudot,,,0,,,,,,,,,
580,Local,1742,Marseille,,Espagne,Exports,toille de menage,,,10960,,2740,livres,4,sources/Local/Archives_de_la_CCI_de_Marseille_I_22_Marseille_Exports_1764.csv,Archives de la CCI de Marseille - I 22,16,,,,,Teklia-Jules Oudot,,,0,,,,,,,,,
581,Local,1742,Marseille,,Espagne,Exports,toille a voile,,,4075,,163,pièces,25,sources/Local/Archives_de_la_CCI_de_Marseille_I_22_Marseille_Exports_1764.csv,Archives de la CCI de Marseille - I 22,16,,,,,Teklia-Jules Oudot,,,0,,,,,,,,,
582,Local,1742,Marseille,,Espagne,Exports,toille d’embalage,,,3463,,4618,livres,0.75,sources/Local/Archives_de_la_CCI_de_Marseille_I_22_Marseille_Exports_1764.csv,Archives de la CCI de Marseille - I 22,16,,,,,Teklia-Jules Oudot,,,-0.5,,,,,,,,,
583,Local,1742,Marseille,,Espagne,Exports,toille de crin,,,1710,,570,livres,3,sources/Local/Archives_de_la_CCI_de_Marseille_I_22_Marseille_Exports_1764.csv,Archives de la CCI de Marseille - I 22,16,,,,,Teklia-Jules Oudot,,,0,,,,,,,,,
584,Local,1742,Marseille,,Espagne,Exports,treilly,,,330,,300,livres,1.1,sources/Local/Archives_de_la_CCI_de_Marseille_I_22_Marseille_Exports_1764.csv,Archives de la CCI de Marseille - I 22,16,,,,,Teklia-Jules Oudot,,,0,,,,,,,,,
585,Local,1742,Marseille,,Espagne,Exports,tableaux,,,300,1,10,douzaines,30,sources/Local/Archives_de_la_CCI_de_Marseille_I_22_Marseille_Exports_1764.csv,Archives de la CCI de Marseille - I 22,16,,,,,Teklia-Jules Oudot,,,0,,,,,,,,,
586,Local,1742,Marseille,,Espagne,Exports,tableaux,,,720,2,720,livres,,sources/Local/Archives_de_la_CCI_de_Marseille_I_22_Marseille_Exports_1764.csv,Archives de la CCI de Marseille - I 22,16,,,,,Teklia-Jules Oudot,,,720,,,,,,,,,
587,Local,1742,Marseille,,Espagne,Exports,tabatières d’olivier,,,1700,,170,livres,10,sources/Local/Archives_de_la_CCI_de_Marseille_I_22_Marseille_Exports_1764.csv,Archives de la CCI de Marseille - I 22,16,,,,,Teklia-Jules Oudot,,,0,,,,,,,,,
588,Local,1742,Marseille,,Espagne,Exports,terraille blanche,,,1171,,15675,livres,75,sources/Local/Archives_de_la_CCI_de_Marseille_I_22_Marseille_Exports_1764.csv,Archives de la CCI de Marseille - I 22,16,,,,,Teklia-Jules Oudot,,,-4625,,,,,,,,,
589,Local,1742,Marseille,,Espagne,Exports,vin musca,,,2520,,72,milliers,35,sources/Local/Archives_de_la_CCI_de_Marseille_I_22_Marseille_Exports_1764.csv,Archives de la CCI de Marseille - I 22,16,,,,,Teklia-Jules Oudot,,,0,,,,,,,,,
590,Local,1742,Marseille,,Espagne,Exports,vin de bourgogne,,,7800,,78,milliers,100,sources/Local/Archives_de_la_CCI_de_Marseille_I_22_Marseille_Exports_1764.csv,Archives de la CCI de Marseille - I 22,16,,,,,Teklia-Jules Oudot,,,0,,,,,,,,,
591,Local,1742,Marseille,,Espagne,Exports,vin de champagne,,,8250,,55,milliers,150,sources/Local/Archives_de_la_CCI_de_Marseille_I_22_Marseille_Exports_1764.csv,Archives de la CCI de Marseille - I 22,16,,,,,Teklia-Jules Oudot,,,0,,,,,,,,,
592,Local,1742,Marseille,,Espagne,Exports,vin rouge,,,16264,,2323,milliers,7,sources/Local/Archives_de_la_CCI_de_Marseille_I_22_Marseille_Exports_1764.csv,Archives de la CCI de Marseille - I 22,16,,,,,Teklia-Jules Oudot,,,3,,,,,,,,,
593,Local,1742,Marseille,,Espagne,Exports,vin blanc,,,300,,15,milliers,20,sources/Local/Archives_de_la_CCI_de_Marseille_I_22_Marseille_Exports_1764.csv,Archives de la CCI de Marseille - I 22,16,,,,,Teklia-Jules Oudot,,,0,,,,,,,,,
594,Local,1742,Marseille,,Espagne,Exports,vermichel,,,206,,1032,livres,0.2,sources/Local/Archives_de_la_CCI_de_Marseille_I_22_Marseille_Exports_1764.csv,Archives de la CCI de Marseille - I 22,16,,,,,Teklia-Jules Oudot,,,-0.4,,,,,,,,,
595,Local,1742,Marseille,,Espagne,Exports,vitirol de chipres,,,5212,,6950,livres,0.75,sources/Local/Archives_de_la_CCI_de_Marseille_I_22_Marseille_Exports_1764.csv,Archives de la CCI de Marseille - I 22,16,,,,,Teklia-Jules Oudot,,,-0.5,,,,,,,,,
596,Local,1742,Marseille,,Espagne,Exports,verdet,,,28840,,36050,livres,0.8,sources/Local/Archives_de_la_CCI_de_Marseille_I_22_Marseille_Exports_1764.csv,Archives de la CCI de Marseille - I 22,16,,,,,Teklia-Jules Oudot,,,0,,,,,,,,,
597,Local,1742,Marseille,,Espagne,Exports,vacquette,,,975,,3250,livres,0.3,sources/Local/Archives_de_la_CCI_de_Marseille_I_22_Marseille_Exports_1764.csv,Archives de la CCI de Marseille - I 22,16,,,,,Teklia-Jules Oudot,,,0,,,,,,,,,
598,Local,1742,Marseille,,Espagne,Exports,velours,,,5600,,20,pièces,280,sources/Local/Archives_de_la_CCI_de_Marseille_I_22_Marseille_Exports_1764.csv,Archives de la CCI de Marseille - I 22,16,,,,,Teklia-Jules Oudot,,,0,,,,,,,,,
599,Local,1742,Marseille,,Espagne,Exports,verres de cristal,,,4500,,2250,livres,2,sources/Local/Archives_de_la_CCI_de_Marseille_I_22_Marseille_Exports_1764.csv,Archives de la CCI de Marseille - I 22,17,,,,,Teklia-Jules Oudot,,,0,,,,,,,,,
600,Local,1742,Marseille,,Espagne,Exports,verres communs,,,8725,,8725,livres,1,sources/Local/Archives_de_la_CCI_de_Marseille_I_22_Marseille_Exports_1764.csv,Archives de la CCI de Marseille - I 22,17,,,,,Teklia-Jules Oudot,,,0,,,,,,,,,
601,Local,1742,Marseille,,Pour le Portugal,Exports,anchois,,,425,,850,livres,0.5,sources/Local/Archives_de_la_CCI_de_Marseille_I_22_Marseille_Exports_1764.csv,Archives de la CCI de Marseille - I 22,17,,,,,Teklia-Jules Oudot,,,0,,,,,,,,,
602,Local,1742,Marseille,,Pour le Portugal,Exports,amandes,,,86,,432,livres,0.2,sources/Local/Archives_de_la_CCI_de_Marseille_I_22_Marseille_Exports_1764.csv,Archives de la CCI de Marseille - I 22,17,,,,,Teklia-Jules Oudot,,,-0.4,,,,,,,,,
603,Local,1742,Marseille,,Pour le Portugal,Exports,anis,,,386,,1934,livres,0.2,sources/Local/Archives_de_la_CCI_de_Marseille_I_22_Marseille_Exports_1764.csv,Archives de la CCI de Marseille - I 22,17,,,,,Teklia-Jules Oudot,,,-0.8,,,,,,,,,
604,Local,1742,Marseille,,Pour le Portugal,Exports,amidon,,,140,,700,livres,0.2,sources/Local/Archives_de_la_CCI_de_Marseille_I_22_Marseille_Exports_1764.csv,Archives de la CCI de Marseille - I 22,17,,,,,Teklia-Jules Oudot,,,0,,,,,,,,,
605,Local,1742,Marseille,,Pour le Portugal,Exports,antimoine cru,,,210,,600,livres,0.35,sources/Local/Archives_de_la_CCI_de_Marseille_I_22_Marseille_Exports_1764.csv,Archives de la CCI de Marseille - I 22,17,,,,,Teklia-Jules Oudot,,,0,,,,,,,,,
606,Local,1742,Marseille,,Pour le Portugal,Exports,aristoloche,,,96,,400,livres,0.24,sources/Local/Archives_de_la_CCI_de_Marseille_I_22_Marseille_Exports_1764.csv,Archives de la CCI de Marseille - I 22,17,,,,,Teklia-Jules Oudot,,,0,,,,,,,,,
607,Local,1742,Marseille,,Pour le Portugal,Exports,ajamis,,,13257,,4419,pièces,3,sources/Local/Archives_de_la_CCI_de_Marseille_I_22_Marseille_Exports_1764.csv,Archives de la CCI de Marseille - I 22,17,,,,,Teklia-Jules Oudot,,,0,,,,,,,,,
608,Local,1742,Marseille,,Pour le Portugal,Exports,bled fromen,,,21600,,1200,charges,18,sources/Local/Archives_de_la_CCI_de_Marseille_I_22_Marseille_Exports_1764.csv,Archives de la CCI de Marseille - I 22,17,,,,,Teklia-Jules Oudot,,,0,,,,,,,,,
609,Local,1742,Marseille,,Pour le Portugal,Exports,bas de fil de coton,,,1928,,241,pièces,8,sources/Local/Archives_de_la_CCI_de_Marseille_I_22_Marseille_Exports_1764.csv,Archives de la CCI de Marseille - I 22,17,,,,,Teklia-Jules Oudot,,,0,,,,,,,,,
610,Local,1742,Marseille,,Pour le Portugal,Exports,??????,,,1990,,796,pièces,2.5,sources/Local/Archives_de_la_CCI_de_Marseille_I_22_Marseille_Exports_1764.csv,Archives de la CCI de Marseille - I 22,17,,,,,Teklia-Jules Oudot,,,0,,,,,,,,,
611,Local,1742,Marseille,,Pour le Portugal,Exports,bas d’estame,,,12000,,1200,livres,10,sources/Local/Archives_de_la_CCI_de_Marseille_I_22_Marseille_Exports_1764.csv,Archives de la CCI de Marseille - I 22,17,,,,,Teklia-Jules Oudot,,,0,,,,,,,,,
612,Local,1742,Marseille,,Pour le Portugal,Exports,bas et bonnets de coton,,,900,,180,livres,5,sources/Local/Archives_de_la_CCI_de_Marseille_I_22_Marseille_Exports_1764.csv,Archives de la CCI de Marseille - I 22,17,,,,,Teklia-Jules Oudot,,,0,,,,,,,,,
613,Local,1742,Marseille,,Pour le Portugal,Exports,bonnets de laine,,,180,,20,douzaines,9,sources/Local/Archives_de_la_CCI_de_Marseille_I_22_Marseille_Exports_1764.csv,Archives de la CCI de Marseille - I 22,17,,,,,Teklia-Jules Oudot,,,0,,,,,,,,,
614,Local,1742,Marseille,,Pour le Portugal,Exports,bazannes tannées,,,106,,106,livres,1,sources/Local/Archives_de_la_CCI_de_Marseille_I_22_Marseille_Exports_1764.csv,Archives de la CCI de Marseille - I 22,17,,,,,Teklia-Jules Oudot,,,0,,,,,,,,,
615,Local,1742,Marseille,,Pour le Portugal,Exports,bois de campeche,,,100,,625,livres,0.16,sources/Local/Archives_de_la_CCI_de_Marseille_I_22_Marseille_Exports_1764.csv,Archives de la CCI de Marseille - I 22,17,,,,,Teklia-Jules Oudot,,,0,,,,,,,,,
616,Local,1742,Marseille,,Pour le Portugal,Exports,bois fustel,,,170,,3400,livres,0.05,sources/Local/Archives_de_la_CCI_de_Marseille_I_22_Marseille_Exports_1764.csv,Archives de la CCI de Marseille - I 22,17,,,,,Teklia-Jules Oudot,,,0,,,,,,,,,
617,Local,1742,Marseille,,Pour le Portugal,Exports,capres,,,88,,400,livres,0.22,sources/Local/Archives_de_la_CCI_de_Marseille_I_22_Marseille_Exports_1764.csv,Archives de la CCI de Marseille - I 22,17,,,,,Teklia-Jules Oudot,,,0,,,,,,,,,
618,Local,1742,Marseille,,Pour le Portugal,Exports,caffé de l’amérique,,,330,,660,livres,0.5,sources/Local/Archives_de_la_CCI_de_Marseille_I_22_Marseille_Exports_1764.csv,Archives de la CCI de Marseille - I 22,17,,,,,Teklia-Jules Oudot,,,0,,,,,,,,,
619,Local,1742,Marseille,,Pour le Portugal,Exports,canelle,,,3412,,525,livres,6.5,sources/Local/Archives_de_la_CCI_de_Marseille_I_22_Marseille_Exports_1764.csv,Archives de la CCI de Marseille - I 22,17,,,,,Teklia-Jules Oudot,,,-0.5,,,,,,,,,
620,Local,1742,Marseille,,Pour le Portugal,Exports,chandelle,,,2466,,5480,livres,0.45,sources/Local/Archives_de_la_CCI_de_Marseille_I_22_Marseille_Exports_1764.csv,Archives de la CCI de Marseille - I 22,17,,,,,Teklia-Jules Oudot,,,0,,,,,,,,,
621,Local,1742,Marseille,,Pour le Portugal,Exports,coton filé,,,330,,300,livres,1.1,sources/Local/Archives_de_la_CCI_de_Marseille_I_22_Marseille_Exports_1764.csv,Archives de la CCI de Marseille - I 22,17,,,,,Teklia-Jules Oudot,,,0,,,,,,,,,
622,Local,1742,Marseille,,Pour le Portugal,Exports,coton en laine,,,50,,100,livres,0.5,sources/Local/Archives_de_la_CCI_de_Marseille_I_22_Marseille_Exports_1764.csv,Archives de la CCI de Marseille - I 22,17,,,,,Teklia-Jules Oudot,,,0,,,,,,,,,
623,Local,1742,Marseille,,Pour le Portugal,Exports,Callemande,,,1960,,28,pièces,70,sources/Local/Archives_de_la_CCI_de_Marseille_I_22_Marseille_Exports_1764.csv,Archives de la CCI de Marseille - I 22,17,,,,,Teklia-Jules Oudot,,,0,,,,,,,,,
624,Local,1742,Marseille,,Pour le Portugal,Exports,corsest de demitte,,,420,,140,pièces,3,sources/Local/Archives_de_la_CCI_de_Marseille_I_22_Marseille_Exports_1764.csv,Archives de la CCI de Marseille - I 22,17,,,,,Teklia-Jules Oudot,,,0,,,,,,,,,
625,Local,1742,Marseille,,Pour le Portugal,Exports,couverture de laine,,,30,,20,pièces,1.5,sources/Local/Archives_de_la_CCI_de_Marseille_I_22_Marseille_Exports_1764.csv,Archives de la CCI de Marseille - I 22,17,,,,,Teklia-Jules Oudot,,,0,,,,,,,,,
626,Local,1742,Marseille,,Pour le Portugal,Exports,chapeaux poil et laine,,,11448,,318,douzaines,36,sources/Local/Archives_de_la_CCI_de_Marseille_I_22_Marseille_Exports_1764.csv,Archives de la CCI de Marseille - I 22,17,,,,,Teklia-Jules Oudot,,,0,,,,,,,,,
627,Local,1742,Marseille,,Pour le Portugal,Exports,cuirs tannés,,,1291,,2153,livres,0.6,sources/Local/Archives_de_la_CCI_de_Marseille_I_22_Marseille_Exports_1764.csv,Archives de la CCI de Marseille - I 22,17,,,,,Teklia-Jules Oudot,,,-0.8,,,,,,,,,
628,Local,1742,Marseille,,Pour le Portugal,Exports,corail ouvré,,,10240,,64,livres,160,sources/Local/Archives_de_la_CCI_de_Marseille_I_22_Marseille_Exports_1764.csv,Archives de la CCI de Marseille - I 22,17,,,,,Teklia-Jules Oudot,,,0,,,,,,,,,
629,Local,1742,Marseille,,Pour le Portugal,Exports,cristal ouvré,,,1000,,500,livres,2,sources/Local/Archives_de_la_CCI_de_Marseille_I_22_Marseille_Exports_1764.csv,Archives de la CCI de Marseille - I 22,17,,,,,Teklia-Jules Oudot,,,0,,,,,,,,,
630,Local,1742,Marseille,,Pour le Portugal,Exports,cuivre ouvré,,,12124,,7558,livres,1.6,sources/Local/Archives_de_la_CCI_de_Marseille_I_22_Marseille_Exports_1764.csv,Archives de la CCI de Marseille - I 22,17,,,,,Teklia-Jules Oudot,,,31.2,,,,,,,,,
631,Local,1742,Marseille,,Pour le Portugal,Exports,clous de fer,,,21,,109,livres,0.2,sources/Local/Archives_de_la_CCI_de_Marseille_I_22_Marseille_Exports_1764.csv,Archives de la CCI de Marseille - I 22,17,,,,,Teklia-Jules Oudot,,,-0.8,,,,,,,,,
632,Local,1742,Marseille,,Pour le Portugal,Exports,carde a carder,,,200,,500,livres,0.4,sources/Local/Archives_de_la_CCI_de_Marseille_I_22_Marseille_Exports_1764.csv,Archives de la CCI de Marseille - I 22,17,,,,,Teklia-Jules Oudot,,,0,,,,,,,,,
633,Local,1742,Marseille,,Pour le Portugal,Exports,droguerie,,,1900,,1900,livres,1,sources/Local/Archives_de_la_CCI_de_Marseille_I_22_Marseille_Exports_1764.csv,Archives de la CCI de Marseille - I 22,17,,,,,Teklia-Jules Oudot,,,0,,,,,,,,,
634,Local,1742,Marseille,,Pour le Portugal,Exports,draps de soye,,,2200,,11,pièces,200,sources/Local/Archives_de_la_CCI_de_Marseille_I_22_Marseille_Exports_1764.csv,Archives de la CCI de Marseille - I 22,17,,,,,Teklia-Jules Oudot,,,0,,,,,,,,,
635,Local,1742,Marseille,,Pour le Portugal,Exports,draps londrin,,,17290,,2470,livres,7,sources/Local/Archives_de_la_CCI_de_Marseille_I_22_Marseille_Exports_1764.csv,Archives de la CCI de Marseille - I 22,17,,,,,Teklia-Jules Oudot,,,0,,,,,,,,,
636,Local,1742,Marseille,,Pour le Portugal,Exports,draperie petite,,,24900,,8300,livres,3,sources/Local/Archives_de_la_CCI_de_Marseille_I_22_Marseille_Exports_1764.csv,Archives de la CCI de Marseille - I 22,17,,,,,Teklia-Jules Oudot,,,0,,,,,,,,,
637,Local,1742,Marseille,,Pour le Portugal,Exports,demittes,,,543,,181,pièces,3,sources/Local/Archives_de_la_CCI_de_Marseille_I_22_Marseille_Exports_1764.csv,Archives de la CCI de Marseille - I 22,17,,,,,Teklia-Jules Oudot,,,0,,,,,,,,,
638,Local,1742,Marseille,,Pour le Portugal,Exports,douelle a tono,,,1800,,600,tonneaux,3,sources/Local/Archives_de_la_CCI_de_Marseille_I_22_Marseille_Exports_1764.csv,Archives de la CCI de Marseille - I 22,17,,,,,Teklia-Jules Oudot,,,0,,,,,,,,,
639,Local,1742,Marseille,,Pour le Portugal,Exports,eau de vie,,,1080,,5400,livres,0.2,sources/Local/Archives_de_la_CCI_de_Marseille_I_22_Marseille_Exports_1764.csv,Archives de la CCI de Marseille - I 22,17,,,,,Teklia-Jules Oudot,,,0,,,,,,,,,
640,Local,1742,Marseille,,Pour le Portugal,Exports,épée de cuivre d’oré,,,1100,,11,douzaines,100,sources/Local/Archives_de_la_CCI_de_Marseille_I_22_Marseille_Exports_1764.csv,Archives de la CCI de Marseille - I 22,17,,,,,Teklia-Jules Oudot,,,0,,,,,,,,,
641,Local,1742,Marseille,,Pour le Portugal,Exports,fil a coudre,,,374,,185,livres,2,sources/Local/Archives_de_la_CCI_de_Marseille_I_22_Marseille_Exports_1764.csv,Archives de la CCI de Marseille - I 22,17,,,,,Teklia-Jules Oudot,,,4,,,,,,,,,
642,Local,1742,Marseille,,Pour le Portugal,Exports,filet pour la peche,,,480,,16,pièces,30,sources/Local/Archives_de_la_CCI_de_Marseille_I_22_Marseille_Exports_1764.csv,Archives de la CCI de Marseille - I 22,18,,,,,Teklia-Jules Oudot,,,0,,,,,,,,,
643,Local,1742,Marseille,,Pour le Portugal,Exports,fayence,,,125,,250,livres,0.5,sources/Local/Archives_de_la_CCI_de_Marseille_I_22_Marseille_Exports_1764.csv,Archives de la CCI de Marseille - I 22,18,,,,,Teklia-Jules Oudot,,,0,,,,,,,,,
644,Local,1742,Marseille,,Pour le Portugal,Exports,graines de jardin,,,1197,,958,livres,1.25,sources/Local/Archives_de_la_CCI_de_Marseille_I_22_Marseille_Exports_1764.csv,Archives de la CCI de Marseille - I 22,18,,,,,Teklia-Jules Oudot,,,-0.5,,,,,,,,,
645,Local,1742,Marseille,,Pour le Portugal,Exports,gome arabique,,,119,,342,livres,0.35,sources/Local/Archives_de_la_CCI_de_Marseille_I_22_Marseille_Exports_1764.csv,Archives de la CCI de Marseille - I 22,18,,,,,Teklia-Jules Oudot,,,-0.7,,,,,,,,,
646,Local,1742,Marseille,,Pour le Portugal,Exports,harens fumés,,,1525,,61,barrils,25,sources/Local/Archives_de_la_CCI_de_Marseille_I_22_Marseille_Exports_1764.csv,Archives de la CCI de Marseille - I 22,18,,,,,Teklia-Jules Oudot,,,0,,,,,,,,,
647,Local,1742,Marseille,,Pour le Portugal,Exports,huile d’olive,,,6678,,159,milliers,42,sources/Local/Archives_de_la_CCI_de_Marseille_I_22_Marseille_Exports_1764.csv,Archives de la CCI de Marseille - I 22,18,,,,,Teklia-Jules Oudot,,,0,,,,,,,,,
648,Local,1742,Marseille,,Pour le Portugal,Exports,huile de lin,,,20,,80,livres,0.25,sources/Local/Archives_de_la_CCI_de_Marseille_I_22_Marseille_Exports_1764.csv,Archives de la CCI de Marseille - I 22,18,,,,,Teklia-Jules Oudot,,,0,,,,,,,,,
649,Local,1742,Marseille,,Pour le Portugal,Exports,indigo,,,2106,,468,livres,4.5,sources/Local/Archives_de_la_CCI_de_Marseille_I_22_Marseille_Exports_1764.csv,Archives de la CCI de Marseille - I 22,18,,,,,Teklia-Jules Oudot,,,0,,,,,,,,,
650,Local,1742,Marseille,,Pour le Portugal,Exports,indienne,,,5488,,686,pièces,8,sources/Local/Archives_de_la_CCI_de_Marseille_I_22_Marseille_Exports_1764.csv,Archives de la CCI de Marseille - I 22,18,,,,,Teklia-Jules Oudot,,,0,,,,,,,,,
651,Local,1742,Marseille,,Pour le Portugal,Exports,legumes,,,6110,,122200,livres,0.05,sources/Local/Archives_de_la_CCI_de_Marseille_I_22_Marseille_Exports_1764.csv,Archives de la CCI de Marseille - I 22,18,,,,,Teklia-Jules Oudot,,,0,,,,,,,,,
652,Local,1742,Marseille,,Pour le Portugal,Exports,liqueur a boire,,,300,,400,livres,0.75,sources/Local/Archives_de_la_CCI_de_Marseille_I_22_Marseille_Exports_1764.csv,Archives de la CCI de Marseille - I 22,18,,,,,Teklia-Jules Oudot,,,0,,,,,,,,,
653,Local,1742,Marseille,,Pour le Portugal,Exports,librairie,,,562,,250,livres,2.25,sources/Local/Archives_de_la_CCI_de_Marseille_I_22_Marseille_Exports_1764.csv,Archives de la CCI de Marseille - I 22,18,,,,,Teklia-Jules Oudot,,,-0.5,,,,,,,,,
654,Local,1742,Marseille,,Pour le Portugal,Exports,morüe seche,,,33572,,223817,livres,0.15,sources/Local/Archives_de_la_CCI_de_Marseille_I_22_Marseille_Exports_1764.csv,Archives de la CCI de Marseille - I 22,18,,,,,Teklia-Jules Oudot,,,-0.55,,,,,,,,,
655,Local,1742,Marseille,,Pour le Portugal,Exports,miel,,,262,,1875,livres,0.14,sources/Local/Archives_de_la_CCI_de_Marseille_I_22_Marseille_Exports_1764.csv,Archives de la CCI de Marseille - I 22,18,,,,,Teklia-Jules Oudot,,,-0.5,,,,,,,,,
656,Local,1742,Marseille,,Pour le Portugal,Exports,mouchoirs de soye,,,364,,13,douzaines,28,sources/Local/Archives_de_la_CCI_de_Marseille_I_22_Marseille_Exports_1764.csv,Archives de la CCI de Marseille - I 22,18,,,,,Teklia-Jules Oudot,,,0,,,,,,,,,
657,Local,1742,Marseille,,Pour le Portugal,Exports,mane de calabre,,,150,,120,livres,1.25,sources/Local/Archives_de_la_CCI_de_Marseille_I_22_Marseille_Exports_1764.csv,Archives de la CCI de Marseille - I 22,18,,,,,Teklia-Jules Oudot,,,0,,,,,,,,,
658,Local,1742,Marseille,,Pour le Portugal,Exports,mouchoirs de coton,,,256,,16,pièces,16,sources/Local/Archives_de_la_CCI_de_Marseille_I_22_Marseille_Exports_1764.csv,Archives de la CCI de Marseille - I 22,18,,,,,Teklia-Jules Oudot,,,0,,,,,,,,,
659,Local,1742,Marseille,,Pour le Portugal,Exports,mouchoirs de fil,,,30,,30,pièces,1,sources/Local/Archives_de_la_CCI_de_Marseille_I_22_Marseille_Exports_1764.csv,Archives de la CCI de Marseille - I 22,18,,,,,Teklia-Jules Oudot,,,0,,,,,,,,,
660,Local,1742,Marseille,,Pour le Portugal,Exports,mercerie,,,13107,,3745,livres,3.5,sources/Local/Archives_de_la_CCI_de_Marseille_I_22_Marseille_Exports_1764.csv,Archives de la CCI de Marseille - I 22,18,,,,,Teklia-Jules Oudot,,,-0.5,,,,,,,,,
661,Local,1742,Marseille,,Pour le Portugal,Exports,mousseline,,,4950,,66,pièces,75,sources/Local/Archives_de_la_CCI_de_Marseille_I_22_Marseille_Exports_1764.csv,Archives de la CCI de Marseille - I 22,18,,,,,Teklia-Jules Oudot,,,0,,,,,,,,,
662,Local,1742,Marseille,,Pour le Portugal,Exports,noisettes,,,1265,,12650,livres,0.1,sources/Local/Archives_de_la_CCI_de_Marseille_I_22_Marseille_Exports_1764.csv,Archives de la CCI de Marseille - I 22,18,,,,,Teklia-Jules Oudot,,,0,,,,,,,,,
663,Local,1742,Marseille,,Pour le Portugal,Exports,nattes de jong,,,102,,17,douzaines,6,sources/Local/Archives_de_la_CCI_de_Marseille_I_22_Marseille_Exports_1764.csv,Archives de la CCI de Marseille - I 22,18,,,,,Teklia-Jules Oudot,,,0,,,,,,,,,
664,Local,1742,Marseille,,Pour le Portugal,Exports,oranges,,,22,,15,milliers,1.5,sources/Local/Archives_de_la_CCI_de_Marseille_I_22_Marseille_Exports_1764.csv,Archives de la CCI de Marseille - I 22,18,,,,,Teklia-Jules Oudot,,,-0.5,,,,,,,,,
665,Local,1742,Marseille,,Pour le Portugal,Exports,olives,,,75,,500,livres,0.15,sources/Local/Archives_de_la_CCI_de_Marseille_I_22_Marseille_Exports_1764.csv,Archives de la CCI de Marseille - I 22,18,,,,,Teklia-Jules Oudot,,,0,,,,,,,,,
666,Local,1742,Marseille,,Pour le Portugal,Exports,prunes,,,963,,4815,livres,0.2,sources/Local/Archives_de_la_CCI_de_Marseille_I_22_Marseille_Exports_1764.csv,Archives de la CCI de Marseille - I 22,18,,,,,Teklia-Jules Oudot,,,0,,,,,,,,,
667,Local,1742,Marseille,,Pour le Portugal,Exports,poivre,,,8865,,7092,livres,1.25,sources/Local/Archives_de_la_CCI_de_Marseille_I_22_Marseille_Exports_1764.csv,Archives de la CCI de Marseille - I 22,18,,,,,Teklia-Jules Oudot,,,0,,,,,,,,,
668,Local,1742,Marseille,,Pour le Portugal,Exports,plume a ecrire,,,1800,,300,livres,6,sources/Local/Archives_de_la_CCI_de_Marseille_I_22_Marseille_Exports_1764.csv,Archives de la CCI de Marseille - I 22,18,,,,,Teklia-Jules Oudot,,,0,,,,,,,,,
669,Local,1742,Marseille,,Pour le Portugal,Exports,peaux au chamois,,,2125,,1700,livres,1.25,sources/Local/Archives_de_la_CCI_de_Marseille_I_22_Marseille_Exports_1764.csv,Archives de la CCI de Marseille - I 22,18,,,,,Teklia-Jules Oudot,,,0,,,,,,,,,
670,Local,1742,Marseille,,Pour le Portugal,Exports,pipes a fumer,,,168,,56,grosses,3,sources/Local/Archives_de_la_CCI_de_Marseille_I_22_Marseille_Exports_1764.csv,Archives de la CCI de Marseille - I 22,18,,,,,Teklia-Jules Oudot,,,0,,,,,,,,,
671,Local,1742,Marseille,,Pour le Portugal,Exports,plomb en grenaille,,,150,,600,livres,0.25,sources/Local/Archives_de_la_CCI_de_Marseille_I_22_Marseille_Exports_1764.csv,Archives de la CCI de Marseille - I 22,18,,,,,Teklia-Jules Oudot,,,0,,,,,,,,,
672,Local,1742,Marseille,,Pour le Portugal,Exports,peignes de buys,,,900,,20,grosses,45,sources/Local/Archives_de_la_CCI_de_Marseille_I_22_Marseille_Exports_1764.csv,Archives de la CCI de Marseille - I 22,18,,,,,Teklia-Jules Oudot,,,0,,,,,,,,,
673,Local,1742,Marseille,,Pour le Portugal,Exports,pierres ponces,,,14,,350,livres,0.04,sources/Local/Archives_de_la_CCI_de_Marseille_I_22_Marseille_Exports_1764.csv,Archives de la CCI de Marseille - I 22,18,,,,,Teklia-Jules Oudot,,,0,,,,,,,,,
674,Local,1742,Marseille,,Pour le Portugal,Exports,pierre d’emery,,,40,,800,livres,0.05,sources/Local/Archives_de_la_CCI_de_Marseille_I_22_Marseille_Exports_1764.csv,Archives de la CCI de Marseille - I 22,18,,,,,Teklia-Jules Oudot,,,0,,,,,,,,,
675,Local,1742,Marseille,,Pour le Portugal,Exports,quincaille de fer et acier,,,3500,,3500,livres,1,sources/Local/Archives_de_la_CCI_de_Marseille_I_22_Marseille_Exports_1764.csv,Archives de la CCI de Marseille - I 22,18,,,,,Teklia-Jules Oudot,,,0,,,,,,,,,
676,Local,1742,Marseille,,Pour le Portugal,Exports,raisins secs,,,5790,,28957,livres,0.2,sources/Local/Archives_de_la_CCI_de_Marseille_I_22_Marseille_Exports_1764.csv,Archives de la CCI de Marseille - I 22,18,,,,,Teklia-Jules Oudot,,,-1.4,,,,,,,,,
677,Local,1742,Marseille,,Pour le Portugal,Exports,ris,,,78771,,656425,livres,0.12,sources/Local/Archives_de_la_CCI_de_Marseille_I_22_Marseille_Exports_1764.csv,Archives de la CCI de Marseille - I 22,18,,,,,Teklia-Jules Oudot,,,0,,,,,,,,,
678,Local,1742,Marseille,,Pour le Portugal,Exports,saffran,,,1000,,50,livres,20,sources/Local/Archives_de_la_CCI_de_Marseille_I_22_Marseille_Exports_1764.csv,Archives de la CCI de Marseille - I 22,18,,,,,Teklia-Jules Oudot,,,0,,,,,,,,,
679,Local,1742,Marseille,,Pour le Portugal,Exports,sucre rafiné,,,700,,1400,livres,0.5,sources/Local/Archives_de_la_CCI_de_Marseille_I_22_Marseille_Exports_1764.csv,Archives de la CCI de Marseille - I 22,18,,,,,Teklia-Jules Oudot,,,0,,,,,,,,,
680,Local,1742,Marseille,,Pour le Portugal,Exports,sucre blanc,,,71766,,199350,livres,36,sources/Local/Archives_de_la_CCI_de_Marseille_I_22_Marseille_Exports_1764.csv,Archives de la CCI de Marseille - I 22,18,,,,,Teklia-Jules Oudot,,,-7104834,,,,,,,,,
681,Local,1742,Marseille,,Pour le Portugal,Exports,sirop de capilaire,,,700,,700,livres,1,sources/Local/Archives_de_la_CCI_de_Marseille_I_22_Marseille_Exports_1764.csv,Archives de la CCI de Marseille - I 22,18,,,,,Teklia-Jules Oudot,,,0,,,,,,,,,
682,Local,1742,Marseille,,Pour le Portugal,Exports,sel de saturne,,,262,,350,livres,0.75,sources/Local/Archives_de_la_CCI_de_Marseille_I_22_Marseille_Exports_1764.csv,Archives de la CCI de Marseille - I 22,18,,,,,Teklia-Jules Oudot,,,-0.5,,,,,,,,,
683,Local,1742,Marseille,,Pour le Portugal,Exports,saffranum,,,682,,1050,livres,0.65,sources/Local/Archives_de_la_CCI_de_Marseille_I_22_Marseille_Exports_1764.csv,Archives de la CCI de Marseille - I 22,18,,,,,Teklia-Jules Oudot,,,-0.5,,,,,,,,,
684,Local,1742,Marseille,,Pour le Portugal,Exports,savon madré,,,31800,,132500,livres,0.24,sources/Local/Archives_de_la_CCI_de_Marseille_I_22_Marseille_Exports_1764.csv,Archives de la CCI de Marseille - I 22,18,,,,,Teklia-Jules Oudot,,,0,,,,,,,,,
685,Local,1742,Marseille,,Pour le Portugal,Exports,souliers,,,1750,,500,pairs,3.5,sources/Local/Archives_de_la_CCI_de_Marseille_I_22_Marseille_Exports_1764.csv,Archives de la CCI de Marseille - I 22,18,,,,,Teklia-Jules Oudot,,,0,,,,,,,,,
686,Local,1742,Marseille,,Pour le Portugal,Exports,thon mariné,,,58,,65,livres,0.9,sources/Local/Archives_de_la_CCI_de_Marseille_I_22_Marseille_Exports_1764.csv,Archives de la CCI de Marseille - I 22,18,,,,,Teklia-Jules Oudot,,,-0.5,,,,,,,,,
687,Local,1742,Marseille,,Pour le Portugal,Exports,truffes seches ,,,720,,180,livres,4,sources/Local/Archives_de_la_CCI_de_Marseille_I_22_Marseille_Exports_1764.csv,Archives de la CCI de Marseille - I 22,19,,,,,Teklia-Jules Oudot,,,0,,,,,,,,,
688,Local,1742,Marseille,,Pour le Portugal,Exports,toille piquée,,,1000,,100,livres,10,sources/Local/Archives_de_la_CCI_de_Marseille_I_22_Marseille_Exports_1764.csv,Archives de la CCI de Marseille - I 22,19,,,,,Teklia-Jules Oudot,,,0,,,,,,,,,
689,Local,1742,Marseille,,Pour le Portugal,Exports,toille blanche,,,6900,,1725,livres,4,sources/Local/Archives_de_la_CCI_de_Marseille_I_22_Marseille_Exports_1764.csv,Archives de la CCI de Marseille - I 22,19,,,,,Teklia-Jules Oudot,,,0,,,,,,,,,
690,Local,1742,Marseille,,Pour le Portugal,Exports,toille manouf,,,500,,100,pièces,5,sources/Local/Archives_de_la_CCI_de_Marseille_I_22_Marseille_Exports_1764.csv,Archives de la CCI de Marseille - I 22,19,,,,,Teklia-Jules Oudot,,,0,,,,,,,,,
691,Local,1742,Marseille,,Pour le Portugal,Exports,treilly,,,300,,500,livres,0.6,sources/Local/Archives_de_la_CCI_de_Marseille_I_22_Marseille_Exports_1764.csv,Archives de la CCI de Marseille - I 22,19,,,,,Teklia-Jules Oudot,,,0,,,,,,,,,
692,Local,1742,Marseille,,Pour le Portugal,Exports,vin muscas,,,105,,3,milliers,35,sources/Local/Archives_de_la_CCI_de_Marseille_I_22_Marseille_Exports_1764.csv,Archives de la CCI de Marseille - I 22,19,,,,,Teklia-Jules Oudot,,,0,,,,,,,,,
693,Local,1742,Marseille,,Pour le Portugal,Exports,vin d’allemagne,,,2975,,119,milliers,25,sources/Local/Archives_de_la_CCI_de_Marseille_I_22_Marseille_Exports_1764.csv,Archives de la CCI de Marseille - I 22,19,,,,,Teklia-Jules Oudot,,,0,,,,,,,,,
694,Local,1742,Marseille,,Pour le Portugal,Exports,vin de champagne,,,4500,,30,milliers,150,sources/Local/Archives_de_la_CCI_de_Marseille_I_22_Marseille_Exports_1764.csv,Archives de la CCI de Marseille - I 22,19,,,,,Teklia-Jules Oudot,,,0,,,,,,,,,
695,Local,1742,Marseille,,Pour le Portugal,Exports,vin rouge,,,3262,,466,milliers,7,sources/Local/Archives_de_la_CCI_de_Marseille_I_22_Marseille_Exports_1764.csv,Archives de la CCI de Marseille - I 22,19,,,,,Teklia-Jules Oudot,,,0,,,,,,,,,
696,Local,1742,Marseille,,Pour le Portugal,Exports,vin aigre,,,28088,,4673,milliers,6,sources/Local/Archives_de_la_CCI_de_Marseille_I_22_Marseille_Exports_1764.csv,Archives de la CCI de Marseille - I 22,19,,,,,Teklia-Jules Oudot,,,50,,,,,,,,,
697,Local,1742,Marseille,,Pour le Portugal,Exports,verdet,,,2712,,3390,livres,0.8,sources/Local/Archives_de_la_CCI_de_Marseille_I_22_Marseille_Exports_1764.csv,Archives de la CCI de Marseille - I 22,19,,,,,Teklia-Jules Oudot,,,0,,,,,,,,,
698,Local,1742,Marseille,,Pour la suisse et geneve,Exports,artichaux frais,,,5,,50,livres,0.1,sources/Local/Archives_de_la_CCI_de_Marseille_I_22_Marseille_Exports_1764.csv,Archives de la CCI de Marseille - I 22,19,,,,,Teklia-Jules Oudot,,,0,,,,,,,,,
699,Local,1742,Marseille,,Pour la suisse et geneve,Exports,amandes cassées,,,2298,,11490,livres,0.2,sources/Local/Archives_de_la_CCI_de_Marseille_I_22_Marseille_Exports_1764.csv,Archives de la CCI de Marseille - I 22,19,,,,,Teklia-Jules Oudot,,,0,,,,,,,,,
700,Local,1742,Marseille,,Pour la suisse et geneve,Exports,bois,,,83,,1670,livres,0.05,sources/Local/Archives_de_la_CCI_de_Marseille_I_22_Marseille_Exports_1764.csv,Archives de la CCI de Marseille - I 22,19,,,,,Teklia-Jules Oudot,,,-0.5,,,,,,,,,
701,Local,1742,Marseille,,Pour la suisse et geneve,Exports,,,,198,,900,livres,0.22,sources/Local/Archives_de_la_CCI_de_Marseille_I_22_Marseille_Exports_1764.csv,Archives de la CCI de Marseille - I 22,19,,,,,Teklia-Jules Oudot,,,0,,,,,,,,,
702,Local,1742,Marseille,,Pour la suisse et geneve,Exports,cordes de lutz,,,500,,20,livres,25,sources/Local/Archives_de_la_CCI_de_Marseille_I_22_Marseille_Exports_1764.csv,Archives de la CCI de Marseille - I 22,19,,,,,Teklia-Jules Oudot,,,0,,,,,,,,,
703,Local,1742,Marseille,,Pour la suisse et geneve,Exports,chapeaux communs,,,1330,,266,livres,5,sources/Local/Archives_de_la_CCI_de_Marseille_I_22_Marseille_Exports_1764.csv,Archives de la CCI de Marseille - I 22,19,,,,,Teklia-Jules Oudot,,,0,,,,,,,,,
704,Local,1742,Marseille,,Pour la suisse et geneve,Exports,cuivre ouvré,,,24,,15,livres,1.6,sources/Local/Archives_de_la_CCI_de_Marseille_I_22_Marseille_Exports_1764.csv,Archives de la CCI de Marseille - I 22,19,,,,,Teklia-Jules Oudot,,,0,,,,,,,,,
705,Local,1742,Marseille,,Pour la suisse et geneve,Exports,eau de vie,,,1325,,6625,livres,0.2,sources/Local/Archives_de_la_CCI_de_Marseille_I_22_Marseille_Exports_1764.csv,Archives de la CCI de Marseille - I 22,19,,,,,Teklia-Jules Oudot,,,0,,,,,,,,,
706,Local,1742,Marseille,,Pour la suisse et geneve,Exports,eau de Raine,,,47,,315,livres,0.15,sources/Local/Archives_de_la_CCI_de_Marseille_I_22_Marseille_Exports_1764.csv,Archives de la CCI de Marseille - I 22,19,,,,,Teklia-Jules Oudot,,,-0.25,,,,,,,,,
707,Local,1742,Marseille,,Pour la suisse et geneve,Exports,Ecorces d’oranges seches,,,387,,775,livres,0.5,sources/Local/Archives_de_la_CCI_de_Marseille_I_22_Marseille_Exports_1764.csv,Archives de la CCI de Marseille - I 22,19,,,,,Teklia-Jules Oudot,,,-0.5,,,,,,,,,
708,Local,1742,Marseille,,Pour la suisse et geneve,Exports,miny,,,506,,5060,livres,0.1,sources/Local/Archives_de_la_CCI_de_Marseille_I_22_Marseille_Exports_1764.csv,Archives de la CCI de Marseille - I 22,19,,,,,Teklia-Jules Oudot,,,0,,,,,,,,,
709,Local,1742,Marseille,,Pour la suisse et geneve,Exports,graine d’avignon,,,375,,125,livres,3,sources/Local/Archives_de_la_CCI_de_Marseille_I_22_Marseille_Exports_1764.csv,Archives de la CCI de Marseille - I 22,19,,,,,Teklia-Jules Oudot,,,0,,,,,,,,,
710,Local,1742,Marseille,,Pour la suisse et geneve,Exports,huile d’olives,,,1498,,3745,livres,0.4,sources/Local/Archives_de_la_CCI_de_Marseille_I_22_Marseille_Exports_1764.csv,Archives de la CCI de Marseille - I 22,19,,,,,Teklia-Jules Oudot,,,0,,,,,,,,,
711,Local,1742,Marseille,,Pour la suisse et geneve,Exports,merluche,,,124,,620,livres,0.2,sources/Local/Archives_de_la_CCI_de_Marseille_I_22_Marseille_Exports_1764.csv,Archives de la CCI de Marseille - I 22,19,,,,,Teklia-Jules Oudot,,,0,,,,,,,,,
712,Local,1742,Marseille,,Pour la suisse et geneve,Exports,marmitte de fonte vieille,,,187,,250,livres,0.75,sources/Local/Archives_de_la_CCI_de_Marseille_I_22_Marseille_Exports_1764.csv,Archives de la CCI de Marseille - I 22,19,,,,,Teklia-Jules Oudot,,,-0.5,,,,,,,,,
713,Local,1742,Marseille,,Pour la suisse et geneve,Exports,oranges,,,465,,9310,livres,0.05,sources/Local/Archives_de_la_CCI_de_Marseille_I_22_Marseille_Exports_1764.csv,Archives de la CCI de Marseille - I 22,19,,,,,Teklia-Jules Oudot,,,-0.5,,,,,,,,,
714,Local,1742,Marseille,,Pour la suisse et geneve,Exports,prunes,,,12,,85,livres,0.15,sources/Local/Archives_de_la_CCI_de_Marseille_I_22_Marseille_Exports_1764.csv,Archives de la CCI de Marseille - I 22,19,,,,,Teklia-Jules Oudot,,,-0.75,,,,,,,,,
715,Local,1742,Marseille,,Pour la suisse et geneve,Exports,perdrix,,,10,,10,livres,1,sources/Local/Archives_de_la_CCI_de_Marseille_I_22_Marseille_Exports_1764.csv,Archives de la CCI de Marseille - I 22,19,,,,,Teklia-Jules Oudot,,,0,,,,,,,,,
716,Local,1742,Marseille,,Pour la suisse et geneve,Exports,plumes,,,216,,1080,livres,0.2,sources/Local/Archives_de_la_CCI_de_Marseille_I_22_Marseille_Exports_1764.csv,Archives de la CCI de Marseille - I 22,19,,,,,Teklia-Jules Oudot,,,0,,,,,,,,,
717,Local,1742,Marseille,,Pour la suisse et geneve,Exports,poivre,,,8,,7,livres,1.25,sources/Local/Archives_de_la_CCI_de_Marseille_I_22_Marseille_Exports_1764.csv,Archives de la CCI de Marseille - I 22,19,,,,,Teklia-Jules Oudot,,,-0.75,,,,,,,,,
718,Local,1742,Marseille,,Pour la suisse et geneve,Exports,Peaux sauvagines,,,2275,,455,livres,5,sources/Local/Archives_de_la_CCI_de_Marseille_I_22_Marseille_Exports_1764.csv,Archives de la CCI de Marseille - I 22,19,,,,,Teklia-Jules Oudot,,,0,,,,,,,,,
719,Local,1742,Marseille,,Pour la suisse et geneve,Exports,raisins de damas,,,2654,,6635,livres,0.4,sources/Local/Archives_de_la_CCI_de_Marseille_I_22_Marseille_Exports_1764.csv,Archives de la CCI de Marseille - I 22,19,,,,,Teklia-Jules Oudot,,,0,,,,,,,,,
720,Local,1742,Marseille,,Pour la suisse et geneve,Exports,raisins secs,,,60,,300,livres,0.2,sources/Local/Archives_de_la_CCI_de_Marseille_I_22_Marseille_Exports_1764.csv,Archives de la CCI de Marseille - I 22,19,,,,,Teklia-Jules Oudot,,,0,,,,,,,,,
721,Local,1742,Marseille,,Pour la suisse et geneve,Exports,savon,,,4418,,22090,livres,0.2,sources/Local/Archives_de_la_CCI_de_Marseille_I_22_Marseille_Exports_1764.csv,Archives de la CCI de Marseille - I 22,19,,,,,Teklia-Jules Oudot,,,0,,,,,,,,,
722,Local,1742,Marseille,,Pour la suisse et geneve,Exports,soufre en canon,,,7749,,32290,livres,1.2,sources/Local/Archives_de_la_CCI_de_Marseille_I_22_Marseille_Exports_1764.csv,Archives de la CCI de Marseille - I 22,19,,,,,Teklia-Jules Oudot,,,-30999,,,,,,,,,
723,Local,1742,Marseille,,Pour la suisse et geneve,Exports,vin muscas,,,36,,225,livres,0.8,sources/Local/Archives_de_la_CCI_de_Marseille_I_22_Marseille_Exports_1764.csv,Archives de la CCI de Marseille - I 22,19,,,,,Teklia-Jules Oudot,,,-144,,,,,,,,,
724,Local,1742,Marseille,,Pour la suisse et geneve,Exports,vermichel,,,391,,1565,livres,0.25,sources/Local/Archives_de_la_CCI_de_Marseille_I_22_Marseille_Exports_1764.csv,Archives de la CCI de Marseille - I 22,19,,,,,Teklia-Jules Oudot,,,-0.25,,,,,,,,,
725,Local,1742,Marseille,,Pour la savoye et le piemont,Exports,amandes cassées,,,185,,925,livres,0.2,sources/Local/Archives_de_la_CCI_de_Marseille_I_22_Marseille_Exports_1764.csv,Archives de la CCI de Marseille - I 22,19,,,,,Teklia-Jules Oudot,,,0,,,,,,,,,
726,Local,1742,Marseille,,Pour la savoye et le piemont,Exports,bas de soye,,,103,,516,livres,0.2,sources/Local/Archives_de_la_CCI_de_Marseille_I_22_Marseille_Exports_1764.csv,Archives de la CCI de Marseille - I 22,19,,,,,Teklia-Jules Oudot,,,-0.2,,,,,,,,,
727,Local,1742,Marseille,,Pour la savoye et le piemont,Exports,bas de laine grossier ,,,30,,12,onces,3.33,sources/Local/Archives_de_la_CCI_de_Marseille_I_22_Marseille_Exports_1764.csv,Archives de la CCI de Marseille - I 22,19,,,,,Teklia-Jules Oudot,,,-9.96,,,,,,,,,
728,Local,1742,Marseille,,Pour la savoye et le piemont,Exports,boutons de fil d’or,,,225,,100,livres,2.25,sources/Local/Archives_de_la_CCI_de_Marseille_I_22_Marseille_Exports_1764.csv,Archives de la CCI de Marseille - I 22,20,,,,,Teklia-Jules Oudot,,,0,,,,,,,,,
729,Local,1742,Marseille,,Pour la savoye et le piemont,Exports,bazannes tannées,,,25,,1,livres,25,sources/Local/Archives_de_la_CCI_de_Marseille_I_22_Marseille_Exports_1764.csv,Archives de la CCI de Marseille - I 22,20,,,,,Teklia-Jules Oudot,,,0,,,,,,,,,
730,Local,1742,Marseille,,Pour la savoye et le piemont,Exports,bouteilles de verre,,,1100,,110,douzaines,10,sources/Local/Archives_de_la_CCI_de_Marseille_I_22_Marseille_Exports_1764.csv,Archives de la CCI de Marseille - I 22,20,,,,,Teklia-Jules Oudot,,,0,,,,,,,,,
731,Local,1742,Marseille,,Pour la savoye et le piemont,Exports,bois ouvré,,,640,,3200,livres,0.2,sources/Local/Archives_de_la_CCI_de_Marseille_I_22_Marseille_Exports_1764.csv,Archives de la CCI de Marseille - I 22,20,,,,,Teklia-Jules Oudot,,,0,,,,,,,,,
732,Local,1742,Marseille,,Pour la savoye et le piemont,Exports,bois ouvré,,,30,,30,livres,,sources/Local/Archives_de_la_CCI_de_Marseille_I_22_Marseille_Exports_1764.csv,Archives de la CCI de Marseille - I 22,20,,,,,Teklia-Jules Oudot,,,30,,,,,,,,,
733,Local,1742,Marseille,,Pour la savoye et le piemont,Exports,crasse d’huile,,,343,,1335,livres,0.25,sources/Local/Archives_de_la_CCI_de_Marseille_I_22_Marseille_Exports_1764.csv,Archives de la CCI de Marseille - I 22,20,,,,,Teklia-Jules Oudot,,,9.25,,,,,,,,,
734,Local,1742,Marseille,,Pour la savoye et le piemont,Exports,cordeillat de Colmard,,,18360,1,765,pièces,24,sources/Local/Archives_de_la_CCI_de_Marseille_I_22_Marseille_Exports_1764.csv,Archives de la CCI de Marseille - I 22,20,,,,,Teklia-Jules Oudot,,,0,,,,,,,,,
735,Local,1742,Marseille,,Pour la savoye et le piemont,Exports,cordeillat de colmard,,,37,2,7.5,canes,5,sources/Local/Archives_de_la_CCI_de_Marseille_I_22_Marseille_Exports_1764.csv,Archives de la CCI de Marseille - I 22,20,,,,,Teklia-Jules Oudot,,,-0.5,,,,,,,,,
736,Local,1742,Marseille,,Pour la savoye et le piemont,Exports,cordeillat de comard,,,769,3,533,livres,1.5,sources/Local/Archives_de_la_CCI_de_Marseille_I_22_Marseille_Exports_1764.csv,Archives de la CCI de Marseille - I 22,20,,,,,Teklia-Jules Oudot,,,-30.5,,,,,,,,,
737,Local,1742,Marseille,,Pour la savoye et le piemont,Exports,chapeaux demi vigogne,,,60,,15,pièces,4,sources/Local/Archives_de_la_CCI_de_Marseille_I_22_Marseille_Exports_1764.csv,Archives de la CCI de Marseille - I 22,20,,,,,Teklia-Jules Oudot,,,0,,,,,,,,,
738,Local,1742,Marseille,,Pour la savoye et le piemont,Exports,chapeaux de laine,,,2110,,422,livres,5,sources/Local/Archives_de_la_CCI_de_Marseille_I_22_Marseille_Exports_1764.csv,Archives de la CCI de Marseille - I 22,20,,,,,Teklia-Jules Oudot,,,0,,,,,,,,,
739,Local,1742,Marseille,,Pour la savoye et le piemont,Exports,Cuir de bœuf tannés,,,2484,,69,livres,36,sources/Local/Archives_de_la_CCI_de_Marseille_I_22_Marseille_Exports_1764.csv,Archives de la CCI de Marseille - I 22,20,,,,,Teklia-Jules Oudot,,,0,,,,,,,,,
740,Local,1742,Marseille,,Pour la savoye et le piemont,Exports,cior de vache tannés,,,4082,,155,livres,26,sources/Local/Archives_de_la_CCI_de_Marseille_I_22_Marseille_Exports_1764.csv,Archives de la CCI de Marseille - I 22,20,,,,,Teklia-Jules Oudot,,,52,,,,,,,,,
741,Local,1742,Marseille,,Pour la savoye et le piemont,Exports,cuir de cheval tanné,,,160,,8,pièces,20,sources/Local/Archives_de_la_CCI_de_Marseille_I_22_Marseille_Exports_1764.csv,Archives de la CCI de Marseille - I 22,20,,,,,Teklia-Jules Oudot,,,0,,,,,,,,,
742,Local,1742,Marseille,,Pour la savoye et le piemont,Exports,cuir de cheval en poil,,,12,,2,pièces,12,sources/Local/Archives_de_la_CCI_de_Marseille_I_22_Marseille_Exports_1764.csv,Archives de la CCI de Marseille - I 22,20,,,,,Teklia-Jules Oudot,,,-12,,,,,,,,,
743,Local,1742,Marseille,,Pour la savoye et le piemont,Exports,cuir d’âne en poil,,,30,,10,pièces,3,sources/Local/Archives_de_la_CCI_de_Marseille_I_22_Marseille_Exports_1764.csv,Archives de la CCI de Marseille - I 22,20,,,,,Teklia-Jules Oudot,,,0,,,,,,,,,
744,Local,1742,Marseille,,Pour la savoye et le piemont,Exports,cuir neuf,,,1185,,790,livres,1.5,sources/Local/Archives_de_la_CCI_de_Marseille_I_22_Marseille_Exports_1764.csv,Archives de la CCI de Marseille - I 22,20,,,,,Teklia-Jules Oudot,,,0,,,,,,,,,
745,Local,1742,Marseille,,Pour la savoye et le piemont,Exports,cardes a carder,,,72,,24,pièces,3,sources/Local/Archives_de_la_CCI_de_Marseille_I_22_Marseille_Exports_1764.csv,Archives de la CCI de Marseille - I 22,20,,,,,Teklia-Jules Oudot,,,0,,,,,,,,,
746,Local,1742,Marseille,,Pour la savoye et le piemont,Exports,columbine,,,1104,,92,charges,12,sources/Local/Archives_de_la_CCI_de_Marseille_I_22_Marseille_Exports_1764.csv,Archives de la CCI de Marseille - I 22,20,,,,,Teklia-Jules Oudot,,,0,,,,,,,,,
747,Local,1742,Marseille,,Pour la savoye et le piemont,Exports,dindons,,,24,,16,pièces,1.5,sources/Local/Archives_de_la_CCI_de_Marseille_I_22_Marseille_Exports_1764.csv,Archives de la CCI de Marseille - I 22,20,,,,,Teklia-Jules Oudot,,,0,,,,,,,,,
748,Local,1742,Marseille,,Pour la savoye et le piemont,Exports,dorure fine,,,300,,3,livres,100,sources/Local/Archives_de_la_CCI_de_Marseille_I_22_Marseille_Exports_1764.csv,Archives de la CCI de Marseille - I 22,20,,,,,Teklia-Jules Oudot,,,0,,,,,,,,,
749,Local,1742,Marseille,,Pour la savoye et le piemont,Exports,draperie commune,,,1015,,145,livres,7,sources/Local/Archives_de_la_CCI_de_Marseille_I_22_Marseille_Exports_1764.csv,Archives de la CCI de Marseille - I 22,20,,,,,Teklia-Jules Oudot,,,0,,,,,,,,,
750,Local,1742,Marseille,,Pour la savoye et le piemont,Exports,eau de vie,,,116,,584,livres,0.2,sources/Local/Archives_de_la_CCI_de_Marseille_I_22_Marseille_Exports_1764.csv,Archives de la CCI de Marseille - I 22,20,,,,,Teklia-Jules Oudot,,,-0.8,,,,,,,,,
751,Local,1742,Marseille,,Pour la savoye et le piemont,Exports,eau de raze,,,9,,66,livres,0.15,sources/Local/Archives_de_la_CCI_de_Marseille_I_22_Marseille_Exports_1764.csv,Archives de la CCI de Marseille - I 22,20,,,,,Teklia-Jules Oudot,,,-0.9,,,,,,,,,
752,Local,1742,Marseille,,Pour la savoye et le piemont,Exports,etoffe de soye,,,1100,,27,livres,40,sources/Local/Archives_de_la_CCI_de_Marseille_I_22_Marseille_Exports_1764.csv,Archives de la CCI de Marseille - I 22,20,,,,,Teklia-Jules Oudot,,,20,,,,,,,,,
753,Local,1742,Marseille,,Pour la savoye et le piemont,Exports,Etoffe de laine,,,270,,45,livres,6,sources/Local/Archives_de_la_CCI_de_Marseille_I_22_Marseille_Exports_1764.csv,Archives de la CCI de Marseille - I 22,20,,,,,Teklia-Jules Oudot,,,0,,,,,,,,,
754,Local,1742,Marseille,,Pour la savoye et le piemont,Exports,etoupes de chanvre,,,40,,400,livres,0.1,sources/Local/Archives_de_la_CCI_de_Marseille_I_22_Marseille_Exports_1764.csv,Archives de la CCI de Marseille - I 22,20,,,,,Teklia-Jules Oudot,,,0,,,,,,,,,
755,Local,1742,Marseille,,Pour la savoye et le piemont,Exports,evantails fins,,,150,,2.5,douzaines,60,sources/Local/Archives_de_la_CCI_de_Marseille_I_22_Marseille_Exports_1764.csv,Archives de la CCI de Marseille - I 22,20,,,,,Teklia-Jules Oudot,,,0,,,,,,,,,
756,Local,1742,Marseille,,Pour la savoye et le piemont,Exports,evantails communs,,,36,,2,douzaines,18,sources/Local/Archives_de_la_CCI_de_Marseille_I_22_Marseille_Exports_1764.csv,Archives de la CCI de Marseille - I 22,20,,,,,Teklia-Jules Oudot,,,0,,,,,,,,,
757,Local,1742,Marseille,,Pour la savoye et le piemont,Exports,figues,,,260,,2600,livres,0.1,sources/Local/Archives_de_la_CCI_de_Marseille_I_22_Marseille_Exports_1764.csv,Archives de la CCI de Marseille - I 22,20,,,,,Teklia-Jules Oudot,,,0,,,,,,,,,
758,Local,1742,Marseille,,Pour la savoye et le piemont,Exports,fayance,,,266,,533,livres,0.5,sources/Local/Archives_de_la_CCI_de_Marseille_I_22_Marseille_Exports_1764.csv,Archives de la CCI de Marseille - I 22,20,,,,,Teklia-Jules Oudot,,,-0.5,,,,,,,,,
759,Local,1742,Marseille,,Pour la savoye et le piemont,Exports,fer ouvré ,,,193,,965,livres,0.2,sources/Local/Archives_de_la_CCI_de_Marseille_I_22_Marseille_Exports_1764.csv,Archives de la CCI de Marseille - I 22,20,,,,,Teklia-Jules Oudot,,,0,,,,,,,,,
760,Local,1742,Marseille,,Pour la savoye et le piemont,Exports,Fumiers,,,19,,65,charges,0.3,sources/Local/Archives_de_la_CCI_de_Marseille_I_22_Marseille_Exports_1764.csv,Archives de la CCI de Marseille - I 22,20,,,,,Teklia-Jules Oudot,,,-0.5,,,,,,,,,
761,Local,1742,Marseille,,Pour la savoye et le piemont,Exports,graisse de boucherie,,,6,,25,quintal,0.24,sources/Local/Archives_de_la_CCI_de_Marseille_I_22_Marseille_Exports_1764.csv,Archives de la CCI de Marseille - I 22,20,,,,,Teklia-Jules Oudot,,,0,,,,,,,,,
762,Local,1742,Marseille,,Pour la savoye et le piemont,Exports,graine de chanvre,,,17,,1.5,charges,0.05,sources/Local/Archives_de_la_CCI_de_Marseille_I_22_Marseille_Exports_1764.csv,Archives de la CCI de Marseille - I 22,20,,,,,Teklia-Jules Oudot,,,16925,,,,,,,,,
763,Local,1742,Marseille,,Pour la savoye et le piemont,Exports,gaze fil en soye,,,2,,2,charges,0.05,sources/Local/Archives_de_la_CCI_de_Marseille_I_22_Marseille_Exports_1764.csv,Archives de la CCI de Marseille - I 22,20,,,,,Teklia-Jules Oudot,,,1.9,,,,,,,,,
764,Local,1742,Marseille,,Pour la savoye et le piemont,Exports,gans communs,,,43,,72,pairs,0.6,sources/Local/Archives_de_la_CCI_de_Marseille_I_22_Marseille_Exports_1764.csv,Archives de la CCI de Marseille - I 22,20,,,,,Teklia-Jules Oudot,,,-0.2,,,,,,,,,
765,Local,1742,Marseille,,Pour la savoye et le piemont,Exports,huile d’olive,,,66,,164,livres,0.4,sources/Local/Archives_de_la_CCI_de_Marseille_I_22_Marseille_Exports_1764.csv,Archives de la CCI de Marseille - I 22,20,,,,,Teklia-Jules Oudot,,,0.4,,,,,,,,,
766,Local,1742,Marseille,,Pour la savoye et le piemont,Exports,huile de senteur,,,90,,90,livres,1,sources/Local/Archives_de_la_CCI_de_Marseille_I_22_Marseille_Exports_1764.csv,Archives de la CCI de Marseille - I 22,20,,,,,Teklia-Jules Oudot,,,0,,,,,,,,,
767,Local,1742,Marseille,,Pour la savoye et le piemont,Exports,habits vieux,,,12,,2,pièces,6,sources/Local/Archives_de_la_CCI_de_Marseille_I_22_Marseille_Exports_1764.csv,Archives de la CCI de Marseille - I 22,20,,,,,Teklia-Jules Oudot,,,0,,,,,,,,,
768,Local,1742,Marseille,,Pour la savoye et le piemont,Exports,jarres de terre a vin,,,8,,4,pièces,2,sources/Local/Archives_de_la_CCI_de_Marseille_I_22_Marseille_Exports_1764.csv,Archives de la CCI de Marseille - I 22,20,,,,,Teklia-Jules Oudot,,,0,,,,,,,,,
769,Local,1742,Marseille,,Pour la savoye et le piemont,Exports,linge grossier,,,50,,100,livres,0.5,sources/Local/Archives_de_la_CCI_de_Marseille_I_22_Marseille_Exports_1764.csv,Archives de la CCI de Marseille - I 22,20,,,,,Teklia-Jules Oudot,,,0,,,,,,,,,
770,Local,1742,Marseille,,Pour la savoye et le piemont,Exports,miel,,,54,,450,livres,0.12,sources/Local/Archives_de_la_CCI_de_Marseille_I_22_Marseille_Exports_1764.csv,Archives de la CCI de Marseille - I 22,20,,,,,Teklia-Jules Oudot,,,0,,,,,,,,,
771,Local,1742,Marseille,,Pour la savoye et le piemont,Exports,noix,,,60,,4,charges,15,sources/Local/Archives_de_la_CCI_de_Marseille_I_22_Marseille_Exports_1764.csv,Archives de la CCI de Marseille - I 22,20,,,,,Teklia-Jules Oudot,,,0,,,,,,,,,
772,Local,1742,Marseille,,Pour la savoye et le piemont,Exports,œufs,,,26,,1750,livres,15,sources/Local/Archives_de_la_CCI_de_Marseille_I_22_Marseille_Exports_1764.csv,Archives de la CCI de Marseille - I 22,20,,,,,Teklia-Jules Oudot,,,-0.25,,,,,,,,,
773,Local,1742,Marseille,,Pour la savoye et le piemont,Exports,oranges,,,130,,87,milliers,1.5,sources/Local/Archives_de_la_CCI_de_Marseille_I_22_Marseille_Exports_1764.csv,Archives de la CCI de Marseille - I 22,20,,,,,Teklia-Jules Oudot,,,-0.5,,,,,,,,,
774,Local,1742,Marseille,,Pour la savoye et le piemont,Exports,mercerie,,,1708,,488,livres,3.1,sources/Local/Archives_de_la_CCI_de_Marseille_I_22_Marseille_Exports_1764.csv,Archives de la CCI de Marseille - I 22,20,,,,,Teklia-Jules Oudot,,,195.2,,,,,,,,,
775,Local,1742,Marseille,,Pour la savoye et le piemont,Exports,poules,,,102,,102,pièces,1,sources/Local/Archives_de_la_CCI_de_Marseille_I_22_Marseille_Exports_1764.csv,Archives de la CCI de Marseille - I 22,21,,,,,Teklia-Jules Oudot,,,0,,,,,,,,,
776,Local,1742,Marseille,,Pour la savoye et le piemont,Exports,poissons fris,,,228,,38,barils,6,sources/Local/Archives_de_la_CCI_de_Marseille_I_22_Marseille_Exports_1764.csv,Archives de la CCI de Marseille - I 22,21,,,,,Teklia-Jules Oudot,,,0,,,,,,,,,
777,Local,1742,Marseille,,Pour la savoye et le piemont,Exports,poissons frais gros,,,672,,3362,livres,0.2,sources/Local/Archives_de_la_CCI_de_Marseille_I_22_Marseille_Exports_1764.csv,Archives de la CCI de Marseille - I 22,21,,,,,Teklia-Jules Oudot,,,-0.4,,,,,,,,,
778,Local,1742,Marseille,,Pour la savoye et le piemont,Exports,poix noire,,,2,,25,livres,0.09,sources/Local/Archives_de_la_CCI_de_Marseille_I_22_Marseille_Exports_1764.csv,Archives de la CCI de Marseille - I 22,21,,,,,Teklia-Jules Oudot,,,-0.25,,,,,,,,,
779,Local,1742,Marseille,,Pour la savoye et le piemont,Exports,prunes,,,2,,10,livres,0.2,sources/Local/Archives_de_la_CCI_de_Marseille_I_22_Marseille_Exports_1764.csv,Archives de la CCI de Marseille - I 22,21,,,,,Teklia-Jules Oudot,,,0,,,,,,,,,
780,Local,1742,Marseille,,Pour la savoye et le piemont,Exports,peaux de mouton en couleurs,,,122,,8,douzaines,12,sources/Local/Archives_de_la_CCI_de_Marseille_I_22_Marseille_Exports_1764.csv,Archives de la CCI de Marseille - I 22,21,,,,,Teklia-Jules Oudot,,,26,,,,,,,,,
781,Local,1742,Marseille,,Pour la savoye et le piemont,Exports,peaux de mouton blanches,,,1134,,126,douzaines,9,sources/Local/Archives_de_la_CCI_de_Marseille_I_22_Marseille_Exports_1764.csv,Archives de la CCI de Marseille - I 22,21,,,,,Teklia-Jules Oudot,,,0,,,,,,,,,
782,Local,1742,Marseille,,Pour la savoye et le piemont,Exports,peaux de veau tannées,,,796,,33,douzaines,24,sources/Local/Archives_de_la_CCI_de_Marseille_I_22_Marseille_Exports_1764.csv,Archives de la CCI de Marseille - I 22,21,,,,,Teklia-Jules Oudot,,,4,,,,,,,,,
783,Local,1742,Marseille,,Pour la savoye et le piemont,Exports,perruques,,,125,,5,pièces,25,sources/Local/Archives_de_la_CCI_de_Marseille_I_22_Marseille_Exports_1764.csv,Archives de la CCI de Marseille - I 22,21,,,,,Teklia-Jules Oudot,,,0,,,,,,,,,
784,Local,1742,Marseille,,Pour la savoye et le piemont,Exports,raisins fraix,,,485,,9500,livres,0.05,sources/Local/Archives_de_la_CCI_de_Marseille_I_22_Marseille_Exports_1764.csv,Archives de la CCI de Marseille - I 22,21,,,,,Teklia-Jules Oudot,,,10,,,,,,,,,
785,Local,1742,Marseille,,Pour la savoye et le piemont,Exports,sucre,,,2,,7,livres,0.4,sources/Local/Archives_de_la_CCI_de_Marseille_I_22_Marseille_Exports_1764.csv,Archives de la CCI de Marseille - I 22,21,,,,,Teklia-Jules Oudot,,,-0.8,,,,,,,,,
786,Local,1742,Marseille,,Pour la savoye et le piemont,Exports,souliers,,,7,,2,pièces,3,sources/Local/Archives_de_la_CCI_de_Marseille_I_22_Marseille_Exports_1764.csv,Archives de la CCI de Marseille - I 22,21,,,,,Teklia-Jules Oudot,,,1,,,,,,,,,
787,Local,1742,Marseille,,Pour la savoye et le piemont,Exports,vin aigre,,,288,,16,charges,18,sources/Local/Archives_de_la_CCI_de_Marseille_I_22_Marseille_Exports_1764.csv,Archives de la CCI de Marseille - I 22,21,,,,,Teklia-Jules Oudot,,,0,,,,,,,,,
788,Local,1742,Marseille,,Pour la savoye et le piemont,Exports,vin a boire,,,3400,,3400,livres,1,sources/Local/Archives_de_la_CCI_de_Marseille_I_22_Marseille_Exports_1764.csv,Archives de la CCI de Marseille - I 22,21,,,,,Teklia-Jules Oudot,,,0,,,,,,,,,
789,Local,1742,Marseille,,Pour l’Italie,Exports,avoine,,,140,,14,charges,10,sources/Local/Archives_de_la_CCI_de_Marseille_I_22_Marseille_Exports_1764.csv,Archives de la CCI de Marseille - I 22,21,,,,,Teklia-Jules Oudot,,,0,,,,,,,,,
790,Local,1742,Marseille,,Pour l’Italie,Exports,anchois,,,1627,,3255,livres,0.5,sources/Local/Archives_de_la_CCI_de_Marseille_I_22_Marseille_Exports_1764.csv,Archives de la CCI de Marseille - I 22,21,,,,,Teklia-Jules Oudot,,,-0.5,,,,,,,,,
791,Local,1742,Marseille,,Pour l’Italie,Exports,anguilles salées,,,23056,,46113,livres,0.5,sources/Local/Archives_de_la_CCI_de_Marseille_I_22_Marseille_Exports_1764.csv,Archives de la CCI de Marseille - I 22,21,,,,,Teklia-Jules Oudot,,,-0.5,,,,,,,,,
792,Local,1742,Marseille,,Pour l’Italie,Exports,amandes cassées,,,232493,,1162467,livres,0.2,sources/Local/Archives_de_la_CCI_de_Marseille_I_22_Marseille_Exports_1764.csv,Archives de la CCI de Marseille - I 22,21,,,,,Teklia-Jules Oudot,,,-0.4,,,,,,,,,
793,Local,1742,Marseille,,Pour l’Italie,Exports,anis,,,7560,,37804,livres,0.2,sources/Local/Archives_de_la_CCI_de_Marseille_I_22_Marseille_Exports_1764.csv,Archives de la CCI de Marseille - I 22,21,,,,,Teklia-Jules Oudot,,,-0.8,,,,,,,,,
794,Local,1742,Marseille,,Pour l’Italie,Exports,arsenic,,,78,,260,livres,0.3,sources/Local/Archives_de_la_CCI_de_Marseille_I_22_Marseille_Exports_1764.csv,Archives de la CCI de Marseille - I 22,21,,,,,Teklia-Jules Oudot,,,0,,,,,,,,,
795,Local,1742,Marseille,,Pour l’Italie,Exports,asa felida,,,585,,390,livres,1.5,sources/Local/Archives_de_la_CCI_de_Marseille_I_22_Marseille_Exports_1764.csv,Archives de la CCI de Marseille - I 22,21,,,,,Teklia-Jules Oudot,,,0,,,,,,,,,
796,Local,1742,Marseille,,Pour l’Italie,Exports,arcanie,,,680,,340,livres,2,sources/Local/Archives_de_la_CCI_de_Marseille_I_22_Marseille_Exports_1764.csv,Archives de la CCI de Marseille - I 22,21,,,,,Teklia-Jules Oudot,,,0,,,,,,,,,
797,Local,1742,Marseille,,Pour l’Italie,Exports,amidon,,,7662,,38313,livres,0.2,sources/Local/Archives_de_la_CCI_de_Marseille_I_22_Marseille_Exports_1764.csv,Archives de la CCI de Marseille - I 22,21,,,,,Teklia-Jules Oudot,,,-0.6,,,,,,,,,
798,Local,1742,Marseille,,Pour l’Italie,Exports,alun,,,763,,5450,livres,0.14,sources/Local/Archives_de_la_CCI_de_Marseille_I_22_Marseille_Exports_1764.csv,Archives de la CCI de Marseille - I 22,21,,,,,Teklia-Jules Oudot,,,0,,,,,,,,,
799,Local,1742,Marseille,,Pour l’Italie,Exports,azur commun,,,48,,80,livres,0.6,sources/Local/Archives_de_la_CCI_de_Marseille_I_22_Marseille_Exports_1764.csv,Archives de la CCI de Marseille - I 22,21,,,,,Teklia-Jules Oudot,,,0,,,,,,,,,
800,Local,1742,Marseille,,Pour l’Italie,Exports,aristoloche,,,1608,,1340,livres,1.2,sources/Local/Archives_de_la_CCI_de_Marseille_I_22_Marseille_Exports_1764.csv,Archives de la CCI de Marseille - I 22,21,,,,,Teklia-Jules Oudot,,,0,,,,,,,,,
801,Local,1742,Marseille,,Pour l’Italie,Exports,aloës,,,111,,111,livres,1,sources/Local/Archives_de_la_CCI_de_Marseille_I_22_Marseille_Exports_1764.csv,Archives de la CCI de Marseille - I 22,21,,,,,Teklia-Jules Oudot,,,0,,,,,,,,,
802,Local,1742,Marseille,,Pour l’Italie,Exports,??????,,,2056,,5877,livres,0.35,sources/Local/Archives_de_la_CCI_de_Marseille_I_22_Marseille_Exports_1764.csv,Archives de la CCI de Marseille - I 22,21,,,,,Teklia-Jules Oudot,,,-0.95,,,,,,,,,
803,Local,1742,Marseille,,Pour l’Italie,Exports,ajamis,,,74688,,24896,pièces,3,sources/Local/Archives_de_la_CCI_de_Marseille_I_22_Marseille_Exports_1764.csv,Archives de la CCI de Marseille - I 22,21,,,,,Teklia-Jules Oudot,,,0,,,,,,,,,
804,Local,1742,Marseille,,Pour l’Italie,Exports,alayas,,,120,,40,pièces,3,sources/Local/Archives_de_la_CCI_de_Marseille_I_22_Marseille_Exports_1764.csv,Archives de la CCI de Marseille - I 22,21,,,,,Teklia-Jules Oudot,,,0,,,,,,,,,
805,Local,1742,Marseille,,Pour l’Italie,Exports,avirons,,,4200,,1200,pairs,3.1,sources/Local/Archives_de_la_CCI_de_Marseille_I_22_Marseille_Exports_1764.csv,Archives de la CCI de Marseille - I 22,21,,,,,Teklia-Jules Oudot,,,480,,,,,,,,,
806,Local,1742,Marseille,,Pour l’Italie,Exports,bled fromen,,,392832,,21824,charges,18,sources/Local/Archives_de_la_CCI_de_Marseille_I_22_Marseille_Exports_1764.csv,Archives de la CCI de Marseille - I 22,21,,,,,Teklia-Jules Oudot,,,0,,,,,,,,,
807,Local,1742,Marseille,,Pour l’Italie,Exports,beurre,,,5373,,21492,livres,0.25,sources/Local/Archives_de_la_CCI_de_Marseille_I_22_Marseille_Exports_1764.csv,Archives de la CCI de Marseille - I 22,21,,,,,Teklia-Jules Oudot,,,0,,,,,,,,,
808,Local,1742,Marseille,,Pour l’Italie,Exports,bierre,,,1250,,25000,livres,0.05,sources/Local/Archives_de_la_CCI_de_Marseille_I_22_Marseille_Exports_1764.csv,Archives de la CCI de Marseille - I 22,21,,,,,Teklia-Jules Oudot,,,0,,,,,,,,,
809,Local,1742,Marseille,,Pour l’Italie,Exports,Bray sec,,,10071,,100714,livres,0.1,sources/Local/Archives_de_la_CCI_de_Marseille_I_22_Marseille_Exports_1764.csv,Archives de la CCI de Marseille - I 22,21,,,,,Teklia-Jules Oudot,,,-0.4,,,,,,,,,
810,Local,1742,Marseille,,Pour l’Italie,Exports,bedelium,,,105,,105,livres,1,sources/Local/Archives_de_la_CCI_de_Marseille_I_22_Marseille_Exports_1764.csv,Archives de la CCI de Marseille - I 22,21,,,,,Teklia-Jules Oudot,,,0,,,,,,,,,
811,Local,1742,Marseille,,Pour l’Italie,Exports,baume du perou,,,1040,,208,livres,5,sources/Local/Archives_de_la_CCI_de_Marseille_I_22_Marseille_Exports_1764.csv,Archives de la CCI de Marseille - I 22,21,,,,,Teklia-Jules Oudot,,,0,,,,,,,,,
812,Local,1742,Marseille,,Pour l’Italie,Exports,benjoin,,,3025,,605,livres,5,sources/Local/Archives_de_la_CCI_de_Marseille_I_22_Marseille_Exports_1764.csv,Archives de la CCI de Marseille - I 22,21,,,,,Teklia-Jules Oudot,,,0,,,,,,,,,
813,Local,1742,Marseille,,Pour l’Italie,Exports,brun rouge,,,3039,,86850,livres,0.03,sources/Local/Archives_de_la_CCI_de_Marseille_I_22_Marseille_Exports_1764.csv,Archives de la CCI de Marseille - I 22,21,,,,,Teklia-Jules Oudot,,,433.5,,,,,,,,,
814,Local,1742,Marseille,,Pour l’Italie,Exports,bours de soye,,,4860,,135,pièces,36,sources/Local/Archives_de_la_CCI_de_Marseille_I_22_Marseille_Exports_1764.csv,Archives de la CCI de Marseille - I 22,21,,,,,Teklia-Jules Oudot,,,0,,,,,,,,,
815,Local,1742,Marseille,,Pour l’Italie,Exports,bours fil et coton,,,5184,,648,pièces,8,sources/Local/Archives_de_la_CCI_de_Marseille_I_22_Marseille_Exports_1764.csv,Archives de la CCI de Marseille - I 22,21,,,,,Teklia-Jules Oudot,,,0,,,,,,,,,
816,Local,1742,Marseille,,Pour l’Italie,Exports,batanonis,,,4362,,1745,pièces,2.5,sources/Local/Archives_de_la_CCI_de_Marseille_I_22_Marseille_Exports_1764.csv,Archives de la CCI de Marseille - I 22,21,,,,,Teklia-Jules Oudot,,,-0.5,,,,,,,,,
817,Local,1742,Marseille,,Pour l’Italie,Exports,Bas de soye,,,83920,,2098,livres,40,sources/Local/Archives_de_la_CCI_de_Marseille_I_22_Marseille_Exports_1764.csv,Archives de la CCI de Marseille - I 22,22,,,,,Teklia-Jules Oudot,,,0,,,,,,,,,
818,Local,1742,Marseille,,Pour l’Italie,Exports,bas d’estame,,,49940,,4994,livres,0.1,sources/Local/Archives_de_la_CCI_de_Marseille_I_22_Marseille_Exports_1764.csv,Archives de la CCI de Marseille - I 22,22,,,,,Teklia-Jules Oudot,,,49440.6,,,,,,,,,
819,Local,1742,Marseille,,Pour l’Italie,Exports,bas de laine grossiers,,,32285,1,14349,livres,2.25,sources/Local/Archives_de_la_CCI_de_Marseille_I_22_Marseille_Exports_1764.csv,Archives de la CCI de Marseille - I 22,22,,,,,Teklia-Jules Oudot,,,-0.25,,,,,,,,,
820,Local,1742,Marseille,,Pour l’Italie,Exports,bas de laine grossiers,,,280,2,140,paires,2,sources/Local/Archives_de_la_CCI_de_Marseille_I_22_Marseille_Exports_1764.csv,Archives de la CCI de Marseille - I 22,22,,,,,Teklia-Jules Oudot,,,0,,,,,,,,,
821,Local,1742,Marseille,,Pour l’Italie,Exports,bas de fil de coton,,,3250,,650,livres,5,sources/Local/Archives_de_la_CCI_de_Marseille_I_22_Marseille_Exports_1764.csv,Archives de la CCI de Marseille - I 22,22,,,,,Teklia-Jules Oudot,,,0,,,,,,,,,
822,Local,1742,Marseille,,Pour l’Italie,Exports,bas de bonnets de coton,,,45000,,750,livres,6,sources/Local/Archives_de_la_CCI_de_Marseille_I_22_Marseille_Exports_1764.csv,Archives de la CCI de Marseille - I 22,22,,,,,Teklia-Jules Oudot,,,40500,,,,,,,,,
823,Local,1742,Marseille,,Pour l’Italie,Exports,bonets de coton,,,670,,67,douzaines,10,sources/Local/Archives_de_la_CCI_de_Marseille_I_22_Marseille_Exports_1764.csv,Archives de la CCI de Marseille - I 22,22,,,,,Teklia-Jules Oudot,,,0,,,,,,,,,
824,Local,1742,Marseille,,Pour l’Italie,Exports,bonnets de laine,,,38601,,4289,douzaine,9,sources/Local/Archives_de_la_CCI_de_Marseille_I_22_Marseille_Exports_1764.csv,Archives de la CCI de Marseille - I 22,22,,,,,Teklia-Jules Oudot,,,0,,,,,,,,,
825,Local,1742,Marseille,,Pour l’Italie,Exports,Bourre de bœuf,,,1005,,10050,livres,0.1,sources/Local/Archives_de_la_CCI_de_Marseille_I_22_Marseille_Exports_1764.csv,Archives de la CCI de Marseille - I 22,22,,,,,Teklia-Jules Oudot,,,0,,,,,,,,,
826,Local,1742,Marseille,,Pour l’Italie,Exports,bazannes tannées,,,9620,1,962,douzaines,10,sources/Local/Archives_de_la_CCI_de_Marseille_I_22_Marseille_Exports_1764.csv,Archives de la CCI de Marseille - I 22,22,,,,,Teklia-Jules Oudot,,,0,,,,,,,,,
827,Local,1742,Marseille,,Pour l’Italie,Exports,bazannes tannées,,,51365,2,51365,livres,1,sources/Local/Archives_de_la_CCI_de_Marseille_I_22_Marseille_Exports_1764.csv,Archives de la CCI de Marseille - I 22,22,,,,,Teklia-Jules Oudot,,,0,,,,,,,,,
828,Local,1742,Marseille,,Pour l’Italie,Exports,babouches,,,360,,12,douzaines,30,sources/Local/Archives_de_la_CCI_de_Marseille_I_22_Marseille_Exports_1764.csv,Archives de la CCI de Marseille - I 22,22,,,,,Teklia-Jules Oudot,,,0,,,,,,,,,
829,Local,1742,Marseille,,Pour l’Italie,Exports,boyaux de mouton salés,,,272,,1360,livres,0.2,sources/Local/Archives_de_la_CCI_de_Marseille_I_22_Marseille_Exports_1764.csv,Archives de la CCI de Marseille - I 22,22,,,,,Teklia-Jules Oudot,,,0,,,,,,,,,
830,Local,1742,Marseille,,Pour l’Italie,Exports,bouteilles de verre,,,7240,,36200,livres,0.2,sources/Local/Archives_de_la_CCI_de_Marseille_I_22_Marseille_Exports_1764.csv,Archives de la CCI de Marseille - I 22,22,,,,,Teklia-Jules Oudot,,,0,,,,,,,,,
831,Local,1742,Marseille,,Pour l’Italie,Exports,balaine coupée,,,14975,,2995,livres,5,sources/Local/Archives_de_la_CCI_de_Marseille_I_22_Marseille_Exports_1764.csv,Archives de la CCI de Marseille - I 22,22,,,,,Teklia-Jules Oudot,,,0,,,,,,,,,
832,Local,1742,Marseille,,Pour l’Italie,Exports,balays de Palme,,,816,,905,douzaines,0.9,sources/Local/Archives_de_la_CCI_de_Marseille_I_22_Marseille_Exports_1764.csv,Archives de la CCI de Marseille - I 22,22,,,,,Teklia-Jules Oudot,,,1.5,,,,,,,,,
833,Local,1742,Marseille,,Pour l’Italie,Exports,bouchons de lièges,,,5400,,1800,livres,3,sources/Local/Archives_de_la_CCI_de_Marseille_I_22_Marseille_Exports_1764.csv,Archives de la CCI de Marseille - I 22,22,,,,,Teklia-Jules Oudot,,,0,,,,,,,,,
834,Local,1742,Marseille,,Pour l’Italie,Exports,bois ouvré,,,100,,100,livres,,sources/Local/Archives_de_la_CCI_de_Marseille_I_22_Marseille_Exports_1764.csv,Archives de la CCI de Marseille - I 22,22,,,,,Teklia-Jules Oudot,,,100,,,,,,,,,
835,Local,1742,Marseille,,Pour l’Italie,Exports,Bois de sandal moulu,,,1378,,5300,livres,0.26,sources/Local/Archives_de_la_CCI_de_Marseille_I_22_Marseille_Exports_1764.csv,Archives de la CCI de Marseille - I 22,22,,,,,Teklia-Jules Oudot,,,0,,,,,,,,,
836,Local,1742,Marseille,,Pour l’Italie,Exports,bois fustel,,,27,,550,livres,0.05,sources/Local/Archives_de_la_CCI_de_Marseille_I_22_Marseille_Exports_1764.csv,Archives de la CCI de Marseille - I 22,22,,,,,Teklia-Jules Oudot,,,-0.5,,,,,,,,,
837,Local,1742,Marseille,,Pour l’Italie,Exports,bois de Gayac,,,180,,300,livres,0.6,sources/Local/Archives_de_la_CCI_de_Marseille_I_22_Marseille_Exports_1764.csv,Archives de la CCI de Marseille - I 22,22,,,,,Teklia-Jules Oudot,,,0,,,,,,,,,
838,Local,1742,Marseille,,Pour l’Italie,Exports,bois de campeche,,,44040,,275250,livres,0.16,sources/Local/Archives_de_la_CCI_de_Marseille_I_22_Marseille_Exports_1764.csv,Archives de la CCI de Marseille - I 22,22,,,,,Teklia-Jules Oudot,,,0,,,,,,,,,
839,Local,1742,Marseille,,Pour l’Italie,Exports,bois de calatour,,,75,,750,livres,0.1,sources/Local/Archives_de_la_CCI_de_Marseille_I_22_Marseille_Exports_1764.csv,Archives de la CCI de Marseille - I 22,22,,,,,Teklia-Jules Oudot,,,0,,,,,,,,,
840,Local,1742,Marseille,,Pour l’Italie,Exports,bois de Bresil,,,6237,,24950,livres,0.25,sources/Local/Archives_de_la_CCI_de_Marseille_I_22_Marseille_Exports_1764.csv,Archives de la CCI de Marseille - I 22,22,,,,,Teklia-Jules Oudot,,,-0.5,,,,,,,,,
841,Local,1742,Marseille,,Pour l’Italie,Exports,bois a bruler,,,3024,,16800,livres,0.18,sources/Local/Archives_de_la_CCI_de_Marseille_I_22_Marseille_Exports_1764.csv,Archives de la CCI de Marseille - I 22,22,,,,,Teklia-Jules Oudot,,,0,,,,,,,,,
842,Local,1742,Marseille,,Pour l’Italie,Exports,bourdes,,,336,,5600,livres,0.06,sources/Local/Archives_de_la_CCI_de_Marseille_I_22_Marseille_Exports_1764.csv,Archives de la CCI de Marseille - I 22,22,,,,,Teklia-Jules Oudot,,,0,,,,,,,,,
843,Local,1742,Marseille,,Pour l’Italie,Exports,barrils vuides neufs,,,20,,40,pièces,0.5,sources/Local/Archives_de_la_CCI_de_Marseille_I_22_Marseille_Exports_1764.csv,Archives de la CCI de Marseille - I 22,22,,,,,Teklia-Jules Oudot,,,0,,,,,,,,,
844,Local,1742,Marseille,,Pour l’Italie,Exports,citrons,,,136,,17,milliers,8,sources/Local/Archives_de_la_CCI_de_Marseille_I_22_Marseille_Exports_1764.csv,Archives de la CCI de Marseille - I 22,22,,,,,Teklia-Jules Oudot,,,0,,,,,,,,,
845,Local,1742,Marseille,,Pour l’Italie,Exports,confitures,,,5498,,5498,livres,1,sources/Local/Archives_de_la_CCI_de_Marseille_I_22_Marseille_Exports_1764.csv,Archives de la CCI de Marseille - I 22,22,,,,,Teklia-Jules Oudot,,,0,,,,,,,,,
846,Local,1742,Marseille,,Pour l’Italie,Exports,chataignes,,,10,,200,livres,0.05,sources/Local/Archives_de_la_CCI_de_Marseille_I_22_Marseille_Exports_1764.csv,Archives de la CCI de Marseille - I 22,22,,,,,Teklia-Jules Oudot,,,0,,,,,,,,,
847,Local,1742,Marseille,,Pour l’Italie,Exports,capres,,,6842,,31100,livres,0.22,sources/Local/Archives_de_la_CCI_de_Marseille_I_22_Marseille_Exports_1764.csv,Archives de la CCI de Marseille - I 22,22,,,,,Teklia-Jules Oudot,,,0,,,,,,,,,
848,Local,1742,Marseille,,Pour l’Italie,Exports,chocolas,,,2138,,611,livres,3.5,sources/Local/Archives_de_la_CCI_de_Marseille_I_22_Marseille_Exports_1764.csv,Archives de la CCI de Marseille - I 22,22,,,,,Teklia-Jules Oudot,,,-0.5,,,,,,,,,
849,Local,1742,Marseille,,Pour l’Italie,Exports,caffé de levan,,,12972,,25945,livres,0.5,sources/Local/Archives_de_la_CCI_de_Marseille_I_22_Marseille_Exports_1764.csv,Archives de la CCI de Marseille - I 22,22,,,,,Teklia-Jules Oudot,,,-0.5,,,,,,,,,
850,Local,1742,Marseille,,Pour l’Italie,Exports,caffé de l’amérique,,,600654,,444929,livres,1.35,sources/Local/Archives_de_la_CCI_de_Marseille_I_22_Marseille_Exports_1764.csv,Archives de la CCI de Marseille - I 22,22,,,,,Teklia-Jules Oudot,,,-0.15,,,,,,,,,
851,Local,1742,Marseille,,Pour l’Italie,Exports,cacao,,,497287,,355205,livres,1.4,sources/Local/Archives_de_la_CCI_de_Marseille_I_22_Marseille_Exports_1764.csv,Archives de la CCI de Marseille - I 22,22,,,,,Teklia-Jules Oudot,,,0,,,,,,,,,
852,Local,1742,Marseille,,Pour l’Italie,Exports,cumin,,,123,,735,livres,0.17,sources/Local/Archives_de_la_CCI_de_Marseille_I_22_Marseille_Exports_1764.csv,Archives de la CCI de Marseille - I 22,22,,,,,Teklia-Jules Oudot,,,-1.95,,,,,,,,,
853,Local,1742,Marseille,,Pour l’Italie,Exports,cassialinea,,,400,,200,livres,2,sources/Local/Archives_de_la_CCI_de_Marseille_I_22_Marseille_Exports_1764.csv,Archives de la CCI de Marseille - I 22,22,,,,,Teklia-Jules Oudot,,,0,,,,,,,,,
854,Local,1742,Marseille,,Pour l’Italie,Exports,costus,,,198,,161,livres,1.2,sources/Local/Archives_de_la_CCI_de_Marseille_I_22_Marseille_Exports_1764.csv,Archives de la CCI de Marseille - I 22,22,,,,,Teklia-Jules Oudot,,,4.8,,,,,,,,,
855,Local,1742,Marseille,,Pour l’Italie,Exports,canelle,,,60105,,9247,livres,6.5,sources/Local/Archives_de_la_CCI_de_Marseille_I_22_Marseille_Exports_1764.csv,Archives de la CCI de Marseille - I 22,22,,,,,Teklia-Jules Oudot,,,-0.5,,,,,,,,,
856,Local,1742,Marseille,,Pour l’Italie,Exports,cochenille mesteque,,,131800,,6590,livres,20,sources/Local/Archives_de_la_CCI_de_Marseille_I_22_Marseille_Exports_1764.csv,Archives de la CCI de Marseille - I 22,22,,,,,Teklia-Jules Oudot,,,0,,,,,,,,,
857,Local,1742,Marseille,,Pour l’Italie,Exports,camphre,,,8253,,1179,livres,7,sources/Local/Archives_de_la_CCI_de_Marseille_I_22_Marseille_Exports_1764.csv,Archives de la CCI de Marseille - I 22,22,,,,,Teklia-Jules Oudot,,,0,,,,,,,,,
858,Local,1742,Marseille,,Pour l’Italie,Exports,canefice,,,19968,,83200,livres,0.24,sources/Local/Archives_de_la_CCI_de_Marseille_I_22_Marseille_Exports_1764.csv,Archives de la CCI de Marseille - I 22,22,,,,,Teklia-Jules Oudot,,,0,,,,,,,,,
859,Local,1742,Marseille,,Pour l’Italie,Exports,certuse,,,211,,1058,livres,0.2,sources/Local/Archives_de_la_CCI_de_Marseille_I_22_Marseille_Exports_1764.csv,Archives de la CCI de Marseille - I 22,22,,,,,Teklia-Jules Oudot,,,-0.6,,,,,,,,,
860,Local,1742,Marseille,,Pour l’Italie,Exports,creme de tartre,,,954,,2387,livres,0.4,sources/Local/Archives_de_la_CCI_de_Marseille_I_22_Marseille_Exports_1764.csv,Archives de la CCI de Marseille - I 22,22,,,,,Teklia-Jules Oudot,,,-0.8,,,,,,,,,
861,Local,1742,Marseille,,Pour l’Italie,Exports,carret,,,1952,,244,livres,8,sources/Local/Archives_de_la_CCI_de_Marseille_I_22_Marseille_Exports_1764.csv,Archives de la CCI de Marseille - I 22,22,,,,,Teklia-Jules Oudot,,,0,,,,,,,,,
862,Local,1742,Marseille,,Pour l’Italie,Exports,couperose blanche,,,88,,1100,livres,0.08,sources/Local/Archives_de_la_CCI_de_Marseille_I_22_Marseille_Exports_1764.csv,Archives de la CCI de Marseille - I 22,22,,,,,Teklia-Jules Oudot,,,0,,,,,,,,,
863,Local,1742,Marseille,,Pour l’Italie,Exports,couperose verte,,,4396,,48850,livres,0.09,sources/Local/Archives_de_la_CCI_de_Marseille_I_22_Marseille_Exports_1764.csv,Archives de la CCI de Marseille - I 22,22,,,,,Teklia-Jules Oudot,,,-0.5,,,,,,,,,
864,Local,1742,Marseille,,Pour l’Italie,Exports,cire d’espagne,,,1688,,422,livres,4,sources/Local/Archives_de_la_CCI_de_Marseille_I_22_Marseille_Exports_1764.csv,Archives de la CCI de Marseille - I 22,22,,,,,Teklia-Jules Oudot,,,0,,,,,,,,,
865,Local,1742,Marseille,,Pour l’Italie,Exports,cire blanche,,,27019,,18013,livres,1.5,sources/Local/Archives_de_la_CCI_de_Marseille_I_22_Marseille_Exports_1764.csv,Archives de la CCI de Marseille - I 22,23,,,,,Teklia-Jules Oudot,,,-0.5,,,,,,,,,
866,Local,1742,Marseille,,Pour l’Italie,Exports,cire jaune,,,273682,,228069,livres,1.2,sources/Local/Archives_de_la_CCI_de_Marseille_I_22_Marseille_Exports_1764.csv,Archives de la CCI de Marseille - I 22,23,,,,,Teklia-Jules Oudot,,,-0.8,,,,,,,,,
867,Local,1742,Marseille,,Pour l’Italie,Exports,chandelle,,,3154,,7011,livres,0.45,sources/Local/Archives_de_la_CCI_de_Marseille_I_22_Marseille_Exports_1764.csv,Archives de la CCI de Marseille - I 22,23,,,,,Teklia-Jules Oudot,,,-0.95,,,,,,,,,
868,Local,1742,Marseille,,Pour l’Italie,Exports,colle forte,,,19690,,49215,livres,0.4,sources/Local/Archives_de_la_CCI_de_Marseille_I_22_Marseille_Exports_1764.csv,Archives de la CCI de Marseille - I 22,23,,,,,Teklia-Jules Oudot,,,4,,,,,,,,,
869,Local,1742,Marseille,,Pour l’Italie,Exports,colle a papetier,,,845,,8450,livres,0.1,sources/Local/Archives_de_la_CCI_de_Marseille_I_22_Marseille_Exports_1764.csv,Archives de la CCI de Marseille - I 22,23,,,,,Teklia-Jules Oudot,,,0,,,,,,,,,
870,Local,1742,Marseille,,Pour l’Italie,Exports,corail ouvré,,,29920,,2992,livres,10,sources/Local/Archives_de_la_CCI_de_Marseille_I_22_Marseille_Exports_1764.csv,Archives de la CCI de Marseille - I 22,23,,,,,Teklia-Jules Oudot,,,0,,,,,,,,,
871,Local,1742,Marseille,,Pour l’Italie,Exports,corail blanc et rouge ouvré,,,2460,,615,livres,4,sources/Local/Archives_de_la_CCI_de_Marseille_I_22_Marseille_Exports_1764.csv,Archives de la CCI de Marseille - I 22,23,,,,,Teklia-Jules Oudot,,,0,,,,,,,,,
872,Local,1742,Marseille,,Pour l’Italie,Exports,corail gris,,,9280,,580,livres,16,sources/Local/Archives_de_la_CCI_de_Marseille_I_22_Marseille_Exports_1764.csv,Archives de la CCI de Marseille - I 22,23,,,,,Teklia-Jules Oudot,,,0,,,,,,,,,
873,Local,1742,Marseille,,Pour l’Italie,Exports,corail terrail,,,473,,473,livres,1,sources/Local/Archives_de_la_CCI_de_Marseille_I_22_Marseille_Exports_1764.csv,Archives de la CCI de Marseille - I 22,23,,,,,Teklia-Jules Oudot,,,0,,,,,,,,,
874,Local,1742,Marseille,,Pour l’Italie,Exports,callemande,,,40530,,579,pièces,80,sources/Local/Archives_de_la_CCI_de_Marseille_I_22_Marseille_Exports_1764.csv,Archives de la CCI de Marseille - I 22,23,,,,,Teklia-Jules Oudot,,,-5790,,,,,,,,,
875,Local,1742,Marseille,,Pour l’Italie,Exports,corots,,,200,1,50,pièces,4,sources/Local/Archives_de_la_CCI_de_Marseille_I_22_Marseille_Exports_1764.csv,Archives de la CCI de Marseille - I 22,23,,,,,Teklia-Jules Oudot,,,0,,,,,,,,,
876,Local,1742,Marseille,,Pour l’Italie,Exports,corots,,,1008,2,21,douzaines,48,sources/Local/Archives_de_la_CCI_de_Marseille_I_22_Marseille_Exports_1764.csv,Archives de la CCI de Marseille - I 22,23,,,,,Teklia-Jules Oudot,,,0,,,,,,,,,
877,Local,1742,Marseille,,Pour l’Italie,Exports,couvertures de laine,,,10656,,888,pièces,12,sources/Local/Archives_de_la_CCI_de_Marseille_I_22_Marseille_Exports_1764.csv,Archives de la CCI de Marseille - I 22,23,,,,,Teklia-Jules Oudot,,,0,,,,,,,,,
878,Local,1742,Marseille,,Pour l’Italie,Exports,cheveux,,,65340,,2178,livres,30,sources/Local/Archives_de_la_CCI_de_Marseille_I_22_Marseille_Exports_1764.csv,Archives de la CCI de Marseille - I 22,23,,,,,Teklia-Jules Oudot,,,0,,,,,,,,,
879,Local,1742,Marseille,,Pour l’Italie,Exports,cuirs de cheval tannés,,,1992,,3320,livres,0.6,sources/Local/Archives_de_la_CCI_de_Marseille_I_22_Marseille_Exports_1764.csv,Archives de la CCI de Marseille - I 22,23,,,,,Teklia-Jules Oudot,,,0,,,,,,,,,
880,Local,1742,Marseille,,Pour l’Italie,Exports,coton filé,,,536760,,487964,livres,1.1,sources/Local/Archives_de_la_CCI_de_Marseille_I_22_Marseille_Exports_1764.csv,Archives de la CCI de Marseille - I 22,23,,,,,Teklia-Jules Oudot,,,-0.4,,,,,,,,,
881,Local,1742,Marseille,,Pour l’Italie,Exports,coton en laine,,,270443,,540886,livres,0.5,sources/Local/Archives_de_la_CCI_de_Marseille_I_22_Marseille_Exports_1764.csv,Archives de la CCI de Marseille - I 22,23,,,,,Teklia-Jules Oudot,,,0,,,,,,,,,
882,Local,1742,Marseille,,Pour l’Italie,Exports,cuivre peigné,,,505,,1685,livres,0.3,sources/Local/Archives_de_la_CCI_de_Marseille_I_22_Marseille_Exports_1764.csv,Archives de la CCI de Marseille - I 22,23,,,,,Teklia-Jules Oudot,,,-0.5,,,,,,,,,
883,Local,1742,Marseille,,Pour l’Italie,Exports,chapeaux poil et laine,,,90576,1,1887,douzaines,48,sources/Local/Archives_de_la_CCI_de_Marseille_I_22_Marseille_Exports_1764.csv,Archives de la CCI de Marseille - I 22,23,,,,,Teklia-Jules Oudot,,,0,,,,,,,,,
884,Local,1742,Marseille,,Pour l’Italie,Exports,chapeaux poil et laine,,,100,2,50,livres,2,sources/Local/Archives_de_la_CCI_de_Marseille_I_22_Marseille_Exports_1764.csv,Archives de la CCI de Marseille - I 22,23,,,,,Teklia-Jules Oudot,,,0,,,,,,,,,
885,Local,1742,Marseille,,Pour l’Italie,Exports,chapeaux grossiers,,,576,,24,douzaines,24,sources/Local/Archives_de_la_CCI_de_Marseille_I_22_Marseille_Exports_1764.csv,Archives de la CCI de Marseille - I 22,23,,,,,Teklia-Jules Oudot,,,0,,,,,,,,,
886,Local,1742,Marseille,,Pour l’Italie,Exports,chapeaux grossiers,,,370,,370,livres,1,sources/Local/Archives_de_la_CCI_de_Marseille_I_22_Marseille_Exports_1764.csv,Archives de la CCI de Marseille - I 22,23,,,,,Teklia-Jules Oudot,,,0,,,,,,,,,
887,Local,1742,Marseille,,Pour l’Italie,Exports,cartes a jouër,,,12960,,720,grosses,18,sources/Local/Archives_de_la_CCI_de_Marseille_I_22_Marseille_Exports_1764.csv,Archives de la CCI de Marseille - I 22,23,,,,,Teklia-Jules Oudot,,,0,,,,,,,,,
888,Local,1742,Marseille,,Pour l’Italie,Exports,cordes marines,,,5,1,5,pièces,1,sources/Local/Archives_de_la_CCI_de_Marseille_I_22_Marseille_Exports_1764.csv,Archives de la CCI de Marseille - I 22,23,,,,,Teklia-Jules Oudot,,,0,,,,,,,,,
889,Local,1742,Marseille,,Pour l’Italie,Exports,cordes marines,,,72,2,,,72,sources/Local/Archives_de_la_CCI_de_Marseille_I_22_Marseille_Exports_1764.csv,Archives de la CCI de Marseille - I 22,23,,,,,Teklia-Jules Oudot,,,72,,,,,,,,,
890,Local,1742,Marseille,,Pour l’Italie,Exports,ceinturons de cuirs,,,3000,,2000,livres,1.5,sources/Local/Archives_de_la_CCI_de_Marseille_I_22_Marseille_Exports_1764.csv,Archives de la CCI de Marseille - I 22,23,,,,,Teklia-Jules Oudot,,,0,,,,,,,,,
891,Local,1742,Marseille,,Pour l’Italie,Exports,cuirs de beuf tannés,,,187452,,5207,livres,36,sources/Local/Archives_de_la_CCI_de_Marseille_I_22_Marseille_Exports_1764.csv,Archives de la CCI de Marseille - I 22,23,,,,,Teklia-Jules Oudot,,,0,,,,,,,,,
892,Local,1742,Marseille,,Pour l’Italie,Exports,cuirs de beuf en poil,,,72126,,4007,pièces,18,sources/Local/Archives_de_la_CCI_de_Marseille_I_22_Marseille_Exports_1764.csv,Archives de la CCI de Marseille - I 22,23,,,,,Teklia-Jules Oudot,,,0,,,,,,,,,
893,Local,1742,Marseille,,Pour l’Italie,Exports,cuirs de vaches tannes ,,,2964,,114,pièces,26,sources/Local/Archives_de_la_CCI_de_Marseille_I_22_Marseille_Exports_1764.csv,Archives de la CCI de Marseille - I 22,23,,,,,Teklia-Jules Oudot,,,0,,,,,,,,,
894,Local,1742,Marseille,,Pour l’Italie,Exports,cuirs de vaches de russie,,,100,,100,livres,1,sources/Local/Archives_de_la_CCI_de_Marseille_I_22_Marseille_Exports_1764.csv,Archives de la CCI de Marseille - I 22,23,,,,,Teklia-Jules Oudot,,,0,,,,,,,,,
895,Local,1742,Marseille,,Pour l’Italie,Exports,cuirs de cheval tannes ,,,960,,48,pièces,20,sources/Local/Archives_de_la_CCI_de_Marseille_I_22_Marseille_Exports_1764.csv,Archives de la CCI de Marseille - I 22,23,,,,,Teklia-Jules Oudot,,,0,,,,,,,,,
896,Local,1742,Marseille,,Pour l’Italie,Exports,crin tanné,,,22100,,36834,livres,0.6,sources/Local/Archives_de_la_CCI_de_Marseille_I_22_Marseille_Exports_1764.csv,Archives de la CCI de Marseille - I 22,23,,,,,Teklia-Jules Oudot,,,-0.4,,,,,,,,,
897,Local,1742,Marseille,,Pour l’Italie,Exports,cuir en poil ,,,16706,,41767,livres,0.4,sources/Local/Archives_de_la_CCI_de_Marseille_I_22_Marseille_Exports_1764.csv,Archives de la CCI de Marseille - I 22,23,,,,,Teklia-Jules Oudot,,,-0.8,,,,,,,,,
898,Local,1742,Marseille,,Pour l’Italie,Exports,cordage de chanvre,,,19128,,63762,livres,0.3,sources/Local/Archives_de_la_CCI_de_Marseille_I_22_Marseille_Exports_1764.csv,Archives de la CCI de Marseille - I 22,23,,,,,Teklia-Jules Oudot,,,-0.6,,,,,,,,,
899,Local,1742,Marseille,,Pour l’Italie,Exports,cordage vieux,,,112,,1500,livres,7.5,sources/Local/Archives_de_la_CCI_de_Marseille_I_22_Marseille_Exports_1764.csv,Archives de la CCI de Marseille - I 22,23,,,,,Teklia-Jules Oudot,,,-11138,,,,,,,,,
900,Local,1742,Marseille,,Pour l’Italie,Exports,cordes a boyeaux,,,8125,,325,livres,25,sources/Local/Archives_de_la_CCI_de_Marseille_I_22_Marseille_Exports_1764.csv,Archives de la CCI de Marseille - I 22,23,,,,,Teklia-Jules Oudot,,,0,,,,,,,,,
901,Local,1742,Marseille,,Pour l’Italie,Exports,cordage d’espars,,,8655,1,1731,douzaines,5,sources/Local/Archives_de_la_CCI_de_Marseille_I_22_Marseille_Exports_1764.csv,Archives de la CCI de Marseille - I 22,23,,,,,Teklia-Jules Oudot,,,0,,,,,,,,,
902,Local,1742,Marseille,,Pour l’Italie,Exports,cordage d’espars,,,840,2,8400,livres,0.1,sources/Local/Archives_de_la_CCI_de_Marseille_I_22_Marseille_Exports_1764.csv,Archives de la CCI de Marseille - I 22,23,,,,,Teklia-Jules Oudot,,,0,,,,,,,,,
903,Local,1742,Marseille,,Pour l’Italie,Exports,cuivre ouvré,,,14166,,8854,livres,1.6,sources/Local/Archives_de_la_CCI_de_Marseille_I_22_Marseille_Exports_1764.csv,Archives de la CCI de Marseille - I 22,23,,,,,Teklia-Jules Oudot,,,-0.4,,,,,,,,,
904,Local,1742,Marseille,,Pour l’Italie,Exports,cuivre tangoul,,,6106,,6785,livres,0.9,sources/Local/Archives_de_la_CCI_de_Marseille_I_22_Marseille_Exports_1764.csv,Archives de la CCI de Marseille - I 22,23,,,,,Teklia-Jules Oudot,,,-0.5,,,,,,,,,
905,Local,1742,Marseille,,Pour l’Italie,Exports,couteaux communs,,,11520,1,384,grosses,30,sources/Local/Archives_de_la_CCI_de_Marseille_I_22_Marseille_Exports_1764.csv,Archives de la CCI de Marseille - I 22,24,,,,,Teklia-Jules Oudot,,,0,,,,,,,,,
906,Local,1742,Marseille,,Pour l’Italie,Exports,couteaux communs,,,17708,2,8854,livres,2,sources/Local/Archives_de_la_CCI_de_Marseille_I_22_Marseille_Exports_1764.csv,Archives de la CCI de Marseille - I 22,24,,,,,Teklia-Jules Oudot,,,0,,,,,,,,,
907,Local,1742,Marseille,,Pour l’Italie,Exports,cloux de fer,,,2542,,12712,livres,2,sources/Local/Archives_de_la_CCI_de_Marseille_I_22_Marseille_Exports_1764.csv,Archives de la CCI de Marseille - I 22,24,,,,,Teklia-Jules Oudot,,,-22882,,,,,,,,,
908,Local,1742,Marseille,,Pour l’Italie,Exports,cardes a carder,,,711,,1778,livres,0.4,sources/Local/Archives_de_la_CCI_de_Marseille_I_22_Marseille_Exports_1764.csv,Archives de la CCI de Marseille - I 22,24,,,,,Teklia-Jules Oudot,,,-0.2,,,,,,,,,
909,Local,1742,Marseille,,Pour l’Italie,Exports,cabarets a café,,,3440,,43,douzaines,80,sources/Local/Archives_de_la_CCI_de_Marseille_I_22_Marseille_Exports_1764.csv,Archives de la CCI de Marseille - I 22,24,,,,,Teklia-Jules Oudot,,,0,,,,,,,,,
910,Local,1742,Marseille,,Pour l’Italie,Exports,couffins d’espars,,,7128,,198,douzaines,1.8,sources/Local/Archives_de_la_CCI_de_Marseille_I_22_Marseille_Exports_1764.csv,Archives de la CCI de Marseille - I 22,24,,,,,Teklia-Jules Oudot,,,6771.6,,,,,,,,,
911,Local,1742,Marseille,,Pour l’Italie,Exports,cousins de Palme,,,2520,,84,douzaines,30,sources/Local/Archives_de_la_CCI_de_Marseille_I_22_Marseille_Exports_1764.csv,Archives de la CCI de Marseille - I 22,24,,,,,Teklia-Jules Oudot,,,0,,,,,,,,,
912,Local,1742,Marseille,,Pour l’Italie,Exports,chaises de joncs,,,4356,,242,douzaines,18,sources/Local/Archives_de_la_CCI_de_Marseille_I_22_Marseille_Exports_1764.csv,Archives de la CCI de Marseille - I 22,24,,,,,Teklia-Jules Oudot,,,0,,,,,,,,,
913,Local,1742,Marseille,,Pour l’Italie,Exports,chaises de paille,,,126,,7,douzaines,18,sources/Local/Archives_de_la_CCI_de_Marseille_I_22_Marseille_Exports_1764.csv,Archives de la CCI de Marseille - I 22,24,,,,,Teklia-Jules Oudot,,,0,,,,,,,,,
914,Local,1742,Marseille,,Pour l’Italie,Exports,cornes de cerf,,,30,,100,livres,0.3,sources/Local/Archives_de_la_CCI_de_Marseille_I_22_Marseille_Exports_1764.csv,Archives de la CCI de Marseille - I 22,24,,,,,Teklia-Jules Oudot,,,0,,,,,,,,,
915,Local,1742,Marseille,,Pour l’Italie,Exports,cornes de cerf rapée,,,987,,1979,livres,0.5,sources/Local/Archives_de_la_CCI_de_Marseille_I_22_Marseille_Exports_1764.csv,Archives de la CCI de Marseille - I 22,24,,,,,Teklia-Jules Oudot,,,-2.5,,,,,,,,,
916,Local,1742,Marseille,,Pour l’Italie,Exports,cannes a main,,,12,,8,fais,1.5,sources/Local/Archives_de_la_CCI_de_Marseille_I_22_Marseille_Exports_1764.csv,Archives de la CCI de Marseille - I 22,24,,,,,Teklia-Jules Oudot,,,0,,,,,,,,,
917,Local,1742,Marseille,,Pour l’Italie,Exports,cercles de bois,,,100,,5000,pièces,0.02,sources/Local/Archives_de_la_CCI_de_Marseille_I_22_Marseille_Exports_1764.csv,Archives de la CCI de Marseille - I 22,24,,,,,Teklia-Jules Oudot,,,0,,,,,,,,,
918,Local,1742,Marseille,,Pour l’Italie,Exports,carreaux de brique,,,52,,3,milliers,15,sources/Local/Archives_de_la_CCI_de_Marseille_I_22_Marseille_Exports_1764.csv,Archives de la CCI de Marseille - I 22,24,,,,,Teklia-Jules Oudot,,,7,,,,,,,,,
919,Local,1742,Marseille,,Pour l’Italie,Exports,craze blanche,,,50,,1000,livres,0.05,sources/Local/Archives_de_la_CCI_de_Marseille_I_22_Marseille_Exports_1764.csv,Archives de la CCI de Marseille - I 22,24,,,,,Teklia-Jules Oudot,,,0,,,,,,,,,
920,Local,1742,Marseille,,Pour l’Italie,Exports,cendres communes,,,736,,12275,livres,0.06,sources/Local/Archives_de_la_CCI_de_Marseille_I_22_Marseille_Exports_1764.csv,Archives de la CCI de Marseille - I 22,24,,,,,Teklia-Jules Oudot,,,-0.5,,,,,,,,,
921,Local,1742,Marseille,,Pour l’Italie,Exports,columbine,,,792,1,66,charges,12,sources/Local/Archives_de_la_CCI_de_Marseille_I_22_Marseille_Exports_1764.csv,Archives de la CCI de Marseille - I 22,24,,,,,Teklia-Jules Oudot,,,0,,,,,,,,,
922,Local,1742,Marseille,,Pour l’Italie,Exports,columbine,,,4958,2,123950,livres,0.04,sources/Local/Archives_de_la_CCI_de_Marseille_I_22_Marseille_Exports_1764.csv,Archives de la CCI de Marseille - I 22,24,,,,,Teklia-Jules Oudot,,,0,,,,,,,,,
923,Local,1742,Marseille,,Pour l’Italie,Exports,dattes,,,20,,100,livres,0.2,sources/Local/Archives_de_la_CCI_de_Marseille_I_22_Marseille_Exports_1764.csv,Archives de la CCI de Marseille - I 22,24,,,,,Teklia-Jules Oudot,,,0,,,,,,,,,
924,Local,1742,Marseille,,Pour l’Italie,Exports,droguerie,,,32674,,32674,livres,1,sources/Local/Archives_de_la_CCI_de_Marseille_I_22_Marseille_Exports_1764.csv,Archives de la CCI de Marseille - I 22,24,,,,,Teklia-Jules Oudot,,,0,,,,,,,,,
925,Local,1742,Marseille,,Pour l’Italie,Exports,draperie fine,,,1000,,125,livres,8,sources/Local/Archives_de_la_CCI_de_Marseille_I_22_Marseille_Exports_1764.csv,Archives de la CCI de Marseille - I 22,24,,,,,Teklia-Jules Oudot,,,0,,,,,,,,,
926,Local,1742,Marseille,,Pour l’Italie,Exports,drap londrin,,,1955520,,279360,livres,7,sources/Local/Archives_de_la_CCI_de_Marseille_I_22_Marseille_Exports_1764.csv,Archives de la CCI de Marseille - I 22,24,,,,,Teklia-Jules Oudot,,,0,,,,,,,,,
927,Local,1742,Marseille,,Pour l’Italie,Exports,draperie petite,,,1367226,,455742,livres,3,sources/Local/Archives_de_la_CCI_de_Marseille_I_22_Marseille_Exports_1764.csv,Archives de la CCI de Marseille - I 22,24,,,,,Teklia-Jules Oudot,,,0,,,,,,,,,
928,Local,1742,Marseille,,Pour l’Italie,Exports,drap de Colmar,,,3480,,116,pièces,30,sources/Local/Archives_de_la_CCI_de_Marseille_I_22_Marseille_Exports_1764.csv,Archives de la CCI de Marseille - I 22,24,,,,,Teklia-Jules Oudot,,,0,,,,,,,,,
929,Local,1742,Marseille,,Pour l’Italie,Exports,demittes,,,2310,,770,pièces,3,sources/Local/Archives_de_la_CCI_de_Marseille_I_22_Marseille_Exports_1764.csv,Archives de la CCI de Marseille - I 22,24,,,,,Teklia-Jules Oudot,,,0,,,,,,,,,
930,Local,1742,Marseille,,Pour l’Italie,Exports,drapeaux vieux,,,1840,,18400,livres,0.1,sources/Local/Archives_de_la_CCI_de_Marseille_I_22_Marseille_Exports_1764.csv,Archives de la CCI de Marseille - I 22,24,,,,,Teklia-Jules Oudot,,,0,,,,,,,,,
931,Local,1742,Marseille,,Pour l’Italie,Exports,damejannes,,,520,,264,livres,2,sources/Local/Archives_de_la_CCI_de_Marseille_I_22_Marseille_Exports_1764.csv,Archives de la CCI de Marseille - I 22,24,,,,,Teklia-Jules Oudot,,,-8,,,,,,,,,
932,Local,1742,Marseille,,Pour l’Italie,Exports,douelles a tonneaux,,,500,,125,tonneaux,4,sources/Local/Archives_de_la_CCI_de_Marseille_I_22_Marseille_Exports_1764.csv,Archives de la CCI de Marseille - I 22,24,,,,,Teklia-Jules Oudot,,,0,,,,,,,,,
933,Local,1742,Marseille,,Pour l’Italie,Exports,epiceries fines,,,10566,,1761,livres,6,sources/Local/Archives_de_la_CCI_de_Marseille_I_22_Marseille_Exports_1764.csv,Archives de la CCI de Marseille - I 22,24,,,,,Teklia-Jules Oudot,,,0,,,,,,,,,
934,Local,1742,Marseille,,Pour l’Italie,Exports,eau de vie,,,103823,,519117,livres,0.2,sources/Local/Archives_de_la_CCI_de_Marseille_I_22_Marseille_Exports_1764.csv,Archives de la CCI de Marseille - I 22,24,,,,,Teklia-Jules Oudot,,,-0.4,,,,,,,,,
935,Local,1742,Marseille,,Pour l’Italie,Exports,eau de la reyne d’Hongrie,,,36611,,48815,livres,0.75,sources/Local/Archives_de_la_CCI_de_Marseille_I_22_Marseille_Exports_1764.csv,Archives de la CCI de Marseille - I 22,24,,,,,Teklia-Jules Oudot,,,-0.25,,,,,,,,,
936,Local,1742,Marseille,,Pour l’Italie,Exports,eaux de fleur d’orange,,,1055,,2110,livres,0.5,sources/Local/Archives_de_la_CCI_de_Marseille_I_22_Marseille_Exports_1764.csv,Archives de la CCI de Marseille - I 22,24,,,,,Teklia-Jules Oudot,,,0,,,,,,,,,
937,Local,1742,Marseille,,Pour l’Italie,Exports,eaux melisse,,,900,,600,livres,1.5,sources/Local/Archives_de_la_CCI_de_Marseille_I_22_Marseille_Exports_1764.csv,Archives de la CCI de Marseille - I 22,24,,,,,Teklia-Jules Oudot,,,0,,,,,,,,,
938,Local,1742,Marseille,,Pour l’Italie,Exports,eau rose,,,2281,,4563,livres,0.5,sources/Local/Archives_de_la_CCI_de_Marseille_I_22_Marseille_Exports_1764.csv,Archives de la CCI de Marseille - I 22,24,,,,,Teklia-Jules Oudot,,,-0.5,,,,,,,,,
939,Local,1742,Marseille,,Pour l’Italie,Exports,eau de raisine,,,1331,,8875,livres,0.15,sources/Local/Archives_de_la_CCI_de_Marseille_I_22_Marseille_Exports_1764.csv,Archives de la CCI de Marseille - I 22,24,,,,,Teklia-Jules Oudot,,,-0.25,,,,,,,,,
940,Local,1742,Marseille,,Pour l’Italie,Exports,essence,,,1350,,1350,livres,1,sources/Local/Archives_de_la_CCI_de_Marseille_I_22_Marseille_Exports_1764.csv,Archives de la CCI de Marseille - I 22,24,,,,,Teklia-Jules Oudot,,,0,,,,,,,,,
941,Local,1742,Marseille,,Pour l’Italie,Exports,ecorce d’orange seche,,,90,,300,livres,0.3,sources/Local/Archives_de_la_CCI_de_Marseille_I_22_Marseille_Exports_1764.csv,Archives de la CCI de Marseille - I 22,24,,,,,Teklia-Jules Oudot,,,0,,,,,,,,,
942,Local,1742,Marseille,,Pour l’Italie,Exports,esquine,,,10480,,10480,livres,1,sources/Local/Archives_de_la_CCI_de_Marseille_I_22_Marseille_Exports_1764.csv,Archives de la CCI de Marseille - I 22,24,,,,,Teklia-Jules Oudot,,,0,,,,,,,,,
943,Local,1742,Marseille,,Pour l’Italie,Exports,encens,,,11754,,26212,livres,0.45,sources/Local/Archives_de_la_CCI_de_Marseille_I_22_Marseille_Exports_1764.csv,Archives de la CCI de Marseille - I 22,24,,,,,Teklia-Jules Oudot,,,-41.4,,,,,,,,,
944,Local,1742,Marseille,,Pour l’Italie,Exports,euphorbe,,,120,,1200,livres,0.1,sources/Local/Archives_de_la_CCI_de_Marseille_I_22_Marseille_Exports_1764.csv,Archives de la CCI de Marseille - I 22,24,,,,,Teklia-Jules Oudot,,,0,,,,,,,,,
945,Local,1742,Marseille,,Pour l’Italie,Exports,etoffe de soye et argens,,,88160,,1102,livres,80,sources/Local/Archives_de_la_CCI_de_Marseille_I_22_Marseille_Exports_1764.csv,Archives de la CCI de Marseille - I 22,24,,,,,Teklia-Jules Oudot,,,0,,,,,,,,,
946,Local,1742,Marseille,,Pour l’Italie,Exports,etoffe de soye,,,392440,,9811,livres,40,sources/Local/Archives_de_la_CCI_de_Marseille_I_22_Marseille_Exports_1764.csv,Archives de la CCI de Marseille - I 22,24,,,,,Teklia-Jules Oudot,,,0,,,,,,,,,
947,Local,1742,Marseille,,Pour l’Italie,Exports,escamittes,,,1350,,450,livres,3,sources/Local/Archives_de_la_CCI_de_Marseille_I_22_Marseille_Exports_1764.csv,Archives de la CCI de Marseille - I 22,24,,,,,Teklia-Jules Oudot,,,0,,,,,,,,,
948,Local,1742,Marseille,,Pour l’Italie,Exports,estampes,,,49445,,9859,livres,5,sources/Local/Archives_de_la_CCI_de_Marseille_I_22_Marseille_Exports_1764.csv,Archives de la CCI de Marseille - I 22,25,,,,,Teklia-Jules Oudot,,,150,,,,,,,,,
949,Local,1742,Marseille,,Pour l’Italie,Exports,evantails de taffetas,,,40800,,1360,livres,30,sources/Local/Archives_de_la_CCI_de_Marseille_I_22_Marseille_Exports_1764.csv,Archives de la CCI de Marseille - I 22,25,,,,,Teklia-Jules Oudot,,,0,,,,,,,,,
950,Local,1742,Marseille,,Pour l’Italie,Exports,evantails communs,,,4960,,310,livres,16,sources/Local/Archives_de_la_CCI_de_Marseille_I_22_Marseille_Exports_1764.csv,Archives de la CCI de Marseille - I 22,25,,,,,Teklia-Jules Oudot,,,0,,,,,,,,,
951,Local,1742,Marseille,,Pour l’Italie,Exports,eponges,,,1375,,1375,livres,1,sources/Local/Archives_de_la_CCI_de_Marseille_I_22_Marseille_Exports_1764.csv,Archives de la CCI de Marseille - I 22,25,,,,,Teklia-Jules Oudot,,,0,,,,,,,,,
952,Local,1742,Marseille,,Pour l’Italie,Exports,etoupes de chanvre,,,27,,550,livres,0.05,sources/Local/Archives_de_la_CCI_de_Marseille_I_22_Marseille_Exports_1764.csv,Archives de la CCI de Marseille - I 22,25,,,,,Teklia-Jules Oudot,,,-0.5,,,,,,,,,
953,Local,1742,Marseille,,Pour l’Italie,Exports,escayolles,,,861,,7175,livres,0.12,sources/Local/Archives_de_la_CCI_de_Marseille_I_22_Marseille_Exports_1764.csv,Archives de la CCI de Marseille - I 22,25,,,,,Teklia-Jules Oudot,,,0,,,,,,,,,
954,Local,1742,Marseille,,Pour l’Italie,Exports,etain ouvré,,,10116,,8093,livres,1.25,sources/Local/Archives_de_la_CCI_de_Marseille_I_22_Marseille_Exports_1764.csv,Archives de la CCI de Marseille - I 22,25,,,,,Teklia-Jules Oudot,,,-0.25,,,,,,,,,
955,Local,1742,Marseille,,Pour l’Italie,Exports,ecaille de tortüe,,,1376,,172,livres,8,sources/Local/Archives_de_la_CCI_de_Marseille_I_22_Marseille_Exports_1764.csv,Archives de la CCI de Marseille - I 22,25,,,,,Teklia-Jules Oudot,,,0,,,,,,,,,
956,Local,1742,Marseille,,Pour l’Italie,Exports,esparts,,,2040,1,51,milliers,40,sources/Local/Archives_de_la_CCI_de_Marseille_I_22_Marseille_Exports_1764.csv,Archives de la CCI de Marseille - I 22,25,,,,,Teklia-Jules Oudot,,,0,,,,,,,,,
957,Local,1742,Marseille,,Pour l’Italie,Exports,esparts,,,50,2,500,livres,0.1,sources/Local/Archives_de_la_CCI_de_Marseille_I_22_Marseille_Exports_1764.csv,Archives de la CCI de Marseille - I 22,25,,,,,Teklia-Jules Oudot,,,0,,,,,,,,,
958,Local,1742,Marseille,,Pour l’Italie,Exports,feves,,,17724,,1477,charges,12,sources/Local/Archives_de_la_CCI_de_Marseille_I_22_Marseille_Exports_1764.csv,Archives de la CCI de Marseille - I 22,25,,,,,Teklia-Jules Oudot,,,0,,,,,,,,,
959,Local,1742,Marseille,,Pour l’Italie,Exports,figues,,,10914,,109140,livres,0.1,sources/Local/Archives_de_la_CCI_de_Marseille_I_22_Marseille_Exports_1764.csv,Archives de la CCI de Marseille - I 22,25,,,,,Teklia-Jules Oudot,,,0,,,,,,,,,
960,Local,1742,Marseille,,Pour l’Italie,Exports,fromage,,,22977,,114885,livres,0.2,sources/Local/Archives_de_la_CCI_de_Marseille_I_22_Marseille_Exports_1764.csv,Archives de la CCI de Marseille - I 22,25,,,,,Teklia-Jules Oudot,,,0,,,,,,,,,
961,Local,1742,Marseille,,Pour l’Italie,Exports,fleur de souffre,,,279,,1150,livres,0.15,sources/Local/Archives_de_la_CCI_de_Marseille_I_22_Marseille_Exports_1764.csv,Archives de la CCI de Marseille - I 22,25,,,,,Teklia-Jules Oudot,,,106.5,,,,,,,,,
962,Local,1742,Marseille,,Pour l’Italie,Exports,fleur de violette,,,250,,1000,livres,0.25,sources/Local/Archives_de_la_CCI_de_Marseille_I_22_Marseille_Exports_1764.csv,Archives de la CCI de Marseille - I 22,25,,,,,Teklia-Jules Oudot,,,0,,,,,,,,,
963,Local,1742,Marseille,,Pour l’Italie,Exports,fleurs artificieles,,,8800,,176,livres,50,sources/Local/Archives_de_la_CCI_de_Marseille_I_22_Marseille_Exports_1764.csv,Archives de la CCI de Marseille - I 22,25,,,,,Teklia-Jules Oudot,,,0,,,,,,,,,
964,Local,1742,Marseille,,Pour l’Italie,Exports,fil de chevre,,,10098,,3366,livres,3,sources/Local/Archives_de_la_CCI_de_Marseille_I_22_Marseille_Exports_1764.csv,Archives de la CCI de Marseille - I 22,25,,,,,Teklia-Jules Oudot,,,0,,,,,,,,,
965,Local,1742,Marseille,,Pour l’Italie,Exports,fil a coudre,,,900,,450,livres,2,sources/Local/Archives_de_la_CCI_de_Marseille_I_22_Marseille_Exports_1764.csv,Archives de la CCI de Marseille - I 22,25,,,,,Teklia-Jules Oudot,,,0,,,,,,,,,
966,Local,1742,Marseille,,Pour l’Italie,Exports,fil a voille,,,75,,750,livres,0.5,sources/Local/Archives_de_la_CCI_de_Marseille_I_22_Marseille_Exports_1764.csv,Archives de la CCI de Marseille - I 22,25,,,,,Teklia-Jules Oudot,,,-300,,,,,,,,,
967,Local,1742,Marseille,,Pour l’Italie,Exports,filets pour la pesche,,,6570,,18.25,douzaines,360,sources/Local/Archives_de_la_CCI_de_Marseille_I_22_Marseille_Exports_1764.csv,Archives de la CCI de Marseille - I 22,25,,,,,Teklia-Jules Oudot,,,0,,,,,,,,,
968,Local,1742,Marseille,,Pour l’Italie,Exports,filets d’espars,,,441,,24,grosses,18,sources/Local/Archives_de_la_CCI_de_Marseille_I_22_Marseille_Exports_1764.csv,Archives de la CCI de Marseille - I 22,25,,,,,Teklia-Jules Oudot,,,9,,,,,,,,,
969,Local,1742,Marseille,,Pour l’Italie,Exports,fil de laton,,,5250,,3750,livres,1.4,sources/Local/Archives_de_la_CCI_de_Marseille_I_22_Marseille_Exports_1764.csv,Archives de la CCI de Marseille - I 22,25,,,,,Teklia-Jules Oudot,,,0,,,,,,,,,
970,Local,1742,Marseille,,Pour l’Italie,Exports,file de fer,,,2621,,5242,livres,0.5,sources/Local/Archives_de_la_CCI_de_Marseille_I_22_Marseille_Exports_1764.csv,Archives de la CCI de Marseille - I 22,25,,,,,Teklia-Jules Oudot,,,0,,,,,,,,,
971,Local,1742,Marseille,,Pour l’Italie,Exports,fer blanc,,,72318,,120530,livres,0.6,sources/Local/Archives_de_la_CCI_de_Marseille_I_22_Marseille_Exports_1764.csv,Archives de la CCI de Marseille - I 22,25,,,,,Teklia-Jules Oudot,,,0,,,,,,,,,
972,Local,1742,Marseille,,Pour l’Italie,Exports,fer ouvré  ,,,100,,501,livres,0.2,sources/Local/Archives_de_la_CCI_de_Marseille_I_22_Marseille_Exports_1764.csv,Archives de la CCI de Marseille - I 22,25,,,,,Teklia-Jules Oudot,,,-0.2,,,,,,,,,
973,Local,1742,Marseille,,Pour l’Italie,Exports,fer en barres,,,55030,,305725,livres,0.18,sources/Local/Archives_de_la_CCI_de_Marseille_I_22_Marseille_Exports_1764.csv,Archives de la CCI de Marseille - I 22,25,,,,,Teklia-Jules Oudot,,,-0.5,,,,,,,,,
974,Local,1742,Marseille,,Pour l’Italie,Exports,ferrachon,,,106,,1425,livres,75,sources/Local/Archives_de_la_CCI_de_Marseille_I_22_Marseille_Exports_1764.csv,Archives de la CCI de Marseille - I 22,25,,,,,Teklia-Jules Oudot,,,-875,,,,,,,,,
975,Local,1742,Marseille,,Pour l’Italie,Exports,fayence,,,8869,,17739,livres,0.5,sources/Local/Archives_de_la_CCI_de_Marseille_I_22_Marseille_Exports_1764.csv,Archives de la CCI de Marseille - I 22,25,,,,,Teklia-Jules Oudot,,,-0.5,,,,,,,,,
976,Local,1742,Marseille,,Pour l’Italie,Exports,fumier,,,31,,104,charges,0.3,sources/Local/Archives_de_la_CCI_de_Marseille_I_22_Marseille_Exports_1764.csv,Archives de la CCI de Marseille - I 22,25,,,,,Teklia-Jules Oudot,,,-0.2,,,,,,,,,
977,Local,1742,Marseille,,Pour l’Italie,Exports,geroffle,,,14994,,1764,livres,8.5,sources/Local/Archives_de_la_CCI_de_Marseille_I_22_Marseille_Exports_1764.csv,Archives de la CCI de Marseille - I 22,25,,,,,Teklia-Jules Oudot,,,0,,,,,,,,,
978,Local,1742,Marseille,,Pour l’Italie,Exports,gingembre,,,3262,,23300,livres,0.14,sources/Local/Archives_de_la_CCI_de_Marseille_I_22_Marseille_Exports_1764.csv,Archives de la CCI de Marseille - I 22,25,,,,,Teklia-Jules Oudot,,,0,,,,,,,,,
979,Local,1742,Marseille,,Pour l’Italie,Exports,garence ,,,13360,,33400,livres,0.4,sources/Local/Archives_de_la_CCI_de_Marseille_I_22_Marseille_Exports_1764.csv,Archives de la CCI de Marseille - I 22,25,,,,,Teklia-Jules Oudot,,,0,,,,,,,,,
980,Local,1742,Marseille,,Pour l’Italie,Exports,garbeau d’indigo,,,15446,,5617,livres,2.75,sources/Local/Archives_de_la_CCI_de_Marseille_I_22_Marseille_Exports_1764.csv,Archives de la CCI de Marseille - I 22,25,,,,,Teklia-Jules Oudot,,,-0.75,,,,,,,,,
981,Local,1742,Marseille,,Pour l’Italie,Exports,grabeau de sené,,,323,,1292,livres,0.25,sources/Local/Archives_de_la_CCI_de_Marseille_I_22_Marseille_Exports_1764.csv,Archives de la CCI de Marseille - I 22,25,,,,,Teklia-Jules Oudot,,,0,,,,,,,,,
982,Local,1742,Marseille,,Pour l’Italie,Exports,grabeau d’ensens,,,97,,975,livres,0.1,sources/Local/Archives_de_la_CCI_de_Marseille_I_22_Marseille_Exports_1764.csv,Archives de la CCI de Marseille - I 22,25,,,,,Teklia-Jules Oudot,,,-0.5,,,,,,,,,
983,Local,1742,Marseille,,Pour l’Italie,Exports,grabeau de cire,,,4890,,8150,livres,0.6,sources/Local/Archives_de_la_CCI_de_Marseille_I_22_Marseille_Exports_1764.csv,Archives de la CCI de Marseille - I 22,25,,,,,Teklia-Jules Oudot,,,0,,,,,,,,,
984,Local,1742,Marseille,,Pour l’Italie,Exports,grabeau de poivre,,,25,,100,livres,0.25,sources/Local/Archives_de_la_CCI_de_Marseille_I_22_Marseille_Exports_1764.csv,Archives de la CCI de Marseille - I 22,25,,,,,Teklia-Jules Oudot,,,0,,,,,,,,,
985,Local,1742,Marseille,,Pour l’Italie,Exports,galanga,,,9000,,3000,livres,3,sources/Local/Archives_de_la_CCI_de_Marseille_I_22_Marseille_Exports_1764.csv,Archives de la CCI de Marseille - I 22,25,,,,,Teklia-Jules Oudot,,,0,,,,,,,,,
986,Local,1742,Marseille,,Pour l’Italie,Exports,galles de levan,,,22635,,50300,livres,0.3,sources/Local/Archives_de_la_CCI_de_Marseille_I_22_Marseille_Exports_1764.csv,Archives de la CCI de Marseille - I 22,25,,,,,Teklia-Jules Oudot,,,7545,,,,,,,,,
987,Local,1742,Marseille,,Pour l’Italie,Exports,gomme adragan,,,1163,,1225,livres,0.95,sources/Local/Archives_de_la_CCI_de_Marseille_I_22_Marseille_Exports_1764.csv,Archives de la CCI de Marseille - I 22,25,,,,,Teklia-Jules Oudot,,,-0.75,,,,,,,,,
988,Local,1742,Marseille,,Pour l’Italie,Exports,gomme turique,,,612,,1225,livres,0.5,sources/Local/Archives_de_la_CCI_de_Marseille_I_22_Marseille_Exports_1764.csv,Archives de la CCI de Marseille - I 22,25,,,,,Teklia-Jules Oudot,,,-0.5,,,,,,,,,
989,Local,1742,Marseille,,Pour l’Italie,Exports,gomme arabique,,,2240,,6400,livres,0.35,sources/Local/Archives_de_la_CCI_de_Marseille_I_22_Marseille_Exports_1764.csv,Archives de la CCI de Marseille - I 22,25,,,,,Teklia-Jules Oudot,,,0,,,,,,,,,
990,Local,1742,Marseille,,Pour l’Italie,Exports,gomme armoniac,,,1774,,887,livres,2,sources/Local/Archives_de_la_CCI_de_Marseille_I_22_Marseille_Exports_1764.csv,Archives de la CCI de Marseille - I 22,26,,,,,Teklia-Jules Oudot,,,0,,,,,,,,,
991,Local,1742,Marseille,,Pour l’Italie,Exports,gomme copale,,,375,,250,livres,1.5,sources/Local/Archives_de_la_CCI_de_Marseille_I_22_Marseille_Exports_1764.csv,Archives de la CCI de Marseille - I 22,26,,,,,Teklia-Jules Oudot,,,0,,,,,,,,,
992,Local,1742,Marseille,,Pour l’Italie,Exports,comme lacque,,,2655,,885,livres,3,sources/Local/Archives_de_la_CCI_de_Marseille_I_22_Marseille_Exports_1764.csv,Archives de la CCI de Marseille - I 22,26,,,,,Teklia-Jules Oudot,,,0,,,,,,,,,
993,Local,1742,Marseille,,Pour l’Italie,Exports,gomme senegal,,,650,,1625,livres,0.4,sources/Local/Archives_de_la_CCI_de_Marseille_I_22_Marseille_Exports_1764.csv,Archives de la CCI de Marseille - I 22,26,,,,,Teklia-Jules Oudot,,,0,,,,,,,,,
994,Local,1742,Marseille,,Pour l’Italie,Exports,goudron,,,14947,,149475,livres,0.1,sources/Local/Archives_de_la_CCI_de_Marseille_I_22_Marseille_Exports_1764.csv,Archives de la CCI de Marseille - I 22,26,,,,,Teklia-Jules Oudot,,,-0.5,,,,,,,,,
995,Local,1742,Marseille,,Pour l’Italie,Exports,graine de jardin,,,16318,,13055,livres,1.25,sources/Local/Archives_de_la_CCI_de_Marseille_I_22_Marseille_Exports_1764.csv,Archives de la CCI de Marseille - I 22,26,,,,,Teklia-Jules Oudot,,,-0.75,,,,,,,,,
996,Local,1742,Marseille,,Pour l’Italie,Exports,graine de moutarde,,,81,,409,livres,0.2,sources/Local/Archives_de_la_CCI_de_Marseille_I_22_Marseille_Exports_1764.csv,Archives de la CCI de Marseille - I 22,26,,,,,Teklia-Jules Oudot,,,-0.8,,,,,,,,,
997,Local,1742,Marseille,,Pour l’Italie,Exports,graine d’avignon,,,100,,100,livres,1,sources/Local/Archives_de_la_CCI_de_Marseille_I_22_Marseille_Exports_1764.csv,Archives de la CCI de Marseille - I 22,26,,,,,Teklia-Jules Oudot,,,0,,,,,,,,,
998,Local,1742,Marseille,,Pour l’Italie,Exports,graine de millet,,,625,,500,livres,1.25,sources/Local/Archives_de_la_CCI_de_Marseille_I_22_Marseille_Exports_1764.csv,Archives de la CCI de Marseille - I 22,26,,,,,Teklia-Jules Oudot,,,0,,,,,,,,,
999,Local,1742,Marseille,,Pour l’Italie,Exports,graine de luzerne,,,300,,300,livres,1,sources/Local/Archives_de_la_CCI_de_Marseille_I_22_Marseille_Exports_1764.csv,Archives de la CCI de Marseille - I 22,26,,,,,Teklia-Jules Oudot,,,0,,,,,,,,,
1000,Local,1742,Marseille,,Pour l’Italie,Exports,graine de chanvre,,,315,1,21,charges,15,sources/Local/Archives_de_la_CCI_de_Marseille_I_22_Marseille_Exports_1764.csv,Archives de la CCI de Marseille - I 22,26,,,,,Teklia-Jules Oudot,,,0,,,,,,,,,
1001,Local,1742,Marseille,,Pour l’Italie,Exports,graine de chanvre,,,225,2,4500,livres,0.05,sources/Local/Archives_de_la_CCI_de_Marseille_I_22_Marseille_Exports_1764.csv,Archives de la CCI de Marseille - I 22,26,,,,,Teklia-Jules Oudot,,,0,,,,,,,,,
1002,Local,1742,Marseille,,Pour l’Italie,Exports,gaze de soye,,,960,,12,pièces,80,sources/Local/Archives_de_la_CCI_de_Marseille_I_22_Marseille_Exports_1764.csv,Archives de la CCI de Marseille - I 22,26,,,,,Teklia-Jules Oudot,,,0,,,,,,,,,
1003,Local,1742,Marseille,,Pour l’Italie,Exports,gans de cotton,,,216,,18,douzaines,12,sources/Local/Archives_de_la_CCI_de_Marseille_I_22_Marseille_Exports_1764.csv,Archives de la CCI de Marseille - I 22,26,,,,,Teklia-Jules Oudot,,,0,,,,,,,,,
1004,Local,1742,Marseille,,Pour l’Italie,Exports,gans de chamois,,,180,,240,pairs,0.75,sources/Local/Archives_de_la_CCI_de_Marseille_I_22_Marseille_Exports_1764.csv,Archives de la CCI de Marseille - I 22,26,,,,,Teklia-Jules Oudot,,,0,,,,,,,,,
1005,Local,1742,Marseille,,Pour l’Italie,Exports,harens sors,,,3562,,137,barils,26,sources/Local/Archives_de_la_CCI_de_Marseille_I_22_Marseille_Exports_1764.csv,Archives de la CCI de Marseille - I 22,26,,,,,Teklia-Jules Oudot,,,0,,,,,,,,,
1006,Local,1742,Marseille,,Pour l’Italie,Exports,huile d’olive,,,182574,1,4347,milliers,42,sources/Local/Archives_de_la_CCI_de_Marseille_I_22_Marseille_Exports_1764.csv,Archives de la CCI de Marseille - I 22,26,,,,,Teklia-Jules Oudot,,,0,,,,,,,,,
1007,Local,1742,Marseille,,Pour l’Italie,Exports,huile d’olive,,,1414,2,4040,livres,0.35,sources/Local/Archives_de_la_CCI_de_Marseille_I_22_Marseille_Exports_1764.csv,Archives de la CCI de Marseille - I 22,26,,,,,Teklia-Jules Oudot,,,0,,,,,,,,,
1008,Local,1742,Marseille,,Pour l’Italie,Exports,huile de lin,,,39,,158,livres,0.25,sources/Local/Archives_de_la_CCI_de_Marseille_I_22_Marseille_Exports_1764.csv,Archives de la CCI de Marseille - I 22,26,,,,,Teklia-Jules Oudot,,,-0.5,,,,,,,,,
1009,Local,1742,Marseille,,Pour l’Italie,Exports,huile de poisson,,,4386,,21932,livres,0.2,sources/Local/Archives_de_la_CCI_de_Marseille_I_22_Marseille_Exports_1764.csv,Archives de la CCI de Marseille - I 22,26,,,,,Teklia-Jules Oudot,,,-0.4,,,,,,,,,
1010,Local,1742,Marseille,,Pour l’Italie,Exports,hemodatte,,,15,,50,livres,0.3,sources/Local/Archives_de_la_CCI_de_Marseille_I_22_Marseille_Exports_1764.csv,Archives de la CCI de Marseille - I 22,26,,,,,Teklia-Jules Oudot,,,0,,,,,,,,,
1011,Local,1742,Marseille,,Pour l’Italie,Exports,herbes d’orseilles,,,292,,975,livres,0.3,sources/Local/Archives_de_la_CCI_de_Marseille_I_22_Marseille_Exports_1764.csv,Archives de la CCI de Marseille - I 22,26,,,,,Teklia-Jules Oudot,,,-0.5,,,,,,,,,
1012,Local,1742,Marseille,,Pour l’Italie,Exports,indigo,,,900391,,200087,livres,4.5,sources/Local/Archives_de_la_CCI_de_Marseille_I_22_Marseille_Exports_1764.csv,Archives de la CCI de Marseille - I 22,26,,,,,Teklia-Jules Oudot,,,-0.5,,,,,,,,,
1013,Local,1742,Marseille,,Pour l’Italie,Exports,jus de limon,,,2925,,9750,livres,0.3,sources/Local/Archives_de_la_CCI_de_Marseille_I_22_Marseille_Exports_1764.csv,Archives de la CCI de Marseille - I 22,26,,,,,Teklia-Jules Oudot,,,0,,,,,,,,,
1014,Local,1742,Marseille,,Pour l’Italie,Exports,jus de reglisse,,,4075,,5434,livres,0.75,sources/Local/Archives_de_la_CCI_de_Marseille_I_22_Marseille_Exports_1764.csv,Archives de la CCI de Marseille - I 22,26,,,,,Teklia-Jules Oudot,,,-0.5,,,,,,,,,
1015,Local,1742,Marseille,,Pour l’Italie,Exports,jalap,,,11680,,4672,livres,2.5,sources/Local/Archives_de_la_CCI_de_Marseille_I_22_Marseille_Exports_1764.csv,Archives de la CCI de Marseille - I 22,26,,,,,Teklia-Jules Oudot,,,0,,,,,,,,,
1016,Local,1742,Marseille,,Pour l’Italie,Exports,Iris,,,48,,200,livres,0.24,sources/Local/Archives_de_la_CCI_de_Marseille_I_22_Marseille_Exports_1764.csv,Archives de la CCI de Marseille - I 22,26,,,,,Teklia-Jules Oudot,,,0,,,,,,,,,
1017,Local,1742,Marseille,,Pour l’Italie,Exports,jarres,,,2993,,3991,barils,0.75,sources/Local/Archives_de_la_CCI_de_Marseille_I_22_Marseille_Exports_1764.csv,Archives de la CCI de Marseille - I 22,26,,,,,Teklia-Jules Oudot,,,-0.25,,,,,,,,,
1018,Local,1742,Marseille,,Pour l’Italie,Exports,Indiennes,,,163648,,20456,pièces,8,sources/Local/Archives_de_la_CCI_de_Marseille_I_22_Marseille_Exports_1764.csv,Archives de la CCI de Marseille - I 22,26,,,,,Teklia-Jules Oudot,,,0,,,,,,,,,
1019,Local,1742,Marseille,,Pour l’Italie,Exports,legumes,,,19310,,386200,livres,0.05,sources/Local/Archives_de_la_CCI_de_Marseille_I_22_Marseille_Exports_1764.csv,Archives de la CCI de Marseille - I 22,26,,,,,Teklia-Jules Oudot,,,0,,,,,,,,,
1020,Local,1742,Marseille,,Pour l’Italie,Exports,lignum a boire,,,19311,,25748,livres,0.75,sources/Local/Archives_de_la_CCI_de_Marseille_I_22_Marseille_Exports_1764.csv,Archives de la CCI de Marseille - I 22,26,,,,,Teklia-Jules Oudot,,,0,,,,,,,,,
1021,Local,1742,Marseille,,Pour l’Italie,Exports,lin peigné,,,620,,620,livres,1,sources/Local/Archives_de_la_CCI_de_Marseille_I_22_Marseille_Exports_1764.csv,Archives de la CCI de Marseille - I 22,26,,,,,Teklia-Jules Oudot,,,0,,,,,,,,,
1022,Local,1742,Marseille,,Pour l’Italie,Exports,laine de chevron,,,486,,324,livres,1.5,sources/Local/Archives_de_la_CCI_de_Marseille_I_22_Marseille_Exports_1764.csv,Archives de la CCI de Marseille - I 22,26,,,,,Teklia-Jules Oudot,,,0,,,,,,,,,
1023,Local,1742,Marseille,,Pour l’Italie,Exports,laine surge,,,59306,,148267,livres,0.4,sources/Local/Archives_de_la_CCI_de_Marseille_I_22_Marseille_Exports_1764.csv,Archives de la CCI de Marseille - I 22,26,,,,,Teklia-Jules Oudot,,,-0.8,,,,,,,,,
1024,Local,1742,Marseille,,Pour l’Italie,Exports,laine lavée,,,176224,,160204,livres,1.1,sources/Local/Archives_de_la_CCI_de_Marseille_I_22_Marseille_Exports_1764.csv,Archives de la CCI de Marseille - I 22,26,,,,,Teklia-Jules Oudot,,,-0.4,,,,,,,,,
1025,Local,1742,Marseille,,Pour l’Italie,Exports,laine de ségovie,,,75642,,43253,livres,0.75,sources/Local/Archives_de_la_CCI_de_Marseille_I_22_Marseille_Exports_1764.csv,Archives de la CCI de Marseille - I 22,26,,,,,Teklia-Jules Oudot,,,43202.25,,,,,,,,,
1026,Local,1742,Marseille,,Pour l’Italie,Exports,laine d’agnelin,,,8720,,10900,livres,0.8,sources/Local/Archives_de_la_CCI_de_Marseille_I_22_Marseille_Exports_1764.csv,Archives de la CCI de Marseille - I 22,26,,,,,Teklia-Jules Oudot,,,0,,,,,,,,,
1027,Local,1742,Marseille,,Pour l’Italie,Exports,librairie,,,94702,,42090,livres,2.25,sources/Local/Archives_de_la_CCI_de_Marseille_I_22_Marseille_Exports_1764.csv,Archives de la CCI de Marseille - I 22,26,,,,,Teklia-Jules Oudot,,,-0.5,,,,,,,,,
1028,Local,1742,Marseille,,Pour l’Italie,Exports,litarge d’or,,,142,,570,livres,0.25,sources/Local/Archives_de_la_CCI_de_Marseille_I_22_Marseille_Exports_1764.csv,Archives de la CCI de Marseille - I 22,26,,,,,Teklia-Jules Oudot,,,-0.5,,,,,,,,,
1029,Local,1742,Marseille,,Pour l’Italie,Exports,latton ouvré,,,6860,,1764,livres,100,sources/Local/Archives_de_la_CCI_de_Marseille_I_22_Marseille_Exports_1764.csv,Archives de la CCI de Marseille - I 22,26,,,,,Teklia-Jules Oudot,,,-169540,,,,,,,,,
1030,Local,1742,Marseille,,Pour l’Italie,Exports,latton en planche,,,7994,,5710,livres,1.4,sources/Local/Archives_de_la_CCI_de_Marseille_I_22_Marseille_Exports_1764.csv,Archives de la CCI de Marseille - I 22,26,,,,,Teklia-Jules Oudot,,,0,,,,,,,,,
1031,Local,1742,Marseille,,Pour l’Italie,Exports,lustre de venise,,,2260,,1507,livres,1.5,sources/Local/Archives_de_la_CCI_de_Marseille_I_22_Marseille_Exports_1764.csv,Archives de la CCI de Marseille - I 22,27,,,,,Teklia-Jules Oudot,,,-0.5,,,,,,,,,
1032,Local,1742,Marseille,,Pour l’Italie,Exports,liege en planches,,,360,,2400,livres,0.15,sources/Local/Archives_de_la_CCI_de_Marseille_I_22_Marseille_Exports_1764.csv,Archives de la CCI de Marseille - I 22,27,,,,,Teklia-Jules Oudot,,,0,,,,,,,,,
1033,Local,1742,Marseille,,Pour l’Italie,Exports,morue seche,,,556002,,3706685,livres,0.15,sources/Local/Archives_de_la_CCI_de_Marseille_I_22_Marseille_Exports_1764.csv,Archives de la CCI de Marseille - I 22,27,,,,,Teklia-Jules Oudot,,,-0.75,,,,,,,,,
1034,Local,1742,Marseille,,Pour l’Italie,Exports,merluches,,,406,,2900,livres,14,sources/Local/Archives_de_la_CCI_de_Marseille_I_22_Marseille_Exports_1764.csv,Archives de la CCI de Marseille - I 22,27,,,,,Teklia-Jules Oudot,,,-40194,,,,,,,,,
1035,Local,1742,Marseille,,Pour l’Italie,Exports,miel,,,140,1,5,barrils,28,sources/Local/Archives_de_la_CCI_de_Marseille_I_22_Marseille_Exports_1764.csv,Archives de la CCI de Marseille - I 22,27,,,,,Teklia-Jules Oudot,,,0,,,,,,,,,
1036,Local,1742,Marseille,,Pour l’Italie,Exports,miel,,,7593,2,63275,livres,0.12,sources/Local/Archives_de_la_CCI_de_Marseille_I_22_Marseille_Exports_1764.csv,Archives de la CCI de Marseille - I 22,27,,,,,Teklia-Jules Oudot,,,0,,,,,,,,,
1037,Local,1742,Marseille,,Pour l’Italie,Exports,mane de calabre,,,2479,,1653,livres,1.5,sources/Local/Archives_de_la_CCI_de_Marseille_I_22_Marseille_Exports_1764.csv,Archives de la CCI de Marseille - I 22,27,,,,,Teklia-Jules Oudot,,,-0.5,,,,,,,,,
1038,Local,1742,Marseille,,Pour l’Italie,Exports,mhirre,,,325,,325,livres,1,sources/Local/Archives_de_la_CCI_de_Marseille_I_22_Marseille_Exports_1764.csv,Archives de la CCI de Marseille - I 22,27,,,,,Teklia-Jules Oudot,,,0,,,,,,,,,
1039,Local,1742,Marseille,,Pour l’Italie,Exports,muse,,,84000,,350,livres,240,sources/Local/Archives_de_la_CCI_de_Marseille_I_22_Marseille_Exports_1764.csv,Archives de la CCI de Marseille - I 22,27,,,,,Teklia-Jules Oudot,,,0,,,,,,,,,
1040,Local,1742,Marseille,,Pour l’Italie,Exports,miny,,,868,,4341,livres,0.2,sources/Local/Archives_de_la_CCI_de_Marseille_I_22_Marseille_Exports_1764.csv,Archives de la CCI de Marseille - I 22,27,,,,,Teklia-Jules Oudot,,,-0.2,,,,,,,,,
1041,Local,1742,Marseille,,Pour l’Italie,Exports,mastie,,,1575,,525,livres,3,sources/Local/Archives_de_la_CCI_de_Marseille_I_22_Marseille_Exports_1764.csv,Archives de la CCI de Marseille - I 22,27,,,,,Teklia-Jules Oudot,,,0,,,,,,,,,
1042,Local,1742,Marseille,,Pour l’Italie,Exports,mercerie,,,493405,,140973,livres,3.5,sources/Local/Archives_de_la_CCI_de_Marseille_I_22_Marseille_Exports_1764.csv,Archives de la CCI de Marseille - I 22,27,,,,,Teklia-Jules Oudot,,,-0.5,,,,,,,,,
1043,Local,1742,Marseille,,Pour l’Italie,Exports,mousseline,,,25350,,338,pièces,75,sources/Local/Archives_de_la_CCI_de_Marseille_I_22_Marseille_Exports_1764.csv,Archives de la CCI de Marseille - I 22,27,,,,,Teklia-Jules Oudot,,,0,,,,,,,,,
1044,Local,1742,Marseille,,Pour l’Italie,Exports,mangarbine,,,50,,10,pièces,5,sources/Local/Archives_de_la_CCI_de_Marseille_I_22_Marseille_Exports_1764.csv,Archives de la CCI de Marseille - I 22,27,,,,,Teklia-Jules Oudot,,,0,,,,,,,,,
1045,Local,1742,Marseille,,Pour l’Italie,Exports,mouchoirs de soye,,,14252,,509,douzaines,8,sources/Local/Archives_de_la_CCI_de_Marseille_I_22_Marseille_Exports_1764.csv,Archives de la CCI de Marseille - I 22,27,,,,,Teklia-Jules Oudot,,,10180,,,,,,,,,
1046,Local,1742,Marseille,,Pour l’Italie,Exports,mouchoirs d’Inde ,,,7320,,305,pièces,24,sources/Local/Archives_de_la_CCI_de_Marseille_I_22_Marseille_Exports_1764.csv,Archives de la CCI de Marseille - I 22,27,,,,,Teklia-Jules Oudot,,,0,,,,,,,,,
1047,Local,1742,Marseille,,Pour l’Italie,Exports,mouchoirs de coton,,,19744,1,1234,pièces,16,sources/Local/Archives_de_la_CCI_de_Marseille_I_22_Marseille_Exports_1764.csv,Archives de la CCI de Marseille - I 22,27,,,,,Teklia-Jules Oudot,,,0,,,,,,,,,
1048,Local,1742,Marseille,,Pour l’Italie,Exports,mouchoirs de coton,,,324,2,162,pièces,2,sources/Local/Archives_de_la_CCI_de_Marseille_I_22_Marseille_Exports_1764.csv,Archives de la CCI de Marseille - I 22,27,,,,,Teklia-Jules Oudot,,,0,,,,,,,,,
1049,Local,1742,Marseille,,Pour l’Italie,Exports,manchons de plume,,,3000,,100,douzaines,30,sources/Local/Archives_de_la_CCI_de_Marseille_I_22_Marseille_Exports_1764.csv,Archives de la CCI de Marseille - I 22,27,,,,,Teklia-Jules Oudot,,,0,,,,,,,,,
1050,Local,1742,Marseille,,Pour l’Italie,Exports,marbre ouvré,,,22,,11,pieds,2,sources/Local/Archives_de_la_CCI_de_Marseille_I_22_Marseille_Exports_1764.csv,Archives de la CCI de Marseille - I 22,27,,,,,Teklia-Jules Oudot,,,0,,,,,,,,,
1051,Local,1742,Marseille,,Pour l’Italie,Exports,noisettes,,,404,,4040,livres,0.1,sources/Local/Archives_de_la_CCI_de_Marseille_I_22_Marseille_Exports_1764.csv,Archives de la CCI de Marseille - I 22,27,,,,,Teklia-Jules Oudot,,,0,,,,,,,,,
1052,Local,1742,Marseille,,Pour l’Italie,Exports,noix,,,15,,1,charges,15,sources/Local/Archives_de_la_CCI_de_Marseille_I_22_Marseille_Exports_1764.csv,Archives de la CCI de Marseille - I 22,27,,,,,Teklia-Jules Oudot,,,0,,,,,,,,,
1053,Local,1742,Marseille,,Pour l’Italie,Exports,nacre de perles,,,100,,1200,livres,,sources/Local/Archives_de_la_CCI_de_Marseille_I_22_Marseille_Exports_1764.csv,Archives de la CCI de Marseille - I 22,27,,,,,Teklia-Jules Oudot,,,100,,,,,,,,,
1054,Local,1742,Marseille,,Pour l’Italie,Exports,orge,,,26928,,2992,charges,9,sources/Local/Archives_de_la_CCI_de_Marseille_I_22_Marseille_Exports_1764.csv,Archives de la CCI de Marseille - I 22,27,,,,,Teklia-Jules Oudot,,,0,,,,,,,,,
1055,Local,1742,Marseille,,Pour l’Italie,Exports,oranges,,,21,,7,milliers,3,sources/Local/Archives_de_la_CCI_de_Marseille_I_22_Marseille_Exports_1764.csv,Archives de la CCI de Marseille - I 22,27,,,,,Teklia-Jules Oudot,,,0,,,,,,,,,
1056,Local,1742,Marseille,,Pour l’Italie,Exports,olives,,,1689,,11265,livres,0.15,sources/Local/Archives_de_la_CCI_de_Marseille_I_22_Marseille_Exports_1764.csv,Archives de la CCI de Marseille - I 22,27,,,,,Teklia-Jules Oudot,,,-0.75,,,,,,,,,
1057,Local,1742,Marseille,,Pour l’Italie,Exports,opium,,,300,,75,livres,4,sources/Local/Archives_de_la_CCI_de_Marseille_I_22_Marseille_Exports_1764.csv,Archives de la CCI de Marseille - I 22,27,,,,,Teklia-Jules Oudot,,,0,,,,,,,,,
1058,Local,1742,Marseille,,Pour l’Italie,Exports,orpimen,,,133,,133,livres,1,sources/Local/Archives_de_la_CCI_de_Marseille_I_22_Marseille_Exports_1764.csv,Archives de la CCI de Marseille - I 22,27,,,,,Teklia-Jules Oudot,,,0,,,,,,,,,
1059,Local,1742,Marseille,,Pour l’Italie,Exports,orcanette,,,87,,175,livres,0.5,sources/Local/Archives_de_la_CCI_de_Marseille_I_22_Marseille_Exports_1764.csv,Archives de la CCI de Marseille - I 22,27,,,,,Teklia-Jules Oudot,,,-0.5,,,,,,,,,
1060,Local,1742,Marseille,,Pour l’Italie,Exports,oignons de fleurs,,,327,,1310,livres,0.25,sources/Local/Archives_de_la_CCI_de_Marseille_I_22_Marseille_Exports_1764.csv,Archives de la CCI de Marseille - I 22,27,,,,,Teklia-Jules Oudot,,,-0.5,,,,,,,,,
1061,Local,1742,Marseille,,Pour l’Italie,Exports,orseille,,,1800,,6000,livres,0.3,sources/Local/Archives_de_la_CCI_de_Marseille_I_22_Marseille_Exports_1764.csv,Archives de la CCI de Marseille - I 22,27,,,,,Teklia-Jules Oudot,,,0,,,,,,,,,
1062,Local,1742,Marseille,,Pour l’Italie,Exports,oüatte,,,1789,,1193,livres,1.5,sources/Local/Archives_de_la_CCI_de_Marseille_I_22_Marseille_Exports_1764.csv,Archives de la CCI de Marseille - I 22,27,,,,,Teklia-Jules Oudot,,,-0.5,,,,,,,,,
1063,Local,1742,Marseille,,Pour l’Italie,Exports,ozier,,,3000,,15000,livres,0.2,sources/Local/Archives_de_la_CCI_de_Marseille_I_22_Marseille_Exports_1764.csv,Archives de la CCI de Marseille - I 22,27,,,,,Teklia-Jules Oudot,,,0,,,,,,,,,
1064,Local,1742,Marseille,,Pour l’Italie,Exports,poisson frai,,,276,,46,barils,6,sources/Local/Archives_de_la_CCI_de_Marseille_I_22_Marseille_Exports_1764.csv,Archives de la CCI de Marseille - I 22,27,,,,,Teklia-Jules Oudot,,,0,,,,,,,,,
1065,Local,1742,Marseille,,Pour l’Italie,Exports,poisson salé,,,4400,,22000,livres,0.2,sources/Local/Archives_de_la_CCI_de_Marseille_I_22_Marseille_Exports_1764.csv,Archives de la CCI de Marseille - I 22,27,,,,,Teklia-Jules Oudot,,,0,,,,,,,,,
1066,Local,1742,Marseille,,Pour l’Italie,Exports,prunes ,,,6928,,34640,livres,0.2,sources/Local/Archives_de_la_CCI_de_Marseille_I_22_Marseille_Exports_1764.csv,Archives de la CCI de Marseille - I 22,27,,,,,Teklia-Jules Oudot,,,0,,,,,,,,,
1067,Local,1742,Marseille,,Pour l’Italie,Exports,pommes,,,330,,3305,livres,0.1,sources/Local/Archives_de_la_CCI_de_Marseille_I_22_Marseille_Exports_1764.csv,Archives de la CCI de Marseille - I 22,27,,,,,Teklia-Jules Oudot,,,-0.5,,,,,,,,,
1068,Local,1742,Marseille,,Pour l’Italie,Exports,pignons casses,,,3460,,13840,livres,0.25,sources/Local/Archives_de_la_CCI_de_Marseille_I_22_Marseille_Exports_1764.csv,Archives de la CCI de Marseille - I 22,27,,,,,Teklia-Jules Oudot,,,0,,,,,,,,,
1069,Local,1742,Marseille,,Pour l’Italie,Exports,poivre,,,132647,,106118,livres,1.25,sources/Local/Archives_de_la_CCI_de_Marseille_I_22_Marseille_Exports_1764.csv,Archives de la CCI de Marseille - I 22,27,,,,,Teklia-Jules Oudot,,,-0.5,,,,,,,,,
1070,Local,1742,Marseille,,Pour l’Italie,Exports,poivre geroffle,,,3979,,2653,livres,1.5,sources/Local/Archives_de_la_CCI_de_Marseille_I_22_Marseille_Exports_1764.csv,Archives de la CCI de Marseille - I 22,28,,,,,Teklia-Jules Oudot,,,-0.5,,,,,,,,,
1071,Local,1742,Marseille,,Pour l’Italie,Exports,poix noire,,,4671,,51900,livres,0.09,sources/Local/Archives_de_la_CCI_de_Marseille_I_22_Marseille_Exports_1764.csv,Archives de la CCI de Marseille - I 22,28,,,,,Teklia-Jules Oudot,,,0,,,,,,,,,
1072,Local,1742,Marseille,,Pour l’Italie,Exports,poussière d’ensens,,,1171,,11713,livres,0.1,sources/Local/Archives_de_la_CCI_de_Marseille_I_22_Marseille_Exports_1764.csv,Archives de la CCI de Marseille - I 22,28,,,,,Teklia-Jules Oudot,,,-0.3,,,,,,,,,
1073,Local,1742,Marseille,,Pour l’Italie,Exports,pourtargues,,,106,,212,livres,0.5,sources/Local/Archives_de_la_CCI_de_Marseille_I_22_Marseille_Exports_1764.csv,Archives de la CCI de Marseille - I 22,28,,,,,Teklia-Jules Oudot,,,0,,,,,,,,,
1074,Local,1742,Marseille,,Pour l’Italie,Exports,pastel,,,2040,,680,livres,3,sources/Local/Archives_de_la_CCI_de_Marseille_I_22_Marseille_Exports_1764.csv,Archives de la CCI de Marseille - I 22,28,,,,,Teklia-Jules Oudot,,,0,,,,,,,,,
1075,Local,1742,Marseille,,Pour l’Italie,Exports,plumes d’autruche apretés,,,800,,200,livres,4,sources/Local/Archives_de_la_CCI_de_Marseille_I_22_Marseille_Exports_1764.csv,Archives de la CCI de Marseille - I 22,28,,,,,Teklia-Jules Oudot,,,0,,,,,,,,,
1076,Local,1742,Marseille,,Pour l’Italie,Exports,plumes a ecrire,,,3000,,500,livres,6,sources/Local/Archives_de_la_CCI_de_Marseille_I_22_Marseille_Exports_1764.csv,Archives de la CCI de Marseille - I 22,28,,,,,Teklia-Jules Oudot,,,0,,,,,,,,,
1077,Local,1742,Marseille,,Pour l’Italie,Exports,poil de chevre,,,3663,,1221,livres,3,sources/Local/Archives_de_la_CCI_de_Marseille_I_22_Marseille_Exports_1764.csv,Archives de la CCI de Marseille - I 22,28,,,,,Teklia-Jules Oudot,,,0,,,,,,,,,
1078,Local,1742,Marseille,,Pour l’Italie,Exports,poil de lapin,,,1600,,400,livres,4,sources/Local/Archives_de_la_CCI_de_Marseille_I_22_Marseille_Exports_1764.csv,Archives de la CCI de Marseille - I 22,28,,,,,Teklia-Jules Oudot,,,0,,,,,,,,,
1079,Local,1742,Marseille,,Pour l’Italie,Exports,papier blanc,,,7698,1,1283,rames,6,sources/Local/Archives_de_la_CCI_de_Marseille_I_22_Marseille_Exports_1764.csv,Archives de la CCI de Marseille - I 22,28,,,,,Teklia-Jules Oudot,,,0,,,,,,,,,
1080,Local,1742,Marseille,,Pour l’Italie,Exports,papier blanc,,,266,2,266,livres,1,sources/Local/Archives_de_la_CCI_de_Marseille_I_22_Marseille_Exports_1764.csv,Archives de la CCI de Marseille - I 22,28,,,,,Teklia-Jules Oudot,,,0,,,,,,,,,
1081,Local,1742,Marseille,,Pour l’Italie,Exports,parchemin,,,11529,,7686,livres,1.5,sources/Local/Archives_de_la_CCI_de_Marseille_I_22_Marseille_Exports_1764.csv,Archives de la CCI de Marseille - I 22,28,,,,,Teklia-Jules Oudot,,,0,,,,,,,,,
1082,Local,1742,Marseille,,Pour l’Italie,Exports,pelleterie apprétée,,,625,,250,livres,2.5,sources/Local/Archives_de_la_CCI_de_Marseille_I_22_Marseille_Exports_1764.csv,Archives de la CCI de Marseille - I 22,28,,,,,Teklia-Jules Oudot,,,0,,,,,,,,,
1083,Local,1742,Marseille,,Pour l’Italie,Exports,peaux de chamois passées,,,26805,,21444,livres,1.25,sources/Local/Archives_de_la_CCI_de_Marseille_I_22_Marseille_Exports_1764.csv,Archives de la CCI de Marseille - I 22,28,,,,,Teklia-Jules Oudot,,,0,,,,,,,,,
1084,Local,1742,Marseille,,Pour l’Italie,Exports,peaux de mouton passées,,,65992,,52794,livres,1.25,sources/Local/Archives_de_la_CCI_de_Marseille_I_22_Marseille_Exports_1764.csv,Archives de la CCI de Marseille - I 22,28,,,,,Teklia-Jules Oudot,,,-0.5,,,,,,,,,
1085,Local,1742,Marseille,,Pour l’Italie,Exports,peaux de mouton passées,,,90,,3,douzaines,30,sources/Local/Archives_de_la_CCI_de_Marseille_I_22_Marseille_Exports_1764.csv,Archives de la CCI de Marseille - I 22,28,,,,,Teklia-Jules Oudot,,,0,,,,,,,,,
1086,Local,1742,Marseille,,Pour l’Italie,Exports,Peaux de marroquin,,,8818,,5879,livres,1.5,sources/Local/Archives_de_la_CCI_de_Marseille_I_22_Marseille_Exports_1764.csv,Archives de la CCI de Marseille - I 22,28,,,,,Teklia-Jules Oudot,,,-0.5,,,,,,,,,
1087,Local,1742,Marseille,,Pour l’Italie,Exports,peaux de veau corroyées,,,2077,,69.25,douzaines,30,sources/Local/Archives_de_la_CCI_de_Marseille_I_22_Marseille_Exports_1764.csv,Archives de la CCI de Marseille - I 22,28,,,,,Teklia-Jules Oudot,,,-0.5,,,,,,,,,
1088,Local,1742,Marseille,,Pour l’Italie,Exports,peaux de veau corroyées,,,27511,,22009,livres,1.25,sources/Local/Archives_de_la_CCI_de_Marseille_I_22_Marseille_Exports_1764.csv,Archives de la CCI de Marseille - I 22,28,,,,,Teklia-Jules Oudot,,,-0.25,,,,,,,,,
1089,Local,1742,Marseille,,Pour l’Italie,Exports,peaux de veau en poil,,,250,,5,douzaines,50,sources/Local/Archives_de_la_CCI_de_Marseille_I_22_Marseille_Exports_1764.csv,Archives de la CCI de Marseille - I 22,28,,,,,Teklia-Jules Oudot,,,0,,,,,,,,,
1090,Local,1742,Marseille,,Pour l’Italie,Exports,peaux de chevre passées,,,120,,6,douzaines,20,sources/Local/Archives_de_la_CCI_de_Marseille_I_22_Marseille_Exports_1764.csv,Archives de la CCI de Marseille - I 22,28,,,,,Teklia-Jules Oudot,,,0,,,,,,,,,
1091,Local,1742,Marseille,,Pour l’Italie,Exports,peaux de chevre passées,,,796,,2655,livres,1.35,sources/Local/Archives_de_la_CCI_de_Marseille_I_22_Marseille_Exports_1764.csv,Archives de la CCI de Marseille - I 22,28,,,,,Teklia-Jules Oudot,,,-2788.25,,,,,,,,,
1092,Local,1742,Marseille,,Pour l’Italie,Exports,peaux d’agneaux passées,,,1500,,1200,livres,1.25,sources/Local/Archives_de_la_CCI_de_Marseille_I_22_Marseille_Exports_1764.csv,Archives de la CCI de Marseille - I 22,28,,,,,Teklia-Jules Oudot,,,0,,,,,,,,,
1093,Local,1742,Marseille,,Pour l’Italie,Exports,peaux d’agneaux en laine,,,23871,,23871,livres,1,sources/Local/Archives_de_la_CCI_de_Marseille_I_22_Marseille_Exports_1764.csv,Archives de la CCI de Marseille - I 22,28,,,,,Teklia-Jules Oudot,,,0,,,,,,,,,
1094,Local,1742,Marseille,,Pour l’Italie,Exports,peaux de chagrin,,,312,,250,livres,1.25,sources/Local/Archives_de_la_CCI_de_Marseille_I_22_Marseille_Exports_1764.csv,Archives de la CCI de Marseille - I 22,28,,,,,Teklia-Jules Oudot,,,-0.5,,,,,,,,,
1095,Local,1742,Marseille,,Pour l’Italie,Exports,porcelaines,,,2150,,430,livres,5,sources/Local/Archives_de_la_CCI_de_Marseille_I_22_Marseille_Exports_1764.csv,Archives de la CCI de Marseille - I 22,28,,,,,Teklia-Jules Oudot,,,0,,,,,,,,,
1096,Local,1742,Marseille,,Pour l’Italie,Exports,pipes a fumer,,,1383,,461,grosses,3,sources/Local/Archives_de_la_CCI_de_Marseille_I_22_Marseille_Exports_1764.csv,Archives de la CCI de Marseille - I 22,28,,,,,Teklia-Jules Oudot,,,0,,,,,,,,,
1097,Local,1742,Marseille,,Pour l’Italie,Exports,peignes de buis,,,38430,,854,grosses,45,sources/Local/Archives_de_la_CCI_de_Marseille_I_22_Marseille_Exports_1764.csv,Archives de la CCI de Marseille - I 22,28,,,,,Teklia-Jules Oudot,,,0,,,,,,,,,
1098,Local,1742,Marseille,,Pour l’Italie,Exports,pioches de fer,,,60,,300,livres,0.2,sources/Local/Archives_de_la_CCI_de_Marseille_I_22_Marseille_Exports_1764.csv,Archives de la CCI de Marseille - I 22,28,,,,,Teklia-Jules Oudot,,,0,,,,,,,,,
1099,Local,1742,Marseille,,Pour l’Italie,Exports,plomb en grenaille,,,18067,,72271,livres,0.25,sources/Local/Archives_de_la_CCI_de_Marseille_I_22_Marseille_Exports_1764.csv,Archives de la CCI de Marseille - I 22,28,,,,,Teklia-Jules Oudot,,,-0.75,,,,,,,,,
1100,Local,1742,Marseille,,Pour l’Italie,Exports,plomb en saumon,,,4201,,18675,livres,225,sources/Local/Archives_de_la_CCI_de_Marseille_I_22_Marseille_Exports_1764.csv,Archives de la CCI de Marseille - I 22,28,,,,,Teklia-Jules Oudot,,,-875,,,,,,,,,
1101,Local,1742,Marseille,,Pour l’Italie,Exports,pierre ponce,,,12,,300,livres,0.04,sources/Local/Archives_de_la_CCI_de_Marseille_I_22_Marseille_Exports_1764.csv,Archives de la CCI de Marseille - I 22,28,,,,,Teklia-Jules Oudot,,,0,,,,,,,,,
1102,Local,1742,Marseille,,Pour l’Italie,Exports,pierres a faulx,,,1040,,5200,livres,0.2,sources/Local/Archives_de_la_CCI_de_Marseille_I_22_Marseille_Exports_1764.csv,Archives de la CCI de Marseille - I 22,28,,,,,Teklia-Jules Oudot,,,0,,,,,,,,,
1103,Local,1742,Marseille,,Pour l’Italie,Exports,pierres a eguiser,,,320,,1283,pièces,0.25,sources/Local/Archives_de_la_CCI_de_Marseille_I_22_Marseille_Exports_1764.csv,Archives de la CCI de Marseille - I 22,28,,,,,Teklia-Jules Oudot,,,-0.75,,,,,,,,,
1104,Local,1742,Marseille,,Pour l’Italie,Exports,pierres a fusil,,,2371,,23717,livres,0.1,sources/Local/Archives_de_la_CCI_de_Marseille_I_22_Marseille_Exports_1764.csv,Archives de la CCI de Marseille - I 22,28,,,,,Teklia-Jules Oudot,,,-0.7,,,,,,,,,
1105,Local,1742,Marseille,,Pour l’Italie,Exports,planches de sapin,,,459,,51,douzaines,9,sources/Local/Archives_de_la_CCI_de_Marseille_I_22_Marseille_Exports_1764.csv,Archives de la CCI de Marseille - I 22,28,,,,,Teklia-Jules Oudot,,,0,,,,,,,,,
1106,Local,1742,Marseille,,Pour l’Italie,Exports,ris,,,6723,,56025,livres,0.12,sources/Local/Archives_de_la_CCI_de_Marseille_I_22_Marseille_Exports_1764.csv,Archives de la CCI de Marseille - I 22,28,,,,,Teklia-Jules Oudot,,,0,,,,,,,,,
1107,Local,1742,Marseille,,Pour l’Italie,Exports,raisins secs,,,60796,,303980,livres,0.2,sources/Local/Archives_de_la_CCI_de_Marseille_I_22_Marseille_Exports_1764.csv,Archives de la CCI de Marseille - I 22,29,,,,,Teklia-Jules Oudot,,,0,,,,,,,,,
1108,Local,1742,Marseille,,Pour l’Italie,Exports,raisins frais,,,4485,,89700,livres,0.05,sources/Local/Archives_de_la_CCI_de_Marseille_I_22_Marseille_Exports_1764.csv,Archives de la CCI de Marseille - I 22,29,,,,,Teklia-Jules Oudot,,,0,,,,,,,,,
1109,Local,1742,Marseille,,Pour l’Italie,Exports,reglisse,,,488,,6100,0.08,488,sources/Local/Archives_de_la_CCI_de_Marseille_I_22_Marseille_Exports_1764.csv,Archives de la CCI de Marseille - I 22,29,,,,,Teklia-Jules Oudot,,,-2976312,,,,,,,,,
1110,Local,1742,Marseille,,Pour l’Italie,Exports,rubans,,,131400,,2190,livres,60,sources/Local/Archives_de_la_CCI_de_Marseille_I_22_Marseille_Exports_1764.csv,Archives de la CCI de Marseille - I 22,29,,,,,Teklia-Jules Oudot,,,0,,,,,,,,,
1111,Local,1742,Marseille,,Pour l’Italie,Exports,rocou,,,23458,,34097,livres,0.6,sources/Local/Archives_de_la_CCI_de_Marseille_I_22_Marseille_Exports_1764.csv,Archives de la CCI de Marseille - I 22,29,,,,,Teklia-Jules Oudot,,,2999.8,,,,,,,,,
1112,Local,1742,Marseille,,Pour l’Italie,Exports,quinquina,,,8620,,2155,livres,4,sources/Local/Archives_de_la_CCI_de_Marseille_I_22_Marseille_Exports_1764.csv,Archives de la CCI de Marseille - I 22,29,,,,,Teklia-Jules Oudot,,,0,,,,,,,,,
1113,Local,1742,Marseille,,Pour l’Italie,Exports,quincaillerie de fer ,,,85708,,85708,livres,1,sources/Local/Archives_de_la_CCI_de_Marseille_I_22_Marseille_Exports_1764.csv,Archives de la CCI de Marseille - I 22,29,,,,,Teklia-Jules Oudot,,,0,,,,,,,,,
1114,Local,1742,Marseille,,Pour l’Italie,Exports,racines de dictam,,,283,,405,livres,0.7,sources/Local/Archives_de_la_CCI_de_Marseille_I_22_Marseille_Exports_1764.csv,Archives de la CCI de Marseille - I 22,29,,,,,Teklia-Jules Oudot,,,-0.5,,,,,,,,,
1115,Local,1742,Marseille,,Pour l’Italie,Exports,rognons de castor,,,390,,130,livres,3,sources/Local/Archives_de_la_CCI_de_Marseille_I_22_Marseille_Exports_1764.csv,Archives de la CCI de Marseille - I 22,29,,,,,Teklia-Jules Oudot,,,0,,,,,,,,,
1116,Local,1742,Marseille,,Pour l’Italie,Exports,retaillons de cuirs,,,99,,992,livres,0.1,sources/Local/Archives_de_la_CCI_de_Marseille_I_22_Marseille_Exports_1764.csv,Archives de la CCI de Marseille - I 22,29,,,,,Teklia-Jules Oudot,,,-0.2,,,,,,,,,
1117,Local,1742,Marseille,,Pour l’Italie,Exports,saumon salé,,,840,,2802,livres,0.3,sources/Local/Archives_de_la_CCI_de_Marseille_I_22_Marseille_Exports_1764.csv,Archives de la CCI de Marseille - I 22,29,,,,,Teklia-Jules Oudot,,,-0.6,,,,,,,,,
1118,Local,1742,Marseille,,Pour l’Italie,Exports,sardines salées,,,456,,1825,livres,0.25,sources/Local/Archives_de_la_CCI_de_Marseille_I_22_Marseille_Exports_1764.csv,Archives de la CCI de Marseille - I 22,29,,,,,Teklia-Jules Oudot,,,-0.25,,,,,,,,,
1119,Local,1742,Marseille,,Pour l’Italie,Exports,stockfish,,,2650,,17700,livres,0.15,sources/Local/Archives_de_la_CCI_de_Marseille_I_22_Marseille_Exports_1764.csv,Archives de la CCI de Marseille - I 22,29,,,,,Teklia-Jules Oudot,,,-5,,,,,,,,,
1120,Local,1742,Marseille,,Pour l’Italie,Exports,sucre rafiné,,,44650,,89300,livres,0.5,sources/Local/Archives_de_la_CCI_de_Marseille_I_22_Marseille_Exports_1764.csv,Archives de la CCI de Marseille - I 22,29,,,,,Teklia-Jules Oudot,,,0,,,,,,,,,
1121,Local,1742,Marseille,,Pour l’Italie,Exports,sucre blanc,,,3601727,,10290650,livres,0.35,sources/Local/Archives_de_la_CCI_de_Marseille_I_22_Marseille_Exports_1764.csv,Archives de la CCI de Marseille - I 22,29,,,,,Teklia-Jules Oudot,,,-0.5,,,,,,,,,
1122,Local,1742,Marseille,,Pour l’Italie,Exports,sucre versois,,,71586,,198850,livres,0.36,sources/Local/Archives_de_la_CCI_de_Marseille_I_22_Marseille_Exports_1764.csv,Archives de la CCI de Marseille - I 22,29,,,,,Teklia-Jules Oudot,,,0,,,,,,,,,
1123,Local,1742,Marseille,,Pour l’Italie,Exports,sucre brun,,,82506,,343775,livres,0.14,sources/Local/Archives_de_la_CCI_de_Marseille_I_22_Marseille_Exports_1764.csv,Archives de la CCI de Marseille - I 22,29,,,,,Teklia-Jules Oudot,,,34377.5,,,,,,,,,
1124,Local,1742,Marseille,,Pour l’Italie,Exports,sucre candy,,,1668,,1517,livres,1.1,sources/Local/Archives_de_la_CCI_de_Marseille_I_22_Marseille_Exports_1764.csv,Archives de la CCI de Marseille - I 22,29,,,,,Teklia-Jules Oudot,,,-0.7,,,,,,,,,
1125,Local,1742,Marseille,,Pour l’Italie,Exports,sirop melasse,,,67717,,451450,livres,0.15,sources/Local/Archives_de_la_CCI_de_Marseille_I_22_Marseille_Exports_1764.csv,Archives de la CCI de Marseille - I 22,29,,,,,Teklia-Jules Oudot,,,-0.5,,,,,,,,,
1126,Local,1742,Marseille,,Pour l’Italie,Exports,sirop de capilaire,,,10468,,10468,livres,1,sources/Local/Archives_de_la_CCI_de_Marseille_I_22_Marseille_Exports_1764.csv,Archives de la CCI de Marseille - I 22,29,,,,,Teklia-Jules Oudot,,,0,,,,,,,,,
1127,Local,1742,Marseille,,Pour l’Italie,Exports,sirop d’alkerme,,,2122,,1415,livres,1.5,sources/Local/Archives_de_la_CCI_de_Marseille_I_22_Marseille_Exports_1764.csv,Archives de la CCI de Marseille - I 22,29,,,,,Teklia-Jules Oudot,,,-0.5,,,,,,,,,
1128,Local,1742,Marseille,,Pour l’Italie,Exports,sel,,,51,,3,pièces,17,sources/Local/Archives_de_la_CCI_de_Marseille_I_22_Marseille_Exports_1764.csv,Archives de la CCI de Marseille - I 22,29,,,,,Teklia-Jules Oudot,,,0,,,,,,,,,
1129,Local,1742,Marseille,,Pour l’Italie,Exports,sel armoniac,,,4480,,6409,livres,0.7,sources/Local/Archives_de_la_CCI_de_Marseille_I_22_Marseille_Exports_1764.csv,Archives de la CCI de Marseille - I 22,29,,,,,Teklia-Jules Oudot,,,-6.3,,,,,,,,,
1130,Local,1742,Marseille,,Pour l’Italie,Exports,sel de saturne,,,153,,205,livres,0.75,sources/Local/Archives_de_la_CCI_de_Marseille_I_22_Marseille_Exports_1764.csv,Archives de la CCI de Marseille - I 22,29,,,,,Teklia-Jules Oudot,,,-0.75,,,,,,,,,
1131,Local,1742,Marseille,,Pour l’Italie,Exports,sel dipsum,,,600,,2000,livres,0.3,sources/Local/Archives_de_la_CCI_de_Marseille_I_22_Marseille_Exports_1764.csv,Archives de la CCI de Marseille - I 22,29,,,,,Teklia-Jules Oudot,,,0,,,,,,,,,
1132,Local,1742,Marseille,,Pour l’Italie,Exports,scamonée,,,175,,25,livres,7,sources/Local/Archives_de_la_CCI_de_Marseille_I_22_Marseille_Exports_1764.csv,Archives de la CCI de Marseille - I 22,29,,,,,Teklia-Jules Oudot,,,0,,,,,,,,,
1133,Local,1742,Marseille,,Pour l’Italie,Exports,saffran,,,5896,,268,livres,22,sources/Local/Archives_de_la_CCI_de_Marseille_I_22_Marseille_Exports_1764.csv,Archives de la CCI de Marseille - I 22,29,,,,,Teklia-Jules Oudot,,,0,,,,,,,,,
1134,Local,1742,Marseille,,Pour l’Italie,Exports,safranum,,,25471,,39187,livres,0.65,sources/Local/Archives_de_la_CCI_de_Marseille_I_22_Marseille_Exports_1764.csv,Archives de la CCI de Marseille - I 22,29,,,,,Teklia-Jules Oudot,,,-0.55,,,,,,,,,
1135,Local,1742,Marseille,,Pour l’Italie,Exports,sené,,,12480,,8320,livres,1.5,sources/Local/Archives_de_la_CCI_de_Marseille_I_22_Marseille_Exports_1764.csv,Archives de la CCI de Marseille - I 22,la,,,,,Teklia-Jules Oudot,,,0,,,,,,,,,
1136,Local,1742,Marseille,,Pour l’Italie,Exports,Peaux de cheval jusqs,,,65,,130,livres,0.5,sources/Local/Archives_de_la_CCI_de_Marseille_I_22_Marseille_Exports_1764.csv,Archives de la CCI de Marseille - I 22,29,,,,,Teklia-Jules Oudot,,,0,,,,,,,,,
1137,Local,1742,Marseille,,Pour l’Italie,Exports,siagne,,,7,,150,livres,0.05,sources/Local/Archives_de_la_CCI_de_Marseille_I_22_Marseille_Exports_1764.csv,Archives de la CCI de Marseille - I 22,29,,,,,Teklia-Jules Oudot,,,-0.5,,,,,,,,,
1138,Local,1742,Marseille,,Pour l’Italie,Exports,sayn ,,,202,,1010,livres,0.2,sources/Local/Archives_de_la_CCI_de_Marseille_I_22_Marseille_Exports_1764.csv,Archives de la CCI de Marseille - I 22,29,,,,,Teklia-Jules Oudot,,,0,,,,,,,,,
1139,Local,1742,Marseille,,Pour l’Italie,Exports,salsepareille,,,758,,379,livres,2,sources/Local/Archives_de_la_CCI_de_Marseille_I_22_Marseille_Exports_1764.csv,Archives de la CCI de Marseille - I 22,29,,,,,Teklia-Jules Oudot,,,0,,,,,,,,,
1140,Local,1742,Marseille,,Pour l’Italie,Exports,spermaceti,,,236,,118,livres,2,sources/Local/Archives_de_la_CCI_de_Marseille_I_22_Marseille_Exports_1764.csv,Archives de la CCI de Marseille - I 22,29,,,,,Teklia-Jules Oudot,,,0,,,,,,,,,
1141,Local,1742,Marseille,,Pour l’Italie,Exports,sang dragon,,,35,,140,livres,0.25,sources/Local/Archives_de_la_CCI_de_Marseille_I_22_Marseille_Exports_1764.csv,Archives de la CCI de Marseille - I 22,29,,,,,Teklia-Jules Oudot,,,0,,,,,,,,,
1142,Local,1742,Marseille,,Pour l’Italie,Exports,semence froide,,,59,,198,livres,0.3,sources/Local/Archives_de_la_CCI_de_Marseille_I_22_Marseille_Exports_1764.csv,Archives de la CCI de Marseille - I 22,29,,,,,Teklia-Jules Oudot,,,-0.4,,,,,,,,,
1143,Local,1742,Marseille,,Pour l’Italie,Exports,semen contra,,,625,,250,livres,2.5,sources/Local/Archives_de_la_CCI_de_Marseille_I_22_Marseille_Exports_1764.csv,Archives de la CCI de Marseille - I 22,29,,,,,Teklia-Jules Oudot,,,0,,,,,,,,,
1144,Local,1742,Marseille,,Pour l’Italie,Exports,sumac,,,1092,,5460,livres,0.2,sources/Local/Archives_de_la_CCI_de_Marseille_I_22_Marseille_Exports_1764.csv,Archives de la CCI de Marseille - I 22,29,,,,,Teklia-Jules Oudot,,,0,,,,,,,,,
1145,Local,1742,Marseille,,Pour l’Italie,Exports,souffre,,,129,,1075,livres,0.12,sources/Local/Archives_de_la_CCI_de_Marseille_I_22_Marseille_Exports_1764.csv,Archives de la CCI de Marseille - I 22,29,,,,,Teklia-Jules Oudot,,,0,,,,,,,,,
1146,Local,1742,Marseille,,Pour l’Italie,Exports,suif,,,651,,1628,livres,0.4,sources/Local/Archives_de_la_CCI_de_Marseille_I_22_Marseille_Exports_1764.csv,Archives de la CCI de Marseille - I 22,29,,,,,Teklia-Jules Oudot,,,-0.2,,,,,,,,,
1147,Local,1742,Marseille,,Pour l’Italie,Exports,savonettes,,,229,,382,livres,0.6,sources/Local/Archives_de_la_CCI_de_Marseille_I_22_Marseille_Exports_1764.csv,Archives de la CCI de Marseille - I 22,30,,,,,Teklia-Jules Oudot,,,-0.2,,,,,,,,,
1148,Local,1742,Marseille,,Pour l’Italie,Exports,savon madre,,,56286,,234525,livres,0.24,sources/Local/Archives_de_la_CCI_de_Marseille_I_22_Marseille_Exports_1764.csv,Archives de la CCI de Marseille - I 22,30,,,,,Teklia-Jules Oudot,,,0,,,,,,,,,
1149,Local,1742,Marseille,,Pour l’Italie,Exports,soye aprété,,,201220,,10061,livres,20,sources/Local/Archives_de_la_CCI_de_Marseille_I_22_Marseille_Exports_1764.csv,Archives de la CCI de Marseille - I 22,30,,,,,Teklia-Jules Oudot,,,0,,,,,,,,,
1150,Local,1742,Marseille,,Pour l’Italie,Exports,souliers,,,735,,210,pairs,3.5,sources/Local/Archives_de_la_CCI_de_Marseille_I_22_Marseille_Exports_1764.csv,Archives de la CCI de Marseille - I 22,30,,,,,Teklia-Jules Oudot,,,0,,,,,,,,,
1151,Local,1742,Marseille,,Pour l’Italie,Exports,soufflets a feu,,,720,,40,douzaines,18,sources/Local/Archives_de_la_CCI_de_Marseille_I_22_Marseille_Exports_1764.csv,Archives de la CCI de Marseille - I 22,30,,,,,Teklia-Jules Oudot,,,0,,,,,,,,,
1152,Local,1742,Marseille,,Pour l’Italie,Exports,soude,,,23825,,264725,livres,0.09,sources/Local/Archives_de_la_CCI_de_Marseille_I_22_Marseille_Exports_1764.csv,Archives de la CCI de Marseille - I 22,30,,,,,Teklia-Jules Oudot,,,-0.25,,,,,,,,,
1153,Local,1742,Marseille,,Pour l’Italie,Exports,thon mariné,,,736,,818,livres,0.9,sources/Local/Archives_de_la_CCI_de_Marseille_I_22_Marseille_Exports_1764.csv,Archives de la CCI de Marseille - I 22,30,,,,,Teklia-Jules Oudot,,,-0.2,,,,,,,,,
1154,Local,1742,Marseille,,Pour l’Italie,Exports,truffes,,,4040,,1010,livres,4,sources/Local/Archives_de_la_CCI_de_Marseille_I_22_Marseille_Exports_1764.csv,Archives de la CCI de Marseille - I 22,30,,,,,Teklia-Jules Oudot,,,0,,,,,,,,,
1155,Local,1742,Marseille,,Pour l’Italie,Exports,thé,,,21230,,4246,livres,5,sources/Local/Archives_de_la_CCI_de_Marseille_I_22_Marseille_Exports_1764.csv,Archives de la CCI de Marseille - I 22,30,,,,,Teklia-Jules Oudot,,,0,,,,,,,,,
1156,Local,1742,Marseille,,Pour l’Italie,Exports,tabac en poudre,,,9056,,4528,livres,2,sources/Local/Archives_de_la_CCI_de_Marseille_I_22_Marseille_Exports_1764.csv,Archives de la CCI de Marseille - I 22,30,,,,,Teklia-Jules Oudot,,,0,,,,,,,,,
1157,Local,1742,Marseille,,Pour l’Italie,Exports,Tabac en carotte,,,1740,,1160,livres,1.5,sources/Local/Archives_de_la_CCI_de_Marseille_I_22_Marseille_Exports_1764.csv,Archives de la CCI de Marseille - I 22,30,,,,,Teklia-Jules Oudot,,,0,,,,,,,,,
1158,Local,1742,Marseille,,Pour l’Italie,Exports,tabac en feuille,,,30806,,30806,livres,1,sources/Local/Archives_de_la_CCI_de_Marseille_I_22_Marseille_Exports_1764.csv,Archives de la CCI de Marseille - I 22,30,,,,,Teklia-Jules Oudot,,,0,,,,,,,,,
1159,Local,1742,Marseille,,Pour l’Italie,Exports,tamarins,,,283,,709,livres,0.4,sources/Local/Archives_de_la_CCI_de_Marseille_I_22_Marseille_Exports_1764.csv,Archives de la CCI de Marseille - I 22,30,,,,,Teklia-Jules Oudot,,,-0.6,,,,,,,,,
1160,Local,1742,Marseille,,Pour l’Italie,Exports,tutie,,,205,,205,livres,1,sources/Local/Archives_de_la_CCI_de_Marseille_I_22_Marseille_Exports_1764.csv,Archives de la CCI de Marseille - I 22,30,,,,,Teklia-Jules Oudot,,,0,,,,,,,,,
1161,Local,1742,Marseille,,Pour l’Italie,Exports,terra merita,,,274,,548,livres,0.5,sources/Local/Archives_de_la_CCI_de_Marseille_I_22_Marseille_Exports_1764.csv,Archives de la CCI de Marseille - I 22,30,,,,,Teklia-Jules Oudot,,,0,,,,,,,,,
1162,Local,1742,Marseille,,Pour l’Italie,Exports,terebentine,,,380,,760,livres,0.5,sources/Local/Archives_de_la_CCI_de_Marseille_I_22_Marseille_Exports_1764.csv,Archives de la CCI de Marseille - I 22,30,,,,,Teklia-Jules Oudot,,,0,,,,,,,,,
1163,Local,1742,Marseille,,Pour l’Italie,Exports,tartre,,,7614,,31725,livres,0.24,sources/Local/Archives_de_la_CCI_de_Marseille_I_22_Marseille_Exports_1764.csv,Archives de la CCI de Marseille - I 22,30,,,,,Teklia-Jules Oudot,,,0,,,,,,,,,
1164,Local,1742,Marseille,,Pour l’Italie,Exports,tapisserie d’auvergne,,,3250,,650,livres,5,sources/Local/Archives_de_la_CCI_de_Marseille_I_22_Marseille_Exports_1764.csv,Archives de la CCI de Marseille - I 22,30,,,,,Teklia-Jules Oudot,,,0,,,,,,,,,
1165,Local,1742,Marseille,,Pour l’Italie,Exports,tapis de laine,,,270,,54,pièces,5,sources/Local/Archives_de_la_CCI_de_Marseille_I_22_Marseille_Exports_1764.csv,Archives de la CCI de Marseille - I 22,30,,,,,Teklia-Jules Oudot,,,0,,,,,,,,,
1166,Local,1742,Marseille,,Pour l’Italie,Exports,toille de holande,,,7400,,925,livres,8,sources/Local/Archives_de_la_CCI_de_Marseille_I_22_Marseille_Exports_1764.csv,Archives de la CCI de Marseille - I 22,30,,,,,Teklia-Jules Oudot,,,0,,,,,,,,,
1167,Local,1742,Marseille,,Pour l’Italie,Exports,toile piquée ,,,3450,,345,livres,10,sources/Local/Archives_de_la_CCI_de_Marseille_I_22_Marseille_Exports_1764.csv,Archives de la CCI de Marseille - I 22,30,,,,,Teklia-Jules Oudot,,,0,,,,,,,,,
1168,Local,1742,Marseille,,Pour l’Italie,Exports,toille blanche,,,320016,,80004,livres,4,sources/Local/Archives_de_la_CCI_de_Marseille_I_22_Marseille_Exports_1764.csv,Archives de la CCI de Marseille - I 22,30,,,,,Teklia-Jules Oudot,,,0,,,,,,,,,
1169,Local,1742,Marseille,,Pour l’Italie,Exports,toille a serviettes,,,400,,400,livres,1,sources/Local/Archives_de_la_CCI_de_Marseille_I_22_Marseille_Exports_1764.csv,Archives de la CCI de Marseille - I 22,30,,,,,Teklia-Jules Oudot,,,0,,,,,,,,,
1170,Local,1742,Marseille,,Pour l’Italie,Exports,toille d’alemagne,,,960,,160,livres,6,sources/Local/Archives_de_la_CCI_de_Marseille_I_22_Marseille_Exports_1764.csv,Archives de la CCI de Marseille - I 22,30,,,,,Teklia-Jules Oudot,,,0,,,,,,,,,
1171,Local,1742,Marseille,,Pour l’Italie,Exports,toile abath,,,615,,205,pièces,3,sources/Local/Archives_de_la_CCI_de_Marseille_I_22_Marseille_Exports_1764.csv,Archives de la CCI de Marseille - I 22,30,,,,,Teklia-Jules Oudot,,,0,,,,,,,,,
1172,Local,1742,Marseille,,Pour l’Italie,Exports,toile manouf,,,4540,,908,pièces,5,sources/Local/Archives_de_la_CCI_de_Marseille_I_22_Marseille_Exports_1764.csv,Archives de la CCI de Marseille - I 22,30,,,,,Teklia-Jules Oudot,,,0,,,,,,,,,
1173,Local,1742,Marseille,,Pour l’Italie,Exports,toille caissie ,,,3990,,665,pièces,6,sources/Local/Archives_de_la_CCI_de_Marseille_I_22_Marseille_Exports_1764.csv,Archives de la CCI de Marseille - I 22,30,,,,,Teklia-Jules Oudot,,,0,,,,,,,,,
1174,Local,1742,Marseille,,Pour l’Italie,Exports,toille crue,,,75,,50,livres,1.5,sources/Local/Archives_de_la_CCI_de_Marseille_I_22_Marseille_Exports_1764.csv,Archives de la CCI de Marseille - I 22,30,,,,,Teklia-Jules Oudot,,,0,,,,,,,,,
1175,Local,1742,Marseille,,Pour l’Italie,Exports,toille a voile,,,61100,,2350,pièces,26,sources/Local/Archives_de_la_CCI_de_Marseille_I_22_Marseille_Exports_1764.csv,Archives de la CCI de Marseille - I 22,30,,,,,Teklia-Jules Oudot,,,0,,,,,,,,,
1176,Local,1742,Marseille,,Pour l’Italie,Exports,toille d’embalage,,,3562,,4750,livres,0.75,sources/Local/Archives_de_la_CCI_de_Marseille_I_22_Marseille_Exports_1764.csv,Archives de la CCI de Marseille - I 22,30,,,,,Teklia-Jules Oudot,,,-0.5,,,,,,,,,
1177,Local,1742,Marseille,,Pour l’Italie,Exports,toille cirée,,,540,,270,livres,2,sources/Local/Archives_de_la_CCI_de_Marseille_I_22_Marseille_Exports_1764.csv,Archives de la CCI de Marseille - I 22,30,,,,,Teklia-Jules Oudot,,,0,,,,,,,,,
1178,Local,1742,Marseille,,Pour l’Italie,Exports,treills,,,627,,570,livres,1.1,sources/Local/Archives_de_la_CCI_de_Marseille_I_22_Marseille_Exports_1764.csv,Archives de la CCI de Marseille - I 22,30,,,,,Teklia-Jules Oudot,,,0,,,,,,,,,
1179,Local,1742,Marseille,,Pour l’Italie,Exports,tayolles,,,9600,,1200,pièces,8,sources/Local/Archives_de_la_CCI_de_Marseille_I_22_Marseille_Exports_1764.csv,Archives de la CCI de Marseille - I 22,30,,,,,Teklia-Jules Oudot,,,0,,,,,,,,,
1180,Local,1742,Marseille,,Pour l’Italie,Exports,trenelle d’espar,,,45,,300,livres,0.1,sources/Local/Archives_de_la_CCI_de_Marseille_I_22_Marseille_Exports_1764.csv,Archives de la CCI de Marseille - I 22,30,,,,,Teklia-Jules Oudot,,,15,,,,,,,,,
1181,Local,1742,Marseille,,Pour l’Italie,Exports,tables de marbre,,,120,,6,pièces,20,sources/Local/Archives_de_la_CCI_de_Marseille_I_22_Marseille_Exports_1764.csv,Archives de la CCI de Marseille - I 22,30,,,,,Teklia-Jules Oudot,,,0,,,,,,,,,
1182,Local,1742,Marseille,,Pour l’Italie,Exports,terre d’ombre,,,73,,1475,livres,0.05,sources/Local/Archives_de_la_CCI_de_Marseille_I_22_Marseille_Exports_1764.csv,Archives de la CCI de Marseille - I 22,30,,,,,Teklia-Jules Oudot,,,-0.75,,,,,,,,,
1183,Local,1742,Marseille,,Pour l’Italie,Exports,terre de porcelaine,,,1200,,40000,livres,0.03,sources/Local/Archives_de_la_CCI_de_Marseille_I_22_Marseille_Exports_1764.csv,Archives de la CCI de Marseille - I 22,30,,,,,Teklia-Jules Oudot,,,0,,,,,,,,,
1184,Local,1742,Marseille,,Pour l’Italie,Exports,teraille ,,,11520,,512,charges,22.5,sources/Local/Archives_de_la_CCI_de_Marseille_I_22_Marseille_Exports_1764.csv,Archives de la CCI de Marseille - I 22,30,,,,,Teklia-Jules Oudot,,,0,,,,,,,,,
1185,Local,1742,Marseille,,Pour l’Italie,Exports,teraille ,,,1132,,15100,livres,75,sources/Local/Archives_de_la_CCI_de_Marseille_I_22_Marseille_Exports_1764.csv,Archives de la CCI de Marseille - I 22,30,,,,,Teklia-Jules Oudot,,,-0.5,,,,,,,,,
1186,Local,1742,Marseille,,Pour l’Italie,Exports,tuilles,,,94,,4700,pièces,0.02,sources/Local/Archives_de_la_CCI_de_Marseille_I_22_Marseille_Exports_1764.csv,Archives de la CCI de Marseille - I 22,30,,,,,Teklia-Jules Oudot,,,0,,,,,,,,,
1187,Local,1742,Marseille,,Pour l’Italie,Exports,vin d’espagne,,,320,,8,milliers,40,sources/Local/Archives_de_la_CCI_de_Marseille_I_22_Marseille_Exports_1764.csv,Archives de la CCI de Marseille - I 22,31,,,,,Teklia-Jules Oudot,,,0,,,,,,,,,
1188,Local,1742,Marseille,,Pour l’Italie,Exports,vin de chipres,,,500,,10,milliers,50,sources/Local/Archives_de_la_CCI_de_Marseille_I_22_Marseille_Exports_1764.csv,Archives de la CCI de Marseille - I 22,31,,,,,Teklia-Jules Oudot,,,0,,,,,,,,,
1189,Local,1742,Marseille,,Pour l’Italie,Exports,vin de Xirez,,,450,,5,milliers,90,sources/Local/Archives_de_la_CCI_de_Marseille_I_22_Marseille_Exports_1764.csv,Archives de la CCI de Marseille - I 22,31,,,,,Teklia-Jules Oudot,,,0,,,,,,,,,
1190,Local,1742,Marseille,,Pour l’Italie,Exports,vin musca,,,9065,,259,milliers,35,sources/Local/Archives_de_la_CCI_de_Marseille_I_22_Marseille_Exports_1764.csv,Archives de la CCI de Marseille - I 22,31,,,,,Teklia-Jules Oudot,,,0,,,,,,,,,
1191,Local,1742,Marseille,,Pour l’Italie,Exports,vin de coterotie,,,45,,3,milliers,15,sources/Local/Archives_de_la_CCI_de_Marseille_I_22_Marseille_Exports_1764.csv,Archives de la CCI de Marseille - I 22,31,,,,,Teklia-Jules Oudot,,,0,,,,,,,,,
1192,Local,1742,Marseille,,Pour l’Italie,Exports,vin de champagne,,,18450,,123,milliers,150,sources/Local/Archives_de_la_CCI_de_Marseille_I_22_Marseille_Exports_1764.csv,Archives de la CCI de Marseille - I 22,31,,,,,Teklia-Jules Oudot,,,0,,,,,,,,,
1193,Local,1742,Marseille,,Pour l’Italie,Exports,vin de bourgogne,,,35500,,355,milliers,100,sources/Local/Archives_de_la_CCI_de_Marseille_I_22_Marseille_Exports_1764.csv,Archives de la CCI de Marseille - I 22,31,,,,,Teklia-Jules Oudot,,,0,,,,,,,,,
1194,Local,1742,Marseille,,Pour l’Italie,Exports,vin blanc,,,3320,,166,milliers,20,sources/Local/Archives_de_la_CCI_de_Marseille_I_22_Marseille_Exports_1764.csv,Archives de la CCI de Marseille - I 22,31,,,,,Teklia-Jules Oudot,,,0,,,,,,,,,
1195,Local,1742,Marseille,,Pour l’Italie,Exports,vin rouge,,1,166800,,8340,charge,20,sources/Local/Archives_de_la_CCI_de_Marseille_I_22_Marseille_Exports_1764.csv,Archives de la CCI de Marseille - I 22,31,,,,,Teklia-Jules Oudot,,,0,,,,,,,,,
1196,Local,1742,Marseille,,Pour l’Italie,Exports,vin rouge,,2,258758,,36965,mmilliers,7,sources/Local/Archives_de_la_CCI_de_Marseille_I_22_Marseille_Exports_1764.csv,Archives de la CCI de Marseille - I 22,31,,,,,Teklia-Jules Oudot,,,3,,,,,,,,,
1197,Local,1742,Marseille,,Pour l’Italie,Exports,vin aigre,,1,1017,,56.5,charges,18,sources/Local/Archives_de_la_CCI_de_Marseille_I_22_Marseille_Exports_1764.csv,Archives de la CCI de Marseille - I 22,31,,,,,Teklia-Jules Oudot,,,0,,,,,,,,,
1198,Local,1742,Marseille,,Pour l’Italie,Exports,vin aigre,,2,105,,17,milliers,6,sources/Local/Archives_de_la_CCI_de_Marseille_I_22_Marseille_Exports_1764.csv,Archives de la CCI de Marseille - I 22,31,,,,,Teklia-Jules Oudot,,,3,,,,,,,,,
1199,Local,1742,Marseille,,Pour l’Italie,Exports,vin aigre,,3,78,,1570,livres,0.05,sources/Local/Archives_de_la_CCI_de_Marseille_I_22_Marseille_Exports_1764.csv,Archives de la CCI de Marseille - I 22,31,,,,,Teklia-Jules Oudot,,,-0.5,,,,,,,,,
1200,Local,1742,Marseille,,Pour l’Italie,Exports,vermichel,,,20,,100,livres,0.2,sources/Local/Archives_de_la_CCI_de_Marseille_I_22_Marseille_Exports_1764.csv,Archives de la CCI de Marseille - I 22,31,,,,,Teklia-Jules Oudot,,,0,,,,,,,,,
1201,Local,1742,Marseille,,Pour l’Italie,Exports,vanille,,,5000,,50,livres,100,sources/Local/Archives_de_la_CCI_de_Marseille_I_22_Marseille_Exports_1764.csv,Archives de la CCI de Marseille - I 22,31,,,,,Teklia-Jules Oudot,,,0,,,,,,,,,
1202,Local,1742,Marseille,,Pour l’Italie,Exports,vermillon,,,11700,,4680,livres,2.5,sources/Local/Archives_de_la_CCI_de_Marseille_I_22_Marseille_Exports_1764.csv,Archives de la CCI de Marseille - I 22,31,,,,,Teklia-Jules Oudot,,,0,,,,,,,,,
1203,Local,1742,Marseille,,Pour l’Italie,Exports,vitriol de chypre,,,7908,,10544,livres,0.75,sources/Local/Archives_de_la_CCI_de_Marseille_I_22_Marseille_Exports_1764.csv,Archives de la CCI de Marseille - I 22,31,,,,,Teklia-Jules Oudot,,,0,,,,,,,,,
1204,Local,1742,Marseille,,Pour l’Italie,Exports,verdet,,,66000,,82500,livres,0.8,sources/Local/Archives_de_la_CCI_de_Marseille_I_22_Marseille_Exports_1764.csv,Archives de la CCI de Marseille - I 22,31,,,,,Teklia-Jules Oudot,,,0,,,,,,,,,
1205,Local,1742,Marseille,,Pour l’Italie,Exports,vacquette,,,150,,500,livres,0.3,sources/Local/Archives_de_la_CCI_de_Marseille_I_22_Marseille_Exports_1764.csv,Archives de la CCI de Marseille - I 22,31,,,,,Teklia-Jules Oudot,,,0,,,,,,,,,
1206,Local,1742,Marseille,,Pour l’Italie,Exports,velours,,,1680,,6,pièces,280,sources/Local/Archives_de_la_CCI_de_Marseille_I_22_Marseille_Exports_1764.csv,Archives de la CCI de Marseille - I 22,31,,,,,Teklia-Jules Oudot,,,0,,,,,,,,,
1207,Local,1742,Marseille,,Pour l’Italie,Exports,vaisselle d’argen,,,26847,,471,marcs,57,sources/Local/Archives_de_la_CCI_de_Marseille_I_22_Marseille_Exports_1764.csv,Archives de la CCI de Marseille - I 22,31,,,,,Teklia-Jules Oudot,,,0,,,,,,,,,
1208,Local,1742,Marseille,,Pour l’Italie,Exports,verrunes,,,8,,4,douzaines,2,sources/Local/Archives_de_la_CCI_de_Marseille_I_22_Marseille_Exports_1764.csv,Archives de la CCI de Marseille - I 22,31,,,,,Teklia-Jules Oudot,,,0,,,,,,,,,
1209,Local,1742,Marseille,,Pour l’Italie,Exports,verres de cristal,,,8970,,4485,livres,2,sources/Local/Archives_de_la_CCI_de_Marseille_I_22_Marseille_Exports_1764.csv,Archives de la CCI de Marseille - I 22,31,,,,,Teklia-Jules Oudot,,,0,,,,,,,,,
1210,Local,1742,Marseille,,Pour l’Italie,Exports,verres communs a boire,,,5486,,5486,livres,1,sources/Local/Archives_de_la_CCI_de_Marseille_I_22_Marseille_Exports_1764.csv,Archives de la CCI de Marseille - I 22,31,,,,,Teklia-Jules Oudot,,,0,,,,,,,,,
1211,Local,1742,Marseille,,Pour le Levant,Exports,avoine,,,50,,5,charges,10,sources/Local/Archives_de_la_CCI_de_Marseille_I_22_Marseille_Exports_1764.csv,Archives de la CCI de Marseille - I 22,31,,,,,Teklia-Jules Oudot,,,0,,,,,,,,,
1212,Local,1742,Marseille,,Pour le Levant,Exports,anchois,,,5685,,11371,livres,0.5,sources/Local/Archives_de_la_CCI_de_Marseille_I_22_Marseille_Exports_1764.csv,Archives de la CCI de Marseille - I 22,31,,,,,Teklia-Jules Oudot,,,-0.5,,,,,,,,,
1213,Local,1742,Marseille,,Pour le Levant,Exports,amandes,,,12831,,64159,livres,0.2,sources/Local/Archives_de_la_CCI_de_Marseille_I_22_Marseille_Exports_1764.csv,Archives de la CCI de Marseille - I 22,31,,,,,Teklia-Jules Oudot,,,-0.8,,,,,,,,,
1214,Local,1742,Marseille,,Pour le Levant,Exports,anis,,,506,,2530,livres,0.2,sources/Local/Archives_de_la_CCI_de_Marseille_I_22_Marseille_Exports_1764.csv,Archives de la CCI de Marseille - I 22,31,,,,,Teklia-Jules Oudot,,,0,,,,,,,,,
1215,Local,1742,Marseille,,Pour le Levant,Exports,arcenic,,,1122,,3742,livres,0.3,sources/Local/Archives_de_la_CCI_de_Marseille_I_22_Marseille_Exports_1764.csv,Archives de la CCI de Marseille - I 22,31,,,,,Teklia-Jules Oudot,,,-0.6,,,,,,,,,
1216,Local,1742,Marseille,,Pour le Levant,Exports,argen vif,,,7885,,1577,livres,5,sources/Local/Archives_de_la_CCI_de_Marseille_I_22_Marseille_Exports_1764.csv,Archives de la CCI de Marseille - I 22,31,,,,,Teklia-Jules Oudot,,,0,,,,,,,,,
1217,Local,1742,Marseille,,Pour le Levant,Exports,amidon,,,328,,1641,livres,0.2,sources/Local/Archives_de_la_CCI_de_Marseille_I_22_Marseille_Exports_1764.csv,Archives de la CCI de Marseille - I 22,31,,,,,Teklia-Jules Oudot,,,-0.2,,,,,,,,,
1218,Local,1742,Marseille,,Pour le Levant,Exports,azur fin,,,712,,356,livres,2,sources/Local/Archives_de_la_CCI_de_Marseille_I_22_Marseille_Exports_1764.csv,Archives de la CCI de Marseille - I 22,31,,,,,Teklia-Jules Oudot,,,0,,,,,,,,,
1219,Local,1742,Marseille,,Pour le Levant,Exports,azur commun,,,1227,,2045,livres,0.6,sources/Local/Archives_de_la_CCI_de_Marseille_I_22_Marseille_Exports_1764.csv,Archives de la CCI de Marseille - I 22,31,,,,,Teklia-Jules Oudot,,,0,,,,,,,,,
1220,Local,1742,Marseille,,Pour le Levant,Exports,alun,,,5225,,37325,livres,0.14,sources/Local/Archives_de_la_CCI_de_Marseille_I_22_Marseille_Exports_1764.csv,Archives de la CCI de Marseille - I 22,31,,,,,Teklia-Jules Oudot,,,-0.5,,,,,,,,,
1221,Local,1742,Marseille,,Pour le Levant,Exports,ambre gris,,,2880,,12,livres,240,sources/Local/Archives_de_la_CCI_de_Marseille_I_22_Marseille_Exports_1764.csv,Archives de la CCI de Marseille - I 22,31,,,,,Teklia-Jules Oudot,,,0,,,,,,,,,
1222,Local,1742,Marseille,,Pour le Levant,Exports,ambre jaune,,,1210,,605,livres,2,sources/Local/Archives_de_la_CCI_de_Marseille_I_22_Marseille_Exports_1764.csv,Archives de la CCI de Marseille - I 22,31,,,,,Teklia-Jules Oudot,,,0,,,,,,,,,
1223,Local,1742,Marseille,,Pour le Levant,Exports,acier,,,7444,,21270,livres,0.35,sources/Local/Archives_de_la_CCI_de_Marseille_I_22_Marseille_Exports_1764.csv,Archives de la CCI de Marseille - I 22,31,,,,,Teklia-Jules Oudot,,,-0.5,,,,,,,,,
1224,Local,1742,Marseille,,Pour le Levant,Exports,ajamis,,,12762,,2127,pieces,6,sources/Local/Archives_de_la_CCI_de_Marseille_I_22_Marseille_Exports_1764.csv,Archives de la CCI de Marseille - I 22,31,,,,,Teklia-Jules Oudot,,,0,,,,,,,,,
1225,Local,1742,Marseille,,Pour le Levant,Exports,arquifou,,,14916,,99444,livres,0.15,sources/Local/Archives_de_la_CCI_de_Marseille_I_22_Marseille_Exports_1764.csv,Archives de la CCI de Marseille - I 22,32,,,,,Teklia-Jules Oudot,,,-0.6,,,,,,,,,
1226,Local,1742,Marseille,,Pour le Levant,Exports,baume du perou,,,960,,160,livres,6,sources/Local/Archives_de_la_CCI_de_Marseille_I_22_Marseille_Exports_1764.csv,Archives de la CCI de Marseille - I 22,32,,,,,Teklia-Jules Oudot,,,0,,,,,,,,,
1227,Local,1742,Marseille,,Pour le Levant,Exports,benjoin,,,2040,,408,livres,5,sources/Local/Archives_de_la_CCI_de_Marseille_I_22_Marseille_Exports_1764.csv,Archives de la CCI de Marseille - I 22,32,,,,,Teklia-Jules Oudot,,,0,,,,,,,,,
1228,Local,1742,Marseille,,Pour le Levant,Exports,bray sec,,,188,,1880,livres,0.1,sources/Local/Archives_de_la_CCI_de_Marseille_I_22_Marseille_Exports_1764.csv,Archives de la CCI de Marseille - I 22,32,,,,,Teklia-Jules Oudot,,,0,,,,,,,,,
1229,Local,1742,Marseille,,Pour le Levant,Exports,batanonny,,,7000,,2800,pièces,2.5,sources/Local/Archives_de_la_CCI_de_Marseille_I_22_Marseille_Exports_1764.csv,Archives de la CCI de Marseille - I 22,32,,,,,Teklia-Jules Oudot,,,0,,,,,,,,,
1230,Local,1742,Marseille,,Pour le Levant,Exports,bonnets de laine,,,89412,,7451,douzaines,12,sources/Local/Archives_de_la_CCI_de_Marseille_I_22_Marseille_Exports_1764.csv,Archives de la CCI de Marseille - I 22,32,,,,,Teklia-Jules Oudot,,,0,,,,,,,,,
1231,Local,1742,Marseille,,Pour le Levant,Exports,bonnets de laine,,,9740,,2435,livres,4,sources/Local/Archives_de_la_CCI_de_Marseille_I_22_Marseille_Exports_1764.csv,Archives de la CCI de Marseille - I 22,32,,,,,Teklia-Jules Oudot,,,0,,,,,,,,,
1232,Local,1742,Marseille,,Pour le Levant,Exports,Bijouteries,,,2500,,,,2500,sources/Local/Archives_de_la_CCI_de_Marseille_I_22_Marseille_Exports_1764.csv,Archives de la CCI de Marseille - I 22,32,,,,,Teklia-Jules Oudot,,,2500,,,,,,,,,
1233,Local,1742,Marseille,,Pour le Levant,Exports,Bois de Campeche,,,6396,,39975,livres,0.16,sources/Local/Archives_de_la_CCI_de_Marseille_I_22_Marseille_Exports_1764.csv,Archives de la CCI de Marseille - I 22,32,,,,,Teklia-Jules Oudot,,,0,,,,,,,,,
1234,Local,1742,Marseille,,Pour le Levant,Exports,Bois de Bresil,,,6778,,27112,livres,0.25,sources/Local/Archives_de_la_CCI_de_Marseille_I_22_Marseille_Exports_1764.csv,Archives de la CCI de Marseille - I 22,32,,,,,Teklia-Jules Oudot,,,0,,,,,,,,,
1235,Local,1742,Marseille,,Pour le Levant,Exports,bois de bordage,,,156,,26,pièces,6,sources/Local/Archives_de_la_CCI_de_Marseille_I_22_Marseille_Exports_1764.csv,Archives de la CCI de Marseille - I 22,32,,,,,Teklia-Jules Oudot,,,0,,,,,,,,,
1236,Local,1742,Marseille,,Pour le Levant,Exports,Bouchons de Liège,,,900,,300,livres,3,sources/Local/Archives_de_la_CCI_de_Marseille_I_22_Marseille_Exports_1764.csv,Archives de la CCI de Marseille - I 22,32,,,,,Teklia-Jules Oudot,,,0,,,,,,,,,
1237,Local,1742,Marseille,,Pour le Levant,Exports,confitures,,,3635,,3635,livres,1,sources/Local/Archives_de_la_CCI_de_Marseille_I_22_Marseille_Exports_1764.csv,Archives de la CCI de Marseille - I 22,32,,,,,Teklia-Jules Oudot,,,0,,,,,,,,,
1238,Local,1742,Marseille,,Pour le Levant,Exports,chataigne,,,2145,,42900,livres,0.05,sources/Local/Archives_de_la_CCI_de_Marseille_I_22_Marseille_Exports_1764.csv,Archives de la CCI de Marseille - I 22,32,,,,,Teklia-Jules Oudot,,,0,,,,,,,,,
1239,Local,1742,Marseille,,Pour le Levant,Exports,capres,,,253,,1150,livres,0.22,sources/Local/Archives_de_la_CCI_de_Marseille_I_22_Marseille_Exports_1764.csv,Archives de la CCI de Marseille - I 22,32,,,,,Teklia-Jules Oudot,,,0,,,,,,,,,
1240,Local,1742,Marseille,,Pour le Levant,Exports,culs d’artichaux,,,450,,300,livres,1.5,sources/Local/Archives_de_la_CCI_de_Marseille_I_22_Marseille_Exports_1764.csv,Archives de la CCI de Marseille - I 22,32,,,,,Teklia-Jules Oudot,,,0,,,,,,,,,
1241,Local,1742,Marseille,,Pour le Levant,Exports,caffé de levan,,,3343,,2477,livres,1.35,sources/Local/Archives_de_la_CCI_de_Marseille_I_22_Marseille_Exports_1764.csv,Archives de la CCI de Marseille - I 22,32,,,,,Teklia-Jules Oudot,,,-0.95,,,,,,,,,
1242,Local,1742,Marseille,,Pour le Levant,Exports,caffé de l’amerique,,,349184,,698368,livres,0.5,sources/Local/Archives_de_la_CCI_de_Marseille_I_22_Marseille_Exports_1764.csv,Archives de la CCI de Marseille - I 22,32,,,,,Teklia-Jules Oudot,,,0,,,,,,,,,
1243,Local,1742,Marseille,,Pour le Levant,Exports,cumin,,,1241,,7300,livres,0.17,sources/Local/Archives_de_la_CCI_de_Marseille_I_22_Marseille_Exports_1764.csv,Archives de la CCI de Marseille - I 22,32,,,,,Teklia-Jules Oudot,,,0,,,,,,,,,
1244,Local,1742,Marseille,,Pour le Levant,Exports,Carres,,,4576,,572,livres,8,sources/Local/Archives_de_la_CCI_de_Marseille_I_22_Marseille_Exports_1764.csv,Archives de la CCI de Marseille - I 22,32,,,,,Teklia-Jules Oudot,,,0,,,,,,,,,
1245,Local,1742,Marseille,,Pour le Levant,Exports,cinabrium,,,12885,,2577,livres,5,sources/Local/Archives_de_la_CCI_de_Marseille_I_22_Marseille_Exports_1764.csv,Archives de la CCI de Marseille - I 22,32,,,,,Teklia-Jules Oudot,,,0,,,,,,,,,
1246,Local,1742,Marseille,,Pour le Levant,Exports,canelle,,,20085,,3090,livres,6.5,sources/Local/Archives_de_la_CCI_de_Marseille_I_22_Marseille_Exports_1764.csv,Archives de la CCI de Marseille - I 22,32,,,,,Teklia-Jules Oudot,,,0,,,,,,,,,
1247,Local,1742,Marseille,,Pour le Levant,Exports,cohenille mesteque,,,1135940,,56795,livres,20,sources/Local/Archives_de_la_CCI_de_Marseille_I_22_Marseille_Exports_1764.csv,Archives de la CCI de Marseille - I 22,32,,,,,Teklia-Jules Oudot,,,40,,,,,,,,,
1248,Local,1742,Marseille,,Pour le Levant,Exports,ceruze,,,5663,,281315,livres,0.2,sources/Local/Archives_de_la_CCI_de_Marseille_I_22_Marseille_Exports_1764.csv,Archives de la CCI de Marseille - I 22,32,,,,,Teklia-Jules Oudot,,,-50600,,,,,,,,,
1249,Local,1742,Marseille,,Pour le Levant,Exports,couperose verte,,,544,,6050,livres,0.09,sources/Local/Archives_de_la_CCI_de_Marseille_I_22_Marseille_Exports_1764.csv,Archives de la CCI de Marseille - I 22,32,,,,,Teklia-Jules Oudot,,,-0.5,,,,,,,,,
1250,Local,1742,Marseille,,Pour le Levant,Exports,Cire d'espagne,,,240,,60,livres,4,sources/Local/Archives_de_la_CCI_de_Marseille_I_22_Marseille_Exports_1764.csv,Archives de la CCI de Marseille - I 22,32,,,,,Teklia-Jules Oudot,,,0,,,,,,,,,
1251,Local,1742,Marseille,,Pour le Levant,Exports,Cire blanche,,,6472,,4315,livres,1.5,sources/Local/Archives_de_la_CCI_de_Marseille_I_22_Marseille_Exports_1764.csv,Archives de la CCI de Marseille - I 22,32,,,,,Teklia-Jules Oudot,,,-0.5,,,,,,,,,
1252,Local,1742,Marseille,,Pour le Levant,Exports,Cire jaune,,,480,,400,livres,1.2,sources/Local/Archives_de_la_CCI_de_Marseille_I_22_Marseille_Exports_1764.csv,Archives de la CCI de Marseille - I 22,32,,,,,Teklia-Jules Oudot,,,0,,,,,,,,,
1253,Local,1742,Marseille,,Pour le Levant,Exports,Chandelle,,,460,,1024,livres,0.45,sources/Local/Archives_de_la_CCI_de_Marseille_I_22_Marseille_Exports_1764.csv,Archives de la CCI de Marseille - I 22,32,,,,,Teklia-Jules Oudot,,,-0.8,,,,,,,,,
1254,Local,1742,Marseille,,Pour le Levant,Exports,colle forte,,,176,,441,livres,0.4,sources/Local/Archives_de_la_CCI_de_Marseille_I_22_Marseille_Exports_1764.csv,Archives de la CCI de Marseille - I 22,32,,,,,Teklia-Jules Oudot,,,-0.4,,,,,,,,,
1255,Local,1742,Marseille,,Pour le Levant,Exports,Corail ouvré,,,6160,,616,livres,10,sources/Local/Archives_de_la_CCI_de_Marseille_I_22_Marseille_Exports_1764.csv,Archives de la CCI de Marseille - I 22,32,,,,,Teklia-Jules Oudot,,,0,,,,,,,,,
1256,Local,1742,Marseille,,Pour le Levant,Exports,cinabre,,,583,,389,livres,1.5,sources/Local/Archives_de_la_CCI_de_Marseille_I_22_Marseille_Exports_1764.csv,Archives de la CCI de Marseille - I 22,32,,,,,Teklia-Jules Oudot,,,-0.5,,,,,,,,,
1257,Local,1742,Marseille,,Pour le Levant,Exports,Coton filé,,,443,,403,livres,1.1,sources/Local/Archives_de_la_CCI_de_Marseille_I_22_Marseille_Exports_1764.csv,Archives de la CCI de Marseille - I 22,32,,,,,Teklia-Jules Oudot,,,-0.3,,,,,,,,,
1258,Local,1742,Marseille,,Pour le Levant,Exports,Coton en laine,,,6932,,13864,livres,0.5,sources/Local/Archives_de_la_CCI_de_Marseille_I_22_Marseille_Exports_1764.csv,Archives de la CCI de Marseille - I 22,32,,,,,Teklia-Jules Oudot,,,0,,,,,,,,,
1259,Local,1742,Marseille,,Pour le Levant,Exports,couvertures de laine,,,252,,21,pièces,12,sources/Local/Archives_de_la_CCI_de_Marseille_I_22_Marseille_Exports_1764.csv,Archives de la CCI de Marseille - I 22,32,,,,,Teklia-Jules Oudot,,,0,,,,,,,,,
1260,Local,1742,Marseille,,Pour le Levant,Exports,Capots,,,192,,4,douzaines,48,sources/Local/Archives_de_la_CCI_de_Marseille_I_22_Marseille_Exports_1764.csv,Archives de la CCI de Marseille - I 22,32,,,,,Teklia-Jules Oudot,,,0,,,,,,,,,
1261,Local,1742,Marseille,,Pour le Levant,Exports,chapeaux poil et laine,,,6960,,145,douzaines,48,sources/Local/Archives_de_la_CCI_de_Marseille_I_22_Marseille_Exports_1764.csv,Archives de la CCI de Marseille - I 22,32,,,,,Teklia-Jules Oudot,,,0,,,,,,,,,
1262,Local,1742,Marseille,,Pour le Levant,Exports,cordages de chanvre,,,3087,,10293,livres,0.3,sources/Local/Archives_de_la_CCI_de_Marseille_I_22_Marseille_Exports_1764.csv,Archives de la CCI de Marseille - I 22,32,,,,,Teklia-Jules Oudot,,,-0.9,,,,,,,,,
1263,Local,1742,Marseille,,Pour le Levant,Exports,cordages d’espars,,,230,,46,douzaines,5,sources/Local/Archives_de_la_CCI_de_Marseille_I_22_Marseille_Exports_1764.csv,Archives de la CCI de Marseille - I 22,32,,,,,Teklia-Jules Oudot,,,0,,,,,,,,,
1264,Local,1742,Marseille,,Pour le Levant,Exports,cartes a joüer,,,14382,,799,grosses,18,sources/Local/Archives_de_la_CCI_de_Marseille_I_22_Marseille_Exports_1764.csv,Archives de la CCI de Marseille - I 22,32,,,,,Teklia-Jules Oudot,,,0,,,,,,,,,
1265,Local,1742,Marseille,,Pour le Levant,Exports,cuir tanné,,,1500,,2500,livres,0.6,sources/Local/Archives_de_la_CCI_de_Marseille_I_22_Marseille_Exports_1764.csv,Archives de la CCI de Marseille - I 22,32,,,,,Teklia-Jules Oudot,,,0,,,,,,,,,
1266,Local,1742,Marseille,,Pour le Levant,Exports,couteaux communs,,,2490,1,83,grosses,30,sources/Local/Archives_de_la_CCI_de_Marseille_I_22_Marseille_Exports_1764.csv,Archives de la CCI de Marseille - I 22,33,,,,,Teklia-Jules Oudot,,,0,,,,,,,,,
1267,Local,1742,Marseille,,Pour le Levant,Exports,couteaux communs,,,812,2,406,livres,2,sources/Local/Archives_de_la_CCI_de_Marseille_I_22_Marseille_Exports_1764.csv,Archives de la CCI de Marseille - I 22,33,,,,,Teklia-Jules Oudot,,,0,,,,,,,,,
1268,Local,1742,Marseille,,Pour le Levant,Exports,cuivre ouvré,,,480,,300,livres,1.6,sources/Local/Archives_de_la_CCI_de_Marseille_I_22_Marseille_Exports_1764.csv,Archives de la CCI de Marseille - I 22,33,,,,,Teklia-Jules Oudot,,,0,,,,,,,,,
1269,Local,1742,Marseille,,Pour le Levant,Exports,cloux de fer,,,23130,,115650,livres,0.2,sources/Local/Archives_de_la_CCI_de_Marseille_I_22_Marseille_Exports_1764.csv,Archives de la CCI de Marseille - I 22,33,,,,,Teklia-Jules Oudot,,,0,,,,,,,,,
1270,Local,1742,Marseille,,Pour le Levant,Exports,cardes a carder,,,135,,90,pairs,1.5,sources/Local/Archives_de_la_CCI_de_Marseille_I_22_Marseille_Exports_1764.csv,Archives de la CCI de Marseille - I 22,33,,,,,Teklia-Jules Oudot,,,0,,,,,,,,,
1271,Local,1742,Marseille,,Pour le Levant,Exports,cardes à carder,,,6528,,16320,livres,0.4,sources/Local/Archives_de_la_CCI_de_Marseille_I_22_Marseille_Exports_1764.csv,Archives de la CCI de Marseille - I 22,33,,,,,Teklia-Jules Oudot,,,0,,,,,,,,,
1272,Local,1742,Marseille,,Pour le Levant,Exports,chaises de joncs,,,198,,11,douzaines,18,sources/Local/Archives_de_la_CCI_de_Marseille_I_22_Marseille_Exports_1764.csv,Archives de la CCI de Marseille - I 22,33,,,,,Teklia-Jules Oudot,,,0,,,,,,,,,
1273,Local,1742,Marseille,,Pour le Levant,Exports,chaises de paille,,,330,,22,douzaines,15,sources/Local/Archives_de_la_CCI_de_Marseille_I_22_Marseille_Exports_1764.csv,Archives de la CCI de Marseille - I 22,33,,,,,Teklia-Jules Oudot,,,0,,,,,,,,,
1274,Local,1742,Marseille,,Pour le Levant,Exports,charbon de terre,,,230,,230,mesures,1,sources/Local/Archives_de_la_CCI_de_Marseille_I_22_Marseille_Exports_1764.csv,Archives de la CCI de Marseille - I 22,33,,,,,Teklia-Jules Oudot,,,0,,,,,,,,,
1275,Local,1742,Marseille,,Pour le Levant,Exports,carreaux de brique,,,150,,5,milliers,30,sources/Local/Archives_de_la_CCI_de_Marseille_I_22_Marseille_Exports_1764.csv,Archives de la CCI de Marseille - I 22,33,,,,,Teklia-Jules Oudot,,,0,,,,,,,,,
1276,Local,1742,Marseille,,Pour le Levant,Exports,drogueries,,,2313,,2313,livres,1,sources/Local/Archives_de_la_CCI_de_Marseille_I_22_Marseille_Exports_1764.csv,Archives de la CCI de Marseille - I 22,33,,,,,Teklia-Jules Oudot,,,0,,,,,,,,,
1277,Local,1742,Marseille,,Pour le Levant,Exports,draps landrin,,,11014703,,1573529,livres,7,sources/Local/Archives_de_la_CCI_de_Marseille_I_22_Marseille_Exports_1764.csv,Archives de la CCI de Marseille - I 22,33,,,,,Teklia-Jules Oudot,,,0,,,,,,,,,
1278,Local,1742,Marseille,,Pour le Levant,Exports,draperie petite,,,75990,,25330,livres,3,sources/Local/Archives_de_la_CCI_de_Marseille_I_22_Marseille_Exports_1764.csv,Archives de la CCI de Marseille - I 22,33,,,,,Teklia-Jules Oudot,,,0,,,,,,,,,
1279,Local,1742,Marseille,,Pour le Levant,Exports,damejannes,,,1152,,48,douzaines,24,sources/Local/Archives_de_la_CCI_de_Marseille_I_22_Marseille_Exports_1764.csv,Archives de la CCI de Marseille - I 22,33,,,,,Teklia-Jules Oudot,,,0,,,,,,,,,
1280,Local,1742,Marseille,,Pour le Levant,Exports,eau de vie,,,16712,,83564,livres,0.2,sources/Local/Archives_de_la_CCI_de_Marseille_I_22_Marseille_Exports_1764.csv,Archives de la CCI de Marseille - I 22,33,,,,,Teklia-Jules Oudot,,,-0.8,,,,,,,,,
1281,Local,1742,Marseille,,Pour le Levant,Exports,eau de la reyne d’hongrie,,,2812,,3750,livres,0.75,sources/Local/Archives_de_la_CCI_de_Marseille_I_22_Marseille_Exports_1764.csv,Archives de la CCI de Marseille - I 22,33,,,,,Teklia-Jules Oudot,,,-0.5,,,,,,,,,
1282,Local,1742,Marseille,,Pour le Levant,Exports,essence,,,200,,200,livres,1,sources/Local/Archives_de_la_CCI_de_Marseille_I_22_Marseille_Exports_1764.csv,Archives de la CCI de Marseille - I 22,33,,,,,Teklia-Jules Oudot,,,0,,,,,,,,,
1283,Local,1742,Marseille,,Pour le Levant,Exports,etoffe de soye et argen,,,125760,,1572,livres,80,sources/Local/Archives_de_la_CCI_de_Marseille_I_22_Marseille_Exports_1764.csv,Archives de la CCI de Marseille - I 22,33,,,,,Teklia-Jules Oudot,,,0,,,,,,,,,
1284,Local,1742,Marseille,,Pour le Levant,Exports,etoffe de soye,,,168240,,4206,livres,40,sources/Local/Archives_de_la_CCI_de_Marseille_I_22_Marseille_Exports_1764.csv,Archives de la CCI de Marseille - I 22,33,,,,,Teklia-Jules Oudot,,,0,,,,,,,,,
1285,Local,1742,Marseille,,Pour le Levant,Exports,escamittes,,,30,,10,pièces,3,sources/Local/Archives_de_la_CCI_de_Marseille_I_22_Marseille_Exports_1764.csv,Archives de la CCI de Marseille - I 22,33,,,,,Teklia-Jules Oudot,,,0,,,,,,,,,
1286,Local,1742,Marseille,,Pour le Levant,Exports,estampes,,,625,,125,livres,5,sources/Local/Archives_de_la_CCI_de_Marseille_I_22_Marseille_Exports_1764.csv,Archives de la CCI de Marseille - I 22,33,,,,,Teklia-Jules Oudot,,,0,,,,,,,,,
1287,Local,1742,Marseille,,Pour le Levant,Exports,etain ouvré,,,51467,,41174,livres,1.25,sources/Local/Archives_de_la_CCI_de_Marseille_I_22_Marseille_Exports_1764.csv,Archives de la CCI de Marseille - I 22,33,,,,,Teklia-Jules Oudot,,,-0.5,,,,,,,,,
1288,Local,1742,Marseille,,Pour le Levant,Exports,eau de melisse,,,300,,200,livres,1.5,sources/Local/Archives_de_la_CCI_de_Marseille_I_22_Marseille_Exports_1764.csv,Archives de la CCI de Marseille - I 22,33,,,,,Teklia-Jules Oudot,,,0,,,,,,,,,
1289,Local,1742,Marseille,,Pour le Levant,Exports,fruits confits,,,183,,245,livres,0.75,sources/Local/Archives_de_la_CCI_de_Marseille_I_22_Marseille_Exports_1764.csv,Archives de la CCI de Marseille - I 22,33,,,,,Teklia-Jules Oudot,,,-0.75,,,,,,,,,
1290,Local,1742,Marseille,,Pour le Levant,Exports,figues,,,390,,3900,livres,0.1,sources/Local/Archives_de_la_CCI_de_Marseille_I_22_Marseille_Exports_1764.csv,Archives de la CCI de Marseille - I 22,33,,,,,Teklia-Jules Oudot,,,0,,,,,,,,,
1291,Local,1742,Marseille,,Pour le Levant,Exports,farine,,,17,,170,livres,0.1,sources/Local/Archives_de_la_CCI_de_Marseille_I_22_Marseille_Exports_1764.csv,Archives de la CCI de Marseille - I 22,33,,,,,Teklia-Jules Oudot,,,0,,,,,,,,,
1292,Local,1742,Marseille,,Pour le Levant,Exports,fromages,,,272,,1363,livres,0.2,sources/Local/Archives_de_la_CCI_de_Marseille_I_22_Marseille_Exports_1764.csv,Archives de la CCI de Marseille - I 22,33,,,,,Teklia-Jules Oudot,,,-0.6,,,,,,,,,
1293,Local,1742,Marseille,,Pour le Levant,Exports,fleurs artificielles,,,5750,1,115,livres,50,sources/Local/Archives_de_la_CCI_de_Marseille_I_22_Marseille_Exports_1764.csv,Archives de la CCI de Marseille - I 22,33,,,,,Teklia-Jules Oudot,,,0,,,,,,,,,
1294,Local,1742,Marseille,,Pour le Levant,Exports,fleurs artficielles,,,2000,2,,,2000,sources/Local/Archives_de_la_CCI_de_Marseille_I_22_Marseille_Exports_1764.csv,Archives de la CCI de Marseille - I 22,33,,,,,Teklia-Jules Oudot,,,2000,,,,,,,,,
1295,Local,1742,Marseille,,Pour le Levant,Exports,filets a pescher,,,1500,,50,pièces,30,sources/Local/Archives_de_la_CCI_de_Marseille_I_22_Marseille_Exports_1764.csv,Archives de la CCI de Marseille - I 22,33,,,,,Teklia-Jules Oudot,,,0,,,,,,,,,
1296,Local,1742,Marseille,,Pour le Levant,Exports,filozelle,,,6390,,3130,livres,3,sources/Local/Archives_de_la_CCI_de_Marseille_I_22_Marseille_Exports_1764.csv,Archives de la CCI de Marseille - I 22,33,,,,,Teklia-Jules Oudot,,,-3000,,,,,,,,,
1297,Local,1742,Marseille,,Pour le Levant,Exports,Fil de chanvre,,,1560,,520,livres,3,sources/Local/Archives_de_la_CCI_de_Marseille_I_22_Marseille_Exports_1764.csv,Archives de la CCI de Marseille - I 22,33,,,,,Teklia-Jules Oudot,,,0,,,,,,,,,
1298,Local,1742,Marseille,,Pour le Levant,Exports,fil a coudre,,,400,,200,livres,2,sources/Local/Archives_de_la_CCI_de_Marseille_I_22_Marseille_Exports_1764.csv,Archives de la CCI de Marseille - I 22,33,,,,,Teklia-Jules Oudot,,,0,,,,,,,,,
1299,Local,1742,Marseille,,Pour le Levant,Exports,fil de fer,,,2163,,4327,livres,0.5,sources/Local/Archives_de_la_CCI_de_Marseille_I_22_Marseille_Exports_1764.csv,Archives de la CCI de Marseille - I 22,33,,,,,Teklia-Jules Oudot,,,-0.5,,,,,,,,,
1300,Local,1742,Marseille,,Pour le Levant,Exports,fer blanc,,,10464,,17440,livres,0.6,sources/Local/Archives_de_la_CCI_de_Marseille_I_22_Marseille_Exports_1764.csv,Archives de la CCI de Marseille - I 22,33,,,,,Teklia-Jules Oudot,,,0,,,,,,,,,
1301,Local,1742,Marseille,,Pour le Levant,Exports,fer en barres,,,16650,,92500,livres,0.18,sources/Local/Archives_de_la_CCI_de_Marseille_I_22_Marseille_Exports_1764.csv,Archives de la CCI de Marseille - I 22,33,,,,,Teklia-Jules Oudot,,,0,,,,,,,,,
1302,Local,1742,Marseille,,Pour le Levant,Exports,fayence,,,4650,,9300,livres,0.5,sources/Local/Archives_de_la_CCI_de_Marseille_I_22_Marseille_Exports_1764.csv,Archives de la CCI de Marseille - I 22,33,,,,,Teklia-Jules Oudot,,,0,,,,,,,,,
1303,Local,1742,Marseille,,Pour le Levant,Exports,geroffle,,,62721,,7379,livres,8.5,sources/Local/Archives_de_la_CCI_de_Marseille_I_22_Marseille_Exports_1764.csv,Archives de la CCI de Marseille - I 22,33,,,,,Teklia-Jules Oudot,,,-0.5,,,,,,,,,
1304,Local,1742,Marseille,,Pour le Levant,Exports,Gingembre,,,1270,,9075,livres,0.14,sources/Local/Archives_de_la_CCI_de_Marseille_I_22_Marseille_Exports_1764.csv,Archives de la CCI de Marseille - I 22,33,,,,,Teklia-Jules Oudot,,,-0.5,,,,,,,,,
1305,Local,1742,Marseille,,Pour le Levant,Exports,grabeau d’indigo,,,111947,,40708,livres,2.75,sources/Local/Archives_de_la_CCI_de_Marseille_I_22_Marseille_Exports_1764.csv,Archives de la CCI de Marseille - I 22,33,,,,,Teklia-Jules Oudot,,,0,,,,,,,,,
1306,Local,1742,Marseille,,Pour le Levant,Exports,graine de jardin,,,5305,,4244,livres,1.25,sources/Local/Archives_de_la_CCI_de_Marseille_I_22_Marseille_Exports_1764.csv,Archives de la CCI de Marseille - I 22,33,,,,,Teklia-Jules Oudot,,,0,,,,,,,,,
1307,Local,1742,Marseille,,Pour le Levant,Exports,Goudron,,,150,,1500,livres,0.1,sources/Local/Archives_de_la_CCI_de_Marseille_I_22_Marseille_Exports_1764.csv,Archives de la CCI de Marseille - I 22,34,,,,,Teklia-Jules Oudot,,,0,,,,,,,,,
1308,Local,1742,Marseille,,Pour le Levant,Exports,harens fumés,,,6136,,23,barils,26,sources/Local/Archives_de_la_CCI_de_Marseille_I_22_Marseille_Exports_1764.csv,Archives de la CCI de Marseille - I 22,34,,,,,Teklia-Jules Oudot,,,5538,,,,,,,,,
1309,Local,1742,Marseille,,Pour le Levant,Exports,huile d’olive,,,11382,,271,milliers,42,sources/Local/Archives_de_la_CCI_de_Marseille_I_22_Marseille_Exports_1764.csv,Archives de la CCI de Marseille - I 22,34,,,,,Teklia-Jules Oudot,,,0,,,,,,,,,
1310,Local,1742,Marseille,,Pour le Levant,Exports,Huile de lin,,,34,,139,livres,0.25,sources/Local/Archives_de_la_CCI_de_Marseille_I_22_Marseille_Exports_1764.csv,Archives de la CCI de Marseille - I 22,34,,,,,Teklia-Jules Oudot,,,-0.75,,,,,,,,,
1311,Local,1742,Marseille,,Pour le Levant,Exports,Indigo,,,2151054,,478012,livres,4.5,sources/Local/Archives_de_la_CCI_de_Marseille_I_22_Marseille_Exports_1764.csv,Archives de la CCI de Marseille - I 22,34,,,,,Teklia-Jules Oudot,,,0,,,,,,,,,
1312,Local,1742,Marseille,,Pour le Levant,Exports,Indiennes,,,22700,,1135,pièces,20,sources/Local/Archives_de_la_CCI_de_Marseille_I_22_Marseille_Exports_1764.csv,Archives de la CCI de Marseille - I 22,34,,,,,Teklia-Jules Oudot,,,0,,,,,,,,,
1313,Local,1742,Marseille,,Pour le Levant,Exports,legumes,,,165,,3300,livres,0.05,sources/Local/Archives_de_la_CCI_de_Marseille_I_22_Marseille_Exports_1764.csv,Archives de la CCI de Marseille - I 22,34,,,,,Teklia-Jules Oudot,,,0,,,,,,,,,
1314,Local,1742,Marseille,,Pour le Levant,Exports,liqueur a boire,,,29225,,38967,livres,0.75,sources/Local/Archives_de_la_CCI_de_Marseille_I_22_Marseille_Exports_1764.csv,Archives de la CCI de Marseille - I 22,34,,,,,Teklia-Jules Oudot,,,-0.25,,,,,,,,,
1315,Local,1742,Marseille,,Pour le Levant,Exports,Laine de ségovie,,,64362,,36779,livres,1.75,sources/Local/Archives_de_la_CCI_de_Marseille_I_22_Marseille_Exports_1764.csv,Archives de la CCI de Marseille - I 22,34,,,,,Teklia-Jules Oudot,,,-1.25,,,,,,,,,
1316,Local,1742,Marseille,,Pour le Levant,Exports,librairie,,,281,,125,livres,2.25,sources/Local/Archives_de_la_CCI_de_Marseille_I_22_Marseille_Exports_1764.csv,Archives de la CCI de Marseille - I 22,34,,,,,Teklia-Jules Oudot,,,-0.25,,,,,,,,,
1317,Local,1742,Marseille,,Pour le Levant,Exports,latton ,,,22675,,16195,livres,1.4,sources/Local/Archives_de_la_CCI_de_Marseille_I_22_Marseille_Exports_1764.csv,Archives de la CCI de Marseille - I 22,34,,,,,Teklia-Jules Oudot,,,2,,,,,,,,,
1318,Local,1742,Marseille,,Pour le Levant,Exports,morüe seche,,,11720,,78135,livres,0.15,sources/Local/Archives_de_la_CCI_de_Marseille_I_22_Marseille_Exports_1764.csv,Archives de la CCI de Marseille - I 22,34,,,,,Teklia-Jules Oudot,,,-0.25,,,,,,,,,
1319,Local,1742,Marseille,,Pour le Levant,Exports,miny,,,108,,540,livres,0.2,sources/Local/Archives_de_la_CCI_de_Marseille_I_22_Marseille_Exports_1764.csv,Archives de la CCI de Marseille - I 22,34,,,,,Teklia-Jules Oudot,,,0,,,,,,,,,
1320,Local,1742,Marseille,,Pour le Levant,Exports,mastic,,,300,,100,livres,3,sources/Local/Archives_de_la_CCI_de_Marseille_I_22_Marseille_Exports_1764.csv,Archives de la CCI de Marseille - I 22,34,,,,,Teklia-Jules Oudot,,,0,,,,,,,,,
1321,Local,1742,Marseille,,Pour le Levant,Exports,muscade,,,1309,,154,livres,8.5,sources/Local/Archives_de_la_CCI_de_Marseille_I_22_Marseille_Exports_1764.csv,Archives de la CCI de Marseille - I 22,34,,,,,Teklia-Jules Oudot,,,0,,,,,,,,,
1322,Local,1742,Marseille,,Pour le Levant,Exports,mouchoirs de soye,,,5320,,190,douzaines,28,sources/Local/Archives_de_la_CCI_de_Marseille_I_22_Marseille_Exports_1764.csv,Archives de la CCI de Marseille - I 22,34,,,,,Teklia-Jules Oudot,,,0,,,,,,,,,
1323,Local,1742,Marseille,,Pour le Levant,Exports,mercerie,,,78767,,22505,livres,3.5,sources/Local/Archives_de_la_CCI_de_Marseille_I_22_Marseille_Exports_1764.csv,Archives de la CCI de Marseille - I 22,34,,,,,Teklia-Jules Oudot,,,-0.5,,,,,,,,,
1324,Local,1742,Marseille,,Pour le Levant,Exports,noisettes,,,1040,,10400,livres,0.1,sources/Local/Archives_de_la_CCI_de_Marseille_I_22_Marseille_Exports_1764.csv,Archives de la CCI de Marseille - I 22,34,,,,,Teklia-Jules Oudot,,,0,,,,,,,,,
1325,Local,1742,Marseille,,Pour le Levant,Exports,olives,,,270,,1800,livres,0.15,sources/Local/Archives_de_la_CCI_de_Marseille_I_22_Marseille_Exports_1764.csv,Archives de la CCI de Marseille - I 22,34,,,,,Teklia-Jules Oudot,,,0,,,,,,,,,
1326,Local,1742,Marseille,,Pour le Levant,Exports,opium,,,328,,82,livres,4,sources/Local/Archives_de_la_CCI_de_Marseille_I_22_Marseille_Exports_1764.csv,Archives de la CCI de Marseille - I 22,34,,,,,Teklia-Jules Oudot,,,0,,,,,,,,,
1327,Local,1742,Marseille,,Pour le Levant,Exports,orpimens,,,250,,250,livres,1,sources/Local/Archives_de_la_CCI_de_Marseille_I_22_Marseille_Exports_1764.csv,Archives de la CCI de Marseille - I 22,34,,,,,Teklia-Jules Oudot,,,0,,,,,,,,,
1328,Local,1742,Marseille,,Pour le Levant,Exports,poisson salé,,,1600,,8000,livres,0.2,sources/Local/Archives_de_la_CCI_de_Marseille_I_22_Marseille_Exports_1764.csv,Archives de la CCI de Marseille - I 22,34,,,,,Teklia-Jules Oudot,,,0,,,,,,,,,
1329,Local,1742,Marseille,,Pour le Levant,Exports,pommes,,,1731,,17311,livres,0.1,sources/Local/Archives_de_la_CCI_de_Marseille_I_22_Marseille_Exports_1764.csv,Archives de la CCI de Marseille - I 22,34,,,,,Teklia-Jules Oudot,,,-0.1,,,,,,,,,
1330,Local,1742,Marseille,,Pour le Levant,Exports,prunes,,,1621,,8108,livres,0.2,sources/Local/Archives_de_la_CCI_de_Marseille_I_22_Marseille_Exports_1764.csv,Archives de la CCI de Marseille - I 22,34,,,,,Teklia-Jules Oudot,,,-0.6,,,,,,,,,
1331,Local,1742,Marseille,,Pour le Levant,Exports,poivre,,,201015,,160812,livres,1.25,sources/Local/Archives_de_la_CCI_de_Marseille_I_22_Marseille_Exports_1764.csv,Archives de la CCI de Marseille - I 22,34,,,,,Teklia-Jules Oudot,,,0,,,,,,,,,
1332,Local,1742,Marseille,,Pour le Levant,Exports,poivre gerofflé,,,1050,,700,livres,1.5,sources/Local/Archives_de_la_CCI_de_Marseille_I_22_Marseille_Exports_1764.csv,Archives de la CCI de Marseille - I 22,34,,,,,Teklia-Jules Oudot,,,0,,,,,,,,,
1333,Local,1742,Marseille,,Pour le Levant,Exports,poudre a canon,,,492,,820,livres,0.6,sources/Local/Archives_de_la_CCI_de_Marseille_I_22_Marseille_Exports_1764.csv,Archives de la CCI de Marseille - I 22,34,,,,,Teklia-Jules Oudot,,,0,,,,,,,,,
1334,Local,1742,Marseille,,Pour le Levant,Exports,poix raisins,,,99,,1100,livres,0.09,sources/Local/Archives_de_la_CCI_de_Marseille_I_22_Marseille_Exports_1764.csv,Archives de la CCI de Marseille - I 22,34,,,,,Teklia-Jules Oudot,,,0,,,,,,,,,
1335,Local,1742,Marseille,,Pour le Levant,Exports,plume d’autruche ouvrée,,,400,,20,douzaines,20,sources/Local/Archives_de_la_CCI_de_Marseille_I_22_Marseille_Exports_1764.csv,Archives de la CCI de Marseille - I 22,34,,,,,Teklia-Jules Oudot,,,0,,,,,,,,,
1336,Local,1742,Marseille,,Pour le Levant,Exports,plume a ecrire,,,2100,,350,livres,6,sources/Local/Archives_de_la_CCI_de_Marseille_I_22_Marseille_Exports_1764.csv,Archives de la CCI de Marseille - I 22,34,,,,,Teklia-Jules Oudot,,,0,,,,,,,,,
1337,Local,1742,Marseille,,Pour le Levant,Exports,papier blanc,,,312618,1,52103,rames,6,sources/Local/Archives_de_la_CCI_de_Marseille_I_22_Marseille_Exports_1764.csv,Archives de la CCI de Marseille - I 22,34,,,,,Teklia-Jules Oudot,,,0,,,,,,,,,
1338,Local,1742,Marseille,,Pour le Levant,Exports,papier blanc,,,5913,2,5913,livres,1,sources/Local/Archives_de_la_CCI_de_Marseille_I_22_Marseille_Exports_1764.csv,Archives de la CCI de Marseille - I 22,34,,,,,Teklia-Jules Oudot,,,0,,,,,,,,,
1339,Local,1742,Marseille,,Pour le Levant,Exports,peletteries apretés,,,6500,,2600,livres,2.5,sources/Local/Archives_de_la_CCI_de_Marseille_I_22_Marseille_Exports_1764.csv,Archives de la CCI de Marseille - I 22,34,,,,,Teklia-Jules Oudot,,,0,,,,,,,,,
1340,Local,1742,Marseille,,Pour le Levant,Exports,peaux de chamois,,,187,,150,livres,1.25,sources/Local/Archives_de_la_CCI_de_Marseille_I_22_Marseille_Exports_1764.csv,Archives de la CCI de Marseille - I 22,34,,,,,Teklia-Jules Oudot,,,-0.5,,,,,,,,,
1341,Local,1742,Marseille,,Pour le Levant,Exports,peaux de veau corroyés,,,1300,,1040,pièces,1.25,sources/Local/Archives_de_la_CCI_de_Marseille_I_22_Marseille_Exports_1764.csv,Archives de la CCI de Marseille - I 22,34,,,,,Teklia-Jules Oudot,,,0,,,,,,,,,
1342,Local,1742,Marseille,,Pour le Levant,Exports,peaux de martres,,,2586,,862,pièces,3,sources/Local/Archives_de_la_CCI_de_Marseille_I_22_Marseille_Exports_1764.csv,Archives de la CCI de Marseille - I 22,34,,,,,Teklia-Jules Oudot,,,0,,,,,,,,,
1343,Local,1742,Marseille,,Pour le Levant,Exports,Porcelaine,,,750,,150,livres,5,sources/Local/Archives_de_la_CCI_de_Marseille_I_22_Marseille_Exports_1764.csv,Archives de la CCI de Marseille - I 22,34,,,,,Teklia-Jules Oudot,,,0,,,,,,,,,
1344,Local,1742,Marseille,,Pour le Levant,Exports,peignes de buys,,,238995,1,5311,grosses,45,sources/Local/Archives_de_la_CCI_de_Marseille_I_22_Marseille_Exports_1764.csv,Archives de la CCI de Marseille - I 22,34,,,,,Teklia-Jules Oudot,,,0,,,,,,,,,
1345,Local,1742,Marseille,,Pour le Levant,Exports,peignes de buys,,,50,2,125,livres,0.4,sources/Local/Archives_de_la_CCI_de_Marseille_I_22_Marseille_Exports_1764.csv,Archives de la CCI de Marseille - I 22,34,,,,,Teklia-Jules Oudot,,,0,,,,,,,,,
1346,Local,1742,Marseille,,Pour le Levant,Exports,Plomb en grenaille,,,13304,,53216,livres,0.25,sources/Local/Archives_de_la_CCI_de_Marseille_I_22_Marseille_Exports_1764.csv,Archives de la CCI de Marseille - I 22,34,,,,,Teklia-Jules Oudot,,,0,,,,,,,,,
1347,Local,1742,Marseille,,Pour le Levant,Exports,Plomb en saumon,,,288416,,1281850,livres,225,sources/Local/Archives_de_la_CCI_de_Marseille_I_22_Marseille_Exports_1764.csv,Archives de la CCI de Marseille - I 22,34,,,,,Teklia-Jules Oudot,,,-0.25,,,,,,,,,
1348,Local,1742,Marseille,,Pour le Levant,Exports,pierres a fusil ,,,25,,250,livres,0.1,sources/Local/Archives_de_la_CCI_de_Marseille_I_22_Marseille_Exports_1764.csv,Archives de la CCI de Marseille - I 22,34,,,,,Teklia-Jules Oudot,,,0,,,,,,,,,
1349,Local,1742,Marseille,,Pour le Levant,Exports,pierre a faulx,,,70,,350,livres,0.2,sources/Local/Archives_de_la_CCI_de_Marseille_I_22_Marseille_Exports_1764.csv,Archives de la CCI de Marseille - I 22,35,,,,,Teklia-Jules Oudot,,,0,,,,,,,,,
1350,Local,1742,Marseille,,Pour le Levant,Exports,platre,,,687000,,22900,lignes,3,sources/Local/Archives_de_la_CCI_de_Marseille_I_22_Marseille_Exports_1764.csv,Archives de la CCI de Marseille - I 22,35,,,,,Teklia-Jules Oudot,,,618300,,,,,,,,,
1351,Local,1742,Marseille,,Pour le Levant,Exports,planches de chene,,,45,,3,douzaines,15,sources/Local/Archives_de_la_CCI_de_Marseille_I_22_Marseille_Exports_1764.csv,Archives de la CCI de Marseille - I 22,35,,,,,Teklia-Jules Oudot,,,0,,,,,,,,,
1352,Local,1742,Marseille,,Pour le Levant,Exports,planches de sapin,,,180,,20,douzaines,9,sources/Local/Archives_de_la_CCI_de_Marseille_I_22_Marseille_Exports_1764.csv,Archives de la CCI de Marseille - I 22,35,,,,,Teklia-Jules Oudot,,,0,,,,,,,,,
1353,Local,1742,Marseille,,Pour le Levant,Exports,Quinquina ,,,1000,,250,livres,4,sources/Local/Archives_de_la_CCI_de_Marseille_I_22_Marseille_Exports_1764.csv,Archives de la CCI de Marseille - I 22,35,,,,,Teklia-Jules Oudot,,,0,,,,,,,,,
1354,Local,1742,Marseille,,Pour le Levant,Exports,quicaille de fer en acier,,,33773,,33773,livres,1,sources/Local/Archives_de_la_CCI_de_Marseille_I_22_Marseille_Exports_1764.csv,Archives de la CCI de Marseille - I 22,35,,,,,Teklia-Jules Oudot,,,0,,,,,,,,,
1355,Local,1742,Marseille,,Pour le Levant,Exports,ris,,,1809,,15075,livres,0.12,sources/Local/Archives_de_la_CCI_de_Marseille_I_22_Marseille_Exports_1764.csv,Archives de la CCI de Marseille - I 22,35,,,,,Teklia-Jules Oudot,,,0,,,,,,,,,
1356,Local,1742,Marseille,,Pour le Levant,Exports,raisins secs,,,400,,2000,livres,0.2,sources/Local/Archives_de_la_CCI_de_Marseille_I_22_Marseille_Exports_1764.csv,Archives de la CCI de Marseille - I 22,35,,,,,Teklia-Jules Oudot,,,0,,,,,,,,,
1357,Local,1742,Marseille,,Pour le Levant,Exports,saumon salé,,,2892,,9643,livres,0.3,sources/Local/Archives_de_la_CCI_de_Marseille_I_22_Marseille_Exports_1764.csv,Archives de la CCI de Marseille - I 22,35,,,,,Teklia-Jules Oudot,,,-0.9,,,,,,,,,
1358,Local,1742,Marseille,,Pour le Levant,Exports,sardines salées,,,632,,2109,livres,0.3,sources/Local/Archives_de_la_CCI_de_Marseille_I_22_Marseille_Exports_1764.csv,Archives de la CCI de Marseille - I 22,35,,,,,Teklia-Jules Oudot,,,-0.7,,,,,,,,,
1359,Local,1742,Marseille,,Pour le Levant,Exports,sucre rafiné,,,158250,,316500,livres,0.5,sources/Local/Archives_de_la_CCI_de_Marseille_I_22_Marseille_Exports_1764.csv,Archives de la CCI de Marseille - I 22,35,,,,,Teklia-Jules Oudot,,,0,,,,,,,,,
1360,Local,1742,Marseille,,Pour le Levant,Exports,sucre blanc,,,939596,,1677850,livres,0.56,sources/Local/Archives_de_la_CCI_de_Marseille_I_22_Marseille_Exports_1764.csv,Archives de la CCI de Marseille - I 22,35,,,,,Teklia-Jules Oudot,,,0,,,,,,,,,
1361,Local,1742,Marseille,,Pour le Levant,Exports,sucre brun,,,10536,,43900,livres,0.24,sources/Local/Archives_de_la_CCI_de_Marseille_I_22_Marseille_Exports_1764.csv,Archives de la CCI de Marseille - I 22,35,,,,,Teklia-Jules Oudot,,,0,,,,,,,,,
1362,Local,1742,Marseille,,Pour le Levant,Exports,sirop de capitllaire,,,12425,,12425,livres,1,sources/Local/Archives_de_la_CCI_de_Marseille_I_22_Marseille_Exports_1764.csv,Archives de la CCI de Marseille - I 22,35,,,,,Teklia-Jules Oudot,,,0,,,,,,,,,
1363,Local,1742,Marseille,,Pour le Levant,Exports,sel,,,23800,,1400,minos,17,sources/Local/Archives_de_la_CCI_de_Marseille_I_22_Marseille_Exports_1764.csv,Archives de la CCI de Marseille - I 22,35,,,,,Teklia-Jules Oudot,,,0,,,,,,,,,
1364,Local,1742,Marseille,,Pour le Levant,Exports,sel armoniac,,,710,,1015,livres,0.7,sources/Local/Archives_de_la_CCI_de_Marseille_I_22_Marseille_Exports_1764.csv,Archives de la CCI de Marseille - I 22,35,,,,,Teklia-Jules Oudot,,,-0.5,,,,,,,,,
1365,Local,1742,Marseille,,Pour le Levant,Exports,sirop melasse,,,2390,,29875,livres,0.08,sources/Local/Archives_de_la_CCI_de_Marseille_I_22_Marseille_Exports_1764.csv,Archives de la CCI de Marseille - I 22,35,,,,,Teklia-Jules Oudot,,,0,,,,,,,,,
1366,Local,1742,Marseille,,Pour le Levant,Exports,saffranum,,,668,,1028,livres,0.65,sources/Local/Archives_de_la_CCI_de_Marseille_I_22_Marseille_Exports_1764.csv,Archives de la CCI de Marseille - I 22,35,,,,,Teklia-Jules Oudot,,,-0.2,,,,,,,,,
1367,Local,1742,Marseille,,Pour le Levant,Exports,scamonée,,,4270,,610,livres,7,sources/Local/Archives_de_la_CCI_de_Marseille_I_22_Marseille_Exports_1764.csv,Archives de la CCI de Marseille - I 22,35,,,,,Teklia-Jules Oudot,,,0,,,,,,,,,
1368,Local,1742,Marseille,,Pour le Levant,Exports,savon blanc,,,5796,,24150,livres,0.24,sources/Local/Archives_de_la_CCI_de_Marseille_I_22_Marseille_Exports_1764.csv,Archives de la CCI de Marseille - I 22,35,,,,,Teklia-Jules Oudot,,,0,,,,,,,,,
1369,Local,1742,Marseille,,Pour le Levant,Exports,savon mol,,,733,,3666,livres,0.2,sources/Local/Archives_de_la_CCI_de_Marseille_I_22_Marseille_Exports_1764.csv,Archives de la CCI de Marseille - I 22,35,,,,,Teklia-Jules Oudot,,,-0.2,,,,,,,,,
1370,Local,1742,Marseille,,Pour le Levant,Exports,souffre,,,10434,,86950,livres,0.12,sources/Local/Archives_de_la_CCI_de_Marseille_I_22_Marseille_Exports_1764.csv,Archives de la CCI de Marseille - I 22,35,,,,,Teklia-Jules Oudot,,,0,,,,,,,,,
1371,Local,1742,Marseille,,Pour le Levant,Exports,salsepareille,,,1114,,557,livres,2,sources/Local/Archives_de_la_CCI_de_Marseille_I_22_Marseille_Exports_1764.csv,Archives de la CCI de Marseille - I 22,35,,,,,Teklia-Jules Oudot,,,0,,,,,,,,,
1372,Local,1742,Marseille,,Pour le Levant,Exports,souliers,,,350,,100,pains,3.5,sources/Local/Archives_de_la_CCI_de_Marseille_I_22_Marseille_Exports_1764.csv,Archives de la CCI de Marseille - I 22,35,,,,,Teklia-Jules Oudot,,,0,,,,,,,,,
1373,Local,1742,Marseille,,Pour le Levant,Exports,soude,,,166,,1850,livres,0.09,sources/Local/Archives_de_la_CCI_de_Marseille_I_22_Marseille_Exports_1764.csv,Archives de la CCI de Marseille - I 22,35,,,,,Teklia-Jules Oudot,,,-0.5,,,,,,,,,
1374,Local,1742,Marseille,,Pour le Levant,Exports,soye apretée,,,166140,,8307,livres,20,sources/Local/Archives_de_la_CCI_de_Marseille_I_22_Marseille_Exports_1764.csv,Archives de la CCI de Marseille - I 22,35,,,,,Teklia-Jules Oudot,,,0,,,,,,,,,
1375,Local,1742,Marseille,,Pour le Levant,Exports,truffes seches,,,1600,,400,livres,4,sources/Local/Archives_de_la_CCI_de_Marseille_I_22_Marseille_Exports_1764.csv,Archives de la CCI de Marseille - I 22,35,,,,,Teklia-Jules Oudot,,,0,,,,,,,,,
1376,Local,1742,Marseille,,Pour le Levant,Exports,tabac a fumer,,,60,,300,livres,0.2,sources/Local/Archives_de_la_CCI_de_Marseille_I_22_Marseille_Exports_1764.csv,Archives de la CCI de Marseille - I 22,35,,,,,Teklia-Jules Oudot,,,0,,,,,,,,,
1377,Local,1742,Marseille,,Pour le Levant,Exports,tartre,,,13176,,54900,livres,0.24,sources/Local/Archives_de_la_CCI_de_Marseille_I_22_Marseille_Exports_1764.csv,Archives de la CCI de Marseille - I 22,35,,,,,Teklia-Jules Oudot,,,0,,,,,,,,,
1378,Local,1742,Marseille,,Pour le Levant,Exports,tableaux communs,,,5000,,,,5000,sources/Local/Archives_de_la_CCI_de_Marseille_I_22_Marseille_Exports_1764.csv,Archives de la CCI de Marseille - I 22,35,,,,,Teklia-Jules Oudot,,,5000,,,,,,,,,
1379,Local,1742,Marseille,,Pour le Levant,Exports,tapis ,,,220,,11,douzaines,20,sources/Local/Archives_de_la_CCI_de_Marseille_I_22_Marseille_Exports_1764.csv,Archives de la CCI de Marseille - I 22,35,,,,,Teklia-Jules Oudot,,,0,,,,,,,,,
1380,Local,1742,Marseille,,Pour le Levant,Exports,toille blanche,,,43040,,10760,livres,4,sources/Local/Archives_de_la_CCI_de_Marseille_I_22_Marseille_Exports_1764.csv,Archives de la CCI de Marseille - I 22,35,,,,,Teklia-Jules Oudot,,,0,,,,,,,,,
1381,Local,1742,Marseille,,Pour le Levant,Exports,toille crüe,,,690,,230,livres,3,sources/Local/Archives_de_la_CCI_de_Marseille_I_22_Marseille_Exports_1764.csv,Archives de la CCI de Marseille - I 22,35,,,,,Teklia-Jules Oudot,,,0,,,,,,,,,
1382,Local,1742,Marseille,,Pour le Levant,Exports,toille d’alemagne,,,6570,,1095,livres,6,sources/Local/Archives_de_la_CCI_de_Marseille_I_22_Marseille_Exports_1764.csv,Archives de la CCI de Marseille - I 22,35,,,,,Teklia-Jules Oudot,,,0,,,,,,,,,
1383,Local,1742,Marseille,,Pour le Levant,Exports,toille cordas,,,150,,600,livres,0.25,sources/Local/Archives_de_la_CCI_de_Marseille_I_22_Marseille_Exports_1764.csv,Archives de la CCI de Marseille - I 22,35,,,,,Teklia-Jules Oudot,,,0,,,,,,,,,
1384,Local,1742,Marseille,,Pour le Levant,Exports,toille d’embalage,,,400,,20,pièces,20,sources/Local/Archives_de_la_CCI_de_Marseille_I_22_Marseille_Exports_1764.csv,Archives de la CCI de Marseille - I 22,35,,,,,Teklia-Jules Oudot,,,0,,,,,,,,,
1385,Local,1742,Marseille,,Pour le Levant,Exports,toille d’embalage,,,2100,,2100,livres,1,sources/Local/Archives_de_la_CCI_de_Marseille_I_22_Marseille_Exports_1764.csv,Archives de la CCI de Marseille - I 22,35,,,,,Teklia-Jules Oudot,,,0,,,,,,,,,
1386,Local,1742,Marseille,,Pour le Levant,Exports,toutenague,,,2000,,10000,livres,0.2,sources/Local/Archives_de_la_CCI_de_Marseille_I_22_Marseille_Exports_1764.csv,Archives de la CCI de Marseille - I 22,35,,,,,Teklia-Jules Oudot,,,0,,,,,,,,,
1387,Local,1742,Marseille,,Pour le Levant,Exports,terre de porcelaine,,,494,,16475,livres,0.3,sources/Local/Archives_de_la_CCI_de_Marseille_I_22_Marseille_Exports_1764.csv,Archives de la CCI de Marseille - I 22,35,,,,,Teklia-Jules Oudot,,,-4448.5,,,,,,,,,
1388,Local,1742,Marseille,,Pour le Levant,Exports,terraille blanche,,,513,,6850,livres,75,sources/Local/Archives_de_la_CCI_de_Marseille_I_22_Marseille_Exports_1764.csv,Archives de la CCI de Marseille - I 22,35,,,,,Teklia-Jules Oudot,,,-0.75,,,,,,,,,
1389,Local,1742,Marseille,,Pour le Levant,Exports,tuilles,,,600,,6000,pièces,0.1,sources/Local/Archives_de_la_CCI_de_Marseille_I_22_Marseille_Exports_1764.csv,Archives de la CCI de Marseille - I 22,36,,,,,Teklia-Jules Oudot,,,0,,,,,,,,,
1390,Local,1742,Marseille,,Pour le Levant,Exports,vin muscas,,,315,,9,milliers,35,sources/Local/Archives_de_la_CCI_de_Marseille_I_22_Marseille_Exports_1764.csv,Archives de la CCI de Marseille - I 22,36,,,,,Teklia-Jules Oudot,,,0,,,,,,,,,
1391,Local,1742,Marseille,,Pour le Levant,Exports,vin de bourgogne,,,9800,,98,milliers,100,sources/Local/Archives_de_la_CCI_de_Marseille_I_22_Marseille_Exports_1764.csv,Archives de la CCI de Marseille - I 22,36,,,,,Teklia-Jules Oudot,,,0,,,,,,,,,
1392,Local,1742,Marseille,,Pour le Levant,Exports,vin de champagne,,,4350,,29,milliers,150,sources/Local/Archives_de_la_CCI_de_Marseille_I_22_Marseille_Exports_1764.csv,Archives de la CCI de Marseille - I 22,36,,,,,Teklia-Jules Oudot,,,0,,,,,,,,,
1393,Local,1742,Marseille,,Pour le Levant,Exports,vin de coterotie,,,75,,5,milliers,15,sources/Local/Archives_de_la_CCI_de_Marseille_I_22_Marseille_Exports_1764.csv,Archives de la CCI de Marseille - I 22,36,,,,,Teklia-Jules Oudot,,,0,,,,,,,,,
1394,Local,1742,Marseille,,Pour le Levant,Exports,vin rouge,,,16653,,2379,milliers,7,sources/Local/Archives_de_la_CCI_de_Marseille_I_22_Marseille_Exports_1764.csv,Archives de la CCI de Marseille - I 22,36,,,,,Teklia-Jules Oudot,,,0,,,,,,,,,
1395,Local,1742,Marseille,,Pour le Levant,Exports,vermichel,,,120,,600,livres,0.2,sources/Local/Archives_de_la_CCI_de_Marseille_I_22_Marseille_Exports_1764.csv,Archives de la CCI de Marseille - I 22,36,,,,,Teklia-Jules Oudot,,,0,,,,,,,,,
1396,Local,1742,Marseille,,Pour le Levant,Exports,merillon,,,12310,,4924,livres,0.25,sources/Local/Archives_de_la_CCI_de_Marseille_I_22_Marseille_Exports_1764.csv,Archives de la CCI de Marseille - I 22,36,,,,,Teklia-Jules Oudot,,,11079,,,,,,,,,
1397,Local,1742,Marseille,,Pour le Levant,Exports,verdet,,,29743,,37179,livres,0.8,sources/Local/Archives_de_la_CCI_de_Marseille_I_22_Marseille_Exports_1764.csv,Archives de la CCI de Marseille - I 22,36,,,,,Teklia-Jules Oudot,,,-0.2,,,,,,,,,
1398,Local,1742,Marseille,,Pour le Levant,Exports,velours,,,1680,,6,pièces,280,sources/Local/Archives_de_la_CCI_de_Marseille_I_22_Marseille_Exports_1764.csv,Archives de la CCI de Marseille - I 22,36,,,,,Teklia-Jules Oudot,,,0,,,,,,,,,
1399,Local,1742,Marseille,,Pour le Levant,Exports,vaisselle d’argens,,,1596,,28,marcs,57,sources/Local/Archives_de_la_CCI_de_Marseille_I_22_Marseille_Exports_1764.csv,Archives de la CCI de Marseille - I 22,36,,,,,Teklia-Jules Oudot,,,0,,,,,,,,,
1400,Local,1742,Marseille,,Pour le Levant,Exports,verres de cristal,,,2300,,1150,livres,2,sources/Local/Archives_de_la_CCI_de_Marseille_I_22_Marseille_Exports_1764.csv,Archives de la CCI de Marseille - I 22,36,,,,,Teklia-Jules Oudot,,,0,,,,,,,,,
1401,Local,1742,Marseille,,Pour le Levant,Exports,verres communs a boire,,,9510,,9510,livres,1,sources/Local/Archives_de_la_CCI_de_Marseille_I_22_Marseille_Exports_1764.csv,Archives de la CCI de Marseille - I 22,36,,,,,Teklia-Jules Oudot,,,0,,,,,,,,,
1402,Local,1742,Marseille,,Pour les isles françoises de L'amerique,Exports,anchois,,,6214,,12429,livres,0.5,sources/Local/Archives_de_la_CCI_de_Marseille_I_22_Marseille_Exports_1764.csv,Archives de la CCI de Marseille - I 22,36,,,,,Teklia-Jules Oudot,,,-0.5,,,,,,,,,
1403,Local,1742,Marseille,,Pour les isles françoises de L'amerique,Exports,amandes,,,27473,,137366,livres,0.4,sources/Local/Archives_de_la_CCI_de_Marseille_I_22_Marseille_Exports_1764.csv,Archives de la CCI de Marseille - I 22,36,,,,,Teklia-Jules Oudot,,,-27473.4,,,,,,,,,
1404,Local,1742,Marseille,,Pour les isles françoises de L'amerique,Exports,anis,,,2070,,10350,livres,0.2,sources/Local/Archives_de_la_CCI_de_Marseille_I_22_Marseille_Exports_1764.csv,Archives de la CCI de Marseille - I 22,36,,,,,Teklia-Jules Oudot,,,0,,,,,,,,,
1405,Local,1742,Marseille,,Pour les isles françoises de L'amerique,Exports,amidon,,,1295,,6475,livres,0.2,sources/Local/Archives_de_la_CCI_de_Marseille_I_22_Marseille_Exports_1764.csv,Archives de la CCI de Marseille - I 22,36,,,,,Teklia-Jules Oudot,,,0,,,,,,,,,
1406,Local,1742,Marseille,,Pour les isles françoises de L'amerique,Exports,beuf salé,,,3468,,19271,livres,0.18,sources/Local/Archives_de_la_CCI_de_Marseille_I_22_Marseille_Exports_1764.csv,Archives de la CCI de Marseille - I 22,36,,,,,Teklia-Jules Oudot,,,-0.78,,,,,,,,,
1407,Local,1742,Marseille,,Pour les isles françoises de L'amerique,Exports,beurre salé,,,17533,,58444,livres,0.3,sources/Local/Archives_de_la_CCI_de_Marseille_I_22_Marseille_Exports_1764.csv,Archives de la CCI de Marseille - I 22,36,,,,,Teklia-Jules Oudot,,,-0.2,,,,,,,,,
1408,Local,1742,Marseille,,Pour les isles françoises de L'amerique,Exports,bougies en lieges,,,88416,,55260,livres,1.6,sources/Local/Archives_de_la_CCI_de_Marseille_I_22_Marseille_Exports_1764.csv,Archives de la CCI de Marseille - I 22,36,,,,,Teklia-Jules Oudot,,,0,,,,,,,,,
1409,Local,1742,Marseille,,Pour les isles françoises de L'amerique,Exports,bas de soye,,,7020,,65,douzaines de paires,108,sources/Local/Archives_de_la_CCI_de_Marseille_I_22_Marseille_Exports_1764.csv,Archives de la CCI de Marseille - I 22,36,,,,,Teklia-Jules Oudot,,,0,,,,,,,,,
1410,Local,1742,Marseille,,Pour les isles françoises de L'amerique,Exports,bas de laine,,,480,,20,douzaines de paires,24,sources/Local/Archives_de_la_CCI_de_Marseille_I_22_Marseille_Exports_1764.csv,Archives de la CCI de Marseille - I 22,36,,,,,Teklia-Jules Oudot,,,0,,,,,,,,,
1411,Local,1742,Marseille,,Pour les isles françoises de L'amerique,Exports,bas de fil et cotton,,,37458,,2081,douzaines,18,sources/Local/Archives_de_la_CCI_de_Marseille_I_22_Marseille_Exports_1764.csv,Archives de la CCI de Marseille - I 22,36,,,,,Teklia-Jules Oudot,,,0,,,,,,,,,
1412,Local,1742,Marseille,,Pour les isles françoises de L'amerique,Exports,babouches,,,90,,36,paires,2.5,sources/Local/Archives_de_la_CCI_de_Marseille_I_22_Marseille_Exports_1764.csv,Archives de la CCI de Marseille - I 22,36,,,,,Teklia-Jules Oudot,,,0,,,,,,,,,
1413,Local,1742,Marseille,,Pour les isles françoises de L'amerique,Exports,briqués,,,17912,,895600,livres,0.02,sources/Local/Archives_de_la_CCI_de_Marseille_I_22_Marseille_Exports_1764.csv,Archives de la CCI de Marseille - I 22,36,,,,,Teklia-Jules Oudot,,,0,,,,,,,,,
1414,Local,1742,Marseille,,Pour les isles françoises de L'amerique,Exports,chair salée,,,12726,,70700,livres,0.18,sources/Local/Archives_de_la_CCI_de_Marseille_I_22_Marseille_Exports_1764.csv,Archives de la CCI de Marseille - I 22,36,,,,,Teklia-Jules Oudot,,,0,,,,,,,,,
1415,Local,1742,Marseille,,Pour les isles françoises de L'amerique,Exports,capres,,,1340,,2340,pots,1,sources/Local/Archives_de_la_CCI_de_Marseille_I_22_Marseille_Exports_1764.csv,Archives de la CCI de Marseille - I 22,36,,,,,Teklia-Jules Oudot,,,-1000,,,,,,,,,
1416,Local,1742,Marseille,,Pour les isles françoises de L'amerique,Exports,champignons,,,2000,,800,livres,2.5,sources/Local/Archives_de_la_CCI_de_Marseille_I_22_Marseille_Exports_1764.csv,Archives de la CCI de Marseille - I 22,36,,,,,Teklia-Jules Oudot,,,0,,,,,,,,,
1417,Local,1742,Marseille,,Pour les isles françoises de L'amerique,Exports,chandelles,,,98987,,219972,livres,0.45,sources/Local/Archives_de_la_CCI_de_Marseille_I_22_Marseille_Exports_1764.csv,Archives de la CCI de Marseille - I 22,36,,,,,Teklia-Jules Oudot,,,-0.4,,,,,,,,,
1418,Local,1742,Marseille,,Pour les isles françoises de L'amerique,Exports,capotes,,,440,,110,pièces,4,sources/Local/Archives_de_la_CCI_de_Marseille_I_22_Marseille_Exports_1764.csv,Archives de la CCI de Marseille - I 22,36,,,,,Teklia-Jules Oudot,,,0,,,,,,,,,
1419,Local,1742,Marseille,,Pour les isles françoises de L'amerique,Exports,convertures en laine,,,828,,69,pièces,12,sources/Local/Archives_de_la_CCI_de_Marseille_I_22_Marseille_Exports_1764.csv,Archives de la CCI de Marseille - I 22,36,,,,,Teklia-Jules Oudot,,,0,,,,,,,,,
1420,Local,1742,Marseille,,Pour les isles françoises de L'amerique,Exports,chemises fines,,,13560,,169,douzaines,80,sources/Local/Archives_de_la_CCI_de_Marseille_I_22_Marseille_Exports_1764.csv,Archives de la CCI de Marseille - I 22,36,,,,,Teklia-Jules Oudot,,,40,,,,,,,,,
1421,Local,1742,Marseille,,Pour les isles françoises de L'amerique,Exports,cuir de cheval,,,900,,1500,livres,0.6,sources/Local/Archives_de_la_CCI_de_Marseille_I_22_Marseille_Exports_1764.csv,Archives de la CCI de Marseille - I 22,36,,,,,Teklia-Jules Oudot,,,0,,,,,,,,,
1422,Local,1742,Marseille,,Pour les isles françoises de L'amerique,Exports,carte a joüer,,,1944,,108,grosses,18,sources/Local/Archives_de_la_CCI_de_Marseille_I_22_Marseille_Exports_1764.csv,Archives de la CCI de Marseille - I 22,36,,,,,Teklia-Jules Oudot,,,0,,,,,,,,,
1423,Local,1742,Marseille,,Pour les isles françoises de L'amerique,Exports,chapeaux castor,,,29536,,1846,pièces,16,sources/Local/Archives_de_la_CCI_de_Marseille_I_22_Marseille_Exports_1764.csv,Archives de la CCI de Marseille - I 22,36,,,,,Teklia-Jules Oudot,,,0,,,,,,,,,
1424,Local,1742,Marseille,,Pour les isles françoises de L'amerique,Exports,chapeaux de laine,,,19140,,478,douzaines,40,sources/Local/Archives_de_la_CCI_de_Marseille_I_22_Marseille_Exports_1764.csv,Archives de la CCI de Marseille - I 22,36,,,,,Teklia-Jules Oudot,,,20,,,,,,,,,
1425,Local,1742,Marseille,,Pour les isles françoises de L'amerique,Exports,chapeaux batard,,,158910,,7297,douzaines,30,sources/Local/Archives_de_la_CCI_de_Marseille_I_22_Marseille_Exports_1764.csv,Archives de la CCI de Marseille - I 22,36,,,,,Teklia-Jules Oudot,,,-60000,,,,,,,,,
1426,Local,1742,Marseille,,Pour les isles françoises de L'amerique,Exports,cuivre ouvré,,,19132,,11958,livres,1.6,sources/Local/Archives_de_la_CCI_de_Marseille_I_22_Marseille_Exports_1764.csv,Archives de la CCI de Marseille - I 22,36,,,,,Teklia-Jules Oudot,,,-0.8,,,,,,,,,
1427,Local,1742,Marseille,,Pour les isles françoises de L'amerique,Exports,cloux de fer,,,20833,,104165,livres,0.2,sources/Local/Archives_de_la_CCI_de_Marseille_I_22_Marseille_Exports_1764.csv,Archives de la CCI de Marseille - I 22,36,,,,,Teklia-Jules Oudot,,,0,,,,,,,,,
1428,Local,1742,Marseille,,Pour les isles françoises de L'amerique,Exports,chaises garnies,,,1500,,25,douzaines,60,sources/Local/Archives_de_la_CCI_de_Marseille_I_22_Marseille_Exports_1764.csv,Archives de la CCI de Marseille - I 22,37,,,,,Teklia-Jules Oudot,,,0,,,,,,,,,
1429,Local,1742,Marseille,,Pour les isles françoises de L'amerique,Exports,chaises de paille,,,1080,,60,douzaines,18,sources/Local/Archives_de_la_CCI_de_Marseille_I_22_Marseille_Exports_1764.csv,Archives de la CCI de Marseille - I 22,37,,,,,Teklia-Jules Oudot,,,0,,,,,,,,,
1430,Local,1742,Marseille,,Pour les isles françoises de L'amerique,Exports,cercle de bois,,,15592,,7796,faix,2,sources/Local/Archives_de_la_CCI_de_Marseille_I_22_Marseille_Exports_1764.csv,Archives de la CCI de Marseille - I 22,37,,,,,Teklia-Jules Oudot,,,0,,,,,,,,,
1431,Local,1742,Marseille,,Pour les isles françoises de L'amerique,Exports,drogueries meslées,,,12095,,12095,livres,1,sources/Local/Archives_de_la_CCI_de_Marseille_I_22_Marseille_Exports_1764.csv,Archives de la CCI de Marseille - I 22,37,,,,,Teklia-Jules Oudot,,,0,,,,,,,,,
1432,Local,1742,Marseille,,Pour les isles françoises de L'amerique,Exports,dantelle de Puy,,,14800,,740,livres,20,sources/Local/Archives_de_la_CCI_de_Marseille_I_22_Marseille_Exports_1764.csv,Archives de la CCI de Marseille - I 22,37,,,,,Teklia-Jules Oudot,,,0,,,,,,,,,
1433,Local,1742,Marseille,,Pour les isles françoises de L'amerique,Exports,drap de laine   ,,,231400,,1157,pièces,200,sources/Local/Archives_de_la_CCI_de_Marseille_I_22_Marseille_Exports_1764.csv,Archives de la CCI de Marseille - I 22,37,,,,,Teklia-Jules Oudot,,,0,,,,,,,,,
1434,Local,1742,Marseille,,Pour les isles françoises de L'amerique,Exports,damejaunes vides,,,4000,,2000,pièces,2,sources/Local/Archives_de_la_CCI_de_Marseille_I_22_Marseille_Exports_1764.csv,Archives de la CCI de Marseille - I 22,37,,,,,Teklia-Jules Oudot,,,0,,,,,,,,,
1435,Local,1742,Marseille,,Pour les isles françoises de L'amerique,Exports,Eau de vie,,,116273,,581366,livres,0.2,sources/Local/Archives_de_la_CCI_de_Marseille_I_22_Marseille_Exports_1764.csv,Archives de la CCI de Marseille - I 22,37,,,,,Teklia-Jules Oudot,,,-0.2,,,,,,,,,
1436,Local,1742,Marseille,,Pour les isles françoises de L'amerique,Exports,etoffes de soye et argens,,,199200,,2490,livres,80,sources/Local/Archives_de_la_CCI_de_Marseille_I_22_Marseille_Exports_1764.csv,Archives de la CCI de Marseille - I 22,37,,,,,Teklia-Jules Oudot,,,0,,,,,,,,,
1437,Local,1742,Marseille,,Pour les isles françoises de L'amerique,Exports,etoffes de soye,,,8400,1,56,pièces,150,sources/Local/Archives_de_la_CCI_de_Marseille_I_22_Marseille_Exports_1764.csv,Archives de la CCI de Marseille - I 22,f},,,,,Teklia-Jules Oudot,,,0,,,,,,,,,
1438,Local,1742,Marseille,,Pour les isles françoises de L'amerique,Exports,,,,842680,2,21067,livres,40,sources/Local/Archives_de_la_CCI_de_Marseille_I_22_Marseille_Exports_1764.csv,Archives de la CCI de Marseille - I 22,37,,,,,Teklia-Jules Oudot,,,0,,,,,,,,,
1439,Local,1742,Marseille,,Pour les isles françoises de L'amerique,Exports,farine,,,55815,,558150,livres,0.1,sources/Local/Archives_de_la_CCI_de_Marseille_I_22_Marseille_Exports_1764.csv,Archives de la CCI de Marseille - I 22,37,,,,,Teklia-Jules Oudot,,,0,,,,,,,,,
1440,Local,1742,Marseille,,Pour les isles françoises de L'amerique,Exports,fromage,,,71795,,239318,livres,0.3,sources/Local/Archives_de_la_CCI_de_Marseille_I_22_Marseille_Exports_1764.csv,Archives de la CCI de Marseille - I 22,37,,,,,Teklia-Jules Oudot,,,-0.4,,,,,,,,,
1441,Local,1742,Marseille,,Pour les isles françoises de L'amerique,Exports,Fusils boucaniers,,,1200,,40,pièces,30,sources/Local/Archives_de_la_CCI_de_Marseille_I_22_Marseille_Exports_1764.csv,Archives de la CCI de Marseille - I 22,37,,,,,Teklia-Jules Oudot,,,0,,,,,,,,,
1442,Local,1742,Marseille,,Pour les isles françoises de L'amerique,Exports,Fusils,,,450,,30,pièces,15,sources/Local/Archives_de_la_CCI_de_Marseille_I_22_Marseille_Exports_1764.csv,Archives de la CCI de Marseille - I 22,37,,,,,Teklia-Jules Oudot,,,0,,,,,,,,,
1443,Local,1742,Marseille,,Pour les isles françoises de L'amerique,Exports,Fers ouvrés,,,400,,2000,livres,0.2,sources/Local/Archives_de_la_CCI_de_Marseille_I_22_Marseille_Exports_1764.csv,Archives de la CCI de Marseille - I 22,37,,,,,Teklia-Jules Oudot,,,0,,,,,,,,,
1444,Local,1742,Marseille,,Pour les isles françoises de L'amerique,Exports,Fer en barres,,,324,,1800,livres,0.18,sources/Local/Archives_de_la_CCI_de_Marseille_I_22_Marseille_Exports_1764.csv,Archives de la CCI de Marseille - I 22,37,,,,,Teklia-Jules Oudot,,,0,,,,,,,,,
1445,Local,1742,Marseille,,Pour les isles françoises de L'amerique,Exports,fayence,,,68500,,685,services,100,sources/Local/Archives_de_la_CCI_de_Marseille_I_22_Marseille_Exports_1764.csv,Archives de la CCI de Marseille - I 22,37,,,,,Teklia-Jules Oudot,,,0,,,,,,,,,
1446,Local,1742,Marseille,,Pour les isles françoises de L'amerique,Exports,forme de terres de sucre,,,1362,,5451,livres,0.25,sources/Local/Archives_de_la_CCI_de_Marseille_I_22_Marseille_Exports_1764.csv,Archives de la CCI de Marseille - I 22,37,,,,,Teklia-Jules Oudot,,,-0.75,,,,,,,,,
1447,Local,1742,Marseille,,Pour les isles françoises de L'amerique,Exports,gans de peau,,,6765,,902,douzaines de pairs,7.5,sources/Local/Archives_de_la_CCI_de_Marseille_I_22_Marseille_Exports_1764.csv,Archives de la CCI de Marseille - I 22,37,,,,,Teklia-Jules Oudot,,,0,,,,,,,,,
1448,Local,1742,Marseille,,Pour les isles françoises de L'amerique,Exports,huile d’olive,,,138446,,346117,livres,0.4,sources/Local/Archives_de_la_CCI_de_Marseille_I_22_Marseille_Exports_1764.csv,Archives de la CCI de Marseille - I 22,37,,,,,Teklia-Jules Oudot,,,-0.8,,,,,,,,,
1449,Local,1742,Marseille,,Pour les isles françoises de L'amerique,Exports,Huile de poisson,,,170,,850,livres,0.2,sources/Local/Archives_de_la_CCI_de_Marseille_I_22_Marseille_Exports_1764.csv,Archives de la CCI de Marseille - I 22,37,,,,,Teklia-Jules Oudot,,,0,,,,,,,,,
1450,Local,1742,Marseille,,Pour les isles françoises de L'amerique,Exports,Huile de lin,,,187,,750,livres,0.25,sources/Local/Archives_de_la_CCI_de_Marseille_I_22_Marseille_Exports_1764.csv,Archives de la CCI de Marseille - I 22,37,,,,,Teklia-Jules Oudot,,,-0.5,,,,,,,,,
1451,Local,1742,Marseille,,Pour les isles françoises de L'amerique,Exports,jarres de terre  ,,,876,,438,pièces,2,sources/Local/Archives_de_la_CCI_de_Marseille_I_22_Marseille_Exports_1764.csv,Archives de la CCI de Marseille - I 22,37,,,,,Teklia-Jules Oudot,,,0,,,,,,,,,
1452,Local,1742,Marseille,,Pour les isles françoises de L'amerique,Exports,Lard,,,7211,,24039,livres,0.3,sources/Local/Archives_de_la_CCI_de_Marseille_I_22_Marseille_Exports_1764.csv,Archives de la CCI de Marseille - I 22,37,,,,,Teklia-Jules Oudot,,,-0.7,,,,,,,,,
1453,Local,1742,Marseille,,Pour les isles françoises de L'amerique,Exports,Legumes,,,1252,,25050,livres,0.05,sources/Local/Archives_de_la_CCI_de_Marseille_I_22_Marseille_Exports_1764.csv,Archives de la CCI de Marseille - I 22,37,,,,,Teklia-Jules Oudot,,,-0.5,,,,,,,,,
1454,Local,1742,Marseille,,Pour les isles françoises de L'amerique,Exports,liqueurs,,,33798,,5633,canavettes,6,sources/Local/Archives_de_la_CCI_de_Marseille_I_22_Marseille_Exports_1764.csv,Archives de la CCI de Marseille - I 22,37,,,,,Teklia-Jules Oudot,,,0,,,,,,,,,
1455,Local,1742,Marseille,,Pour les isles françoises de L'amerique,Exports,morüe seche,,,60871,,405812,livres,0.15,sources/Local/Archives_de_la_CCI_de_Marseille_I_22_Marseille_Exports_1764.csv,Archives de la CCI de Marseille - I 22,37,,,,,Teklia-Jules Oudot,,,-0.8,,,,,,,,,
1456,Local,1742,Marseille,,Pour les isles françoises de L'amerique,Exports,mercerie fine,,,19624,,4361,livres,4.5,sources/Local/Archives_de_la_CCI_de_Marseille_I_22_Marseille_Exports_1764.csv,Archives de la CCI de Marseille - I 22,37,,,,,Teklia-Jules Oudot,,,-0.5,,,,,,,,,
1457,Local,1742,Marseille,,Pour les isles françoises de L'amerique,Exports,mercerie en quincaille,,,52426,,26213,livres,0.2,sources/Local/Archives_de_la_CCI_de_Marseille_I_22_Marseille_Exports_1764.csv,Archives de la CCI de Marseille - I 22,37,,,,,Teklia-Jules Oudot,,,47183.4,,,,,,,,,
1458,Local,1742,Marseille,,Pour les isles françoises de L'amerique,Exports,noisette,,,650,,6500,livres,0.1,sources/Local/Archives_de_la_CCI_de_Marseille_I_22_Marseille_Exports_1764.csv,Archives de la CCI de Marseille - I 22,37,,,,,Teklia-Jules Oudot,,,0,,,,,,,,,
1459,Local,1742,Marseille,,Pour les isles françoises de L'amerique,Exports,olives,,,670,,1340,pots,0.5,sources/Local/Archives_de_la_CCI_de_Marseille_I_22_Marseille_Exports_1764.csv,Archives de la CCI de Marseille - I 22,37,,,,,Teklia-Jules Oudot,,,0,,,,,,,,,
1460,Local,1742,Marseille,,Pour les isles françoises de L'amerique,Exports,osier  ,,,18124,,9062,faix,2,sources/Local/Archives_de_la_CCI_de_Marseille_I_22_Marseille_Exports_1764.csv,Archives de la CCI de Marseille - I 22,37,,,,,Teklia-Jules Oudot,,,0,,,,,,,,,
1461,Local,1742,Marseille,,Pour les isles françoises de L'amerique,Exports,prunes noires,,,160,,800,livres,0.2,sources/Local/Archives_de_la_CCI_de_Marseille_I_22_Marseille_Exports_1764.csv,Archives de la CCI de Marseille - I 22,37,,,,,Teklia-Jules Oudot,,,0,,,,,,,,,
1462,Local,1742,Marseille,,Pour les isles françoises de L'amerique,Exports,papier,,,1230,,12300,livres,0.1,sources/Local/Archives_de_la_CCI_de_Marseille_I_22_Marseille_Exports_1764.csv,Archives de la CCI de Marseille - I 22,37,,,,,Teklia-Jules Oudot,,,0,,,,,,,,,
1463,Local,1742,Marseille,,Pour les isles françoises de L'amerique,Exports,,,,33174,,552,rames,6,sources/Local/Archives_de_la_CCI_de_Marseille_I_22_Marseille_Exports_1764.csv,Archives de la CCI de Marseille - I 22,37,,,,,Teklia-Jules Oudot,,,29862,,,,,,,,,
1464,Local,1742,Marseille,,Pour les isles françoises de L'amerique,Exports,plomb en grenaille,,,17344,,69379,livres,0.25,sources/Local/Archives_de_la_CCI_de_Marseille_I_22_Marseille_Exports_1764.csv,Archives de la CCI de Marseille - I 22,37,,,,,Teklia-Jules Oudot,,,-0.75,,,,,,,,,
1465,Local,1742,Marseille,,Pour les isles françoises de L'amerique,Exports,phactons,,,2100,,7,pièces,300,sources/Local/Archives_de_la_CCI_de_Marseille_I_22_Marseille_Exports_1764.csv,Archives de la CCI de Marseille - I 22,37,,,,,Teklia-Jules Oudot,,,0,,,,,,,,,
1466,Local,1742,Marseille,,Pour les isles françoises de L'amerique,Exports,raisins secs,,,15951,,79757,livres,0.2,sources/Local/Archives_de_la_CCI_de_Marseille_I_22_Marseille_Exports_1764.csv,Archives de la CCI de Marseille - I 22,37,,,,,Teklia-Jules Oudot,,,-0.4,,,,,,,,,
1467,Local,1742,Marseille,,Pour les isles françoises de L'amerique,Exports,Ris,,,4374,,36450,livres,0.12,sources/Local/Archives_de_la_CCI_de_Marseille_I_22_Marseille_Exports_1764.csv,Archives de la CCI de Marseille - I 22,37,,,,,Teklia-Jules Oudot,,,0,,,,,,,,,
1468,Local,1742,Marseille,,Pour les isles françoises de L'amerique,Exports,saussissons,,,48537,,48537,livres,1,sources/Local/Archives_de_la_CCI_de_Marseille_I_22_Marseille_Exports_1764.csv,Archives de la CCI de Marseille - I 22,38,,,,,Teklia-Jules Oudot,,,0,,,,,,,,,
1469,Local,1742,Marseille,,Pour les isles françoises de L'amerique,Exports,savon,,,160770,,669875,livres,0.24,sources/Local/Archives_de_la_CCI_de_Marseille_I_22_Marseille_Exports_1764.csv,Archives de la CCI de Marseille - I 22,38,,,,,Teklia-Jules Oudot,,,0,,,,,,,,,
1470,Local,1742,Marseille,,Pour les isles françoises de L'amerique,Exports,souliers d’hommes,,,59108,,16888,paires,3.5,sources/Local/Archives_de_la_CCI_de_Marseille_I_22_Marseille_Exports_1764.csv,Archives de la CCI de Marseille - I 22,38,,,,,Teklia-Jules Oudot,,,0,,,,,,,,,
1471,Local,1742,Marseille,,Pour les isles françoises de L'amerique,Exports,Souliers de femme,,,1500,,250,paires,6,sources/Local/Archives_de_la_CCI_de_Marseille_I_22_Marseille_Exports_1764.csv,Archives de la CCI de Marseille - I 22,38,,,,,Teklia-Jules Oudot,,,0,,,,,,,,,
1472,Local,1742,Marseille,,Pour les isles françoises de L'amerique,Exports,Toille blanche,,,172000,,1720,pièces,100,sources/Local/Archives_de_la_CCI_de_Marseille_I_22_Marseille_Exports_1764.csv,Archives de la CCI de Marseille - I 22,38,,,,,Teklia-Jules Oudot,,,0,,,,,,,,,
1473,Local,1742,Marseille,,Pour les isles françoises de L'amerique,Exports,toille crüe,,,16600,,415,pieces,40,sources/Local/Archives_de_la_CCI_de_Marseille_I_22_Marseille_Exports_1764.csv,Archives de la CCI de Marseille - I 22,38,,,,,Teklia-Jules Oudot,,,0,,,,,,,,,
1474,Local,1742,Marseille,,Pour les isles françoises de L'amerique,Exports,vin rouge,,,357070,,51010,milles,7,sources/Local/Archives_de_la_CCI_de_Marseille_I_22_Marseille_Exports_1764.csv,Archives de la CCI de Marseille - I 22,38,,,,,Teklia-Jules Oudot,,,0,,,,,,,,,
1475,Local,1742,Marseille,,Pour les isles françoises de L'amerique,Exports,velours,,,560,,2,pièces,280,sources/Local/Archives_de_la_CCI_de_Marseille_I_22_Marseille_Exports_1764.csv,Archives de la CCI de Marseille - I 22,38,,,,,Teklia-Jules Oudot,,,0,,,,,,,,,
1476,Local,1742,Marseille,,Pour les isles françoises de L'amerique,Exports,vaisselle d’argen,,,35226,,618,marcs,57,sources/Local/Archives_de_la_CCI_de_Marseille_I_22_Marseille_Exports_1764.csv,Archives de la CCI de Marseille - I 22,38,,,,,Teklia-Jules Oudot,,,0,,,,,,,,,
1477,Local,1742,Marseille,,Pour les isles françoises de L'amerique,Exports,verres communs a boire,,,2000,,2000,livres,1,sources/Local/Archives_de_la_CCI_de_Marseille_I_22_Marseille_Exports_1764.csv,Archives de la CCI de Marseille - I 22,38,,,,,Teklia-Jules Oudot,,,0,,,,,,,,,
